{
  "type": "FeatureCollection",
  "name": "captures",
  "crs": {
    "type": "name",
    "properties": {
      "name": "urn:ogc:def:crs:OGC:1.3:CRS84"
    }
  },
  "features": [
    {
      "type": "Feature",
      "properties": {
        "file": "leg01_m000_b085_2026-06-18T15-41-01.jpg",
        "leg": "leg01",
        "mark_index": 0,
        "along_track_m": 0.0,
        "achieved_heading": 83.85447328340081,
        "target_bearing": 85.29663298517983,
        "fix_type": 6,
        "hacc_m": 0.014,
        "corrupt": false,
        "position_interpolated": true,
        "captured_at_utc": "2026-06-18T21:41:01.505193+00:00"
      },
      "geometry": {
        "type": "Point",
        "coordinates": [
          -114.00679728913926,
          46.67492921086073
        ]
      }
    },
    {
      "type": "Feature",
      "properties": {
        "file": "leg01_m001_b085_2026-06-18T15-41-03.jpg",
        "leg": "leg01",
        "mark_index": 1,
        "along_track_m": 1.0,
        "achieved_heading": 84.36944774966435,
        "target_bearing": 85.29663298517983,
        "fix_type": 6,
        "hacc_m": 0.014,
        "corrupt": false,
        "position_interpolated": true,
        "captured_at_utc": "2026-06-18T21:41:03.700432+00:00"
      },
      "geometry": {
        "type": "Point",
        "coordinates": [
          -114.00677810610193,
          46.67493266173726
        ]
      }
    },
    {
      "type": "Feature",
      "properties": {
        "file": "leg01_m002_b085_2026-06-18T15-41-04.jpg",
        "leg": "leg01",
        "mark_index": 2,
        "along_track_m": 2.0,
        "achieved_heading": 93.13002973299422,
        "target_bearing": 85.29663298517983,
        "fix_type": 6,
        "hacc_m": 0.014,
        "corrupt": false,
        "position_interpolated": true,
        "captured_at_utc": "2026-06-18T21:41:04.745816+00:00"
      },
      "geometry": {
        "type": "Point",
        "coordinates": [
          -114.00676589999999,
          46.6749339
        ]
      }
    },
    {
      "type": "Feature",
      "properties": {
        "file": "leg01_m003_b085_2026-06-18T15-41-05.jpg",
        "leg": "leg01",
        "mark_index": 3,
        "along_track_m": 3.0,
        "achieved_heading": 94.93266954803477,
        "target_bearing": 85.29663298517983,
        "fix_type": 6,
        "hacc_m": 0.014,
        "corrupt": false,
        "position_interpolated": true,
        "captured_at_utc": "2026-06-18T21:41:05.865037+00:00"
      },
      "geometry": {
        "type": "Point",
        "coordinates": [
          -114.0067523748758,
          46.67493397019708
        ]
      }
    },
    {
      "type": "Feature",
      "properties": {
        "file": "leg01_m004_b085_2026-06-18T15-41-07.jpg",
        "leg": "leg01",
        "mark_index": 4,
        "along_track_m": 4.0,
        "achieved_heading": 92.71589583867365,
        "target_bearing": 85.29663298517983,
        "fix_type": 6,
        "hacc_m": 0.014,
        "corrupt": false,
        "position_interpolated": true,
        "captured_at_utc": "2026-06-18T21:41:06.987191+00:00"
      },
      "geometry": {
        "type": "Point",
        "coordinates": [
          -114.0067399,
          46.674934
        ]
      }
    },
    {
      "type": "Feature",
      "properties": {
        "file": "leg01_m005_b085_2026-06-18T15-41-08.jpg",
        "leg": "leg01",
        "mark_index": 5,
        "along_track_m": 5.0,
        "achieved_heading": 89.83908412842084,
        "target_bearing": 85.29663298517983,
        "fix_type": 6,
        "hacc_m": 0.014,
        "corrupt": false,
        "position_interpolated": true,
        "captured_at_utc": "2026-06-18T21:41:08.167381+00:00"
      },
      "geometry": {
        "type": "Point",
        "coordinates": [
          -114.0067253,
          46.6749346
        ]
      }
    },
    {
      "type": "Feature",
      "properties": {
        "file": "leg01_m006_b085_2026-06-18T15-41-09.jpg",
        "leg": "leg01",
        "mark_index": 6,
        "along_track_m": 6.0,
        "achieved_heading": 88.11274900461075,
        "target_bearing": 85.29663298517983,
        "fix_type": 6,
        "hacc_m": 0.014,
        "corrupt": false,
        "position_interpolated": true,
        "captured_at_utc": "2026-06-18T21:41:09.147763+00:00"
      },
      "geometry": {
        "type": "Point",
        "coordinates": [
          -114.0067131,
          46.6749356
        ]
      }
    },
    {
      "type": "Feature",
      "properties": {
        "file": "leg01_m007_b085_2026-06-18T15-41-10.jpg",
        "leg": "leg01",
        "mark_index": 7,
        "along_track_m": 7.0,
        "achieved_heading": 90.31456655620406,
        "target_bearing": 85.29663298517983,
        "fix_type": 6,
        "hacc_m": 0.014,
        "corrupt": false,
        "position_interpolated": true,
        "captured_at_utc": "2026-06-18T21:41:10.197078+00:00"
      },
      "geometry": {
        "type": "Point",
        "coordinates": [
          -114.00670061286937,
          46.6749365
        ]
      }
    },
    {
      "type": "Feature",
      "properties": {
        "file": "leg01_m008_b085_2026-06-18T15-41-11.jpg",
        "leg": "leg01",
        "mark_index": 8,
        "along_track_m": 8.0,
        "achieved_heading": 91.82670881779416,
        "target_bearing": 85.29663298517983,
        "fix_type": 6,
        "hacc_m": 0.014,
        "corrupt": false,
        "position_interpolated": true,
        "captured_at_utc": "2026-06-18T21:41:11.345847+00:00"
      },
      "geometry": {
        "type": "Point",
        "coordinates": [
          -114.00668689999999,
          46.6749369
        ]
      }
    },
    {
      "type": "Feature",
      "properties": {
        "file": "leg01_m009_b085_2026-06-18T15-41-12.jpg",
        "leg": "leg01",
        "mark_index": 9,
        "along_track_m": 9.0,
        "achieved_heading": 90.42790786182957,
        "target_bearing": 85.29663298517983,
        "fix_type": 6,
        "hacc_m": 0.014,
        "corrupt": false,
        "position_interpolated": true,
        "captured_at_utc": "2026-06-18T21:41:12.439849+00:00"
      },
      "geometry": {
        "type": "Point",
        "coordinates": [
          -114.00667369295647,
          46.674937199999995
        ]
      }
    },
    {
      "type": "Feature",
      "properties": {
        "file": "leg01_m010_b085_2026-06-18T15-41-13.jpg",
        "leg": "leg01",
        "mark_index": 10,
        "along_track_m": 10.0,
        "achieved_heading": 87.66726930281692,
        "target_bearing": 85.29663298517983,
        "fix_type": 6,
        "hacc_m": 0.014,
        "corrupt": false,
        "position_interpolated": true,
        "captured_at_utc": "2026-06-18T21:41:13.567777+00:00"
      },
      "geometry": {
        "type": "Point",
        "coordinates": [
          -114.00666079999999,
          46.674937899999996
        ]
      }
    },
    {
      "type": "Feature",
      "properties": {
        "file": "leg01_m011_b085_2026-06-18T15-41-14.jpg",
        "leg": "leg01",
        "mark_index": 11,
        "along_track_m": 11.0,
        "achieved_heading": 89.26364305363063,
        "target_bearing": 85.29663298517983,
        "fix_type": 6,
        "hacc_m": 0.014,
        "corrupt": false,
        "position_interpolated": true,
        "captured_at_utc": "2026-06-18T21:41:14.545634+00:00"
      },
      "geometry": {
        "type": "Point",
        "coordinates": [
          -114.0066485,
          46.6749387
        ]
      }
    },
    {
      "type": "Feature",
      "properties": {
        "file": "leg01_m012_b085_2026-06-18T15-41-15.jpg",
        "leg": "leg01",
        "mark_index": 12,
        "along_track_m": 12.0,
        "achieved_heading": 89.30790049689557,
        "target_bearing": 85.29663298517983,
        "fix_type": 6,
        "hacc_m": 0.014,
        "corrupt": false,
        "position_interpolated": true,
        "captured_at_utc": "2026-06-18T21:41:15.668503+00:00"
      },
      "geometry": {
        "type": "Point",
        "coordinates": [
          -114.00663449256596,
          46.67493937169407
        ]
      }
    },
    {
      "type": "Feature",
      "properties": {
        "file": "leg01_m013_b085_2026-06-18T15-41-16.jpg",
        "leg": "leg01",
        "mark_index": 13,
        "along_track_m": 13.0,
        "achieved_heading": 87.73097359344774,
        "target_bearing": 85.29663298517983,
        "fix_type": 6,
        "hacc_m": 0.014,
        "corrupt": false,
        "position_interpolated": true,
        "captured_at_utc": "2026-06-18T21:41:16.781250+00:00"
      },
      "geometry": {
        "type": "Point",
        "coordinates": [
          -114.0066222,
          46.674940299999996
        ]
      }
    },
    {
      "type": "Feature",
      "properties": {
        "file": "leg01_m014_b085_2026-06-18T15-41-17.jpg",
        "leg": "leg01",
        "mark_index": 14,
        "along_track_m": 14.0,
        "achieved_heading": 90.1866887095158,
        "target_bearing": 85.29663298517983,
        "fix_type": 6,
        "hacc_m": 0.014,
        "corrupt": false,
        "position_interpolated": true,
        "captured_at_utc": "2026-06-18T21:41:17.900725+00:00"
      },
      "geometry": {
        "type": "Point",
        "coordinates": [
          -114.00660769933528,
          46.674941283388726
        ]
      }
    },
    {
      "type": "Feature",
      "properties": {
        "file": "leg01_m015_b085_2026-06-18T15-41-19.jpg",
        "leg": "leg01",
        "mark_index": 15,
        "along_track_m": 15.0,
        "achieved_heading": 91.1558572490552,
        "target_bearing": 85.29663298517983,
        "fix_type": 6,
        "hacc_m": 0.014,
        "corrupt": false,
        "position_interpolated": true,
        "captured_at_utc": "2026-06-18T21:41:19.022065+00:00"
      },
      "geometry": {
        "type": "Point",
        "coordinates": [
          -114.0065954,
          46.6749418
        ]
      }
    },
    {
      "type": "Feature",
      "properties": {
        "file": "leg01_m016_b085_2026-06-18T15-41-20.jpg",
        "leg": "leg01",
        "mark_index": 16,
        "along_track_m": 16.0,
        "achieved_heading": 88.69046177786333,
        "target_bearing": 85.29663298517983,
        "fix_type": 6,
        "hacc_m": 0.014,
        "corrupt": false,
        "position_interpolated": true,
        "captured_at_utc": "2026-06-18T21:41:20.001375+00:00"
      },
      "geometry": {
        "type": "Point",
        "coordinates": [
          -114.00658329999999,
          46.6749423
        ]
      }
    },
    {
      "type": "Feature",
      "properties": {
        "file": "leg01_m017_b085_2026-06-18T15-41-21.jpg",
        "leg": "leg01",
        "mark_index": 17,
        "along_track_m": 17.0,
        "achieved_heading": 85.67136028103658,
        "target_bearing": 85.29663298517983,
        "fix_type": 6,
        "hacc_m": 0.014,
        "corrupt": false,
        "position_interpolated": true,
        "captured_at_utc": "2026-06-18T21:41:21.126876+00:00"
      },
      "geometry": {
        "type": "Point",
        "coordinates": [
          -114.00656861557816,
          46.67494329174441
        ]
      }
    },
    {
      "type": "Feature",
      "properties": {
        "file": "leg01_m018_b085_2026-06-18T15-41-22.jpg",
        "leg": "leg01",
        "mark_index": 18,
        "along_track_m": 18.0,
        "achieved_heading": 86.21099189498358,
        "target_bearing": 85.29663298517983,
        "fix_type": 6,
        "hacc_m": 0.014,
        "corrupt": false,
        "position_interpolated": true,
        "captured_at_utc": "2026-06-18T21:41:22.180882+00:00"
      },
      "geometry": {
        "type": "Point",
        "coordinates": [
          -114.0065563,
          46.6749442
        ]
      }
    },
    {
      "type": "Feature",
      "properties": {
        "file": "leg01_m019_b085_2026-06-18T15-41-23.jpg",
        "leg": "leg01",
        "mark_index": 19,
        "along_track_m": 19.0,
        "achieved_heading": 85.97356700572618,
        "target_bearing": 85.29663298517983,
        "fix_type": 6,
        "hacc_m": 0.014,
        "corrupt": false,
        "position_interpolated": true,
        "captured_at_utc": "2026-06-18T21:41:23.088300+00:00"
      },
      "geometry": {
        "type": "Point",
        "coordinates": [
          -114.00654460467162,
          46.674945153486796
        ]
      }
    },
    {
      "type": "Feature",
      "properties": {
        "file": "leg01_m020_b085_2026-06-18T15-41-24.jpg",
        "leg": "leg01",
        "mark_index": 20,
        "along_track_m": 20.0,
        "achieved_heading": 87.67053959417836,
        "target_bearing": 85.29663298517983,
        "fix_type": 6,
        "hacc_m": 0.014,
        "corrupt": false,
        "position_interpolated": true,
        "captured_at_utc": "2026-06-18T21:41:24.276807+00:00"
      },
      "geometry": {
        "type": "Point",
        "coordinates": [
          -114.00653002025192,
          46.67494597303252
        ]
      }
    },
    {
      "type": "Feature",
      "properties": {
        "file": "leg01_m021_b085_2026-06-18T15-41-25.jpg",
        "leg": "leg01",
        "mark_index": 21,
        "along_track_m": 21.0,
        "achieved_heading": 88.9412470017271,
        "target_bearing": 85.29663298517983,
        "fix_type": 6,
        "hacc_m": 0.014,
        "corrupt": false,
        "position_interpolated": true,
        "captured_at_utc": "2026-06-18T21:41:25.341466+00:00"
      },
      "geometry": {
        "type": "Point",
        "coordinates": [
          -114.0065171,
          46.6749466
        ]
      }
    },
    {
      "type": "Feature",
      "properties": {
        "file": "leg01_m022_b085_2026-06-18T15-41-26.jpg",
        "leg": "leg01",
        "mark_index": 22,
        "along_track_m": 22.0,
        "achieved_heading": 87.6772388479576,
        "target_bearing": 85.29663298517983,
        "fix_type": 6,
        "hacc_m": 0.014,
        "corrupt": false,
        "position_interpolated": true,
        "captured_at_utc": "2026-06-18T21:41:26.508464+00:00"
      },
      "geometry": {
        "type": "Point",
        "coordinates": [
          -114.00650355450097,
          46.67494707045825
        ]
      }
    },
    {
      "type": "Feature",
      "properties": {
        "file": "leg01_m023_b085_2026-06-18T15-41-27.jpg",
        "leg": "leg01",
        "mark_index": 23,
        "along_track_m": 23.0,
        "achieved_heading": 86.88324066833701,
        "target_bearing": 85.29663298517983,
        "fix_type": 6,
        "hacc_m": 0.014,
        "corrupt": false,
        "position_interpolated": true,
        "captured_at_utc": "2026-06-18T21:41:27.568876+00:00"
      },
      "geometry": {
        "type": "Point",
        "coordinates": [
          -114.00649159999999,
          46.6749478
        ]
      }
    },
    {
      "type": "Feature",
      "properties": {
        "file": "leg01_m024_b085_2026-06-18T15-41-28.jpg",
        "leg": "leg01",
        "mark_index": 24,
        "along_track_m": 24.0,
        "achieved_heading": 86.6836877745643,
        "target_bearing": 85.29663298517983,
        "fix_type": 6,
        "hacc_m": 0.014,
        "corrupt": false,
        "position_interpolated": true,
        "captured_at_utc": "2026-06-18T21:41:28.763711+00:00"
      },
      "geometry": {
        "type": "Point",
        "coordinates": [
          -114.00647749999999,
          46.6749489
        ]
      }
    },
    {
      "type": "Feature",
      "properties": {
        "file": "leg01_m025_b085_2026-06-18T15-41-29.jpg",
        "leg": "leg01",
        "mark_index": 25,
        "along_track_m": 25.0,
        "achieved_heading": 87.90456607490853,
        "target_bearing": 85.29663298517983,
        "fix_type": 6,
        "hacc_m": 0.014,
        "corrupt": false,
        "position_interpolated": true,
        "captured_at_utc": "2026-06-18T21:41:29.735703+00:00"
      },
      "geometry": {
        "type": "Point",
        "coordinates": [
          -114.0064654,
          46.6749496
        ]
      }
    },
    {
      "type": "Feature",
      "properties": {
        "file": "leg01_m026_b085_2026-06-18T15-41-30.jpg",
        "leg": "leg01",
        "mark_index": 26,
        "along_track_m": 26.0,
        "achieved_heading": 89.54793938625892,
        "target_bearing": 85.29663298517983,
        "fix_type": 6,
        "hacc_m": 0.014,
        "corrupt": false,
        "position_interpolated": true,
        "captured_at_utc": "2026-06-18T21:41:30.785303+00:00"
      },
      "geometry": {
        "type": "Point",
        "coordinates": [
          -114.00645247770466,
          46.6749500248712
        ]
      }
    },
    {
      "type": "Feature",
      "properties": {
        "file": "leg01_m027_b085_2026-06-18T15-41-31.jpg",
        "leg": "leg01",
        "mark_index": 27,
        "along_track_m": 27.0,
        "achieved_heading": 88.78576614119055,
        "target_bearing": 85.29663298517983,
        "fix_type": 6,
        "hacc_m": 0.014,
        "corrupt": false,
        "position_interpolated": true,
        "captured_at_utc": "2026-06-18T21:41:31.905345+00:00"
      },
      "geometry": {
        "type": "Point",
        "coordinates": [
          -114.00643846568175,
          46.674950490511364
        ]
      }
    },
    {
      "type": "Feature",
      "properties": {
        "file": "leg01_m028_b085_2026-06-18T15-41-33.jpg",
        "leg": "leg01",
        "mark_index": 28,
        "along_track_m": 28.0,
        "achieved_heading": 85.93724015919258,
        "target_bearing": 85.29663298517983,
        "fix_type": 6,
        "hacc_m": 0.014,
        "corrupt": false,
        "position_interpolated": true,
        "captured_at_utc": "2026-06-18T21:41:33.033350+00:00"
      },
      "geometry": {
        "type": "Point",
        "coordinates": [
          -114.00642521307005,
          46.67495115136777
        ]
      }
    },
    {
      "type": "Feature",
      "properties": {
        "file": "leg01_m029_b085_2026-06-18T15-41-34.jpg",
        "leg": "leg01",
        "mark_index": 29,
        "along_track_m": 29.0,
        "achieved_heading": 85.27478937251976,
        "target_bearing": 85.29663298517983,
        "fix_type": 6,
        "hacc_m": 0.014,
        "corrupt": false,
        "position_interpolated": true,
        "captured_at_utc": "2026-06-18T21:41:34.148347+00:00"
      },
      "geometry": {
        "type": "Point",
        "coordinates": [
          -114.006412,
          46.6749522
        ]
      }
    },
    {
      "type": "Feature",
      "properties": {
        "file": "leg01_m030_b085_2026-06-18T15-41-35.jpg",
        "leg": "leg01",
        "mark_index": 30,
        "along_track_m": 30.0,
        "achieved_heading": 88.23234998598713,
        "target_bearing": 85.29663298517983,
        "fix_type": 6,
        "hacc_m": 0.014,
        "corrupt": false,
        "position_interpolated": true,
        "captured_at_utc": "2026-06-18T21:41:35.121953+00:00"
      },
      "geometry": {
        "type": "Point",
        "coordinates": [
          -114.00640028647737,
          46.674952785655584
        ]
      }
    },
    {
      "type": "Feature",
      "properties": {
        "file": "leg01_m031_b085_2026-06-18T15-41-36.jpg",
        "leg": "leg01",
        "mark_index": 31,
        "along_track_m": 31.0,
        "achieved_heading": 89.60233435237035,
        "target_bearing": 85.29663298517983,
        "fix_type": 6,
        "hacc_m": 0.014,
        "corrupt": false,
        "position_interpolated": true,
        "captured_at_utc": "2026-06-18T21:41:36.244448+00:00"
      },
      "geometry": {
        "type": "Point",
        "coordinates": [
          -114.00638671119997,
          46.674953311104005
        ]
      }
    },
    {
      "type": "Feature",
      "properties": {
        "file": "leg01_m032_b085_2026-06-18T15-41-37.jpg",
        "leg": "leg01",
        "mark_index": 32,
        "along_track_m": 32.0,
        "achieved_heading": 87.58419413565645,
        "target_bearing": 85.29663298517983,
        "fix_type": 6,
        "hacc_m": 0.014,
        "corrupt": false,
        "position_interpolated": true,
        "captured_at_utc": "2026-06-18T21:41:37.368524+00:00"
      },
      "geometry": {
        "type": "Point",
        "coordinates": [
          -114.00637379999999,
          46.674954
        ]
      }
    },
    {
      "type": "Feature",
      "properties": {
        "file": "leg01_m033_b085_2026-06-18T15-41-38.jpg",
        "leg": "leg01",
        "mark_index": 33,
        "along_track_m": 33.0,
        "achieved_heading": 87.54449480731319,
        "target_bearing": 85.29663298517983,
        "fix_type": 6,
        "hacc_m": 0.014,
        "corrupt": false,
        "position_interpolated": true,
        "captured_at_utc": "2026-06-18T21:41:38.481478+00:00"
      },
      "geometry": {
        "type": "Point",
        "coordinates": [
          -114.00636027599025,
          46.674954299999996
        ]
      }
    },
    {
      "type": "Feature",
      "properties": {
        "file": "leg01_m034_b085_2026-06-18T15-41-39.jpg",
        "leg": "leg01",
        "mark_index": 34,
        "along_track_m": 34.0,
        "achieved_heading": 85.0841106714912,
        "target_bearing": 85.29663298517983,
        "fix_type": 6,
        "hacc_m": 0.014,
        "corrupt": false,
        "position_interpolated": true,
        "captured_at_utc": "2026-06-18T21:41:39.611842+00:00"
      },
      "geometry": {
        "type": "Point",
        "coordinates": [
          -114.00634749999999,
          46.6749552
        ]
      }
    },
    {
      "type": "Feature",
      "properties": {
        "file": "leg01_m035_b085_2026-06-18T15-41-40.jpg",
        "leg": "leg01",
        "mark_index": 35,
        "along_track_m": 35.0,
        "achieved_heading": 85.73568524288083,
        "target_bearing": 85.29663298517983,
        "fix_type": 6,
        "hacc_m": 0.014,
        "corrupt": false,
        "position_interpolated": true,
        "captured_at_utc": "2026-06-18T21:41:40.728993+00:00"
      },
      "geometry": {
        "type": "Point",
        "coordinates": [
          -114.0063332,
          46.6749564
        ]
      }
    },
    {
      "type": "Feature",
      "properties": {
        "file": "leg01_m036_b085_2026-06-18T15-41-41.jpg",
        "leg": "leg01",
        "mark_index": 36,
        "along_track_m": 36.0,
        "achieved_heading": 86.48896867202143,
        "target_bearing": 85.29663298517983,
        "fix_type": 6,
        "hacc_m": 0.014,
        "corrupt": false,
        "position_interpolated": true,
        "captured_at_utc": "2026-06-18T21:41:41.642257+00:00"
      },
      "geometry": {
        "type": "Point",
        "coordinates": [
          -114.00632182744161,
          46.67495735718993
        ]
      }
    },
    {
      "type": "Feature",
      "properties": {
        "file": "leg01_m037_b085_2026-06-18T15-41-42.jpg",
        "leg": "leg01",
        "mark_index": 37,
        "along_track_m": 37.0,
        "achieved_heading": 88.09811261777861,
        "target_bearing": 85.29663298517983,
        "fix_type": 6,
        "hacc_m": 0.014,
        "corrupt": false,
        "position_interpolated": true,
        "captured_at_utc": "2026-06-18T21:41:42.713459+00:00"
      },
      "geometry": {
        "type": "Point",
        "coordinates": [
          -114.00630886691438,
          46.674957987160425
        ]
      }
    },
    {
      "type": "Feature",
      "properties": {
        "file": "leg01_m038_b085_2026-06-18T15-41-44.jpg",
        "leg": "leg01",
        "mark_index": 38,
        "along_track_m": 38.0,
        "achieved_heading": 87.73501053057646,
        "target_bearing": 85.29663298517983,
        "fix_type": 6,
        "hacc_m": 0.014,
        "corrupt": false,
        "position_interpolated": true,
        "captured_at_utc": "2026-06-18T21:41:43.955707+00:00"
      },
      "geometry": {
        "type": "Point",
        "coordinates": [
          -114.0062944,
          46.6749586
        ]
      }
    },
    {
      "type": "Feature",
      "properties": {
        "file": "leg01_m039_b085_2026-06-18T15-41-45.jpg",
        "leg": "leg01",
        "mark_index": 39,
        "along_track_m": 39.0,
        "achieved_heading": 85.15572283341146,
        "target_bearing": 85.29663298517983,
        "fix_type": 6,
        "hacc_m": 0.014,
        "corrupt": false,
        "position_interpolated": true,
        "captured_at_utc": "2026-06-18T21:41:44.995723+00:00"
      },
      "geometry": {
        "type": "Point",
        "coordinates": [
          -114.0062827,
          46.6749588
        ]
      }
    },
    {
      "type": "Feature",
      "properties": {
        "file": "leg01_m040_b085_2026-06-18T15-41-46.jpg",
        "leg": "leg01",
        "mark_index": 40,
        "along_track_m": 40.0,
        "achieved_heading": 82.68423957317395,
        "target_bearing": 85.29663298517983,
        "fix_type": 6,
        "hacc_m": 0.014,
        "corrupt": false,
        "position_interpolated": true,
        "captured_at_utc": "2026-06-18T21:41:46.122596+00:00"
      },
      "geometry": {
        "type": "Point",
        "coordinates": [
          -114.00626809537957,
          46.67496018436964
        ]
      }
    },
    {
      "type": "Feature",
      "properties": {
        "file": "leg01_m041_b085_2026-06-18T15-41-47.jpg",
        "leg": "leg01",
        "mark_index": 41,
        "along_track_m": 41.0,
        "achieved_heading": 86.60528173840862,
        "target_bearing": 85.29663298517983,
        "fix_type": 6,
        "hacc_m": 0.014,
        "corrupt": false,
        "position_interpolated": true,
        "captured_at_utc": "2026-06-18T21:41:47.171373+00:00"
      },
      "geometry": {
        "type": "Point",
        "coordinates": [
          -114.0062564,
          46.6749612
        ]
      }
    },
    {
      "type": "Feature",
      "properties": {
        "file": "leg01_m042_b085_2026-06-18T15-41-48.jpg",
        "leg": "leg01",
        "mark_index": 42,
        "along_track_m": 42.0,
        "achieved_heading": 87.7106190528533,
        "target_bearing": 85.29663298517983,
        "fix_type": 6,
        "hacc_m": 0.014,
        "corrupt": false,
        "position_interpolated": true,
        "captured_at_utc": "2026-06-18T21:41:48.293800+00:00"
      },
      "geometry": {
        "type": "Point",
        "coordinates": [
          -114.00624239787916,
          46.67496195851007
        ]
      }
    },
    {
      "type": "Feature",
      "properties": {
        "file": "leg01_m043_b085_2026-06-18T15-41-49.jpg",
        "leg": "leg01",
        "mark_index": 43,
        "along_track_m": 43.0,
        "achieved_heading": 88.0011477183773,
        "target_bearing": 85.29663298517983,
        "fix_type": 6,
        "hacc_m": 0.014,
        "corrupt": false,
        "position_interpolated": true,
        "captured_at_utc": "2026-06-18T21:41:49.427148+00:00"
      },
      "geometry": {
        "type": "Point",
        "coordinates": [
          -114.0062298,
          46.6749625
        ]
      }
    },
    {
      "type": "Feature",
      "properties": {
        "file": "leg01_m044_b085_2026-06-18T15-41-50.jpg",
        "leg": "leg01",
        "mark_index": 44,
        "along_track_m": 44.0,
        "achieved_heading": 85.66612742753102,
        "target_bearing": 85.29663298517983,
        "fix_type": 6,
        "hacc_m": 0.014,
        "corrupt": false,
        "position_interpolated": true,
        "captured_at_utc": "2026-06-18T21:41:49.989968+00:00"
      },
      "geometry": {
        "type": "Point",
        "coordinates": [
          -114.00622160777448,
          46.67496288802506
        ]
      }
    },
    {
      "type": "Feature",
      "properties": {
        "file": "leg01_m045_b085_2026-06-18T15-41-51.jpg",
        "leg": "leg01",
        "mark_index": 45,
        "along_track_m": 45.0,
        "achieved_heading": 85.86904792178404,
        "target_bearing": 85.29663298517983,
        "fix_type": 6,
        "hacc_m": 0.014,
        "corrupt": false,
        "position_interpolated": true,
        "captured_at_utc": "2026-06-18T21:41:51.376106+00:00"
      },
      "geometry": {
        "type": "Point",
        "coordinates": [
          -114.00620519542392,
          46.67496375038134
        ]
      }
    },
    {
      "type": "Feature",
      "properties": {
        "file": "leg01_m047_b085_2026-06-18T15-41-58.jpg",
        "leg": "leg01",
        "mark_index": 47,
        "along_track_m": 47.0,
        "achieved_heading": 81.58040817201311,
        "target_bearing": 85.29663298517983,
        "fix_type": 6,
        "hacc_m": 0.014,
        "corrupt": false,
        "position_interpolated": true,
        "captured_at_utc": "2026-06-18T21:41:56.896592+00:00"
      },
      "geometry": {
        "type": "Point",
        "coordinates": [
          -114.00617419999999,
          46.6749659
        ]
      }
    },
    {
      "type": "Feature",
      "properties": {
        "file": "leg01_m048_b085_2026-06-18T15-41-59.jpg",
        "leg": "leg01",
        "mark_index": 48,
        "along_track_m": 48.0,
        "achieved_heading": 83.99097524338794,
        "target_bearing": 85.29663298517983,
        "fix_type": 6,
        "hacc_m": 0.014,
        "corrupt": false,
        "position_interpolated": true,
        "captured_at_utc": "2026-06-18T21:41:59.154180+00:00"
      },
      "geometry": {
        "type": "Point",
        "coordinates": [
          -114.00616339999999,
          46.6749672
        ]
      }
    },
    {
      "type": "Feature",
      "properties": {
        "file": "leg01_m049_b085_2026-06-18T15-42-00.jpg",
        "leg": "leg01",
        "mark_index": 49,
        "along_track_m": 49.0,
        "achieved_heading": 87.27701417666219,
        "target_bearing": 85.29663298517983,
        "fix_type": 6,
        "hacc_m": 0.014,
        "corrupt": false,
        "position_interpolated": true,
        "captured_at_utc": "2026-06-18T21:42:00.115554+00:00"
      },
      "geometry": {
        "type": "Point",
        "coordinates": [
          -114.00615230774976,
          46.674967978131605
        ]
      }
    },
    {
      "type": "Feature",
      "properties": {
        "file": "leg01_m050_b085_2026-06-18T15-42-01.jpg",
        "leg": "leg01",
        "mark_index": 50,
        "along_track_m": 50.0,
        "achieved_heading": 89.24801948187894,
        "target_bearing": 85.29663298517983,
        "fix_type": 6,
        "hacc_m": 0.014,
        "corrupt": false,
        "position_interpolated": true,
        "captured_at_utc": "2026-06-18T21:42:01.382401+00:00"
      },
      "geometry": {
        "type": "Point",
        "coordinates": [
          -114.0061384,
          46.6749687
        ]
      }
    },
    {
      "type": "Feature",
      "properties": {
        "file": "leg01_m051_b085_2026-06-18T15-42-02.jpg",
        "leg": "leg01",
        "mark_index": 51,
        "along_track_m": 51.0,
        "achieved_heading": 88.26500547276544,
        "target_bearing": 85.29663298517983,
        "fix_type": 6,
        "hacc_m": 0.014,
        "corrupt": false,
        "position_interpolated": true,
        "captured_at_utc": "2026-06-18T21:42:02.578307+00:00"
      },
      "geometry": {
        "type": "Point",
        "coordinates": [
          -114.00612459999999,
          46.674969
        ]
      }
    },
    {
      "type": "Feature",
      "properties": {
        "file": "leg01_m052_b085_2026-06-18T15-42-03.jpg",
        "leg": "leg01",
        "mark_index": 52,
        "along_track_m": 52.0,
        "achieved_heading": 86.65343521804584,
        "target_bearing": 85.29663298517983,
        "fix_type": 6,
        "hacc_m": 0.014,
        "corrupt": false,
        "position_interpolated": true,
        "captured_at_utc": "2026-06-18T21:42:03.562008+00:00"
      },
      "geometry": {
        "type": "Point",
        "coordinates": [
          -114.00611269999999,
          46.6749693
        ]
      }
    },
    {
      "type": "Feature",
      "properties": {
        "file": "leg01_m053_b085_2026-06-18T15-42-04.jpg",
        "leg": "leg01",
        "mark_index": 53,
        "along_track_m": 53.0,
        "achieved_heading": 86.15247574513705,
        "target_bearing": 85.29663298517983,
        "fix_type": 6,
        "hacc_m": 0.014,
        "corrupt": false,
        "position_interpolated": true,
        "captured_at_utc": "2026-06-18T21:42:04.682240+00:00"
      },
      "geometry": {
        "type": "Point",
        "coordinates": [
          -114.0060986530405,
          46.67497025903403
        ]
      }
    },
    {
      "type": "Feature",
      "properties": {
        "file": "leg01_m054_b085_2026-06-18T15-42-05.jpg",
        "leg": "leg01",
        "mark_index": 54,
        "along_track_m": 54.0,
        "achieved_heading": 85.76828138851965,
        "target_bearing": 85.29663298517983,
        "fix_type": 6,
        "hacc_m": 0.014,
        "corrupt": false,
        "position_interpolated": true,
        "captured_at_utc": "2026-06-18T21:42:05.722214+00:00"
      },
      "geometry": {
        "type": "Point",
        "coordinates": [
          -114.0060867677262,
          46.6749709
        ]
      }
    },
    {
      "type": "Feature",
      "properties": {
        "file": "leg01_m055_b085_2026-06-18T15-42-06.jpg",
        "leg": "leg01",
        "mark_index": 55,
        "along_track_m": 55.0,
        "achieved_heading": 85.49835580065445,
        "target_bearing": 85.29663298517983,
        "fix_type": 6,
        "hacc_m": 0.014,
        "corrupt": false,
        "position_interpolated": true,
        "captured_at_utc": "2026-06-18T21:42:06.850256+00:00"
      },
      "geometry": {
        "type": "Point",
        "coordinates": [
          -114.00607324932594,
          46.67497196139427
        ]
      }
    },
    {
      "type": "Feature",
      "properties": {
        "file": "leg01_m056_b085_2026-06-18T15-42-07.jpg",
        "leg": "leg01",
        "mark_index": 56,
        "along_track_m": 56.0,
        "achieved_heading": 86.08548039152896,
        "target_bearing": 85.29663298517983,
        "fix_type": 6,
        "hacc_m": 0.014,
        "corrupt": false,
        "position_interpolated": true,
        "captured_at_utc": "2026-06-18T21:42:07.970058+00:00"
      },
      "geometry": {
        "type": "Point",
        "coordinates": [
          -114.0060604,
          46.674972499999996
        ]
      }
    },
    {
      "type": "Feature",
      "properties": {
        "file": "leg01_m057_b085_2026-06-18T15-42-09.jpg",
        "leg": "leg01",
        "mark_index": 57,
        "along_track_m": 57.0,
        "achieved_heading": 85.93342187356416,
        "target_bearing": 85.29663298517983,
        "fix_type": 6,
        "hacc_m": 0.014,
        "corrupt": false,
        "position_interpolated": true,
        "captured_at_utc": "2026-06-18T21:42:09.158103+00:00"
      },
      "geometry": {
        "type": "Point",
        "coordinates": [
          -114.0060463,
          46.6749734
        ]
      }
    },
    {
      "type": "Feature",
      "properties": {
        "file": "leg01_m058_b085_2026-06-18T15-42-10.jpg",
        "leg": "leg01",
        "mark_index": 58,
        "along_track_m": 58.0,
        "achieved_heading": 87.57114798528119,
        "target_bearing": 85.29663298517983,
        "fix_type": 6,
        "hacc_m": 0.014,
        "corrupt": false,
        "position_interpolated": true,
        "captured_at_utc": "2026-06-18T21:42:10.144994+00:00"
      },
      "geometry": {
        "type": "Point",
        "coordinates": [
          -114.0060347,
          46.6749741
        ]
      }
    },
    {
      "type": "Feature",
      "properties": {
        "file": "leg01_m059_b085_2026-06-18T15-42-11.jpg",
        "leg": "leg01",
        "mark_index": 59,
        "along_track_m": 59.0,
        "achieved_heading": 86.80533257662148,
        "target_bearing": 85.29663298517983,
        "fix_type": 6,
        "hacc_m": 0.014,
        "corrupt": false,
        "position_interpolated": true,
        "captured_at_utc": "2026-06-18T21:42:11.257858+00:00"
      },
      "geometry": {
        "type": "Point",
        "coordinates": [
          -114.0060211166292,
          46.6749745
        ]
      }
    },
    {
      "type": "Feature",
      "properties": {
        "file": "leg01_m060_b085_2026-06-18T15-42-12.jpg",
        "leg": "leg01",
        "mark_index": 60,
        "along_track_m": 60.0,
        "achieved_heading": 86.33897294844849,
        "target_bearing": 85.29663298517983,
        "fix_type": 6,
        "hacc_m": 0.014,
        "corrupt": false,
        "position_interpolated": true,
        "captured_at_utc": "2026-06-18T21:42:12.398489+00:00"
      },
      "geometry": {
        "type": "Point",
        "coordinates": [
          -114.0060085,
          46.6749753
        ]
      }
    },
    {
      "type": "Feature",
      "properties": {
        "file": "leg01_m061_b085_2026-06-18T15-42-13.jpg",
        "leg": "leg01",
        "mark_index": 61,
        "along_track_m": 61.0,
        "achieved_heading": 89.34395022007595,
        "target_bearing": 85.29663298517983,
        "fix_type": 6,
        "hacc_m": 0.014,
        "corrupt": false,
        "position_interpolated": true,
        "captured_at_utc": "2026-06-18T21:42:13.564431+00:00"
      },
      "geometry": {
        "type": "Point",
        "coordinates": [
          -114.00599489999999,
          46.674976
        ]
      }
    },
    {
      "type": "Feature",
      "properties": {
        "file": "leg01_m062_b085_2026-06-18T15-42-14.jpg",
        "leg": "leg01",
        "mark_index": 62,
        "along_track_m": 62.0,
        "achieved_heading": 86.44759566358744,
        "target_bearing": 85.29663298517983,
        "fix_type": 6,
        "hacc_m": 0.014,
        "corrupt": false,
        "position_interpolated": true,
        "captured_at_utc": "2026-06-18T21:42:14.847525+00:00"
      },
      "geometry": {
        "type": "Point",
        "coordinates": [
          -114.0059809,
          46.6749763
        ]
      }
    },
    {
      "type": "Feature",
      "properties": {
        "file": "leg01_m063_b085_2026-06-18T15-42-15.jpg",
        "leg": "leg01",
        "mark_index": 63,
        "along_track_m": 63.0,
        "achieved_heading": 85.70236901343196,
        "target_bearing": 85.29663298517983,
        "fix_type": 6,
        "hacc_m": 0.014,
        "corrupt": false,
        "position_interpolated": true,
        "captured_at_utc": "2026-06-18T21:42:15.806617+00:00"
      },
      "geometry": {
        "type": "Point",
        "coordinates": [
          -114.00596859123192,
          46.674977
        ]
      }
    },
    {
      "type": "Feature",
      "properties": {
        "file": "leg01_m064_b085_2026-06-18T15-42-17.jpg",
        "leg": "leg01",
        "mark_index": 64,
        "along_track_m": 64.0,
        "achieved_heading": 85.50586609565386,
        "target_bearing": 85.29663298517983,
        "fix_type": 6,
        "hacc_m": 0.014,
        "corrupt": false,
        "position_interpolated": true,
        "captured_at_utc": "2026-06-18T21:42:16.925479+00:00"
      },
      "geometry": {
        "type": "Point",
        "coordinates": [
          -114.0059554128854,
          46.6749776994143
        ]
      }
    },
    {
      "type": "Feature",
      "properties": {
        "file": "leg01_m065_b085_2026-06-18T15-42-18.jpg",
        "leg": "leg01",
        "mark_index": 65,
        "along_track_m": 65.0,
        "achieved_heading": 85.50449917525168,
        "target_bearing": 85.29663298517983,
        "fix_type": 6,
        "hacc_m": 0.014,
        "corrupt": false,
        "position_interpolated": true,
        "captured_at_utc": "2026-06-18T21:42:17.778234+00:00"
      },
      "geometry": {
        "type": "Point",
        "coordinates": [
          -114.00594557662345,
          46.674978499999995
        ]
      }
    },
    {
      "type": "Feature",
      "properties": {
        "file": "leg01_m066_b085_2026-06-18T15-42-19.jpg",
        "leg": "leg01",
        "mark_index": 66,
        "along_track_m": 66.0,
        "achieved_heading": 84.06689613654822,
        "target_bearing": 85.29663298517983,
        "fix_type": 6,
        "hacc_m": 0.014,
        "corrupt": false,
        "position_interpolated": true,
        "captured_at_utc": "2026-06-18T21:42:19.188790+00:00"
      },
      "geometry": {
        "type": "Point",
        "coordinates": [
          -114.0059297,
          46.6749796
        ]
      }
    },
    {
      "type": "Feature",
      "properties": {
        "file": "leg01_m067_b085_2026-06-18T15-42-20.jpg",
        "leg": "leg01",
        "mark_index": 67,
        "along_track_m": 67.0,
        "achieved_heading": 86.17481169541111,
        "target_bearing": 85.29663298517983,
        "fix_type": 6,
        "hacc_m": 0.014,
        "corrupt": false,
        "position_interpolated": true,
        "captured_at_utc": "2026-06-18T21:42:20.376034+00:00"
      },
      "geometry": {
        "type": "Point",
        "coordinates": [
          -114.00591589999999,
          46.6749803
        ]
      }
    },
    {
      "type": "Feature",
      "properties": {
        "file": "leg01_m068_b085_2026-06-18T15-42-21.jpg",
        "leg": "leg01",
        "mark_index": 68,
        "along_track_m": 68.0,
        "achieved_heading": 86.818994106275,
        "target_bearing": 85.29663298517983,
        "fix_type": 6,
        "hacc_m": 0.014,
        "corrupt": false,
        "position_interpolated": true,
        "captured_at_utc": "2026-06-18T21:42:21.340258+00:00"
      },
      "geometry": {
        "type": "Point",
        "coordinates": [
          -114.00590369999999,
          46.6749809
        ]
      }
    },
    {
      "type": "Feature",
      "properties": {
        "file": "leg01_m069_b085_2026-06-18T15-42-22.jpg",
        "leg": "leg01",
        "mark_index": 69,
        "along_track_m": 69.0,
        "achieved_heading": 88.5147527795607,
        "target_bearing": 85.29663298517983,
        "fix_type": 6,
        "hacc_m": 0.014,
        "corrupt": false,
        "position_interpolated": true,
        "captured_at_utc": "2026-06-18T21:42:22.395532+00:00"
      },
      "geometry": {
        "type": "Point",
        "coordinates": [
          -114.0058908707472,
          46.674981633170106
        ]
      }
    },
    {
      "type": "Feature",
      "properties": {
        "file": "leg01_m070_b085_2026-06-18T15-42-23.jpg",
        "leg": "leg01",
        "mark_index": 70,
        "along_track_m": 69.692,
        "achieved_heading": 91.47999741329426,
        "target_bearing": 85.29663298517983,
        "fix_type": 6,
        "hacc_m": 0.014,
        "corrupt": false,
        "position_interpolated": true,
        "captured_at_utc": "2026-06-18T21:42:22.886406+00:00"
      },
      "geometry": {
        "type": "Point",
        "coordinates": [
          -114.00588487981351,
          46.6749817
        ]
      }
    },
    {
      "type": "Feature",
      "properties": {
        "file": "leg02_m000_b355_2026-06-18T15-42-28.jpg",
        "leg": "leg02",
        "mark_index": 0,
        "along_track_m": 0.0,
        "achieved_heading": 355.95704676687853,
        "target_bearing": 355.3268674843371,
        "fix_type": 6,
        "hacc_m": 0.014,
        "corrupt": false,
        "position_interpolated": true,
        "captured_at_utc": "2026-06-18T21:42:28.475793+00:00"
      },
      "geometry": {
        "type": "Point",
        "coordinates": [
          -114.0058775,
          46.6749815
        ]
      }
    },
    {
      "type": "Feature",
      "properties": {
        "file": "leg02_m001_b355_2026-06-18T15-42-29.jpg",
        "leg": "leg02",
        "mark_index": 1,
        "along_track_m": 1.0,
        "achieved_heading": 353.458492413872,
        "target_bearing": 355.3268674843371,
        "fix_type": 6,
        "hacc_m": 0.014,
        "corrupt": false,
        "position_interpolated": true,
        "captured_at_utc": "2026-06-18T21:42:29.930404+00:00"
      },
      "geometry": {
        "type": "Point",
        "coordinates": [
          -114.0058787,
          46.6749906
        ]
      }
    },
    {
      "type": "Feature",
      "properties": {
        "file": "leg02_m002_b355_2026-06-18T15-42-31.jpg",
        "leg": "leg02",
        "mark_index": 2,
        "along_track_m": 2.0,
        "achieved_heading": 349.7779834252902,
        "target_bearing": 355.3268674843371,
        "fix_type": 6,
        "hacc_m": 0.014,
        "corrupt": false,
        "position_interpolated": true,
        "captured_at_utc": "2026-06-18T21:42:30.998852+00:00"
      },
      "geometry": {
        "type": "Point",
        "coordinates": [
          -114.0058804,
          46.6749995
        ]
      }
    },
    {
      "type": "Feature",
      "properties": {
        "file": "leg02_m003_b355_2026-06-18T15-42-32.jpg",
        "leg": "leg02",
        "mark_index": 3,
        "along_track_m": 3.0,
        "achieved_heading": 348.1296984402578,
        "target_bearing": 355.3268674843371,
        "fix_type": 6,
        "hacc_m": 0.014,
        "corrupt": false,
        "position_interpolated": true,
        "captured_at_utc": "2026-06-18T21:42:32.120100+00:00"
      },
      "geometry": {
        "type": "Point",
        "coordinates": [
          -114.00588363530468,
          46.67500914904427
        ]
      }
    },
    {
      "type": "Feature",
      "properties": {
        "file": "leg02_m004_b355_2026-06-18T15-42-33.jpg",
        "leg": "leg02",
        "mark_index": 4,
        "along_track_m": 4.0,
        "achieved_heading": 351.27836822342795,
        "target_bearing": 355.3268674843371,
        "fix_type": 6,
        "hacc_m": 0.014,
        "corrupt": false,
        "position_interpolated": true,
        "captured_at_utc": "2026-06-18T21:42:33.169910+00:00"
      },
      "geometry": {
        "type": "Point",
        "coordinates": [
          -114.00588599999999,
          46.675018099999996
        ]
      }
    },
    {
      "type": "Feature",
      "properties": {
        "file": "leg02_m005_b355_2026-06-18T15-42-34.jpg",
        "leg": "leg02",
        "mark_index": 5,
        "along_track_m": 4.858,
        "achieved_heading": 357.40191356784436,
        "target_bearing": 355.3268674843371,
        "fix_type": 6,
        "hacc_m": 0.014,
        "corrupt": false,
        "position_interpolated": true,
        "captured_at_utc": "2026-06-18T21:42:34.005665+00:00"
      },
      "geometry": {
        "type": "Point",
        "coordinates": [
          -114.0058869,
          46.6750249
        ]
      }
    },
    {
      "type": "Feature",
      "properties": {
        "file": "leg03_m000_b265_2026-06-18T15-42-38.jpg",
        "leg": "leg03",
        "mark_index": 0,
        "along_track_m": 0.0,
        "achieved_heading": 266.2881023380784,
        "target_bearing": 265.2972922631515,
        "fix_type": 6,
        "hacc_m": 0.014,
        "corrupt": false,
        "position_interpolated": true,
        "captured_at_utc": "2026-06-18T21:42:38.563296+00:00"
      },
      "geometry": {
        "type": "Point",
        "coordinates": [
          -114.0058914,
          46.6750288
        ]
      }
    },
    {
      "type": "Feature",
      "properties": {
        "file": "leg03_m001_b265_2026-06-18T15-42-39.jpg",
        "leg": "leg03",
        "mark_index": 1,
        "along_track_m": 1.0,
        "achieved_heading": 264.97431011384344,
        "target_bearing": 265.2972922631515,
        "fix_type": 6,
        "hacc_m": 0.014,
        "corrupt": false,
        "position_interpolated": true,
        "captured_at_utc": "2026-06-18T21:42:39.824738+00:00"
      },
      "geometry": {
        "type": "Point",
        "coordinates": [
          -114.0059004,
          46.6750283
        ]
      }
    },
    {
      "type": "Feature",
      "properties": {
        "file": "leg03_m002_b265_2026-06-18T15-42-40.jpg",
        "leg": "leg03",
        "mark_index": 2,
        "along_track_m": 2.0,
        "achieved_heading": 260.5876306427628,
        "target_bearing": 265.2972922631515,
        "fix_type": 6,
        "hacc_m": 0.014,
        "corrupt": false,
        "position_interpolated": true,
        "captured_at_utc": "2026-06-18T21:42:40.666861+00:00"
      },
      "geometry": {
        "type": "Point",
        "coordinates": [
          -114.00591250331986,
          46.675027818026685
        ]
      }
    },
    {
      "type": "Feature",
      "properties": {
        "file": "leg03_m003_b265_2026-06-18T15-42-41.jpg",
        "leg": "leg03",
        "mark_index": 3,
        "along_track_m": 3.0,
        "achieved_heading": 256.9406396851961,
        "target_bearing": 265.2972922631515,
        "fix_type": 6,
        "hacc_m": 0.014,
        "corrupt": false,
        "position_interpolated": true,
        "captured_at_utc": "2026-06-18T21:42:41.690426+00:00"
      },
      "geometry": {
        "type": "Point",
        "coordinates": [
          -114.00592591685967,
          46.67502650798895
        ]
      }
    },
    {
      "type": "Feature",
      "properties": {
        "file": "leg03_m004_b265_2026-06-18T15-42-42.jpg",
        "leg": "leg03",
        "mark_index": 4,
        "along_track_m": 4.0,
        "achieved_heading": 255.70711884805894,
        "target_bearing": 265.2972922631515,
        "fix_type": 6,
        "hacc_m": 0.014,
        "corrupt": false,
        "position_interpolated": true,
        "captured_at_utc": "2026-06-18T21:42:42.762065+00:00"
      },
      "geometry": {
        "type": "Point",
        "coordinates": [
          -114.0059393,
          46.6750245
        ]
      }
    },
    {
      "type": "Feature",
      "properties": {
        "file": "leg03_m005_b265_2026-06-18T15-42-43.jpg",
        "leg": "leg03",
        "mark_index": 5,
        "along_track_m": 5.0,
        "achieved_heading": 258.4217205526991,
        "target_bearing": 265.2972922631515,
        "fix_type": 6,
        "hacc_m": 0.014,
        "corrupt": false,
        "position_interpolated": true,
        "captured_at_utc": "2026-06-18T21:42:43.750782+00:00"
      },
      "geometry": {
        "type": "Point",
        "coordinates": [
          -114.0059526,
          46.675022899999995
        ]
      }
    },
    {
      "type": "Feature",
      "properties": {
        "file": "leg03_m006_b265_2026-06-18T15-42-44.jpg",
        "leg": "leg03",
        "mark_index": 6,
        "along_track_m": 6.0,
        "achieved_heading": 259.2228917401221,
        "target_bearing": 265.2972922631515,
        "fix_type": 6,
        "hacc_m": 0.014,
        "corrupt": false,
        "position_interpolated": true,
        "captured_at_utc": "2026-06-18T21:42:44.649761+00:00"
      },
      "geometry": {
        "type": "Point",
        "coordinates": [
          -114.00596441030412,
          46.67502166764552
        ]
      }
    },
    {
      "type": "Feature",
      "properties": {
        "file": "leg03_m007_b265_2026-06-18T15-42-45.jpg",
        "leg": "leg03",
        "mark_index": 7,
        "along_track_m": 7.0,
        "achieved_heading": 261.53294692274125,
        "target_bearing": 265.2972922631515,
        "fix_type": 6,
        "hacc_m": 0.014,
        "corrupt": false,
        "position_interpolated": true,
        "captured_at_utc": "2026-06-18T21:42:45.698689+00:00"
      },
      "geometry": {
        "type": "Point",
        "coordinates": [
          -114.00597801514984,
          46.67502044440579
        ]
      }
    },
    {
      "type": "Feature",
      "properties": {
        "file": "leg03_m008_b265_2026-06-18T15-42-46.jpg",
        "leg": "leg03",
        "mark_index": 8,
        "along_track_m": 8.0,
        "achieved_heading": 262.67163906803967,
        "target_bearing": 265.2972922631515,
        "fix_type": 6,
        "hacc_m": 0.014,
        "corrupt": false,
        "position_interpolated": true,
        "captured_at_utc": "2026-06-18T21:42:46.755114+00:00"
      },
      "geometry": {
        "type": "Point",
        "coordinates": [
          -114.0059914,
          46.6750195
        ]
      }
    },
    {
      "type": "Feature",
      "properties": {
        "file": "leg03_m009_b265_2026-06-18T15-42-47.jpg",
        "leg": "leg03",
        "mark_index": 9,
        "along_track_m": 9.0,
        "achieved_heading": 264.74575236471065,
        "target_bearing": 265.2972922631515,
        "fix_type": 6,
        "hacc_m": 0.014,
        "corrupt": false,
        "position_interpolated": true,
        "captured_at_utc": "2026-06-18T21:42:47.667400+00:00"
      },
      "geometry": {
        "type": "Point",
        "coordinates": [
          -114.00600366695102,
          46.675018699999995
        ]
      }
    },
    {
      "type": "Feature",
      "properties": {
        "file": "leg03_m010_b265_2026-06-18T15-42-48.jpg",
        "leg": "leg03",
        "mark_index": 10,
        "along_track_m": 10.0,
        "achieved_heading": 262.77981437971437,
        "target_bearing": 265.2972922631515,
        "fix_type": 6,
        "hacc_m": 0.014,
        "corrupt": false,
        "position_interpolated": true,
        "captured_at_utc": "2026-06-18T21:42:48.703770+00:00"
      },
      "geometry": {
        "type": "Point",
        "coordinates": [
          -114.00601721727817,
          46.6750182
        ]
      }
    },
    {
      "type": "Feature",
      "properties": {
        "file": "leg03_m011_b265_2026-06-18T15-42-49.jpg",
        "leg": "leg03",
        "mark_index": 11,
        "along_track_m": 11.0,
        "achieved_heading": 261.89134607647384,
        "target_bearing": 265.2972922631515,
        "fix_type": 6,
        "hacc_m": 0.014,
        "corrupt": false,
        "position_interpolated": true,
        "captured_at_utc": "2026-06-18T21:42:49.694099+00:00"
      },
      "geometry": {
        "type": "Point",
        "coordinates": [
          -114.00603046099037,
          46.675017226077664
        ]
      }
    },
    {
      "type": "Feature",
      "properties": {
        "file": "leg03_m012_b265_2026-06-18T15-42-50.jpg",
        "leg": "leg03",
        "mark_index": 12,
        "along_track_m": 12.0,
        "achieved_heading": 263.16298696220167,
        "target_bearing": 265.2972922631515,
        "fix_type": 6,
        "hacc_m": 0.014,
        "corrupt": false,
        "position_interpolated": true,
        "captured_at_utc": "2026-06-18T21:42:50.745127+00:00"
      },
      "geometry": {
        "type": "Point",
        "coordinates": [
          -114.00604419999999,
          46.6750164
        ]
      }
    },
    {
      "type": "Feature",
      "properties": {
        "file": "leg03_m013_b265_2026-06-18T15-42-51.jpg",
        "leg": "leg03",
        "mark_index": 13,
        "along_track_m": 13.0,
        "achieved_heading": 261.4875321051768,
        "target_bearing": 265.2972922631515,
        "fix_type": 6,
        "hacc_m": 0.014,
        "corrupt": false,
        "position_interpolated": true,
        "captured_at_utc": "2026-06-18T21:42:51.644360+00:00"
      },
      "geometry": {
        "type": "Point",
        "coordinates": [
          -114.00605618623533,
          46.67501553899095
        ]
      }
    },
    {
      "type": "Feature",
      "properties": {
        "file": "leg03_m014_b265_2026-06-18T15-42-52.jpg",
        "leg": "leg03",
        "mark_index": 14,
        "along_track_m": 14.0,
        "achieved_heading": 263.42118120115833,
        "target_bearing": 265.2972922631515,
        "fix_type": 6,
        "hacc_m": 0.014,
        "corrupt": false,
        "position_interpolated": true,
        "captured_at_utc": "2026-06-18T21:42:52.776936+00:00"
      },
      "geometry": {
        "type": "Point",
        "coordinates": [
          -114.0060707,
          46.6750146
        ]
      }
    },
    {
      "type": "Feature",
      "properties": {
        "file": "leg03_m015_b265_2026-06-18T15-42-53.jpg",
        "leg": "leg03",
        "mark_index": 15,
        "along_track_m": 15.0,
        "achieved_heading": 263.3544603517746,
        "target_bearing": 265.2972922631515,
        "fix_type": 6,
        "hacc_m": 0.014,
        "corrupt": false,
        "position_interpolated": true,
        "captured_at_utc": "2026-06-18T21:42:53.680490+00:00"
      },
      "geometry": {
        "type": "Point",
        "coordinates": [
          -114.00608315152331,
          46.67501397684011
        ]
      }
    },
    {
      "type": "Feature",
      "properties": {
        "file": "leg03_m016_b265_2026-06-18T15-42-54.jpg",
        "leg": "leg03",
        "mark_index": 16,
        "along_track_m": 16.0,
        "achieved_heading": 262.53917384027375,
        "target_bearing": 265.2972922631515,
        "fix_type": 6,
        "hacc_m": 0.014,
        "corrupt": false,
        "position_interpolated": true,
        "captured_at_utc": "2026-06-18T21:42:54.733930+00:00"
      },
      "geometry": {
        "type": "Point",
        "coordinates": [
          -114.006097,
          46.675013199999995
        ]
      }
    },
    {
      "type": "Feature",
      "properties": {
        "file": "leg03_m017_b265_2026-06-18T15-42-55.jpg",
        "leg": "leg03",
        "mark_index": 17,
        "along_track_m": 17.0,
        "achieved_heading": 261.4636533846073,
        "target_bearing": 265.2972922631515,
        "fix_type": 6,
        "hacc_m": 0.014,
        "corrupt": false,
        "position_interpolated": true,
        "captured_at_utc": "2026-06-18T21:42:55.630966+00:00"
      },
      "geometry": {
        "type": "Point",
        "coordinates": [
          -114.00610891622978,
          46.67501209509409
        ]
      }
    },
    {
      "type": "Feature",
      "properties": {
        "file": "leg03_m018_b265_2026-06-18T15-42-56.jpg",
        "leg": "leg03",
        "mark_index": 18,
        "along_track_m": 18.0,
        "achieved_heading": 263.62298863442464,
        "target_bearing": 265.2972922631515,
        "fix_type": 6,
        "hacc_m": 0.014,
        "corrupt": false,
        "position_interpolated": true,
        "captured_at_utc": "2026-06-18T21:42:56.619252+00:00"
      },
      "geometry": {
        "type": "Point",
        "coordinates": [
          -114.00612179270277,
          46.675011257403476
        ]
      }
    },
    {
      "type": "Feature",
      "properties": {
        "file": "leg03_m019_b265_2026-06-18T15-42-57.jpg",
        "leg": "leg03",
        "mark_index": 19,
        "along_track_m": 19.0,
        "achieved_heading": 263.7757935225563,
        "target_bearing": 265.2972922631515,
        "fix_type": 6,
        "hacc_m": 0.014,
        "corrupt": false,
        "position_interpolated": true,
        "captured_at_utc": "2026-06-18T21:42:57.605747+00:00"
      },
      "geometry": {
        "type": "Point",
        "coordinates": [
          -114.00613399999999,
          46.6750107
        ]
      }
    },
    {
      "type": "Feature",
      "properties": {
        "file": "leg03_m020_b265_2026-06-18T15-42-58.jpg",
        "leg": "leg03",
        "mark_index": 20,
        "along_track_m": 20.0,
        "achieved_heading": 263.68563202260987,
        "target_bearing": 265.2972922631515,
        "fix_type": 6,
        "hacc_m": 0.014,
        "corrupt": false,
        "position_interpolated": true,
        "captured_at_utc": "2026-06-18T21:42:58.648177+00:00"
      },
      "geometry": {
        "type": "Point",
        "coordinates": [
          -114.00614851703017,
          46.6750099
        ]
      }
    },
    {
      "type": "Feature",
      "properties": {
        "file": "leg03_m021_b265_2026-06-18T15-42-59.jpg",
        "leg": "leg03",
        "mark_index": 21,
        "along_track_m": 21.0,
        "achieved_heading": 264.1182467639078,
        "target_bearing": 265.2972922631515,
        "fix_type": 6,
        "hacc_m": 0.014,
        "corrupt": false,
        "position_interpolated": true,
        "captured_at_utc": "2026-06-18T21:42:59.560523+00:00"
      },
      "geometry": {
        "type": "Point",
        "coordinates": [
          -114.0061602,
          46.6750094
        ]
      }
    },
    {
      "type": "Feature",
      "properties": {
        "file": "leg03_m022_b265_2026-06-18T15-43-00.jpg",
        "leg": "leg03",
        "mark_index": 22,
        "along_track_m": 22.0,
        "achieved_heading": 264.3114731621661,
        "target_bearing": 265.2972922631515,
        "fix_type": 6,
        "hacc_m": 0.014,
        "corrupt": false,
        "position_interpolated": true,
        "captured_at_utc": "2026-06-18T21:43:00.617052+00:00"
      },
      "geometry": {
        "type": "Point",
        "coordinates": [
          -114.0061734,
          46.6750085
        ]
      }
    },
    {
      "type": "Feature",
      "properties": {
        "file": "leg03_m023_b265_2026-06-18T15-43-01.jpg",
        "leg": "leg03",
        "mark_index": 23,
        "along_track_m": 23.0,
        "achieved_heading": 264.4400463675496,
        "target_bearing": 265.2972922631515,
        "fix_type": 6,
        "hacc_m": 0.014,
        "corrupt": false,
        "position_interpolated": true,
        "captured_at_utc": "2026-06-18T21:43:01.522401+00:00"
      },
      "geometry": {
        "type": "Point",
        "coordinates": [
          -114.00618662767769,
          46.675007905563255
        ]
      }
    },
    {
      "type": "Feature",
      "properties": {
        "file": "leg03_m024_b265_2026-06-18T15-43-02.jpg",
        "leg": "leg03",
        "mark_index": 24,
        "along_track_m": 24.0,
        "achieved_heading": 262.99955949164695,
        "target_bearing": 265.2972922631515,
        "fix_type": 6,
        "hacc_m": 0.014,
        "corrupt": false,
        "position_interpolated": true,
        "captured_at_utc": "2026-06-18T21:43:02.579756+00:00"
      },
      "geometry": {
        "type": "Point",
        "coordinates": [
          -114.0061999,
          46.675007
        ]
      }
    },
    {
      "type": "Feature",
      "properties": {
        "file": "leg03_m025_b265_2026-06-18T15-43-03.jpg",
        "leg": "leg03",
        "mark_index": 25,
        "along_track_m": 25.0,
        "achieved_heading": 262.135269076034,
        "target_bearing": 265.2972922631515,
        "fix_type": 6,
        "hacc_m": 0.014,
        "corrupt": false,
        "position_interpolated": true,
        "captured_at_utc": "2026-06-18T21:43:03.620447+00:00"
      },
      "geometry": {
        "type": "Point",
        "coordinates": [
          -114.00621447587616,
          46.67500585296495
        ]
      }
    },
    {
      "type": "Feature",
      "properties": {
        "file": "leg03_m026_b265_2026-06-18T15-43-04.jpg",
        "leg": "leg03",
        "mark_index": 26,
        "along_track_m": 26.0,
        "achieved_heading": 262.2871191024762,
        "target_bearing": 265.2972922631515,
        "fix_type": 6,
        "hacc_m": 0.014,
        "corrupt": false,
        "position_interpolated": true,
        "captured_at_utc": "2026-06-18T21:43:04.603178+00:00"
      },
      "geometry": {
        "type": "Point",
        "coordinates": [
          -114.0062256,
          46.6750051
        ]
      }
    },
    {
      "type": "Feature",
      "properties": {
        "file": "leg03_m027_b265_2026-06-18T15-43-05.jpg",
        "leg": "leg03",
        "mark_index": 27,
        "along_track_m": 27.0,
        "achieved_heading": 264.70217776113276,
        "target_bearing": 265.2972922631515,
        "fix_type": 6,
        "hacc_m": 0.014,
        "corrupt": false,
        "position_interpolated": true,
        "captured_at_utc": "2026-06-18T21:43:05.522861+00:00"
      },
      "geometry": {
        "type": "Point",
        "coordinates": [
          -114.00623905616249,
          46.67500430324722
        ]
      }
    },
    {
      "type": "Feature",
      "properties": {
        "file": "leg03_m028_b265_2026-06-18T15-43-06.jpg",
        "leg": "leg03",
        "mark_index": 28,
        "along_track_m": 28.0,
        "achieved_heading": 265.4204907113326,
        "target_bearing": 265.2972922631515,
        "fix_type": 6,
        "hacc_m": 0.014,
        "corrupt": false,
        "position_interpolated": true,
        "captured_at_utc": "2026-06-18T21:43:06.505746+00:00"
      },
      "geometry": {
        "type": "Point",
        "coordinates": [
          -114.00625195938453,
          46.67500374895727
        ]
      }
    },
    {
      "type": "Feature",
      "properties": {
        "file": "leg03_m029_b265_2026-06-18T15-43-07.jpg",
        "leg": "leg03",
        "mark_index": 29,
        "along_track_m": 29.0,
        "achieved_heading": 265.03781240586045,
        "target_bearing": 265.2972922631515,
        "fix_type": 6,
        "hacc_m": 0.014,
        "corrupt": false,
        "position_interpolated": true,
        "captured_at_utc": "2026-06-18T21:43:07.614705+00:00"
      },
      "geometry": {
        "type": "Point",
        "coordinates": [
          -114.00626539999999,
          46.6750032
        ]
      }
    },
    {
      "type": "Feature",
      "properties": {
        "file": "leg03_m030_b265_2026-06-18T15-43-08.jpg",
        "leg": "leg03",
        "mark_index": 30,
        "along_track_m": 30.0,
        "achieved_heading": 264.58498311941867,
        "target_bearing": 265.2972922631515,
        "fix_type": 6,
        "hacc_m": 0.014,
        "corrupt": false,
        "position_interpolated": true,
        "captured_at_utc": "2026-06-18T21:43:08.596891+00:00"
      },
      "geometry": {
        "type": "Point",
        "coordinates": [
          -114.00627879999999,
          46.6750027
        ]
      }
    },
    {
      "type": "Feature",
      "properties": {
        "file": "leg03_m031_b265_2026-06-18T15-43-09.jpg",
        "leg": "leg03",
        "mark_index": 31,
        "along_track_m": 31.0,
        "achieved_heading": 265.02613752114314,
        "target_bearing": 265.2972922631515,
        "fix_type": 6,
        "hacc_m": 0.014,
        "corrupt": false,
        "position_interpolated": true,
        "captured_at_utc": "2026-06-18T21:43:09.522556+00:00"
      },
      "geometry": {
        "type": "Point",
        "coordinates": [
          -114.00629216889799,
          46.675002002144964
        ]
      }
    },
    {
      "type": "Feature",
      "properties": {
        "file": "leg03_m032_b265_2026-06-18T15-43-10.jpg",
        "leg": "leg03",
        "mark_index": 32,
        "along_track_m": 32.0,
        "achieved_heading": 263.64285743692363,
        "target_bearing": 265.2972922631515,
        "fix_type": 6,
        "hacc_m": 0.014,
        "corrupt": false,
        "position_interpolated": true,
        "captured_at_utc": "2026-06-18T21:43:10.568491+00:00"
      },
      "geometry": {
        "type": "Point",
        "coordinates": [
          -114.0063055,
          46.6750013
        ]
      }
    },
    {
      "type": "Feature",
      "properties": {
        "file": "leg03_m033_b265_2026-06-18T15-43-11.jpg",
        "leg": "leg03",
        "mark_index": 33,
        "along_track_m": 33.0,
        "achieved_heading": 264.1746960505741,
        "target_bearing": 265.2972922631515,
        "fix_type": 6,
        "hacc_m": 0.014,
        "corrupt": false,
        "position_interpolated": true,
        "captured_at_utc": "2026-06-18T21:43:11.470965+00:00"
      },
      "geometry": {
        "type": "Point",
        "coordinates": [
          -114.0063180470901,
          46.67500058365665
        ]
      }
    },
    {
      "type": "Feature",
      "properties": {
        "file": "leg03_m034_b265_2026-06-18T15-43-12.jpg",
        "leg": "leg03",
        "mark_index": 34,
        "along_track_m": 34.0,
        "achieved_heading": 264.8968654619989,
        "target_bearing": 265.2972922631515,
        "fix_type": 6,
        "hacc_m": 0.014,
        "corrupt": false,
        "position_interpolated": true,
        "captured_at_utc": "2026-06-18T21:43:12.516755+00:00"
      },
      "geometry": {
        "type": "Point",
        "coordinates": [
          -114.00633187732053,
          46.6749996345728
        ]
      }
    },
    {
      "type": "Feature",
      "properties": {
        "file": "leg03_m035_b265_2026-06-18T15-43-13.jpg",
        "leg": "leg03",
        "mark_index": 35,
        "along_track_m": 35.0,
        "achieved_heading": 265.16733425511376,
        "target_bearing": 265.2972922631515,
        "fix_type": 6,
        "hacc_m": 0.014,
        "corrupt": false,
        "position_interpolated": true,
        "captured_at_utc": "2026-06-18T21:43:13.503679+00:00"
      },
      "geometry": {
        "type": "Point",
        "coordinates": [
          -114.00634544147717,
          46.67499892560877
        ]
      }
    },
    {
      "type": "Feature",
      "properties": {
        "file": "leg03_m036_b265_2026-06-18T15-43-14.jpg",
        "leg": "leg03",
        "mark_index": 36,
        "along_track_m": 36.0,
        "achieved_heading": 263.90284341458096,
        "target_bearing": 265.2972922631515,
        "fix_type": 6,
        "hacc_m": 0.014,
        "corrupt": false,
        "position_interpolated": true,
        "captured_at_utc": "2026-06-18T21:43:14.479156+00:00"
      },
      "geometry": {
        "type": "Point",
        "coordinates": [
          -114.00635792410249,
          46.67499825542125
        ]
      }
    },
    {
      "type": "Feature",
      "properties": {
        "file": "leg03_m037_b265_2026-06-18T15-43-15.jpg",
        "leg": "leg03",
        "mark_index": 37,
        "along_track_m": 37.0,
        "achieved_heading": 263.3639579323702,
        "target_bearing": 265.2972922631515,
        "fix_type": 6,
        "hacc_m": 0.014,
        "corrupt": false,
        "position_interpolated": true,
        "captured_at_utc": "2026-06-18T21:43:15.384372+00:00"
      },
      "geometry": {
        "type": "Point",
        "coordinates": [
          -114.00636929999999,
          46.674997499999996
        ]
      }
    },
    {
      "type": "Feature",
      "properties": {
        "file": "leg03_m038_b265_2026-06-18T15-43-16.jpg",
        "leg": "leg03",
        "mark_index": 38,
        "along_track_m": 38.0,
        "achieved_heading": 264.47577472286486,
        "target_bearing": 265.2972922631515,
        "fix_type": 6,
        "hacc_m": 0.014,
        "corrupt": false,
        "position_interpolated": true,
        "captured_at_utc": "2026-06-18T21:43:16.357867+00:00"
      },
      "geometry": {
        "type": "Point",
        "coordinates": [
          -114.00638239999999,
          46.6749964
        ]
      }
    },
    {
      "type": "Feature",
      "properties": {
        "file": "leg03_m039_b265_2026-06-18T15-43-17.jpg",
        "leg": "leg03",
        "mark_index": 39,
        "along_track_m": 39.0,
        "achieved_heading": 266.40253396069465,
        "target_bearing": 265.2972922631515,
        "fix_type": 6,
        "hacc_m": 0.014,
        "corrupt": false,
        "position_interpolated": true,
        "captured_at_utc": "2026-06-18T21:43:17.413516+00:00"
      },
      "geometry": {
        "type": "Point",
        "coordinates": [
          -114.0063957,
          46.6749957
        ]
      }
    },
    {
      "type": "Feature",
      "properties": {
        "file": "leg03_m040_b265_2026-06-18T15-43-18.jpg",
        "leg": "leg03",
        "mark_index": 40,
        "along_track_m": 40.0,
        "achieved_heading": 267.1541780670681,
        "target_bearing": 265.2972922631515,
        "fix_type": 6,
        "hacc_m": 0.014,
        "corrupt": false,
        "position_interpolated": true,
        "captured_at_utc": "2026-06-18T21:43:18.393531+00:00"
      },
      "geometry": {
        "type": "Point",
        "coordinates": [
          -114.00640899999999,
          46.674994899999994
        ]
      }
    },
    {
      "type": "Feature",
      "properties": {
        "file": "leg03_m041_b265_2026-06-18T15-43-19.jpg",
        "leg": "leg03",
        "mark_index": 41,
        "along_track_m": 41.0,
        "achieved_heading": 266.499741324728,
        "target_bearing": 265.2972922631515,
        "fix_type": 6,
        "hacc_m": 0.014,
        "corrupt": false,
        "position_interpolated": true,
        "captured_at_utc": "2026-06-18T21:43:19.301407+00:00"
      },
      "geometry": {
        "type": "Point",
        "coordinates": [
          -114.00642184485854,
          46.67499461750544
        ]
      }
    },
    {
      "type": "Feature",
      "properties": {
        "file": "leg03_m042_b265_2026-06-18T15-43-20.jpg",
        "leg": "leg03",
        "mark_index": 42,
        "along_track_m": 42.0,
        "achieved_heading": 264.3261612263993,
        "target_bearing": 265.2972922631515,
        "fix_type": 6,
        "hacc_m": 0.014,
        "corrupt": false,
        "position_interpolated": true,
        "captured_at_utc": "2026-06-18T21:43:20.347077+00:00"
      },
      "geometry": {
        "type": "Point",
        "coordinates": [
          -114.0064354,
          46.6749939
        ]
      }
    },
    {
      "type": "Feature",
      "properties": {
        "file": "leg03_m043_b265_2026-06-18T15-43-21.jpg",
        "leg": "leg03",
        "mark_index": 43,
        "along_track_m": 43.0,
        "achieved_heading": 263.6398571312707,
        "target_bearing": 265.2972922631515,
        "fix_type": 6,
        "hacc_m": 0.014,
        "corrupt": false,
        "position_interpolated": true,
        "captured_at_utc": "2026-06-18T21:43:21.260145+00:00"
      },
      "geometry": {
        "type": "Point",
        "coordinates": [
          -114.00644780251642,
          46.674993336943835
        ]
      }
    },
    {
      "type": "Feature",
      "properties": {
        "file": "leg03_m044_b265_2026-06-18T15-43-22.jpg",
        "leg": "leg03",
        "mark_index": 44,
        "along_track_m": 44.0,
        "achieved_heading": 264.0987984937405,
        "target_bearing": 265.2972922631515,
        "fix_type": 6,
        "hacc_m": 0.014,
        "corrupt": false,
        "position_interpolated": true,
        "captured_at_utc": "2026-06-18T21:43:22.310859+00:00"
      },
      "geometry": {
        "type": "Point",
        "coordinates": [
          -114.00646193573823,
          46.674992609787466
        ]
      }
    },
    {
      "type": "Feature",
      "properties": {
        "file": "leg03_m045_b265_2026-06-18T15-43-23.jpg",
        "leg": "leg03",
        "mark_index": 45,
        "along_track_m": 45.0,
        "achieved_heading": 264.00173331255445,
        "target_bearing": 265.2972922631515,
        "fix_type": 6,
        "hacc_m": 0.014,
        "corrupt": false,
        "position_interpolated": true,
        "captured_at_utc": "2026-06-18T21:43:23.301808+00:00"
      },
      "geometry": {
        "type": "Point",
        "coordinates": [
          -114.00647529994922,
          46.6749918
        ]
      }
    },
    {
      "type": "Feature",
      "properties": {
        "file": "leg03_m046_b265_2026-06-18T15-43-24.jpg",
        "leg": "leg03",
        "mark_index": 46,
        "along_track_m": 46.0,
        "achieved_heading": 264.03505393665137,
        "target_bearing": 265.2972922631515,
        "fix_type": 6,
        "hacc_m": 0.014,
        "corrupt": false,
        "position_interpolated": true,
        "captured_at_utc": "2026-06-18T21:43:24.280400+00:00"
      },
      "geometry": {
        "type": "Point",
        "coordinates": [
          -114.00648803822956,
          46.67499115294164
        ]
      }
    },
    {
      "type": "Feature",
      "properties": {
        "file": "leg03_m047_b265_2026-06-18T15-43-25.jpg",
        "leg": "leg03",
        "mark_index": 47,
        "along_track_m": 47.0,
        "achieved_heading": 263.17712744142307,
        "target_bearing": 265.2972922631515,
        "fix_type": 6,
        "hacc_m": 0.014,
        "corrupt": false,
        "position_interpolated": true,
        "captured_at_utc": "2026-06-18T21:43:25.266132+00:00"
      },
      "geometry": {
        "type": "Point",
        "coordinates": [
          -114.00650116231077,
          46.67499036443763
        ]
      }
    },
    {
      "type": "Feature",
      "properties": {
        "file": "leg03_m048_b265_2026-06-18T15-43-26.jpg",
        "leg": "leg03",
        "mark_index": 48,
        "along_track_m": 48.0,
        "achieved_heading": 263.77461886490937,
        "target_bearing": 265.2972922631515,
        "fix_type": 6,
        "hacc_m": 0.014,
        "corrupt": false,
        "position_interpolated": true,
        "captured_at_utc": "2026-06-18T21:43:26.312380+00:00"
      },
      "geometry": {
        "type": "Point",
        "coordinates": [
          -114.00651488942958,
          46.67498921619772
        ]
      }
    },
    {
      "type": "Feature",
      "properties": {
        "file": "leg03_m049_b265_2026-06-18T15-43-27.jpg",
        "leg": "leg03",
        "mark_index": 49,
        "along_track_m": 49.0,
        "achieved_heading": 264.9223195183268,
        "target_bearing": 265.2972922631515,
        "fix_type": 6,
        "hacc_m": 0.014,
        "corrupt": false,
        "position_interpolated": true,
        "captured_at_utc": "2026-06-18T21:43:27.222510+00:00"
      },
      "geometry": {
        "type": "Point",
        "coordinates": [
          -114.00652696362691,
          46.6749884569027
        ]
      }
    },
    {
      "type": "Feature",
      "properties": {
        "file": "leg03_m050_b265_2026-06-18T15-43-28.jpg",
        "leg": "leg03",
        "mark_index": 50,
        "along_track_m": 50.0,
        "achieved_heading": 265.48571733816556,
        "target_bearing": 265.2972922631515,
        "fix_type": 6,
        "hacc_m": 0.014,
        "corrupt": false,
        "position_interpolated": true,
        "captured_at_utc": "2026-06-18T21:43:28.273429+00:00"
      },
      "geometry": {
        "type": "Point",
        "coordinates": [
          -114.00654071830718,
          46.67498746013021
        ]
      }
    },
    {
      "type": "Feature",
      "properties": {
        "file": "leg03_m051_b265_2026-06-18T15-43-29.jpg",
        "leg": "leg03",
        "mark_index": 51,
        "along_track_m": 51.0,
        "achieved_heading": 267.04208235783926,
        "target_bearing": 265.2972922631515,
        "fix_type": 6,
        "hacc_m": 0.014,
        "corrupt": false,
        "position_interpolated": true,
        "captured_at_utc": "2026-06-18T21:43:29.181340+00:00"
      },
      "geometry": {
        "type": "Point",
        "coordinates": [
          -114.0065521,
          46.6749868
        ]
      }
    },
    {
      "type": "Feature",
      "properties": {
        "file": "leg03_m052_b265_2026-06-18T15-43-30.jpg",
        "leg": "leg03",
        "mark_index": 52,
        "along_track_m": 52.0,
        "achieved_heading": 266.27532017205107,
        "target_bearing": 265.2972922631515,
        "fix_type": 6,
        "hacc_m": 0.014,
        "corrupt": false,
        "position_interpolated": true,
        "captured_at_utc": "2026-06-18T21:43:30.240524+00:00"
      },
      "geometry": {
        "type": "Point",
        "coordinates": [
          -114.00656529999999,
          46.674986399999995
        ]
      }
    },
    {
      "type": "Feature",
      "properties": {
        "file": "leg03_m053_b265_2026-06-18T15-43-31.jpg",
        "leg": "leg03",
        "mark_index": 53,
        "along_track_m": 53.0,
        "achieved_heading": 265.61522795065986,
        "target_bearing": 265.2972922631515,
        "fix_type": 6,
        "hacc_m": 0.014,
        "corrupt": false,
        "position_interpolated": true,
        "captured_at_utc": "2026-06-18T21:43:31.149427+00:00"
      },
      "geometry": {
        "type": "Point",
        "coordinates": [
          -114.00657849999999,
          46.674985799999995
        ]
      }
    },
    {
      "type": "Feature",
      "properties": {
        "file": "leg03_m054_b265_2026-06-18T15-43-32.jpg",
        "leg": "leg03",
        "mark_index": 54,
        "along_track_m": 54.0,
        "achieved_heading": 265.42540012443425,
        "target_bearing": 265.2972922631515,
        "fix_type": 6,
        "hacc_m": 0.014,
        "corrupt": false,
        "position_interpolated": true,
        "captured_at_utc": "2026-06-18T21:43:32.197848+00:00"
      },
      "geometry": {
        "type": "Point",
        "coordinates": [
          -114.0065917,
          46.6749851
        ]
      }
    },
    {
      "type": "Feature",
      "properties": {
        "file": "leg03_m055_b265_2026-06-18T15-43-33.jpg",
        "leg": "leg03",
        "mark_index": 55,
        "along_track_m": 55.0,
        "achieved_heading": 265.5154934532842,
        "target_bearing": 265.2972922631515,
        "fix_type": 6,
        "hacc_m": 0.014,
        "corrupt": false,
        "position_interpolated": true,
        "captured_at_utc": "2026-06-18T21:43:33.243955+00:00"
      },
      "geometry": {
        "type": "Point",
        "coordinates": [
          -114.00660479999999,
          46.6749844
        ]
      }
    },
    {
      "type": "Feature",
      "properties": {
        "file": "leg03_m056_b265_2026-06-18T15-43-34.jpg",
        "leg": "leg03",
        "mark_index": 56,
        "along_track_m": 56.0,
        "achieved_heading": 265.4211694563073,
        "target_bearing": 265.2972922631515,
        "fix_type": 6,
        "hacc_m": 0.014,
        "corrupt": false,
        "position_interpolated": true,
        "captured_at_utc": "2026-06-18T21:43:34.082437+00:00"
      },
      "geometry": {
        "type": "Point",
        "coordinates": [
          -114.00661754413586,
          46.6749836581434
        ]
      }
    },
    {
      "type": "Feature",
      "properties": {
        "file": "leg03_m057_b265_2026-06-18T15-43-35.jpg",
        "leg": "leg03",
        "mark_index": 57,
        "along_track_m": 57.0,
        "achieved_heading": 265.9459940951961,
        "target_bearing": 265.2972922631515,
        "fix_type": 6,
        "hacc_m": 0.014,
        "corrupt": false,
        "position_interpolated": true,
        "captured_at_utc": "2026-06-18T21:43:35.130877+00:00"
      },
      "geometry": {
        "type": "Point",
        "coordinates": [
          -114.00663145783939,
          46.67498260546772
        ]
      }
    },
    {
      "type": "Feature",
      "properties": {
        "file": "leg03_m058_b265_2026-06-18T15-43-36.jpg",
        "leg": "leg03",
        "mark_index": 58,
        "along_track_m": 58.0,
        "achieved_heading": 266.21228398251753,
        "target_bearing": 265.2972922631515,
        "fix_type": 6,
        "hacc_m": 0.014,
        "corrupt": false,
        "position_interpolated": true,
        "captured_at_utc": "2026-06-18T21:43:36.109828+00:00"
      },
      "geometry": {
        "type": "Point",
        "coordinates": [
          -114.00664435567339,
          46.67498201777306
        ]
      }
    },
    {
      "type": "Feature",
      "properties": {
        "file": "leg03_m059_b265_2026-06-18T15-43-37.jpg",
        "leg": "leg03",
        "mark_index": 59,
        "along_track_m": 59.0,
        "achieved_heading": 265.45957888942354,
        "target_bearing": 265.2972922631515,
        "fix_type": 6,
        "hacc_m": 0.014,
        "corrupt": false,
        "position_interpolated": true,
        "captured_at_utc": "2026-06-18T21:43:37.172688+00:00"
      },
      "geometry": {
        "type": "Point",
        "coordinates": [
          -114.00665819999999,
          46.6749814
        ]
      }
    },
    {
      "type": "Feature",
      "properties": {
        "file": "leg03_m060_b265_2026-06-18T15-43-38.jpg",
        "leg": "leg03",
        "mark_index": 60,
        "along_track_m": 60.0,
        "achieved_heading": 265.41674444461125,
        "target_bearing": 265.2972922631515,
        "fix_type": 6,
        "hacc_m": 0.014,
        "corrupt": false,
        "position_interpolated": true,
        "captured_at_utc": "2026-06-18T21:43:38.070866+00:00"
      },
      "geometry": {
        "type": "Point",
        "coordinates": [
          -114.00667074242507,
          46.6749808
        ]
      }
    },
    {
      "type": "Feature",
      "properties": {
        "file": "leg03_m061_b265_2026-06-18T15-43-39.jpg",
        "leg": "leg03",
        "mark_index": 61,
        "along_track_m": 61.0,
        "achieved_heading": 264.32474132479854,
        "target_bearing": 265.2972922631515,
        "fix_type": 6,
        "hacc_m": 0.014,
        "corrupt": false,
        "position_interpolated": true,
        "captured_at_utc": "2026-06-18T21:43:39.058221+00:00"
      },
      "geometry": {
        "type": "Point",
        "coordinates": [
          -114.00668399084569,
          46.67497987762725
        ]
      }
    },
    {
      "type": "Feature",
      "properties": {
        "file": "leg03_m062_b265_2026-06-18T15-43-39.jpg",
        "leg": "leg03",
        "mark_index": 62,
        "along_track_m": 62.0,
        "achieved_heading": 264.30522273349874,
        "target_bearing": 265.2972922631515,
        "fix_type": 6,
        "hacc_m": 0.014,
        "corrupt": false,
        "position_interpolated": true,
        "captured_at_utc": "2026-06-18T21:43:39.959314+00:00"
      },
      "geometry": {
        "type": "Point",
        "coordinates": [
          -114.0066957,
          46.674979
        ]
      }
    },
    {
      "type": "Feature",
      "properties": {
        "file": "leg03_m063_b265_2026-06-18T15-43-41.jpg",
        "leg": "leg03",
        "mark_index": 63,
        "along_track_m": 63.0,
        "achieved_heading": 264.1834577983995,
        "target_bearing": 265.2972922631515,
        "fix_type": 6,
        "hacc_m": 0.014,
        "corrupt": false,
        "position_interpolated": true,
        "captured_at_utc": "2026-06-18T21:43:41.021720+00:00"
      },
      "geometry": {
        "type": "Point",
        "coordinates": [
          -114.006709,
          46.6749782
        ]
      }
    },
    {
      "type": "Feature",
      "properties": {
        "file": "leg03_m064_b265_2026-06-18T15-43-41.jpg",
        "leg": "leg03",
        "mark_index": 64,
        "along_track_m": 64.0,
        "achieved_heading": 265.782542115355,
        "target_bearing": 265.2972922631515,
        "fix_type": 6,
        "hacc_m": 0.014,
        "corrupt": false,
        "position_interpolated": true,
        "captured_at_utc": "2026-06-18T21:43:41.926912+00:00"
      },
      "geometry": {
        "type": "Point",
        "coordinates": [
          -114.00672209999999,
          46.6749775
        ]
      }
    },
    {
      "type": "Feature",
      "properties": {
        "file": "leg03_m065_b265_2026-06-18T15-43-42.jpg",
        "leg": "leg03",
        "mark_index": 65,
        "along_track_m": 65.0,
        "achieved_heading": 264.88561609012993,
        "target_bearing": 265.2972922631515,
        "fix_type": 6,
        "hacc_m": 0.014,
        "corrupt": false,
        "position_interpolated": true,
        "captured_at_utc": "2026-06-18T21:43:42.977371+00:00"
      },
      "geometry": {
        "type": "Point",
        "coordinates": [
          -114.0067354,
          46.674977
        ]
      }
    },
    {
      "type": "Feature",
      "properties": {
        "file": "leg03_m066_b265_2026-06-18T15-43-44.jpg",
        "leg": "leg03",
        "mark_index": 66,
        "along_track_m": 66.0,
        "achieved_heading": 264.2388029360751,
        "target_bearing": 265.2972922631515,
        "fix_type": 6,
        "hacc_m": 0.014,
        "corrupt": false,
        "position_interpolated": true,
        "captured_at_utc": "2026-06-18T21:43:44.022482+00:00"
      },
      "geometry": {
        "type": "Point",
        "coordinates": [
          -114.00674889999999,
          46.6749763
        ]
      }
    },
    {
      "type": "Feature",
      "properties": {
        "file": "leg03_m067_b265_2026-06-18T15-43-44.jpg",
        "leg": "leg03",
        "mark_index": 67,
        "along_track_m": 67.0,
        "achieved_heading": 263.61203416143655,
        "target_bearing": 265.2972922631515,
        "fix_type": 6,
        "hacc_m": 0.014,
        "corrupt": false,
        "position_interpolated": true,
        "captured_at_utc": "2026-06-18T21:43:44.864272+00:00"
      },
      "geometry": {
        "type": "Point",
        "coordinates": [
          -114.00676108472717,
          46.674975531356644
        ]
      }
    },
    {
      "type": "Feature",
      "properties": {
        "file": "leg03_m068_b265_2026-06-18T15-43-45.jpg",
        "leg": "leg03",
        "mark_index": 68,
        "along_track_m": 68.0,
        "achieved_heading": 264.7200150149548,
        "target_bearing": 265.2972922631515,
        "fix_type": 6,
        "hacc_m": 0.014,
        "corrupt": false,
        "position_interpolated": true,
        "captured_at_utc": "2026-06-18T21:43:45.915925+00:00"
      },
      "geometry": {
        "type": "Point",
        "coordinates": [
          -114.00677516465628,
          46.67497470563932
        ]
      }
    },
    {
      "type": "Feature",
      "properties": {
        "file": "leg03_m069_b265_2026-06-18T15-43-47.jpg",
        "leg": "leg03",
        "mark_index": 69,
        "along_track_m": 69.0,
        "achieved_heading": 267.59023710147824,
        "target_bearing": 265.2972922631515,
        "fix_type": 6,
        "hacc_m": 0.014,
        "corrupt": false,
        "position_interpolated": true,
        "captured_at_utc": "2026-06-18T21:43:46.959054+00:00"
      },
      "geometry": {
        "type": "Point",
        "coordinates": [
          -114.0067887,
          46.6749742
        ]
      }
    },
    {
      "type": "Feature",
      "properties": {
        "file": "leg03_m070_b265_2026-06-18T15-43-47.jpg",
        "leg": "leg03",
        "mark_index": 70,
        "along_track_m": 69.732,
        "achieved_heading": 270.6518691466302,
        "target_bearing": 265.2972922631515,
        "fix_type": 6,
        "hacc_m": 0.014,
        "corrupt": false,
        "position_interpolated": true,
        "captured_at_utc": "2026-06-18T21:43:47.521809+00:00"
      },
      "geometry": {
        "type": "Point",
        "coordinates": [
          -114.00679672084448,
          46.6749742
        ]
      }
    },
    {
      "type": "Feature",
      "properties": {
        "file": "leg04_m000_b355_2026-06-18T15-43-51.jpg",
        "leg": "leg04",
        "mark_index": 0,
        "along_track_m": 0.0,
        "achieved_heading": 353.3985485109827,
        "target_bearing": 355.32619881638425,
        "fix_type": 6,
        "hacc_m": 0.014,
        "corrupt": false,
        "position_interpolated": true,
        "captured_at_utc": "2026-06-18T21:43:51.230008+00:00"
      },
      "geometry": {
        "type": "Point",
        "coordinates": [
          -114.0068029,
          46.674974999999996
        ]
      }
    },
    {
      "type": "Feature",
      "properties": {
        "file": "leg04_m001_b355_2026-06-18T15-43-52.jpg",
        "leg": "leg04",
        "mark_index": 1,
        "along_track_m": 1.0,
        "achieved_heading": 349.3212089534933,
        "target_bearing": 355.32619881638425,
        "fix_type": 6,
        "hacc_m": 0.014,
        "corrupt": false,
        "position_interpolated": true,
        "captured_at_utc": "2026-06-18T21:43:52.648657+00:00"
      },
      "geometry": {
        "type": "Point",
        "coordinates": [
          -114.00680554570567,
          46.67498349141135
        ]
      }
    },
    {
      "type": "Feature",
      "properties": {
        "file": "leg04_m002_b355_2026-06-18T15-43-53.jpg",
        "leg": "leg04",
        "mark_index": 2,
        "along_track_m": 2.0,
        "achieved_heading": 358.1621769154799,
        "target_bearing": 355.32619881638425,
        "fix_type": 6,
        "hacc_m": 0.014,
        "corrupt": false,
        "position_interpolated": true,
        "captured_at_utc": "2026-06-18T21:43:53.759970+00:00"
      },
      "geometry": {
        "type": "Point",
        "coordinates": [
          -114.0068086,
          46.6749929
        ]
      }
    },
    {
      "type": "Feature",
      "properties": {
        "file": "leg04_m003_b355_2026-06-18T15-43-54.jpg",
        "leg": "leg04",
        "mark_index": 3,
        "along_track_m": 3.0,
        "achieved_heading": 8.422189448667098,
        "target_bearing": 355.32619881638425,
        "fix_type": 6,
        "hacc_m": 0.014,
        "corrupt": false,
        "position_interpolated": true,
        "captured_at_utc": "2026-06-18T21:43:54.809256+00:00"
      },
      "geometry": {
        "type": "Point",
        "coordinates": [
          -114.0068088,
          46.6750018
        ]
      }
    },
    {
      "type": "Feature",
      "properties": {
        "file": "leg04_m004_b355_2026-06-18T15-43-55.jpg",
        "leg": "leg04",
        "mark_index": 4,
        "along_track_m": 4.0,
        "achieved_heading": 15.250986929933788,
        "target_bearing": 355.32619881638425,
        "fix_type": 6,
        "hacc_m": 0.014,
        "corrupt": false,
        "position_interpolated": true,
        "captured_at_utc": "2026-06-18T21:43:55.718302+00:00"
      },
      "geometry": {
        "type": "Point",
        "coordinates": [
          -114.00680712116332,
          46.67501043227735
        ]
      }
    },
    {
      "type": "Feature",
      "properties": {
        "file": "leg04_m005_b355_2026-06-18T15-43-56.jpg",
        "leg": "leg04",
        "mark_index": 5,
        "along_track_m": 4.765,
        "achieved_heading": 19.213219266381486,
        "target_bearing": 355.32619881638425,
        "fix_type": 6,
        "hacc_m": 0.014,
        "corrupt": false,
        "position_interpolated": true,
        "captured_at_utc": "2026-06-18T21:43:56.637890+00:00"
      },
      "geometry": {
        "type": "Point",
        "coordinates": [
          -114.006805,
          46.675017399999994
        ]
      }
    },
    {
      "type": "Feature",
      "properties": {
        "file": "leg05_m000_b085_2026-06-18T15-43-59.jpg",
        "leg": "leg05",
        "mark_index": 0,
        "along_track_m": 0.0,
        "achieved_heading": 84.11455514358937,
        "target_bearing": 85.29662519035821,
        "fix_type": 6,
        "hacc_m": 0.014,
        "corrupt": false,
        "position_interpolated": true,
        "captured_at_utc": "2026-06-18T21:43:59.625194+00:00"
      },
      "geometry": {
        "type": "Point",
        "coordinates": [
          -114.0068038,
          46.6750215
        ]
      }
    },
    {
      "type": "Feature",
      "properties": {
        "file": "leg05_m001_b085_2026-06-18T15-44-01.jpg",
        "leg": "leg05",
        "mark_index": 1,
        "along_track_m": 1.0,
        "achieved_heading": 81.10509432466472,
        "target_bearing": 85.29662519035821,
        "fix_type": 6,
        "hacc_m": 0.014,
        "corrupt": false,
        "position_interpolated": true,
        "captured_at_utc": "2026-06-18T21:44:01.321281+00:00"
      },
      "geometry": {
        "type": "Point",
        "coordinates": [
          -114.00678938951361,
          46.6750237837248
        ]
      }
    },
    {
      "type": "Feature",
      "properties": {
        "file": "leg05_m002_b085_2026-06-18T15-44-02.jpg",
        "leg": "leg05",
        "mark_index": 2,
        "along_track_m": 2.0,
        "achieved_heading": 89.72868209917874,
        "target_bearing": 85.29662519035821,
        "fix_type": 6,
        "hacc_m": 0.014,
        "corrupt": false,
        "position_interpolated": true,
        "captured_at_utc": "2026-06-18T21:44:02.449868+00:00"
      },
      "geometry": {
        "type": "Point",
        "coordinates": [
          -114.00677602878652,
          46.6750253697554
        ]
      }
    },
    {
      "type": "Feature",
      "properties": {
        "file": "leg05_m003_b085_2026-06-18T15-44-03.jpg",
        "leg": "leg05",
        "mark_index": 3,
        "along_track_m": 3.0,
        "achieved_heading": 96.686738859027,
        "target_bearing": 85.29662519035821,
        "fix_type": 6,
        "hacc_m": 0.014,
        "corrupt": false,
        "position_interpolated": true,
        "captured_at_utc": "2026-06-18T21:44:03.635243+00:00"
      },
      "geometry": {
        "type": "Point",
        "coordinates": [
          -114.0067636,
          46.6750255
        ]
      }
    },
    {
      "type": "Feature",
      "properties": {
        "file": "leg05_m004_b085_2026-06-18T15-44-04.jpg",
        "leg": "leg05",
        "mark_index": 4,
        "along_track_m": 4.0,
        "achieved_heading": 95.08990548399737,
        "target_bearing": 85.29662519035821,
        "fix_type": 6,
        "hacc_m": 0.014,
        "corrupt": false,
        "position_interpolated": true,
        "captured_at_utc": "2026-06-18T21:44:04.758000+00:00"
      },
      "geometry": {
        "type": "Point",
        "coordinates": [
          -114.0067493,
          46.675024799999996
        ]
      }
    },
    {
      "type": "Feature",
      "properties": {
        "file": "leg05_m005_b085_2026-06-18T15-44-05.jpg",
        "leg": "leg05",
        "mark_index": 5,
        "along_track_m": 5.0,
        "achieved_heading": 90.32536591143082,
        "target_bearing": 85.29662519035821,
        "fix_type": 6,
        "hacc_m": 0.014,
        "corrupt": false,
        "position_interpolated": true,
        "captured_at_utc": "2026-06-18T21:44:05.742599+00:00"
      },
      "geometry": {
        "type": "Point",
        "coordinates": [
          -114.00673689999999,
          46.675024699999994
        ]
      }
    },
    {
      "type": "Feature",
      "properties": {
        "file": "leg05_m006_b085_2026-06-18T15-44-06.jpg",
        "leg": "leg05",
        "mark_index": 6,
        "along_track_m": 6.0,
        "achieved_heading": 86.49681771511234,
        "target_bearing": 85.29662519035821,
        "fix_type": 6,
        "hacc_m": 0.014,
        "corrupt": false,
        "position_interpolated": true,
        "captured_at_utc": "2026-06-18T21:44:06.857798+00:00"
      },
      "geometry": {
        "type": "Point",
        "coordinates": [
          -114.00672331027722,
          46.67502526498934
        ]
      }
    },
    {
      "type": "Feature",
      "properties": {
        "file": "leg05_m007_b085_2026-06-18T15-44-07.jpg",
        "leg": "leg05",
        "mark_index": 7,
        "along_track_m": 7.0,
        "achieved_heading": 85.85779788620289,
        "target_bearing": 85.29662519035821,
        "fix_type": 6,
        "hacc_m": 0.014,
        "corrupt": false,
        "position_interpolated": true,
        "captured_at_utc": "2026-06-18T21:44:07.853085+00:00"
      },
      "geometry": {
        "type": "Point",
        "coordinates": [
          -114.00671153977108,
          46.675026389034336
        ]
      }
    },
    {
      "type": "Feature",
      "properties": {
        "file": "leg05_m008_b085_2026-06-18T15-44-09.jpg",
        "leg": "leg05",
        "mark_index": 8,
        "along_track_m": 8.0,
        "achieved_heading": 88.31914988947489,
        "target_bearing": 85.29662519035821,
        "fix_type": 6,
        "hacc_m": 0.014,
        "corrupt": false,
        "position_interpolated": true,
        "captured_at_utc": "2026-06-18T21:44:09.019591+00:00"
      },
      "geometry": {
        "type": "Point",
        "coordinates": [
          -114.00669767003657,
          46.67502724478101
        ]
      }
    },
    {
      "type": "Feature",
      "properties": {
        "file": "leg05_m009_b085_2026-06-18T15-44-10.jpg",
        "leg": "leg05",
        "mark_index": 9,
        "along_track_m": 9.0,
        "achieved_heading": 89.49176226746744,
        "target_bearing": 85.29662519035821,
        "fix_type": 6,
        "hacc_m": 0.014,
        "corrupt": false,
        "position_interpolated": true,
        "captured_at_utc": "2026-06-18T21:44:10.148050+00:00"
      },
      "geometry": {
        "type": "Point",
        "coordinates": [
          -114.0066846,
          46.675027899999996
        ]
      }
    },
    {
      "type": "Feature",
      "properties": {
        "file": "leg05_m010_b085_2026-06-18T15-44-11.jpg",
        "leg": "leg05",
        "mark_index": 10,
        "along_track_m": 10.0,
        "achieved_heading": 89.42951913625518,
        "target_bearing": 85.29662519035821,
        "fix_type": 6,
        "hacc_m": 0.014,
        "corrupt": false,
        "position_interpolated": true,
        "captured_at_utc": "2026-06-18T21:44:11.261319+00:00"
      },
      "geometry": {
        "type": "Point",
        "coordinates": [
          -114.00667114537362,
          46.6750283647761
        ]
      }
    },
    {
      "type": "Feature",
      "properties": {
        "file": "leg05_m011_b085_2026-06-18T15-44-12.jpg",
        "leg": "leg05",
        "mark_index": 11,
        "along_track_m": 11.0,
        "achieved_heading": 89.23469708896283,
        "target_bearing": 85.29662519035821,
        "fix_type": 6,
        "hacc_m": 0.014,
        "corrupt": false,
        "position_interpolated": true,
        "captured_at_utc": "2026-06-18T21:44:12.382762+00:00"
      },
      "geometry": {
        "type": "Point",
        "coordinates": [
          -114.00665819999999,
          46.6750289
        ]
      }
    },
    {
      "type": "Feature",
      "properties": {
        "file": "leg05_m012_b085_2026-06-18T15-44-13.jpg",
        "leg": "leg05",
        "mark_index": 12,
        "along_track_m": 12.0,
        "achieved_heading": 88.91179131269837,
        "target_bearing": 85.29662519035821,
        "fix_type": 6,
        "hacc_m": 0.014,
        "corrupt": false,
        "position_interpolated": true,
        "captured_at_utc": "2026-06-18T21:44:13.365073+00:00"
      },
      "geometry": {
        "type": "Point",
        "coordinates": [
          -114.0066461,
          46.6750295
        ]
      }
    },
    {
      "type": "Feature",
      "properties": {
        "file": "leg05_m013_b085_2026-06-18T15-44-14.jpg",
        "leg": "leg05",
        "mark_index": 13,
        "along_track_m": 13.0,
        "achieved_heading": 89.4170540671227,
        "target_bearing": 85.29662519035821,
        "fix_type": 6,
        "hacc_m": 0.014,
        "corrupt": false,
        "position_interpolated": true,
        "captured_at_utc": "2026-06-18T21:44:14.485458+00:00"
      },
      "geometry": {
        "type": "Point",
        "coordinates": [
          -114.00663235179069,
          46.675030174918604
        ]
      }
    },
    {
      "type": "Feature",
      "properties": {
        "file": "leg05_m014_b085_2026-06-18T15-44-15.jpg",
        "leg": "leg05",
        "mark_index": 14,
        "along_track_m": 14.0,
        "achieved_heading": 87.79066862126336,
        "target_bearing": 85.29662519035821,
        "fix_type": 6,
        "hacc_m": 0.014,
        "corrupt": false,
        "position_interpolated": true,
        "captured_at_utc": "2026-06-18T21:44:15.613590+00:00"
      },
      "geometry": {
        "type": "Point",
        "coordinates": [
          -114.0066198,
          46.675031
        ]
      }
    },
    {
      "type": "Feature",
      "properties": {
        "file": "leg05_m015_b085_2026-06-18T15-44-16.jpg",
        "leg": "leg05",
        "mark_index": 15,
        "along_track_m": 15.0,
        "achieved_heading": 88.82779914513253,
        "target_bearing": 85.29662519035821,
        "fix_type": 6,
        "hacc_m": 0.014,
        "corrupt": false,
        "position_interpolated": true,
        "captured_at_utc": "2026-06-18T21:44:16.719727+00:00"
      },
      "geometry": {
        "type": "Point",
        "coordinates": [
          -114.00660560409854,
          46.67503189599621
        ]
      }
    },
    {
      "type": "Feature",
      "properties": {
        "file": "leg05_m016_b085_2026-06-18T15-44-17.jpg",
        "leg": "leg05",
        "mark_index": 16,
        "along_track_m": 16.0,
        "achieved_heading": 89.15308437474232,
        "target_bearing": 85.29662519035821,
        "fix_type": 6,
        "hacc_m": 0.014,
        "corrupt": false,
        "position_interpolated": true,
        "captured_at_utc": "2026-06-18T21:44:17.842820+00:00"
      },
      "geometry": {
        "type": "Point",
        "coordinates": [
          -114.0065935,
          46.675032699999996
        ]
      }
    },
    {
      "type": "Feature",
      "properties": {
        "file": "leg05_m017_b085_2026-06-18T15-44-19.jpg",
        "leg": "leg05",
        "mark_index": 17,
        "along_track_m": 17.0,
        "achieved_heading": 88.45090063881003,
        "target_bearing": 85.29662519035821,
        "fix_type": 6,
        "hacc_m": 0.014,
        "corrupt": false,
        "position_interpolated": true,
        "captured_at_utc": "2026-06-18T21:44:18.972109+00:00"
      },
      "geometry": {
        "type": "Point",
        "coordinates": [
          -114.00657869999999,
          46.6750331
        ]
      }
    },
    {
      "type": "Feature",
      "properties": {
        "file": "leg05_m018_b085_2026-06-18T15-44-19.jpg",
        "leg": "leg05",
        "mark_index": 18,
        "along_track_m": 18.0,
        "achieved_heading": 86.51132805995638,
        "target_bearing": 85.29662519035821,
        "fix_type": 6,
        "hacc_m": 0.014,
        "corrupt": false,
        "position_interpolated": true,
        "captured_at_utc": "2026-06-18T21:44:19.873871+00:00"
      },
      "geometry": {
        "type": "Point",
        "coordinates": [
          -114.00656738377708,
          46.675033673464675
        ]
      }
    },
    {
      "type": "Feature",
      "properties": {
        "file": "leg05_m019_b085_2026-06-18T15-44-21.jpg",
        "leg": "leg05",
        "mark_index": 19,
        "along_track_m": 19.0,
        "achieved_heading": 86.7365648460497,
        "target_bearing": 85.29662519035821,
        "fix_type": 6,
        "hacc_m": 0.014,
        "corrupt": false,
        "position_interpolated": true,
        "captured_at_utc": "2026-06-18T21:44:20.995492+00:00"
      },
      "geometry": {
        "type": "Point",
        "coordinates": [
          -114.0065542,
          46.6750344
        ]
      }
    },
    {
      "type": "Feature",
      "properties": {
        "file": "leg05_m020_b085_2026-06-18T15-44-22.jpg",
        "leg": "leg05",
        "mark_index": 20,
        "along_track_m": 20.0,
        "achieved_heading": 85.4945261569087,
        "target_bearing": 85.29662519035821,
        "fix_type": 6,
        "hacc_m": 0.014,
        "corrupt": false,
        "position_interpolated": true,
        "captured_at_utc": "2026-06-18T21:44:22.119271+00:00"
      },
      "geometry": {
        "type": "Point",
        "coordinates": [
          -114.00654002561494,
          46.67503527495269
        ]
      }
    },
    {
      "type": "Feature",
      "properties": {
        "file": "leg05_m021_b085_2026-06-18T15-44-23.jpg",
        "leg": "leg05",
        "mark_index": 21,
        "along_track_m": 21.0,
        "achieved_heading": 85.52941863632668,
        "target_bearing": 85.29662519035821,
        "fix_type": 6,
        "hacc_m": 0.014,
        "corrupt": false,
        "position_interpolated": true,
        "captured_at_utc": "2026-06-18T21:44:23.163704+00:00"
      },
      "geometry": {
        "type": "Point",
        "coordinates": [
          -114.00652769999999,
          46.6750362
        ]
      }
    },
    {
      "type": "Feature",
      "properties": {
        "file": "leg05_m022_b085_2026-06-18T15-44-24.jpg",
        "leg": "leg05",
        "mark_index": 22,
        "along_track_m": 22.0,
        "achieved_heading": 86.15331282145848,
        "target_bearing": 85.29662519035821,
        "fix_type": 6,
        "hacc_m": 0.014,
        "corrupt": false,
        "position_interpolated": true,
        "captured_at_utc": "2026-06-18T21:44:24.140961+00:00"
      },
      "geometry": {
        "type": "Point",
        "coordinates": [
          -114.00651555697797,
          46.67503699525183
        ]
      }
    },
    {
      "type": "Feature",
      "properties": {
        "file": "leg05_m023_b085_2026-06-18T15-44-25.jpg",
        "leg": "leg05",
        "mark_index": 23,
        "along_track_m": 23.0,
        "achieved_heading": 87.9434250814063,
        "target_bearing": 85.29662519035821,
        "fix_type": 6,
        "hacc_m": 0.014,
        "corrupt": false,
        "position_interpolated": true,
        "captured_at_utc": "2026-06-18T21:44:25.260390+00:00"
      },
      "geometry": {
        "type": "Point",
        "coordinates": [
          -114.00650167794508,
          46.675038029277715
        ]
      }
    },
    {
      "type": "Feature",
      "properties": {
        "file": "leg05_m024_b085_2026-06-18T15-44-26.jpg",
        "leg": "leg05",
        "mark_index": 24,
        "along_track_m": 24.0,
        "achieved_heading": 87.9983031319868,
        "target_bearing": 85.29662519035821,
        "fix_type": 6,
        "hacc_m": 0.014,
        "corrupt": false,
        "position_interpolated": true,
        "captured_at_utc": "2026-06-18T21:44:26.382097+00:00"
      },
      "geometry": {
        "type": "Point",
        "coordinates": [
          -114.0064886,
          46.675038699999995
        ]
      }
    },
    {
      "type": "Feature",
      "properties": {
        "file": "leg05_m025_b085_2026-06-18T15-44-27.jpg",
        "leg": "leg05",
        "mark_index": 25,
        "along_track_m": 25.0,
        "achieved_heading": 86.04971834893354,
        "target_bearing": 85.29662519035821,
        "fix_type": 6,
        "hacc_m": 0.014,
        "corrupt": false,
        "position_interpolated": true,
        "captured_at_utc": "2026-06-18T21:44:27.372160+00:00"
      },
      "geometry": {
        "type": "Point",
        "coordinates": [
          -114.0064764,
          46.675039299999995
        ]
      }
    },
    {
      "type": "Feature",
      "properties": {
        "file": "leg05_m026_b085_2026-06-18T15-44-28.jpg",
        "leg": "leg05",
        "mark_index": 26,
        "along_track_m": 26.0,
        "achieved_heading": 86.8975324631777,
        "target_bearing": 85.29662519035821,
        "fix_type": 6,
        "hacc_m": 0.014,
        "corrupt": false,
        "position_interpolated": true,
        "captured_at_utc": "2026-06-18T21:44:28.562096+00:00"
      },
      "geometry": {
        "type": "Point",
        "coordinates": [
          -114.0064622,
          46.6750404
        ]
      }
    },
    {
      "type": "Feature",
      "properties": {
        "file": "leg05_m027_b085_2026-06-18T15-44-29.jpg",
        "leg": "leg05",
        "mark_index": 27,
        "along_track_m": 27.0,
        "achieved_heading": 88.80448769904444,
        "target_bearing": 85.29662519035821,
        "fix_type": 6,
        "hacc_m": 0.014,
        "corrupt": false,
        "position_interpolated": true,
        "captured_at_utc": "2026-06-18T21:44:29.550477+00:00"
      },
      "geometry": {
        "type": "Point",
        "coordinates": [
          -114.00645019999999,
          46.6750409
        ]
      }
    },
    {
      "type": "Feature",
      "properties": {
        "file": "leg05_m028_b085_2026-06-18T15-44-30.jpg",
        "leg": "leg05",
        "mark_index": 28,
        "along_track_m": 28.0,
        "achieved_heading": 87.96182645908641,
        "target_bearing": 85.29662519035821,
        "fix_type": 6,
        "hacc_m": 0.014,
        "corrupt": false,
        "position_interpolated": true,
        "captured_at_utc": "2026-06-18T21:44:30.659405+00:00"
      },
      "geometry": {
        "type": "Point",
        "coordinates": [
          -114.00643669440096,
          46.67504126389086
        ]
      }
    },
    {
      "type": "Feature",
      "properties": {
        "file": "leg05_m029_b085_2026-06-18T15-44-31.jpg",
        "leg": "leg05",
        "mark_index": 29,
        "along_track_m": 29.0,
        "achieved_heading": 85.56364104262855,
        "target_bearing": 85.29662519035821,
        "fix_type": 6,
        "hacc_m": 0.014,
        "corrupt": false,
        "position_interpolated": true,
        "captured_at_utc": "2026-06-18T21:44:31.850279+00:00"
      },
      "geometry": {
        "type": "Point",
        "coordinates": [
          -114.0064238,
          46.6750419
        ]
      }
    },
    {
      "type": "Feature",
      "properties": {
        "file": "leg05_m030_b085_2026-06-18T15-44-32.jpg",
        "leg": "leg05",
        "mark_index": 30,
        "along_track_m": 30.0,
        "achieved_heading": 85.77470918982863,
        "target_bearing": 85.29662519035821,
        "fix_type": 6,
        "hacc_m": 0.014,
        "corrupt": false,
        "position_interpolated": true,
        "captured_at_utc": "2026-06-18T21:44:32.496827+00:00"
      },
      "geometry": {
        "type": "Point",
        "coordinates": [
          -114.00641499896881,
          46.6750425566114
        ]
      }
    },
    {
      "type": "Feature",
      "properties": {
        "file": "leg05_m031_b085_2026-06-18T15-44-34.jpg",
        "leg": "leg05",
        "mark_index": 31,
        "along_track_m": 31.0,
        "achieved_heading": 87.13678338370858,
        "target_bearing": 85.29662519035821,
        "fix_type": 6,
        "hacc_m": 0.014,
        "corrupt": false,
        "position_interpolated": true,
        "captured_at_utc": "2026-06-18T21:44:34.095913+00:00"
      },
      "geometry": {
        "type": "Point",
        "coordinates": [
          -114.00639648695673,
          46.67504357882797
        ]
      }
    },
    {
      "type": "Feature",
      "properties": {
        "file": "leg05_m032_b085_2026-06-18T15-44-35.jpg",
        "leg": "leg05",
        "mark_index": 32,
        "along_track_m": 32.0,
        "achieved_heading": 88.06774588609585,
        "target_bearing": 85.29662519035821,
        "fix_type": 6,
        "hacc_m": 0.014,
        "corrupt": false,
        "position_interpolated": true,
        "captured_at_utc": "2026-06-18T21:44:35.142832+00:00"
      },
      "geometry": {
        "type": "Point",
        "coordinates": [
          -114.00638420708692,
          46.67504429932505
        ]
      }
    },
    {
      "type": "Feature",
      "properties": {
        "file": "leg05_m033_b085_2026-06-18T15-44-36.jpg",
        "leg": "leg05",
        "mark_index": 33,
        "along_track_m": 33.0,
        "achieved_heading": 86.67758529879802,
        "target_bearing": 85.29662519035821,
        "fix_type": 6,
        "hacc_m": 0.014,
        "corrupt": false,
        "position_interpolated": true,
        "captured_at_utc": "2026-06-18T21:44:35.783606+00:00"
      },
      "geometry": {
        "type": "Point",
        "coordinates": [
          -114.0063762317777,
          46.67504465568519
        ]
      }
    },
    {
      "type": "Feature",
      "properties": {
        "file": "leg05_m034_b085_2026-06-18T15-44-37.jpg",
        "leg": "leg05",
        "mark_index": 34,
        "along_track_m": 34.0,
        "achieved_heading": 84.77864907074456,
        "target_bearing": 85.29662519035821,
        "fix_type": 6,
        "hacc_m": 0.014,
        "corrupt": false,
        "position_interpolated": true,
        "captured_at_utc": "2026-06-18T21:44:37.255197+00:00"
      },
      "geometry": {
        "type": "Point",
        "coordinates": [
          -114.00635892434602,
          46.675045260602076
        ]
      }
    },
    {
      "type": "Feature",
      "properties": {
        "file": "leg05_m035_b085_2026-06-18T15-44-38.jpg",
        "leg": "leg05",
        "mark_index": 35,
        "along_track_m": 35.0,
        "achieved_heading": 86.37148272430562,
        "target_bearing": 85.29662519035821,
        "fix_type": 6,
        "hacc_m": 0.014,
        "corrupt": false,
        "position_interpolated": true,
        "captured_at_utc": "2026-06-18T21:44:38.575989+00:00"
      },
      "geometry": {
        "type": "Point",
        "coordinates": [
          -114.006344,
          46.675046599999995
        ]
      }
    },
    {
      "type": "Feature",
      "properties": {
        "file": "leg05_m036_b085_2026-06-18T15-44-39.jpg",
        "leg": "leg05",
        "mark_index": 36,
        "along_track_m": 36.0,
        "achieved_heading": 87.8901825760434,
        "target_bearing": 85.29662519035821,
        "fix_type": 6,
        "hacc_m": 0.014,
        "corrupt": false,
        "position_interpolated": true,
        "captured_at_utc": "2026-06-18T21:44:39.634371+00:00"
      },
      "geometry": {
        "type": "Point",
        "coordinates": [
          -114.0063326,
          46.6750475
        ]
      }
    },
    {
      "type": "Feature",
      "properties": {
        "file": "leg05_m037_b085_2026-06-18T15-44-40.jpg",
        "leg": "leg05",
        "mark_index": 37,
        "along_track_m": 37.0,
        "achieved_heading": 88.70790633475235,
        "target_bearing": 85.29662519035821,
        "fix_type": 6,
        "hacc_m": 0.014,
        "corrupt": false,
        "position_interpolated": true,
        "captured_at_utc": "2026-06-18T21:44:40.755145+00:00"
      },
      "geometry": {
        "type": "Point",
        "coordinates": [
          -114.0063182,
          46.6750481
        ]
      }
    },
    {
      "type": "Feature",
      "properties": {
        "file": "leg05_m038_b085_2026-06-18T15-44-41.jpg",
        "leg": "leg05",
        "mark_index": 38,
        "along_track_m": 38.0,
        "achieved_heading": 87.78647268294924,
        "target_bearing": 85.29662519035821,
        "fix_type": 6,
        "hacc_m": 0.014,
        "corrupt": false,
        "position_interpolated": true,
        "captured_at_utc": "2026-06-18T21:44:41.728383+00:00"
      },
      "geometry": {
        "type": "Point",
        "coordinates": [
          -114.00630593694042,
          46.67504839715843
        ]
      }
    },
    {
      "type": "Feature",
      "properties": {
        "file": "leg05_m039_b085_2026-06-18T15-44-43.jpg",
        "leg": "leg05",
        "mark_index": 39,
        "along_track_m": 39.0,
        "achieved_heading": 85.74936310943957,
        "target_bearing": 85.29662519035821,
        "fix_type": 6,
        "hacc_m": 0.014,
        "corrupt": false,
        "position_interpolated": true,
        "captured_at_utc": "2026-06-18T21:44:42.910702+00:00"
      },
      "geometry": {
        "type": "Point",
        "coordinates": [
          -114.00629162231513,
          46.67504909073686
        ]
      }
    },
    {
      "type": "Feature",
      "properties": {
        "file": "leg05_m040_b085_2026-06-18T15-44-43.jpg",
        "leg": "leg05",
        "mark_index": 40,
        "along_track_m": 40.0,
        "achieved_heading": 85.64652000247168,
        "target_bearing": 85.29662519035821,
        "fix_type": 6,
        "hacc_m": 0.014,
        "corrupt": false,
        "position_interpolated": true,
        "captured_at_utc": "2026-06-18T21:44:43.889503+00:00"
      },
      "geometry": {
        "type": "Point",
        "coordinates": [
          -114.00628015023938,
          46.675049860848745
        ]
      }
    },
    {
      "type": "Feature",
      "properties": {
        "file": "leg05_m041_b085_2026-06-18T15-44-45.jpg",
        "leg": "leg05",
        "mark_index": 41,
        "along_track_m": 41.0,
        "achieved_heading": 84.60886898304892,
        "target_bearing": 85.29662519035821,
        "fix_type": 6,
        "hacc_m": 0.014,
        "corrupt": false,
        "position_interpolated": true,
        "captured_at_utc": "2026-06-18T21:44:45.083638+00:00"
      },
      "geometry": {
        "type": "Point",
        "coordinates": [
          -114.00626595207622,
          46.675050745660315
        ]
      }
    },
    {
      "type": "Feature",
      "properties": {
        "file": "leg05_m042_b085_2026-06-18T15-44-46.jpg",
        "leg": "leg05",
        "mark_index": 42,
        "along_track_m": 42.0,
        "achieved_heading": 84.02319397150518,
        "target_bearing": 85.29662519035821,
        "fix_type": 6,
        "hacc_m": 0.014,
        "corrupt": false,
        "position_interpolated": true,
        "captured_at_utc": "2026-06-18T21:44:46.189535+00:00"
      },
      "geometry": {
        "type": "Point",
        "coordinates": [
          -114.006253,
          46.6750517
        ]
      }
    },
    {
      "type": "Feature",
      "properties": {
        "file": "leg05_m043_b085_2026-06-18T15-44-47.jpg",
        "leg": "leg05",
        "mark_index": 43,
        "along_track_m": 43.0,
        "achieved_heading": 86.89811387020632,
        "target_bearing": 85.29662519035821,
        "fix_type": 6,
        "hacc_m": 0.014,
        "corrupt": false,
        "position_interpolated": true,
        "captured_at_utc": "2026-06-18T21:44:47.311687+00:00"
      },
      "geometry": {
        "type": "Point",
        "coordinates": [
          -114.00623933431753,
          46.675052699999995
        ]
      }
    },
    {
      "type": "Feature",
      "properties": {
        "file": "leg05_m044_b085_2026-06-18T15-44-48.jpg",
        "leg": "leg05",
        "mark_index": 44,
        "along_track_m": 44.0,
        "achieved_heading": 86.63065592961897,
        "target_bearing": 85.29662519035821,
        "fix_type": 6,
        "hacc_m": 0.014,
        "corrupt": false,
        "position_interpolated": true,
        "captured_at_utc": "2026-06-18T21:44:48.360815+00:00"
      },
      "geometry": {
        "type": "Point",
        "coordinates": [
          -114.0062272,
          46.6750531
        ]
      }
    },
    {
      "type": "Feature",
      "properties": {
        "file": "leg05_m045_b085_2026-06-18T15-44-49.jpg",
        "leg": "leg05",
        "mark_index": 45,
        "along_track_m": 45.0,
        "achieved_heading": 85.01898481224566,
        "target_bearing": 85.29662519035821,
        "fix_type": 6,
        "hacc_m": 0.014,
        "corrupt": false,
        "position_interpolated": true,
        "captured_at_utc": "2026-06-18T21:44:49.353564+00:00"
      },
      "geometry": {
        "type": "Point",
        "coordinates": [
          -114.0062147,
          46.6750538
        ]
      }
    },
    {
      "type": "Feature",
      "properties": {
        "file": "leg05_m046_b085_2026-06-18T15-44-50.jpg",
        "leg": "leg05",
        "mark_index": 46,
        "along_track_m": 46.0,
        "achieved_heading": 85.65675039970057,
        "target_bearing": 85.29662519035821,
        "fix_type": 6,
        "hacc_m": 0.014,
        "corrupt": false,
        "position_interpolated": true,
        "captured_at_utc": "2026-06-18T21:44:50.400465+00:00"
      },
      "geometry": {
        "type": "Point",
        "coordinates": [
          -114.0062017110861,
          46.67505453418899
        ]
      }
    },
    {
      "type": "Feature",
      "properties": {
        "file": "leg05_m047_b085_2026-06-18T15-44-51.jpg",
        "leg": "leg05",
        "mark_index": 47,
        "along_track_m": 47.0,
        "achieved_heading": 86.07580545733913,
        "target_bearing": 85.29662519035821,
        "fix_type": 6,
        "hacc_m": 0.014,
        "corrupt": false,
        "position_interpolated": true,
        "captured_at_utc": "2026-06-18T21:44:51.518657+00:00"
      },
      "geometry": {
        "type": "Point",
        "coordinates": [
          -114.00618835749039,
          46.67505510629961
        ]
      }
    },
    {
      "type": "Feature",
      "properties": {
        "file": "leg05_m048_b085_2026-06-18T15-44-52.jpg",
        "leg": "leg05",
        "mark_index": 48,
        "along_track_m": 48.0,
        "achieved_heading": 84.28275791830924,
        "target_bearing": 85.29662519035821,
        "fix_type": 6,
        "hacc_m": 0.014,
        "corrupt": false,
        "position_interpolated": true,
        "captured_at_utc": "2026-06-18T21:44:52.702944+00:00"
      },
      "geometry": {
        "type": "Point",
        "coordinates": [
          -114.00617477376349,
          46.675055986311826
        ]
      }
    },
    {
      "type": "Feature",
      "properties": {
        "file": "leg05_m049_b085_2026-06-18T15-44-53.jpg",
        "leg": "leg05",
        "mark_index": 49,
        "along_track_m": 49.0,
        "achieved_heading": 85.48312275313674,
        "target_bearing": 85.29662519035821,
        "fix_type": 6,
        "hacc_m": 0.014,
        "corrupt": false,
        "position_interpolated": true,
        "captured_at_utc": "2026-06-18T21:44:53.754897+00:00"
      },
      "geometry": {
        "type": "Point",
        "coordinates": [
          -114.0061621,
          46.675056999999995
        ]
      }
    },
    {
      "type": "Feature",
      "properties": {
        "file": "leg05_m050_b085_2026-06-18T15-44-54.jpg",
        "leg": "leg05",
        "mark_index": 50,
        "along_track_m": 50.0,
        "achieved_heading": 88.20482390668462,
        "target_bearing": 85.29662519035821,
        "fix_type": 6,
        "hacc_m": 0.014,
        "corrupt": false,
        "position_interpolated": true,
        "captured_at_utc": "2026-06-18T21:44:54.807799+00:00"
      },
      "geometry": {
        "type": "Point",
        "coordinates": [
          -114.00614936324338,
          46.67505773987525
        ]
      }
    },
    {
      "type": "Feature",
      "properties": {
        "file": "leg05_m051_b085_2026-06-18T15-44-55.jpg",
        "leg": "leg05",
        "mark_index": 51,
        "along_track_m": 51.0,
        "achieved_heading": 87.94375931582772,
        "target_bearing": 85.29662519035821,
        "fix_type": 6,
        "hacc_m": 0.014,
        "corrupt": false,
        "position_interpolated": true,
        "captured_at_utc": "2026-06-18T21:44:55.928718+00:00"
      },
      "geometry": {
        "type": "Point",
        "coordinates": [
          -114.0061358,
          46.675058199999995
        ]
      }
    },
    {
      "type": "Feature",
      "properties": {
        "file": "leg05_m052_b085_2026-06-18T15-44-57.jpg",
        "leg": "leg05",
        "mark_index": 52,
        "along_track_m": 52.0,
        "achieved_heading": 85.62191418240684,
        "target_bearing": 85.29662519035821,
        "fix_type": 6,
        "hacc_m": 0.014,
        "corrupt": false,
        "position_interpolated": true,
        "captured_at_utc": "2026-06-18T21:44:57.046599+00:00"
      },
      "geometry": {
        "type": "Point",
        "coordinates": [
          -114.0061235,
          46.6750585
        ]
      }
    },
    {
      "type": "Feature",
      "properties": {
        "file": "leg05_m053_b085_2026-06-18T15-44-58.jpg",
        "leg": "leg05",
        "mark_index": 53,
        "along_track_m": 53.0,
        "achieved_heading": 83.5555046389847,
        "target_bearing": 85.29662519035821,
        "fix_type": 6,
        "hacc_m": 0.014,
        "corrupt": false,
        "position_interpolated": true,
        "captured_at_utc": "2026-06-18T21:44:58.103717+00:00"
      },
      "geometry": {
        "type": "Point",
        "coordinates": [
          -114.00610963355223,
          46.6750595802388
        ]
      }
    },
    {
      "type": "Feature",
      "properties": {
        "file": "leg05_m054_b085_2026-06-18T15-44-59.jpg",
        "leg": "leg05",
        "mark_index": 54,
        "along_track_m": 54.0,
        "achieved_heading": 84.83939809614083,
        "target_bearing": 85.29662519035821,
        "fix_type": 6,
        "hacc_m": 0.014,
        "corrupt": false,
        "position_interpolated": true,
        "captured_at_utc": "2026-06-18T21:44:59.146770+00:00"
      },
      "geometry": {
        "type": "Point",
        "coordinates": [
          -114.00609689999999,
          46.675060599999995
        ]
      }
    },
    {
      "type": "Feature",
      "properties": {
        "file": "leg05_m055_b085_2026-06-18T15-45-00.jpg",
        "leg": "leg05",
        "mark_index": 55,
        "along_track_m": 55.0,
        "achieved_heading": 86.39468316001012,
        "target_bearing": 85.29662519035821,
        "fix_type": 6,
        "hacc_m": 0.014,
        "corrupt": false,
        "position_interpolated": true,
        "captured_at_utc": "2026-06-18T21:45:00.202400+00:00"
      },
      "geometry": {
        "type": "Point",
        "coordinates": [
          -114.00608390081176,
          46.6750614
        ]
      }
    },
    {
      "type": "Feature",
      "properties": {
        "file": "leg05_m056_b085_2026-06-18T15-45-01.jpg",
        "leg": "leg05",
        "mark_index": 56,
        "along_track_m": 56.0,
        "achieved_heading": 85.03559072392693,
        "target_bearing": 85.29662519035821,
        "fix_type": 6,
        "hacc_m": 0.014,
        "corrupt": false,
        "position_interpolated": true,
        "captured_at_utc": "2026-06-18T21:45:01.386174+00:00"
      },
      "geometry": {
        "type": "Point",
        "coordinates": [
          -114.0060706,
          46.6750623
        ]
      }
    },
    {
      "type": "Feature",
      "properties": {
        "file": "leg05_m057_b085_2026-06-18T15-45-02.jpg",
        "leg": "leg05",
        "mark_index": 57,
        "along_track_m": 57.0,
        "achieved_heading": 87.22570782979051,
        "target_bearing": 85.29662519035821,
        "fix_type": 6,
        "hacc_m": 0.014,
        "corrupt": false,
        "position_interpolated": true,
        "captured_at_utc": "2026-06-18T21:45:02.443945+00:00"
      },
      "geometry": {
        "type": "Point",
        "coordinates": [
          -114.0060584,
          46.6750627
        ]
      }
    },
    {
      "type": "Feature",
      "properties": {
        "file": "leg05_m058_b085_2026-06-18T15-45-03.jpg",
        "leg": "leg05",
        "mark_index": 58,
        "along_track_m": 58.0,
        "achieved_heading": 85.43259759654399,
        "target_bearing": 85.29662519035821,
        "fix_type": 6,
        "hacc_m": 0.014,
        "corrupt": false,
        "position_interpolated": true,
        "captured_at_utc": "2026-06-18T21:45:03.561998+00:00"
      },
      "geometry": {
        "type": "Point",
        "coordinates": [
          -114.0060441,
          46.6750635
        ]
      }
    },
    {
      "type": "Feature",
      "properties": {
        "file": "leg05_m059_b085_2026-06-18T15-45-04.jpg",
        "leg": "leg05",
        "mark_index": 59,
        "along_track_m": 59.0,
        "achieved_heading": 86.82857453091094,
        "target_bearing": 85.29662519035821,
        "fix_type": 6,
        "hacc_m": 0.014,
        "corrupt": false,
        "position_interpolated": true,
        "captured_at_utc": "2026-06-18T21:45:04.609201+00:00"
      },
      "geometry": {
        "type": "Point",
        "coordinates": [
          -114.0060323,
          46.6750639
        ]
      }
    },
    {
      "type": "Feature",
      "properties": {
        "file": "leg05_m060_b085_2026-06-18T15-45-05.jpg",
        "leg": "leg05",
        "mark_index": 60,
        "along_track_m": 60.0,
        "achieved_heading": 86.64996346825166,
        "target_bearing": 85.29662519035821,
        "fix_type": 6,
        "hacc_m": 0.014,
        "corrupt": false,
        "position_interpolated": true,
        "captured_at_utc": "2026-06-18T21:45:05.738004+00:00"
      },
      "geometry": {
        "type": "Point",
        "coordinates": [
          -114.00601789999999,
          46.6750648
        ]
      }
    },
    {
      "type": "Feature",
      "properties": {
        "file": "leg05_m061_b085_2026-06-18T15-45-06.jpg",
        "leg": "leg05",
        "mark_index": 61,
        "along_track_m": 61.0,
        "achieved_heading": 84.96244639964902,
        "target_bearing": 85.29662519035821,
        "fix_type": 6,
        "hacc_m": 0.014,
        "corrupt": false,
        "position_interpolated": true,
        "captured_at_utc": "2026-06-18T21:45:06.857701+00:00"
      },
      "geometry": {
        "type": "Point",
        "coordinates": [
          -114.00600589999999,
          46.6750653
        ]
      }
    },
    {
      "type": "Feature",
      "properties": {
        "file": "leg05_m062_b085_2026-06-18T15-45-08.jpg",
        "leg": "leg05",
        "mark_index": 62,
        "along_track_m": 62.0,
        "achieved_heading": 84.79759473225135,
        "target_bearing": 85.29662519035821,
        "fix_type": 6,
        "hacc_m": 0.014,
        "corrupt": false,
        "position_interpolated": true,
        "captured_at_utc": "2026-06-18T21:45:07.974915+00:00"
      },
      "geometry": {
        "type": "Point",
        "coordinates": [
          -114.0059917,
          46.6750665
        ]
      }
    },
    {
      "type": "Feature",
      "properties": {
        "file": "leg05_m063_b085_2026-06-18T15-45-09.jpg",
        "leg": "leg05",
        "mark_index": 63,
        "along_track_m": 63.0,
        "achieved_heading": 85.71904490588332,
        "target_bearing": 85.29662519035821,
        "fix_type": 6,
        "hacc_m": 0.014,
        "corrupt": false,
        "position_interpolated": true,
        "captured_at_utc": "2026-06-18T21:45:09.090493+00:00"
      },
      "geometry": {
        "type": "Point",
        "coordinates": [
          -114.00597845432475,
          46.6750672
        ]
      }
    },
    {
      "type": "Feature",
      "properties": {
        "file": "leg05_m064_b085_2026-06-18T15-45-10.jpg",
        "leg": "leg05",
        "mark_index": 64,
        "along_track_m": 64.0,
        "achieved_heading": 83.9755300601397,
        "target_bearing": 85.29662519035821,
        "fix_type": 6,
        "hacc_m": 0.014,
        "corrupt": false,
        "position_interpolated": true,
        "captured_at_utc": "2026-06-18T21:45:10.138680+00:00"
      },
      "geometry": {
        "type": "Point",
        "coordinates": [
          -114.00596581472017,
          46.675067898773314
        ]
      }
    },
    {
      "type": "Feature",
      "properties": {
        "file": "leg05_m065_b085_2026-06-18T15-45-11.jpg",
        "leg": "leg05",
        "mark_index": 65,
        "along_track_m": 65.0,
        "achieved_heading": 84.88271448921512,
        "target_bearing": 85.29662519035821,
        "fix_type": 6,
        "hacc_m": 0.014,
        "corrupt": false,
        "position_interpolated": true,
        "captured_at_utc": "2026-06-18T21:45:11.190085+00:00"
      },
      "geometry": {
        "type": "Point",
        "coordinates": [
          -114.00595364565216,
          46.67506882516722
        ]
      }
    },
    {
      "type": "Feature",
      "properties": {
        "file": "leg05_m066_b085_2026-06-18T15-45-12.jpg",
        "leg": "leg05",
        "mark_index": 66,
        "along_track_m": 66.0,
        "achieved_heading": 86.02758907937789,
        "target_bearing": 85.29662519035821,
        "fix_type": 6,
        "hacc_m": 0.014,
        "corrupt": false,
        "position_interpolated": true,
        "captured_at_utc": "2026-06-18T21:45:12.452978+00:00"
      },
      "geometry": {
        "type": "Point",
        "coordinates": [
          -114.0059404,
          46.6750694
        ]
      }
    },
    {
      "type": "Feature",
      "properties": {
        "file": "leg05_m067_b085_2026-06-18T15-45-13.jpg",
        "leg": "leg05",
        "mark_index": 67,
        "along_track_m": 67.0,
        "achieved_heading": 86.89097422580193,
        "target_bearing": 85.29662519035821,
        "fix_type": 6,
        "hacc_m": 0.014,
        "corrupt": false,
        "position_interpolated": true,
        "captured_at_utc": "2026-06-18T21:45:13.499685+00:00"
      },
      "geometry": {
        "type": "Point",
        "coordinates": [
          -114.00592661709864,
          46.6750699
        ]
      }
    },
    {
      "type": "Feature",
      "properties": {
        "file": "leg05_m068_b085_2026-06-18T15-45-14.jpg",
        "leg": "leg05",
        "mark_index": 68,
        "along_track_m": 68.0,
        "achieved_heading": 86.33048497785308,
        "target_bearing": 85.29662519035821,
        "fix_type": 6,
        "hacc_m": 0.014,
        "corrupt": false,
        "position_interpolated": true,
        "captured_at_utc": "2026-06-18T21:45:14.615511+00:00"
      },
      "geometry": {
        "type": "Point",
        "coordinates": [
          -114.0059141,
          46.6750705
        ]
      }
    },
    {
      "type": "Feature",
      "properties": {
        "file": "leg05_m069_b085_2026-06-18T15-45-15.jpg",
        "leg": "leg05",
        "mark_index": 69,
        "along_track_m": 69.0,
        "achieved_heading": 86.86419899061423,
        "target_bearing": 85.29662519035821,
        "fix_type": 6,
        "hacc_m": 0.014,
        "corrupt": false,
        "position_interpolated": true,
        "captured_at_utc": "2026-06-18T21:45:15.739856+00:00"
      },
      "geometry": {
        "type": "Point",
        "coordinates": [
          -114.00589939999999,
          46.6750713
        ]
      }
    },
    {
      "type": "Feature",
      "properties": {
        "file": "leg05_m070_b085_2026-06-18T15-45-16.jpg",
        "leg": "leg05",
        "mark_index": 70,
        "along_track_m": 69.709,
        "achieved_heading": 88.4992408176958,
        "target_bearing": 85.29662519035821,
        "fix_type": 6,
        "hacc_m": 0.014,
        "corrupt": false,
        "position_interpolated": true,
        "captured_at_utc": "2026-06-18T21:45:16.445235+00:00"
      },
      "geometry": {
        "type": "Point",
        "coordinates": [
          -114.0058924,
          46.6750717
        ]
      }
    },
    {
      "type": "Feature",
      "properties": {
        "file": "leg06_m000_b355_2026-06-18T15-45-21.jpg",
        "leg": "leg06",
        "mark_index": 0,
        "along_track_m": 0.0,
        "achieved_heading": 356.31451417305084,
        "target_bearing": 355.32685963220445,
        "fix_type": 6,
        "hacc_m": 0.014,
        "corrupt": false,
        "position_interpolated": true,
        "captured_at_utc": "2026-06-18T21:45:21.550586+00:00"
      },
      "geometry": {
        "type": "Point",
        "coordinates": [
          -114.0058892,
          46.675074099999996
        ]
      }
    },
    {
      "type": "Feature",
      "properties": {
        "file": "leg06_m001_b355_2026-06-18T15-45-22.jpg",
        "leg": "leg06",
        "mark_index": 1,
        "along_track_m": 1.0,
        "achieved_heading": 352.8541928651377,
        "target_bearing": 355.32685963220445,
        "fix_type": 6,
        "hacc_m": 0.014,
        "corrupt": false,
        "position_interpolated": true,
        "captured_at_utc": "2026-06-18T21:45:22.820484+00:00"
      },
      "geometry": {
        "type": "Point",
        "coordinates": [
          -114.00589009999999,
          46.6750803
        ]
      }
    },
    {
      "type": "Feature",
      "properties": {
        "file": "leg06_m002_b355_2026-06-18T15-45-23.jpg",
        "leg": "leg06",
        "mark_index": 2,
        "along_track_m": 2.0,
        "achieved_heading": 350.65214417111144,
        "target_bearing": 355.32685963220445,
        "fix_type": 6,
        "hacc_m": 0.014,
        "corrupt": false,
        "position_interpolated": true,
        "captured_at_utc": "2026-06-18T21:45:23.795052+00:00"
      },
      "geometry": {
        "type": "Point",
        "coordinates": [
          -114.00589213079978,
          46.67508972645657
        ]
      }
    },
    {
      "type": "Feature",
      "properties": {
        "file": "leg06_m003_b355_2026-06-18T15-45-24.jpg",
        "leg": "leg06",
        "mark_index": 3,
        "along_track_m": 3.0,
        "achieved_heading": 350.1524676779778,
        "target_bearing": 355.32685963220445,
        "fix_type": 6,
        "hacc_m": 0.014,
        "corrupt": false,
        "position_interpolated": true,
        "captured_at_utc": "2026-06-18T21:45:24.844283+00:00"
      },
      "geometry": {
        "type": "Point",
        "coordinates": [
          -114.0058943,
          46.6750981
        ]
      }
    },
    {
      "type": "Feature",
      "properties": {
        "file": "leg06_m004_b355_2026-06-18T15-45-25.jpg",
        "leg": "leg06",
        "mark_index": 4,
        "along_track_m": 4.0,
        "achieved_heading": 351.21936002288044,
        "target_bearing": 355.32685963220445,
        "fix_type": 6,
        "hacc_m": 0.014,
        "corrupt": false,
        "position_interpolated": true,
        "captured_at_utc": "2026-06-18T21:45:25.755847+00:00"
      },
      "geometry": {
        "type": "Point",
        "coordinates": [
          -114.0058967,
          46.675107
        ]
      }
    },
    {
      "type": "Feature",
      "properties": {
        "file": "leg06_m005_b355_2026-06-18T15-45-26.jpg",
        "leg": "leg06",
        "mark_index": 5,
        "along_track_m": 4.827,
        "achieved_heading": 358.3128578441103,
        "target_bearing": 355.32685963220445,
        "fix_type": 6,
        "hacc_m": 0.014,
        "corrupt": false,
        "position_interpolated": true,
        "captured_at_utc": "2026-06-18T21:45:26.532150+00:00"
      },
      "geometry": {
        "type": "Point",
        "coordinates": [
          -114.00589808282862,
          46.67511421414314
        ]
      }
    },
    {
      "type": "Feature",
      "properties": {
        "file": "leg07_m000_b265_2026-06-18T15-45-31.jpg",
        "leg": "leg07",
        "mark_index": 0,
        "along_track_m": 0.0,
        "achieved_heading": 264.04497124792863,
        "target_bearing": 265.297284471224,
        "fix_type": 6,
        "hacc_m": 0.014,
        "corrupt": false,
        "position_interpolated": true,
        "captured_at_utc": "2026-06-18T21:45:31.011200+00:00"
      },
      "geometry": {
        "type": "Point",
        "coordinates": [
          -114.00590009999999,
          46.6751169
        ]
      }
    },
    {
      "type": "Feature",
      "properties": {
        "file": "leg07_m001_b265_2026-06-18T15-45-32.jpg",
        "leg": "leg07",
        "mark_index": 1,
        "along_track_m": 1.0,
        "achieved_heading": 261.71297572596666,
        "target_bearing": 265.297284471224,
        "fix_type": 6,
        "hacc_m": 0.014,
        "corrupt": false,
        "position_interpolated": true,
        "captured_at_utc": "2026-06-18T21:45:32.209047+00:00"
      },
      "geometry": {
        "type": "Point",
        "coordinates": [
          -114.00591030822878,
          46.675116535341694
        ]
      }
    },
    {
      "type": "Feature",
      "properties": {
        "file": "leg07_m002_b265_2026-06-18T15-45-33.jpg",
        "leg": "leg07",
        "mark_index": 2,
        "along_track_m": 2.0,
        "achieved_heading": 258.9081754314627,
        "target_bearing": 265.297284471224,
        "fix_type": 6,
        "hacc_m": 0.014,
        "corrupt": false,
        "position_interpolated": true,
        "captured_at_utc": "2026-06-18T21:45:33.251141+00:00"
      },
      "geometry": {
        "type": "Point",
        "coordinates": [
          -114.00592392400135,
          46.67511568711101
        ]
      }
    },
    {
      "type": "Feature",
      "properties": {
        "file": "leg07_m003_b265_2026-06-18T15-45-34.jpg",
        "leg": "leg07",
        "mark_index": 3,
        "along_track_m": 3.0,
        "achieved_heading": 257.11882823726916,
        "target_bearing": 265.297284471224,
        "fix_type": 6,
        "hacc_m": 0.014,
        "corrupt": false,
        "position_interpolated": true,
        "captured_at_utc": "2026-06-18T21:45:34.368822+00:00"
      },
      "geometry": {
        "type": "Point",
        "coordinates": [
          -114.00593769999999,
          46.6751143
        ]
      }
    },
    {
      "type": "Feature",
      "properties": {
        "file": "leg07_m004_b265_2026-06-18T15-45-35.jpg",
        "leg": "leg07",
        "mark_index": 4,
        "along_track_m": 4.0,
        "achieved_heading": 258.77434838931737,
        "target_bearing": 265.297284471224,
        "fix_type": 6,
        "hacc_m": 0.014,
        "corrupt": false,
        "position_interpolated": true,
        "captured_at_utc": "2026-06-18T21:45:35.364486+00:00"
      },
      "geometry": {
        "type": "Point",
        "coordinates": [
          -114.0059508,
          46.675112899999995
        ]
      }
    },
    {
      "type": "Feature",
      "properties": {
        "file": "leg07_m005_b265_2026-06-18T15-45-36.jpg",
        "leg": "leg07",
        "mark_index": 5,
        "along_track_m": 5.0,
        "achieved_heading": 260.99642939233445,
        "target_bearing": 265.297284471224,
        "fix_type": 6,
        "hacc_m": 0.014,
        "corrupt": false,
        "position_interpolated": true,
        "captured_at_utc": "2026-06-18T21:45:36.259521+00:00"
      },
      "geometry": {
        "type": "Point",
        "coordinates": [
          -114.00596255311427,
          46.67511178052967
        ]
      }
    },
    {
      "type": "Feature",
      "properties": {
        "file": "leg07_m006_b265_2026-06-18T15-45-37.jpg",
        "leg": "leg07",
        "mark_index": 6,
        "along_track_m": 6.0,
        "achieved_heading": 262.59780177395396,
        "target_bearing": 265.297284471224,
        "fix_type": 6,
        "hacc_m": 0.014,
        "corrupt": false,
        "position_interpolated": true,
        "captured_at_utc": "2026-06-18T21:45:37.310062+00:00"
      },
      "geometry": {
        "type": "Point",
        "coordinates": [
          -114.0059762664193,
          46.6751108
        ]
      }
    },
    {
      "type": "Feature",
      "properties": {
        "file": "leg07_m007_b265_2026-06-18T15-45-38.jpg",
        "leg": "leg07",
        "mark_index": 7,
        "along_track_m": 7.0,
        "achieved_heading": 262.14402315068145,
        "target_bearing": 265.297284471224,
        "fix_type": 6,
        "hacc_m": 0.014,
        "corrupt": false,
        "position_interpolated": true,
        "captured_at_utc": "2026-06-18T21:45:38.352200+00:00"
      },
      "geometry": {
        "type": "Point",
        "coordinates": [
          -114.00598959999999,
          46.67511
        ]
      }
    },
    {
      "type": "Feature",
      "properties": {
        "file": "leg07_m008_b265_2026-06-18T15-45-39.jpg",
        "leg": "leg07",
        "mark_index": 8,
        "along_track_m": 8.0,
        "achieved_heading": 261.7024629607092,
        "target_bearing": 265.297284471224,
        "fix_type": 6,
        "hacc_m": 0.014,
        "corrupt": false,
        "position_interpolated": true,
        "captured_at_utc": "2026-06-18T21:45:39.344519+00:00"
      },
      "geometry": {
        "type": "Point",
        "coordinates": [
          -114.0060027,
          46.6751092
        ]
      }
    },
    {
      "type": "Feature",
      "properties": {
        "file": "leg07_m009_b265_2026-06-18T15-45-40.jpg",
        "leg": "leg07",
        "mark_index": 9,
        "along_track_m": 9.0,
        "achieved_heading": 261.2809471215791,
        "target_bearing": 265.297284471224,
        "fix_type": 6,
        "hacc_m": 0.014,
        "corrupt": false,
        "position_interpolated": true,
        "captured_at_utc": "2026-06-18T21:45:40.324110+00:00"
      },
      "geometry": {
        "type": "Point",
        "coordinates": [
          -114.00601581399141,
          46.67510840358369
        ]
      }
    },
    {
      "type": "Feature",
      "properties": {
        "file": "leg07_m010_b265_2026-06-18T15-45-41.jpg",
        "leg": "leg07",
        "mark_index": 10,
        "along_track_m": 10.0,
        "achieved_heading": 262.2429444933483,
        "target_bearing": 265.297284471224,
        "fix_type": 6,
        "hacc_m": 0.014,
        "corrupt": false,
        "position_interpolated": true,
        "captured_at_utc": "2026-06-18T21:45:41.371357+00:00"
      },
      "geometry": {
        "type": "Point",
        "coordinates": [
          -114.00602909999999,
          46.6751073
        ]
      }
    },
    {
      "type": "Feature",
      "properties": {
        "file": "leg07_m011_b265_2026-06-18T15-45-42.jpg",
        "leg": "leg07",
        "mark_index": 11,
        "along_track_m": 11.0,
        "achieved_heading": 262.41805285332543,
        "target_bearing": 265.297284471224,
        "fix_type": 6,
        "hacc_m": 0.014,
        "corrupt": false,
        "position_interpolated": true,
        "captured_at_utc": "2026-06-18T21:45:42.279095+00:00"
      },
      "geometry": {
        "type": "Point",
        "coordinates": [
          -114.00604161437205,
          46.67510652909733
        ]
      }
    },
    {
      "type": "Feature",
      "properties": {
        "file": "leg07_m012_b265_2026-06-18T15-45-43.jpg",
        "leg": "leg07",
        "mark_index": 12,
        "along_track_m": 12.0,
        "achieved_heading": 264.296652487091,
        "target_bearing": 265.297284471224,
        "fix_type": 6,
        "hacc_m": 0.014,
        "corrupt": false,
        "position_interpolated": true,
        "captured_at_utc": "2026-06-18T21:45:43.336927+00:00"
      },
      "geometry": {
        "type": "Point",
        "coordinates": [
          -114.00605519999999,
          46.675105699999996
        ]
      }
    },
    {
      "type": "Feature",
      "properties": {
        "file": "leg07_m013_b265_2026-06-18T15-45-44.jpg",
        "leg": "leg07",
        "mark_index": 13,
        "along_track_m": 13.0,
        "achieved_heading": 264.9577806554681,
        "target_bearing": 265.297284471224,
        "fix_type": 6,
        "hacc_m": 0.014,
        "corrupt": false,
        "position_interpolated": true,
        "captured_at_utc": "2026-06-18T21:45:44.382870+00:00"
      },
      "geometry": {
        "type": "Point",
        "coordinates": [
          -114.0060685,
          46.6751052
        ]
      }
    },
    {
      "type": "Feature",
      "properties": {
        "file": "leg07_m014_b265_2026-06-18T15-45-45.jpg",
        "leg": "leg07",
        "mark_index": 14,
        "along_track_m": 14.0,
        "achieved_heading": 262.7351552805539,
        "target_bearing": 265.297284471224,
        "fix_type": 6,
        "hacc_m": 0.014,
        "corrupt": false,
        "position_interpolated": true,
        "captured_at_utc": "2026-06-18T21:45:45.219796+00:00"
      },
      "geometry": {
        "type": "Point",
        "coordinates": [
          -114.00608020371648,
          46.675104561940806
        ]
      }
    },
    {
      "type": "Feature",
      "properties": {
        "file": "leg07_m015_b265_2026-06-18T15-45-46.jpg",
        "leg": "leg07",
        "mark_index": 15,
        "along_track_m": 15.0,
        "achieved_heading": 260.52461466074317,
        "target_bearing": 265.297284471224,
        "fix_type": 6,
        "hacc_m": 0.014,
        "corrupt": false,
        "position_interpolated": true,
        "captured_at_utc": "2026-06-18T21:45:46.212935+00:00"
      },
      "geometry": {
        "type": "Point",
        "coordinates": [
          -114.00609326393307,
          46.6751040258513
        ]
      }
    },
    {
      "type": "Feature",
      "properties": {
        "file": "leg07_m016_b265_2026-06-18T15-45-47.jpg",
        "leg": "leg07",
        "mark_index": 16,
        "along_track_m": 16.0,
        "achieved_heading": 259.0751381046826,
        "target_bearing": 265.297284471224,
        "fix_type": 6,
        "hacc_m": 0.014,
        "corrupt": false,
        "position_interpolated": true,
        "captured_at_utc": "2026-06-18T21:45:47.254525+00:00"
      },
      "geometry": {
        "type": "Point",
        "coordinates": [
          -114.0061056,
          46.675103
        ]
      }
    },
    {
      "type": "Feature",
      "properties": {
        "file": "leg07_m017_b265_2026-06-18T15-45-48.jpg",
        "leg": "leg07",
        "mark_index": 17,
        "along_track_m": 17.0,
        "achieved_heading": 261.76884575273016,
        "target_bearing": 265.297284471224,
        "fix_type": 6,
        "hacc_m": 0.014,
        "corrupt": false,
        "position_interpolated": true,
        "captured_at_utc": "2026-06-18T21:45:48.155430+00:00"
      },
      "geometry": {
        "type": "Point",
        "coordinates": [
          -114.0061186,
          46.6751019
        ]
      }
    },
    {
      "type": "Feature",
      "properties": {
        "file": "leg07_m018_b265_2026-06-18T15-45-49.jpg",
        "leg": "leg07",
        "mark_index": 18,
        "along_track_m": 18.0,
        "achieved_heading": 262.5320187077615,
        "target_bearing": 265.297284471224,
        "fix_type": 6,
        "hacc_m": 0.014,
        "corrupt": false,
        "position_interpolated": true,
        "captured_at_utc": "2026-06-18T21:45:49.215444+00:00"
      },
      "geometry": {
        "type": "Point",
        "coordinates": [
          -114.006132,
          46.675101
        ]
      }
    },
    {
      "type": "Feature",
      "properties": {
        "file": "leg07_m019_b265_2026-06-18T15-45-50.jpg",
        "leg": "leg07",
        "mark_index": 19,
        "along_track_m": 19.0,
        "achieved_heading": 263.8687846197105,
        "target_bearing": 265.297284471224,
        "fix_type": 6,
        "hacc_m": 0.014,
        "corrupt": false,
        "position_interpolated": true,
        "captured_at_utc": "2026-06-18T21:45:50.131240+00:00"
      },
      "geometry": {
        "type": "Point",
        "coordinates": [
          -114.00614483114352,
          46.675100419915296
        ]
      }
    },
    {
      "type": "Feature",
      "properties": {
        "file": "leg07_m020_b265_2026-06-18T15-45-51.jpg",
        "leg": "leg07",
        "mark_index": 20,
        "along_track_m": 20.0,
        "achieved_heading": 263.13962579298965,
        "target_bearing": 265.297284471224,
        "fix_type": 6,
        "hacc_m": 0.014,
        "corrupt": false,
        "position_interpolated": true,
        "captured_at_utc": "2026-06-18T21:45:51.177620+00:00"
      },
      "geometry": {
        "type": "Point",
        "coordinates": [
          -114.0061588,
          46.675099499999995
        ]
      }
    },
    {
      "type": "Feature",
      "properties": {
        "file": "leg07_m021_b265_2026-06-18T15-45-52.jpg",
        "leg": "leg07",
        "mark_index": 21,
        "along_track_m": 21.0,
        "achieved_heading": 263.76318129819947,
        "target_bearing": 265.297284471224,
        "fix_type": 6,
        "hacc_m": 0.014,
        "corrupt": false,
        "position_interpolated": true,
        "captured_at_utc": "2026-06-18T21:45:52.160658+00:00"
      },
      "geometry": {
        "type": "Point",
        "coordinates": [
          -114.00617179999999,
          46.6750988
        ]
      }
    },
    {
      "type": "Feature",
      "properties": {
        "file": "leg07_m022_b265_2026-06-18T15-45-53.jpg",
        "leg": "leg07",
        "mark_index": 22,
        "along_track_m": 22.0,
        "achieved_heading": 264.37399818727386,
        "target_bearing": 265.297284471224,
        "fix_type": 6,
        "hacc_m": 0.014,
        "corrupt": false,
        "position_interpolated": true,
        "captured_at_utc": "2026-06-18T21:45:53.145137+00:00"
      },
      "geometry": {
        "type": "Point",
        "coordinates": [
          -114.00618498379923,
          46.6750981011572
        ]
      }
    },
    {
      "type": "Feature",
      "properties": {
        "file": "leg07_m023_b265_2026-06-18T15-45-54.jpg",
        "leg": "leg07",
        "mark_index": 23,
        "along_track_m": 23.0,
        "achieved_heading": 263.7422685229678,
        "target_bearing": 265.297284471224,
        "fix_type": 6,
        "hacc_m": 0.014,
        "corrupt": false,
        "position_interpolated": true,
        "captured_at_utc": "2026-06-18T21:45:54.120509+00:00"
      },
      "geometry": {
        "type": "Point",
        "coordinates": [
          -114.0061978763263,
          46.67509752489798
        ]
      }
    },
    {
      "type": "Feature",
      "properties": {
        "file": "leg07_m024_b265_2026-06-18T15-45-55.jpg",
        "leg": "leg07",
        "mark_index": 24,
        "along_track_m": 24.0,
        "achieved_heading": 262.37368446216556,
        "target_bearing": 265.297284471224,
        "fix_type": 6,
        "hacc_m": 0.014,
        "corrupt": false,
        "position_interpolated": true,
        "captured_at_utc": "2026-06-18T21:45:55.162263+00:00"
      },
      "geometry": {
        "type": "Point",
        "coordinates": [
          -114.0062114,
          46.6750969
        ]
      }
    },
    {
      "type": "Feature",
      "properties": {
        "file": "leg07_m025_b265_2026-06-18T15-45-56.jpg",
        "leg": "leg07",
        "mark_index": 25,
        "along_track_m": 25.0,
        "achieved_heading": 263.4682236830799,
        "target_bearing": 265.297284471224,
        "fix_type": 6,
        "hacc_m": 0.014,
        "corrupt": false,
        "position_interpolated": true,
        "captured_at_utc": "2026-06-18T21:45:56.080761+00:00"
      },
      "geometry": {
        "type": "Point",
        "coordinates": [
          -114.00622379457276,
          46.67509602391188
        ]
      }
    },
    {
      "type": "Feature",
      "properties": {
        "file": "leg07_m026_b265_2026-06-18T15-45-57.jpg",
        "leg": "leg07",
        "mark_index": 26,
        "along_track_m": 26.0,
        "achieved_heading": 263.84579437697136,
        "target_bearing": 265.297284471224,
        "fix_type": 6,
        "hacc_m": 0.014,
        "corrupt": false,
        "position_interpolated": true,
        "captured_at_utc": "2026-06-18T21:45:57.126523+00:00"
      },
      "geometry": {
        "type": "Point",
        "coordinates": [
          -114.00623770128428,
          46.67509522292874
        ]
      }
    },
    {
      "type": "Feature",
      "properties": {
        "file": "leg07_m027_b265_2026-06-18T15-45-58.jpg",
        "leg": "leg07",
        "mark_index": 27,
        "along_track_m": 27.0,
        "achieved_heading": 262.6084057140741,
        "target_bearing": 265.297284471224,
        "fix_type": 6,
        "hacc_m": 0.014,
        "corrupt": false,
        "position_interpolated": true,
        "captured_at_utc": "2026-06-18T21:45:58.176585+00:00"
      },
      "geometry": {
        "type": "Point",
        "coordinates": [
          -114.00625129999999,
          46.6750944
        ]
      }
    },
    {
      "type": "Feature",
      "properties": {
        "file": "leg07_m028_b265_2026-06-18T15-45-59.jpg",
        "leg": "leg07",
        "mark_index": 28,
        "along_track_m": 28.0,
        "achieved_heading": 262.92216171197254,
        "target_bearing": 265.297284471224,
        "fix_type": 6,
        "hacc_m": 0.014,
        "corrupt": false,
        "position_interpolated": true,
        "captured_at_utc": "2026-06-18T21:45:59.016445+00:00"
      },
      "geometry": {
        "type": "Point",
        "coordinates": [
          -114.00626306528412,
          46.675093879453364
        ]
      }
    },
    {
      "type": "Feature",
      "properties": {
        "file": "leg07_m029_b265_2026-06-18T15-46-00.jpg",
        "leg": "leg07",
        "mark_index": 29,
        "along_track_m": 29.0,
        "achieved_heading": 262.4873642747467,
        "target_bearing": 265.297284471224,
        "fix_type": 6,
        "hacc_m": 0.014,
        "corrupt": false,
        "position_interpolated": true,
        "captured_at_utc": "2026-06-18T21:46:00.077825+00:00"
      },
      "geometry": {
        "type": "Point",
        "coordinates": [
          -114.00627700326928,
          46.675092764052195
        ]
      }
    },
    {
      "type": "Feature",
      "properties": {
        "file": "leg07_m030_b265_2026-06-18T15-46-01.jpg",
        "leg": "leg07",
        "mark_index": 30,
        "along_track_m": 30.0,
        "achieved_heading": 264.3199519994872,
        "target_bearing": 265.297284471224,
        "fix_type": 6,
        "hacc_m": 0.014,
        "corrupt": false,
        "position_interpolated": true,
        "captured_at_utc": "2026-06-18T21:46:01.117604+00:00"
      },
      "geometry": {
        "type": "Point",
        "coordinates": [
          -114.00629065349058,
          46.67509182566736
        ]
      }
    },
    {
      "type": "Feature",
      "properties": {
        "file": "leg07_m031_b265_2026-06-18T15-46-02.jpg",
        "leg": "leg07",
        "mark_index": 31,
        "along_track_m": 31.0,
        "achieved_heading": 265.90813568219596,
        "target_bearing": 265.297284471224,
        "fix_type": 6,
        "hacc_m": 0.014,
        "corrupt": false,
        "position_interpolated": true,
        "captured_at_utc": "2026-06-18T21:46:02.030974+00:00"
      },
      "geometry": {
        "type": "Point",
        "coordinates": [
          -114.00630261926868,
          46.6750912645257
        ]
      }
    },
    {
      "type": "Feature",
      "properties": {
        "file": "leg07_m032_b265_2026-06-18T15-46-02.jpg",
        "leg": "leg07",
        "mark_index": 32,
        "along_track_m": 32.0,
        "achieved_heading": 265.81008265603816,
        "target_bearing": 265.297284471224,
        "fix_type": 6,
        "hacc_m": 0.014,
        "corrupt": false,
        "position_interpolated": true,
        "captured_at_utc": "2026-06-18T21:46:02.936768+00:00"
      },
      "geometry": {
        "type": "Point",
        "coordinates": [
          -114.0063146,
          46.6750907
        ]
      }
    },
    {
      "type": "Feature",
      "properties": {
        "file": "leg07_m033_b265_2026-06-18T15-46-04.jpg",
        "leg": "leg07",
        "mark_index": 33,
        "along_track_m": 33.0,
        "achieved_heading": 264.87380717700074,
        "target_bearing": 265.297284471224,
        "fix_type": 6,
        "hacc_m": 0.014,
        "corrupt": false,
        "position_interpolated": true,
        "captured_at_utc": "2026-06-18T21:46:03.994871+00:00"
      },
      "geometry": {
        "type": "Point",
        "coordinates": [
          -114.00632809999999,
          46.6750901
        ]
      }
    },
    {
      "type": "Feature",
      "properties": {
        "file": "leg07_m034_b265_2026-06-18T15-46-05.jpg",
        "leg": "leg07",
        "mark_index": 34,
        "along_track_m": 34.0,
        "achieved_heading": 264.2811002312884,
        "target_bearing": 265.297284471224,
        "fix_type": 6,
        "hacc_m": 0.014,
        "corrupt": false,
        "position_interpolated": true,
        "captured_at_utc": "2026-06-18T21:46:05.042896+00:00"
      },
      "geometry": {
        "type": "Point",
        "coordinates": [
          -114.0063412,
          46.675089199999995
        ]
      }
    },
    {
      "type": "Feature",
      "properties": {
        "file": "leg07_m035_b265_2026-06-18T15-46-05.jpg",
        "leg": "leg07",
        "mark_index": 35,
        "along_track_m": 35.0,
        "achieved_heading": 264.230683799455,
        "target_bearing": 265.297284471224,
        "fix_type": 6,
        "hacc_m": 0.014,
        "corrupt": false,
        "position_interpolated": true,
        "captured_at_utc": "2026-06-18T21:46:05.941519+00:00"
      },
      "geometry": {
        "type": "Point",
        "coordinates": [
          -114.0063543,
          46.675088599999995
        ]
      }
    },
    {
      "type": "Feature",
      "properties": {
        "file": "leg07_m036_b265_2026-06-18T15-46-06.jpg",
        "leg": "leg07",
        "mark_index": 36,
        "along_track_m": 36.0,
        "achieved_heading": 264.3378798309138,
        "target_bearing": 265.297284471224,
        "fix_type": 6,
        "hacc_m": 0.014,
        "corrupt": false,
        "position_interpolated": true,
        "captured_at_utc": "2026-06-18T21:46:06.914805+00:00"
      },
      "geometry": {
        "type": "Point",
        "coordinates": [
          -114.00636751632531,
          46.6750880070644
        ]
      }
    },
    {
      "type": "Feature",
      "properties": {
        "file": "leg07_m037_b265_2026-06-18T15-46-07.jpg",
        "leg": "leg07",
        "mark_index": 37,
        "along_track_m": 37.0,
        "achieved_heading": 263.08788673760006,
        "target_bearing": 265.297284471224,
        "fix_type": 6,
        "hacc_m": 0.014,
        "corrupt": false,
        "position_interpolated": true,
        "captured_at_utc": "2026-06-18T21:46:07.860875+00:00"
      },
      "geometry": {
        "type": "Point",
        "coordinates": [
          -114.00638018970822,
          46.67508733241167
        ]
      }
    },
    {
      "type": "Feature",
      "properties": {
        "file": "leg07_m038_b265_2026-06-18T15-46-09.jpg",
        "leg": "leg07",
        "mark_index": 38,
        "along_track_m": 38.0,
        "achieved_heading": 264.2044657459975,
        "target_bearing": 265.297284471224,
        "fix_type": 6,
        "hacc_m": 0.014,
        "corrupt": false,
        "position_interpolated": true,
        "captured_at_utc": "2026-06-18T21:46:08.960273+00:00"
      },
      "geometry": {
        "type": "Point",
        "coordinates": [
          -114.006394,
          46.6750865
        ]
      }
    },
    {
      "type": "Feature",
      "properties": {
        "file": "leg07_m039_b265_2026-06-18T15-46-10.jpg",
        "leg": "leg07",
        "mark_index": 39,
        "along_track_m": 39.0,
        "achieved_heading": 263.7725399757412,
        "target_bearing": 265.297284471224,
        "fix_type": 6,
        "hacc_m": 0.014,
        "corrupt": false,
        "position_interpolated": true,
        "captured_at_utc": "2026-06-18T21:46:09.943701+00:00"
      },
      "geometry": {
        "type": "Point",
        "coordinates": [
          -114.0064072,
          46.675085599999996
        ]
      }
    },
    {
      "type": "Feature",
      "properties": {
        "file": "leg07_m040_b265_2026-06-18T15-46-11.jpg",
        "leg": "leg07",
        "mark_index": 40,
        "along_track_m": 40.0,
        "achieved_heading": 265.3079829328009,
        "target_bearing": 265.297284471224,
        "fix_type": 6,
        "hacc_m": 0.014,
        "corrupt": false,
        "position_interpolated": true,
        "captured_at_utc": "2026-06-18T21:46:10.994730+00:00"
      },
      "geometry": {
        "type": "Point",
        "coordinates": [
          -114.00642029999999,
          46.675084899999995
        ]
      }
    },
    {
      "type": "Feature",
      "properties": {
        "file": "leg07_m041_b265_2026-06-18T15-46-11.jpg",
        "leg": "leg07",
        "mark_index": 41,
        "along_track_m": 41.0,
        "achieved_heading": 265.09713970634584,
        "target_bearing": 265.297284471224,
        "fix_type": 6,
        "hacc_m": 0.014,
        "corrupt": false,
        "position_interpolated": true,
        "captured_at_utc": "2026-06-18T21:46:11.905333+00:00"
      },
      "geometry": {
        "type": "Point",
        "coordinates": [
          -114.00643348623551,
          46.675084399999996
        ]
      }
    },
    {
      "type": "Feature",
      "properties": {
        "file": "leg07_m042_b265_2026-06-18T15-46-13.jpg",
        "leg": "leg07",
        "mark_index": 42,
        "along_track_m": 42.0,
        "achieved_heading": 263.84619248886776,
        "target_bearing": 265.297284471224,
        "fix_type": 6,
        "hacc_m": 0.014,
        "corrupt": false,
        "position_interpolated": true,
        "captured_at_utc": "2026-06-18T21:46:12.952212+00:00"
      },
      "geometry": {
        "type": "Point",
        "coordinates": [
          -114.0064472,
          46.6750836
        ]
      }
    },
    {
      "type": "Feature",
      "properties": {
        "file": "leg07_m043_b265_2026-06-18T15-46-13.jpg",
        "leg": "leg07",
        "mark_index": 43,
        "along_track_m": 43.0,
        "achieved_heading": 263.7722650104126,
        "target_bearing": 265.297284471224,
        "fix_type": 6,
        "hacc_m": 0.014,
        "corrupt": false,
        "position_interpolated": true,
        "captured_at_utc": "2026-06-18T21:46:13.794120+00:00"
      },
      "geometry": {
        "type": "Point",
        "coordinates": [
          -114.00645887653046,
          46.675083068938775
        ]
      }
    },
    {
      "type": "Feature",
      "properties": {
        "file": "leg07_m044_b265_2026-06-18T15-46-14.jpg",
        "leg": "leg07",
        "mark_index": 44,
        "along_track_m": 44.0,
        "achieved_heading": 264.3026407807974,
        "target_bearing": 265.297284471224,
        "fix_type": 6,
        "hacc_m": 0.014,
        "corrupt": false,
        "position_interpolated": true,
        "captured_at_utc": "2026-06-18T21:46:14.776765+00:00"
      },
      "geometry": {
        "type": "Point",
        "coordinates": [
          -114.0064713,
          46.6750823
        ]
      }
    },
    {
      "type": "Feature",
      "properties": {
        "file": "leg07_m045_b265_2026-06-18T15-46-15.jpg",
        "leg": "leg07",
        "mark_index": 45,
        "along_track_m": 45.0,
        "achieved_heading": 263.8723667647025,
        "target_bearing": 265.297284471224,
        "fix_type": 6,
        "hacc_m": 0.014,
        "corrupt": false,
        "position_interpolated": true,
        "captured_at_utc": "2026-06-18T21:46:15.820833+00:00"
      },
      "geometry": {
        "type": "Point",
        "coordinates": [
          -114.0064845,
          46.675081299999995
        ]
      }
    },
    {
      "type": "Feature",
      "properties": {
        "file": "leg07_m046_b265_2026-06-18T15-46-16.jpg",
        "leg": "leg07",
        "mark_index": 46,
        "along_track_m": 46.0,
        "achieved_heading": 264.00752952918054,
        "target_bearing": 265.297284471224,
        "fix_type": 6,
        "hacc_m": 0.014,
        "corrupt": false,
        "position_interpolated": true,
        "captured_at_utc": "2026-06-18T21:46:16.738933+00:00"
      },
      "geometry": {
        "type": "Point",
        "coordinates": [
          -114.0064977,
          46.6750805
        ]
      }
    },
    {
      "type": "Feature",
      "properties": {
        "file": "leg07_m047_b265_2026-06-18T15-46-17.jpg",
        "leg": "leg07",
        "mark_index": 47,
        "along_track_m": 47.0,
        "achieved_heading": 265.4161337656309,
        "target_bearing": 265.297284471224,
        "fix_type": 6,
        "hacc_m": 0.014,
        "corrupt": false,
        "position_interpolated": true,
        "captured_at_utc": "2026-06-18T21:46:17.776909+00:00"
      },
      "geometry": {
        "type": "Point",
        "coordinates": [
          -114.0065109,
          46.6750796
        ]
      }
    },
    {
      "type": "Feature",
      "properties": {
        "file": "leg07_m048_b265_2026-06-18T15-46-18.jpg",
        "leg": "leg07",
        "mark_index": 48,
        "along_track_m": 48.0,
        "achieved_heading": 265.86770913750473,
        "target_bearing": 265.297284471224,
        "fix_type": 6,
        "hacc_m": 0.014,
        "corrupt": false,
        "position_interpolated": true,
        "captured_at_utc": "2026-06-18T21:46:18.833671+00:00"
      },
      "geometry": {
        "type": "Point",
        "coordinates": [
          -114.0065243,
          46.675079
        ]
      }
    },
    {
      "type": "Feature",
      "properties": {
        "file": "leg07_m049_b265_2026-06-18T15-46-19.jpg",
        "leg": "leg07",
        "mark_index": 49,
        "along_track_m": 49.0,
        "achieved_heading": 264.92999121018073,
        "target_bearing": 265.297284471224,
        "fix_type": 6,
        "hacc_m": 0.014,
        "corrupt": false,
        "position_interpolated": true,
        "captured_at_utc": "2026-06-18T21:46:19.746537+00:00"
      },
      "geometry": {
        "type": "Point",
        "coordinates": [
          -114.0065377,
          46.675078199999994
        ]
      }
    },
    {
      "type": "Feature",
      "properties": {
        "file": "leg07_m050_b265_2026-06-18T15-46-20.jpg",
        "leg": "leg07",
        "mark_index": 50,
        "along_track_m": 50.0,
        "achieved_heading": 265.05931978377106,
        "target_bearing": 265.297284471224,
        "fix_type": 6,
        "hacc_m": 0.014,
        "corrupt": false,
        "position_interpolated": true,
        "captured_at_utc": "2026-06-18T21:46:20.724826+00:00"
      },
      "geometry": {
        "type": "Point",
        "coordinates": [
          -114.00655090534853,
          46.67507740701122
        ]
      }
    },
    {
      "type": "Feature",
      "properties": {
        "file": "leg07_m051_b265_2026-06-18T15-46-21.jpg",
        "leg": "leg07",
        "mark_index": 51,
        "along_track_m": 51.0,
        "achieved_heading": 265.9532008131569,
        "target_bearing": 265.297284471224,
        "fix_type": 6,
        "hacc_m": 0.014,
        "corrupt": false,
        "position_interpolated": true,
        "captured_at_utc": "2026-06-18T21:46:21.777816+00:00"
      },
      "geometry": {
        "type": "Point",
        "coordinates": [
          -114.00656439999999,
          46.6750767
        ]
      }
    },
    {
      "type": "Feature",
      "properties": {
        "file": "leg07_m052_b265_2026-06-18T15-46-22.jpg",
        "leg": "leg07",
        "mark_index": 52,
        "along_track_m": 52.0,
        "achieved_heading": 265.8390912363105,
        "target_bearing": 265.297284471224,
        "fix_type": 6,
        "hacc_m": 0.014,
        "corrupt": false,
        "position_interpolated": true,
        "captured_at_utc": "2026-06-18T21:46:22.683136+00:00"
      },
      "geometry": {
        "type": "Point",
        "coordinates": [
          -114.00657707940923,
          46.67507625337709
        ]
      }
    },
    {
      "type": "Feature",
      "properties": {
        "file": "leg07_m053_b265_2026-06-18T15-46-23.jpg",
        "leg": "leg07",
        "mark_index": 53,
        "along_track_m": 53.0,
        "achieved_heading": 265.1423784795644,
        "target_bearing": 265.297284471224,
        "fix_type": 6,
        "hacc_m": 0.014,
        "corrupt": false,
        "position_interpolated": true,
        "captured_at_utc": "2026-06-18T21:46:23.665031+00:00"
      },
      "geometry": {
        "type": "Point",
        "coordinates": [
          -114.00659028767467,
          46.67507549774914
        ]
      }
    },
    {
      "type": "Feature",
      "properties": {
        "file": "leg07_m054_b265_2026-06-18T15-46-24.jpg",
        "leg": "leg07",
        "mark_index": 54,
        "along_track_m": 54.0,
        "achieved_heading": 265.7006767444935,
        "target_bearing": 265.297284471224,
        "fix_type": 6,
        "hacc_m": 0.014,
        "corrupt": false,
        "position_interpolated": true,
        "captured_at_utc": "2026-06-18T21:46:24.714700+00:00"
      },
      "geometry": {
        "type": "Point",
        "coordinates": [
          -114.0066043666859,
          46.67507491666529
        ]
      }
    },
    {
      "type": "Feature",
      "properties": {
        "file": "leg07_m055_b265_2026-06-18T15-46-25.jpg",
        "leg": "leg07",
        "mark_index": 55,
        "along_track_m": 55.0,
        "achieved_heading": 264.82908891186116,
        "target_bearing": 265.297284471224,
        "fix_type": 6,
        "hacc_m": 0.014,
        "corrupt": false,
        "position_interpolated": true,
        "captured_at_utc": "2026-06-18T21:46:25.629725+00:00"
      },
      "geometry": {
        "type": "Point",
        "coordinates": [
          -114.0066154,
          46.6750742
        ]
      }
    },
    {
      "type": "Feature",
      "properties": {
        "file": "leg07_m056_b265_2026-06-18T15-46-26.jpg",
        "leg": "leg07",
        "mark_index": 56,
        "along_track_m": 56.0,
        "achieved_heading": 264.13835850835557,
        "target_bearing": 265.297284471224,
        "fix_type": 6,
        "hacc_m": 0.014,
        "corrupt": false,
        "position_interpolated": true,
        "captured_at_utc": "2026-06-18T21:46:26.534760+00:00"
      },
      "geometry": {
        "type": "Point",
        "coordinates": [
          -114.0066286095484,
          46.6750738
        ]
      }
    },
    {
      "type": "Feature",
      "properties": {
        "file": "leg07_m057_b265_2026-06-18T15-46-27.jpg",
        "leg": "leg07",
        "mark_index": 57,
        "along_track_m": 57.0,
        "achieved_heading": 263.2027292068642,
        "target_bearing": 265.297284471224,
        "fix_type": 6,
        "hacc_m": 0.014,
        "corrupt": false,
        "position_interpolated": true,
        "captured_at_utc": "2026-06-18T21:46:27.519726+00:00"
      },
      "geometry": {
        "type": "Point",
        "coordinates": [
          -114.00664193796383,
          46.67507270459527
        ]
      }
    },
    {
      "type": "Feature",
      "properties": {
        "file": "leg07_m058_b265_2026-06-18T15-46-28.jpg",
        "leg": "leg07",
        "mark_index": 58,
        "along_track_m": 58.0,
        "achieved_heading": 263.9081469765677,
        "target_bearing": 265.297284471224,
        "fix_type": 6,
        "hacc_m": 0.014,
        "corrupt": false,
        "position_interpolated": true,
        "captured_at_utc": "2026-06-18T21:46:28.562407+00:00"
      },
      "geometry": {
        "type": "Point",
        "coordinates": [
          -114.00665529999999,
          46.6750717
        ]
      }
    },
    {
      "type": "Feature",
      "properties": {
        "file": "leg07_m059_b265_2026-06-18T15-46-29.jpg",
        "leg": "leg07",
        "mark_index": 59,
        "along_track_m": 59.0,
        "achieved_heading": 264.30848842085675,
        "target_bearing": 265.297284471224,
        "fix_type": 6,
        "hacc_m": 0.014,
        "corrupt": false,
        "position_interpolated": true,
        "captured_at_utc": "2026-06-18T21:46:29.464651+00:00"
      },
      "geometry": {
        "type": "Point",
        "coordinates": [
          -114.00666729154574,
          46.67507060120775
        ]
      }
    },
    {
      "type": "Feature",
      "properties": {
        "file": "leg07_m060_b265_2026-06-18T15-46-30.jpg",
        "leg": "leg07",
        "mark_index": 60,
        "along_track_m": 60.0,
        "achieved_heading": 265.81843725500465,
        "target_bearing": 265.297284471224,
        "fix_type": 6,
        "hacc_m": 0.014,
        "corrupt": false,
        "position_interpolated": true,
        "captured_at_utc": "2026-06-18T21:46:30.527317+00:00"
      },
      "geometry": {
        "type": "Point",
        "coordinates": [
          -114.00668120498086,
          46.67506990703845
        ]
      }
    },
    {
      "type": "Feature",
      "properties": {
        "file": "leg07_m061_b265_2026-06-18T15-46-31.jpg",
        "leg": "leg07",
        "mark_index": 61,
        "along_track_m": 61.0,
        "achieved_heading": 265.6726625582148,
        "target_bearing": 265.297284471224,
        "fix_type": 6,
        "hacc_m": 0.014,
        "corrupt": false,
        "position_interpolated": true,
        "captured_at_utc": "2026-06-18T21:46:31.577921+00:00"
      },
      "geometry": {
        "type": "Point",
        "coordinates": [
          -114.00669459999999,
          46.675069199999996
        ]
      }
    },
    {
      "type": "Feature",
      "properties": {
        "file": "leg07_m062_b265_2026-06-18T15-46-32.jpg",
        "leg": "leg07",
        "mark_index": 62,
        "along_track_m": 62.0,
        "achieved_heading": 265.90642766173374,
        "target_bearing": 265.297284471224,
        "fix_type": 6,
        "hacc_m": 0.014,
        "corrupt": false,
        "position_interpolated": true,
        "captured_at_utc": "2026-06-18T21:46:32.485990+00:00"
      },
      "geometry": {
        "type": "Point",
        "coordinates": [
          -114.00670702902488,
          46.67506865930577
        ]
      }
    },
    {
      "type": "Feature",
      "properties": {
        "file": "leg07_m063_b265_2026-06-18T15-46-33.jpg",
        "leg": "leg07",
        "mark_index": 63,
        "along_track_m": 63.0,
        "achieved_heading": 264.4523052428666,
        "target_bearing": 265.297284471224,
        "fix_type": 6,
        "hacc_m": 0.014,
        "corrupt": false,
        "position_interpolated": true,
        "captured_at_utc": "2026-06-18T21:46:33.532016+00:00"
      },
      "geometry": {
        "type": "Point",
        "coordinates": [
          -114.00672139999999,
          46.6750678
        ]
      }
    },
    {
      "type": "Feature",
      "properties": {
        "file": "leg07_m064_b265_2026-06-18T15-46-34.jpg",
        "leg": "leg07",
        "mark_index": 64,
        "along_track_m": 64.0,
        "achieved_heading": 264.42172300109746,
        "target_bearing": 265.297284471224,
        "fix_type": 6,
        "hacc_m": 0.014,
        "corrupt": false,
        "position_interpolated": true,
        "captured_at_utc": "2026-06-18T21:46:34.520438+00:00"
      },
      "geometry": {
        "type": "Point",
        "coordinates": [
          -114.00673429153862,
          46.67506711233845
        ]
      }
    },
    {
      "type": "Feature",
      "properties": {
        "file": "leg07_m065_b265_2026-06-18T15-46-35.jpg",
        "leg": "leg07",
        "mark_index": 65,
        "along_track_m": 65.0,
        "achieved_heading": 265.1926099294334,
        "target_bearing": 265.297284471224,
        "fix_type": 6,
        "hacc_m": 0.014,
        "corrupt": false,
        "position_interpolated": true,
        "captured_at_utc": "2026-06-18T21:46:35.503438+00:00"
      },
      "geometry": {
        "type": "Point",
        "coordinates": [
          -114.00674722738333,
          46.67506624299423
        ]
      }
    },
    {
      "type": "Feature",
      "properties": {
        "file": "leg07_m066_b265_2026-06-18T15-46-36.jpg",
        "leg": "leg07",
        "mark_index": 66,
        "along_track_m": 66.0,
        "achieved_heading": 266.02667901141945,
        "target_bearing": 265.297284471224,
        "fix_type": 6,
        "hacc_m": 0.014,
        "corrupt": false,
        "position_interpolated": true,
        "captured_at_utc": "2026-06-18T21:46:36.547405+00:00"
      },
      "geometry": {
        "type": "Point",
        "coordinates": [
          -114.0067605,
          46.6750658
        ]
      }
    },
    {
      "type": "Feature",
      "properties": {
        "file": "leg07_m067_b265_2026-06-18T15-46-37.jpg",
        "leg": "leg07",
        "mark_index": 67,
        "along_track_m": 67.0,
        "achieved_heading": 265.35859573868703,
        "target_bearing": 265.297284471224,
        "fix_type": 6,
        "hacc_m": 0.014,
        "corrupt": false,
        "position_interpolated": true,
        "captured_at_utc": "2026-06-18T21:46:37.464177+00:00"
      },
      "geometry": {
        "type": "Point",
        "coordinates": [
          -114.00677290698458,
          46.67506516848382
        ]
      }
    },
    {
      "type": "Feature",
      "properties": {
        "file": "leg07_m068_b265_2026-06-18T15-46-38.jpg",
        "leg": "leg07",
        "mark_index": 68,
        "along_track_m": 68.0,
        "achieved_heading": 266.2887449863566,
        "target_bearing": 265.297284471224,
        "fix_type": 6,
        "hacc_m": 0.014,
        "corrupt": false,
        "position_interpolated": true,
        "captured_at_utc": "2026-06-18T21:46:38.437359+00:00"
      },
      "geometry": {
        "type": "Point",
        "coordinates": [
          -114.00678573001431,
          46.67506454653681
        ]
      }
    },
    {
      "type": "Feature",
      "properties": {
        "file": "leg07_m069_b265_2026-06-18T15-46-39.jpg",
        "leg": "leg07",
        "mark_index": 69,
        "along_track_m": 69.0,
        "achieved_heading": 269.1054937976069,
        "target_bearing": 265.297284471224,
        "fix_type": 6,
        "hacc_m": 0.014,
        "corrupt": false,
        "position_interpolated": true,
        "captured_at_utc": "2026-06-18T21:46:39.488055+00:00"
      },
      "geometry": {
        "type": "Point",
        "coordinates": [
          -114.0067996194746,
          46.67506404300188
        ]
      }
    },
    {
      "type": "Feature",
      "properties": {
        "file": "leg07_m070_b265_2026-06-18T15-46-39.jpg",
        "leg": "leg07",
        "mark_index": 70,
        "along_track_m": 69.588,
        "achieved_heading": 269.9060054048107,
        "target_bearing": 265.297284471224,
        "fix_type": 6,
        "hacc_m": 0.014,
        "corrupt": false,
        "position_interpolated": true,
        "captured_at_utc": "2026-06-18T21:46:39.976427+00:00"
      },
      "geometry": {
        "type": "Point",
        "coordinates": [
          -114.00680559999999,
          46.675064
        ]
      }
    },
    {
      "type": "Feature",
      "properties": {
        "file": "leg08_m000_b355_2026-06-18T15-46-43.jpg",
        "leg": "leg08",
        "mark_index": 0,
        "along_track_m": 0.0,
        "achieved_heading": 352.38849392982837,
        "target_bearing": 355.3261909669881,
        "fix_type": 6,
        "hacc_m": 0.014,
        "corrupt": false,
        "position_interpolated": true,
        "captured_at_utc": "2026-06-18T21:46:43.679624+00:00"
      },
      "geometry": {
        "type": "Point",
        "coordinates": [
          -114.0068117,
          46.6750636
        ]
      }
    },
    {
      "type": "Feature",
      "properties": {
        "file": "leg08_m001_b355_2026-06-18T15-46-45.jpg",
        "leg": "leg08",
        "mark_index": 1,
        "along_track_m": 1.0,
        "achieved_heading": 349.0680889154862,
        "target_bearing": 355.3261909669881,
        "fix_type": 6,
        "hacc_m": 0.014,
        "corrupt": false,
        "position_interpolated": true,
        "captured_at_utc": "2026-06-18T21:46:45.372391+00:00"
      },
      "geometry": {
        "type": "Point",
        "coordinates": [
          -114.006816,
          46.6750744
        ]
      }
    },
    {
      "type": "Feature",
      "properties": {
        "file": "leg08_m002_b355_2026-06-18T15-46-46.jpg",
        "leg": "leg08",
        "mark_index": 2,
        "along_track_m": 2.0,
        "achieved_heading": 358.4851659404769,
        "target_bearing": 355.3261909669881,
        "fix_type": 6,
        "hacc_m": 0.014,
        "corrupt": false,
        "position_interpolated": true,
        "captured_at_utc": "2026-06-18T21:46:46.274457+00:00"
      },
      "geometry": {
        "type": "Point",
        "coordinates": [
          -114.00681830794322,
          46.67508244765937
        ]
      }
    },
    {
      "type": "Feature",
      "properties": {
        "file": "leg08_m003_b355_2026-06-18T15-46-47.jpg",
        "leg": "leg08",
        "mark_index": 3,
        "along_track_m": 3.0,
        "achieved_heading": 9.024896469246983,
        "target_bearing": 355.3261909669881,
        "fix_type": 6,
        "hacc_m": 0.014,
        "corrupt": false,
        "position_interpolated": true,
        "captured_at_utc": "2026-06-18T21:46:47.328550+00:00"
      },
      "geometry": {
        "type": "Point",
        "coordinates": [
          -114.00681859999999,
          46.6750918
        ]
      }
    },
    {
      "type": "Feature",
      "properties": {
        "file": "leg08_m004_b355_2026-06-18T15-46-48.jpg",
        "leg": "leg08",
        "mark_index": 4,
        "along_track_m": 4.0,
        "achieved_heading": 13.844674737666935,
        "target_bearing": 355.3261909669881,
        "fix_type": 6,
        "hacc_m": 0.014,
        "corrupt": false,
        "position_interpolated": true,
        "captured_at_utc": "2026-06-18T21:46:48.453106+00:00"
      },
      "geometry": {
        "type": "Point",
        "coordinates": [
          -114.006817,
          46.675100699999994
        ]
      }
    },
    {
      "type": "Feature",
      "properties": {
        "file": "leg08_m005_b355_2026-06-18T15-46-49.jpg",
        "leg": "leg08",
        "mark_index": 5,
        "along_track_m": 4.797,
        "achieved_heading": 16.92833359106106,
        "target_bearing": 355.3261909669881,
        "fix_type": 6,
        "hacc_m": 0.014,
        "corrupt": false,
        "position_interpolated": true,
        "captured_at_utc": "2026-06-18T21:46:49.233879+00:00"
      },
      "geometry": {
        "type": "Point",
        "coordinates": [
          -114.0068155,
          46.675107399999995
        ]
      }
    },
    {
      "type": "Feature",
      "properties": {
        "file": "leg09_m000_b085_2026-06-18T15-46-52.jpg",
        "leg": "leg09",
        "mark_index": 0,
        "along_track_m": 0.0,
        "achieved_heading": 86.88470420736962,
        "target_bearing": 85.2966173947774,
        "fix_type": 6,
        "hacc_m": 0.014,
        "corrupt": false,
        "position_interpolated": true,
        "captured_at_utc": "2026-06-18T21:46:52.723814+00:00"
      },
      "geometry": {
        "type": "Point",
        "coordinates": [
          -114.00681399999999,
          46.675111199999996
        ]
      }
    },
    {
      "type": "Feature",
      "properties": {
        "file": "leg09_m001_b085_2026-06-18T15-46-54.jpg",
        "leg": "leg09",
        "mark_index": 1,
        "along_track_m": 1.0,
        "achieved_heading": 81.93669798439942,
        "target_bearing": 85.2966173947774,
        "fix_type": 6,
        "hacc_m": 0.014,
        "corrupt": false,
        "position_interpolated": true,
        "captured_at_utc": "2026-06-18T21:46:54.342160+00:00"
      },
      "geometry": {
        "type": "Point",
        "coordinates": [
          -114.0068005,
          46.6751126
        ]
      }
    },
    {
      "type": "Feature",
      "properties": {
        "file": "leg09_m002_b085_2026-06-18T15-46-55.jpg",
        "leg": "leg09",
        "mark_index": 2,
        "along_track_m": 2.0,
        "achieved_heading": 87.91356452008608,
        "target_bearing": 85.2966173947774,
        "fix_type": 6,
        "hacc_m": 0.014,
        "corrupt": false,
        "position_interpolated": true,
        "captured_at_utc": "2026-06-18T21:46:55.578918+00:00"
      },
      "geometry": {
        "type": "Point",
        "coordinates": [
          -114.00678599999999,
          46.6751143
        ]
      }
    },
    {
      "type": "Feature",
      "properties": {
        "file": "leg09_m003_b085_2026-06-18T15-46-56.jpg",
        "leg": "leg09",
        "mark_index": 3,
        "along_track_m": 3.0,
        "achieved_heading": 92.80925969636093,
        "target_bearing": 85.2966173947774,
        "fix_type": 6,
        "hacc_m": 0.014,
        "corrupt": false,
        "position_interpolated": true,
        "captured_at_utc": "2026-06-18T21:46:56.577955+00:00"
      },
      "geometry": {
        "type": "Point",
        "coordinates": [
          -114.00677429999999,
          46.675114699999995
        ]
      }
    },
    {
      "type": "Feature",
      "properties": {
        "file": "leg09_m004_b085_2026-06-18T15-46-57.jpg",
        "leg": "leg09",
        "mark_index": 4,
        "along_track_m": 4.0,
        "achieved_heading": 92.11265953724535,
        "target_bearing": 85.2966173947774,
        "fix_type": 6,
        "hacc_m": 0.014,
        "corrupt": false,
        "position_interpolated": true,
        "captured_at_utc": "2026-06-18T21:46:57.714945+00:00"
      },
      "geometry": {
        "type": "Point",
        "coordinates": [
          -114.00676043103894,
          46.67511460924156
        ]
      }
    },
    {
      "type": "Feature",
      "properties": {
        "file": "leg09_m005_b085_2026-06-18T15-46-58.jpg",
        "leg": "leg09",
        "mark_index": 5,
        "along_track_m": 5.0,
        "achieved_heading": 89.89368361491034,
        "target_bearing": 85.2966173947774,
        "fix_type": 6,
        "hacc_m": 0.014,
        "corrupt": false,
        "position_interpolated": true,
        "captured_at_utc": "2026-06-18T21:46:58.826230+00:00"
      },
      "geometry": {
        "type": "Point",
        "coordinates": [
          -114.0067483,
          46.675115299999995
        ]
      }
    },
    {
      "type": "Feature",
      "properties": {
        "file": "leg09_m006_b085_2026-06-18T15-47-00.jpg",
        "leg": "leg09",
        "mark_index": 6,
        "along_track_m": 6.0,
        "achieved_heading": 89.91242314185718,
        "target_bearing": 85.2966173947774,
        "fix_type": 6,
        "hacc_m": 0.014,
        "corrupt": false,
        "position_interpolated": true,
        "captured_at_utc": "2026-06-18T21:46:59.954040+00:00"
      },
      "geometry": {
        "type": "Point",
        "coordinates": [
          -114.0067337,
          46.6751156
        ]
      }
    },
    {
      "type": "Feature",
      "properties": {
        "file": "leg09_m007_b085_2026-06-18T15-47-01.jpg",
        "leg": "leg09",
        "mark_index": 7,
        "along_track_m": 7.0,
        "achieved_heading": 88.29157028618579,
        "target_bearing": 85.2966173947774,
        "fix_type": 6,
        "hacc_m": 0.014,
        "corrupt": false,
        "position_interpolated": true,
        "captured_at_utc": "2026-06-18T21:47:01.055614+00:00"
      },
      "geometry": {
        "type": "Point",
        "coordinates": [
          -114.0067222,
          46.6751161
        ]
      }
    },
    {
      "type": "Feature",
      "properties": {
        "file": "leg09_m008_b085_2026-06-18T15-47-02.jpg",
        "leg": "leg09",
        "mark_index": 8,
        "along_track_m": 8.0,
        "achieved_heading": 88.62669526328307,
        "target_bearing": 85.2966173947774,
        "fix_type": 6,
        "hacc_m": 0.014,
        "corrupt": false,
        "position_interpolated": true,
        "captured_at_utc": "2026-06-18T21:47:02.182820+00:00"
      },
      "geometry": {
        "type": "Point",
        "coordinates": [
          -114.0067076,
          46.6751168
        ]
      }
    },
    {
      "type": "Feature",
      "properties": {
        "file": "leg09_m009_b085_2026-06-18T15-47-03.jpg",
        "leg": "leg09",
        "mark_index": 9,
        "along_track_m": 9.0,
        "achieved_heading": 88.6563680253891,
        "target_bearing": 85.2966173947774,
        "fix_type": 6,
        "hacc_m": 0.014,
        "corrupt": false,
        "position_interpolated": true,
        "captured_at_utc": "2026-06-18T21:47:03.165510+00:00"
      },
      "geometry": {
        "type": "Point",
        "coordinates": [
          -114.0066954,
          46.6751174
        ]
      }
    },
    {
      "type": "Feature",
      "properties": {
        "file": "leg09_m010_b085_2026-06-18T15-47-04.jpg",
        "leg": "leg09",
        "mark_index": 10,
        "along_track_m": 10.0,
        "achieved_heading": 89.68246414499322,
        "target_bearing": 85.2966173947774,
        "fix_type": 6,
        "hacc_m": 0.014,
        "corrupt": false,
        "position_interpolated": true,
        "captured_at_utc": "2026-06-18T21:47:04.284323+00:00"
      },
      "geometry": {
        "type": "Point",
        "coordinates": [
          -114.0066818731094,
          46.67511817270908
        ]
      }
    },
    {
      "type": "Feature",
      "properties": {
        "file": "leg09_m011_b085_2026-06-18T15-47-05.jpg",
        "leg": "leg09",
        "mark_index": 11,
        "along_track_m": 11.0,
        "achieved_heading": 89.61298345689727,
        "target_bearing": 85.2966173947774,
        "fix_type": 6,
        "hacc_m": 0.014,
        "corrupt": false,
        "position_interpolated": true,
        "captured_at_utc": "2026-06-18T21:47:05.336830+00:00"
      },
      "geometry": {
        "type": "Point",
        "coordinates": [
          -114.00666969999999,
          46.6751188
        ]
      }
    },
    {
      "type": "Feature",
      "properties": {
        "file": "leg09_m012_b085_2026-06-18T15-47-06.jpg",
        "leg": "leg09",
        "mark_index": 12,
        "along_track_m": 12.0,
        "achieved_heading": 89.51507949975348,
        "target_bearing": 85.2966173947774,
        "fix_type": 6,
        "hacc_m": 0.014,
        "corrupt": false,
        "position_interpolated": true,
        "captured_at_utc": "2026-06-18T21:47:06.450307+00:00"
      },
      "geometry": {
        "type": "Point",
        "coordinates": [
          -114.00665634359834,
          46.675119154256066
        ]
      }
    },
    {
      "type": "Feature",
      "properties": {
        "file": "leg09_m013_b085_2026-06-18T15-47-07.jpg",
        "leg": "leg09",
        "mark_index": 13,
        "along_track_m": 13.0,
        "achieved_heading": 86.0183356442302,
        "target_bearing": 85.2966173947774,
        "fix_type": 6,
        "hacc_m": 0.014,
        "corrupt": false,
        "position_interpolated": true,
        "captured_at_utc": "2026-06-18T21:47:07.637794+00:00"
      },
      "geometry": {
        "type": "Point",
        "coordinates": [
          -114.0066437,
          46.67512
        ]
      }
    },
    {
      "type": "Feature",
      "properties": {
        "file": "leg09_m014_b085_2026-06-18T15-47-08.jpg",
        "leg": "leg09",
        "mark_index": 14,
        "along_track_m": 14.0,
        "achieved_heading": 88.61494907850954,
        "target_bearing": 85.2966173947774,
        "fix_type": 6,
        "hacc_m": 0.014,
        "corrupt": false,
        "position_interpolated": true,
        "captured_at_utc": "2026-06-18T21:47:08.703753+00:00"
      },
      "geometry": {
        "type": "Point",
        "coordinates": [
          -114.00662965142735,
          46.67512088402603
        ]
      }
    },
    {
      "type": "Feature",
      "properties": {
        "file": "leg09_m015_b085_2026-06-18T15-47-09.jpg",
        "leg": "leg09",
        "mark_index": 15,
        "along_track_m": 15.0,
        "achieved_heading": 87.61125063966142,
        "target_bearing": 85.2966173947774,
        "fix_type": 6,
        "hacc_m": 0.014,
        "corrupt": false,
        "position_interpolated": true,
        "captured_at_utc": "2026-06-18T21:47:09.746658+00:00"
      },
      "geometry": {
        "type": "Point",
        "coordinates": [
          -114.00661679999999,
          46.675121399999995
        ]
      }
    },
    {
      "type": "Feature",
      "properties": {
        "file": "leg09_m016_b085_2026-06-18T15-47-11.jpg",
        "leg": "leg09",
        "mark_index": 16,
        "along_track_m": 16.0,
        "achieved_heading": 87.08223110408619,
        "target_bearing": 85.2966173947774,
        "fix_type": 6,
        "hacc_m": 0.014,
        "corrupt": false,
        "position_interpolated": true,
        "captured_at_utc": "2026-06-18T21:47:10.586199+00:00"
      },
      "geometry": {
        "type": "Point",
        "coordinates": [
          -114.00660693467954,
          46.675122099999996
        ]
      }
    },
    {
      "type": "Feature",
      "properties": {
        "file": "leg09_m018_b085_2026-06-18T15-47-17.jpg",
        "leg": "leg09",
        "mark_index": 18,
        "along_track_m": 18.0,
        "achieved_heading": 85.57053707114824,
        "target_bearing": 85.2966173947774,
        "fix_type": 6,
        "hacc_m": 0.014,
        "corrupt": false,
        "position_interpolated": true,
        "captured_at_utc": "2026-06-18T21:47:16.451626+00:00"
      },
      "geometry": {
        "type": "Point",
        "coordinates": [
          -114.0065767,
          46.6751236
        ]
      }
    },
    {
      "type": "Feature",
      "properties": {
        "file": "leg09_m019_b085_2026-06-18T15-47-18.jpg",
        "leg": "leg09",
        "mark_index": 19,
        "along_track_m": 19.0,
        "achieved_heading": 82.33836585106212,
        "target_bearing": 85.2966173947774,
        "fix_type": 6,
        "hacc_m": 0.014,
        "corrupt": false,
        "position_interpolated": true,
        "captured_at_utc": "2026-06-18T21:47:18.347272+00:00"
      },
      "geometry": {
        "type": "Point",
        "coordinates": [
          -114.0065654,
          46.6751249
        ]
      }
    },
    {
      "type": "Feature",
      "properties": {
        "file": "leg09_m020_b085_2026-06-18T15-47-19.jpg",
        "leg": "leg09",
        "mark_index": 20,
        "along_track_m": 20.0,
        "achieved_heading": 85.38741643853336,
        "target_bearing": 85.2966173947774,
        "fix_type": 6,
        "hacc_m": 0.014,
        "corrupt": false,
        "position_interpolated": true,
        "captured_at_utc": "2026-06-18T21:47:19.469005+00:00"
      },
      "geometry": {
        "type": "Point",
        "coordinates": [
          -114.00655196642475,
          46.67512613653098
        ]
      }
    },
    {
      "type": "Feature",
      "properties": {
        "file": "leg09_m021_b085_2026-06-18T15-47-20.jpg",
        "leg": "leg09",
        "mark_index": 21,
        "along_track_m": 21.0,
        "achieved_heading": 89.14291560070365,
        "target_bearing": 85.2966173947774,
        "fix_type": 6,
        "hacc_m": 0.014,
        "corrupt": false,
        "position_interpolated": true,
        "captured_at_utc": "2026-06-18T21:47:20.655256+00:00"
      },
      "geometry": {
        "type": "Point",
        "coordinates": [
          -114.0065391,
          46.6751265
        ]
      }
    },
    {
      "type": "Feature",
      "properties": {
        "file": "leg09_m022_b085_2026-06-18T15-47-21.jpg",
        "leg": "leg09",
        "mark_index": 22,
        "along_track_m": 22.0,
        "achieved_heading": 87.73713988843713,
        "target_bearing": 85.2966173947774,
        "fix_type": 6,
        "hacc_m": 0.014,
        "corrupt": false,
        "position_interpolated": true,
        "captured_at_utc": "2026-06-18T21:47:21.780638+00:00"
      },
      "geometry": {
        "type": "Point",
        "coordinates": [
          -114.006525,
          46.6751267
        ]
      }
    },
    {
      "type": "Feature",
      "properties": {
        "file": "leg09_m023_b085_2026-06-18T15-47-22.jpg",
        "leg": "leg09",
        "mark_index": 23,
        "along_track_m": 23.0,
        "achieved_heading": 86.38490497132273,
        "target_bearing": 85.2966173947774,
        "fix_type": 6,
        "hacc_m": 0.014,
        "corrupt": false,
        "position_interpolated": true,
        "captured_at_utc": "2026-06-18T21:47:22.762361+00:00"
      },
      "geometry": {
        "type": "Point",
        "coordinates": [
          -114.0065132,
          46.6751274
        ]
      }
    },
    {
      "type": "Feature",
      "properties": {
        "file": "leg09_m024_b085_2026-06-18T15-47-24.jpg",
        "leg": "leg09",
        "mark_index": 24,
        "along_track_m": 24.0,
        "achieved_heading": 86.88082515666417,
        "target_bearing": 85.2966173947774,
        "fix_type": 6,
        "hacc_m": 0.014,
        "corrupt": false,
        "position_interpolated": true,
        "captured_at_utc": "2026-06-18T21:47:23.959090+00:00"
      },
      "geometry": {
        "type": "Point",
        "coordinates": [
          -114.0064989,
          46.6751285
        ]
      }
    },
    {
      "type": "Feature",
      "properties": {
        "file": "leg09_m025_b085_2026-06-18T15-47-24.jpg",
        "leg": "leg09",
        "mark_index": 25,
        "along_track_m": 25.0,
        "achieved_heading": 87.23587823744845,
        "target_bearing": 85.2966173947774,
        "fix_type": 6,
        "hacc_m": 0.014,
        "corrupt": false,
        "position_interpolated": true,
        "captured_at_utc": "2026-06-18T21:47:24.936320+00:00"
      },
      "geometry": {
        "type": "Point",
        "coordinates": [
          -114.0064865,
          46.6751291
        ]
      }
    },
    {
      "type": "Feature",
      "properties": {
        "file": "leg09_m026_b085_2026-06-18T15-47-26.jpg",
        "leg": "leg09",
        "mark_index": 26,
        "along_track_m": 26.0,
        "achieved_heading": 87.26465602656504,
        "target_bearing": 85.2966173947774,
        "fix_type": 6,
        "hacc_m": 0.014,
        "corrupt": false,
        "position_interpolated": true,
        "captured_at_utc": "2026-06-18T21:47:26.050087+00:00"
      },
      "geometry": {
        "type": "Point",
        "coordinates": [
          -114.00647297237715,
          46.67512980674981
        ]
      }
    },
    {
      "type": "Feature",
      "properties": {
        "file": "leg09_m027_b085_2026-06-18T15-47-27.jpg",
        "leg": "leg09",
        "mark_index": 27,
        "along_track_m": 27.0,
        "achieved_heading": 88.09252634085829,
        "target_bearing": 85.2966173947774,
        "fix_type": 6,
        "hacc_m": 0.014,
        "corrupt": false,
        "position_interpolated": true,
        "captured_at_utc": "2026-06-18T21:47:27.162007+00:00"
      },
      "geometry": {
        "type": "Point",
        "coordinates": [
          -114.0064596,
          46.675130599999996
        ]
      }
    },
    {
      "type": "Feature",
      "properties": {
        "file": "leg09_m028_b085_2026-06-18T15-47-28.jpg",
        "leg": "leg09",
        "mark_index": 28,
        "along_track_m": 28.0,
        "achieved_heading": 86.7035906749976,
        "target_bearing": 85.2966173947774,
        "fix_type": 6,
        "hacc_m": 0.014,
        "corrupt": false,
        "position_interpolated": true,
        "captured_at_utc": "2026-06-18T21:47:28.159470+00:00"
      },
      "geometry": {
        "type": "Point",
        "coordinates": [
          -114.0064477,
          46.6751315
        ]
      }
    },
    {
      "type": "Feature",
      "properties": {
        "file": "leg09_m029_b085_2026-06-18T15-47-29.jpg",
        "leg": "leg09",
        "mark_index": 29,
        "along_track_m": 29.0,
        "achieved_heading": 87.60250118394833,
        "target_bearing": 85.2966173947774,
        "fix_type": 6,
        "hacc_m": 0.014,
        "corrupt": false,
        "position_interpolated": true,
        "captured_at_utc": "2026-06-18T21:47:29.285253+00:00"
      },
      "geometry": {
        "type": "Point",
        "coordinates": [
          -114.00643396950774,
          46.67513207523879
        ]
      }
    },
    {
      "type": "Feature",
      "properties": {
        "file": "leg09_m030_b085_2026-06-18T15-47-30.jpg",
        "leg": "leg09",
        "mark_index": 30,
        "along_track_m": 30.0,
        "achieved_heading": 86.47054234720332,
        "target_bearing": 85.2966173947774,
        "fix_type": 6,
        "hacc_m": 0.014,
        "corrupt": false,
        "position_interpolated": true,
        "captured_at_utc": "2026-06-18T21:47:30.399463+00:00"
      },
      "geometry": {
        "type": "Point",
        "coordinates": [
          -114.0064213,
          46.675132399999995
        ]
      }
    },
    {
      "type": "Feature",
      "properties": {
        "file": "leg09_m031_b085_2026-06-18T15-47-31.jpg",
        "leg": "leg09",
        "mark_index": 31,
        "along_track_m": 31.0,
        "achieved_heading": 85.6693224341833,
        "target_bearing": 85.2966173947774,
        "fix_type": 6,
        "hacc_m": 0.014,
        "corrupt": false,
        "position_interpolated": true,
        "captured_at_utc": "2026-06-18T21:47:31.584259+00:00"
      },
      "geometry": {
        "type": "Point",
        "coordinates": [
          -114.006407,
          46.675133599999995
        ]
      }
    },
    {
      "type": "Feature",
      "properties": {
        "file": "leg09_m032_b085_2026-06-18T15-47-32.jpg",
        "leg": "leg09",
        "mark_index": 32,
        "along_track_m": 32.0,
        "achieved_heading": 88.421118063922,
        "target_bearing": 85.2966173947774,
        "fix_type": 6,
        "hacc_m": 0.014,
        "corrupt": false,
        "position_interpolated": true,
        "captured_at_utc": "2026-06-18T21:47:32.498401+00:00"
      },
      "geometry": {
        "type": "Point",
        "coordinates": [
          -114.0063954355215,
          46.67513398257914
        ]
      }
    },
    {
      "type": "Feature",
      "properties": {
        "file": "leg09_m033_b085_2026-06-18T15-47-33.jpg",
        "leg": "leg09",
        "mark_index": 33,
        "along_track_m": 33.0,
        "achieved_heading": 87.92053601621558,
        "target_bearing": 85.2966173947774,
        "fix_type": 6,
        "hacc_m": 0.014,
        "corrupt": false,
        "position_interpolated": true,
        "captured_at_utc": "2026-06-18T21:47:33.768560+00:00"
      },
      "geometry": {
        "type": "Point",
        "coordinates": [
          -114.0063811,
          46.6751346
        ]
      }
    },
    {
      "type": "Feature",
      "properties": {
        "file": "leg09_m034_b085_2026-06-18T15-47-34.jpg",
        "leg": "leg09",
        "mark_index": 34,
        "along_track_m": 34.0,
        "achieved_heading": 86.59670532765443,
        "target_bearing": 85.2966173947774,
        "fix_type": 6,
        "hacc_m": 0.014,
        "corrupt": false,
        "position_interpolated": true,
        "captured_at_utc": "2026-06-18T21:47:34.595327+00:00"
      },
      "geometry": {
        "type": "Point",
        "coordinates": [
          -114.00637123565674,
          46.6751351
        ]
      }
    },
    {
      "type": "Feature",
      "properties": {
        "file": "leg09_m035_b085_2026-06-18T15-47-36.jpg",
        "leg": "leg09",
        "mark_index": 35,
        "along_track_m": 35.0,
        "achieved_heading": 87.19179433682052,
        "target_bearing": 85.2966173947774,
        "fix_type": 6,
        "hacc_m": 0.014,
        "corrupt": false,
        "position_interpolated": true,
        "captured_at_utc": "2026-06-18T21:47:35.874297+00:00"
      },
      "geometry": {
        "type": "Point",
        "coordinates": [
          -114.00635592370412,
          46.675135674012324
        ]
      }
    },
    {
      "type": "Feature",
      "properties": {
        "file": "leg09_m037_b085_2026-06-18T15-47-42.jpg",
        "leg": "leg09",
        "mark_index": 37,
        "along_track_m": 37.0,
        "achieved_heading": 80.10254830340705,
        "target_bearing": 85.2966173947774,
        "fix_type": 6,
        "hacc_m": 0.014,
        "corrupt": false,
        "position_interpolated": true,
        "captured_at_utc": "2026-06-18T21:47:41.447745+00:00"
      },
      "geometry": {
        "type": "Point",
        "coordinates": [
          -114.006328,
          46.675138
        ]
      }
    },
    {
      "type": "Feature",
      "properties": {
        "file": "leg09_m038_b085_2026-06-18T15-47-43.jpg",
        "leg": "leg09",
        "mark_index": 38,
        "along_track_m": 38.0,
        "achieved_heading": 86.82843585160708,
        "target_bearing": 85.2966173947774,
        "fix_type": 6,
        "hacc_m": 0.014,
        "corrupt": false,
        "position_interpolated": true,
        "captured_at_utc": "2026-06-18T21:47:43.482719+00:00"
      },
      "geometry": {
        "type": "Point",
        "coordinates": [
          -114.00631578229037,
          46.67513954936605
        ]
      }
    },
    {
      "type": "Feature",
      "properties": {
        "file": "leg09_m039_b085_2026-06-18T15-47-44.jpg",
        "leg": "leg09",
        "mark_index": 39,
        "along_track_m": 39.0,
        "achieved_heading": 90.69660418679734,
        "target_bearing": 85.2966173947774,
        "fix_type": 6,
        "hacc_m": 0.014,
        "corrupt": false,
        "position_interpolated": true,
        "captured_at_utc": "2026-06-18T21:47:44.464265+00:00"
      },
      "geometry": {
        "type": "Point",
        "coordinates": [
          -114.00630404048506,
          46.6751401
        ]
      }
    },
    {
      "type": "Feature",
      "properties": {
        "file": "leg09_m040_b085_2026-06-18T15-47-45.jpg",
        "leg": "leg09",
        "mark_index": 40,
        "along_track_m": 40.0,
        "achieved_heading": 90.81251869041034,
        "target_bearing": 85.2966173947774,
        "fix_type": 6,
        "hacc_m": 0.014,
        "corrupt": false,
        "position_interpolated": true,
        "captured_at_utc": "2026-06-18T21:47:45.583238+00:00"
      },
      "geometry": {
        "type": "Point",
        "coordinates": [
          -114.00629071718294,
          46.675140374660124
        ]
      }
    },
    {
      "type": "Feature",
      "properties": {
        "file": "leg09_m041_b085_2026-06-18T15-47-46.jpg",
        "leg": "leg09",
        "mark_index": 41,
        "along_track_m": 41.0,
        "achieved_heading": 87.36103843085732,
        "target_bearing": 85.2966173947774,
        "fix_type": 6,
        "hacc_m": 0.014,
        "corrupt": false,
        "position_interpolated": true,
        "captured_at_utc": "2026-06-18T21:47:46.705122+00:00"
      },
      "geometry": {
        "type": "Point",
        "coordinates": [
          -114.0062768740705,
          46.6751406
        ]
      }
    },
    {
      "type": "Feature",
      "properties": {
        "file": "leg09_m042_b085_2026-06-18T15-47-47.jpg",
        "leg": "leg09",
        "mark_index": 42,
        "along_track_m": 42.0,
        "achieved_heading": 84.30214340855053,
        "target_bearing": 85.2966173947774,
        "fix_type": 6,
        "hacc_m": 0.014,
        "corrupt": false,
        "position_interpolated": true,
        "captured_at_utc": "2026-06-18T21:47:47.839885+00:00"
      },
      "geometry": {
        "type": "Point",
        "coordinates": [
          -114.00626489999999,
          46.6751414
        ]
      }
    },
    {
      "type": "Feature",
      "properties": {
        "file": "leg09_m043_b085_2026-06-18T15-47-49.jpg",
        "leg": "leg09",
        "mark_index": 43,
        "along_track_m": 43.0,
        "achieved_heading": 84.83084877062174,
        "target_bearing": 85.2966173947774,
        "fix_type": 6,
        "hacc_m": 0.014,
        "corrupt": false,
        "position_interpolated": true,
        "captured_at_utc": "2026-06-18T21:47:48.959720+00:00"
      },
      "geometry": {
        "type": "Point",
        "coordinates": [
          -114.0062506,
          46.6751426
        ]
      }
    },
    {
      "type": "Feature",
      "properties": {
        "file": "leg09_m044_b085_2026-06-18T15-47-50.jpg",
        "leg": "leg09",
        "mark_index": 44,
        "along_track_m": 44.0,
        "achieved_heading": 87.21531843381456,
        "target_bearing": 85.2966173947774,
        "fix_type": 6,
        "hacc_m": 0.014,
        "corrupt": false,
        "position_interpolated": true,
        "captured_at_utc": "2026-06-18T21:47:50.003065+00:00"
      },
      "geometry": {
        "type": "Point",
        "coordinates": [
          -114.00623829999999,
          46.675143299999995
        ]
      }
    },
    {
      "type": "Feature",
      "properties": {
        "file": "leg09_m046_b085_2026-06-18T15-47-56.jpg",
        "leg": "leg09",
        "mark_index": 46,
        "along_track_m": 46.0,
        "achieved_heading": 88.14256237488655,
        "target_bearing": 85.2966173947774,
        "fix_type": 6,
        "hacc_m": 0.014,
        "corrupt": false,
        "position_interpolated": true,
        "captured_at_utc": "2026-06-18T21:47:55.247996+00:00"
      },
      "geometry": {
        "type": "Point",
        "coordinates": [
          -114.0062099,
          46.6751449
        ]
      }
    },
    {
      "type": "Feature",
      "properties": {
        "file": "leg09_m047_b085_2026-06-18T15-47-57.jpg",
        "leg": "leg09",
        "mark_index": 47,
        "along_track_m": 47.0,
        "achieved_heading": 86.60150625211088,
        "target_bearing": 85.2966173947774,
        "fix_type": 6,
        "hacc_m": 0.014,
        "corrupt": false,
        "position_interpolated": true,
        "captured_at_utc": "2026-06-18T21:47:57.295526+00:00"
      },
      "geometry": {
        "type": "Point",
        "coordinates": [
          -114.006200860361,
          46.675145199999996
        ]
      }
    },
    {
      "type": "Feature",
      "properties": {
        "file": "leg09_m048_b085_2026-06-18T15-47-58.jpg",
        "leg": "leg09",
        "mark_index": 48,
        "along_track_m": 48.0,
        "achieved_heading": 85.8938533015463,
        "target_bearing": 85.2966173947774,
        "fix_type": 6,
        "hacc_m": 0.014,
        "corrupt": false,
        "position_interpolated": true,
        "captured_at_utc": "2026-06-18T21:47:58.604423+00:00"
      },
      "geometry": {
        "type": "Point",
        "coordinates": [
          -114.0061865,
          46.6751462
        ]
      }
    },
    {
      "type": "Feature",
      "properties": {
        "file": "leg09_m050_b085_2026-06-18T15-48-05.jpg",
        "leg": "leg09",
        "mark_index": 50,
        "along_track_m": 50.0,
        "achieved_heading": 87.07847999057901,
        "target_bearing": 85.2966173947774,
        "fix_type": 6,
        "hacc_m": 0.014,
        "corrupt": false,
        "position_interpolated": true,
        "captured_at_utc": "2026-06-18T21:48:04.343307+00:00"
      },
      "geometry": {
        "type": "Point",
        "coordinates": [
          -114.0061588,
          46.6751478
        ]
      }
    },
    {
      "type": "Feature",
      "properties": {
        "file": "leg09_m051_b085_2026-06-18T15-48-06.jpg",
        "leg": "leg09",
        "mark_index": 51,
        "along_track_m": 51.0,
        "achieved_heading": 88.7430532923292,
        "target_bearing": 85.2966173947774,
        "fix_type": 6,
        "hacc_m": 0.014,
        "corrupt": false,
        "position_interpolated": true,
        "captured_at_utc": "2026-06-18T21:48:06.231167+00:00"
      },
      "geometry": {
        "type": "Point",
        "coordinates": [
          -114.00614690795814,
          46.67514844368167
        ]
      }
    },
    {
      "type": "Feature",
      "properties": {
        "file": "leg09_m052_b085_2026-06-18T15-48-07.jpg",
        "leg": "leg09",
        "mark_index": 52,
        "along_track_m": 52.0,
        "achieved_heading": 86.48943309662587,
        "target_bearing": 85.2966173947774,
        "fix_type": 6,
        "hacc_m": 0.014,
        "corrupt": false,
        "position_interpolated": true,
        "captured_at_utc": "2026-06-18T21:48:07.439796+00:00"
      },
      "geometry": {
        "type": "Point",
        "coordinates": [
          -114.0061343,
          46.675148799999995
        ]
      }
    },
    {
      "type": "Feature",
      "properties": {
        "file": "leg09_m053_b085_2026-06-18T15-48-08.jpg",
        "leg": "leg09",
        "mark_index": 53,
        "along_track_m": 53.0,
        "achieved_heading": 84.36407666317092,
        "target_bearing": 85.2966173947774,
        "fix_type": 6,
        "hacc_m": 0.014,
        "corrupt": false,
        "position_interpolated": true,
        "captured_at_utc": "2026-06-18T21:48:08.549422+00:00"
      },
      "geometry": {
        "type": "Point",
        "coordinates": [
          -114.00612000384069,
          46.675149599807966
        ]
      }
    },
    {
      "type": "Feature",
      "properties": {
        "file": "leg09_m054_b085_2026-06-18T15-48-09.jpg",
        "leg": "leg09",
        "mark_index": 54,
        "along_track_m": 54.0,
        "achieved_heading": 83.78984686716535,
        "target_bearing": 85.2966173947774,
        "fix_type": 6,
        "hacc_m": 0.014,
        "corrupt": false,
        "position_interpolated": true,
        "captured_at_utc": "2026-06-18T21:48:09.541547+00:00"
      },
      "geometry": {
        "type": "Point",
        "coordinates": [
          -114.00610809999999,
          46.675150599999995
        ]
      }
    },
    {
      "type": "Feature",
      "properties": {
        "file": "leg09_m055_b085_2026-06-18T15-48-10.jpg",
        "leg": "leg09",
        "mark_index": 55,
        "along_track_m": 55.0,
        "achieved_heading": 84.71717953166228,
        "target_bearing": 85.2966173947774,
        "fix_type": 6,
        "hacc_m": 0.014,
        "corrupt": false,
        "position_interpolated": true,
        "captured_at_utc": "2026-06-18T21:48:10.652790+00:00"
      },
      "geometry": {
        "type": "Point",
        "coordinates": [
          -114.00609520124138,
          46.67515165828161
        ]
      }
    },
    {
      "type": "Feature",
      "properties": {
        "file": "leg09_m056_b085_2026-06-18T15-48-12.jpg",
        "leg": "leg09",
        "mark_index": 56,
        "along_track_m": 56.0,
        "achieved_heading": 86.10064236690698,
        "target_bearing": 85.2966173947774,
        "fix_type": 6,
        "hacc_m": 0.014,
        "corrupt": false,
        "position_interpolated": true,
        "captured_at_utc": "2026-06-18T21:48:11.911287+00:00"
      },
      "geometry": {
        "type": "Point",
        "coordinates": [
          -114.00608036132836,
          46.67515258759013
        ]
      }
    },
    {
      "type": "Feature",
      "properties": {
        "file": "leg09_m057_b085_2026-06-18T15-48-13.jpg",
        "leg": "leg09",
        "mark_index": 57,
        "along_track_m": 57.0,
        "achieved_heading": 85.66476161056517,
        "target_bearing": 85.2966173947774,
        "fix_type": 6,
        "hacc_m": 0.014,
        "corrupt": false,
        "position_interpolated": true,
        "captured_at_utc": "2026-06-18T21:48:13.027724+00:00"
      },
      "geometry": {
        "type": "Point",
        "coordinates": [
          -114.0060685,
          46.6751533
        ]
      }
    },
    {
      "type": "Feature",
      "properties": {
        "file": "leg09_m058_b085_2026-06-18T15-48-14.jpg",
        "leg": "leg09",
        "mark_index": 58,
        "along_track_m": 58.0,
        "achieved_heading": 86.28584456032866,
        "target_bearing": 85.2966173947774,
        "fix_type": 6,
        "hacc_m": 0.014,
        "corrupt": false,
        "position_interpolated": true,
        "captured_at_utc": "2026-06-18T21:48:14.062294+00:00"
      },
      "geometry": {
        "type": "Point",
        "coordinates": [
          -114.00605491953135,
          46.675153760974695
        ]
      }
    },
    {
      "type": "Feature",
      "properties": {
        "file": "leg09_m059_b085_2026-06-18T15-48-15.jpg",
        "leg": "leg09",
        "mark_index": 59,
        "along_track_m": 59.0,
        "achieved_heading": 87.53876739314467,
        "target_bearing": 85.2966173947774,
        "fix_type": 6,
        "hacc_m": 0.014,
        "corrupt": false,
        "position_interpolated": true,
        "captured_at_utc": "2026-06-18T21:48:15.207914+00:00"
      },
      "geometry": {
        "type": "Point",
        "coordinates": [
          -114.00604299999999,
          46.6751544
        ]
      }
    },
    {
      "type": "Feature",
      "properties": {
        "file": "leg09_m060_b085_2026-06-18T15-48-16.jpg",
        "leg": "leg09",
        "mark_index": 60,
        "along_track_m": 60.0,
        "achieved_heading": 88.53256185782504,
        "target_bearing": 85.2966173947774,
        "fix_type": 6,
        "hacc_m": 0.014,
        "corrupt": false,
        "position_interpolated": true,
        "captured_at_utc": "2026-06-18T21:48:16.330552+00:00"
      },
      "geometry": {
        "type": "Point",
        "coordinates": [
          -114.006028866949,
          46.675154994644075
        ]
      }
    },
    {
      "type": "Feature",
      "properties": {
        "file": "leg09_m061_b085_2026-06-18T15-48-17.jpg",
        "leg": "leg09",
        "mark_index": 61,
        "along_track_m": 61.0,
        "achieved_heading": 86.18418546438693,
        "target_bearing": 85.2966173947774,
        "fix_type": 6,
        "hacc_m": 0.014,
        "corrupt": false,
        "position_interpolated": true,
        "captured_at_utc": "2026-06-18T21:48:17.175058+00:00"
      },
      "geometry": {
        "type": "Point",
        "coordinates": [
          -114.00601909053344,
          46.6751553
        ]
      }
    },
    {
      "type": "Feature",
      "properties": {
        "file": "leg09_m062_b085_2026-06-18T15-48-18.jpg",
        "leg": "leg09",
        "mark_index": 62,
        "along_track_m": 62.0,
        "achieved_heading": 85.19714121670472,
        "target_bearing": 85.2966173947774,
        "fix_type": 6,
        "hacc_m": 0.014,
        "corrupt": false,
        "position_interpolated": true,
        "captured_at_utc": "2026-06-18T21:48:18.573408+00:00"
      },
      "geometry": {
        "type": "Point",
        "coordinates": [
          -114.0060024,
          46.675156099999995
        ]
      }
    },
    {
      "type": "Feature",
      "properties": {
        "file": "leg09_m063_b085_2026-06-18T15-48-19.jpg",
        "leg": "leg09",
        "mark_index": 63,
        "along_track_m": 63.0,
        "achieved_heading": 85.87530428428477,
        "target_bearing": 85.2966173947774,
        "fix_type": 6,
        "hacc_m": 0.014,
        "corrupt": false,
        "position_interpolated": true,
        "captured_at_utc": "2026-06-18T21:48:19.753712+00:00"
      },
      "geometry": {
        "type": "Point",
        "coordinates": [
          -114.00598889999999,
          46.675156799999996
        ]
      }
    },
    {
      "type": "Feature",
      "properties": {
        "file": "leg09_m064_b085_2026-06-18T15-48-20.jpg",
        "leg": "leg09",
        "mark_index": 64,
        "along_track_m": 64.0,
        "achieved_heading": 85.66873734665984,
        "target_bearing": 85.2966173947774,
        "fix_type": 6,
        "hacc_m": 0.014,
        "corrupt": false,
        "position_interpolated": true,
        "captured_at_utc": "2026-06-18T21:48:20.734663+00:00"
      },
      "geometry": {
        "type": "Point",
        "coordinates": [
          -114.005977,
          46.6751576
        ]
      }
    },
    {
      "type": "Feature",
      "properties": {
        "file": "leg09_m065_b085_2026-06-18T15-48-21.jpg",
        "leg": "leg09",
        "mark_index": 65,
        "along_track_m": 65.0,
        "achieved_heading": 85.93875293672949,
        "target_bearing": 85.2966173947774,
        "fix_type": 6,
        "hacc_m": 0.014,
        "corrupt": false,
        "position_interpolated": true,
        "captured_at_utc": "2026-06-18T21:48:21.853419+00:00"
      },
      "geometry": {
        "type": "Point",
        "coordinates": [
          -114.0059637951842,
          46.6751583
        ]
      }
    },
    {
      "type": "Feature",
      "properties": {
        "file": "leg09_m066_b085_2026-06-18T15-48-22.jpg",
        "leg": "leg09",
        "mark_index": 66,
        "along_track_m": 66.0,
        "achieved_heading": 84.87252396648444,
        "target_bearing": 85.2966173947774,
        "fix_type": 6,
        "hacc_m": 0.014,
        "corrupt": false,
        "position_interpolated": true,
        "captured_at_utc": "2026-06-18T21:48:22.906683+00:00"
      },
      "geometry": {
        "type": "Point",
        "coordinates": [
          -114.00595126920008,
          46.67515907552726
        ]
      }
    },
    {
      "type": "Feature",
      "properties": {
        "file": "leg09_m067_b085_2026-06-18T15-48-24.jpg",
        "leg": "leg09",
        "mark_index": 67,
        "along_track_m": 67.0,
        "achieved_heading": 85.50053973271656,
        "target_bearing": 85.2966173947774,
        "fix_type": 6,
        "hacc_m": 0.014,
        "corrupt": false,
        "position_interpolated": true,
        "captured_at_utc": "2026-06-18T21:48:24.169713+00:00"
      },
      "geometry": {
        "type": "Point",
        "coordinates": [
          -114.00593649999999,
          46.6751599
        ]
      }
    },
    {
      "type": "Feature",
      "properties": {
        "file": "leg09_m068_b085_2026-06-18T15-48-25.jpg",
        "leg": "leg09",
        "mark_index": 68,
        "along_track_m": 68.0,
        "achieved_heading": 86.10396084929204,
        "target_bearing": 85.2966173947774,
        "fix_type": 6,
        "hacc_m": 0.014,
        "corrupt": false,
        "position_interpolated": true,
        "captured_at_utc": "2026-06-18T21:48:25.156223+00:00"
      },
      "geometry": {
        "type": "Point",
        "coordinates": [
          -114.0059246,
          46.6751605
        ]
      }
    },
    {
      "type": "Feature",
      "properties": {
        "file": "leg09_m069_b085_2026-06-18T15-48-26.jpg",
        "leg": "leg09",
        "mark_index": 69,
        "along_track_m": 69.0,
        "achieved_heading": 87.99833340366337,
        "target_bearing": 85.2966173947774,
        "fix_type": 6,
        "hacc_m": 0.014,
        "corrupt": false,
        "position_interpolated": true,
        "captured_at_utc": "2026-06-18T21:48:26.207652+00:00"
      },
      "geometry": {
        "type": "Point",
        "coordinates": [
          -114.0059122,
          46.675160899999995
        ]
      }
    },
    {
      "type": "Feature",
      "properties": {
        "file": "leg09_m070_b085_2026-06-18T15-48-26.jpg",
        "leg": "leg09",
        "mark_index": 70,
        "along_track_m": 69.554,
        "achieved_heading": 89.90053405672217,
        "target_bearing": 85.2966173947774,
        "fix_type": 6,
        "hacc_m": 0.014,
        "corrupt": false,
        "position_interpolated": true,
        "captured_at_utc": "2026-06-18T21:48:26.824558+00:00"
      },
      "geometry": {
        "type": "Point",
        "coordinates": [
          -114.00590509999999,
          46.6751611
        ]
      }
    },
    {
      "type": "Feature",
      "properties": {
        "file": "leg10_m000_b355_2026-06-18T15-48-32.jpg",
        "leg": "leg10",
        "mark_index": 0,
        "along_track_m": 0.0,
        "achieved_heading": 356.17804598572553,
        "target_bearing": 355.32685178376335,
        "fix_type": 6,
        "hacc_m": 0.014,
        "corrupt": false,
        "position_interpolated": true,
        "captured_at_utc": "2026-06-18T21:48:32.145808+00:00"
      },
      "geometry": {
        "type": "Point",
        "coordinates": [
          -114.00590049843687,
          46.67516180156312
        ]
      }
    },
    {
      "type": "Feature",
      "properties": {
        "file": "leg10_m001_b355_2026-06-18T15-48-33.jpg",
        "leg": "leg10",
        "mark_index": 1,
        "along_track_m": 1.0,
        "achieved_heading": 349.68861140651484,
        "target_bearing": 355.32685178376335,
        "fix_type": 6,
        "hacc_m": 0.014,
        "corrupt": false,
        "position_interpolated": true,
        "captured_at_utc": "2026-06-18T21:48:33.687306+00:00"
      },
      "geometry": {
        "type": "Point",
        "coordinates": [
          -114.00590265516233,
          46.67517101887989
        ]
      }
    },
    {
      "type": "Feature",
      "properties": {
        "file": "leg10_m002_b355_2026-06-18T15-48-34.jpg",
        "leg": "leg10",
        "mark_index": 2,
        "along_track_m": 2.0,
        "achieved_heading": 349.4621784858791,
        "target_bearing": 355.32685178376335,
        "fix_type": 6,
        "hacc_m": 0.014,
        "corrupt": false,
        "position_interpolated": true,
        "captured_at_utc": "2026-06-18T21:48:34.677613+00:00"
      },
      "geometry": {
        "type": "Point",
        "coordinates": [
          -114.00590481219524,
          46.6751798731715
        ]
      }
    },
    {
      "type": "Feature",
      "properties": {
        "file": "leg10_m003_b355_2026-06-18T15-48-35.jpg",
        "leg": "leg10",
        "mark_index": 3,
        "along_track_m": 3.0,
        "achieved_heading": 352.11795245786954,
        "target_bearing": 355.32685178376335,
        "fix_type": 6,
        "hacc_m": 0.014,
        "corrupt": false,
        "position_interpolated": true,
        "captured_at_utc": "2026-06-18T21:48:35.717762+00:00"
      },
      "geometry": {
        "type": "Point",
        "coordinates": [
          -114.00590697791104,
          46.67518916746627
        ]
      }
    },
    {
      "type": "Feature",
      "properties": {
        "file": "leg10_m004_b355_2026-06-18T15-48-36.jpg",
        "leg": "leg10",
        "mark_index": 4,
        "along_track_m": 4.0,
        "achieved_heading": 354.9828494791211,
        "target_bearing": 355.32685178376335,
        "fix_type": 6,
        "hacc_m": 0.014,
        "corrupt": false,
        "position_interpolated": true,
        "captured_at_utc": "2026-06-18T21:48:36.627189+00:00"
      },
      "geometry": {
        "type": "Point",
        "coordinates": [
          -114.00590824335602,
          46.67519728040846
        ]
      }
    },
    {
      "type": "Feature",
      "properties": {
        "file": "leg10_m005_b355_2026-06-18T15-48-37.jpg",
        "leg": "leg10",
        "mark_index": 5,
        "along_track_m": 4.782,
        "achieved_heading": 0.20365602881400946,
        "target_bearing": 355.32685178376335,
        "fix_type": 6,
        "hacc_m": 0.014,
        "corrupt": false,
        "position_interpolated": true,
        "captured_at_utc": "2026-06-18T21:48:37.396228+00:00"
      },
      "geometry": {
        "type": "Point",
        "coordinates": [
          -114.0059089,
          46.675203599999996
        ]
      }
    },
    {
      "type": "Feature",
      "properties": {
        "file": "leg11_m000_b265_2026-06-18T15-48-41.jpg",
        "leg": "leg11",
        "mark_index": 0,
        "along_track_m": 0.0,
        "achieved_heading": 266.7756109687351,
        "target_bearing": 265.29727667875375,
        "fix_type": 6,
        "hacc_m": 0.014,
        "corrupt": false,
        "position_interpolated": true,
        "captured_at_utc": "2026-06-18T21:48:41.799831+00:00"
      },
      "geometry": {
        "type": "Point",
        "coordinates": [
          -114.0059117,
          46.6752079
        ]
      }
    },
    {
      "type": "Feature",
      "properties": {
        "file": "leg11_m001_b265_2026-06-18T15-48-43.jpg",
        "leg": "leg11",
        "mark_index": 1,
        "along_track_m": 1.0,
        "achieved_heading": 263.3404425080283,
        "target_bearing": 265.29727667875375,
        "fix_type": 6,
        "hacc_m": 0.014,
        "corrupt": false,
        "position_interpolated": true,
        "captured_at_utc": "2026-06-18T21:48:43.133766+00:00"
      },
      "geometry": {
        "type": "Point",
        "coordinates": [
          -114.0059221687825,
          46.6752073
        ]
      }
    },
    {
      "type": "Feature",
      "properties": {
        "file": "leg11_m002_b265_2026-06-18T15-48-44.jpg",
        "leg": "leg11",
        "mark_index": 2,
        "along_track_m": 2.0,
        "achieved_heading": 258.4964281248742,
        "target_bearing": 265.29727667875375,
        "fix_type": 6,
        "hacc_m": 0.014,
        "corrupt": false,
        "position_interpolated": true,
        "captured_at_utc": "2026-06-18T21:48:44.122301+00:00"
      },
      "geometry": {
        "type": "Point",
        "coordinates": [
          -114.00593526968277,
          46.675206612233964
        ]
      }
    },
    {
      "type": "Feature",
      "properties": {
        "file": "leg11_m003_b265_2026-06-18T15-48-45.jpg",
        "leg": "leg11",
        "mark_index": 3,
        "along_track_m": 3.0,
        "achieved_heading": 255.2440332008141,
        "target_bearing": 265.29727667875375,
        "fix_type": 6,
        "hacc_m": 0.014,
        "corrupt": false,
        "position_interpolated": true,
        "captured_at_utc": "2026-06-18T21:48:45.097010+00:00"
      },
      "geometry": {
        "type": "Point",
        "coordinates": [
          -114.00594807519838,
          46.6752052694224
        ]
      }
    },
    {
      "type": "Feature",
      "properties": {
        "file": "leg11_m004_b265_2026-06-18T15-48-46.jpg",
        "leg": "leg11",
        "mark_index": 4,
        "along_track_m": 4.0,
        "achieved_heading": 255.29640154328905,
        "target_bearing": 265.29727667875375,
        "fix_type": 6,
        "hacc_m": 0.014,
        "corrupt": false,
        "position_interpolated": true,
        "captured_at_utc": "2026-06-18T21:48:46.146363+00:00"
      },
      "geometry": {
        "type": "Point",
        "coordinates": [
          -114.0059613,
          46.675203599999996
        ]
      }
    },
    {
      "type": "Feature",
      "properties": {
        "file": "leg11_m005_b265_2026-06-18T15-48-47.jpg",
        "leg": "leg11",
        "mark_index": 5,
        "along_track_m": 5.0,
        "achieved_heading": 257.4823449994123,
        "target_bearing": 265.29727667875375,
        "fix_type": 6,
        "hacc_m": 0.014,
        "corrupt": false,
        "position_interpolated": true,
        "captured_at_utc": "2026-06-18T21:48:47.066054+00:00"
      },
      "geometry": {
        "type": "Point",
        "coordinates": [
          -114.00597358443564,
          46.67520227522699
        ]
      }
    },
    {
      "type": "Feature",
      "properties": {
        "file": "leg11_m006_b265_2026-06-18T15-48-48.jpg",
        "leg": "leg11",
        "mark_index": 6,
        "along_track_m": 6.0,
        "achieved_heading": 258.04124836609213,
        "target_bearing": 265.29727667875375,
        "fix_type": 6,
        "hacc_m": 0.014,
        "corrupt": false,
        "position_interpolated": true,
        "captured_at_utc": "2026-06-18T21:48:48.107831+00:00"
      },
      "geometry": {
        "type": "Point",
        "coordinates": [
          -114.00598666564902,
          46.67520092055196
        ]
      }
    },
    {
      "type": "Feature",
      "properties": {
        "file": "leg11_m007_b265_2026-06-18T15-48-49.jpg",
        "leg": "leg11",
        "mark_index": 7,
        "along_track_m": 7.0,
        "achieved_heading": 259.7953148334505,
        "target_bearing": 265.29727667875375,
        "fix_type": 6,
        "hacc_m": 0.014,
        "corrupt": false,
        "position_interpolated": true,
        "captured_at_utc": "2026-06-18T21:48:49.161494+00:00"
      },
      "geometry": {
        "type": "Point",
        "coordinates": [
          -114.0060003,
          46.6752
        ]
      }
    },
    {
      "type": "Feature",
      "properties": {
        "file": "leg11_m008_b265_2026-06-18T15-48-50.jpg",
        "leg": "leg11",
        "mark_index": 8,
        "along_track_m": 8.0,
        "achieved_heading": 259.69537484532253,
        "target_bearing": 265.29727667875375,
        "fix_type": 6,
        "hacc_m": 0.014,
        "corrupt": false,
        "position_interpolated": true,
        "captured_at_utc": "2026-06-18T21:48:50.066609+00:00"
      },
      "geometry": {
        "type": "Point",
        "coordinates": [
          -114.00601252790644,
          46.67519907477642
        ]
      }
    },
    {
      "type": "Feature",
      "properties": {
        "file": "leg11_m009_b265_2026-06-18T15-48-51.jpg",
        "leg": "leg11",
        "mark_index": 9,
        "along_track_m": 9.0,
        "achieved_heading": 260.42616050265275,
        "target_bearing": 265.29727667875375,
        "fix_type": 6,
        "hacc_m": 0.014,
        "corrupt": false,
        "position_interpolated": true,
        "captured_at_utc": "2026-06-18T21:48:51.116062+00:00"
      },
      "geometry": {
        "type": "Point",
        "coordinates": [
          -114.00602633472941,
          46.67519801404886
        ]
      }
    },
    {
      "type": "Feature",
      "properties": {
        "file": "leg11_m010_b265_2026-06-18T15-48-52.jpg",
        "leg": "leg11",
        "mark_index": 10,
        "along_track_m": 10.0,
        "achieved_heading": 259.51951268626476,
        "target_bearing": 265.29727667875375,
        "fix_type": 6,
        "hacc_m": 0.014,
        "corrupt": false,
        "position_interpolated": true,
        "captured_at_utc": "2026-06-18T21:48:52.033604+00:00"
      },
      "geometry": {
        "type": "Point",
        "coordinates": [
          -114.0060386287872,
          46.67519720897872
        ]
      }
    },
    {
      "type": "Feature",
      "properties": {
        "file": "leg11_m011_b265_2026-06-18T15-48-53.jpg",
        "leg": "leg11",
        "mark_index": 11,
        "along_track_m": 11.0,
        "achieved_heading": 259.44109898127556,
        "target_bearing": 265.29727667875375,
        "fix_type": 6,
        "hacc_m": 0.014,
        "corrupt": false,
        "position_interpolated": true,
        "captured_at_utc": "2026-06-18T21:48:53.079139+00:00"
      },
      "geometry": {
        "type": "Point",
        "coordinates": [
          -114.00605243327699,
          46.675195992006756
        ]
      }
    },
    {
      "type": "Feature",
      "properties": {
        "file": "leg11_m012_b265_2026-06-18T15-48-54.jpg",
        "leg": "leg11",
        "mark_index": 12,
        "along_track_m": 12.0,
        "achieved_heading": 261.81190528975486,
        "target_bearing": 265.29727667875375,
        "fix_type": 6,
        "hacc_m": 0.014,
        "corrupt": false,
        "position_interpolated": true,
        "captured_at_utc": "2026-06-18T21:48:53.996976+00:00"
      },
      "geometry": {
        "type": "Point",
        "coordinates": [
          -114.00606409999999,
          46.675195099999996
        ]
      }
    },
    {
      "type": "Feature",
      "properties": {
        "file": "leg11_m013_b265_2026-06-18T15-48-55.jpg",
        "leg": "leg11",
        "mark_index": 13,
        "along_track_m": 13.0,
        "achieved_heading": 263.1289154627056,
        "target_bearing": 265.29727667875375,
        "fix_type": 6,
        "hacc_m": 0.014,
        "corrupt": false,
        "position_interpolated": true,
        "captured_at_utc": "2026-06-18T21:48:55.024564+00:00"
      },
      "geometry": {
        "type": "Point",
        "coordinates": [
          -114.0060773,
          46.6751943
        ]
      }
    },
    {
      "type": "Feature",
      "properties": {
        "file": "leg11_m014_b265_2026-06-18T15-48-56.jpg",
        "leg": "leg11",
        "mark_index": 14,
        "along_track_m": 14.0,
        "achieved_heading": 263.56589260622286,
        "target_bearing": 265.29727667875375,
        "fix_type": 6,
        "hacc_m": 0.014,
        "corrupt": false,
        "position_interpolated": true,
        "captured_at_utc": "2026-06-18T21:48:56.019719+00:00"
      },
      "geometry": {
        "type": "Point",
        "coordinates": [
          -114.00609019999999,
          46.6751936
        ]
      }
    },
    {
      "type": "Feature",
      "properties": {
        "file": "leg11_m015_b265_2026-06-18T15-48-56.jpg",
        "leg": "leg11",
        "mark_index": 15,
        "along_track_m": 15.0,
        "achieved_heading": 263.88385511240034,
        "target_bearing": 265.29727667875375,
        "fix_type": 6,
        "hacc_m": 0.014,
        "corrupt": false,
        "position_interpolated": true,
        "captured_at_utc": "2026-06-18T21:48:56.940212+00:00"
      },
      "geometry": {
        "type": "Point",
        "coordinates": [
          -114.0061037,
          46.675193199999995
        ]
      }
    },
    {
      "type": "Feature",
      "properties": {
        "file": "leg11_m016_b265_2026-06-18T15-48-57.jpg",
        "leg": "leg11",
        "mark_index": 16,
        "along_track_m": 16.0,
        "achieved_heading": 263.1798476889354,
        "target_bearing": 265.29727667875375,
        "fix_type": 6,
        "hacc_m": 0.014,
        "corrupt": false,
        "position_interpolated": true,
        "captured_at_utc": "2026-06-18T21:48:57.985353+00:00"
      },
      "geometry": {
        "type": "Point",
        "coordinates": [
          -114.00611649999999,
          46.6751922
        ]
      }
    },
    {
      "type": "Feature",
      "properties": {
        "file": "leg11_m017_b265_2026-06-18T15-48-59.jpg",
        "leg": "leg11",
        "mark_index": 17,
        "along_track_m": 17.0,
        "achieved_heading": 263.4119938281494,
        "target_bearing": 265.29727667875375,
        "fix_type": 6,
        "hacc_m": 0.014,
        "corrupt": false,
        "position_interpolated": true,
        "captured_at_utc": "2026-06-18T21:48:59.034232+00:00"
      },
      "geometry": {
        "type": "Point",
        "coordinates": [
          -114.0061295,
          46.6751916
        ]
      }
    },
    {
      "type": "Feature",
      "properties": {
        "file": "leg11_m018_b265_2026-06-18T15-48-59.jpg",
        "leg": "leg11",
        "mark_index": 18,
        "along_track_m": 18.0,
        "achieved_heading": 263.4029896779582,
        "target_bearing": 265.29727667875375,
        "fix_type": 6,
        "hacc_m": 0.014,
        "corrupt": false,
        "position_interpolated": true,
        "captured_at_utc": "2026-06-18T21:48:59.945928+00:00"
      },
      "geometry": {
        "type": "Point",
        "coordinates": [
          -114.006143,
          46.675190799999996
        ]
      }
    },
    {
      "type": "Feature",
      "properties": {
        "file": "leg11_m019_b265_2026-06-18T15-49-01.jpg",
        "leg": "leg11",
        "mark_index": 19,
        "along_track_m": 19.0,
        "achieved_heading": 263.0904017499436,
        "target_bearing": 265.29727667875375,
        "fix_type": 6,
        "hacc_m": 0.014,
        "corrupt": false,
        "position_interpolated": true,
        "captured_at_utc": "2026-06-18T21:49:01.068446+00:00"
      },
      "geometry": {
        "type": "Point",
        "coordinates": [
          -114.0061559,
          46.675190099999995
        ]
      }
    },
    {
      "type": "Feature",
      "properties": {
        "file": "leg11_m020_b265_2026-06-18T15-49-01.jpg",
        "leg": "leg11",
        "mark_index": 20,
        "along_track_m": 20.0,
        "achieved_heading": 263.5718684824821,
        "target_bearing": 265.29727667875375,
        "fix_type": 6,
        "hacc_m": 0.014,
        "corrupt": false,
        "position_interpolated": true,
        "captured_at_utc": "2026-06-18T21:49:01.972396+00:00"
      },
      "geometry": {
        "type": "Point",
        "coordinates": [
          -114.0061688,
          46.6751893
        ]
      }
    },
    {
      "type": "Feature",
      "properties": {
        "file": "leg11_m021_b265_2026-06-18T15-49-02.jpg",
        "leg": "leg11",
        "mark_index": 21,
        "along_track_m": 21.0,
        "achieved_heading": 264.28462485783814,
        "target_bearing": 265.29727667875375,
        "fix_type": 6,
        "hacc_m": 0.014,
        "corrupt": false,
        "position_interpolated": true,
        "captured_at_utc": "2026-06-18T21:49:02.954803+00:00"
      },
      "geometry": {
        "type": "Point",
        "coordinates": [
          -114.00618229999999,
          46.675188399999996
        ]
      }
    },
    {
      "type": "Feature",
      "properties": {
        "file": "leg11_m022_b265_2026-06-18T15-49-04.jpg",
        "leg": "leg11",
        "mark_index": 22,
        "along_track_m": 22.0,
        "achieved_heading": 264.47226905836374,
        "target_bearing": 265.29727667875375,
        "fix_type": 6,
        "hacc_m": 0.014,
        "corrupt": false,
        "position_interpolated": true,
        "captured_at_utc": "2026-06-18T21:49:03.931917+00:00"
      },
      "geometry": {
        "type": "Point",
        "coordinates": [
          -114.00619568231787,
          46.675187799999996
        ]
      }
    },
    {
      "type": "Feature",
      "properties": {
        "file": "leg11_m023_b265_2026-06-18T15-49-05.jpg",
        "leg": "leg11",
        "mark_index": 23,
        "along_track_m": 23.0,
        "achieved_heading": 263.9539695112738,
        "target_bearing": 265.29727667875375,
        "fix_type": 6,
        "hacc_m": 0.014,
        "corrupt": false,
        "position_interpolated": true,
        "captured_at_utc": "2026-06-18T21:49:04.987086+00:00"
      },
      "geometry": {
        "type": "Point",
        "coordinates": [
          -114.006209,
          46.675187199999996
        ]
      }
    },
    {
      "type": "Feature",
      "properties": {
        "file": "leg11_m024_b265_2026-06-18T15-49-05.jpg",
        "leg": "leg11",
        "mark_index": 24,
        "along_track_m": 24.0,
        "achieved_heading": 264.3803220122273,
        "target_bearing": 265.29727667875375,
        "fix_type": 6,
        "hacc_m": 0.014,
        "corrupt": false,
        "position_interpolated": true,
        "captured_at_utc": "2026-06-18T21:49:05.890540+00:00"
      },
      "geometry": {
        "type": "Point",
        "coordinates": [
          -114.00622194193559,
          46.675186319086016
        ]
      }
    },
    {
      "type": "Feature",
      "properties": {
        "file": "leg11_m025_b265_2026-06-18T15-49-07.jpg",
        "leg": "leg11",
        "mark_index": 25,
        "along_track_m": 25.0,
        "achieved_heading": 263.60693559968587,
        "target_bearing": 265.29727667875375,
        "fix_type": 6,
        "hacc_m": 0.014,
        "corrupt": false,
        "position_interpolated": true,
        "captured_at_utc": "2026-06-18T21:49:06.938946+00:00"
      },
      "geometry": {
        "type": "Point",
        "coordinates": [
          -114.0062356,
          46.6751855
        ]
      }
    },
    {
      "type": "Feature",
      "properties": {
        "file": "leg11_m026_b265_2026-06-18T15-49-07.jpg",
        "leg": "leg11",
        "mark_index": 26,
        "along_track_m": 26.0,
        "achieved_heading": 263.8689566974709,
        "target_bearing": 265.29727667875375,
        "fix_type": 6,
        "hacc_m": 0.014,
        "corrupt": false,
        "position_interpolated": true,
        "captured_at_utc": "2026-06-18T21:49:07.860075+00:00"
      },
      "geometry": {
        "type": "Point",
        "coordinates": [
          -114.00624778953419,
          46.6751845
        ]
      }
    },
    {
      "type": "Feature",
      "properties": {
        "file": "leg11_m027_b265_2026-06-18T15-49-08.jpg",
        "leg": "leg11",
        "mark_index": 27,
        "along_track_m": 27.0,
        "achieved_heading": 264.31944192620836,
        "target_bearing": 265.29727667875375,
        "fix_type": 6,
        "hacc_m": 0.014,
        "corrupt": false,
        "position_interpolated": true,
        "captured_at_utc": "2026-06-18T21:49:08.834610+00:00"
      },
      "geometry": {
        "type": "Point",
        "coordinates": [
          -114.00626075556647,
          46.675183999999994
        ]
      }
    },
    {
      "type": "Feature",
      "properties": {
        "file": "leg11_m028_b265_2026-06-18T15-49-10.jpg",
        "leg": "leg11",
        "mark_index": 28,
        "along_track_m": 28.0,
        "achieved_heading": 264.5392046591416,
        "target_bearing": 265.29727667875375,
        "fix_type": 6,
        "hacc_m": 0.014,
        "corrupt": false,
        "position_interpolated": true,
        "captured_at_utc": "2026-06-18T21:49:09.889394+00:00"
      },
      "geometry": {
        "type": "Point",
        "coordinates": [
          -114.00627458750279,
          46.675183078125094
        ]
      }
    },
    {
      "type": "Feature",
      "properties": {
        "file": "leg11_m029_b265_2026-06-18T15-49-10.jpg",
        "leg": "leg11",
        "mark_index": 29,
        "along_track_m": 29.0,
        "achieved_heading": 264.38026204445976,
        "target_bearing": 265.29727667875375,
        "fix_type": 6,
        "hacc_m": 0.014,
        "corrupt": false,
        "position_interpolated": true,
        "captured_at_utc": "2026-06-18T21:49:10.798080+00:00"
      },
      "geometry": {
        "type": "Point",
        "coordinates": [
          -114.00628599999999,
          46.6751825
        ]
      }
    },
    {
      "type": "Feature",
      "properties": {
        "file": "leg11_m030_b265_2026-06-18T15-49-11.jpg",
        "leg": "leg11",
        "mark_index": 30,
        "along_track_m": 30.0,
        "achieved_heading": 264.83768287887426,
        "target_bearing": 265.29727667875375,
        "fix_type": 6,
        "hacc_m": 0.014,
        "corrupt": false,
        "position_interpolated": true,
        "captured_at_utc": "2026-06-18T21:49:11.839823+00:00"
      },
      "geometry": {
        "type": "Point",
        "coordinates": [
          -114.00630017422775,
          46.67518184714508
        ]
      }
    },
    {
      "type": "Feature",
      "properties": {
        "file": "leg11_m031_b265_2026-06-18T15-49-12.jpg",
        "leg": "leg11",
        "mark_index": 31,
        "along_track_m": 31.0,
        "achieved_heading": 264.1991161673241,
        "target_bearing": 265.29727667875375,
        "fix_type": 6,
        "hacc_m": 0.014,
        "corrupt": false,
        "position_interpolated": true,
        "captured_at_utc": "2026-06-18T21:49:12.827080+00:00"
      },
      "geometry": {
        "type": "Point",
        "coordinates": [
          -114.00631314921435,
          46.67518105403142
        ]
      }
    },
    {
      "type": "Feature",
      "properties": {
        "file": "leg11_m032_b265_2026-06-18T15-49-13.jpg",
        "leg": "leg11",
        "mark_index": 32,
        "along_track_m": 32.0,
        "achieved_heading": 264.46574844777655,
        "target_bearing": 265.29727667875375,
        "fix_type": 6,
        "hacc_m": 0.014,
        "corrupt": false,
        "position_interpolated": true,
        "captured_at_utc": "2026-06-18T21:49:13.728804+00:00"
      },
      "geometry": {
        "type": "Point",
        "coordinates": [
          -114.00632525656312,
          46.67518040321754
        ]
      }
    },
    {
      "type": "Feature",
      "properties": {
        "file": "leg11_m033_b265_2026-06-18T15-49-14.jpg",
        "leg": "leg11",
        "mark_index": 33,
        "along_track_m": 33.0,
        "achieved_heading": 264.0173676837348,
        "target_bearing": 265.29727667875375,
        "fix_type": 6,
        "hacc_m": 0.014,
        "corrupt": false,
        "position_interpolated": true,
        "captured_at_utc": "2026-06-18T21:49:14.782478+00:00"
      },
      "geometry": {
        "type": "Point",
        "coordinates": [
          -114.0063385,
          46.6751797
        ]
      }
    },
    {
      "type": "Feature",
      "properties": {
        "file": "leg11_m034_b265_2026-06-18T15-49-15.jpg",
        "leg": "leg11",
        "mark_index": 34,
        "along_track_m": 34.0,
        "achieved_heading": 263.1663579316173,
        "target_bearing": 265.29727667875375,
        "fix_type": 6,
        "hacc_m": 0.014,
        "corrupt": false,
        "position_interpolated": true,
        "captured_at_utc": "2026-06-18T21:49:15.833359+00:00"
      },
      "geometry": {
        "type": "Point",
        "coordinates": [
          -114.0063517,
          46.675179
        ]
      }
    },
    {
      "type": "Feature",
      "properties": {
        "file": "leg11_m035_b265_2026-06-18T15-49-16.jpg",
        "leg": "leg11",
        "mark_index": 35,
        "along_track_m": 35.0,
        "achieved_heading": 263.73450998495736,
        "target_bearing": 265.29727667875375,
        "fix_type": 6,
        "hacc_m": 0.014,
        "corrupt": false,
        "position_interpolated": true,
        "captured_at_utc": "2026-06-18T21:49:16.760829+00:00"
      },
      "geometry": {
        "type": "Point",
        "coordinates": [
          -114.0063653,
          46.6751782
        ]
      }
    },
    {
      "type": "Feature",
      "properties": {
        "file": "leg11_m036_b265_2026-06-18T15-49-17.jpg",
        "leg": "leg11",
        "mark_index": 36,
        "along_track_m": 36.0,
        "achieved_heading": 263.07204881893705,
        "target_bearing": 265.29727667875375,
        "fix_type": 6,
        "hacc_m": 0.014,
        "corrupt": false,
        "position_interpolated": true,
        "captured_at_utc": "2026-06-18T21:49:17.729813+00:00"
      },
      "geometry": {
        "type": "Point",
        "coordinates": [
          -114.00637844581149,
          46.67517740602094
        ]
      }
    },
    {
      "type": "Feature",
      "properties": {
        "file": "leg11_m037_b265_2026-06-18T15-49-18.jpg",
        "leg": "leg11",
        "mark_index": 37,
        "along_track_m": 37.0,
        "achieved_heading": 262.12315830687686,
        "target_bearing": 265.29727667875375,
        "fix_type": 6,
        "hacc_m": 0.014,
        "corrupt": false,
        "position_interpolated": true,
        "captured_at_utc": "2026-06-18T21:49:18.777475+00:00"
      },
      "geometry": {
        "type": "Point",
        "coordinates": [
          -114.0063917,
          46.6751766
        ]
      }
    },
    {
      "type": "Feature",
      "properties": {
        "file": "leg11_m038_b265_2026-06-18T15-49-19.jpg",
        "leg": "leg11",
        "mark_index": 38,
        "along_track_m": 38.0,
        "achieved_heading": 263.5727257062066,
        "target_bearing": 265.29727667875375,
        "fix_type": 6,
        "hacc_m": 0.014,
        "corrupt": false,
        "position_interpolated": true,
        "captured_at_utc": "2026-06-18T21:49:19.690922+00:00"
      },
      "geometry": {
        "type": "Point",
        "coordinates": [
          -114.00640437876993,
          46.6751756625476
        ]
      }
    },
    {
      "type": "Feature",
      "properties": {
        "file": "leg11_m039_b265_2026-06-18T15-49-20.jpg",
        "leg": "leg11",
        "mark_index": 39,
        "along_track_m": 39.0,
        "achieved_heading": 264.76439424586084,
        "target_bearing": 265.29727667875375,
        "fix_type": 6,
        "hacc_m": 0.014,
        "corrupt": false,
        "position_interpolated": true,
        "captured_at_utc": "2026-06-18T21:49:20.739426+00:00"
      },
      "geometry": {
        "type": "Point",
        "coordinates": [
          -114.00641829999999,
          46.6751746
        ]
      }
    },
    {
      "type": "Feature",
      "properties": {
        "file": "leg11_m040_b265_2026-06-18T15-49-21.jpg",
        "leg": "leg11",
        "mark_index": 40,
        "along_track_m": 40.0,
        "achieved_heading": 266.27227890566746,
        "target_bearing": 265.29727667875375,
        "fix_type": 6,
        "hacc_m": 0.014,
        "corrupt": false,
        "position_interpolated": true,
        "captured_at_utc": "2026-06-18T21:49:21.657304+00:00"
      },
      "geometry": {
        "type": "Point",
        "coordinates": [
          -114.00643058149983,
          46.67517407544445
        ]
      }
    },
    {
      "type": "Feature",
      "properties": {
        "file": "leg11_m041_b265_2026-06-18T15-49-22.jpg",
        "leg": "leg11",
        "mark_index": 41,
        "along_track_m": 41.0,
        "achieved_heading": 265.81702144721635,
        "target_bearing": 265.29727667875375,
        "fix_type": 6,
        "hacc_m": 0.014,
        "corrupt": false,
        "position_interpolated": true,
        "captured_at_utc": "2026-06-18T21:49:22.713948+00:00"
      },
      "geometry": {
        "type": "Point",
        "coordinates": [
          -114.00644480551038,
          46.67517343046444
        ]
      }
    },
    {
      "type": "Feature",
      "properties": {
        "file": "leg11_m042_b265_2026-06-18T15-49-23.jpg",
        "leg": "leg11",
        "mark_index": 42,
        "along_track_m": 42.0,
        "achieved_heading": 265.4065387534347,
        "target_bearing": 265.29727667875375,
        "fix_type": 6,
        "hacc_m": 0.014,
        "corrupt": false,
        "position_interpolated": true,
        "captured_at_utc": "2026-06-18T21:49:23.751508+00:00"
      },
      "geometry": {
        "type": "Point",
        "coordinates": [
          -114.0064575,
          46.6751728
        ]
      }
    },
    {
      "type": "Feature",
      "properties": {
        "file": "leg11_m043_b265_2026-06-18T15-49-24.jpg",
        "leg": "leg11",
        "mark_index": 43,
        "along_track_m": 43.0,
        "achieved_heading": 264.41903956204067,
        "target_bearing": 265.29727667875375,
        "fix_type": 6,
        "hacc_m": 0.014,
        "corrupt": false,
        "position_interpolated": true,
        "captured_at_utc": "2026-06-18T21:49:24.804626+00:00"
      },
      "geometry": {
        "type": "Point",
        "coordinates": [
          -114.00647049999999,
          46.6751723
        ]
      }
    },
    {
      "type": "Feature",
      "properties": {
        "file": "leg11_m044_b265_2026-06-18T15-49-25.jpg",
        "leg": "leg11",
        "mark_index": 44,
        "along_track_m": 44.0,
        "achieved_heading": 264.28093772244324,
        "target_bearing": 265.29727667875375,
        "fix_type": 6,
        "hacc_m": 0.014,
        "corrupt": false,
        "position_interpolated": true,
        "captured_at_utc": "2026-06-18T21:49:25.705891+00:00"
      },
      "geometry": {
        "type": "Point",
        "coordinates": [
          -114.00648353681068,
          46.67517150974775
        ]
      }
    },
    {
      "type": "Feature",
      "properties": {
        "file": "leg11_m045_b265_2026-06-18T15-49-26.jpg",
        "leg": "leg11",
        "mark_index": 45,
        "along_track_m": 45.0,
        "achieved_heading": 264.71497872774967,
        "target_bearing": 265.29727667875375,
        "fix_type": 6,
        "hacc_m": 0.014,
        "corrupt": false,
        "position_interpolated": true,
        "captured_at_utc": "2026-06-18T21:49:26.767156+00:00"
      },
      "geometry": {
        "type": "Point",
        "coordinates": [
          -114.0064969,
          46.675170699999995
        ]
      }
    },
    {
      "type": "Feature",
      "properties": {
        "file": "leg11_m046_b265_2026-06-18T15-49-27.jpg",
        "leg": "leg11",
        "mark_index": 46,
        "along_track_m": 46.0,
        "achieved_heading": 265.74300581004076,
        "target_bearing": 265.29727667875375,
        "fix_type": 6,
        "hacc_m": 0.014,
        "corrupt": false,
        "position_interpolated": true,
        "captured_at_utc": "2026-06-18T21:49:27.673812+00:00"
      },
      "geometry": {
        "type": "Point",
        "coordinates": [
          -114.00650934037813,
          46.67517002813414
        ]
      }
    },
    {
      "type": "Feature",
      "properties": {
        "file": "leg11_m047_b265_2026-06-18T15-49-28.jpg",
        "leg": "leg11",
        "mark_index": 47,
        "along_track_m": 47.0,
        "achieved_heading": 265.1613546350575,
        "target_bearing": 265.29727667875375,
        "fix_type": 6,
        "hacc_m": 0.014,
        "corrupt": false,
        "position_interpolated": true,
        "captured_at_utc": "2026-06-18T21:49:28.648874+00:00"
      },
      "geometry": {
        "type": "Point",
        "coordinates": [
          -114.0065221138074,
          46.67516929124558
        ]
      }
    },
    {
      "type": "Feature",
      "properties": {
        "file": "leg11_m048_b265_2026-06-18T15-49-29.jpg",
        "leg": "leg11",
        "mark_index": 48,
        "along_track_m": 48.0,
        "achieved_heading": 263.9215501987924,
        "target_bearing": 265.29727667875375,
        "fix_type": 6,
        "hacc_m": 0.014,
        "corrupt": false,
        "position_interpolated": true,
        "captured_at_utc": "2026-06-18T21:49:29.564783+00:00"
      },
      "geometry": {
        "type": "Point",
        "coordinates": [
          -114.00653419999999,
          46.6751687
        ]
      }
    },
    {
      "type": "Feature",
      "properties": {
        "file": "leg11_m049_b265_2026-06-18T15-49-30.jpg",
        "leg": "leg11",
        "mark_index": 49,
        "along_track_m": 49.0,
        "achieved_heading": 265.1591523124441,
        "target_bearing": 265.29727667875375,
        "fix_type": 6,
        "hacc_m": 0.014,
        "corrupt": false,
        "position_interpolated": true,
        "captured_at_utc": "2026-06-18T21:49:30.606794+00:00"
      },
      "geometry": {
        "type": "Point",
        "coordinates": [
          -114.00654778319355,
          46.67516786603102
        ]
      }
    },
    {
      "type": "Feature",
      "properties": {
        "file": "leg11_m050_b265_2026-06-18T15-49-31.jpg",
        "leg": "leg11",
        "mark_index": 50,
        "along_track_m": 50.0,
        "achieved_heading": 265.0751391284332,
        "target_bearing": 265.29727667875375,
        "fix_type": 6,
        "hacc_m": 0.014,
        "corrupt": false,
        "position_interpolated": true,
        "captured_at_utc": "2026-06-18T21:49:31.665419+00:00"
      },
      "geometry": {
        "type": "Point",
        "coordinates": [
          -114.00656180920114,
          46.6751672
        ]
      }
    },
    {
      "type": "Feature",
      "properties": {
        "file": "leg11_m051_b265_2026-06-18T15-49-32.jpg",
        "leg": "leg11",
        "mark_index": 51,
        "along_track_m": 51.0,
        "achieved_heading": 264.9420563267263,
        "target_bearing": 265.29727667875375,
        "fix_type": 6,
        "hacc_m": 0.014,
        "corrupt": false,
        "position_interpolated": true,
        "captured_at_utc": "2026-06-18T21:49:32.781235+00:00"
      },
      "geometry": {
        "type": "Point",
        "coordinates": [
          -114.0065755,
          46.675166399999995
        ]
      }
    },
    {
      "type": "Feature",
      "properties": {
        "file": "leg11_m052_b265_2026-06-18T15-49-33.jpg",
        "leg": "leg11",
        "mark_index": 52,
        "along_track_m": 52.0,
        "achieved_heading": 264.61573694008337,
        "target_bearing": 265.29727667875375,
        "fix_type": 6,
        "hacc_m": 0.014,
        "corrupt": false,
        "position_interpolated": true,
        "captured_at_utc": "2026-06-18T21:49:33.696028+00:00"
      },
      "geometry": {
        "type": "Point",
        "coordinates": [
          -114.00658745532645,
          46.675165617786945
        ]
      }
    },
    {
      "type": "Feature",
      "properties": {
        "file": "leg11_m053_b265_2026-06-18T15-49-34.jpg",
        "leg": "leg11",
        "mark_index": 53,
        "along_track_m": 53.0,
        "achieved_heading": 264.93572461445433,
        "target_bearing": 265.29727667875375,
        "fix_type": 6,
        "hacc_m": 0.014,
        "corrupt": false,
        "position_interpolated": true,
        "captured_at_utc": "2026-06-18T21:49:34.739966+00:00"
      },
      "geometry": {
        "type": "Point",
        "coordinates": [
          -114.0066013,
          46.6751651
        ]
      }
    },
    {
      "type": "Feature",
      "properties": {
        "file": "leg11_m054_b265_2026-06-18T15-49-35.jpg",
        "leg": "leg11",
        "mark_index": 54,
        "along_track_m": 54.0,
        "achieved_heading": 263.51623051134374,
        "target_bearing": 265.29727667875375,
        "fix_type": 6,
        "hacc_m": 0.014,
        "corrupt": false,
        "position_interpolated": true,
        "captured_at_utc": "2026-06-18T21:49:35.722103+00:00"
      },
      "geometry": {
        "type": "Point",
        "coordinates": [
          -114.00661426411753,
          46.675164510065365
        ]
      }
    },
    {
      "type": "Feature",
      "properties": {
        "file": "leg11_m055_b265_2026-06-18T15-49-36.jpg",
        "leg": "leg11",
        "mark_index": 55,
        "along_track_m": 55.0,
        "achieved_heading": 263.5164518035941,
        "target_bearing": 265.29727667875375,
        "fix_type": 6,
        "hacc_m": 0.014,
        "corrupt": false,
        "position_interpolated": true,
        "captured_at_utc": "2026-06-18T21:49:36.768426+00:00"
      },
      "geometry": {
        "type": "Point",
        "coordinates": [
          -114.0066272,
          46.6751635
        ]
      }
    },
    {
      "type": "Feature",
      "properties": {
        "file": "leg11_m056_b265_2026-06-18T15-49-37.jpg",
        "leg": "leg11",
        "mark_index": 56,
        "along_track_m": 56.0,
        "achieved_heading": 264.77994172284946,
        "target_bearing": 265.29727667875375,
        "fix_type": 6,
        "hacc_m": 0.014,
        "corrupt": false,
        "position_interpolated": true,
        "captured_at_utc": "2026-06-18T21:49:37.683231+00:00"
      },
      "geometry": {
        "type": "Point",
        "coordinates": [
          -114.0066397787386,
          46.675162647789335
        ]
      }
    },
    {
      "type": "Feature",
      "properties": {
        "file": "leg11_m057_b265_2026-06-18T15-49-38.jpg",
        "leg": "leg11",
        "mark_index": 57,
        "along_track_m": 57.0,
        "achieved_heading": 265.1391404789839,
        "target_bearing": 265.29727667875375,
        "fix_type": 6,
        "hacc_m": 0.014,
        "corrupt": false,
        "position_interpolated": true,
        "captured_at_utc": "2026-06-18T21:49:38.732467+00:00"
      },
      "geometry": {
        "type": "Point",
        "coordinates": [
          -114.00665368076578,
          46.67516200142476
        ]
      }
    },
    {
      "type": "Feature",
      "properties": {
        "file": "leg11_m058_b265_2026-06-18T15-49-39.jpg",
        "leg": "leg11",
        "mark_index": 58,
        "along_track_m": 58.0,
        "achieved_heading": 263.4539622571473,
        "target_bearing": 265.29727667875375,
        "fix_type": 6,
        "hacc_m": 0.014,
        "corrupt": false,
        "position_interpolated": true,
        "captured_at_utc": "2026-06-18T21:49:39.785443+00:00"
      },
      "geometry": {
        "type": "Point",
        "coordinates": [
          -114.006667,
          46.675161499999994
        ]
      }
    },
    {
      "type": "Feature",
      "properties": {
        "file": "leg11_m059_b265_2026-06-18T15-49-40.jpg",
        "leg": "leg11",
        "mark_index": 59,
        "along_track_m": 59.0,
        "achieved_heading": 263.48247362297434,
        "target_bearing": 265.29727667875375,
        "fix_type": 6,
        "hacc_m": 0.014,
        "corrupt": false,
        "position_interpolated": true,
        "captured_at_utc": "2026-06-18T21:49:40.630619+00:00"
      },
      "geometry": {
        "type": "Point",
        "coordinates": [
          -114.00667902468446,
          46.67516086503786
        ]
      }
    },
    {
      "type": "Feature",
      "properties": {
        "file": "leg11_m060_b265_2026-06-18T15-49-41.jpg",
        "leg": "leg11",
        "mark_index": 60,
        "along_track_m": 60.0,
        "achieved_heading": 262.878709867132,
        "target_bearing": 265.29727667875375,
        "fix_type": 6,
        "hacc_m": 0.014,
        "corrupt": false,
        "position_interpolated": true,
        "captured_at_utc": "2026-06-18T21:49:41.529124+00:00"
      },
      "geometry": {
        "type": "Point",
        "coordinates": [
          -114.00669094662189,
          46.6751601
        ]
      }
    },
    {
      "type": "Feature",
      "properties": {
        "file": "leg11_m061_b265_2026-06-18T15-49-42.jpg",
        "leg": "leg11",
        "mark_index": 61,
        "along_track_m": 61.0,
        "achieved_heading": 265.6182313307112,
        "target_bearing": 265.29727667875375,
        "fix_type": 6,
        "hacc_m": 0.014,
        "corrupt": false,
        "position_interpolated": true,
        "captured_at_utc": "2026-06-18T21:49:42.582416+00:00"
      },
      "geometry": {
        "type": "Point",
        "coordinates": [
          -114.00670454487803,
          46.6751591436333
        ]
      }
    },
    {
      "type": "Feature",
      "properties": {
        "file": "leg11_m062_b265_2026-06-18T15-49-43.jpg",
        "leg": "leg11",
        "mark_index": 62,
        "along_track_m": 62.0,
        "achieved_heading": 265.93579376875203,
        "target_bearing": 265.29727667875375,
        "fix_type": 6,
        "hacc_m": 0.014,
        "corrupt": false,
        "position_interpolated": true,
        "captured_at_utc": "2026-06-18T21:49:43.563137+00:00"
      },
      "geometry": {
        "type": "Point",
        "coordinates": [
          -114.0067174,
          46.6751587
        ]
      }
    },
    {
      "type": "Feature",
      "properties": {
        "file": "leg11_m063_b265_2026-06-18T15-49-44.jpg",
        "leg": "leg11",
        "mark_index": 63,
        "along_track_m": 63.0,
        "achieved_heading": 265.4601463654132,
        "target_bearing": 265.29727667875375,
        "fix_type": 6,
        "hacc_m": 0.014,
        "corrupt": false,
        "position_interpolated": true,
        "captured_at_utc": "2026-06-18T21:49:44.611828+00:00"
      },
      "geometry": {
        "type": "Point",
        "coordinates": [
          -114.0067306,
          46.6751578
        ]
      }
    },
    {
      "type": "Feature",
      "properties": {
        "file": "leg11_m064_b265_2026-06-18T15-49-45.jpg",
        "leg": "leg11",
        "mark_index": 64,
        "along_track_m": 64.0,
        "achieved_heading": 264.6923940906853,
        "target_bearing": 265.29727667875375,
        "fix_type": 6,
        "hacc_m": 0.014,
        "corrupt": false,
        "position_interpolated": true,
        "captured_at_utc": "2026-06-18T21:49:45.526924+00:00"
      },
      "geometry": {
        "type": "Point",
        "coordinates": [
          -114.00674388471855,
          46.6751569
        ]
      }
    },
    {
      "type": "Feature",
      "properties": {
        "file": "leg11_m065_b265_2026-06-18T15-49-46.jpg",
        "leg": "leg11",
        "mark_index": 65,
        "along_track_m": 65.0,
        "achieved_heading": 264.98018996366727,
        "target_bearing": 265.29727667875375,
        "fix_type": 6,
        "hacc_m": 0.014,
        "corrupt": false,
        "position_interpolated": true,
        "captured_at_utc": "2026-06-18T21:49:46.513768+00:00"
      },
      "geometry": {
        "type": "Point",
        "coordinates": [
          -114.00675686707667,
          46.6751563
        ]
      }
    },
    {
      "type": "Feature",
      "properties": {
        "file": "leg11_m066_b265_2026-06-18T15-49-47.jpg",
        "leg": "leg11",
        "mark_index": 66,
        "along_track_m": 66.0,
        "achieved_heading": 265.84186594762764,
        "target_bearing": 265.29727667875375,
        "fix_type": 6,
        "hacc_m": 0.014,
        "corrupt": false,
        "position_interpolated": true,
        "captured_at_utc": "2026-06-18T21:49:47.552950+00:00"
      },
      "geometry": {
        "type": "Point",
        "coordinates": [
          -114.00677019999999,
          46.675155499999995
        ]
      }
    },
    {
      "type": "Feature",
      "properties": {
        "file": "leg11_m067_b265_2026-06-18T15-49-48.jpg",
        "leg": "leg11",
        "mark_index": 67,
        "along_track_m": 67.0,
        "achieved_heading": 266.6613735534453,
        "target_bearing": 265.29727667875375,
        "fix_type": 6,
        "hacc_m": 0.014,
        "corrupt": false,
        "position_interpolated": true,
        "captured_at_utc": "2026-06-18T21:49:48.601336+00:00"
      },
      "geometry": {
        "type": "Point",
        "coordinates": [
          -114.0067835,
          46.6751548
        ]
      }
    },
    {
      "type": "Feature",
      "properties": {
        "file": "leg11_m068_b265_2026-06-18T15-49-49.jpg",
        "leg": "leg11",
        "mark_index": 68,
        "along_track_m": 68.0,
        "achieved_heading": 266.10518575351927,
        "target_bearing": 265.29727667875375,
        "fix_type": 6,
        "hacc_m": 0.014,
        "corrupt": false,
        "position_interpolated": true,
        "captured_at_utc": "2026-06-18T21:49:49.512431+00:00"
      },
      "geometry": {
        "type": "Point",
        "coordinates": [
          -114.00679660713872,
          46.675154299999996
        ]
      }
    },
    {
      "type": "Feature",
      "properties": {
        "file": "leg11_m069_b265_2026-06-18T15-49-50.jpg",
        "leg": "leg11",
        "mark_index": 69,
        "along_track_m": 69.0,
        "achieved_heading": 267.3520003289817,
        "target_bearing": 265.29727667875375,
        "fix_type": 6,
        "hacc_m": 0.014,
        "corrupt": false,
        "position_interpolated": true,
        "captured_at_utc": "2026-06-18T21:49:50.564406+00:00"
      },
      "geometry": {
        "type": "Point",
        "coordinates": [
          -114.00681,
          46.675153699999996
        ]
      }
    },
    {
      "type": "Feature",
      "properties": {
        "file": "leg11_m070_b265_2026-06-18T15-49-51.jpg",
        "leg": "leg11",
        "mark_index": 70,
        "along_track_m": 69.703,
        "achieved_heading": 271.89341411320737,
        "target_bearing": 265.29727667875375,
        "fix_type": 6,
        "hacc_m": 0.014,
        "corrupt": false,
        "position_interpolated": true,
        "captured_at_utc": "2026-06-18T21:49:51.269030+00:00"
      },
      "geometry": {
        "type": "Point",
        "coordinates": [
          -114.0068178,
          46.675153699999996
        ]
      }
    },
    {
      "type": "Feature",
      "properties": {
        "file": "leg12_m000_b355_2026-06-18T15-49-55.jpg",
        "leg": "leg12",
        "mark_index": 0,
        "along_track_m": 0.0,
        "achieved_heading": 356.8817908510092,
        "target_bearing": 355.3261831186444,
        "fix_type": 6,
        "hacc_m": 0.014,
        "corrupt": false,
        "position_interpolated": true,
        "captured_at_utc": "2026-06-18T21:49:55.116655+00:00"
      },
      "geometry": {
        "type": "Point",
        "coordinates": [
          -114.00682599999999,
          46.6751533
        ]
      }
    },
    {
      "type": "Feature",
      "properties": {
        "file": "leg12_m001_b355_2026-06-18T15-49-56.jpg",
        "leg": "leg12",
        "mark_index": 1,
        "along_track_m": 1.0,
        "achieved_heading": 353.0634855126984,
        "target_bearing": 355.3261831186444,
        "fix_type": 6,
        "hacc_m": 0.014,
        "corrupt": false,
        "position_interpolated": true,
        "captured_at_utc": "2026-06-18T21:49:56.798687+00:00"
      },
      "geometry": {
        "type": "Point",
        "coordinates": [
          -114.0068283,
          46.6751632
        ]
      }
    },
    {
      "type": "Feature",
      "properties": {
        "file": "leg12_m002_b355_2026-06-18T15-49-57.jpg",
        "leg": "leg12",
        "mark_index": 2,
        "along_track_m": 2.0,
        "achieved_heading": 359.88334485236106,
        "target_bearing": 355.3261831186444,
        "fix_type": 6,
        "hacc_m": 0.014,
        "corrupt": false,
        "position_interpolated": true,
        "captured_at_utc": "2026-06-18T21:49:57.855932+00:00"
      },
      "geometry": {
        "type": "Point",
        "coordinates": [
          -114.00683049999999,
          46.675171999999996
        ]
      }
    },
    {
      "type": "Feature",
      "properties": {
        "file": "leg12_m003_b355_2026-06-18T15-49-58.jpg",
        "leg": "leg12",
        "mark_index": 3,
        "along_track_m": 3.0,
        "achieved_heading": 8.644728976604029,
        "target_bearing": 355.3261831186444,
        "fix_type": 6,
        "hacc_m": 0.014,
        "corrupt": false,
        "position_interpolated": true,
        "captured_at_utc": "2026-06-18T21:49:58.766782+00:00"
      },
      "geometry": {
        "type": "Point",
        "coordinates": [
          -114.0068307,
          46.6751809
        ]
      }
    },
    {
      "type": "Feature",
      "properties": {
        "file": "leg12_m004_b355_2026-06-18T15-50-00.jpg",
        "leg": "leg12",
        "mark_index": 4,
        "along_track_m": 4.0,
        "achieved_heading": 17.145130825164927,
        "target_bearing": 355.3261831186444,
        "fix_type": 6,
        "hacc_m": 0.014,
        "corrupt": false,
        "position_interpolated": true,
        "captured_at_utc": "2026-06-18T21:49:59.825715+00:00"
      },
      "geometry": {
        "type": "Point",
        "coordinates": [
          -114.00682890561598,
          46.67519052332407
        ]
      }
    },
    {
      "type": "Feature",
      "properties": {
        "file": "leg12_m005_b355_2026-06-18T15-50-00.jpg",
        "leg": "leg12",
        "mark_index": 5,
        "along_track_m": 4.895,
        "achieved_heading": 24.81308229318023,
        "target_bearing": 355.3261831186444,
        "fix_type": 6,
        "hacc_m": 0.014,
        "corrupt": false,
        "position_interpolated": true,
        "captured_at_utc": "2026-06-18T21:50:00.863057+00:00"
      },
      "geometry": {
        "type": "Point",
        "coordinates": [
          -114.0068261,
          46.675197999999995
        ]
      }
    },
    {
      "type": "Feature",
      "properties": {
        "file": "leg13_m000_b085_2026-06-18T15-50-03.jpg",
        "leg": "leg13",
        "mark_index": 0,
        "along_track_m": 0.0,
        "achieved_heading": 84.02924444820258,
        "target_bearing": 85.2966096005336,
        "fix_type": 6,
        "hacc_m": 0.014,
        "corrupt": false,
        "position_interpolated": true,
        "captured_at_utc": "2026-06-18T21:50:03.940200+00:00"
      },
      "geometry": {
        "type": "Point",
        "coordinates": [
          -114.0068242,
          46.6752025
        ]
      }
    },
    {
      "type": "Feature",
      "properties": {
        "file": "leg13_m001_b085_2026-06-18T15-50-05.jpg",
        "leg": "leg13",
        "mark_index": 1,
        "along_track_m": 1.0,
        "achieved_heading": 78.29960920111478,
        "target_bearing": 85.2966096005336,
        "fix_type": 6,
        "hacc_m": 0.014,
        "corrupt": false,
        "position_interpolated": true,
        "captured_at_utc": "2026-06-18T21:50:05.770460+00:00"
      },
      "geometry": {
        "type": "Point",
        "coordinates": [
          -114.0068096,
          46.6752051
        ]
      }
    },
    {
      "type": "Feature",
      "properties": {
        "file": "leg13_m002_b085_2026-06-18T15-50-06.jpg",
        "leg": "leg13",
        "mark_index": 2,
        "along_track_m": 2.0,
        "achieved_heading": 88.9178922435973,
        "target_bearing": 85.2966096005336,
        "fix_type": 6,
        "hacc_m": 0.014,
        "corrupt": false,
        "position_interpolated": true,
        "captured_at_utc": "2026-06-18T21:50:06.749310+00:00"
      },
      "geometry": {
        "type": "Point",
        "coordinates": [
          -114.0067984,
          46.6752069
        ]
      }
    },
    {
      "type": "Feature",
      "properties": {
        "file": "leg13_m003_b085_2026-06-18T15-50-07.jpg",
        "leg": "leg13",
        "mark_index": 3,
        "along_track_m": 3.0,
        "achieved_heading": 100.79989099902025,
        "target_bearing": 85.2966096005336,
        "fix_type": 6,
        "hacc_m": 0.014,
        "corrupt": false,
        "position_interpolated": true,
        "captured_at_utc": "2026-06-18T21:50:07.863684+00:00"
      },
      "geometry": {
        "type": "Point",
        "coordinates": [
          -114.00678461396116,
          46.67520650199445
        ]
      }
    },
    {
      "type": "Feature",
      "properties": {
        "file": "leg13_m004_b085_2026-06-18T15-50-09.jpg",
        "leg": "leg13",
        "mark_index": 4,
        "along_track_m": 4.0,
        "achieved_heading": 96.49915519720929,
        "target_bearing": 85.2966096005336,
        "fix_type": 6,
        "hacc_m": 0.014,
        "corrupt": false,
        "position_interpolated": true,
        "captured_at_utc": "2026-06-18T21:50:09.119390+00:00"
      },
      "geometry": {
        "type": "Point",
        "coordinates": [
          -114.006770642493,
          46.6752055
        ]
      }
    },
    {
      "type": "Feature",
      "properties": {
        "file": "leg13_m005_b085_2026-06-18T15-50-10.jpg",
        "leg": "leg13",
        "mark_index": 5,
        "along_track_m": 5.0,
        "achieved_heading": 92.46083406556824,
        "target_bearing": 85.2966096005336,
        "fix_type": 6,
        "hacc_m": 0.014,
        "corrupt": false,
        "position_interpolated": true,
        "captured_at_utc": "2026-06-18T21:50:10.104310+00:00"
      },
      "geometry": {
        "type": "Point",
        "coordinates": [
          -114.00675921726784,
          46.67520517844717
        ]
      }
    },
    {
      "type": "Feature",
      "properties": {
        "file": "leg13_m006_b085_2026-06-18T15-50-11.jpg",
        "leg": "leg13",
        "mark_index": 6,
        "along_track_m": 6.0,
        "achieved_heading": 89.82667336565464,
        "target_bearing": 85.2966096005336,
        "fix_type": 6,
        "hacc_m": 0.014,
        "corrupt": false,
        "position_interpolated": true,
        "captured_at_utc": "2026-06-18T21:50:11.299707+00:00"
      },
      "geometry": {
        "type": "Point",
        "coordinates": [
          -114.00674479278443,
          46.67520546057724
        ]
      }
    },
    {
      "type": "Feature",
      "properties": {
        "file": "leg13_m007_b085_2026-06-18T15-50-12.jpg",
        "leg": "leg13",
        "mark_index": 7,
        "along_track_m": 7.0,
        "achieved_heading": 89.38532397606537,
        "target_bearing": 85.2966096005336,
        "fix_type": 6,
        "hacc_m": 0.014,
        "corrupt": false,
        "position_interpolated": true,
        "captured_at_utc": "2026-06-18T21:50:12.407808+00:00"
      },
      "geometry": {
        "type": "Point",
        "coordinates": [
          -114.0067325,
          46.6752061
        ]
      }
    },
    {
      "type": "Feature",
      "properties": {
        "file": "leg13_m008_b085_2026-06-18T15-50-13.jpg",
        "leg": "leg13",
        "mark_index": 8,
        "along_track_m": 8.0,
        "achieved_heading": 89.71483283561486,
        "target_bearing": 85.2966096005336,
        "fix_type": 6,
        "hacc_m": 0.014,
        "corrupt": false,
        "position_interpolated": true,
        "captured_at_utc": "2026-06-18T21:50:13.547167+00:00"
      },
      "geometry": {
        "type": "Point",
        "coordinates": [
          -114.00671829999999,
          46.675207199999996
        ]
      }
    },
    {
      "type": "Feature",
      "properties": {
        "file": "leg13_m009_b085_2026-06-18T15-50-14.jpg",
        "leg": "leg13",
        "mark_index": 9,
        "along_track_m": 9.0,
        "achieved_heading": 92.20677530111652,
        "target_bearing": 85.2966096005336,
        "fix_type": 6,
        "hacc_m": 0.014,
        "corrupt": false,
        "position_interpolated": true,
        "captured_at_utc": "2026-06-18T21:50:14.651303+00:00"
      },
      "geometry": {
        "type": "Point",
        "coordinates": [
          -114.0067066,
          46.6752076
        ]
      }
    },
    {
      "type": "Feature",
      "properties": {
        "file": "leg13_m010_b085_2026-06-18T15-50-15.jpg",
        "leg": "leg13",
        "mark_index": 10,
        "along_track_m": 10.0,
        "achieved_heading": 90.46318226360859,
        "target_bearing": 85.2966096005336,
        "fix_type": 6,
        "hacc_m": 0.014,
        "corrupt": false,
        "position_interpolated": true,
        "captured_at_utc": "2026-06-18T21:50:15.728207+00:00"
      },
      "geometry": {
        "type": "Point",
        "coordinates": [
          -114.0066926781392,
          46.6752080967442
        ]
      }
    },
    {
      "type": "Feature",
      "properties": {
        "file": "leg13_m011_b085_2026-06-18T15-50-16.jpg",
        "leg": "leg13",
        "mark_index": 11,
        "along_track_m": 11.0,
        "achieved_heading": 89.1330636124984,
        "target_bearing": 85.2966096005336,
        "fix_type": 6,
        "hacc_m": 0.014,
        "corrupt": false,
        "position_interpolated": true,
        "captured_at_utc": "2026-06-18T21:50:16.836536+00:00"
      },
      "geometry": {
        "type": "Point",
        "coordinates": [
          -114.00667961843371,
          46.67520855137244
        ]
      }
    },
    {
      "type": "Feature",
      "properties": {
        "file": "leg13_m012_b085_2026-06-18T15-50-18.jpg",
        "leg": "leg13",
        "mark_index": 12,
        "along_track_m": 12.0,
        "achieved_heading": 85.9953100040484,
        "target_bearing": 85.2966096005336,
        "fix_type": 6,
        "hacc_m": 0.014,
        "corrupt": false,
        "position_interpolated": true,
        "captured_at_utc": "2026-06-18T21:50:17.950148+00:00"
      },
      "geometry": {
        "type": "Point",
        "coordinates": [
          -114.0066667,
          46.675209599999995
        ]
      }
    },
    {
      "type": "Feature",
      "properties": {
        "file": "leg13_m013_b085_2026-06-18T15-50-19.jpg",
        "leg": "leg13",
        "mark_index": 13,
        "along_track_m": 13.0,
        "achieved_heading": 87.94411458212915,
        "target_bearing": 85.2966096005336,
        "fix_type": 6,
        "hacc_m": 0.014,
        "corrupt": false,
        "position_interpolated": true,
        "captured_at_utc": "2026-06-18T21:50:19.128641+00:00"
      },
      "geometry": {
        "type": "Point",
        "coordinates": [
          -114.00665300999158,
          46.67521069086993
        ]
      }
    },
    {
      "type": "Feature",
      "properties": {
        "file": "leg13_m014_b085_2026-06-18T15-50-20.jpg",
        "leg": "leg13",
        "mark_index": 14,
        "along_track_m": 14.0,
        "achieved_heading": 89.01368872431283,
        "target_bearing": 85.2966096005336,
        "fix_type": 6,
        "hacc_m": 0.014,
        "corrupt": false,
        "position_interpolated": true,
        "captured_at_utc": "2026-06-18T21:50:20.257904+00:00"
      },
      "geometry": {
        "type": "Point",
        "coordinates": [
          -114.0066415,
          46.6752113
        ]
      }
    },
    {
      "type": "Feature",
      "properties": {
        "file": "leg13_m015_b085_2026-06-18T15-50-21.jpg",
        "leg": "leg13",
        "mark_index": 15,
        "along_track_m": 15.0,
        "achieved_heading": 88.5744297243042,
        "target_bearing": 85.2966096005336,
        "fix_type": 6,
        "hacc_m": 0.014,
        "corrupt": false,
        "position_interpolated": true,
        "captured_at_utc": "2026-06-18T21:50:21.373284+00:00"
      },
      "geometry": {
        "type": "Point",
        "coordinates": [
          -114.0066275,
          46.675211999999995
        ]
      }
    },
    {
      "type": "Feature",
      "properties": {
        "file": "leg13_m016_b085_2026-06-18T15-50-22.jpg",
        "leg": "leg13",
        "mark_index": 16,
        "along_track_m": 16.0,
        "achieved_heading": 87.2968507448503,
        "target_bearing": 85.2966096005336,
        "fix_type": 6,
        "hacc_m": 0.014,
        "corrupt": false,
        "position_interpolated": true,
        "captured_at_utc": "2026-06-18T21:50:22.568577+00:00"
      },
      "geometry": {
        "type": "Point",
        "coordinates": [
          -114.0066138,
          46.675212699999996
        ]
      }
    },
    {
      "type": "Feature",
      "properties": {
        "file": "leg13_m017_b085_2026-06-18T15-50-23.jpg",
        "leg": "leg13",
        "mark_index": 17,
        "along_track_m": 17.0,
        "achieved_heading": 89.05695636920063,
        "target_bearing": 85.2966096005336,
        "fix_type": 6,
        "hacc_m": 0.014,
        "corrupt": false,
        "position_interpolated": true,
        "captured_at_utc": "2026-06-18T21:50:23.548182+00:00"
      },
      "geometry": {
        "type": "Point",
        "coordinates": [
          -114.00660239999999,
          46.675213199999995
        ]
      }
    },
    {
      "type": "Feature",
      "properties": {
        "file": "leg13_m018_b085_2026-06-18T15-50-24.jpg",
        "leg": "leg13",
        "mark_index": 18,
        "along_track_m": 18.0,
        "achieved_heading": 87.6778119476885,
        "target_bearing": 85.2966096005336,
        "fix_type": 6,
        "hacc_m": 0.014,
        "corrupt": false,
        "position_interpolated": true,
        "captured_at_utc": "2026-06-18T21:50:24.667619+00:00"
      },
      "geometry": {
        "type": "Point",
        "coordinates": [
          -114.00658921769751,
          46.67521406582392
        ]
      }
    },
    {
      "type": "Feature",
      "properties": {
        "file": "leg13_m019_b085_2026-06-18T15-50-25.jpg",
        "leg": "leg13",
        "mark_index": 19,
        "along_track_m": 19.0,
        "achieved_heading": 88.85444732852943,
        "target_bearing": 85.2966096005336,
        "fix_type": 6,
        "hacc_m": 0.014,
        "corrupt": false,
        "position_interpolated": true,
        "captured_at_utc": "2026-06-18T21:50:25.854988+00:00"
      },
      "geometry": {
        "type": "Point",
        "coordinates": [
          -114.00657518625215,
          46.67521482293459
        ]
      }
    },
    {
      "type": "Feature",
      "properties": {
        "file": "leg13_m020_b085_2026-06-18T15-50-27.jpg",
        "leg": "leg13",
        "mark_index": 20,
        "along_track_m": 20.0,
        "achieved_heading": 88.95242290897261,
        "target_bearing": 85.2966096005336,
        "fix_type": 6,
        "hacc_m": 0.014,
        "corrupt": false,
        "position_interpolated": true,
        "captured_at_utc": "2026-06-18T21:50:27.051598+00:00"
      },
      "geometry": {
        "type": "Point",
        "coordinates": [
          -114.00656269999999,
          46.6752156
        ]
      }
    },
    {
      "type": "Feature",
      "properties": {
        "file": "leg13_m021_b085_2026-06-18T15-50-28.jpg",
        "leg": "leg13",
        "mark_index": 21,
        "along_track_m": 21.0,
        "achieved_heading": 89.13684000869,
        "target_bearing": 85.2966096005336,
        "fix_type": 6,
        "hacc_m": 0.014,
        "corrupt": false,
        "position_interpolated": true,
        "captured_at_utc": "2026-06-18T21:50:28.153187+00:00"
      },
      "geometry": {
        "type": "Point",
        "coordinates": [
          -114.0065484,
          46.6752161
        ]
      }
    },
    {
      "type": "Feature",
      "properties": {
        "file": "leg13_m022_b085_2026-06-18T15-50-29.jpg",
        "leg": "leg13",
        "mark_index": 22,
        "along_track_m": 22.0,
        "achieved_heading": 87.41768375831145,
        "target_bearing": 85.2966096005336,
        "fix_type": 6,
        "hacc_m": 0.014,
        "corrupt": false,
        "position_interpolated": true,
        "captured_at_utc": "2026-06-18T21:50:29.074641+00:00"
      },
      "geometry": {
        "type": "Point",
        "coordinates": [
          -114.00653690368578,
          46.6752166
        ]
      }
    },
    {
      "type": "Feature",
      "properties": {
        "file": "leg13_m023_b085_2026-06-18T15-50-30.jpg",
        "leg": "leg13",
        "mark_index": 23,
        "along_track_m": 23.0,
        "achieved_heading": 87.01688391062999,
        "target_bearing": 85.2966096005336,
        "fix_type": 6,
        "hacc_m": 0.014,
        "corrupt": false,
        "position_interpolated": true,
        "captured_at_utc": "2026-06-18T21:50:30.191113+00:00"
      },
      "geometry": {
        "type": "Point",
        "coordinates": [
          -114.00652389999999,
          46.6752173
        ]
      }
    },
    {
      "type": "Feature",
      "properties": {
        "file": "leg13_m024_b085_2026-06-18T15-50-31.jpg",
        "leg": "leg13",
        "mark_index": 24,
        "along_track_m": 24.0,
        "achieved_heading": 86.06889506981156,
        "target_bearing": 85.2966096005336,
        "fix_type": 6,
        "hacc_m": 0.014,
        "corrupt": false,
        "position_interpolated": true,
        "captured_at_utc": "2026-06-18T21:50:31.318213+00:00"
      },
      "geometry": {
        "type": "Point",
        "coordinates": [
          -114.00650972329493,
          46.6752180821364
        ]
      }
    },
    {
      "type": "Feature",
      "properties": {
        "file": "leg13_m025_b085_2026-06-18T15-50-32.jpg",
        "leg": "leg13",
        "mark_index": 25,
        "along_track_m": 25.0,
        "achieved_heading": 86.81210688945055,
        "target_bearing": 85.2966096005336,
        "fix_type": 6,
        "hacc_m": 0.014,
        "corrupt": false,
        "position_interpolated": true,
        "captured_at_utc": "2026-06-18T21:50:32.374309+00:00"
      },
      "geometry": {
        "type": "Point",
        "coordinates": [
          -114.006497,
          46.675219
        ]
      }
    },
    {
      "type": "Feature",
      "properties": {
        "file": "leg13_m026_b085_2026-06-18T15-50-33.jpg",
        "leg": "leg13",
        "mark_index": 26,
        "along_track_m": 26.0,
        "achieved_heading": 86.85793206129722,
        "target_bearing": 85.2966096005336,
        "fix_type": 6,
        "hacc_m": 0.014,
        "corrupt": false,
        "position_interpolated": true,
        "captured_at_utc": "2026-06-18T21:50:33.491850+00:00"
      },
      "geometry": {
        "type": "Point",
        "coordinates": [
          -114.00648275457823,
          46.675219938380195
        ]
      }
    },
    {
      "type": "Feature",
      "properties": {
        "file": "leg13_m027_b085_2026-06-18T15-50-34.jpg",
        "leg": "leg13",
        "mark_index": 27,
        "along_track_m": 27.0,
        "achieved_heading": 88.1689248197145,
        "target_bearing": 85.2966096005336,
        "fix_type": 6,
        "hacc_m": 0.014,
        "corrupt": false,
        "position_interpolated": true,
        "captured_at_utc": "2026-06-18T21:50:34.607141+00:00"
      },
      "geometry": {
        "type": "Point",
        "coordinates": [
          -114.0064704,
          46.6752208
        ]
      }
    },
    {
      "type": "Feature",
      "properties": {
        "file": "leg13_m028_b085_2026-06-18T15-50-35.jpg",
        "leg": "leg13",
        "mark_index": 28,
        "along_track_m": 28.0,
        "achieved_heading": 88.34687242266023,
        "target_bearing": 85.2966096005336,
        "fix_type": 6,
        "hacc_m": 0.014,
        "corrupt": false,
        "position_interpolated": true,
        "captured_at_utc": "2026-06-18T21:50:35.519575+00:00"
      },
      "geometry": {
        "type": "Point",
        "coordinates": [
          -114.00645807997932,
          46.6752215
        ]
      }
    },
    {
      "type": "Feature",
      "properties": {
        "file": "leg13_m029_b085_2026-06-18T15-50-36.jpg",
        "leg": "leg13",
        "mark_index": 29,
        "along_track_m": 29.0,
        "achieved_heading": 88.69707404818814,
        "target_bearing": 85.2966096005336,
        "fix_type": 6,
        "hacc_m": 0.014,
        "corrupt": false,
        "position_interpolated": true,
        "captured_at_utc": "2026-06-18T21:50:36.647829+00:00"
      },
      "geometry": {
        "type": "Point",
        "coordinates": [
          -114.00644460276945,
          46.6752221
        ]
      }
    },
    {
      "type": "Feature",
      "properties": {
        "file": "leg13_m030_b085_2026-06-18T15-50-37.jpg",
        "leg": "leg13",
        "mark_index": 30,
        "along_track_m": 30.0,
        "achieved_heading": 88.07198375181895,
        "target_bearing": 85.2966096005336,
        "fix_type": 6,
        "hacc_m": 0.014,
        "corrupt": false,
        "position_interpolated": true,
        "captured_at_utc": "2026-06-18T21:50:37.765013+00:00"
      },
      "geometry": {
        "type": "Point",
        "coordinates": [
          -114.00643129999999,
          46.6752225
        ]
      }
    },
    {
      "type": "Feature",
      "properties": {
        "file": "leg13_m031_b085_2026-06-18T15-50-38.jpg",
        "leg": "leg13",
        "mark_index": 31,
        "along_track_m": 31.0,
        "achieved_heading": 87.32484948597823,
        "target_bearing": 85.2966096005336,
        "fix_type": 6,
        "hacc_m": 0.014,
        "corrupt": false,
        "position_interpolated": true,
        "captured_at_utc": "2026-06-18T21:50:38.800813+00:00"
      },
      "geometry": {
        "type": "Point",
        "coordinates": [
          -114.0064194,
          46.675222999999995
        ]
      }
    },
    {
      "type": "Feature",
      "properties": {
        "file": "leg13_m032_b085_2026-06-18T15-50-40.jpg",
        "leg": "leg13",
        "mark_index": 32,
        "along_track_m": 32.0,
        "achieved_heading": 85.50383763999059,
        "target_bearing": 85.2966096005336,
        "fix_type": 6,
        "hacc_m": 0.014,
        "corrupt": false,
        "position_interpolated": true,
        "captured_at_utc": "2026-06-18T21:50:39.932490+00:00"
      },
      "geometry": {
        "type": "Point",
        "coordinates": [
          -114.00640502396212,
          46.675223798958164
        ]
      }
    },
    {
      "type": "Feature",
      "properties": {
        "file": "leg13_m033_b085_2026-06-18T15-50-41.jpg",
        "leg": "leg13",
        "mark_index": 33,
        "along_track_m": 33.0,
        "achieved_heading": 85.6818144631468,
        "target_bearing": 85.2966096005336,
        "fix_type": 6,
        "hacc_m": 0.014,
        "corrupt": false,
        "position_interpolated": true,
        "captured_at_utc": "2026-06-18T21:50:41.057081+00:00"
      },
      "geometry": {
        "type": "Point",
        "coordinates": [
          -114.0063926,
          46.6752246
        ]
      }
    },
    {
      "type": "Feature",
      "properties": {
        "file": "leg13_m034_b085_2026-06-18T15-50-42.jpg",
        "leg": "leg13",
        "mark_index": 34,
        "along_track_m": 34.0,
        "achieved_heading": 87.27982679996933,
        "target_bearing": 85.2966096005336,
        "fix_type": 6,
        "hacc_m": 0.014,
        "corrupt": false,
        "position_interpolated": true,
        "captured_at_utc": "2026-06-18T21:50:42.175656+00:00"
      },
      "geometry": {
        "type": "Point",
        "coordinates": [
          -114.0063782,
          46.675225499999996
        ]
      }
    },
    {
      "type": "Feature",
      "properties": {
        "file": "leg13_m035_b085_2026-06-18T15-50-43.jpg",
        "leg": "leg13",
        "mark_index": 35,
        "along_track_m": 35.0,
        "achieved_heading": 88.66372376035781,
        "target_bearing": 85.2966096005336,
        "fix_type": 6,
        "hacc_m": 0.014,
        "corrupt": false,
        "position_interpolated": true,
        "captured_at_utc": "2026-06-18T21:50:43.150739+00:00"
      },
      "geometry": {
        "type": "Point",
        "coordinates": [
          -114.00636659999999,
          46.675225999999995
        ]
      }
    },
    {
      "type": "Feature",
      "properties": {
        "file": "leg13_m036_b085_2026-06-18T15-50-44.jpg",
        "leg": "leg13",
        "mark_index": 36,
        "along_track_m": 36.0,
        "achieved_heading": 86.29411074000939,
        "target_bearing": 85.2966096005336,
        "fix_type": 6,
        "hacc_m": 0.014,
        "corrupt": false,
        "position_interpolated": true,
        "captured_at_utc": "2026-06-18T21:50:44.193460+00:00"
      },
      "geometry": {
        "type": "Point",
        "coordinates": [
          -114.00635380204467,
          46.675226367902994
        ]
      }
    },
    {
      "type": "Feature",
      "properties": {
        "file": "leg13_m037_b085_2026-06-18T15-50-45.jpg",
        "leg": "leg13",
        "mark_index": 37,
        "along_track_m": 37.0,
        "achieved_heading": 85.25258503264058,
        "target_bearing": 85.2966096005336,
        "fix_type": 6,
        "hacc_m": 0.014,
        "corrupt": false,
        "position_interpolated": true,
        "captured_at_utc": "2026-06-18T21:50:45.317511+00:00"
      },
      "geometry": {
        "type": "Point",
        "coordinates": [
          -114.00634042460133,
          46.67522738203189
        ]
      }
    },
    {
      "type": "Feature",
      "properties": {
        "file": "leg13_m038_b085_2026-06-18T15-50-46.jpg",
        "leg": "leg13",
        "mark_index": 38,
        "along_track_m": 38.0,
        "achieved_heading": 86.42332997609577,
        "target_bearing": 85.2966096005336,
        "fix_type": 6,
        "hacc_m": 0.014,
        "corrupt": false,
        "position_interpolated": true,
        "captured_at_utc": "2026-06-18T21:50:46.446167+00:00"
      },
      "geometry": {
        "type": "Point",
        "coordinates": [
          -114.00632789999999,
          46.6752281
        ]
      }
    },
    {
      "type": "Feature",
      "properties": {
        "file": "leg13_m039_b085_2026-06-18T15-50-47.jpg",
        "leg": "leg13",
        "mark_index": 39,
        "along_track_m": 39.0,
        "achieved_heading": 86.99823106697352,
        "target_bearing": 85.2966096005336,
        "fix_type": 6,
        "hacc_m": 0.014,
        "corrupt": false,
        "position_interpolated": true,
        "captured_at_utc": "2026-06-18T21:50:47.559309+00:00"
      },
      "geometry": {
        "type": "Point",
        "coordinates": [
          -114.00631299999999,
          46.6752286
        ]
      }
    },
    {
      "type": "Feature",
      "properties": {
        "file": "leg13_m040_b085_2026-06-18T15-50-48.jpg",
        "leg": "leg13",
        "mark_index": 40,
        "along_track_m": 40.0,
        "achieved_heading": 87.51137221557099,
        "target_bearing": 85.2966096005336,
        "fix_type": 6,
        "hacc_m": 0.014,
        "corrupt": false,
        "position_interpolated": true,
        "captured_at_utc": "2026-06-18T21:50:48.547882+00:00"
      },
      "geometry": {
        "type": "Point",
        "coordinates": [
          -114.0063017,
          46.675228999999995
        ]
      }
    },
    {
      "type": "Feature",
      "properties": {
        "file": "leg13_m041_b085_2026-06-18T15-50-49.jpg",
        "leg": "leg13",
        "mark_index": 41,
        "along_track_m": 41.0,
        "achieved_heading": 86.00348048842318,
        "target_bearing": 85.2966096005336,
        "fix_type": 6,
        "hacc_m": 0.014,
        "corrupt": false,
        "position_interpolated": true,
        "captured_at_utc": "2026-06-18T21:50:49.662509+00:00"
      },
      "geometry": {
        "type": "Point",
        "coordinates": [
          -114.006288546088,
          46.67522972949266
        ]
      }
    },
    {
      "type": "Feature",
      "properties": {
        "file": "leg13_m042_b085_2026-06-18T15-50-51.jpg",
        "leg": "leg13",
        "mark_index": 42,
        "along_track_m": 42.0,
        "achieved_heading": 85.85357504241529,
        "target_bearing": 85.2966096005336,
        "fix_type": 6,
        "hacc_m": 0.014,
        "corrupt": false,
        "position_interpolated": true,
        "captured_at_utc": "2026-06-18T21:50:50.920839+00:00"
      },
      "geometry": {
        "type": "Point",
        "coordinates": [
          -114.00627373810367,
          46.675230787990984
        ]
      }
    },
    {
      "type": "Feature",
      "properties": {
        "file": "leg13_m043_b085_2026-06-18T15-50-51.jpg",
        "leg": "leg13",
        "mark_index": 43,
        "along_track_m": 43.0,
        "achieved_heading": 86.68377912065057,
        "target_bearing": 85.2966096005336,
        "fix_type": 6,
        "hacc_m": 0.014,
        "corrupt": false,
        "position_interpolated": true,
        "captured_at_utc": "2026-06-18T21:50:51.916914+00:00"
      },
      "geometry": {
        "type": "Point",
        "coordinates": [
          -114.00626148050321,
          46.675231584304065
        ]
      }
    },
    {
      "type": "Feature",
      "properties": {
        "file": "leg13_m044_b085_2026-06-18T15-50-53.jpg",
        "leg": "leg13",
        "mark_index": 44,
        "along_track_m": 44.0,
        "achieved_heading": 86.52305184697667,
        "target_bearing": 85.2966096005336,
        "fix_type": 6,
        "hacc_m": 0.014,
        "corrupt": false,
        "position_interpolated": true,
        "captured_at_utc": "2026-06-18T21:50:53.035441+00:00"
      },
      "geometry": {
        "type": "Point",
        "coordinates": [
          -114.00624959999999,
          46.675232099999995
        ]
      }
    },
    {
      "type": "Feature",
      "properties": {
        "file": "leg13_m045_b085_2026-06-18T15-50-54.jpg",
        "leg": "leg13",
        "mark_index": 45,
        "along_track_m": 45.0,
        "achieved_heading": 82.24579995903593,
        "target_bearing": 85.2966096005336,
        "fix_type": 6,
        "hacc_m": 0.014,
        "corrupt": false,
        "position_interpolated": true,
        "captured_at_utc": "2026-06-18T21:50:54.166971+00:00"
      },
      "geometry": {
        "type": "Point",
        "coordinates": [
          -114.006236,
          46.6752331
        ]
      }
    },
    {
      "type": "Feature",
      "properties": {
        "file": "leg13_m046_b085_2026-06-18T15-50-55.jpg",
        "leg": "leg13",
        "mark_index": 46,
        "along_track_m": 46.0,
        "achieved_heading": 84.38128692769669,
        "target_bearing": 85.2966096005336,
        "fix_type": 6,
        "hacc_m": 0.014,
        "corrupt": false,
        "position_interpolated": true,
        "captured_at_utc": "2026-06-18T21:50:55.291373+00:00"
      },
      "geometry": {
        "type": "Point",
        "coordinates": [
          -114.00622290156718,
          46.67523437720149
        ]
      }
    },
    {
      "type": "Feature",
      "properties": {
        "file": "leg13_m048_b085_2026-06-18T15-51-01.jpg",
        "leg": "leg13",
        "mark_index": 48,
        "along_track_m": 48.0,
        "achieved_heading": 88.99727157884843,
        "target_bearing": 85.2966096005336,
        "fix_type": 6,
        "hacc_m": 0.014,
        "corrupt": false,
        "position_interpolated": true,
        "captured_at_utc": "2026-06-18T21:51:00.867501+00:00"
      },
      "geometry": {
        "type": "Point",
        "coordinates": [
          -114.0061952,
          46.6752365
        ]
      }
    },
    {
      "type": "Feature",
      "properties": {
        "file": "leg13_m049_b085_2026-06-18T15-51-03.jpg",
        "leg": "leg13",
        "mark_index": 49,
        "along_track_m": 49.0,
        "achieved_heading": 85.4308574203842,
        "target_bearing": 85.2966096005336,
        "fix_type": 6,
        "hacc_m": 0.014,
        "corrupt": false,
        "position_interpolated": true,
        "captured_at_utc": "2026-06-18T21:51:02.824690+00:00"
      },
      "geometry": {
        "type": "Point",
        "coordinates": [
          -114.00618565179818,
          46.6752368
        ]
      }
    },
    {
      "type": "Feature",
      "properties": {
        "file": "leg13_m050_b085_2026-06-18T15-51-04.jpg",
        "leg": "leg13",
        "mark_index": 50,
        "along_track_m": 50.0,
        "achieved_heading": 86.36171587263118,
        "target_bearing": 85.2966096005336,
        "fix_type": 6,
        "hacc_m": 0.014,
        "corrupt": false,
        "position_interpolated": true,
        "captured_at_utc": "2026-06-18T21:51:04.089227+00:00"
      },
      "geometry": {
        "type": "Point",
        "coordinates": [
          -114.00617019608727,
          46.6752373
        ]
      }
    },
    {
      "type": "Feature",
      "properties": {
        "file": "leg13_m051_b085_2026-06-18T15-51-05.jpg",
        "leg": "leg13",
        "mark_index": 51,
        "along_track_m": 51.0,
        "achieved_heading": 85.41068265363708,
        "target_bearing": 85.2966096005336,
        "fix_type": 6,
        "hacc_m": 0.014,
        "corrupt": false,
        "position_interpolated": true,
        "captured_at_utc": "2026-06-18T21:51:05.083344+00:00"
      },
      "geometry": {
        "type": "Point",
        "coordinates": [
          -114.00615820944391,
          46.67523797043984
        ]
      }
    },
    {
      "type": "Feature",
      "properties": {
        "file": "leg13_m052_b085_2026-06-18T15-51-06.jpg",
        "leg": "leg13",
        "mark_index": 52,
        "along_track_m": 52.0,
        "achieved_heading": 85.1642793264914,
        "target_bearing": 85.2966096005336,
        "fix_type": 6,
        "hacc_m": 0.014,
        "corrupt": false,
        "position_interpolated": true,
        "captured_at_utc": "2026-06-18T21:51:06.330386+00:00"
      },
      "geometry": {
        "type": "Point",
        "coordinates": [
          -114.00614356046181,
          46.675238697674544
        ]
      }
    },
    {
      "type": "Feature",
      "properties": {
        "file": "leg13_m053_b085_2026-06-18T15-51-07.jpg",
        "leg": "leg13",
        "mark_index": 53,
        "along_track_m": 53.0,
        "achieved_heading": 85.42057300552841,
        "target_bearing": 85.2966096005336,
        "fix_type": 6,
        "hacc_m": 0.014,
        "corrupt": false,
        "position_interpolated": true,
        "captured_at_utc": "2026-06-18T21:51:07.451616+00:00"
      },
      "geometry": {
        "type": "Point",
        "coordinates": [
          -114.0061319,
          46.6752393
        ]
      }
    },
    {
      "type": "Feature",
      "properties": {
        "file": "leg13_m054_b085_2026-06-18T15-51-08.jpg",
        "leg": "leg13",
        "mark_index": 54,
        "along_track_m": 54.0,
        "achieved_heading": 85.43506883409498,
        "target_bearing": 85.2966096005336,
        "fix_type": 6,
        "hacc_m": 0.014,
        "corrupt": false,
        "position_interpolated": true,
        "captured_at_utc": "2026-06-18T21:51:08.566787+00:00"
      },
      "geometry": {
        "type": "Point",
        "coordinates": [
          -114.0061174,
          46.675239999999995
        ]
      }
    },
    {
      "type": "Feature",
      "properties": {
        "file": "leg13_m055_b085_2026-06-18T15-51-09.jpg",
        "leg": "leg13",
        "mark_index": 55,
        "along_track_m": 55.0,
        "achieved_heading": 84.92725590354632,
        "target_bearing": 85.2966096005336,
        "fix_type": 6,
        "hacc_m": 0.014,
        "corrupt": false,
        "position_interpolated": true,
        "captured_at_utc": "2026-06-18T21:51:09.551333+00:00"
      },
      "geometry": {
        "type": "Point",
        "coordinates": [
          -114.00610549999999,
          46.6752408
        ]
      }
    },
    {
      "type": "Feature",
      "properties": {
        "file": "leg13_m056_b085_2026-06-18T15-51-10.jpg",
        "leg": "leg13",
        "mark_index": 56,
        "along_track_m": 56.0,
        "achieved_heading": 86.80205058284258,
        "target_bearing": 85.2966096005336,
        "fix_type": 6,
        "hacc_m": 0.014,
        "corrupt": false,
        "position_interpolated": true,
        "captured_at_utc": "2026-06-18T21:51:10.674177+00:00"
      },
      "geometry": {
        "type": "Point",
        "coordinates": [
          -114.0060924338206,
          46.67524153329435
        ]
      }
    },
    {
      "type": "Feature",
      "properties": {
        "file": "leg13_m057_b085_2026-06-18T15-51-11.jpg",
        "leg": "leg13",
        "mark_index": 57,
        "along_track_m": 57.0,
        "achieved_heading": 86.56442274951456,
        "target_bearing": 85.2966096005336,
        "fix_type": 6,
        "hacc_m": 0.014,
        "corrupt": false,
        "position_interpolated": true,
        "captured_at_utc": "2026-06-18T21:51:11.791545+00:00"
      },
      "geometry": {
        "type": "Point",
        "coordinates": [
          -114.0060798,
          46.6752421
        ]
      }
    },
    {
      "type": "Feature",
      "properties": {
        "file": "leg13_m058_b085_2026-06-18T15-51-12.jpg",
        "leg": "leg13",
        "mark_index": 58,
        "along_track_m": 58.0,
        "achieved_heading": 87.02016641446056,
        "target_bearing": 85.2966096005336,
        "fix_type": 6,
        "hacc_m": 0.014,
        "corrupt": false,
        "position_interpolated": true,
        "captured_at_utc": "2026-06-18T21:51:12.839793+00:00"
      },
      "geometry": {
        "type": "Point",
        "coordinates": [
          -114.00606667147187,
          46.67524275373943
        ]
      }
    },
    {
      "type": "Feature",
      "properties": {
        "file": "leg13_m060_b085_2026-06-18T15-51-19.jpg",
        "leg": "leg13",
        "mark_index": 60,
        "along_track_m": 60.0,
        "achieved_heading": 82.96515827514833,
        "target_bearing": 85.2966096005336,
        "fix_type": 6,
        "hacc_m": 0.014,
        "corrupt": false,
        "position_interpolated": true,
        "captured_at_utc": "2026-06-18T21:51:18.917632+00:00"
      },
      "geometry": {
        "type": "Point",
        "coordinates": [
          -114.0060395,
          46.6752453
        ]
      }
    },
    {
      "type": "Feature",
      "properties": {
        "file": "leg13_m061_b085_2026-06-18T15-51-20.jpg",
        "leg": "leg13",
        "mark_index": 61,
        "along_track_m": 61.0,
        "achieved_heading": 85.17145268905193,
        "target_bearing": 85.2966096005336,
        "fix_type": 6,
        "hacc_m": 0.014,
        "corrupt": false,
        "position_interpolated": true,
        "captured_at_utc": "2026-06-18T21:51:20.747469+00:00"
      },
      "geometry": {
        "type": "Point",
        "coordinates": [
          -114.0060274,
          46.6752465
        ]
      }
    },
    {
      "type": "Feature",
      "properties": {
        "file": "leg13_m062_b085_2026-06-18T15-51-21.jpg",
        "leg": "leg13",
        "mark_index": 62,
        "along_track_m": 62.0,
        "achieved_heading": 89.37590157761383,
        "target_bearing": 85.2966096005336,
        "fix_type": 6,
        "hacc_m": 0.014,
        "corrupt": false,
        "position_interpolated": true,
        "captured_at_utc": "2026-06-18T21:51:21.878986+00:00"
      },
      "geometry": {
        "type": "Point",
        "coordinates": [
          -114.00601426466824,
          46.675246873111035
        ]
      }
    },
    {
      "type": "Feature",
      "properties": {
        "file": "leg13_m063_b085_2026-06-18T15-51-23.jpg",
        "leg": "leg13",
        "mark_index": 63,
        "along_track_m": 63.0,
        "achieved_heading": 88.5315086936505,
        "target_bearing": 85.2966096005336,
        "fix_type": 6,
        "hacc_m": 0.014,
        "corrupt": false,
        "position_interpolated": true,
        "captured_at_utc": "2026-06-18T21:51:22.986682+00:00"
      },
      "geometry": {
        "type": "Point",
        "coordinates": [
          -114.00600114117091,
          46.67524702661091
        ]
      }
    },
    {
      "type": "Feature",
      "properties": {
        "file": "leg13_m064_b085_2026-06-18T15-51-24.jpg",
        "leg": "leg13",
        "mark_index": 64,
        "along_track_m": 64.0,
        "achieved_heading": 84.37358389243207,
        "target_bearing": 85.2966096005336,
        "fix_type": 6,
        "hacc_m": 0.014,
        "corrupt": false,
        "position_interpolated": true,
        "captured_at_utc": "2026-06-18T21:51:24.176587+00:00"
      },
      "geometry": {
        "type": "Point",
        "coordinates": [
          -114.0059878,
          46.6752476
        ]
      }
    },
    {
      "type": "Feature",
      "properties": {
        "file": "leg13_m065_b085_2026-06-18T15-51-25.jpg",
        "leg": "leg13",
        "mark_index": 65,
        "along_track_m": 65.0,
        "achieved_heading": 82.67020288334425,
        "target_bearing": 85.2966096005336,
        "fix_type": 6,
        "hacc_m": 0.014,
        "corrupt": false,
        "position_interpolated": true,
        "captured_at_utc": "2026-06-18T21:51:25.304818+00:00"
      },
      "geometry": {
        "type": "Point",
        "coordinates": [
          -114.00597421829215,
          46.67524858391184
        ]
      }
    },
    {
      "type": "Feature",
      "properties": {
        "file": "leg13_m066_b085_2026-06-18T15-51-26.jpg",
        "leg": "leg13",
        "mark_index": 66,
        "along_track_m": 66.0,
        "achieved_heading": 84.42449487682018,
        "target_bearing": 85.2966096005336,
        "fix_type": 6,
        "hacc_m": 0.014,
        "corrupt": false,
        "position_interpolated": true,
        "captured_at_utc": "2026-06-18T21:51:26.427808+00:00"
      },
      "geometry": {
        "type": "Point",
        "coordinates": [
          -114.0059623,
          46.6752494
        ]
      }
    },
    {
      "type": "Feature",
      "properties": {
        "file": "leg13_m067_b085_2026-06-18T15-51-27.jpg",
        "leg": "leg13",
        "mark_index": 67,
        "along_track_m": 67.0,
        "achieved_heading": 84.7888672764733,
        "target_bearing": 85.2966096005336,
        "fix_type": 6,
        "hacc_m": 0.014,
        "corrupt": false,
        "position_interpolated": true,
        "captured_at_utc": "2026-06-18T21:51:27.542608+00:00"
      },
      "geometry": {
        "type": "Point",
        "coordinates": [
          -114.0059483,
          46.675250399999996
        ]
      }
    },
    {
      "type": "Feature",
      "properties": {
        "file": "leg13_m068_b085_2026-06-18T15-51-28.jpg",
        "leg": "leg13",
        "mark_index": 68,
        "along_track_m": 68.0,
        "achieved_heading": 86.90633672093713,
        "target_bearing": 85.2966096005336,
        "fix_type": 6,
        "hacc_m": 0.014,
        "corrupt": false,
        "position_interpolated": true,
        "captured_at_utc": "2026-06-18T21:51:28.741681+00:00"
      },
      "geometry": {
        "type": "Point",
        "coordinates": [
          -114.00593471615716,
          46.67525089829924
        ]
      }
    },
    {
      "type": "Feature",
      "properties": {
        "file": "leg13_m069_b085_2026-06-18T15-51-29.jpg",
        "leg": "leg13",
        "mark_index": 69,
        "along_track_m": 69.0,
        "achieved_heading": 91.92067436782008,
        "target_bearing": 85.2966096005336,
        "fix_type": 6,
        "hacc_m": 0.014,
        "corrupt": false,
        "position_interpolated": true,
        "captured_at_utc": "2026-06-18T21:51:29.855207+00:00"
      },
      "geometry": {
        "type": "Point",
        "coordinates": [
          -114.0059227,
          46.675250899999995
        ]
      }
    },
    {
      "type": "Feature",
      "properties": {
        "file": "leg13_m070_b085_2026-06-18T15-51-30.jpg",
        "leg": "leg13",
        "mark_index": 70,
        "along_track_m": 69.581,
        "achieved_heading": 92.81741367937127,
        "target_bearing": 85.2966096005336,
        "fix_type": 6,
        "hacc_m": 0.014,
        "corrupt": false,
        "position_interpolated": true,
        "captured_at_utc": "2026-06-18T21:51:30.341763+00:00"
      },
      "geometry": {
        "type": "Point",
        "coordinates": [
          -114.00591539999999,
          46.6752506
        ]
      }
    }
  ]
}