{
  "type": "FeatureCollection",
  "name": "captures",
  "crs": {
    "type": "name",
    "properties": {
      "name": "urn:ogc:def:crs:OGC:1.3:CRS84"
    }
  },
  "features": [
    {
      "type": "Feature",
      "properties": {
        "file": "leg01_m000_b329_2026-06-17T10-37-11.jpg",
        "leg": "leg01",
        "mark_index": 0,
        "along_track_m": 0.0,
        "achieved_heading": 128.13524997902607,
        "target_bearing": 329.87173278684946,
        "fix_type": 6,
        "hacc_m": 0.014,
        "corrupt": false,
        "position_interpolated": true,
        "captured_at_utc": "2026-06-17T16:37:11.828732+00:00"
      },
      "geometry": {
        "type": "Point",
        "coordinates": [
          -114.01715739999999,
          46.6969389
        ]
      }
    },
    {
      "type": "Feature",
      "properties": {
        "file": "leg01_m001_b329_2026-06-17T10-37-11.jpg",
        "leg": "leg01",
        "mark_index": 1,
        "along_track_m": 1.0,
        "achieved_heading": 128.13524997902607,
        "target_bearing": 329.87173278684946,
        "fix_type": 6,
        "hacc_m": 0.014,
        "corrupt": false,
        "position_interpolated": true,
        "captured_at_utc": "2026-06-17T16:37:11.828732+00:00"
      },
      "geometry": {
        "type": "Point",
        "coordinates": [
          -114.01715864063243,
          46.69693856598357
        ]
      }
    },
    {
      "type": "Feature",
      "properties": {
        "file": "leg01_m002_b329_2026-06-17T10-37-11.jpg",
        "leg": "leg01",
        "mark_index": 2,
        "along_track_m": 2.0,
        "achieved_heading": 128.13524997902607,
        "target_bearing": 329.87173278684946,
        "fix_type": 6,
        "hacc_m": 0.014,
        "corrupt": false,
        "position_interpolated": true,
        "captured_at_utc": "2026-06-17T16:37:11.828732+00:00"
      },
      "geometry": {
        "type": "Point",
        "coordinates": [
          -114.01715864063243,
          46.69693856598357
        ]
      }
    },
    {
      "type": "Feature",
      "properties": {
        "file": "leg01_m003_b329_2026-06-17T10-37-15.jpg",
        "leg": "leg01",
        "mark_index": 3,
        "along_track_m": 3.0,
        "achieved_heading": 46.24181936318238,
        "target_bearing": 329.87173278684946,
        "fix_type": 6,
        "hacc_m": 0.014,
        "corrupt": false,
        "position_interpolated": true,
        "captured_at_utc": "2026-06-17T16:37:15.742984+00:00"
      },
      "geometry": {
        "type": "Point",
        "coordinates": [
          -114.01720119999999,
          46.6969334
        ]
      }
    },
    {
      "type": "Feature",
      "properties": {
        "file": "leg01_m004_b329_2026-06-17T10-37-16.jpg",
        "leg": "leg01",
        "mark_index": 4,
        "along_track_m": 4.0,
        "achieved_heading": 10.17630339931855,
        "target_bearing": 329.87173278684946,
        "fix_type": 6,
        "hacc_m": 0.014,
        "corrupt": false,
        "position_interpolated": true,
        "captured_at_utc": "2026-06-17T16:37:16.866771+00:00"
      },
      "geometry": {
        "type": "Point",
        "coordinates": [
          -114.0172063,
          46.696940999999995
        ]
      }
    },
    {
      "type": "Feature",
      "properties": {
        "file": "leg01_m005_b329_2026-06-17T10-37-17.jpg",
        "leg": "leg01",
        "mark_index": 5,
        "along_track_m": 5.0,
        "achieved_heading": -0.22568807550203127,
        "target_bearing": 329.87173278684946,
        "fix_type": 6,
        "hacc_m": 0.014,
        "corrupt": false,
        "position_interpolated": true,
        "captured_at_utc": "2026-06-17T16:37:17.930414+00:00"
      },
      "geometry": {
        "type": "Point",
        "coordinates": [
          -114.01720580429907,
          46.696951061308425
        ]
      }
    },
    {
      "type": "Feature",
      "properties": {
        "file": "leg01_m006_b329_2026-06-17T10-37-19.jpg",
        "leg": "leg01",
        "mark_index": 6,
        "along_track_m": 6.0,
        "achieved_heading": 17.582413154959085,
        "target_bearing": 329.87173278684946,
        "fix_type": 6,
        "hacc_m": 0.014,
        "corrupt": false,
        "position_interpolated": true,
        "captured_at_utc": "2026-06-17T16:37:19.321992+00:00"
      },
      "geometry": {
        "type": "Point",
        "coordinates": [
          -114.01720578134045,
          46.69696268804269
        ]
      }
    },
    {
      "type": "Feature",
      "properties": {
        "file": "leg01_m007_b329_2026-06-17T10-37-20.jpg",
        "leg": "leg01",
        "mark_index": 7,
        "along_track_m": 7.0,
        "achieved_heading": 332.783944280118,
        "target_bearing": 329.87173278684946,
        "fix_type": 6,
        "hacc_m": 0.014,
        "corrupt": false,
        "position_interpolated": true,
        "captured_at_utc": "2026-06-17T16:37:20.024753+00:00"
      },
      "geometry": {
        "type": "Point",
        "coordinates": [
          -114.01720797158417,
          46.69696884316836
        ]
      }
    },
    {
      "type": "Feature",
      "properties": {
        "file": "leg01_m008_b329_2026-06-17T10-37-21.jpg",
        "leg": "leg01",
        "mark_index": 8,
        "along_track_m": 8.0,
        "achieved_heading": 329.18405045331104,
        "target_bearing": 329.87173278684946,
        "fix_type": 6,
        "hacc_m": 0.014,
        "corrupt": false,
        "position_interpolated": true,
        "captured_at_utc": "2026-06-17T16:37:21.156282+00:00"
      },
      "geometry": {
        "type": "Point",
        "coordinates": [
          -114.01721293538408,
          46.69697785146777
        ]
      }
    },
    {
      "type": "Feature",
      "properties": {
        "file": "leg01_m009_b329_2026-06-17T10-37-22.jpg",
        "leg": "leg01",
        "mark_index": 9,
        "along_track_m": 9.0,
        "achieved_heading": 328.55156234326614,
        "target_bearing": 329.87173278684946,
        "fix_type": 6,
        "hacc_m": 0.014,
        "corrupt": false,
        "position_interpolated": true,
        "captured_at_utc": "2026-06-17T16:37:22.546242+00:00"
      },
      "geometry": {
        "type": "Point",
        "coordinates": [
          -114.01721998013608,
          46.696988469100575
        ]
      }
    },
    {
      "type": "Feature",
      "properties": {
        "file": "leg01_m010_b329_2026-06-17T10-37-23.jpg",
        "leg": "leg01",
        "mark_index": 10,
        "along_track_m": 10.0,
        "achieved_heading": 327.2080653647621,
        "target_bearing": 329.87173278684946,
        "fix_type": 6,
        "hacc_m": 0.014,
        "corrupt": false,
        "position_interpolated": true,
        "captured_at_utc": "2026-06-17T16:37:23.590566+00:00"
      },
      "geometry": {
        "type": "Point",
        "coordinates": [
          -114.01722529999999,
          46.696996299999995
        ]
      }
    },
    {
      "type": "Feature",
      "properties": {
        "file": "leg01_m011_b329_2026-06-17T10-37-24.jpg",
        "leg": "leg01",
        "mark_index": 11,
        "along_track_m": 11.0,
        "achieved_heading": 326.46340286915535,
        "target_bearing": 329.87173278684946,
        "fix_type": 6,
        "hacc_m": 0.014,
        "corrupt": false,
        "position_interpolated": true,
        "captured_at_utc": "2026-06-17T16:37:24.438322+00:00"
      },
      "geometry": {
        "type": "Point",
        "coordinates": [
          -114.01722982602,
          46.69700352973715
        ]
      }
    },
    {
      "type": "Feature",
      "properties": {
        "file": "leg01_m012_b329_2026-06-17T10-37-25.jpg",
        "leg": "leg01",
        "mark_index": 12,
        "along_track_m": 12.0,
        "achieved_heading": 322.73364615070955,
        "target_bearing": 329.87173278684946,
        "fix_type": 6,
        "hacc_m": 0.014,
        "corrupt": false,
        "position_interpolated": true,
        "captured_at_utc": "2026-06-17T16:37:25.630963+00:00"
      },
      "geometry": {
        "type": "Point",
        "coordinates": [
          -114.01723685675488,
          46.697012356754875
        ]
      }
    },
    {
      "type": "Feature",
      "properties": {
        "file": "leg01_m013_b329_2026-06-17T10-37-26.jpg",
        "leg": "leg01",
        "mark_index": 13,
        "along_track_m": 13.0,
        "achieved_heading": 323.5224149411556,
        "target_bearing": 329.87173278684946,
        "fix_type": 6,
        "hacc_m": 0.014,
        "corrupt": false,
        "position_interpolated": true,
        "captured_at_utc": "2026-06-17T16:37:26.603489+00:00"
      },
      "geometry": {
        "type": "Point",
        "coordinates": [
          -114.01724315371649,
          46.69701960424744
        ]
      }
    },
    {
      "type": "Feature",
      "properties": {
        "file": "leg01_m014_b329_2026-06-17T10-37-27.jpg",
        "leg": "leg01",
        "mark_index": 14,
        "along_track_m": 14.0,
        "achieved_heading": 326.5115280481566,
        "target_bearing": 329.87173278684946,
        "fix_type": 6,
        "hacc_m": 0.014,
        "corrupt": false,
        "position_interpolated": true,
        "captured_at_utc": "2026-06-17T16:37:27.715854+00:00"
      },
      "geometry": {
        "type": "Point",
        "coordinates": [
          -114.01725034212376,
          46.69702831957001
        ]
      }
    },
    {
      "type": "Feature",
      "properties": {
        "file": "leg01_m015_b329_2026-06-17T10-37-28.jpg",
        "leg": "leg01",
        "mark_index": 15,
        "along_track_m": 15.0,
        "achieved_heading": 326.6965935107803,
        "target_bearing": 329.87173278684946,
        "fix_type": 6,
        "hacc_m": 0.014,
        "corrupt": false,
        "position_interpolated": true,
        "captured_at_utc": "2026-06-17T16:37:28.700709+00:00"
      },
      "geometry": {
        "type": "Point",
        "coordinates": [
          -114.01725625688036,
          46.6970359758405
        ]
      }
    },
    {
      "type": "Feature",
      "properties": {
        "file": "leg01_m016_b329_2026-06-17T10-37-29.jpg",
        "leg": "leg01",
        "mark_index": 16,
        "along_track_m": 16.0,
        "achieved_heading": 326.92891488947845,
        "target_bearing": 329.87173278684946,
        "fix_type": 6,
        "hacc_m": 0.014,
        "corrupt": false,
        "position_interpolated": true,
        "captured_at_utc": "2026-06-17T16:37:29.756083+00:00"
      },
      "geometry": {
        "type": "Point",
        "coordinates": [
          -114.0172623,
          46.697044
        ]
      }
    },
    {
      "type": "Feature",
      "properties": {
        "file": "leg01_m017_b329_2026-06-17T10-37-30.jpg",
        "leg": "leg01",
        "mark_index": 17,
        "along_track_m": 17.0,
        "achieved_heading": 325.8435004942276,
        "target_bearing": 329.87173278684946,
        "fix_type": 6,
        "hacc_m": 0.014,
        "corrupt": false,
        "position_interpolated": true,
        "captured_at_utc": "2026-06-17T16:37:30.752160+00:00"
      },
      "geometry": {
        "type": "Point",
        "coordinates": [
          -114.01726787060483,
          46.69705175002821
        ]
      }
    },
    {
      "type": "Feature",
      "properties": {
        "file": "leg01_m018_b329_2026-06-17T10-37-31.jpg",
        "leg": "leg01",
        "mark_index": 18,
        "along_track_m": 18.0,
        "achieved_heading": 323.1795713990854,
        "target_bearing": 329.87173278684946,
        "fix_type": 6,
        "hacc_m": 0.014,
        "corrupt": false,
        "position_interpolated": true,
        "captured_at_utc": "2026-06-17T16:37:31.368472+00:00"
      },
      "geometry": {
        "type": "Point",
        "coordinates": [
          -114.01727160723429,
          46.6970566072343
        ]
      }
    },
    {
      "type": "Feature",
      "properties": {
        "file": "leg01_m019_b329_2026-06-17T10-37-32.jpg",
        "leg": "leg01",
        "mark_index": 19,
        "along_track_m": 19.0,
        "achieved_heading": 323.96696390414513,
        "target_bearing": 329.87173278684946,
        "fix_type": 6,
        "hacc_m": 0.014,
        "corrupt": false,
        "position_interpolated": true,
        "captured_at_utc": "2026-06-17T16:37:32.833759+00:00"
      },
      "geometry": {
        "type": "Point",
        "coordinates": [
          -114.01728125157898,
          46.69706738947373
        ]
      }
    },
    {
      "type": "Feature",
      "properties": {
        "file": "leg01_m020_b329_2026-06-17T10-37-34.jpg",
        "leg": "leg01",
        "mark_index": 20,
        "along_track_m": 20.0,
        "achieved_heading": 324.46157501802725,
        "target_bearing": 329.87173278684946,
        "fix_type": 6,
        "hacc_m": 0.014,
        "corrupt": false,
        "position_interpolated": true,
        "captured_at_utc": "2026-06-17T16:37:33.945901+00:00"
      },
      "geometry": {
        "type": "Point",
        "coordinates": [
          -114.0172884,
          46.6970758
        ]
      }
    },
    {
      "type": "Feature",
      "properties": {
        "file": "leg01_m021_b329_2026-06-17T10-37-35.jpg",
        "leg": "leg01",
        "mark_index": 21,
        "along_track_m": 21.0,
        "achieved_heading": 325.423707906467,
        "target_bearing": 329.87173278684946,
        "fix_type": 6,
        "hacc_m": 0.014,
        "corrupt": false,
        "position_interpolated": true,
        "captured_at_utc": "2026-06-17T16:37:34.936991+00:00"
      },
      "geometry": {
        "type": "Point",
        "coordinates": [
          -114.01729478046465,
          46.69708337558081
        ]
      }
    },
    {
      "type": "Feature",
      "properties": {
        "file": "leg01_m022_b329_2026-06-17T10-37-36.jpg",
        "leg": "leg01",
        "mark_index": 22,
        "along_track_m": 22.0,
        "achieved_heading": 325.5069580443891,
        "target_bearing": 329.87173278684946,
        "fix_type": 6,
        "hacc_m": 0.014,
        "corrupt": false,
        "position_interpolated": true,
        "captured_at_utc": "2026-06-17T16:37:35.976398+00:00"
      },
      "geometry": {
        "type": "Point",
        "coordinates": [
          -114.0173008,
          46.697091
        ]
      }
    },
    {
      "type": "Feature",
      "properties": {
        "file": "leg01_m023_b329_2026-06-17T10-37-36.jpg",
        "leg": "leg01",
        "mark_index": 23,
        "along_track_m": 23.0,
        "achieved_heading": 323.69637954749516,
        "target_bearing": 329.87173278684946,
        "fix_type": 6,
        "hacc_m": 0.014,
        "corrupt": false,
        "position_interpolated": true,
        "captured_at_utc": "2026-06-17T16:37:36.968754+00:00"
      },
      "geometry": {
        "type": "Point",
        "coordinates": [
          -114.0173071,
          46.6970987
        ]
      }
    },
    {
      "type": "Feature",
      "properties": {
        "file": "leg01_m024_b329_2026-06-17T10-37-38.jpg",
        "leg": "leg01",
        "mark_index": 24,
        "along_track_m": 24.0,
        "achieved_heading": 324.5827894823507,
        "target_bearing": 329.87173278684946,
        "fix_type": 6,
        "hacc_m": 0.014,
        "corrupt": false,
        "position_interpolated": true,
        "captured_at_utc": "2026-06-17T16:37:38.009069+00:00"
      },
      "geometry": {
        "type": "Point",
        "coordinates": [
          -114.0173133,
          46.6971065
        ]
      }
    },
    {
      "type": "Feature",
      "properties": {
        "file": "leg01_m025_b329_2026-06-17T10-37-38.jpg",
        "leg": "leg01",
        "mark_index": 25,
        "along_track_m": 25.0,
        "achieved_heading": 323.65318314751676,
        "target_bearing": 329.87173278684946,
        "fix_type": 6,
        "hacc_m": 0.014,
        "corrupt": false,
        "position_interpolated": true,
        "captured_at_utc": "2026-06-17T16:37:38.929514+00:00"
      },
      "geometry": {
        "type": "Point",
        "coordinates": [
          -114.0173197,
          46.697114
        ]
      }
    },
    {
      "type": "Feature",
      "properties": {
        "file": "leg01_m026_b329_2026-06-17T10-37-39.jpg",
        "leg": "leg01",
        "mark_index": 26,
        "along_track_m": 26.0,
        "achieved_heading": 323.9612814571159,
        "target_bearing": 329.87173278684946,
        "fix_type": 6,
        "hacc_m": 0.014,
        "corrupt": false,
        "position_interpolated": true,
        "captured_at_utc": "2026-06-17T16:37:39.964735+00:00"
      },
      "geometry": {
        "type": "Point",
        "coordinates": [
          -114.01732659999999,
          46.697121599999996
        ]
      }
    },
    {
      "type": "Feature",
      "properties": {
        "file": "leg01_m027_b329_2026-06-17T10-37-41.jpg",
        "leg": "leg01",
        "mark_index": 27,
        "along_track_m": 27.0,
        "achieved_heading": 323.73969443322915,
        "target_bearing": 329.87173278684946,
        "fix_type": 6,
        "hacc_m": 0.014,
        "corrupt": false,
        "position_interpolated": true,
        "captured_at_utc": "2026-06-17T16:37:41.090575+00:00"
      },
      "geometry": {
        "type": "Point",
        "coordinates": [
          -114.01733379222344,
          46.69713006309655
        ]
      }
    },
    {
      "type": "Feature",
      "properties": {
        "file": "leg01_m028_b329_2026-06-17T10-37-42.jpg",
        "leg": "leg01",
        "mark_index": 28,
        "along_track_m": 28.0,
        "achieved_heading": 324.88212769138755,
        "target_bearing": 329.87173278684946,
        "fix_type": 6,
        "hacc_m": 0.014,
        "corrupt": false,
        "position_interpolated": true,
        "captured_at_utc": "2026-06-17T16:37:42.082171+00:00"
      },
      "geometry": {
        "type": "Point",
        "coordinates": [
          -114.01734045683548,
          46.69713775683549
        ]
      }
    },
    {
      "type": "Feature",
      "properties": {
        "file": "leg01_m029_b329_2026-06-17T10-37-43.jpg",
        "leg": "leg01",
        "mark_index": 29,
        "along_track_m": 29.0,
        "achieved_heading": 324.3313687062922,
        "target_bearing": 329.87173278684946,
        "fix_type": 6,
        "hacc_m": 0.014,
        "corrupt": false,
        "position_interpolated": true,
        "captured_at_utc": "2026-06-17T16:37:43.200329+00:00"
      },
      "geometry": {
        "type": "Point",
        "coordinates": [
          -114.01734739999999,
          46.6971456
        ]
      }
    },
    {
      "type": "Feature",
      "properties": {
        "file": "leg01_m030_b329_2026-06-17T10-37-44.jpg",
        "leg": "leg01",
        "mark_index": 30,
        "along_track_m": 30.0,
        "achieved_heading": 326.10368994364615,
        "target_bearing": 329.87173278684946,
        "fix_type": 6,
        "hacc_m": 0.014,
        "corrupt": false,
        "position_interpolated": true,
        "captured_at_utc": "2026-06-17T16:37:44.104223+00:00"
      },
      "geometry": {
        "type": "Point",
        "coordinates": [
          -114.01735365098686,
          46.697152726480304
        ]
      }
    },
    {
      "type": "Feature",
      "properties": {
        "file": "leg01_m031_b329_2026-06-17T10-37-45.jpg",
        "leg": "leg01",
        "mark_index": 31,
        "along_track_m": 31.0,
        "achieved_heading": 327.0582794733052,
        "target_bearing": 329.87173278684946,
        "fix_type": 6,
        "hacc_m": 0.014,
        "corrupt": false,
        "position_interpolated": true,
        "captured_at_utc": "2026-06-17T16:37:45.154226+00:00"
      },
      "geometry": {
        "type": "Point",
        "coordinates": [
          -114.01736029999999,
          46.6971607
        ]
      }
    },
    {
      "type": "Feature",
      "properties": {
        "file": "leg01_m032_b329_2026-06-17T10-37-46.jpg",
        "leg": "leg01",
        "mark_index": 32,
        "along_track_m": 32.0,
        "achieved_heading": 326.2540529366295,
        "target_bearing": 329.87173278684946,
        "fix_type": 6,
        "hacc_m": 0.014,
        "corrupt": false,
        "position_interpolated": true,
        "captured_at_utc": "2026-06-17T16:37:46.062295+00:00"
      },
      "geometry": {
        "type": "Point",
        "coordinates": [
          -114.01736604118891,
          46.69716779092832
        ]
      }
    },
    {
      "type": "Feature",
      "properties": {
        "file": "leg01_m033_b329_2026-06-17T10-37-47.jpg",
        "leg": "leg01",
        "mark_index": 33,
        "along_track_m": 33.0,
        "achieved_heading": 325.81525643574093,
        "target_bearing": 329.87173278684946,
        "fix_type": 6,
        "hacc_m": 0.014,
        "corrupt": false,
        "position_interpolated": true,
        "captured_at_utc": "2026-06-17T16:37:47.185105+00:00"
      },
      "geometry": {
        "type": "Point",
        "coordinates": [
          -114.01737299999999,
          46.6971758
        ]
      }
    },
    {
      "type": "Feature",
      "properties": {
        "file": "leg01_m034_b329_2026-06-17T10-37-48.jpg",
        "leg": "leg01",
        "mark_index": 34,
        "along_track_m": 34.0,
        "achieved_heading": 326.4201731137713,
        "target_bearing": 329.87173278684946,
        "fix_type": 6,
        "hacc_m": 0.014,
        "corrupt": false,
        "position_interpolated": true,
        "captured_at_utc": "2026-06-17T16:37:48.245644+00:00"
      },
      "geometry": {
        "type": "Point",
        "coordinates": [
          -114.01737943599107,
          46.697184131680636
        ]
      }
    },
    {
      "type": "Feature",
      "properties": {
        "file": "leg01_m035_b329_2026-06-17T10-37-49.jpg",
        "leg": "leg01",
        "mark_index": 35,
        "along_track_m": 35.0,
        "achieved_heading": 325.7300802960171,
        "target_bearing": 329.87173278684946,
        "fix_type": 6,
        "hacc_m": 0.014,
        "corrupt": false,
        "position_interpolated": true,
        "captured_at_utc": "2026-06-17T16:37:49.294899+00:00"
      },
      "geometry": {
        "type": "Point",
        "coordinates": [
          -114.01738601828508,
          46.69719257494433
        ]
      }
    },
    {
      "type": "Feature",
      "properties": {
        "file": "leg01_m036_b329_2026-06-17T10-37-50.jpg",
        "leg": "leg01",
        "mark_index": 36,
        "along_track_m": 36.0,
        "achieved_heading": 324.6428410981919,
        "target_bearing": 329.87173278684946,
        "fix_type": 6,
        "hacc_m": 0.014,
        "corrupt": false,
        "position_interpolated": true,
        "captured_at_utc": "2026-06-17T16:37:50.334922+00:00"
      },
      "geometry": {
        "type": "Point",
        "coordinates": [
          -114.01739278573193,
          46.697200383137734
        ]
      }
    },
    {
      "type": "Feature",
      "properties": {
        "file": "leg01_m037_b329_2026-06-17T10-37-51.jpg",
        "leg": "leg01",
        "mark_index": 37,
        "along_track_m": 37.0,
        "achieved_heading": 324.57656629049455,
        "target_bearing": 329.87173278684946,
        "fix_type": 6,
        "hacc_m": 0.014,
        "corrupt": false,
        "position_interpolated": true,
        "captured_at_utc": "2026-06-17T16:37:51.386987+00:00"
      },
      "geometry": {
        "type": "Point",
        "coordinates": [
          -114.0173995,
          46.697207899999995
        ]
      }
    },
    {
      "type": "Feature",
      "properties": {
        "file": "leg01_m038_b329_2026-06-17T10-37-52.jpg",
        "leg": "leg01",
        "mark_index": 38,
        "along_track_m": 38.0,
        "achieved_heading": 325.74426019366445,
        "target_bearing": 329.87173278684946,
        "fix_type": 6,
        "hacc_m": 0.014,
        "corrupt": false,
        "position_interpolated": true,
        "captured_at_utc": "2026-06-17T16:37:52.301082+00:00"
      },
      "geometry": {
        "type": "Point",
        "coordinates": [
          -114.01740561865266,
          46.69721547846017
        ]
      }
    },
    {
      "type": "Feature",
      "properties": {
        "file": "leg01_m039_b329_2026-06-17T10-37-53.jpg",
        "leg": "leg01",
        "mark_index": 39,
        "along_track_m": 39.0,
        "achieved_heading": 325.0764529390644,
        "target_bearing": 329.87173278684946,
        "fix_type": 6,
        "hacc_m": 0.014,
        "corrupt": false,
        "position_interpolated": true,
        "captured_at_utc": "2026-06-17T16:37:53.356236+00:00"
      },
      "geometry": {
        "type": "Point",
        "coordinates": [
          -114.0174124,
          46.6972234
        ]
      }
    },
    {
      "type": "Feature",
      "properties": {
        "file": "leg01_m040_b329_2026-06-17T10-37-54.jpg",
        "leg": "leg01",
        "mark_index": 40,
        "along_track_m": 40.0,
        "achieved_heading": 324.8918919395818,
        "target_bearing": 329.87173278684946,
        "fix_type": 6,
        "hacc_m": 0.014,
        "corrupt": false,
        "position_interpolated": true,
        "captured_at_utc": "2026-06-17T16:37:54.257163+00:00"
      },
      "geometry": {
        "type": "Point",
        "coordinates": [
          -114.01741828979087,
          46.69723024620451
        ]
      }
    },
    {
      "type": "Feature",
      "properties": {
        "file": "leg01_m041_b329_2026-06-17T10-37-55.jpg",
        "leg": "leg01",
        "mark_index": 41,
        "along_track_m": 41.0,
        "achieved_heading": 326.72226648533115,
        "target_bearing": 329.87173278684946,
        "fix_type": 6,
        "hacc_m": 0.014,
        "corrupt": false,
        "position_interpolated": true,
        "captured_at_utc": "2026-06-17T16:37:55.373136+00:00"
      },
      "geometry": {
        "type": "Point",
        "coordinates": [
          -114.01742519999999,
          46.697238299999995
        ]
      }
    },
    {
      "type": "Feature",
      "properties": {
        "file": "leg01_m042_b329_2026-06-17T10-37-56.jpg",
        "leg": "leg01",
        "mark_index": 42,
        "along_track_m": 42.0,
        "achieved_heading": 327.62721570171135,
        "target_bearing": 329.87173278684946,
        "fix_type": 6,
        "hacc_m": 0.014,
        "corrupt": false,
        "position_interpolated": true,
        "captured_at_utc": "2026-06-17T16:37:56.356101+00:00"
      },
      "geometry": {
        "type": "Point",
        "coordinates": [
          -114.0174315,
          46.6972461
        ]
      }
    },
    {
      "type": "Feature",
      "properties": {
        "file": "leg01_m043_b329_2026-06-17T10-37-57.jpg",
        "leg": "leg01",
        "mark_index": 43,
        "along_track_m": 43.0,
        "achieved_heading": 326.5309613764362,
        "target_bearing": 329.87173278684946,
        "fix_type": 6,
        "hacc_m": 0.014,
        "corrupt": false,
        "position_interpolated": true,
        "captured_at_utc": "2026-06-17T16:37:57.432633+00:00"
      },
      "geometry": {
        "type": "Point",
        "coordinates": [
          -114.01743843340296,
          46.69725457957288
        ]
      }
    },
    {
      "type": "Feature",
      "properties": {
        "file": "leg01_m044_b329_2026-06-17T10-37-58.jpg",
        "leg": "leg01",
        "mark_index": 44,
        "along_track_m": 44.0,
        "achieved_heading": 325.6810566967894,
        "target_bearing": 329.87173278684946,
        "fix_type": 6,
        "hacc_m": 0.014,
        "corrupt": false,
        "position_interpolated": true,
        "captured_at_utc": "2026-06-17T16:37:58.518549+00:00"
      },
      "geometry": {
        "type": "Point",
        "coordinates": [
          -114.01744483866526,
          46.69726239466487
        ]
      }
    },
    {
      "type": "Feature",
      "properties": {
        "file": "leg01_m045_b329_2026-06-17T10-37-59.jpg",
        "leg": "leg01",
        "mark_index": 45,
        "along_track_m": 45.0,
        "achieved_heading": 324.0655164771338,
        "target_bearing": 329.87173278684946,
        "fix_type": 6,
        "hacc_m": 0.014,
        "corrupt": false,
        "position_interpolated": true,
        "captured_at_utc": "2026-06-17T16:37:59.520943+00:00"
      },
      "geometry": {
        "type": "Point",
        "coordinates": [
          -114.017451726493,
          46.69726999586509
        ]
      }
    },
    {
      "type": "Feature",
      "properties": {
        "file": "leg01_m046_b329_2026-06-17T10-38-00.jpg",
        "leg": "leg01",
        "mark_index": 46,
        "along_track_m": 46.0,
        "achieved_heading": 325.92897049052266,
        "target_bearing": 329.87173278684946,
        "fix_type": 6,
        "hacc_m": 0.014,
        "corrupt": false,
        "position_interpolated": true,
        "captured_at_utc": "2026-06-17T16:38:00.622706+00:00"
      },
      "geometry": {
        "type": "Point",
        "coordinates": [
          -114.01745849999999,
          46.6972775
        ]
      }
    },
    {
      "type": "Feature",
      "properties": {
        "file": "leg01_m047_b329_2026-06-17T10-38-01.jpg",
        "leg": "leg01",
        "mark_index": 47,
        "along_track_m": 47.0,
        "achieved_heading": 326.68438631100713,
        "target_bearing": 329.87173278684946,
        "fix_type": 6,
        "hacc_m": 0.014,
        "corrupt": false,
        "position_interpolated": true,
        "captured_at_utc": "2026-06-17T16:38:01.547394+00:00"
      },
      "geometry": {
        "type": "Point",
        "coordinates": [
          -114.0174648,
          46.697285099999995
        ]
      }
    },
    {
      "type": "Feature",
      "properties": {
        "file": "leg01_m048_b329_2026-06-17T10-38-02.jpg",
        "leg": "leg01",
        "mark_index": 48,
        "along_track_m": 48.0,
        "achieved_heading": 326.7928518873,
        "target_bearing": 329.87173278684946,
        "fix_type": 6,
        "hacc_m": 0.014,
        "corrupt": false,
        "position_interpolated": true,
        "captured_at_utc": "2026-06-17T16:38:02.729806+00:00"
      },
      "geometry": {
        "type": "Point",
        "coordinates": [
          -114.01747179537708,
          46.69729394782122
        ]
      }
    },
    {
      "type": "Feature",
      "properties": {
        "file": "leg01_m049_b329_2026-06-17T10-38-03.jpg",
        "leg": "leg01",
        "mark_index": 49,
        "along_track_m": 49.0,
        "achieved_heading": 325.52567898061295,
        "target_bearing": 329.87173278684946,
        "fix_type": 6,
        "hacc_m": 0.014,
        "corrupt": false,
        "position_interpolated": true,
        "captured_at_utc": "2026-06-17T16:38:03.642002+00:00"
      },
      "geometry": {
        "type": "Point",
        "coordinates": [
          -114.01747785566185,
          46.69730106493882
        ]
      }
    },
    {
      "type": "Feature",
      "properties": {
        "file": "leg01_m050_b329_2026-06-17T10-38-04.jpg",
        "leg": "leg01",
        "mark_index": 50,
        "along_track_m": 50.0,
        "achieved_heading": 329.93224547631337,
        "target_bearing": 329.87173278684946,
        "fix_type": 6,
        "hacc_m": 0.014,
        "corrupt": false,
        "position_interpolated": true,
        "captured_at_utc": "2026-06-17T16:38:04.844779+00:00"
      },
      "geometry": {
        "type": "Point",
        "coordinates": [
          -114.01748479999999,
          46.6973092
        ]
      }
    },
    {
      "type": "Feature",
      "properties": {
        "file": "leg01_m051_b329_2026-06-17T10-38-05.jpg",
        "leg": "leg01",
        "mark_index": 51,
        "along_track_m": 50.505,
        "achieved_heading": 333.5532678534761,
        "target_bearing": 329.87173278684946,
        "fix_type": 6,
        "hacc_m": 0.014,
        "corrupt": false,
        "position_interpolated": true,
        "captured_at_utc": "2026-06-17T16:38:05.177449+00:00"
      },
      "geometry": {
        "type": "Point",
        "coordinates": [
          -114.01748669999999,
          46.6973124
        ]
      }
    },
    {
      "type": "Feature",
      "properties": {
        "file": "leg02_m000_b059_2026-06-17T10-38-09.jpg",
        "leg": "leg02",
        "mark_index": 0,
        "along_track_m": 0.0,
        "achieved_heading": 58.81202337480021,
        "target_bearing": 59.7137812630566,
        "fix_type": 6,
        "hacc_m": 0.014,
        "corrupt": false,
        "position_interpolated": true,
        "captured_at_utc": "2026-06-17T16:38:09.523167+00:00"
      },
      "geometry": {
        "type": "Point",
        "coordinates": [
          -114.01748879633095,
          46.697315196330955
        ]
      }
    },
    {
      "type": "Feature",
      "properties": {
        "file": "leg02_m001_b059_2026-06-17T10-38-11.jpg",
        "leg": "leg02",
        "mark_index": 1,
        "along_track_m": 1.0,
        "achieved_heading": 54.56886983139987,
        "target_bearing": 59.7137812630566,
        "fix_type": 6,
        "hacc_m": 0.014,
        "corrupt": false,
        "position_interpolated": true,
        "captured_at_utc": "2026-06-17T16:38:11.279637+00:00"
      },
      "geometry": {
        "type": "Point",
        "coordinates": [
          -114.01747591125786,
          46.697320944371064
        ]
      }
    },
    {
      "type": "Feature",
      "properties": {
        "file": "leg02_m002_b059_2026-06-17T10-38-12.jpg",
        "leg": "leg02",
        "mark_index": 2,
        "along_track_m": 2.0,
        "achieved_heading": 55.999774628959585,
        "target_bearing": 59.7137812630566,
        "fix_type": 6,
        "hacc_m": 0.014,
        "corrupt": false,
        "position_interpolated": true,
        "captured_at_utc": "2026-06-17T16:38:12.392202+00:00"
      },
      "geometry": {
        "type": "Point",
        "coordinates": [
          -114.01746539999999,
          46.6973255
        ]
      }
    },
    {
      "type": "Feature",
      "properties": {
        "file": "leg02_m003_b059_2026-06-17T10-38-13.jpg",
        "leg": "leg02",
        "mark_index": 3,
        "along_track_m": 3.0,
        "achieved_heading": 59.4268643847551,
        "target_bearing": 59.7137812630566,
        "fix_type": 6,
        "hacc_m": 0.014,
        "corrupt": false,
        "position_interpolated": true,
        "captured_at_utc": "2026-06-17T16:38:13.514331+00:00"
      },
      "geometry": {
        "type": "Point",
        "coordinates": [
          -114.01745303453012,
          46.69733011065519
        ]
      }
    },
    {
      "type": "Feature",
      "properties": {
        "file": "leg02_m004_b059_2026-06-17T10-38-14.jpg",
        "leg": "leg02",
        "mark_index": 4,
        "along_track_m": 4.0,
        "achieved_heading": 63.4218920188824,
        "target_bearing": 59.7137812630566,
        "fix_type": 6,
        "hacc_m": 0.014,
        "corrupt": false,
        "position_interpolated": true,
        "captured_at_utc": "2026-06-17T16:38:14.628517+00:00"
      },
      "geometry": {
        "type": "Point",
        "coordinates": [
          -114.0174421,
          46.697333699999994
        ]
      }
    },
    {
      "type": "Feature",
      "properties": {
        "file": "leg02_m005_b059_2026-06-17T10-38-15.jpg",
        "leg": "leg02",
        "mark_index": 5,
        "along_track_m": 4.75,
        "achieved_heading": 65.45090745877917,
        "target_bearing": 59.7137812630566,
        "fix_type": 6,
        "hacc_m": 0.014,
        "corrupt": false,
        "position_interpolated": true,
        "captured_at_utc": "2026-06-17T16:38:15.393176+00:00"
      },
      "geometry": {
        "type": "Point",
        "coordinates": [
          -114.0174332,
          46.6973365
        ]
      }
    },
    {
      "type": "Feature",
      "properties": {
        "file": "leg03_m000_b149_2026-06-17T10-38-20.jpg",
        "leg": "leg03",
        "mark_index": 0,
        "along_track_m": 0.0,
        "achieved_heading": 146.91146846040155,
        "target_bearing": 149.87153124960474,
        "fix_type": 6,
        "hacc_m": 0.014,
        "corrupt": false,
        "position_interpolated": true,
        "captured_at_utc": "2026-06-17T16:38:20.228557+00:00"
      },
      "geometry": {
        "type": "Point",
        "coordinates": [
          -114.01742879999999,
          46.697337499999996
        ]
      }
    },
    {
      "type": "Feature",
      "properties": {
        "file": "leg03_m001_b149_2026-06-17T10-38-21.jpg",
        "leg": "leg03",
        "mark_index": 1,
        "along_track_m": 1.0,
        "achieved_heading": 148.8241734678868,
        "target_bearing": 149.87153124960474,
        "fix_type": 6,
        "hacc_m": 0.014,
        "corrupt": false,
        "position_interpolated": true,
        "captured_at_utc": "2026-06-17T16:38:21.836920+00:00"
      },
      "geometry": {
        "type": "Point",
        "coordinates": [
          -114.01742245120663,
          46.69732870187697
        ]
      }
    },
    {
      "type": "Feature",
      "properties": {
        "file": "leg03_m002_b149_2026-06-17T10-38-23.jpg",
        "leg": "leg03",
        "mark_index": 2,
        "along_track_m": 2.0,
        "achieved_heading": 145.80474318332685,
        "target_bearing": 149.87153124960474,
        "fix_type": 6,
        "hacc_m": 0.014,
        "corrupt": false,
        "position_interpolated": true,
        "captured_at_utc": "2026-06-17T16:38:22.965020+00:00"
      },
      "geometry": {
        "type": "Point",
        "coordinates": [
          -114.0174163,
          46.6973205
        ]
      }
    },
    {
      "type": "Feature",
      "properties": {
        "file": "leg03_m003_b149_2026-06-17T10-38-24.jpg",
        "leg": "leg03",
        "mark_index": 3,
        "along_track_m": 3.0,
        "achieved_heading": 143.62274801213013,
        "target_bearing": 149.87153124960474,
        "fix_type": 6,
        "hacc_m": 0.014,
        "corrupt": false,
        "position_interpolated": true,
        "captured_at_utc": "2026-06-17T16:38:24.084453+00:00"
      },
      "geometry": {
        "type": "Point",
        "coordinates": [
          -114.017409762696,
          46.69731238359468
        ]
      }
    },
    {
      "type": "Feature",
      "properties": {
        "file": "leg03_m004_b149_2026-06-17T10-38-25.jpg",
        "leg": "leg03",
        "mark_index": 4,
        "along_track_m": 4.0,
        "achieved_heading": 143.23195799701026,
        "target_bearing": 149.87153124960474,
        "fix_type": 6,
        "hacc_m": 0.014,
        "corrupt": false,
        "position_interpolated": true,
        "captured_at_utc": "2026-06-17T16:38:25.133864+00:00"
      },
      "geometry": {
        "type": "Point",
        "coordinates": [
          -114.0174033982839,
          46.697305016153706
        ]
      }
    },
    {
      "type": "Feature",
      "properties": {
        "file": "leg03_m005_b149_2026-06-17T10-38-26.jpg",
        "leg": "leg03",
        "mark_index": 5,
        "along_track_m": 5.0,
        "achieved_heading": 143.50413952549377,
        "target_bearing": 149.87153124960474,
        "fix_type": 6,
        "hacc_m": 0.014,
        "corrupt": false,
        "position_interpolated": true,
        "captured_at_utc": "2026-06-17T16:38:26.184819+00:00"
      },
      "geometry": {
        "type": "Point",
        "coordinates": [
          -114.0173968,
          46.6972978
        ]
      }
    },
    {
      "type": "Feature",
      "properties": {
        "file": "leg03_m006_b149_2026-06-17T10-38-27.jpg",
        "leg": "leg03",
        "mark_index": 6,
        "along_track_m": 6.0,
        "achieved_heading": 144.405571871618,
        "target_bearing": 149.87153124960474,
        "fix_type": 6,
        "hacc_m": 0.014,
        "corrupt": false,
        "position_interpolated": true,
        "captured_at_utc": "2026-06-17T16:38:27.311961+00:00"
      },
      "geometry": {
        "type": "Point",
        "coordinates": [
          -114.01738966227124,
          46.69728940283906
        ]
      }
    },
    {
      "type": "Feature",
      "properties": {
        "file": "leg03_m007_b149_2026-06-17T10-38-28.jpg",
        "leg": "leg03",
        "mark_index": 7,
        "along_track_m": 7.0,
        "achieved_heading": 145.41058696064871,
        "target_bearing": 149.87153124960474,
        "fix_type": 6,
        "hacc_m": 0.014,
        "corrupt": false,
        "position_interpolated": true,
        "captured_at_utc": "2026-06-17T16:38:28.421813+00:00"
      },
      "geometry": {
        "type": "Point",
        "coordinates": [
          -114.0173834,
          46.6972822
        ]
      }
    },
    {
      "type": "Feature",
      "properties": {
        "file": "leg03_m008_b149_2026-06-17T10-38-29.jpg",
        "leg": "leg03",
        "mark_index": 8,
        "along_track_m": 8.0,
        "achieved_heading": 145.53905764823702,
        "target_bearing": 149.87153124960474,
        "fix_type": 6,
        "hacc_m": 0.014,
        "corrupt": false,
        "position_interpolated": true,
        "captured_at_utc": "2026-06-17T16:38:29.470275+00:00"
      },
      "geometry": {
        "type": "Point",
        "coordinates": [
          -114.01737666796203,
          46.69727383676456
        ]
      }
    },
    {
      "type": "Feature",
      "properties": {
        "file": "leg03_m009_b149_2026-06-17T10-38-30.jpg",
        "leg": "leg03",
        "mark_index": 9,
        "along_track_m": 9.0,
        "achieved_heading": 144.539600058997,
        "target_bearing": 149.87153124960474,
        "fix_type": 6,
        "hacc_m": 0.014,
        "corrupt": false,
        "position_interpolated": true,
        "captured_at_utc": "2026-06-17T16:38:30.458316+00:00"
      },
      "geometry": {
        "type": "Point",
        "coordinates": [
          -114.01737066971481,
          46.69726644800062
        ]
      }
    },
    {
      "type": "Feature",
      "properties": {
        "file": "leg03_m010_b149_2026-06-17T10-38-31.jpg",
        "leg": "leg03",
        "mark_index": 10,
        "along_track_m": 10.0,
        "achieved_heading": 144.0491377388614,
        "target_bearing": 149.87153124960474,
        "fix_type": 6,
        "hacc_m": 0.014,
        "corrupt": false,
        "position_interpolated": true,
        "captured_at_utc": "2026-06-17T16:38:31.574875+00:00"
      },
      "geometry": {
        "type": "Point",
        "coordinates": [
          -114.0173638,
          46.6972586
        ]
      }
    },
    {
      "type": "Feature",
      "properties": {
        "file": "leg03_m011_b149_2026-06-17T10-38-32.jpg",
        "leg": "leg03",
        "mark_index": 11,
        "along_track_m": 11.0,
        "achieved_heading": 144.25461782522976,
        "target_bearing": 149.87153124960474,
        "fix_type": 6,
        "hacc_m": 0.014,
        "corrupt": false,
        "position_interpolated": true,
        "captured_at_utc": "2026-06-17T16:38:32.642177+00:00"
      },
      "geometry": {
        "type": "Point",
        "coordinates": [
          -114.0173573,
          46.6972513
        ]
      }
    },
    {
      "type": "Feature",
      "properties": {
        "file": "leg03_m012_b149_2026-06-17T10-38-34.jpg",
        "leg": "leg03",
        "mark_index": 12,
        "along_track_m": 12.0,
        "achieved_heading": 145.3594825778677,
        "target_bearing": 149.87153124960474,
        "fix_type": 6,
        "hacc_m": 0.014,
        "corrupt": false,
        "position_interpolated": true,
        "captured_at_utc": "2026-06-17T16:38:34.109284+00:00"
      },
      "geometry": {
        "type": "Point",
        "coordinates": [
          -114.01734859999999,
          46.697241399999996
        ]
      }
    },
    {
      "type": "Feature",
      "properties": {
        "file": "leg03_m013_b149_2026-06-17T10-38-35.jpg",
        "leg": "leg03",
        "mark_index": 13,
        "along_track_m": 13.0,
        "achieved_heading": 147.90488961654657,
        "target_bearing": 149.87153124960474,
        "fix_type": 6,
        "hacc_m": 0.014,
        "corrupt": false,
        "position_interpolated": true,
        "captured_at_utc": "2026-06-17T16:38:34.950239+00:00"
      },
      "geometry": {
        "type": "Point",
        "coordinates": [
          -114.0173434,
          46.6972345
        ]
      }
    },
    {
      "type": "Feature",
      "properties": {
        "file": "leg03_m014_b149_2026-06-17T10-38-36.jpg",
        "leg": "leg03",
        "mark_index": 14,
        "along_track_m": 14.0,
        "achieved_heading": 145.5870210821714,
        "target_bearing": 149.87153124960474,
        "fix_type": 6,
        "hacc_m": 0.014,
        "corrupt": false,
        "position_interpolated": true,
        "captured_at_utc": "2026-06-17T16:38:35.985749+00:00"
      },
      "geometry": {
        "type": "Point",
        "coordinates": [
          -114.01733779999999,
          46.6972271
        ]
      }
    },
    {
      "type": "Feature",
      "properties": {
        "file": "leg03_m015_b149_2026-06-17T10-38-36.jpg",
        "leg": "leg03",
        "mark_index": 15,
        "along_track_m": 15.0,
        "achieved_heading": 144.32712072274416,
        "target_bearing": 149.87153124960474,
        "fix_type": 6,
        "hacc_m": 0.014,
        "corrupt": false,
        "position_interpolated": true,
        "captured_at_utc": "2026-06-17T16:38:36.964605+00:00"
      },
      "geometry": {
        "type": "Point",
        "coordinates": [
          -114.0173313,
          46.6972197
        ]
      }
    },
    {
      "type": "Feature",
      "properties": {
        "file": "leg03_m016_b149_2026-06-17T10-38-38.jpg",
        "leg": "leg03",
        "mark_index": 16,
        "along_track_m": 16.0,
        "achieved_heading": 144.69912738879847,
        "target_bearing": 149.87153124960474,
        "fix_type": 6,
        "hacc_m": 0.014,
        "corrupt": false,
        "position_interpolated": true,
        "captured_at_utc": "2026-06-17T16:38:38.149319+00:00"
      },
      "geometry": {
        "type": "Point",
        "coordinates": [
          -114.01732433840004,
          46.69721135120005
        ]
      }
    },
    {
      "type": "Feature",
      "properties": {
        "file": "leg03_m017_b149_2026-06-17T10-38-39.jpg",
        "leg": "leg03",
        "mark_index": 17,
        "along_track_m": 17.0,
        "achieved_heading": 144.62823015138596,
        "target_bearing": 149.87153124960474,
        "fix_type": 6,
        "hacc_m": 0.014,
        "corrupt": false,
        "position_interpolated": true,
        "captured_at_utc": "2026-06-17T16:38:39.204776+00:00"
      },
      "geometry": {
        "type": "Point",
        "coordinates": [
          -114.01731819999999,
          46.697204199999995
        ]
      }
    },
    {
      "type": "Feature",
      "properties": {
        "file": "leg03_m018_b149_2026-06-17T10-38-40.jpg",
        "leg": "leg03",
        "mark_index": 18,
        "along_track_m": 18.0,
        "achieved_heading": 145.40156197473408,
        "target_bearing": 149.87153124960474,
        "fix_type": 6,
        "hacc_m": 0.014,
        "corrupt": false,
        "position_interpolated": true,
        "captured_at_utc": "2026-06-17T16:38:40.250468+00:00"
      },
      "geometry": {
        "type": "Point",
        "coordinates": [
          -114.01731106917266,
          46.69719624430271
        ]
      }
    },
    {
      "type": "Feature",
      "properties": {
        "file": "leg03_m019_b149_2026-06-17T10-38-41.jpg",
        "leg": "leg03",
        "mark_index": 19,
        "along_track_m": 19.0,
        "achieved_heading": 145.8865679076,
        "target_bearing": 149.87153124960474,
        "fix_type": 6,
        "hacc_m": 0.014,
        "corrupt": false,
        "position_interpolated": true,
        "captured_at_utc": "2026-06-17T16:38:41.372636+00:00"
      },
      "geometry": {
        "type": "Point",
        "coordinates": [
          -114.01730459999999,
          46.6971883
        ]
      }
    },
    {
      "type": "Feature",
      "properties": {
        "file": "leg03_m020_b149_2026-06-17T10-38-42.jpg",
        "leg": "leg03",
        "mark_index": 20,
        "along_track_m": 20.0,
        "achieved_heading": 145.87365273375812,
        "target_bearing": 149.87153124960474,
        "fix_type": 6,
        "hacc_m": 0.014,
        "corrupt": false,
        "position_interpolated": true,
        "captured_at_utc": "2026-06-17T16:38:42.282980+00:00"
      },
      "geometry": {
        "type": "Point",
        "coordinates": [
          -114.01729846821198,
          46.69718123894873
        ]
      }
    },
    {
      "type": "Feature",
      "properties": {
        "file": "leg03_m021_b149_2026-06-17T10-38-43.jpg",
        "leg": "leg03",
        "mark_index": 21,
        "along_track_m": 21.0,
        "achieved_heading": 145.19964147606032,
        "target_bearing": 149.87153124960474,
        "fix_type": 6,
        "hacc_m": 0.014,
        "corrupt": false,
        "position_interpolated": true,
        "captured_at_utc": "2026-06-17T16:38:43.400970+00:00"
      },
      "geometry": {
        "type": "Point",
        "coordinates": [
          -114.017292,
          46.6971734
        ]
      }
    },
    {
      "type": "Feature",
      "properties": {
        "file": "leg03_m022_b149_2026-06-17T10-38-44.jpg",
        "leg": "leg03",
        "mark_index": 22,
        "along_track_m": 22.0,
        "achieved_heading": 145.96567437630912,
        "target_bearing": 149.87153124960474,
        "fix_type": 6,
        "hacc_m": 0.014,
        "corrupt": false,
        "position_interpolated": true,
        "captured_at_utc": "2026-06-17T16:38:44.521568+00:00"
      },
      "geometry": {
        "type": "Point",
        "coordinates": [
          -114.0172846118496,
          46.69716481184961
        ]
      }
    },
    {
      "type": "Feature",
      "properties": {
        "file": "leg03_m023_b149_2026-06-17T10-38-45.jpg",
        "leg": "leg03",
        "mark_index": 23,
        "along_track_m": 23.0,
        "achieved_heading": 145.7041020177013,
        "target_bearing": 149.87153124960474,
        "fix_type": 6,
        "hacc_m": 0.014,
        "corrupt": false,
        "position_interpolated": true,
        "captured_at_utc": "2026-06-17T16:38:45.582145+00:00"
      },
      "geometry": {
        "type": "Point",
        "coordinates": [
          -114.0172786,
          46.697157399999995
        ]
      }
    },
    {
      "type": "Feature",
      "properties": {
        "file": "leg03_m024_b149_2026-06-17T10-38-46.jpg",
        "leg": "leg03",
        "mark_index": 24,
        "along_track_m": 24.0,
        "achieved_heading": 145.21345563187808,
        "target_bearing": 149.87153124960474,
        "fix_type": 6,
        "hacc_m": 0.014,
        "corrupt": false,
        "position_interpolated": true,
        "captured_at_utc": "2026-06-17T16:38:46.561092+00:00"
      },
      "geometry": {
        "type": "Point",
        "coordinates": [
          -114.01727199999999,
          46.6971499
        ]
      }
    },
    {
      "type": "Feature",
      "properties": {
        "file": "leg03_m025_b149_2026-06-17T10-38-47.jpg",
        "leg": "leg03",
        "mark_index": 25,
        "along_track_m": 25.0,
        "achieved_heading": 146.19523305500095,
        "target_bearing": 149.87153124960474,
        "fix_type": 6,
        "hacc_m": 0.014,
        "corrupt": false,
        "position_interpolated": true,
        "captured_at_utc": "2026-06-17T16:38:47.676062+00:00"
      },
      "geometry": {
        "type": "Point",
        "coordinates": [
          -114.01726478144779,
          46.6971417814478
        ]
      }
    },
    {
      "type": "Feature",
      "properties": {
        "file": "leg03_m026_b149_2026-06-17T10-38-48.jpg",
        "leg": "leg03",
        "mark_index": 26,
        "along_track_m": 26.0,
        "achieved_heading": 147.2230302495679,
        "target_bearing": 149.87153124960474,
        "fix_type": 6,
        "hacc_m": 0.014,
        "corrupt": false,
        "position_interpolated": true,
        "captured_at_utc": "2026-06-17T16:38:48.722065+00:00"
      },
      "geometry": {
        "type": "Point",
        "coordinates": [
          -114.01725845696919,
          46.69713398804329
        ]
      }
    },
    {
      "type": "Feature",
      "properties": {
        "file": "leg03_m027_b149_2026-06-17T10-38-49.jpg",
        "leg": "leg03",
        "mark_index": 27,
        "along_track_m": 27.0,
        "achieved_heading": 147.0581325530463,
        "target_bearing": 149.87153124960474,
        "fix_type": 6,
        "hacc_m": 0.014,
        "corrupt": false,
        "position_interpolated": true,
        "captured_at_utc": "2026-06-17T16:38:49.844415+00:00"
      },
      "geometry": {
        "type": "Point",
        "coordinates": [
          -114.0172522,
          46.6971266
        ]
      }
    },
    {
      "type": "Feature",
      "properties": {
        "file": "leg03_m028_b149_2026-06-17T10-38-51.jpg",
        "leg": "leg03",
        "mark_index": 28,
        "along_track_m": 28.0,
        "achieved_heading": 146.57717934676037,
        "target_bearing": 149.87153124960474,
        "fix_type": 6,
        "hacc_m": 0.014,
        "corrupt": false,
        "position_interpolated": true,
        "captured_at_utc": "2026-06-17T16:38:50.970899+00:00"
      },
      "geometry": {
        "type": "Point",
        "coordinates": [
          -114.0172449,
          46.6971177
        ]
      }
    },
    {
      "type": "Feature",
      "properties": {
        "file": "leg03_m029_b149_2026-06-17T10-38-51.jpg",
        "leg": "leg03",
        "mark_index": 29,
        "along_track_m": 29.0,
        "achieved_heading": 144.76285164293014,
        "target_bearing": 149.87153124960474,
        "fix_type": 6,
        "hacc_m": 0.014,
        "corrupt": false,
        "position_interpolated": true,
        "captured_at_utc": "2026-06-17T16:38:51.865005+00:00"
      },
      "geometry": {
        "type": "Point",
        "coordinates": [
          -114.01723884636121,
          46.69711088069669
        ]
      }
    },
    {
      "type": "Feature",
      "properties": {
        "file": "leg03_m030_b149_2026-06-17T10-38-53.jpg",
        "leg": "leg03",
        "mark_index": 30,
        "along_track_m": 30.0,
        "achieved_heading": 143.51420577534782,
        "target_bearing": 149.87153124960474,
        "fix_type": 6,
        "hacc_m": 0.014,
        "corrupt": false,
        "position_interpolated": true,
        "captured_at_utc": "2026-06-17T16:38:53.067023+00:00"
      },
      "geometry": {
        "type": "Point",
        "coordinates": [
          -114.0172321,
          46.6971035
        ]
      }
    },
    {
      "type": "Feature",
      "properties": {
        "file": "leg03_m031_b149_2026-06-17T10-38-54.jpg",
        "leg": "leg03",
        "mark_index": 31,
        "along_track_m": 31.0,
        "achieved_heading": 145.81933043890425,
        "target_bearing": 149.87153124960474,
        "fix_type": 6,
        "hacc_m": 0.014,
        "corrupt": false,
        "position_interpolated": true,
        "captured_at_utc": "2026-06-17T16:38:54.052031+00:00"
      },
      "geometry": {
        "type": "Point",
        "coordinates": [
          -114.01722480034793,
          46.697095436806464
        ]
      }
    },
    {
      "type": "Feature",
      "properties": {
        "file": "leg03_m032_b149_2026-06-17T10-38-55.jpg",
        "leg": "leg03",
        "mark_index": 32,
        "along_track_m": 32.0,
        "achieved_heading": 147.19023953972962,
        "target_bearing": 149.87153124960474,
        "fix_type": 6,
        "hacc_m": 0.014,
        "corrupt": false,
        "position_interpolated": true,
        "captured_at_utc": "2026-06-17T16:38:55.098487+00:00"
      },
      "geometry": {
        "type": "Point",
        "coordinates": [
          -114.01721826003319,
          46.69708773753112
        ]
      }
    },
    {
      "type": "Feature",
      "properties": {
        "file": "leg03_m033_b149_2026-06-17T10-38-56.jpg",
        "leg": "leg03",
        "mark_index": 33,
        "along_track_m": 33.0,
        "achieved_heading": 148.20146768645648,
        "target_bearing": 149.87153124960474,
        "fix_type": 6,
        "hacc_m": 0.014,
        "corrupt": false,
        "position_interpolated": true,
        "captured_at_utc": "2026-06-17T16:38:56.152778+00:00"
      },
      "geometry": {
        "type": "Point",
        "coordinates": [
          -114.01721219999999,
          46.6970799
        ]
      }
    },
    {
      "type": "Feature",
      "properties": {
        "file": "leg03_m034_b149_2026-06-17T10-38-57.jpg",
        "leg": "leg03",
        "mark_index": 34,
        "along_track_m": 34.0,
        "achieved_heading": 148.06477661885367,
        "target_bearing": 149.87153124960474,
        "fix_type": 6,
        "hacc_m": 0.014,
        "corrupt": false,
        "position_interpolated": true,
        "captured_at_utc": "2026-06-17T16:38:57.265716+00:00"
      },
      "geometry": {
        "type": "Point",
        "coordinates": [
          -114.0172066,
          46.697072299999995
        ]
      }
    },
    {
      "type": "Feature",
      "properties": {
        "file": "leg03_m035_b149_2026-06-17T10-38-58.jpg",
        "leg": "leg03",
        "mark_index": 35,
        "along_track_m": 35.0,
        "achieved_heading": 145.3633081484572,
        "target_bearing": 149.87153124960474,
        "fix_type": 6,
        "hacc_m": 0.014,
        "corrupt": false,
        "position_interpolated": true,
        "captured_at_utc": "2026-06-17T16:38:58.387229+00:00"
      },
      "geometry": {
        "type": "Point",
        "coordinates": [
          -114.0171994,
          46.6970635
        ]
      }
    },
    {
      "type": "Feature",
      "properties": {
        "file": "leg03_m036_b149_2026-06-17T10-38-59.jpg",
        "leg": "leg03",
        "mark_index": 36,
        "along_track_m": 36.0,
        "achieved_heading": 143.48727175467013,
        "target_bearing": 149.87153124960474,
        "fix_type": 6,
        "hacc_m": 0.014,
        "corrupt": false,
        "position_interpolated": true,
        "captured_at_utc": "2026-06-17T16:38:59.041473+00:00"
      },
      "geometry": {
        "type": "Point",
        "coordinates": [
          -114.01719504884792,
          46.69705864863846
        ]
      }
    },
    {
      "type": "Feature",
      "properties": {
        "file": "leg03_m037_b149_2026-06-17T10-39-07.jpg",
        "leg": "leg03",
        "mark_index": 37,
        "along_track_m": 37.0,
        "achieved_heading": 150.81730143081475,
        "target_bearing": 149.87153124960474,
        "fix_type": 6,
        "hacc_m": 0.014,
        "corrupt": false,
        "position_interpolated": true,
        "captured_at_utc": "2026-06-17T16:39:07.341496+00:00"
      },
      "geometry": {
        "type": "Point",
        "coordinates": [
          -114.0171858,
          46.6970494
        ]
      }
    },
    {
      "type": "Feature",
      "properties": {
        "file": "leg03_m038_b149_2026-06-17T10-39-10.jpg",
        "leg": "leg03",
        "mark_index": 38,
        "along_track_m": 38.0,
        "achieved_heading": 158.01856789890894,
        "target_bearing": 149.87153124960474,
        "fix_type": 6,
        "hacc_m": 0.014,
        "corrupt": false,
        "position_interpolated": true,
        "captured_at_utc": "2026-06-17T16:39:10.855202+00:00"
      },
      "geometry": {
        "type": "Point",
        "coordinates": [
          -114.01719039025659,
          46.69703683271845
        ]
      }
    },
    {
      "type": "Feature",
      "properties": {
        "file": "leg03_m039_b149_2026-06-17T10-39-12.jpg",
        "leg": "leg03",
        "mark_index": 39,
        "along_track_m": 39.0,
        "achieved_heading": 128.99456874625943,
        "target_bearing": 149.87153124960474,
        "fix_type": 6,
        "hacc_m": 0.014,
        "corrupt": false,
        "position_interpolated": true,
        "captured_at_utc": "2026-06-17T16:39:12.040805+00:00"
      },
      "geometry": {
        "type": "Point",
        "coordinates": [
          -114.017184,
          46.697029199999996
        ]
      }
    },
    {
      "type": "Feature",
      "properties": {
        "file": "leg03_m040_b149_2026-06-17T10-39-13.jpg",
        "leg": "leg03",
        "mark_index": 40,
        "along_track_m": 40.0,
        "achieved_heading": 126.13235808068339,
        "target_bearing": 149.87153124960474,
        "fix_type": 6,
        "hacc_m": 0.014,
        "corrupt": false,
        "position_interpolated": true,
        "captured_at_utc": "2026-06-17T16:39:13.154366+00:00"
      },
      "geometry": {
        "type": "Point",
        "coordinates": [
          -114.01717289999999,
          46.6970226
        ]
      }
    },
    {
      "type": "Feature",
      "properties": {
        "file": "leg03_m041_b149_2026-06-17T10-39-14.jpg",
        "leg": "leg03",
        "mark_index": 41,
        "along_track_m": 41.0,
        "achieved_heading": 136.70010624563534,
        "target_bearing": 149.87153124960474,
        "fix_type": 6,
        "hacc_m": 0.014,
        "corrupt": false,
        "position_interpolated": true,
        "captured_at_utc": "2026-06-17T16:39:14.214181+00:00"
      },
      "geometry": {
        "type": "Point",
        "coordinates": [
          -114.01716327204323,
          46.69701634243748
        ]
      }
    },
    {
      "type": "Feature",
      "properties": {
        "file": "leg03_m042_b149_2026-06-17T10-39-15.jpg",
        "leg": "leg03",
        "mark_index": 42,
        "along_track_m": 42.0,
        "achieved_heading": 143.7665255188196,
        "target_bearing": 149.87153124960474,
        "fix_type": 6,
        "hacc_m": 0.014,
        "corrupt": false,
        "position_interpolated": true,
        "captured_at_utc": "2026-06-17T16:39:15.334889+00:00"
      },
      "geometry": {
        "type": "Point",
        "coordinates": [
          -114.01715520688808,
          46.697008708610106
        ]
      }
    },
    {
      "type": "Feature",
      "properties": {
        "file": "leg03_m043_b149_2026-06-17T10-39-16.jpg",
        "leg": "leg03",
        "mark_index": 43,
        "along_track_m": 43.0,
        "achieved_heading": 145.7247233752382,
        "target_bearing": 149.87153124960474,
        "fix_type": 6,
        "hacc_m": 0.014,
        "corrupt": false,
        "position_interpolated": true,
        "captured_at_utc": "2026-06-17T16:39:16.385211+00:00"
      },
      "geometry": {
        "type": "Point",
        "coordinates": [
          -114.0171489,
          46.6970016
        ]
      }
    },
    {
      "type": "Feature",
      "properties": {
        "file": "leg03_m044_b149_2026-06-17T10-39-17.jpg",
        "leg": "leg03",
        "mark_index": 44,
        "along_track_m": 44.0,
        "achieved_heading": 143.40928633355554,
        "target_bearing": 149.87153124960474,
        "fix_type": 6,
        "hacc_m": 0.014,
        "corrupt": false,
        "position_interpolated": true,
        "captured_at_utc": "2026-06-17T16:39:17.507014+00:00"
      },
      "geometry": {
        "type": "Point",
        "coordinates": [
          -114.0171414049717,
          46.696993104971696
        ]
      }
    },
    {
      "type": "Feature",
      "properties": {
        "file": "leg03_m045_b149_2026-06-17T10-39-18.jpg",
        "leg": "leg03",
        "mark_index": 45,
        "along_track_m": 45.0,
        "achieved_heading": 142.4118661111424,
        "target_bearing": 149.87153124960474,
        "fix_type": 6,
        "hacc_m": 0.014,
        "corrupt": false,
        "position_interpolated": true,
        "captured_at_utc": "2026-06-17T16:39:18.560003+00:00"
      },
      "geometry": {
        "type": "Point",
        "coordinates": [
          -114.01713459999999,
          46.6969858
        ]
      }
    },
    {
      "type": "Feature",
      "properties": {
        "file": "leg03_m046_b149_2026-06-17T10-39-19.jpg",
        "leg": "leg03",
        "mark_index": 46,
        "along_track_m": 46.0,
        "achieved_heading": 142.73073029429577,
        "target_bearing": 149.87153124960474,
        "fix_type": 6,
        "hacc_m": 0.014,
        "corrupt": false,
        "position_interpolated": true,
        "captured_at_utc": "2026-06-17T16:39:19.606712+00:00"
      },
      "geometry": {
        "type": "Point",
        "coordinates": [
          -114.01712789999999,
          46.696978699999995
        ]
      }
    },
    {
      "type": "Feature",
      "properties": {
        "file": "leg03_m047_b149_2026-06-17T10-39-20.jpg",
        "leg": "leg03",
        "mark_index": 47,
        "along_track_m": 47.0,
        "achieved_heading": 145.42929738071828,
        "target_bearing": 149.87153124960474,
        "fix_type": 6,
        "hacc_m": 0.014,
        "corrupt": false,
        "position_interpolated": true,
        "captured_at_utc": "2026-06-17T16:39:20.647065+00:00"
      },
      "geometry": {
        "type": "Point",
        "coordinates": [
          -114.0171208,
          46.6969712
        ]
      }
    },
    {
      "type": "Feature",
      "properties": {
        "file": "leg03_m048_b149_2026-06-17T10-39-21.jpg",
        "leg": "leg03",
        "mark_index": 48,
        "along_track_m": 48.0,
        "achieved_heading": 147.078794349448,
        "target_bearing": 149.87153124960474,
        "fix_type": 6,
        "hacc_m": 0.014,
        "corrupt": false,
        "position_interpolated": true,
        "captured_at_utc": "2026-06-17T16:39:21.768296+00:00"
      },
      "geometry": {
        "type": "Point",
        "coordinates": [
          -114.0171135,
          46.6969625
        ]
      }
    },
    {
      "type": "Feature",
      "properties": {
        "file": "leg03_m049_b149_2026-06-17T10-39-22.jpg",
        "leg": "leg03",
        "mark_index": 49,
        "along_track_m": 49.0,
        "achieved_heading": 144.57343908590053,
        "target_bearing": 149.87153124960474,
        "fix_type": 6,
        "hacc_m": 0.014,
        "corrupt": false,
        "position_interpolated": true,
        "captured_at_utc": "2026-06-17T16:39:22.675718+00:00"
      },
      "geometry": {
        "type": "Point",
        "coordinates": [
          -114.0171077225659,
          46.69695548757604
        ]
      }
    },
    {
      "type": "Feature",
      "properties": {
        "file": "leg03_m050_b149_2026-06-17T10-39-23.jpg",
        "leg": "leg03",
        "mark_index": 50,
        "along_track_m": 50.0,
        "achieved_heading": 143.56338583772384,
        "target_bearing": 149.87153124960474,
        "fix_type": 6,
        "hacc_m": 0.014,
        "corrupt": false,
        "position_interpolated": true,
        "captured_at_utc": "2026-06-17T16:39:23.796616+00:00"
      },
      "geometry": {
        "type": "Point",
        "coordinates": [
          -114.0171007,
          46.696947699999996
        ]
      }
    },
    {
      "type": "Feature",
      "properties": {
        "file": "leg03_m051_b149_2026-06-17T10-39-24.jpg",
        "leg": "leg03",
        "mark_index": 51,
        "along_track_m": 50.619,
        "achieved_heading": 143.64179559475872,
        "target_bearing": 149.87153124960474,
        "fix_type": 6,
        "hacc_m": 0.014,
        "corrupt": false,
        "position_interpolated": true,
        "captured_at_utc": "2026-06-17T16:39:24.432682+00:00"
      },
      "geometry": {
        "type": "Point",
        "coordinates": [
          -114.0170967,
          46.6969433
        ]
      }
    },
    {
      "type": "Feature",
      "properties": {
        "file": "leg04_m000_b059_2026-06-17T10-39-28.jpg",
        "leg": "leg04",
        "mark_index": 0,
        "along_track_m": 0.0,
        "achieved_heading": 58.194021296820935,
        "target_bearing": 59.714066001236176,
        "fix_type": 6,
        "hacc_m": 0.014,
        "corrupt": false,
        "position_interpolated": true,
        "captured_at_utc": "2026-06-17T16:39:28.418826+00:00"
      },
      "geometry": {
        "type": "Point",
        "coordinates": [
          -114.0170955,
          46.6969401
        ]
      }
    },
    {
      "type": "Feature",
      "properties": {
        "file": "leg04_m001_b059_2026-06-17T10-39-30.jpg",
        "leg": "leg04",
        "mark_index": 1,
        "along_track_m": 1.0,
        "achieved_heading": 54.48709895388354,
        "target_bearing": 59.714066001236176,
        "fix_type": 6,
        "hacc_m": 0.014,
        "corrupt": false,
        "position_interpolated": true,
        "captured_at_utc": "2026-06-17T16:39:30.106244+00:00"
      },
      "geometry": {
        "type": "Point",
        "coordinates": [
          -114.01708214041028,
          46.69694533222465
        ]
      }
    },
    {
      "type": "Feature",
      "properties": {
        "file": "leg04_m002_b059_2026-06-17T10-39-31.jpg",
        "leg": "leg04",
        "mark_index": 2,
        "along_track_m": 2.0,
        "achieved_heading": 49.975973049700514,
        "target_bearing": 59.714066001236176,
        "fix_type": 6,
        "hacc_m": 0.014,
        "corrupt": false,
        "position_interpolated": true,
        "captured_at_utc": "2026-06-17T16:39:31.226029+00:00"
      },
      "geometry": {
        "type": "Point",
        "coordinates": [
          -114.0170715,
          46.696950199999996
        ]
      }
    },
    {
      "type": "Feature",
      "properties": {
        "file": "leg04_m003_b059_2026-06-17T10-39-32.jpg",
        "leg": "leg04",
        "mark_index": 3,
        "along_track_m": 3.0,
        "achieved_heading": 47.48910703571469,
        "target_bearing": 59.714066001236176,
        "fix_type": 6,
        "hacc_m": 0.014,
        "corrupt": false,
        "position_interpolated": true,
        "captured_at_utc": "2026-06-17T16:39:32.276972+00:00"
      },
      "geometry": {
        "type": "Point",
        "coordinates": [
          -114.01706048437357,
          46.69695597859453
        ]
      }
    },
    {
      "type": "Feature",
      "properties": {
        "file": "leg04_m004_b059_2026-06-17T10-39-33.jpg",
        "leg": "leg04",
        "mark_index": 4,
        "along_track_m": 4.0,
        "achieved_heading": 50.764593701889765,
        "target_bearing": 59.714066001236176,
        "fix_type": 6,
        "hacc_m": 0.014,
        "corrupt": false,
        "position_interpolated": true,
        "captured_at_utc": "2026-06-17T16:39:33.401165+00:00"
      },
      "geometry": {
        "type": "Point",
        "coordinates": [
          -114.0170503,
          46.6969613
        ]
      }
    },
    {
      "type": "Feature",
      "properties": {
        "file": "leg04_m005_b059_2026-06-17T10-39-34.jpg",
        "leg": "leg04",
        "mark_index": 5,
        "along_track_m": 4.839,
        "achieved_heading": 54.926139572522274,
        "target_bearing": 59.714066001236176,
        "fix_type": 6,
        "hacc_m": 0.014,
        "corrupt": false,
        "position_interpolated": true,
        "captured_at_utc": "2026-06-17T16:39:34.231044+00:00"
      },
      "geometry": {
        "type": "Point",
        "coordinates": [
          -114.0170419,
          46.6969651
        ]
      }
    },
    {
      "type": "Feature",
      "properties": {
        "file": "leg05_m000_b329_2026-06-17T10-39-38.jpg",
        "leg": "leg05",
        "mark_index": 0,
        "along_track_m": 0.0,
        "achieved_heading": 329.41018329696396,
        "target_bearing": 329.87181522941916,
        "fix_type": 6,
        "hacc_m": 0.014,
        "corrupt": false,
        "position_interpolated": true,
        "captured_at_utc": "2026-06-17T16:39:38.382572+00:00"
      },
      "geometry": {
        "type": "Point",
        "coordinates": [
          -114.017038,
          46.696967099999995
        ]
      }
    },
    {
      "type": "Feature",
      "properties": {
        "file": "leg05_m001_b329_2026-06-17T10-39-39.jpg",
        "leg": "leg05",
        "mark_index": 1,
        "along_track_m": 1.0,
        "achieved_heading": 325.16468062660357,
        "target_bearing": 329.87181522941916,
        "fix_type": 6,
        "hacc_m": 0.014,
        "corrupt": false,
        "position_interpolated": true,
        "captured_at_utc": "2026-06-17T16:39:39.842002+00:00"
      },
      "geometry": {
        "type": "Point",
        "coordinates": [
          -114.01704429140274,
          46.696975050957214
        ]
      }
    },
    {
      "type": "Feature",
      "properties": {
        "file": "leg05_m002_b329_2026-06-17T10-39-41.jpg",
        "leg": "leg05",
        "mark_index": 2,
        "along_track_m": 2.0,
        "achieved_heading": 319.2386927431245,
        "target_bearing": 329.87181522941916,
        "fix_type": 6,
        "hacc_m": 0.014,
        "corrupt": false,
        "position_interpolated": true,
        "captured_at_utc": "2026-06-17T16:39:40.954864+00:00"
      },
      "geometry": {
        "type": "Point",
        "coordinates": [
          -114.0170519,
          46.6969833
        ]
      }
    },
    {
      "type": "Feature",
      "properties": {
        "file": "leg05_m003_b329_2026-06-17T10-39-41.jpg",
        "leg": "leg05",
        "mark_index": 3,
        "along_track_m": 3.0,
        "achieved_heading": 318.82175135560783,
        "target_bearing": 329.87181522941916,
        "fix_type": 6,
        "hacc_m": 0.014,
        "corrupt": false,
        "position_interpolated": true,
        "captured_at_utc": "2026-06-17T16:39:41.814360+00:00"
      },
      "geometry": {
        "type": "Point",
        "coordinates": [
          -114.0170586844793,
          46.696989603952325
        ]
      }
    },
    {
      "type": "Feature",
      "properties": {
        "file": "leg05_m004_b329_2026-06-17T10-39-43.jpg",
        "leg": "leg05",
        "mark_index": 4,
        "along_track_m": 4.0,
        "achieved_heading": 321.1913205425333,
        "target_bearing": 329.87181522941916,
        "fix_type": 6,
        "hacc_m": 0.014,
        "corrupt": false,
        "position_interpolated": true,
        "captured_at_utc": "2026-06-17T16:39:42.930742+00:00"
      },
      "geometry": {
        "type": "Point",
        "coordinates": [
          -114.0170671662171,
          46.69699767043996
        ]
      }
    },
    {
      "type": "Feature",
      "properties": {
        "file": "leg05_m005_b329_2026-06-17T10-39-44.jpg",
        "leg": "leg05",
        "mark_index": 5,
        "along_track_m": 5.0,
        "achieved_heading": 322.77370807553143,
        "target_bearing": 329.87181522941916,
        "fix_type": 6,
        "hacc_m": 0.014,
        "corrupt": false,
        "position_interpolated": true,
        "captured_at_utc": "2026-06-17T16:39:43.777145+00:00"
      },
      "geometry": {
        "type": "Point",
        "coordinates": [
          -114.01707305430251,
          46.69700371787814
        ]
      }
    },
    {
      "type": "Feature",
      "properties": {
        "file": "leg05_m007_b329_2026-06-17T10-39-50.jpg",
        "leg": "leg05",
        "mark_index": 7,
        "along_track_m": 7.0,
        "achieved_heading": 321.1427716951122,
        "target_bearing": 329.87181522941916,
        "fix_type": 6,
        "hacc_m": 0.014,
        "corrupt": false,
        "position_interpolated": true,
        "captured_at_utc": "2026-06-17T16:39:49.211564+00:00"
      },
      "geometry": {
        "type": "Point",
        "coordinates": [
          -114.0170893,
          46.697020699999996
        ]
      }
    },
    {
      "type": "Feature",
      "properties": {
        "file": "leg05_m008_b329_2026-06-17T10-39-51.jpg",
        "leg": "leg05",
        "mark_index": 8,
        "along_track_m": 8.0,
        "achieved_heading": 325.6344077429256,
        "target_bearing": 329.87181522941916,
        "fix_type": 6,
        "hacc_m": 0.014,
        "corrupt": false,
        "position_interpolated": true,
        "captured_at_utc": "2026-06-17T16:39:51.325665+00:00"
      },
      "geometry": {
        "type": "Point",
        "coordinates": [
          -114.01709594185719,
          46.69702731860008
        ]
      }
    },
    {
      "type": "Feature",
      "properties": {
        "file": "leg05_m009_b329_2026-06-17T10-39-52.jpg",
        "leg": "leg05",
        "mark_index": 9,
        "along_track_m": 9.0,
        "achieved_heading": 328.179856048672,
        "target_bearing": 329.87181522941916,
        "fix_type": 6,
        "hacc_m": 0.014,
        "corrupt": false,
        "position_interpolated": true,
        "captured_at_utc": "2026-06-17T16:39:52.385243+00:00"
      },
      "geometry": {
        "type": "Point",
        "coordinates": [
          -114.0171022,
          46.6970351
        ]
      }
    },
    {
      "type": "Feature",
      "properties": {
        "file": "leg05_m010_b329_2026-06-17T10-39-53.jpg",
        "leg": "leg05",
        "mark_index": 10,
        "along_track_m": 10.0,
        "achieved_heading": 326.60546608738474,
        "target_bearing": 329.87181522941916,
        "fix_type": 6,
        "hacc_m": 0.014,
        "corrupt": false,
        "position_interpolated": true,
        "captured_at_utc": "2026-06-17T16:39:53.355859+00:00"
      },
      "geometry": {
        "type": "Point",
        "coordinates": [
          -114.0171084,
          46.6970427
        ]
      }
    },
    {
      "type": "Feature",
      "properties": {
        "file": "leg05_m011_b329_2026-06-17T10-39-54.jpg",
        "leg": "leg05",
        "mark_index": 11,
        "along_track_m": 11.0,
        "achieved_heading": 326.197256895334,
        "target_bearing": 329.87181522941916,
        "fix_type": 6,
        "hacc_m": 0.014,
        "corrupt": false,
        "position_interpolated": true,
        "captured_at_utc": "2026-06-17T16:39:54.397805+00:00"
      },
      "geometry": {
        "type": "Point",
        "coordinates": [
          -114.01711475314323,
          46.697050600286246
        ]
      }
    },
    {
      "type": "Feature",
      "properties": {
        "file": "leg05_m012_b329_2026-06-17T10-39-55.jpg",
        "leg": "leg05",
        "mark_index": 12,
        "along_track_m": 12.0,
        "achieved_heading": 324.8820751903652,
        "target_bearing": 329.87181522941916,
        "fix_type": 6,
        "hacc_m": 0.014,
        "corrupt": false,
        "position_interpolated": true,
        "captured_at_utc": "2026-06-17T16:39:55.452583+00:00"
      },
      "geometry": {
        "type": "Point",
        "coordinates": [
          -114.01712185732335,
          46.69705857383464
        ]
      }
    },
    {
      "type": "Feature",
      "properties": {
        "file": "leg05_m013_b329_2026-06-17T10-39-56.jpg",
        "leg": "leg05",
        "mark_index": 13,
        "along_track_m": 13.0,
        "achieved_heading": 325.3756325474011,
        "target_bearing": 329.87181522941916,
        "fix_type": 6,
        "hacc_m": 0.014,
        "corrupt": false,
        "position_interpolated": true,
        "captured_at_utc": "2026-06-17T16:39:56.574651+00:00"
      },
      "geometry": {
        "type": "Point",
        "coordinates": [
          -114.0171288,
          46.6970664
        ]
      }
    },
    {
      "type": "Feature",
      "properties": {
        "file": "leg05_m014_b329_2026-06-17T10-39-57.jpg",
        "leg": "leg05",
        "mark_index": 14,
        "along_track_m": 14.0,
        "achieved_heading": 325.8733350632893,
        "target_bearing": 329.87181522941916,
        "fix_type": 6,
        "hacc_m": 0.014,
        "corrupt": false,
        "position_interpolated": true,
        "captured_at_utc": "2026-06-17T16:39:57.482823+00:00"
      },
      "geometry": {
        "type": "Point",
        "coordinates": [
          -114.01713498072736,
          46.697073735116994
        ]
      }
    },
    {
      "type": "Feature",
      "properties": {
        "file": "leg05_m015_b329_2026-06-17T10-39-58.jpg",
        "leg": "leg05",
        "mark_index": 15,
        "along_track_m": 15.0,
        "achieved_heading": 327.5846017405941,
        "target_bearing": 329.87181522941916,
        "fix_type": 6,
        "hacc_m": 0.014,
        "corrupt": false,
        "position_interpolated": true,
        "captured_at_utc": "2026-06-17T16:39:58.619354+00:00"
      },
      "geometry": {
        "type": "Point",
        "coordinates": [
          -114.0171417,
          46.6970816
        ]
      }
    },
    {
      "type": "Feature",
      "properties": {
        "file": "leg05_m016_b329_2026-06-17T10-39-59.jpg",
        "leg": "leg05",
        "mark_index": 16,
        "along_track_m": 16.0,
        "achieved_heading": 327.55247630189444,
        "target_bearing": 329.87181522941916,
        "fix_type": 6,
        "hacc_m": 0.014,
        "corrupt": false,
        "position_interpolated": true,
        "captured_at_utc": "2026-06-17T16:39:59.521628+00:00"
      },
      "geometry": {
        "type": "Point",
        "coordinates": [
          -114.01714742778125,
          46.69708898838923
        ]
      }
    },
    {
      "type": "Feature",
      "properties": {
        "file": "leg05_m017_b329_2026-06-17T10-40-00.jpg",
        "leg": "leg05",
        "mark_index": 17,
        "along_track_m": 17.0,
        "achieved_heading": 326.33478552043806,
        "target_bearing": 329.87181522941916,
        "fix_type": 6,
        "hacc_m": 0.014,
        "corrupt": false,
        "position_interpolated": true,
        "captured_at_utc": "2026-06-17T16:40:00.578365+00:00"
      },
      "geometry": {
        "type": "Point",
        "coordinates": [
          -114.0171539,
          46.6970968
        ]
      }
    },
    {
      "type": "Feature",
      "properties": {
        "file": "leg05_m018_b329_2026-06-17T10-40-01.jpg",
        "leg": "leg05",
        "mark_index": 18,
        "along_track_m": 18.0,
        "achieved_heading": 326.38538440304956,
        "target_bearing": 329.87181522941916,
        "fix_type": 6,
        "hacc_m": 0.014,
        "corrupt": false,
        "position_interpolated": true,
        "captured_at_utc": "2026-06-17T16:40:01.676744+00:00"
      },
      "geometry": {
        "type": "Point",
        "coordinates": [
          -114.01716113848947,
          46.69710534811183
        ]
      }
    },
    {
      "type": "Feature",
      "properties": {
        "file": "leg05_m019_b329_2026-06-17T10-40-02.jpg",
        "leg": "leg05",
        "mark_index": 19,
        "along_track_m": 19.0,
        "achieved_heading": 326.242423952281,
        "target_bearing": 329.87181522941916,
        "fix_type": 6,
        "hacc_m": 0.014,
        "corrupt": false,
        "position_interpolated": true,
        "captured_at_utc": "2026-06-17T16:40:02.733604+00:00"
      },
      "geometry": {
        "type": "Point",
        "coordinates": [
          -114.01716797452175,
          46.69711337027539
        ]
      }
    },
    {
      "type": "Feature",
      "properties": {
        "file": "leg05_m020_b329_2026-06-17T10-40-03.jpg",
        "leg": "leg05",
        "mark_index": 20,
        "along_track_m": 20.0,
        "achieved_heading": 327.32040807684075,
        "target_bearing": 329.87181522941916,
        "fix_type": 6,
        "hacc_m": 0.014,
        "corrupt": false,
        "position_interpolated": true,
        "captured_at_utc": "2026-06-17T16:40:03.789536+00:00"
      },
      "geometry": {
        "type": "Point",
        "coordinates": [
          -114.0171745,
          46.697120999999996
        ]
      }
    },
    {
      "type": "Feature",
      "properties": {
        "file": "leg05_m021_b329_2026-06-17T10-40-04.jpg",
        "leg": "leg05",
        "mark_index": 21,
        "along_track_m": 21.0,
        "achieved_heading": 326.48119965577536,
        "target_bearing": 329.87181522941916,
        "fix_type": 6,
        "hacc_m": 0.014,
        "corrupt": false,
        "position_interpolated": true,
        "captured_at_utc": "2026-06-17T16:40:04.694173+00:00"
      },
      "geometry": {
        "type": "Point",
        "coordinates": [
          -114.01718078181877,
          46.697128509091684
        ]
      }
    },
    {
      "type": "Feature",
      "properties": {
        "file": "leg05_m022_b329_2026-06-17T10-40-05.jpg",
        "leg": "leg05",
        "mark_index": 22,
        "along_track_m": 22.0,
        "achieved_heading": 325.62017839184176,
        "target_bearing": 329.87181522941916,
        "fix_type": 6,
        "hacc_m": 0.014,
        "corrupt": false,
        "position_interpolated": true,
        "captured_at_utc": "2026-06-17T16:40:05.746444+00:00"
      },
      "geometry": {
        "type": "Point",
        "coordinates": [
          -114.0171872,
          46.6971363
        ]
      }
    },
    {
      "type": "Feature",
      "properties": {
        "file": "leg05_m023_b329_2026-06-17T10-40-06.jpg",
        "leg": "leg05",
        "mark_index": 23,
        "along_track_m": 23.0,
        "achieved_heading": 326.2002007999914,
        "target_bearing": 329.87181522941916,
        "fix_type": 6,
        "hacc_m": 0.014,
        "corrupt": false,
        "position_interpolated": true,
        "captured_at_utc": "2026-06-17T16:40:06.736327+00:00"
      },
      "geometry": {
        "type": "Point",
        "coordinates": [
          -114.01719369999999,
          46.6971437
        ]
      }
    },
    {
      "type": "Feature",
      "properties": {
        "file": "leg05_m024_b329_2026-06-17T10-40-07.jpg",
        "leg": "leg05",
        "mark_index": 24,
        "along_track_m": 24.0,
        "achieved_heading": 326.09186030972995,
        "target_bearing": 329.87181522941916,
        "fix_type": 6,
        "hacc_m": 0.014,
        "corrupt": false,
        "position_interpolated": true,
        "captured_at_utc": "2026-06-17T16:40:07.783700+00:00"
      },
      "geometry": {
        "type": "Point",
        "coordinates": [
          -114.01720019999999,
          46.697151299999994
        ]
      }
    },
    {
      "type": "Feature",
      "properties": {
        "file": "leg05_m025_b329_2026-06-17T10-40-08.jpg",
        "leg": "leg05",
        "mark_index": 25,
        "along_track_m": 25.0,
        "achieved_heading": 326.86441156598516,
        "target_bearing": 329.87181522941916,
        "fix_type": 6,
        "hacc_m": 0.014,
        "corrupt": false,
        "position_interpolated": true,
        "captured_at_utc": "2026-06-17T16:40:08.906767+00:00"
      },
      "geometry": {
        "type": "Point",
        "coordinates": [
          -114.01720762010551,
          46.6971600944063
        ]
      }
    },
    {
      "type": "Feature",
      "properties": {
        "file": "leg05_m026_b329_2026-06-17T10-40-10.jpg",
        "leg": "leg05",
        "mark_index": 26,
        "along_track_m": 26.0,
        "achieved_heading": 325.420177063738,
        "target_bearing": 329.87181522941916,
        "fix_type": 6,
        "hacc_m": 0.014,
        "corrupt": false,
        "position_interpolated": true,
        "captured_at_utc": "2026-06-17T16:40:09.953593+00:00"
      },
      "geometry": {
        "type": "Point",
        "coordinates": [
          -114.0172144,
          46.6971681
        ]
      }
    },
    {
      "type": "Feature",
      "properties": {
        "file": "leg05_m027_b329_2026-06-17T10-40-10.jpg",
        "leg": "leg05",
        "mark_index": 27,
        "along_track_m": 27.0,
        "achieved_heading": 324.536196357641,
        "target_bearing": 329.87181522941916,
        "fix_type": 6,
        "hacc_m": 0.014,
        "corrupt": false,
        "position_interpolated": true,
        "captured_at_utc": "2026-06-17T16:40:10.862553+00:00"
      },
      "geometry": {
        "type": "Point",
        "coordinates": [
          -114.01722056514403,
          46.697174765144034
        ]
      }
    },
    {
      "type": "Feature",
      "properties": {
        "file": "leg05_m028_b329_2026-06-17T10-40-12.jpg",
        "leg": "leg05",
        "mark_index": 28,
        "along_track_m": 28.0,
        "achieved_heading": 326.82146577430194,
        "target_bearing": 329.87181522941916,
        "fix_type": 6,
        "hacc_m": 0.014,
        "corrupt": false,
        "position_interpolated": true,
        "captured_at_utc": "2026-06-17T16:40:11.910704+00:00"
      },
      "geometry": {
        "type": "Point",
        "coordinates": [
          -114.01722762074455,
          46.69718259912943
        ]
      }
    },
    {
      "type": "Feature",
      "properties": {
        "file": "leg05_m029_b329_2026-06-17T10-40-13.jpg",
        "leg": "leg05",
        "mark_index": 29,
        "along_track_m": 29.0,
        "achieved_heading": 327.21633465713194,
        "target_bearing": 329.87181522941916,
        "fix_type": 6,
        "hacc_m": 0.014,
        "corrupt": false,
        "position_interpolated": true,
        "captured_at_utc": "2026-06-17T16:40:13.024400+00:00"
      },
      "geometry": {
        "type": "Point",
        "coordinates": [
          -114.0172338,
          46.6971901
        ]
      }
    },
    {
      "type": "Feature",
      "properties": {
        "file": "leg05_m030_b329_2026-06-17T10-40-13.jpg",
        "leg": "leg05",
        "mark_index": 30,
        "along_track_m": 30.0,
        "achieved_heading": 326.014668515428,
        "target_bearing": 329.87181522941916,
        "fix_type": 6,
        "hacc_m": 0.014,
        "corrupt": false,
        "position_interpolated": true,
        "captured_at_utc": "2026-06-17T16:40:13.950237+00:00"
      },
      "geometry": {
        "type": "Point",
        "coordinates": [
          -114.0172403,
          46.6971977
        ]
      }
    },
    {
      "type": "Feature",
      "properties": {
        "file": "leg05_m031_b329_2026-06-17T10-40-15.jpg",
        "leg": "leg05",
        "mark_index": 31,
        "along_track_m": 31.0,
        "achieved_heading": 327.14334110810375,
        "target_bearing": 329.87181522941916,
        "fix_type": 6,
        "hacc_m": 0.014,
        "corrupt": false,
        "position_interpolated": true,
        "captured_at_utc": "2026-06-17T16:40:15.134287+00:00"
      },
      "geometry": {
        "type": "Point",
        "coordinates": [
          -114.01724746486748,
          46.69720654534942
        ]
      }
    },
    {
      "type": "Feature",
      "properties": {
        "file": "leg05_m032_b329_2026-06-17T10-40-16.jpg",
        "leg": "leg05",
        "mark_index": 32,
        "along_track_m": 32.0,
        "achieved_heading": 326.50944041561604,
        "target_bearing": 329.87181522941916,
        "fix_type": 6,
        "hacc_m": 0.014,
        "corrupt": false,
        "position_interpolated": true,
        "captured_at_utc": "2026-06-17T16:40:16.113789+00:00"
      },
      "geometry": {
        "type": "Point",
        "coordinates": [
          -114.01725390865062,
          46.697213921673644
        ]
      }
    },
    {
      "type": "Feature",
      "properties": {
        "file": "leg05_m033_b329_2026-06-17T10-40-17.jpg",
        "leg": "leg05",
        "mark_index": 33,
        "along_track_m": 33.0,
        "achieved_heading": 326.63659891166634,
        "target_bearing": 329.87181522941916,
        "fix_type": 6,
        "hacc_m": 0.014,
        "corrupt": false,
        "position_interpolated": true,
        "captured_at_utc": "2026-06-17T16:40:17.157600+00:00"
      },
      "geometry": {
        "type": "Point",
        "coordinates": [
          -114.0172607,
          46.6972217
        ]
      }
    },
    {
      "type": "Feature",
      "properties": {
        "file": "leg05_m034_b329_2026-06-17T10-40-18.jpg",
        "leg": "leg05",
        "mark_index": 34,
        "along_track_m": 34.0,
        "achieved_heading": 327.7861016228911,
        "target_bearing": 329.87181522941916,
        "fix_type": 6,
        "hacc_m": 0.014,
        "corrupt": false,
        "position_interpolated": true,
        "captured_at_utc": "2026-06-17T16:40:18.134753+00:00"
      },
      "geometry": {
        "type": "Point",
        "coordinates": [
          -114.01726720029934,
          46.69722929263006
        ]
      }
    },
    {
      "type": "Feature",
      "properties": {
        "file": "leg05_m035_b329_2026-06-17T10-40-19.jpg",
        "leg": "leg05",
        "mark_index": 35,
        "along_track_m": 35.0,
        "achieved_heading": 327.6196982854188,
        "target_bearing": 329.87181522941916,
        "fix_type": 6,
        "hacc_m": 0.014,
        "corrupt": false,
        "position_interpolated": true,
        "captured_at_utc": "2026-06-17T16:40:19.188993+00:00"
      },
      "geometry": {
        "type": "Point",
        "coordinates": [
          -114.0172736,
          46.697237099999995
        ]
      }
    },
    {
      "type": "Feature",
      "properties": {
        "file": "leg05_m036_b329_2026-06-17T10-40-20.jpg",
        "leg": "leg05",
        "mark_index": 36,
        "along_track_m": 36.0,
        "achieved_heading": 327.81523769696764,
        "target_bearing": 329.87181522941916,
        "fix_type": 6,
        "hacc_m": 0.014,
        "corrupt": false,
        "position_interpolated": true,
        "captured_at_utc": "2026-06-17T16:40:20.105358+00:00"
      },
      "geometry": {
        "type": "Point",
        "coordinates": [
          -114.01727970557933,
          46.69724446028385
        ]
      }
    },
    {
      "type": "Feature",
      "properties": {
        "file": "leg05_m037_b329_2026-06-17T10-40-21.jpg",
        "leg": "leg05",
        "mark_index": 37,
        "along_track_m": 37.0,
        "achieved_heading": 327.8565346088908,
        "target_bearing": 329.87181522941916,
        "fix_type": 6,
        "hacc_m": 0.014,
        "corrupt": false,
        "position_interpolated": true,
        "captured_at_utc": "2026-06-17T16:40:21.447700+00:00"
      },
      "geometry": {
        "type": "Point",
        "coordinates": [
          -114.01728759999999,
          46.6972544
        ]
      }
    },
    {
      "type": "Feature",
      "properties": {
        "file": "leg05_m039_b329_2026-06-17T10-40-27.jpg",
        "leg": "leg05",
        "mark_index": 39,
        "along_track_m": 39.0,
        "achieved_heading": 327.7082806755037,
        "target_bearing": 329.87181522941916,
        "fix_type": 6,
        "hacc_m": 0.014,
        "corrupt": false,
        "position_interpolated": true,
        "captured_at_utc": "2026-06-17T16:40:26.315777+00:00"
      },
      "geometry": {
        "type": "Point",
        "coordinates": [
          -114.01730120582812,
          46.697269399999996
        ]
      }
    },
    {
      "type": "Feature",
      "properties": {
        "file": "leg05_m040_b329_2026-06-17T10-40-28.jpg",
        "leg": "leg05",
        "mark_index": 40,
        "along_track_m": 40.0,
        "achieved_heading": 327.95770900848595,
        "target_bearing": 329.87181522941916,
        "fix_type": 6,
        "hacc_m": 0.014,
        "corrupt": false,
        "position_interpolated": true,
        "captured_at_utc": "2026-06-17T16:40:28.509643+00:00"
      },
      "geometry": {
        "type": "Point",
        "coordinates": [
          -114.01730676673152,
          46.697276108414414
        ]
      }
    },
    {
      "type": "Feature",
      "properties": {
        "file": "leg05_m041_b329_2026-06-17T10-40-29.jpg",
        "leg": "leg05",
        "mark_index": 41,
        "along_track_m": 41.0,
        "achieved_heading": 328.6078393034475,
        "target_bearing": 329.87181522941916,
        "fix_type": 6,
        "hacc_m": 0.014,
        "corrupt": false,
        "position_interpolated": true,
        "captured_at_utc": "2026-06-17T16:40:29.542726+00:00"
      },
      "geometry": {
        "type": "Point",
        "coordinates": [
          -114.0173129,
          46.6972843
        ]
      }
    },
    {
      "type": "Feature",
      "properties": {
        "file": "leg05_m042_b329_2026-06-17T10-40-30.jpg",
        "leg": "leg05",
        "mark_index": 42,
        "along_track_m": 42.0,
        "achieved_heading": 327.7109055251822,
        "target_bearing": 329.87181522941916,
        "fix_type": 6,
        "hacc_m": 0.014,
        "corrupt": false,
        "position_interpolated": true,
        "captured_at_utc": "2026-06-17T16:40:30.471952+00:00"
      },
      "geometry": {
        "type": "Point",
        "coordinates": [
          -114.0173185723022,
          46.69729160650254
        ]
      }
    },
    {
      "type": "Feature",
      "properties": {
        "file": "leg05_m043_b329_2026-06-17T10-40-31.jpg",
        "leg": "leg05",
        "mark_index": 43,
        "along_track_m": 43.0,
        "achieved_heading": 325.86772285892437,
        "target_bearing": 329.87181522941916,
        "fix_type": 6,
        "hacc_m": 0.014,
        "corrupt": false,
        "position_interpolated": true,
        "captured_at_utc": "2026-06-17T16:40:31.579155+00:00"
      },
      "geometry": {
        "type": "Point",
        "coordinates": [
          -114.0173252,
          46.6972995
        ]
      }
    },
    {
      "type": "Feature",
      "properties": {
        "file": "leg05_m044_b329_2026-06-17T10-40-32.jpg",
        "leg": "leg05",
        "mark_index": 44,
        "along_track_m": 44.0,
        "achieved_heading": 326.1587954210794,
        "target_bearing": 329.87181522941916,
        "fix_type": 6,
        "hacc_m": 0.014,
        "corrupt": false,
        "position_interpolated": true,
        "captured_at_utc": "2026-06-17T16:40:32.625140+00:00"
      },
      "geometry": {
        "type": "Point",
        "coordinates": [
          -114.01733159999999,
          46.697306999999995
        ]
      }
    },
    {
      "type": "Feature",
      "properties": {
        "file": "leg05_m045_b329_2026-06-17T10-40-33.jpg",
        "leg": "leg05",
        "mark_index": 45,
        "along_track_m": 45.0,
        "achieved_heading": 326.3661762521865,
        "target_bearing": 329.87181522941916,
        "fix_type": 6,
        "hacc_m": 0.014,
        "corrupt": false,
        "position_interpolated": true,
        "captured_at_utc": "2026-06-17T16:40:33.769165+00:00"
      },
      "geometry": {
        "type": "Point",
        "coordinates": [
          -114.0173391,
          46.697315499999995
        ]
      }
    },
    {
      "type": "Feature",
      "properties": {
        "file": "leg05_m046_b329_2026-06-17T10-40-34.jpg",
        "leg": "leg05",
        "mark_index": 46,
        "along_track_m": 46.0,
        "achieved_heading": 325.52998999232113,
        "target_bearing": 329.87181522941916,
        "fix_type": 6,
        "hacc_m": 0.014,
        "corrupt": false,
        "position_interpolated": true,
        "captured_at_utc": "2026-06-17T16:40:34.664092+00:00"
      },
      "geometry": {
        "type": "Point",
        "coordinates": [
          -114.01734499273263,
          46.697322236650365
        ]
      }
    },
    {
      "type": "Feature",
      "properties": {
        "file": "leg05_m047_b329_2026-06-17T10-40-35.jpg",
        "leg": "leg05",
        "mark_index": 47,
        "along_track_m": 47.0,
        "achieved_heading": 325.9281064312636,
        "target_bearing": 329.87181522941916,
        "fix_type": 6,
        "hacc_m": 0.014,
        "corrupt": false,
        "position_interpolated": true,
        "captured_at_utc": "2026-06-17T16:40:35.775725+00:00"
      },
      "geometry": {
        "type": "Point",
        "coordinates": [
          -114.01735199999999,
          46.6973299
        ]
      }
    },
    {
      "type": "Feature",
      "properties": {
        "file": "leg05_m048_b329_2026-06-17T10-40-36.jpg",
        "leg": "leg05",
        "mark_index": 48,
        "along_track_m": 48.0,
        "achieved_heading": 328.3234060503752,
        "target_bearing": 329.87181522941916,
        "fix_type": 6,
        "hacc_m": 0.014,
        "corrupt": false,
        "position_interpolated": true,
        "captured_at_utc": "2026-06-17T16:40:36.897297+00:00"
      },
      "geometry": {
        "type": "Point",
        "coordinates": [
          -114.01735908256126,
          46.69733868372546
        ]
      }
    },
    {
      "type": "Feature",
      "properties": {
        "file": "leg05_m049_b329_2026-06-17T10-40-38.jpg",
        "leg": "leg05",
        "mark_index": 49,
        "along_track_m": 49.0,
        "achieved_heading": 329.07439063129254,
        "target_bearing": 329.87181522941916,
        "fix_type": 6,
        "hacc_m": 0.014,
        "corrupt": false,
        "position_interpolated": true,
        "captured_at_utc": "2026-06-17T16:40:37.965108+00:00"
      },
      "geometry": {
        "type": "Point",
        "coordinates": [
          -114.0173652,
          46.6973468
        ]
      }
    },
    {
      "type": "Feature",
      "properties": {
        "file": "leg05_m050_b329_2026-06-17T10-40-39.jpg",
        "leg": "leg05",
        "mark_index": 50,
        "along_track_m": 50.0,
        "achieved_heading": 331.0611548654839,
        "target_bearing": 329.87181522941916,
        "fix_type": 6,
        "hacc_m": 0.014,
        "corrupt": false,
        "position_interpolated": true,
        "captured_at_utc": "2026-06-17T16:40:38.943771+00:00"
      },
      "geometry": {
        "type": "Point",
        "coordinates": [
          -114.017371,
          46.6973543
        ]
      }
    },
    {
      "type": "Feature",
      "properties": {
        "file": "leg06_m000_b059_2026-06-17T10-40-43.jpg",
        "leg": "leg06",
        "mark_index": 0,
        "along_track_m": 0.0,
        "achieved_heading": 58.565561137109455,
        "target_bearing": 59.71386421892515,
        "fix_type": 6,
        "hacc_m": 0.014,
        "corrupt": false,
        "position_interpolated": true,
        "captured_at_utc": "2026-06-17T16:40:43.267811+00:00"
      },
      "geometry": {
        "type": "Point",
        "coordinates": [
          -114.0173755,
          46.6973602
        ]
      }
    },
    {
      "type": "Feature",
      "properties": {
        "file": "leg06_m001_b059_2026-06-17T10-40-45.jpg",
        "leg": "leg06",
        "mark_index": 1,
        "along_track_m": 1.0,
        "achieved_heading": 53.41272250237991,
        "target_bearing": 59.71386421892515,
        "fix_type": 6,
        "hacc_m": 0.014,
        "corrupt": false,
        "position_interpolated": true,
        "captured_at_utc": "2026-06-17T16:40:45.032277+00:00"
      },
      "geometry": {
        "type": "Point",
        "coordinates": [
          -114.0173631,
          46.6973655
        ]
      }
    },
    {
      "type": "Feature",
      "properties": {
        "file": "leg06_m002_b059_2026-06-17T10-40-46.jpg",
        "leg": "leg06",
        "mark_index": 2,
        "along_track_m": 2.0,
        "achieved_heading": 56.544223331667425,
        "target_bearing": 59.71386421892515,
        "fix_type": 6,
        "hacc_m": 0.014,
        "corrupt": false,
        "position_interpolated": true,
        "captured_at_utc": "2026-06-17T16:40:46.071991+00:00"
      },
      "geometry": {
        "type": "Point",
        "coordinates": [
          -114.01735114913164,
          46.69737030686153
        ]
      }
    },
    {
      "type": "Feature",
      "properties": {
        "file": "leg06_m003_b059_2026-06-17T10-40-47.jpg",
        "leg": "leg06",
        "mark_index": 3,
        "along_track_m": 3.0,
        "achieved_heading": 57.83034169439759,
        "target_bearing": 59.71386421892515,
        "fix_type": 6,
        "hacc_m": 0.014,
        "corrupt": false,
        "position_interpolated": true,
        "captured_at_utc": "2026-06-17T16:40:47.189964+00:00"
      },
      "geometry": {
        "type": "Point",
        "coordinates": [
          -114.0173404,
          46.6973748
        ]
      }
    },
    {
      "type": "Feature",
      "properties": {
        "file": "leg06_m004_b059_2026-06-17T10-40-48.jpg",
        "leg": "leg06",
        "mark_index": 4,
        "along_track_m": 4.0,
        "achieved_heading": 61.45373353484253,
        "target_bearing": 59.71386421892515,
        "fix_type": 6,
        "hacc_m": 0.014,
        "corrupt": false,
        "position_interpolated": true,
        "captured_at_utc": "2026-06-17T16:40:48.305898+00:00"
      },
      "geometry": {
        "type": "Point",
        "coordinates": [
          -114.01732784862247,
          46.69737920039357
        ]
      }
    },
    {
      "type": "Feature",
      "properties": {
        "file": "leg06_m005_b059_2026-06-17T10-40-49.jpg",
        "leg": "leg06",
        "mark_index": 5,
        "along_track_m": 4.819,
        "achieved_heading": 64.41548503775594,
        "target_bearing": 59.71386421892515,
        "fix_type": 6,
        "hacc_m": 0.014,
        "corrupt": false,
        "position_interpolated": true,
        "captured_at_utc": "2026-06-17T16:40:49.142670+00:00"
      },
      "geometry": {
        "type": "Point",
        "coordinates": [
          -114.01731922337784,
          46.69738189362422
        ]
      }
    },
    {
      "type": "Feature",
      "properties": {
        "file": "leg07_m000_b149_2026-06-17T10-40-53.jpg",
        "leg": "leg07",
        "mark_index": 0,
        "along_track_m": 0.0,
        "achieved_heading": 147.49814685317318,
        "target_bearing": 149.87161369081628,
        "fix_type": 6,
        "hacc_m": 0.014,
        "corrupt": false,
        "position_interpolated": true,
        "captured_at_utc": "2026-06-17T16:40:53.352106+00:00"
      },
      "geometry": {
        "type": "Point",
        "coordinates": [
          -114.01731509999999,
          46.6973832
        ]
      }
    },
    {
      "type": "Feature",
      "properties": {
        "file": "leg07_m001_b149_2026-06-17T10-40-55.jpg",
        "leg": "leg07",
        "mark_index": 1,
        "along_track_m": 1.0,
        "achieved_heading": 143.41398909792164,
        "target_bearing": 149.87161369081628,
        "fix_type": 6,
        "hacc_m": 0.014,
        "corrupt": false,
        "position_interpolated": true,
        "captured_at_utc": "2026-06-17T16:40:55.035448+00:00"
      },
      "geometry": {
        "type": "Point",
        "coordinates": [
          -114.01730780068644,
          46.69737485074364
        ]
      }
    },
    {
      "type": "Feature",
      "properties": {
        "file": "leg07_m002_b149_2026-06-17T10-40-56.jpg",
        "leg": "leg07",
        "mark_index": 2,
        "along_track_m": 2.0,
        "achieved_heading": 144.84930567050387,
        "target_bearing": 149.87161369081628,
        "fix_type": 6,
        "hacc_m": 0.014,
        "corrupt": false,
        "position_interpolated": true,
        "captured_at_utc": "2026-06-17T16:40:56.082466+00:00"
      },
      "geometry": {
        "type": "Point",
        "coordinates": [
          -114.01730128967878,
          46.69736735907386
        ]
      }
    },
    {
      "type": "Feature",
      "properties": {
        "file": "leg07_m003_b149_2026-06-17T10-40-57.jpg",
        "leg": "leg07",
        "mark_index": 3,
        "along_track_m": 3.0,
        "achieved_heading": 147.7309396053348,
        "target_bearing": 149.87161369081628,
        "fix_type": 6,
        "hacc_m": 0.014,
        "corrupt": false,
        "position_interpolated": true,
        "captured_at_utc": "2026-06-17T16:40:57.204984+00:00"
      },
      "geometry": {
        "type": "Point",
        "coordinates": [
          -114.01729468387757,
          46.69735938784931
        ]
      }
    },
    {
      "type": "Feature",
      "properties": {
        "file": "leg07_m004_b149_2026-06-17T10-40-58.jpg",
        "leg": "leg07",
        "mark_index": 4,
        "along_track_m": 4.0,
        "achieved_heading": 149.1157723099634,
        "target_bearing": 149.87161369081628,
        "fix_type": 6,
        "hacc_m": 0.014,
        "corrupt": false,
        "position_interpolated": true,
        "captured_at_utc": "2026-06-17T16:40:58.333193+00:00"
      },
      "geometry": {
        "type": "Point",
        "coordinates": [
          -114.0172881,
          46.697350899999996
        ]
      }
    },
    {
      "type": "Feature",
      "properties": {
        "file": "leg07_m005_b149_2026-06-17T10-40-59.jpg",
        "leg": "leg07",
        "mark_index": 5,
        "along_track_m": 5.0,
        "achieved_heading": 149.7300835194614,
        "target_bearing": 149.87161369081628,
        "fix_type": 6,
        "hacc_m": 0.014,
        "corrupt": false,
        "position_interpolated": true,
        "captured_at_utc": "2026-06-17T16:40:59.449907+00:00"
      },
      "geometry": {
        "type": "Point",
        "coordinates": [
          -114.01728299999999,
          46.6973434
        ]
      }
    },
    {
      "type": "Feature",
      "properties": {
        "file": "leg07_m006_b149_2026-06-17T10-41-00.jpg",
        "leg": "leg07",
        "mark_index": 6,
        "along_track_m": 6.0,
        "achieved_heading": 147.9394660614193,
        "target_bearing": 149.87161369081628,
        "fix_type": 6,
        "hacc_m": 0.014,
        "corrupt": false,
        "position_interpolated": true,
        "captured_at_utc": "2026-06-17T16:41:00.569907+00:00"
      },
      "geometry": {
        "type": "Point",
        "coordinates": [
          -114.0172765,
          46.6973349
        ]
      }
    },
    {
      "type": "Feature",
      "properties": {
        "file": "leg07_m007_b149_2026-06-17T10-41-01.jpg",
        "leg": "leg07",
        "mark_index": 7,
        "along_track_m": 7.0,
        "achieved_heading": 145.63639806055158,
        "target_bearing": 149.87161369081628,
        "fix_type": 6,
        "hacc_m": 0.014,
        "corrupt": false,
        "position_interpolated": true,
        "captured_at_utc": "2026-06-17T16:41:01.541837+00:00"
      },
      "geometry": {
        "type": "Point",
        "coordinates": [
          -114.0172707,
          46.6973275
        ]
      }
    },
    {
      "type": "Feature",
      "properties": {
        "file": "leg07_m008_b149_2026-06-17T10-41-02.jpg",
        "leg": "leg07",
        "mark_index": 8,
        "along_track_m": 8.0,
        "achieved_heading": 145.0499498659169,
        "target_bearing": 149.87161369081628,
        "fix_type": 6,
        "hacc_m": 0.014,
        "corrupt": false,
        "position_interpolated": true,
        "captured_at_utc": "2026-06-17T16:41:02.664310+00:00"
      },
      "geometry": {
        "type": "Point",
        "coordinates": [
          -114.01726390041325,
          46.69731960051658
        ]
      }
    },
    {
      "type": "Feature",
      "properties": {
        "file": "leg07_m009_b149_2026-06-17T10-41-04.jpg",
        "leg": "leg07",
        "mark_index": 9,
        "along_track_m": 9.0,
        "achieved_heading": 146.67845491649965,
        "target_bearing": 149.87161369081628,
        "fix_type": 6,
        "hacc_m": 0.014,
        "corrupt": false,
        "position_interpolated": true,
        "captured_at_utc": "2026-06-17T16:41:03.930625+00:00"
      },
      "geometry": {
        "type": "Point",
        "coordinates": [
          -114.01725640539074,
          46.69731100735102
        ]
      }
    },
    {
      "type": "Feature",
      "properties": {
        "file": "leg07_m010_b149_2026-06-17T10-41-04.jpg",
        "leg": "leg07",
        "mark_index": 10,
        "along_track_m": 10.0,
        "achieved_heading": 146.58633615078682,
        "target_bearing": 149.87161369081628,
        "fix_type": 6,
        "hacc_m": 0.014,
        "corrupt": false,
        "position_interpolated": true,
        "captured_at_utc": "2026-06-17T16:41:04.907039+00:00"
      },
      "geometry": {
        "type": "Point",
        "coordinates": [
          -114.01725053601695,
          46.697303673112486
        ]
      }
    },
    {
      "type": "Feature",
      "properties": {
        "file": "leg07_m011_b149_2026-06-17T10-41-06.jpg",
        "leg": "leg07",
        "mark_index": 11,
        "along_track_m": 11.0,
        "achieved_heading": 143.88876784450196,
        "target_bearing": 149.87161369081628,
        "fix_type": 6,
        "hacc_m": 0.014,
        "corrupt": false,
        "position_interpolated": true,
        "captured_at_utc": "2026-06-17T16:41:05.954855+00:00"
      },
      "geometry": {
        "type": "Point",
        "coordinates": [
          -114.0172442,
          46.697295999999994
        ]
      }
    },
    {
      "type": "Feature",
      "properties": {
        "file": "leg07_m012_b149_2026-06-17T10-41-06.jpg",
        "leg": "leg07",
        "mark_index": 12,
        "along_track_m": 12.0,
        "achieved_heading": 144.9085451270511,
        "target_bearing": 149.87161369081628,
        "fix_type": 6,
        "hacc_m": 0.014,
        "corrupt": false,
        "position_interpolated": true,
        "captured_at_utc": "2026-06-17T16:41:06.939046+00:00"
      },
      "geometry": {
        "type": "Point",
        "coordinates": [
          -114.0172375,
          46.6972889
        ]
      }
    },
    {
      "type": "Feature",
      "properties": {
        "file": "leg07_m013_b149_2026-06-17T10-41-08.jpg",
        "leg": "leg07",
        "mark_index": 13,
        "along_track_m": 13.0,
        "achieved_heading": 146.29841859498708,
        "target_bearing": 149.87161369081628,
        "fix_type": 6,
        "hacc_m": 0.014,
        "corrupt": false,
        "position_interpolated": true,
        "captured_at_utc": "2026-06-17T16:41:08.211617+00:00"
      },
      "geometry": {
        "type": "Point",
        "coordinates": [
          -114.0172305,
          46.6972801
        ]
      }
    },
    {
      "type": "Feature",
      "properties": {
        "file": "leg07_m014_b149_2026-06-17T10-41-09.jpg",
        "leg": "leg07",
        "mark_index": 14,
        "along_track_m": 14.0,
        "achieved_heading": 146.59439368458538,
        "target_bearing": 149.87161369081628,
        "fix_type": 6,
        "hacc_m": 0.014,
        "corrupt": false,
        "position_interpolated": true,
        "captured_at_utc": "2026-06-17T16:41:09.115975+00:00"
      },
      "geometry": {
        "type": "Point",
        "coordinates": [
          -114.01722446582033,
          46.69727307857574
        ]
      }
    },
    {
      "type": "Feature",
      "properties": {
        "file": "leg07_m015_b149_2026-06-17T10-41-10.jpg",
        "leg": "leg07",
        "mark_index": 15,
        "along_track_m": 15.0,
        "achieved_heading": 145.2974826219295,
        "target_bearing": 149.87161369081628,
        "fix_type": 6,
        "hacc_m": 0.014,
        "corrupt": false,
        "position_interpolated": true,
        "captured_at_utc": "2026-06-17T16:41:10.299744+00:00"
      },
      "geometry": {
        "type": "Point",
        "coordinates": [
          -114.01721790033878,
          46.697264736764026
        ]
      }
    },
    {
      "type": "Feature",
      "properties": {
        "file": "leg07_m016_b149_2026-06-17T10-41-11.jpg",
        "leg": "leg07",
        "mark_index": 16,
        "along_track_m": 16.0,
        "achieved_heading": 145.4781288298199,
        "target_bearing": 149.87161369081628,
        "fix_type": 6,
        "hacc_m": 0.014,
        "corrupt": false,
        "position_interpolated": true,
        "captured_at_utc": "2026-06-17T16:41:11.556614+00:00"
      },
      "geometry": {
        "type": "Point",
        "coordinates": [
          -114.01721069999999,
          46.6972564
        ]
      }
    },
    {
      "type": "Feature",
      "properties": {
        "file": "leg07_m017_b149_2026-06-17T10-41-12.jpg",
        "leg": "leg07",
        "mark_index": 17,
        "along_track_m": 17.0,
        "achieved_heading": 144.04157402406125,
        "target_bearing": 149.87161369081628,
        "fix_type": 6,
        "hacc_m": 0.014,
        "corrupt": false,
        "position_interpolated": true,
        "captured_at_utc": "2026-06-17T16:41:12.607012+00:00"
      },
      "geometry": {
        "type": "Point",
        "coordinates": [
          -114.0172042,
          46.697249
        ]
      }
    },
    {
      "type": "Feature",
      "properties": {
        "file": "leg07_m018_b149_2026-06-17T10-41-13.jpg",
        "leg": "leg07",
        "mark_index": 18,
        "along_track_m": 18.0,
        "achieved_heading": 144.20437698904385,
        "target_bearing": 149.87161369081628,
        "fix_type": 6,
        "hacc_m": 0.014,
        "corrupt": false,
        "position_interpolated": true,
        "captured_at_utc": "2026-06-17T16:41:13.659158+00:00"
      },
      "geometry": {
        "type": "Point",
        "coordinates": [
          -114.017198,
          46.6972421
        ]
      }
    },
    {
      "type": "Feature",
      "properties": {
        "file": "leg07_m019_b149_2026-06-17T10-41-14.jpg",
        "leg": "leg07",
        "mark_index": 19,
        "along_track_m": 19.0,
        "achieved_heading": 146.3770113993063,
        "target_bearing": 149.87161369081628,
        "fix_type": 6,
        "hacc_m": 0.014,
        "corrupt": false,
        "position_interpolated": true,
        "captured_at_utc": "2026-06-17T16:41:14.635640+00:00"
      },
      "geometry": {
        "type": "Point",
        "coordinates": [
          -114.0171909735115,
          46.697234025320085
        ]
      }
    },
    {
      "type": "Feature",
      "properties": {
        "file": "leg07_m020_b149_2026-06-17T10-41-15.jpg",
        "leg": "leg07",
        "mark_index": 20,
        "along_track_m": 20.0,
        "achieved_heading": 147.39874154883927,
        "target_bearing": 149.87161369081628,
        "fix_type": 6,
        "hacc_m": 0.014,
        "corrupt": false,
        "position_interpolated": true,
        "captured_at_utc": "2026-06-17T16:41:15.757694+00:00"
      },
      "geometry": {
        "type": "Point",
        "coordinates": [
          -114.01718439999999,
          46.6972259
        ]
      }
    },
    {
      "type": "Feature",
      "properties": {
        "file": "leg07_m021_b149_2026-06-17T10-41-16.jpg",
        "leg": "leg07",
        "mark_index": 21,
        "along_track_m": 21.0,
        "achieved_heading": 146.33015791699935,
        "target_bearing": 149.87161369081628,
        "fix_type": 6,
        "hacc_m": 0.014,
        "corrupt": false,
        "position_interpolated": true,
        "captured_at_utc": "2026-06-17T16:41:16.735742+00:00"
      },
      "geometry": {
        "type": "Point",
        "coordinates": [
          -114.0171778,
          46.6972184
        ]
      }
    },
    {
      "type": "Feature",
      "properties": {
        "file": "leg07_m022_b149_2026-06-17T10-41-18.jpg",
        "leg": "leg07",
        "mark_index": 22,
        "along_track_m": 22.0,
        "achieved_heading": 147.05462345234355,
        "target_bearing": 149.87161369081628,
        "fix_type": 6,
        "hacc_m": 0.014,
        "corrupt": false,
        "position_interpolated": true,
        "captured_at_utc": "2026-06-17T16:41:17.862225+00:00"
      },
      "geometry": {
        "type": "Point",
        "coordinates": [
          -114.01717100636478,
          46.69721024181969
        ]
      }
    },
    {
      "type": "Feature",
      "properties": {
        "file": "leg07_m023_b149_2026-06-17T10-41-19.jpg",
        "leg": "leg07",
        "mark_index": 23,
        "along_track_m": 23.0,
        "achieved_heading": 145.9649902063239,
        "target_bearing": 149.87161369081628,
        "fix_type": 6,
        "hacc_m": 0.014,
        "corrupt": false,
        "position_interpolated": true,
        "captured_at_utc": "2026-06-17T16:41:18.976319+00:00"
      },
      "geometry": {
        "type": "Point",
        "coordinates": [
          -114.0171646,
          46.6972028
        ]
      }
    },
    {
      "type": "Feature",
      "properties": {
        "file": "leg07_m024_b149_2026-06-17T10-41-19.jpg",
        "leg": "leg07",
        "mark_index": 24,
        "along_track_m": 24.0,
        "achieved_heading": 144.596683203963,
        "target_bearing": 149.87161369081628,
        "fix_type": 6,
        "hacc_m": 0.014,
        "corrupt": false,
        "position_interpolated": true,
        "captured_at_utc": "2026-06-17T16:41:19.961525+00:00"
      },
      "geometry": {
        "type": "Point",
        "coordinates": [
          -114.0171584,
          46.6971955
        ]
      }
    },
    {
      "type": "Feature",
      "properties": {
        "file": "leg07_m025_b149_2026-06-17T10-41-21.jpg",
        "leg": "leg07",
        "mark_index": 25,
        "along_track_m": 25.0,
        "achieved_heading": 144.63943574478873,
        "target_bearing": 149.87161369081628,
        "fix_type": 6,
        "hacc_m": 0.014,
        "corrupt": false,
        "position_interpolated": true,
        "captured_at_utc": "2026-06-17T16:41:21.014754+00:00"
      },
      "geometry": {
        "type": "Point",
        "coordinates": [
          -114.0171511125296,
          46.69718767190707
        ]
      }
    },
    {
      "type": "Feature",
      "properties": {
        "file": "leg07_m026_b149_2026-06-17T10-41-22.jpg",
        "leg": "leg07",
        "mark_index": 26,
        "along_track_m": 26.0,
        "achieved_heading": 147.9874228895527,
        "target_bearing": 149.87161369081628,
        "fix_type": 6,
        "hacc_m": 0.014,
        "corrupt": false,
        "position_interpolated": true,
        "captured_at_utc": "2026-06-17T16:41:22.056539+00:00"
      },
      "geometry": {
        "type": "Point",
        "coordinates": [
          -114.01714500682274,
          46.69718008479548
        ]
      }
    },
    {
      "type": "Feature",
      "properties": {
        "file": "leg07_m027_b149_2026-06-17T10-41-23.jpg",
        "leg": "leg07",
        "mark_index": 27,
        "along_track_m": 27.0,
        "achieved_heading": 148.5359766254453,
        "target_bearing": 149.87161369081628,
        "fix_type": 6,
        "hacc_m": 0.014,
        "corrupt": false,
        "position_interpolated": true,
        "captured_at_utc": "2026-06-17T16:41:23.177813+00:00"
      },
      "geometry": {
        "type": "Point",
        "coordinates": [
          -114.0171385,
          46.697171999999995
        ]
      }
    },
    {
      "type": "Feature",
      "properties": {
        "file": "leg07_m028_b149_2026-06-17T10-41-24.jpg",
        "leg": "leg07",
        "mark_index": 28,
        "along_track_m": 28.0,
        "achieved_heading": 146.68070313931378,
        "target_bearing": 149.87161369081628,
        "fix_type": 6,
        "hacc_m": 0.014,
        "corrupt": false,
        "position_interpolated": true,
        "captured_at_utc": "2026-06-17T16:41:24.307028+00:00"
      },
      "geometry": {
        "type": "Point",
        "coordinates": [
          -114.01713217365267,
          46.697163500368475
        ]
      }
    },
    {
      "type": "Feature",
      "properties": {
        "file": "leg07_m029_b149_2026-06-17T10-41-25.jpg",
        "leg": "leg07",
        "mark_index": 29,
        "along_track_m": 29.0,
        "achieved_heading": 145.1070416235963,
        "target_bearing": 149.87161369081628,
        "fix_type": 6,
        "hacc_m": 0.014,
        "corrupt": false,
        "position_interpolated": true,
        "captured_at_utc": "2026-06-17T16:41:25.349758+00:00"
      },
      "geometry": {
        "type": "Point",
        "coordinates": [
          -114.01712579999999,
          46.6971561
        ]
      }
    },
    {
      "type": "Feature",
      "properties": {
        "file": "leg07_m030_b149_2026-06-17T10-41-26.jpg",
        "leg": "leg07",
        "mark_index": 30,
        "along_track_m": 30.0,
        "achieved_heading": 145.6242254027036,
        "target_bearing": 149.87161369081628,
        "fix_type": 6,
        "hacc_m": 0.014,
        "corrupt": false,
        "position_interpolated": true,
        "captured_at_utc": "2026-06-17T16:41:26.405831+00:00"
      },
      "geometry": {
        "type": "Point",
        "coordinates": [
          -114.0171194,
          46.6971488
        ]
      }
    },
    {
      "type": "Feature",
      "properties": {
        "file": "leg07_m031_b149_2026-06-17T10-41-27.jpg",
        "leg": "leg07",
        "mark_index": 31,
        "along_track_m": 31.0,
        "achieved_heading": 146.57762691935676,
        "target_bearing": 149.87161369081628,
        "fix_type": 6,
        "hacc_m": 0.014,
        "corrupt": false,
        "position_interpolated": true,
        "captured_at_utc": "2026-06-17T16:41:27.451356+00:00"
      },
      "geometry": {
        "type": "Point",
        "coordinates": [
          -114.0171121947634,
          46.69714060242614
        ]
      }
    },
    {
      "type": "Feature",
      "properties": {
        "file": "leg07_m032_b149_2026-06-17T10-41-28.jpg",
        "leg": "leg07",
        "mark_index": 32,
        "along_track_m": 32.0,
        "achieved_heading": 147.07627103703524,
        "target_bearing": 149.87161369081628,
        "fix_type": 6,
        "hacc_m": 0.014,
        "corrupt": false,
        "position_interpolated": true,
        "captured_at_utc": "2026-06-17T16:41:28.569403+00:00"
      },
      "geometry": {
        "type": "Point",
        "coordinates": [
          -114.01710589999999,
          46.6971327
        ]
      }
    },
    {
      "type": "Feature",
      "properties": {
        "file": "leg07_m033_b149_2026-06-17T10-41-29.jpg",
        "leg": "leg07",
        "mark_index": 33,
        "along_track_m": 33.0,
        "achieved_heading": 145.4257119507372,
        "target_bearing": 149.87161369081628,
        "fix_type": 6,
        "hacc_m": 0.014,
        "corrupt": false,
        "position_interpolated": true,
        "captured_at_utc": "2026-06-17T16:41:29.546946+00:00"
      },
      "geometry": {
        "type": "Point",
        "coordinates": [
          -114.0170993,
          46.697125199999995
        ]
      }
    },
    {
      "type": "Feature",
      "properties": {
        "file": "leg07_m034_b149_2026-06-17T10-41-30.jpg",
        "leg": "leg07",
        "mark_index": 34,
        "along_track_m": 34.0,
        "achieved_heading": 147.67202601910876,
        "target_bearing": 149.87161369081628,
        "fix_type": 6,
        "hacc_m": 0.014,
        "corrupt": false,
        "position_interpolated": true,
        "captured_at_utc": "2026-06-17T16:41:30.604806+00:00"
      },
      "geometry": {
        "type": "Point",
        "coordinates": [
          -114.01709302109936,
          46.69711738331731
        ]
      }
    },
    {
      "type": "Feature",
      "properties": {
        "file": "leg07_m035_b149_2026-06-17T10-41-31.jpg",
        "leg": "leg07",
        "mark_index": 35,
        "along_track_m": 35.0,
        "achieved_heading": 146.56274953399958,
        "target_bearing": 149.87161369081628,
        "fix_type": 6,
        "hacc_m": 0.014,
        "corrupt": false,
        "position_interpolated": true,
        "captured_at_utc": "2026-06-17T16:41:31.726398+00:00"
      },
      "geometry": {
        "type": "Point",
        "coordinates": [
          -114.01708621045942,
          46.69710901287315
        ]
      }
    },
    {
      "type": "Feature",
      "properties": {
        "file": "leg07_m036_b149_2026-06-17T10-41-32.jpg",
        "leg": "leg07",
        "mark_index": 36,
        "along_track_m": 36.0,
        "achieved_heading": 145.64788343209966,
        "target_bearing": 149.87161369081628,
        "fix_type": 6,
        "hacc_m": 0.014,
        "corrupt": false,
        "position_interpolated": true,
        "captured_at_utc": "2026-06-17T16:41:32.766870+00:00"
      },
      "geometry": {
        "type": "Point",
        "coordinates": [
          -114.0170799,
          46.6971018
        ]
      }
    },
    {
      "type": "Feature",
      "properties": {
        "file": "leg07_m037_b149_2026-06-17T10-41-34.jpg",
        "leg": "leg07",
        "mark_index": 37,
        "along_track_m": 37.0,
        "achieved_heading": 146.0104586559471,
        "target_bearing": 149.87161369081628,
        "fix_type": 6,
        "hacc_m": 0.014,
        "corrupt": false,
        "position_interpolated": true,
        "captured_at_utc": "2026-06-17T16:41:33.965057+00:00"
      },
      "geometry": {
        "type": "Point",
        "coordinates": [
          -114.0170723,
          46.697092999999995
        ]
      }
    },
    {
      "type": "Feature",
      "properties": {
        "file": "leg07_m038_b149_2026-06-17T10-41-34.jpg",
        "leg": "leg07",
        "mark_index": 38,
        "along_track_m": 38.0,
        "achieved_heading": 145.91872382450114,
        "target_bearing": 149.87161369081628,
        "fix_type": 6,
        "hacc_m": 0.014,
        "corrupt": false,
        "position_interpolated": true,
        "captured_at_utc": "2026-06-17T16:41:34.875266+00:00"
      },
      "geometry": {
        "type": "Point",
        "coordinates": [
          -114.01706643740391,
          46.6970860893122
        ]
      }
    },
    {
      "type": "Feature",
      "properties": {
        "file": "leg07_m039_b149_2026-06-17T10-41-35.jpg",
        "leg": "leg07",
        "mark_index": 39,
        "along_track_m": 39.0,
        "achieved_heading": 146.713488506193,
        "target_bearing": 149.87161369081628,
        "fix_type": 6,
        "hacc_m": 0.014,
        "corrupt": false,
        "position_interpolated": true,
        "captured_at_utc": "2026-06-17T16:41:35.921250+00:00"
      },
      "geometry": {
        "type": "Point",
        "coordinates": [
          -114.01705975891365,
          46.69707816732989
        ]
      }
    },
    {
      "type": "Feature",
      "properties": {
        "file": "leg07_m040_b149_2026-06-17T10-41-37.jpg",
        "leg": "leg07",
        "mark_index": 40,
        "along_track_m": 40.0,
        "achieved_heading": 146.68744616037856,
        "target_bearing": 149.87161369081628,
        "fix_type": 6,
        "hacc_m": 0.014,
        "corrupt": false,
        "position_interpolated": true,
        "captured_at_utc": "2026-06-17T16:41:37.046290+00:00"
      },
      "geometry": {
        "type": "Point",
        "coordinates": [
          -114.0170538,
          46.697071
        ]
      }
    },
    {
      "type": "Feature",
      "properties": {
        "file": "leg07_m041_b149_2026-06-17T10-41-38.jpg",
        "leg": "leg07",
        "mark_index": 41,
        "along_track_m": 41.0,
        "achieved_heading": 146.051035345968,
        "target_bearing": 149.87161369081628,
        "fix_type": 6,
        "hacc_m": 0.014,
        "corrupt": false,
        "position_interpolated": true,
        "captured_at_utc": "2026-06-17T16:41:38.018320+00:00"
      },
      "geometry": {
        "type": "Point",
        "coordinates": [
          -114.01704677860504,
          46.69706307860504
        ]
      }
    },
    {
      "type": "Feature",
      "properties": {
        "file": "leg07_m042_b149_2026-06-17T10-41-39.jpg",
        "leg": "leg07",
        "mark_index": 42,
        "along_track_m": 42.0,
        "achieved_heading": 146.45497085434457,
        "target_bearing": 149.87161369081628,
        "fix_type": 6,
        "hacc_m": 0.014,
        "corrupt": false,
        "position_interpolated": true,
        "captured_at_utc": "2026-06-17T16:41:39.139499+00:00"
      },
      "geometry": {
        "type": "Point",
        "coordinates": [
          -114.01704029999999,
          46.697055
        ]
      }
    },
    {
      "type": "Feature",
      "properties": {
        "file": "leg07_m043_b149_2026-06-17T10-41-40.jpg",
        "leg": "leg07",
        "mark_index": 43,
        "along_track_m": 43.0,
        "achieved_heading": 145.33337750594725,
        "target_bearing": 149.87161369081628,
        "fix_type": 6,
        "hacc_m": 0.014,
        "corrupt": false,
        "position_interpolated": true,
        "captured_at_utc": "2026-06-17T16:41:40.117089+00:00"
      },
      "geometry": {
        "type": "Point",
        "coordinates": [
          -114.01703401539933,
          46.69704783315307
        ]
      }
    },
    {
      "type": "Feature",
      "properties": {
        "file": "leg07_m044_b149_2026-06-17T10-41-41.jpg",
        "leg": "leg07",
        "mark_index": 44,
        "along_track_m": 44.0,
        "achieved_heading": 146.97828153433287,
        "target_bearing": 149.87161369081628,
        "fix_type": 6,
        "hacc_m": 0.014,
        "corrupt": false,
        "position_interpolated": true,
        "captured_at_utc": "2026-06-17T16:41:41.311957+00:00"
      },
      "geometry": {
        "type": "Point",
        "coordinates": [
          -114.01702673936384,
          46.69703947152473
        ]
      }
    },
    {
      "type": "Feature",
      "properties": {
        "file": "leg07_m045_b149_2026-06-17T10-41-42.jpg",
        "leg": "leg07",
        "mark_index": 45,
        "along_track_m": 45.0,
        "achieved_heading": 147.34856512090602,
        "target_bearing": 149.87161369081628,
        "fix_type": 6,
        "hacc_m": 0.014,
        "corrupt": false,
        "position_interpolated": true,
        "captured_at_utc": "2026-06-17T16:41:42.364437+00:00"
      },
      "geometry": {
        "type": "Point",
        "coordinates": [
          -114.01702039999999,
          46.697032
        ]
      }
    },
    {
      "type": "Feature",
      "properties": {
        "file": "leg07_m046_b149_2026-06-17T10-41-43.jpg",
        "leg": "leg07",
        "mark_index": 46,
        "along_track_m": 46.0,
        "achieved_heading": 146.03892627902638,
        "target_bearing": 149.87161369081628,
        "fix_type": 6,
        "hacc_m": 0.014,
        "corrupt": false,
        "position_interpolated": true,
        "captured_at_utc": "2026-06-17T16:41:43.405251+00:00"
      },
      "geometry": {
        "type": "Point",
        "coordinates": [
          -114.01701396587525,
          46.697024257344076
        ]
      }
    },
    {
      "type": "Feature",
      "properties": {
        "file": "leg07_m047_b149_2026-06-17T10-41-44.jpg",
        "leg": "leg07",
        "mark_index": 47,
        "along_track_m": 47.0,
        "achieved_heading": 146.2980491670868,
        "target_bearing": 149.87161369081628,
        "fix_type": 6,
        "hacc_m": 0.014,
        "corrupt": false,
        "position_interpolated": true,
        "captured_at_utc": "2026-06-17T16:41:44.605938+00:00"
      },
      "geometry": {
        "type": "Point",
        "coordinates": [
          -114.0170071,
          46.697015799999996
        ]
      }
    },
    {
      "type": "Feature",
      "properties": {
        "file": "leg07_m048_b149_2026-06-17T10-41-45.jpg",
        "leg": "leg07",
        "mark_index": 48,
        "along_track_m": 48.0,
        "achieved_heading": 144.28406472428475,
        "target_bearing": 149.87161369081628,
        "fix_type": 6,
        "hacc_m": 0.014,
        "corrupt": false,
        "position_interpolated": true,
        "captured_at_utc": "2026-06-17T16:41:45.587089+00:00"
      },
      "geometry": {
        "type": "Point",
        "coordinates": [
          -114.0170009,
          46.697008499999995
        ]
      }
    },
    {
      "type": "Feature",
      "properties": {
        "file": "leg07_m049_b149_2026-06-17T10-41-46.jpg",
        "leg": "leg07",
        "mark_index": 49,
        "along_track_m": 49.0,
        "achieved_heading": 144.41414091987662,
        "target_bearing": 149.87161369081628,
        "fix_type": 6,
        "hacc_m": 0.014,
        "corrupt": false,
        "position_interpolated": true,
        "captured_at_utc": "2026-06-17T16:41:46.628659+00:00"
      },
      "geometry": {
        "type": "Point",
        "coordinates": [
          -114.01699357842926,
          46.697000878429265
        ]
      }
    },
    {
      "type": "Feature",
      "properties": {
        "file": "leg07_m050_b149_2026-06-17T10-41-47.jpg",
        "leg": "leg07",
        "mark_index": 50,
        "along_track_m": 50.0,
        "achieved_heading": 148.09168722840488,
        "target_bearing": 149.87161369081628,
        "fix_type": 6,
        "hacc_m": 0.014,
        "corrupt": false,
        "position_interpolated": true,
        "captured_at_utc": "2026-06-17T16:41:47.750934+00:00"
      },
      "geometry": {
        "type": "Point",
        "coordinates": [
          -114.0169864,
          46.6969925
        ]
      }
    },
    {
      "type": "Feature",
      "properties": {
        "file": "leg07_m051_b149_2026-06-17T10-41-48.jpg",
        "leg": "leg07",
        "mark_index": 51,
        "along_track_m": 50.527,
        "achieved_heading": 150.35265447920963,
        "target_bearing": 149.87161369081628,
        "fix_type": 6,
        "hacc_m": 0.014,
        "corrupt": false,
        "position_interpolated": true,
        "captured_at_utc": "2026-06-17T16:41:48.173226+00:00"
      },
      "geometry": {
        "type": "Point",
        "coordinates": [
          -114.016984,
          46.6969894
        ]
      }
    },
    {
      "type": "Feature",
      "properties": {
        "file": "leg08_m000_b059_2026-06-17T10-41-52.jpg",
        "leg": "leg08",
        "mark_index": 0,
        "along_track_m": 0.0,
        "achieved_heading": 59.578206151499636,
        "target_bearing": 59.71414891720207,
        "fix_type": 6,
        "hacc_m": 0.014,
        "corrupt": false,
        "position_interpolated": true,
        "captured_at_utc": "2026-06-17T16:41:52.369071+00:00"
      },
      "geometry": {
        "type": "Point",
        "coordinates": [
          -114.0169828,
          46.6969874
        ]
      }
    },
    {
      "type": "Feature",
      "properties": {
        "file": "leg08_m001_b059_2026-06-17T10-41-53.jpg",
        "leg": "leg08",
        "mark_index": 1,
        "along_track_m": 1.0,
        "achieved_heading": 58.54189738744652,
        "target_bearing": 59.71414891720207,
        "fix_type": 6,
        "hacc_m": 0.014,
        "corrupt": false,
        "position_interpolated": true,
        "captured_at_utc": "2026-06-17T16:41:53.919852+00:00"
      },
      "geometry": {
        "type": "Point",
        "coordinates": [
          -114.01697113602668,
          46.69699174677216
        ]
      }
    },
    {
      "type": "Feature",
      "properties": {
        "file": "leg08_m002_b059_2026-06-17T10-41-55.jpg",
        "leg": "leg08",
        "mark_index": 2,
        "along_track_m": 2.0,
        "achieved_heading": 54.61180798330567,
        "target_bearing": 59.71414891720207,
        "fix_type": 6,
        "hacc_m": 0.014,
        "corrupt": false,
        "position_interpolated": true,
        "captured_at_utc": "2026-06-17T16:41:55.183492+00:00"
      },
      "geometry": {
        "type": "Point",
        "coordinates": [
          -114.01695869999999,
          46.6969968
        ]
      }
    },
    {
      "type": "Feature",
      "properties": {
        "file": "leg08_m003_b059_2026-06-17T10-41-56.jpg",
        "leg": "leg08",
        "mark_index": 3,
        "along_track_m": 3.0,
        "achieved_heading": 52.04008691986096,
        "target_bearing": 59.71414891720207,
        "fix_type": 6,
        "hacc_m": 0.014,
        "corrupt": false,
        "position_interpolated": true,
        "captured_at_utc": "2026-06-17T16:41:56.226051+00:00"
      },
      "geometry": {
        "type": "Point",
        "coordinates": [
          -114.0169481,
          46.6970016
        ]
      }
    },
    {
      "type": "Feature",
      "properties": {
        "file": "leg08_m004_b059_2026-06-17T10-41-57.jpg",
        "leg": "leg08",
        "mark_index": 4,
        "along_track_m": 4.0,
        "achieved_heading": 51.021825992241446,
        "target_bearing": 59.71414891720207,
        "fix_type": 6,
        "hacc_m": 0.014,
        "corrupt": false,
        "position_interpolated": true,
        "captured_at_utc": "2026-06-17T16:41:57.275144+00:00"
      },
      "geometry": {
        "type": "Point",
        "coordinates": [
          -114.01693686310483,
          46.697006703629036
        ]
      }
    },
    {
      "type": "Feature",
      "properties": {
        "file": "leg08_m005_b059_2026-06-17T10-41-58.jpg",
        "leg": "leg08",
        "mark_index": 5,
        "along_track_m": 4.91,
        "achieved_heading": 55.9404714090926,
        "target_bearing": 59.71414891720207,
        "fix_type": 6,
        "hacc_m": 0.014,
        "corrupt": false,
        "position_interpolated": true,
        "captured_at_utc": "2026-06-17T16:41:58.256353+00:00"
      },
      "geometry": {
        "type": "Point",
        "coordinates": [
          -114.0169282,
          46.697010899999995
        ]
      }
    },
    {
      "type": "Feature",
      "properties": {
        "file": "leg09_m000_b329_2026-06-17T10-42-02.jpg",
        "leg": "leg09",
        "mark_index": 0,
        "along_track_m": 0.0,
        "achieved_heading": 331.46099578492596,
        "target_bearing": 329.8718976692752,
        "fix_type": 6,
        "hacc_m": 0.014,
        "corrupt": false,
        "position_interpolated": true,
        "captured_at_utc": "2026-06-17T16:42:02.875183+00:00"
      },
      "geometry": {
        "type": "Point",
        "coordinates": [
          -114.01692519999999,
          46.697013299999995
        ]
      }
    },
    {
      "type": "Feature",
      "properties": {
        "file": "leg09_m001_b329_2026-06-17T10-42-04.jpg",
        "leg": "leg09",
        "mark_index": 1,
        "along_track_m": 1.0,
        "achieved_heading": 329.12985969965666,
        "target_bearing": 329.8718976692752,
        "fix_type": 6,
        "hacc_m": 0.014,
        "corrupt": false,
        "position_interpolated": true,
        "captured_at_utc": "2026-06-17T16:42:04.374807+00:00"
      },
      "geometry": {
        "type": "Point",
        "coordinates": [
          -114.016931,
          46.6970214
        ]
      }
    },
    {
      "type": "Feature",
      "properties": {
        "file": "leg09_m002_b329_2026-06-17T10-42-05.jpg",
        "leg": "leg09",
        "mark_index": 2,
        "along_track_m": 2.0,
        "achieved_heading": 323.7501870738348,
        "target_bearing": 329.8718976692752,
        "fix_type": 6,
        "hacc_m": 0.014,
        "corrupt": false,
        "position_interpolated": true,
        "captured_at_utc": "2026-06-17T16:42:05.196580+00:00"
      },
      "geometry": {
        "type": "Point",
        "coordinates": [
          -114.01693613824229,
          46.69702803824229
        ]
      }
    },
    {
      "type": "Feature",
      "properties": {
        "file": "leg09_m003_b329_2026-06-17T10-42-06.jpg",
        "leg": "leg09",
        "mark_index": 3,
        "along_track_m": 3.0,
        "achieved_heading": 317.98187717557573,
        "target_bearing": 329.8718976692752,
        "fix_type": 6,
        "hacc_m": 0.014,
        "corrupt": false,
        "position_interpolated": true,
        "captured_at_utc": "2026-06-17T16:42:06.316968+00:00"
      },
      "geometry": {
        "type": "Point",
        "coordinates": [
          -114.0169441605944,
          46.697036093395724
        ]
      }
    },
    {
      "type": "Feature",
      "properties": {
        "file": "leg09_m004_b329_2026-06-17T10-42-07.jpg",
        "leg": "leg09",
        "mark_index": 4,
        "along_track_m": 4.0,
        "achieved_heading": 318.0836917757705,
        "target_bearing": 329.8718976692752,
        "fix_type": 6,
        "hacc_m": 0.014,
        "corrupt": false,
        "position_interpolated": true,
        "captured_at_utc": "2026-06-17T16:42:07.367378+00:00"
      },
      "geometry": {
        "type": "Point",
        "coordinates": [
          -114.0169523,
          46.697043099999995
        ]
      }
    },
    {
      "type": "Feature",
      "properties": {
        "file": "leg09_m005_b329_2026-06-17T10-42-08.jpg",
        "leg": "leg09",
        "mark_index": 5,
        "along_track_m": 5.0,
        "achieved_heading": 320.26924476119484,
        "target_bearing": 329.8718976692752,
        "fix_type": 6,
        "hacc_m": 0.014,
        "corrupt": false,
        "position_interpolated": true,
        "captured_at_utc": "2026-06-17T16:42:08.274447+00:00"
      },
      "geometry": {
        "type": "Point",
        "coordinates": [
          -114.01695989981118,
          46.697049699811195
        ]
      }
    },
    {
      "type": "Feature",
      "properties": {
        "file": "leg09_m006_b329_2026-06-17T10-42-09.jpg",
        "leg": "leg09",
        "mark_index": 6,
        "along_track_m": 6.0,
        "achieved_heading": 323.70221287404274,
        "target_bearing": 329.8718976692752,
        "fix_type": 6,
        "hacc_m": 0.014,
        "corrupt": false,
        "position_interpolated": true,
        "captured_at_utc": "2026-06-17T16:42:09.328836+00:00"
      },
      "geometry": {
        "type": "Point",
        "coordinates": [
          -114.01696746962007,
          46.69705756745008
        ]
      }
    },
    {
      "type": "Feature",
      "properties": {
        "file": "leg09_m007_b329_2026-06-17T10-42-10.jpg",
        "leg": "leg09",
        "mark_index": 7,
        "along_track_m": 7.0,
        "achieved_heading": 324.92815146464153,
        "target_bearing": 329.8718976692752,
        "fix_type": 6,
        "hacc_m": 0.014,
        "corrupt": false,
        "position_interpolated": true,
        "captured_at_utc": "2026-06-17T16:42:10.448298+00:00"
      },
      "geometry": {
        "type": "Point",
        "coordinates": [
          -114.0169744,
          46.697064999999995
        ]
      }
    },
    {
      "type": "Feature",
      "properties": {
        "file": "leg09_m008_b329_2026-06-17T10-42-11.jpg",
        "leg": "leg09",
        "mark_index": 8,
        "along_track_m": 8.0,
        "achieved_heading": 324.760714601854,
        "target_bearing": 329.8718976692752,
        "fix_type": 6,
        "hacc_m": 0.014,
        "corrupt": false,
        "position_interpolated": true,
        "captured_at_utc": "2026-06-17T16:42:11.419820+00:00"
      },
      "geometry": {
        "type": "Point",
        "coordinates": [
          -114.01698119999999,
          46.697072399999996
        ]
      }
    },
    {
      "type": "Feature",
      "properties": {
        "file": "leg09_m009_b329_2026-06-17T10-42-12.jpg",
        "leg": "leg09",
        "mark_index": 9,
        "along_track_m": 9.0,
        "achieved_heading": 326.2277150780971,
        "target_bearing": 329.8718976692752,
        "fix_type": 6,
        "hacc_m": 0.014,
        "corrupt": false,
        "position_interpolated": true,
        "captured_at_utc": "2026-06-17T16:42:12.338234+00:00"
      },
      "geometry": {
        "type": "Point",
        "coordinates": [
          -114.0169876,
          46.6970801
        ]
      }
    },
    {
      "type": "Feature",
      "properties": {
        "file": "leg09_m010_b329_2026-06-17T10-42-13.jpg",
        "leg": "leg09",
        "mark_index": 10,
        "along_track_m": 10.0,
        "achieved_heading": 324.96496687108817,
        "target_bearing": 329.8718976692752,
        "fix_type": 6,
        "hacc_m": 0.014,
        "corrupt": false,
        "position_interpolated": true,
        "captured_at_utc": "2026-06-17T16:42:13.390225+00:00"
      },
      "geometry": {
        "type": "Point",
        "coordinates": [
          -114.0169945226827,
          46.69708812268271
        ]
      }
    },
    {
      "type": "Feature",
      "properties": {
        "file": "leg09_m011_b329_2026-06-17T10-42-14.jpg",
        "leg": "leg09",
        "mark_index": 11,
        "along_track_m": 11.0,
        "achieved_heading": 324.6911961230378,
        "target_bearing": 329.8718976692752,
        "fix_type": 6,
        "hacc_m": 0.014,
        "corrupt": false,
        "position_interpolated": true,
        "captured_at_utc": "2026-06-17T16:42:14.087983+00:00"
      },
      "geometry": {
        "type": "Point",
        "coordinates": [
          -114.01699922179455,
          46.697093294779876
        ]
      }
    },
    {
      "type": "Feature",
      "properties": {
        "file": "leg09_m012_b329_2026-06-17T10-42-15.jpg",
        "leg": "leg09",
        "mark_index": 12,
        "along_track_m": 12.0,
        "achieved_heading": 326.9988568064603,
        "target_bearing": 329.8718976692752,
        "fix_type": 6,
        "hacc_m": 0.014,
        "corrupt": false,
        "position_interpolated": true,
        "captured_at_utc": "2026-06-17T16:42:15.497674+00:00"
      },
      "geometry": {
        "type": "Point",
        "coordinates": [
          -114.01700873720043,
          46.697103953625394
        ]
      }
    },
    {
      "type": "Feature",
      "properties": {
        "file": "leg09_m013_b329_2026-06-17T10-42-16.jpg",
        "leg": "leg09",
        "mark_index": 13,
        "along_track_m": 13.0,
        "achieved_heading": 328.7684956170484,
        "target_bearing": 329.8718976692752,
        "fix_type": 6,
        "hacc_m": 0.014,
        "corrupt": false,
        "position_interpolated": true,
        "captured_at_utc": "2026-06-17T16:42:16.541761+00:00"
      },
      "geometry": {
        "type": "Point",
        "coordinates": [
          -114.01701497630594,
          46.69711166682831
        ]
      }
    },
    {
      "type": "Feature",
      "properties": {
        "file": "leg09_m014_b329_2026-06-17T10-42-17.jpg",
        "leg": "leg09",
        "mark_index": 14,
        "along_track_m": 14.0,
        "achieved_heading": 326.577467513997,
        "target_bearing": 329.8718976692752,
        "fix_type": 6,
        "hacc_m": 0.014,
        "corrupt": false,
        "position_interpolated": true,
        "captured_at_utc": "2026-06-17T16:42:17.515610+00:00"
      },
      "geometry": {
        "type": "Point",
        "coordinates": [
          -114.0170212298943,
          46.69711910440131
        ]
      }
    },
    {
      "type": "Feature",
      "properties": {
        "file": "leg09_m015_b329_2026-06-17T10-42-18.jpg",
        "leg": "leg09",
        "mark_index": 15,
        "along_track_m": 15.0,
        "achieved_heading": 326.50034530619547,
        "target_bearing": 329.8718976692752,
        "fix_type": 6,
        "hacc_m": 0.014,
        "corrupt": false,
        "position_interpolated": true,
        "captured_at_utc": "2026-06-17T16:42:18.565510+00:00"
      },
      "geometry": {
        "type": "Point",
        "coordinates": [
          -114.0170277,
          46.6971267
        ]
      }
    },
    {
      "type": "Feature",
      "properties": {
        "file": "leg09_m016_b329_2026-06-17T10-42-19.jpg",
        "leg": "leg09",
        "mark_index": 16,
        "along_track_m": 16.0,
        "achieved_heading": 327.2891241868352,
        "target_bearing": 329.8718976692752,
        "fix_type": 6,
        "hacc_m": 0.014,
        "corrupt": false,
        "position_interpolated": true,
        "captured_at_utc": "2026-06-17T16:42:19.615688+00:00"
      },
      "geometry": {
        "type": "Point",
        "coordinates": [
          -114.01703444808592,
          46.69713500655466
        ]
      }
    },
    {
      "type": "Feature",
      "properties": {
        "file": "leg09_m017_b329_2026-06-17T10-42-20.jpg",
        "leg": "leg09",
        "mark_index": 17,
        "along_track_m": 17.0,
        "achieved_heading": 325.33810971658994,
        "target_bearing": 329.8718976692752,
        "fix_type": 6,
        "hacc_m": 0.014,
        "corrupt": false,
        "position_interpolated": true,
        "captured_at_utc": "2026-06-17T16:42:20.735208+00:00"
      },
      "geometry": {
        "type": "Point",
        "coordinates": [
          -114.01704124712252,
          46.69714343390316
        ]
      }
    },
    {
      "type": "Feature",
      "properties": {
        "file": "leg09_m018_b329_2026-06-17T10-42-21.jpg",
        "leg": "leg09",
        "mark_index": 18,
        "along_track_m": 18.0,
        "achieved_heading": 323.5656652271854,
        "target_bearing": 329.8718976692752,
        "fix_type": 6,
        "hacc_m": 0.014,
        "corrupt": false,
        "position_interpolated": true,
        "captured_at_utc": "2026-06-17T16:42:21.778455+00:00"
      },
      "geometry": {
        "type": "Point",
        "coordinates": [
          -114.01704769999999,
          46.697150799999996
        ]
      }
    },
    {
      "type": "Feature",
      "properties": {
        "file": "leg09_m019_b329_2026-06-17T10-42-22.jpg",
        "leg": "leg09",
        "mark_index": 19,
        "along_track_m": 19.0,
        "achieved_heading": 323.75324271446095,
        "target_bearing": 329.8718976692752,
        "fix_type": 6,
        "hacc_m": 0.014,
        "corrupt": false,
        "position_interpolated": true,
        "captured_at_utc": "2026-06-17T16:42:22.704414+00:00"
      },
      "geometry": {
        "type": "Point",
        "coordinates": [
          -114.01705468619612,
          46.69715819955887
        ]
      }
    },
    {
      "type": "Feature",
      "properties": {
        "file": "leg09_m020_b329_2026-06-17T10-42-23.jpg",
        "leg": "leg09",
        "mark_index": 20,
        "along_track_m": 20.0,
        "achieved_heading": 325.88367535198626,
        "target_bearing": 329.8718976692752,
        "fix_type": 6,
        "hacc_m": 0.014,
        "corrupt": false,
        "position_interpolated": true,
        "captured_at_utc": "2026-06-17T16:42:23.748347+00:00"
      },
      "geometry": {
        "type": "Point",
        "coordinates": [
          -114.017062,
          46.6971656
        ]
      }
    },
    {
      "type": "Feature",
      "properties": {
        "file": "leg09_m021_b329_2026-06-17T10-42-24.jpg",
        "leg": "leg09",
        "mark_index": 21,
        "along_track_m": 21.0,
        "achieved_heading": 324.9427460056592,
        "target_bearing": 329.8718976692752,
        "fix_type": 6,
        "hacc_m": 0.014,
        "corrupt": false,
        "position_interpolated": true,
        "captured_at_utc": "2026-06-17T16:42:24.863018+00:00"
      },
      "geometry": {
        "type": "Point",
        "coordinates": [
          -114.0170682,
          46.697173
        ]
      }
    },
    {
      "type": "Feature",
      "properties": {
        "file": "leg09_m022_b329_2026-06-17T10-42-25.jpg",
        "leg": "leg09",
        "mark_index": 22,
        "along_track_m": 22.0,
        "achieved_heading": 325.62733561755726,
        "target_bearing": 329.8718976692752,
        "fix_type": 6,
        "hacc_m": 0.014,
        "corrupt": false,
        "position_interpolated": true,
        "captured_at_utc": "2026-06-17T16:42:25.850198+00:00"
      },
      "geometry": {
        "type": "Point",
        "coordinates": [
          -114.01707525066053,
          46.697180811421994
        ]
      }
    },
    {
      "type": "Feature",
      "properties": {
        "file": "leg09_m023_b329_2026-06-17T10-42-26.jpg",
        "leg": "leg09",
        "mark_index": 23,
        "along_track_m": 23.0,
        "achieved_heading": 328.77865702367706,
        "target_bearing": 329.8718976692752,
        "fix_type": 6,
        "hacc_m": 0.014,
        "corrupt": false,
        "position_interpolated": true,
        "captured_at_utc": "2026-06-17T16:42:26.971005+00:00"
      },
      "geometry": {
        "type": "Point",
        "coordinates": [
          -114.0170819,
          46.6971886
        ]
      }
    },
    {
      "type": "Feature",
      "properties": {
        "file": "leg09_m024_b329_2026-06-17T10-42-28.jpg",
        "leg": "leg09",
        "mark_index": 24,
        "along_track_m": 24.0,
        "achieved_heading": 329.1768841232999,
        "target_bearing": 329.8718976692752,
        "fix_type": 6,
        "hacc_m": 0.014,
        "corrupt": false,
        "position_interpolated": true,
        "captured_at_utc": "2026-06-17T16:42:28.013703+00:00"
      },
      "geometry": {
        "type": "Point",
        "coordinates": [
          -114.01708867299313,
          46.69719643065751
        ]
      }
    },
    {
      "type": "Feature",
      "properties": {
        "file": "leg09_m025_b329_2026-06-17T10-42-29.jpg",
        "leg": "leg09",
        "mark_index": 25,
        "along_track_m": 25.0,
        "achieved_heading": 330.626866483548,
        "target_bearing": 329.8718976692752,
        "fix_type": 6,
        "hacc_m": 0.014,
        "corrupt": false,
        "position_interpolated": true,
        "captured_at_utc": "2026-06-17T16:42:29.146333+00:00"
      },
      "geometry": {
        "type": "Point",
        "coordinates": [
          -114.017095,
          46.6972052
        ]
      }
    },
    {
      "type": "Feature",
      "properties": {
        "file": "leg09_m026_b329_2026-06-17T10-42-30.jpg",
        "leg": "leg09",
        "mark_index": 26,
        "along_track_m": 26.0,
        "achieved_heading": 327.74074031839746,
        "target_bearing": 329.8718976692752,
        "fix_type": 6,
        "hacc_m": 0.014,
        "corrupt": false,
        "position_interpolated": true,
        "captured_at_utc": "2026-06-17T16:42:30.185526+00:00"
      },
      "geometry": {
        "type": "Point",
        "coordinates": [
          -114.01710089999999,
          46.6972129
        ]
      }
    },
    {
      "type": "Feature",
      "properties": {
        "file": "leg09_m027_b329_2026-06-17T10-42-31.jpg",
        "leg": "leg09",
        "mark_index": 27,
        "along_track_m": 27.0,
        "achieved_heading": 326.1685486596008,
        "target_bearing": 329.8718976692752,
        "fix_type": 6,
        "hacc_m": 0.014,
        "corrupt": false,
        "position_interpolated": true,
        "captured_at_utc": "2026-06-17T16:42:31.090896+00:00"
      },
      "geometry": {
        "type": "Point",
        "coordinates": [
          -114.01710690940915,
          46.69722031254553
        ]
      }
    },
    {
      "type": "Feature",
      "properties": {
        "file": "leg09_m028_b329_2026-06-17T10-42-32.jpg",
        "leg": "leg09",
        "mark_index": 28,
        "along_track_m": 28.0,
        "achieved_heading": 324.51662485411765,
        "target_bearing": 329.8718976692752,
        "fix_type": 6,
        "hacc_m": 0.014,
        "corrupt": false,
        "position_interpolated": true,
        "captured_at_utc": "2026-06-17T16:42:32.152986+00:00"
      },
      "geometry": {
        "type": "Point",
        "coordinates": [
          -114.0171139,
          46.6972281
        ]
      }
    },
    {
      "type": "Feature",
      "properties": {
        "file": "leg09_m029_b329_2026-06-17T10-42-33.jpg",
        "leg": "leg09",
        "mark_index": 29,
        "along_track_m": 29.0,
        "achieved_heading": 326.20158207589094,
        "target_bearing": 329.8718976692752,
        "fix_type": 6,
        "hacc_m": 0.014,
        "corrupt": false,
        "position_interpolated": true,
        "captured_at_utc": "2026-06-17T16:42:33.150499+00:00"
      },
      "geometry": {
        "type": "Point",
        "coordinates": [
          -114.0171208,
          46.6972356
        ]
      }
    },
    {
      "type": "Feature",
      "properties": {
        "file": "leg09_m030_b329_2026-06-17T10-42-34.jpg",
        "leg": "leg09",
        "mark_index": 30,
        "along_track_m": 30.0,
        "achieved_heading": 326.9056749159876,
        "target_bearing": 329.8718976692752,
        "fix_type": 6,
        "hacc_m": 0.014,
        "corrupt": false,
        "position_interpolated": true,
        "captured_at_utc": "2026-06-17T16:42:34.183589+00:00"
      },
      "geometry": {
        "type": "Point",
        "coordinates": [
          -114.0171269,
          46.6972433
        ]
      }
    },
    {
      "type": "Feature",
      "properties": {
        "file": "leg09_m031_b329_2026-06-17T10-42-35.jpg",
        "leg": "leg09",
        "mark_index": 31,
        "along_track_m": 31.0,
        "achieved_heading": 326.94108835986486,
        "target_bearing": 329.8718976692752,
        "fix_type": 6,
        "hacc_m": 0.014,
        "corrupt": false,
        "position_interpolated": true,
        "captured_at_utc": "2026-06-17T16:42:35.223788+00:00"
      },
      "geometry": {
        "type": "Point",
        "coordinates": [
          -114.0171331,
          46.697251
        ]
      }
    },
    {
      "type": "Feature",
      "properties": {
        "file": "leg09_m032_b329_2026-06-17T10-42-36.jpg",
        "leg": "leg09",
        "mark_index": 32,
        "along_track_m": 32.0,
        "achieved_heading": 326.07654565235714,
        "target_bearing": 329.8718976692752,
        "fix_type": 6,
        "hacc_m": 0.014,
        "corrupt": false,
        "position_interpolated": true,
        "captured_at_utc": "2026-06-17T16:42:36.287737+00:00"
      },
      "geometry": {
        "type": "Point",
        "coordinates": [
          -114.01714015773167,
          46.69725965773168
        ]
      }
    },
    {
      "type": "Feature",
      "properties": {
        "file": "leg09_m033_b329_2026-06-17T10-42-37.jpg",
        "leg": "leg09",
        "mark_index": 33,
        "along_track_m": 33.0,
        "achieved_heading": 325.3811722300443,
        "target_bearing": 329.8718976692752,
        "fix_type": 6,
        "hacc_m": 0.014,
        "corrupt": false,
        "position_interpolated": true,
        "captured_at_utc": "2026-06-17T16:42:37.332404+00:00"
      },
      "geometry": {
        "type": "Point",
        "coordinates": [
          -114.01714709999999,
          46.697267499999995
        ]
      }
    },
    {
      "type": "Feature",
      "properties": {
        "file": "leg09_m034_b329_2026-06-17T10-42-38.jpg",
        "leg": "leg09",
        "mark_index": 34,
        "along_track_m": 34.0,
        "achieved_heading": 326.47014062773513,
        "target_bearing": 329.8718976692752,
        "fix_type": 6,
        "hacc_m": 0.014,
        "corrupt": false,
        "position_interpolated": true,
        "captured_at_utc": "2026-06-17T16:42:38.254816+00:00"
      },
      "geometry": {
        "type": "Point",
        "coordinates": [
          -114.01715330023295,
          46.697274560248474
        ]
      }
    },
    {
      "type": "Feature",
      "properties": {
        "file": "leg09_m035_b329_2026-06-17T10-42-39.jpg",
        "leg": "leg09",
        "mark_index": 35,
        "along_track_m": 35.0,
        "achieved_heading": 325.9634902174336,
        "target_bearing": 329.8718976692752,
        "fix_type": 6,
        "hacc_m": 0.014,
        "corrupt": false,
        "position_interpolated": true,
        "captured_at_utc": "2026-06-17T16:42:39.363721+00:00"
      },
      "geometry": {
        "type": "Point",
        "coordinates": [
          -114.01716019999999,
          46.6972825
        ]
      }
    },
    {
      "type": "Feature",
      "properties": {
        "file": "leg09_m036_b329_2026-06-17T10-42-40.jpg",
        "leg": "leg09",
        "mark_index": 36,
        "along_track_m": 36.0,
        "achieved_heading": 325.60815639515,
        "target_bearing": 329.8718976692752,
        "fix_type": 6,
        "hacc_m": 0.014,
        "corrupt": false,
        "position_interpolated": true,
        "captured_at_utc": "2026-06-17T16:42:40.130972+00:00"
      },
      "geometry": {
        "type": "Point",
        "coordinates": [
          -114.01716533902054,
          46.6972884288573
        ]
      }
    },
    {
      "type": "Feature",
      "properties": {
        "file": "leg09_m038_b329_2026-06-17T10-42-46.jpg",
        "leg": "leg09",
        "mark_index": 38,
        "along_track_m": 38.0,
        "achieved_heading": 325.76354110627034,
        "target_bearing": 329.8718976692752,
        "fix_type": 6,
        "hacc_m": 0.014,
        "corrupt": false,
        "position_interpolated": true,
        "captured_at_utc": "2026-06-17T16:42:46.214743+00:00"
      },
      "geometry": {
        "type": "Point",
        "coordinates": [
          -114.017181,
          46.6973053
        ]
      }
    },
    {
      "type": "Feature",
      "properties": {
        "file": "leg09_m039_b329_2026-06-17T10-42-47.jpg",
        "leg": "leg09",
        "mark_index": 39,
        "along_track_m": 39.0,
        "achieved_heading": 328.4784729493048,
        "target_bearing": 329.8718976692752,
        "fix_type": 6,
        "hacc_m": 0.014,
        "corrupt": false,
        "position_interpolated": true,
        "captured_at_utc": "2026-06-17T16:42:47.759851+00:00"
      },
      "geometry": {
        "type": "Point",
        "coordinates": [
          -114.01718779999999,
          46.6973133
        ]
      }
    },
    {
      "type": "Feature",
      "properties": {
        "file": "leg09_m040_b329_2026-06-17T10-42-48.jpg",
        "leg": "leg09",
        "mark_index": 40,
        "along_track_m": 40.0,
        "achieved_heading": 330.0898041342459,
        "target_bearing": 329.8718976692752,
        "fix_type": 6,
        "hacc_m": 0.014,
        "corrupt": false,
        "position_interpolated": true,
        "captured_at_utc": "2026-06-17T16:42:48.759822+00:00"
      },
      "geometry": {
        "type": "Point",
        "coordinates": [
          -114.0171934,
          46.697321099999996
        ]
      }
    },
    {
      "type": "Feature",
      "properties": {
        "file": "leg09_m041_b329_2026-06-17T10-42-49.jpg",
        "leg": "leg09",
        "mark_index": 41,
        "along_track_m": 41.0,
        "achieved_heading": 328.00669988240736,
        "target_bearing": 329.8718976692752,
        "fix_type": 6,
        "hacc_m": 0.014,
        "corrupt": false,
        "position_interpolated": true,
        "captured_at_utc": "2026-06-17T16:42:49.594174+00:00"
      },
      "geometry": {
        "type": "Point",
        "coordinates": [
          -114.01719860051563,
          46.697327600644535
        ]
      }
    },
    {
      "type": "Feature",
      "properties": {
        "file": "leg09_m042_b329_2026-06-17T10-42-50.jpg",
        "leg": "leg09",
        "mark_index": 42,
        "along_track_m": 42.0,
        "achieved_heading": 327.7053195466022,
        "target_bearing": 329.8718976692752,
        "fix_type": 6,
        "hacc_m": 0.014,
        "corrupt": false,
        "position_interpolated": true,
        "captured_at_utc": "2026-06-17T16:42:50.432644+00:00"
      },
      "geometry": {
        "type": "Point",
        "coordinates": [
          -114.01720381639778,
          46.697333716397786
        ]
      }
    },
    {
      "type": "Feature",
      "properties": {
        "file": "leg09_m044_b329_2026-06-17T10-42-57.jpg",
        "leg": "leg09",
        "mark_index": 44,
        "along_track_m": 44.0,
        "achieved_heading": 326.4984795757086,
        "target_bearing": 329.8718976692752,
        "fix_type": 6,
        "hacc_m": 0.014,
        "corrupt": false,
        "position_interpolated": true,
        "captured_at_utc": "2026-06-17T16:42:56.014465+00:00"
      },
      "geometry": {
        "type": "Point",
        "coordinates": [
          -114.01722129999999,
          46.6973541
        ]
      }
    },
    {
      "type": "Feature",
      "properties": {
        "file": "leg09_m045_b329_2026-06-17T10-42-58.jpg",
        "leg": "leg09",
        "mark_index": 45,
        "along_track_m": 45.0,
        "achieved_heading": 326.01101026440983,
        "target_bearing": 329.8718976692752,
        "fix_type": 6,
        "hacc_m": 0.014,
        "corrupt": false,
        "position_interpolated": true,
        "captured_at_utc": "2026-06-17T16:42:58.201555+00:00"
      },
      "geometry": {
        "type": "Point",
        "coordinates": [
          -114.01722609999999,
          46.6973596
        ]
      }
    },
    {
      "type": "Feature",
      "properties": {
        "file": "leg09_m046_b329_2026-06-17T10-42-59.jpg",
        "leg": "leg09",
        "mark_index": 46,
        "along_track_m": 46.0,
        "achieved_heading": 329.2253658024883,
        "target_bearing": 329.8718976692752,
        "fix_type": 6,
        "hacc_m": 0.014,
        "corrupt": false,
        "position_interpolated": true,
        "captured_at_utc": "2026-06-17T16:42:59.315055+00:00"
      },
      "geometry": {
        "type": "Point",
        "coordinates": [
          -114.01723339369595,
          46.69736808865271
        ]
      }
    },
    {
      "type": "Feature",
      "properties": {
        "file": "leg09_m047_b329_2026-06-17T10-43-00.jpg",
        "leg": "leg09",
        "mark_index": 47,
        "along_track_m": 47.0,
        "achieved_heading": 329.60112853242407,
        "target_bearing": 329.8718976692752,
        "fix_type": 6,
        "hacc_m": 0.014,
        "corrupt": false,
        "position_interpolated": true,
        "captured_at_utc": "2026-06-17T16:43:00.307086+00:00"
      },
      "geometry": {
        "type": "Point",
        "coordinates": [
          -114.017239381396,
          46.69737581023361
        ]
      }
    },
    {
      "type": "Feature",
      "properties": {
        "file": "leg09_m048_b329_2026-06-17T10-43-01.jpg",
        "leg": "leg09",
        "mark_index": 48,
        "along_track_m": 48.0,
        "achieved_heading": 327.99202039085503,
        "target_bearing": 329.8718976692752,
        "fix_type": 6,
        "hacc_m": 0.014,
        "corrupt": false,
        "position_interpolated": true,
        "captured_at_utc": "2026-06-17T16:43:01.339878+00:00"
      },
      "geometry": {
        "type": "Point",
        "coordinates": [
          -114.0172453,
          46.6973838
        ]
      }
    },
    {
      "type": "Feature",
      "properties": {
        "file": "leg09_m049_b329_2026-06-17T10-43-02.jpg",
        "leg": "leg09",
        "mark_index": 49,
        "along_track_m": 49.0,
        "achieved_heading": 325.80939738132395,
        "target_bearing": 329.8718976692752,
        "fix_type": 6,
        "hacc_m": 0.014,
        "corrupt": false,
        "position_interpolated": true,
        "captured_at_utc": "2026-06-17T16:43:02.325162+00:00"
      },
      "geometry": {
        "type": "Point",
        "coordinates": [
          -114.01725138921405,
          46.69739118741641
        ]
      }
    },
    {
      "type": "Feature",
      "properties": {
        "file": "leg09_m050_b329_2026-06-17T10-43-03.jpg",
        "leg": "leg09",
        "mark_index": 50,
        "along_track_m": 50.0,
        "achieved_heading": 329.42697417778015,
        "target_bearing": 329.8718976692752,
        "fix_type": 6,
        "hacc_m": 0.014,
        "corrupt": false,
        "position_interpolated": true,
        "captured_at_utc": "2026-06-17T16:43:03.371005+00:00"
      },
      "geometry": {
        "type": "Point",
        "coordinates": [
          -114.0172576,
          46.697399
        ]
      }
    },
    {
      "type": "Feature",
      "properties": {
        "file": "leg10_m000_b059_2026-06-17T10-43-07.jpg",
        "leg": "leg10",
        "mark_index": 0,
        "along_track_m": 0.0,
        "achieved_heading": 58.37664553984536,
        "target_bearing": 59.71394716498298,
        "fix_type": 6,
        "hacc_m": 0.014,
        "corrupt": false,
        "position_interpolated": true,
        "captured_at_utc": "2026-06-17T16:43:07.291292+00:00"
      },
      "geometry": {
        "type": "Point",
        "coordinates": [
          -114.01726356286422,
          46.69740638143211
        ]
      }
    },
    {
      "type": "Feature",
      "properties": {
        "file": "leg10_m001_b059_2026-06-17T10-43-09.jpg",
        "leg": "leg10",
        "mark_index": 1,
        "along_track_m": 1.0,
        "achieved_heading": 57.263617727024226,
        "target_bearing": 59.71394716498298,
        "fix_type": 6,
        "hacc_m": 0.014,
        "corrupt": false,
        "position_interpolated": true,
        "captured_at_utc": "2026-06-17T16:43:09.048146+00:00"
      },
      "geometry": {
        "type": "Point",
        "coordinates": [
          -114.01724973892016,
          46.69741197321811
        ]
      }
    },
    {
      "type": "Feature",
      "properties": {
        "file": "leg10_m002_b059_2026-06-17T10-43-10.jpg",
        "leg": "leg10",
        "mark_index": 2,
        "along_track_m": 2.0,
        "achieved_heading": 59.26501660119571,
        "target_bearing": 59.71394716498298,
        "fix_type": 6,
        "hacc_m": 0.014,
        "corrupt": false,
        "position_interpolated": true,
        "captured_at_utc": "2026-06-17T16:43:10.081159+00:00"
      },
      "geometry": {
        "type": "Point",
        "coordinates": [
          -114.01723897837874,
          46.6974161237552
        ]
      }
    },
    {
      "type": "Feature",
      "properties": {
        "file": "leg10_m003_b059_2026-06-17T10-43-11.jpg",
        "leg": "leg10",
        "mark_index": 3,
        "along_track_m": 3.0,
        "achieved_heading": 58.87042056768911,
        "target_bearing": 59.71394716498298,
        "fix_type": 6,
        "hacc_m": 0.014,
        "corrupt": false,
        "position_interpolated": true,
        "captured_at_utc": "2026-06-17T16:43:11.139146+00:00"
      },
      "geometry": {
        "type": "Point",
        "coordinates": [
          -114.01722769999999,
          46.6974204
        ]
      }
    },
    {
      "type": "Feature",
      "properties": {
        "file": "leg10_m004_b059_2026-06-17T10-43-12.jpg",
        "leg": "leg10",
        "mark_index": 4,
        "along_track_m": 4.0,
        "achieved_heading": 64.16978068841487,
        "target_bearing": 59.71394716498298,
        "fix_type": 6,
        "hacc_m": 0.014,
        "corrupt": false,
        "position_interpolated": true,
        "captured_at_utc": "2026-06-17T16:43:12.402709+00:00"
      },
      "geometry": {
        "type": "Point",
        "coordinates": [
          -114.01721529999999,
          46.6974251
        ]
      }
    },
    {
      "type": "Feature",
      "properties": {
        "file": "leg10_m005_b059_2026-06-17T10-43-13.jpg",
        "leg": "leg10",
        "mark_index": 5,
        "along_track_m": 4.831,
        "achieved_heading": 70.22058521531085,
        "target_bearing": 59.71394716498298,
        "fix_type": 6,
        "hacc_m": 0.014,
        "corrupt": false,
        "position_interpolated": true,
        "captured_at_utc": "2026-06-17T16:43:13.172979+00:00"
      },
      "geometry": {
        "type": "Point",
        "coordinates": [
          -114.0172063,
          46.6974276
        ]
      }
    },
    {
      "type": "Feature",
      "properties": {
        "file": "leg11_m000_b149_2026-06-17T10-43-17.jpg",
        "leg": "leg11",
        "mark_index": 0,
        "along_track_m": 0.0,
        "achieved_heading": 148.04028590777438,
        "target_bearing": 149.8716961332957,
        "fix_type": 6,
        "hacc_m": 0.014,
        "corrupt": false,
        "position_interpolated": true,
        "captured_at_utc": "2026-06-17T16:43:17.228547+00:00"
      },
      "geometry": {
        "type": "Point",
        "coordinates": [
          -114.01720279999999,
          46.6974289
        ]
      }
    },
    {
      "type": "Feature",
      "properties": {
        "file": "leg11_m001_b149_2026-06-17T10-43-19.jpg",
        "leg": "leg11",
        "mark_index": 1,
        "along_track_m": 1.0,
        "achieved_heading": 147.92552246140968,
        "target_bearing": 149.8716961332957,
        "fix_type": 6,
        "hacc_m": 0.014,
        "corrupt": false,
        "position_interpolated": true,
        "captured_at_utc": "2026-06-17T16:43:18.985388+00:00"
      },
      "geometry": {
        "type": "Point",
        "coordinates": [
          -114.01719589999999,
          46.6974198
        ]
      }
    },
    {
      "type": "Feature",
      "properties": {
        "file": "leg11_m002_b149_2026-06-17T10-43-20.jpg",
        "leg": "leg11",
        "mark_index": 2,
        "along_track_m": 2.0,
        "achieved_heading": 145.31191818314093,
        "target_bearing": 149.8716961332957,
        "fix_type": 6,
        "hacc_m": 0.014,
        "corrupt": false,
        "position_interpolated": true,
        "captured_at_utc": "2026-06-17T16:43:20.036182+00:00"
      },
      "geometry": {
        "type": "Point",
        "coordinates": [
          -114.01718969181734,
          46.697411539362534
        ]
      }
    },
    {
      "type": "Feature",
      "properties": {
        "file": "leg11_m003_b149_2026-06-17T10-43-21.jpg",
        "leg": "leg11",
        "mark_index": 3,
        "along_track_m": 3.0,
        "achieved_heading": 144.2694787706799,
        "target_bearing": 149.8716961332957,
        "fix_type": 6,
        "hacc_m": 0.014,
        "corrupt": false,
        "position_interpolated": true,
        "captured_at_utc": "2026-06-17T16:43:21.152441+00:00"
      },
      "geometry": {
        "type": "Point",
        "coordinates": [
          -114.0171835,
          46.6974042
        ]
      }
    },
    {
      "type": "Feature",
      "properties": {
        "file": "leg11_m004_b149_2026-06-17T10-43-22.jpg",
        "leg": "leg11",
        "mark_index": 4,
        "along_track_m": 4.0,
        "achieved_heading": 145.130104306737,
        "target_bearing": 149.8716961332957,
        "fix_type": 6,
        "hacc_m": 0.014,
        "corrupt": false,
        "position_interpolated": true,
        "captured_at_utc": "2026-06-17T16:43:22.338950+00:00"
      },
      "geometry": {
        "type": "Point",
        "coordinates": [
          -114.01717599999999,
          46.697395799999995
        ]
      }
    },
    {
      "type": "Feature",
      "properties": {
        "file": "leg11_m005_b149_2026-06-17T10-43-23.jpg",
        "leg": "leg11",
        "mark_index": 5,
        "along_track_m": 5.0,
        "achieved_heading": 146.84495907888746,
        "target_bearing": 149.8716961332957,
        "fix_type": 6,
        "hacc_m": 0.014,
        "corrupt": false,
        "position_interpolated": true,
        "captured_at_utc": "2026-06-17T16:43:23.253224+00:00"
      },
      "geometry": {
        "type": "Point",
        "coordinates": [
          -114.01717018617134,
          46.697388986171354
        ]
      }
    },
    {
      "type": "Feature",
      "properties": {
        "file": "leg11_m006_b149_2026-06-17T10-43-24.jpg",
        "leg": "leg11",
        "mark_index": 6,
        "along_track_m": 6.0,
        "achieved_heading": 148.34150386197166,
        "target_bearing": 149.8716961332957,
        "fix_type": 6,
        "hacc_m": 0.014,
        "corrupt": false,
        "position_interpolated": true,
        "captured_at_utc": "2026-06-17T16:43:24.514664+00:00"
      },
      "geometry": {
        "type": "Point",
        "coordinates": [
          -114.01716288625985,
          46.69737971280135
        ]
      }
    },
    {
      "type": "Feature",
      "properties": {
        "file": "leg11_m007_b149_2026-06-17T10-43-25.jpg",
        "leg": "leg11",
        "mark_index": 7,
        "along_track_m": 7.0,
        "achieved_heading": 147.0120904930517,
        "target_bearing": 149.8716961332957,
        "fix_type": 6,
        "hacc_m": 0.014,
        "corrupt": false,
        "position_interpolated": true,
        "captured_at_utc": "2026-06-17T16:43:25.568266+00:00"
      },
      "geometry": {
        "type": "Point",
        "coordinates": [
          -114.0171573,
          46.697372099999995
        ]
      }
    },
    {
      "type": "Feature",
      "properties": {
        "file": "leg11_m008_b149_2026-06-17T10-43-26.jpg",
        "leg": "leg11",
        "mark_index": 8,
        "along_track_m": 8.0,
        "achieved_heading": 144.54597447344733,
        "target_bearing": 149.8716961332957,
        "fix_type": 6,
        "hacc_m": 0.014,
        "corrupt": false,
        "position_interpolated": true,
        "captured_at_utc": "2026-06-17T16:43:26.546870+00:00"
      },
      "geometry": {
        "type": "Point",
        "coordinates": [
          -114.0171512,
          46.6973646
        ]
      }
    },
    {
      "type": "Feature",
      "properties": {
        "file": "leg11_m009_b149_2026-06-17T10-43-27.jpg",
        "leg": "leg11",
        "mark_index": 9,
        "along_track_m": 9.0,
        "achieved_heading": 144.55112800601668,
        "target_bearing": 149.8716961332957,
        "fix_type": 6,
        "hacc_m": 0.014,
        "corrupt": false,
        "position_interpolated": true,
        "captured_at_utc": "2026-06-17T16:43:27.592451+00:00"
      },
      "geometry": {
        "type": "Point",
        "coordinates": [
          -114.0171445,
          46.697357499999995
        ]
      }
    },
    {
      "type": "Feature",
      "properties": {
        "file": "leg11_m010_b149_2026-06-17T10-43-28.jpg",
        "leg": "leg11",
        "mark_index": 10,
        "along_track_m": 10.0,
        "achieved_heading": 146.34676473558443,
        "target_bearing": 149.8716961332957,
        "fix_type": 6,
        "hacc_m": 0.014,
        "corrupt": false,
        "position_interpolated": true,
        "captured_at_utc": "2026-06-17T16:43:28.715709+00:00"
      },
      "geometry": {
        "type": "Point",
        "coordinates": [
          -114.01713706635714,
          46.69734898167033
        ]
      }
    },
    {
      "type": "Feature",
      "properties": {
        "file": "leg11_m011_b149_2026-06-17T10-43-29.jpg",
        "leg": "leg11",
        "mark_index": 11,
        "along_track_m": 11.0,
        "achieved_heading": 147.20086879197643,
        "target_bearing": 149.8716961332957,
        "fix_type": 6,
        "hacc_m": 0.014,
        "corrupt": false,
        "position_interpolated": true,
        "captured_at_utc": "2026-06-17T16:43:29.766902+00:00"
      },
      "geometry": {
        "type": "Point",
        "coordinates": [
          -114.0171312,
          46.697341699999996
        ]
      }
    },
    {
      "type": "Feature",
      "properties": {
        "file": "leg11_m012_b149_2026-06-17T10-43-30.jpg",
        "leg": "leg11",
        "mark_index": 12,
        "along_track_m": 12.0,
        "achieved_heading": 147.3406688494757,
        "target_bearing": 149.8716961332957,
        "fix_type": 6,
        "hacc_m": 0.014,
        "corrupt": false,
        "position_interpolated": true,
        "captured_at_utc": "2026-06-17T16:43:30.812645+00:00"
      },
      "geometry": {
        "type": "Point",
        "coordinates": [
          -114.0171251,
          46.6973341
        ]
      }
    },
    {
      "type": "Feature",
      "properties": {
        "file": "leg11_m013_b149_2026-06-17T10-43-31.jpg",
        "leg": "leg11",
        "mark_index": 13,
        "along_track_m": 13.0,
        "achieved_heading": 145.80992479535723,
        "target_bearing": 149.8716961332957,
        "fix_type": 6,
        "hacc_m": 0.014,
        "corrupt": false,
        "position_interpolated": true,
        "captured_at_utc": "2026-06-17T16:43:31.864568+00:00"
      },
      "geometry": {
        "type": "Point",
        "coordinates": [
          -114.01711840572267,
          46.69732578910158
        ]
      }
    },
    {
      "type": "Feature",
      "properties": {
        "file": "leg11_m014_b149_2026-06-17T10-43-32.jpg",
        "leg": "leg11",
        "mark_index": 14,
        "along_track_m": 14.0,
        "achieved_heading": 145.42273161042567,
        "target_bearing": 149.8716961332957,
        "fix_type": 6,
        "hacc_m": 0.014,
        "corrupt": false,
        "position_interpolated": true,
        "captured_at_utc": "2026-06-17T16:43:32.925777+00:00"
      },
      "geometry": {
        "type": "Point",
        "coordinates": [
          -114.0171118,
          46.6973177
        ]
      }
    },
    {
      "type": "Feature",
      "properties": {
        "file": "leg11_m015_b149_2026-06-17T10-43-33.jpg",
        "leg": "leg11",
        "mark_index": 15,
        "along_track_m": 15.0,
        "achieved_heading": 144.52689023999233,
        "target_bearing": 149.8716961332957,
        "fix_type": 6,
        "hacc_m": 0.014,
        "corrupt": false,
        "position_interpolated": true,
        "captured_at_utc": "2026-06-17T16:43:33.959665+00:00"
      },
      "geometry": {
        "type": "Point",
        "coordinates": [
          -114.0171058,
          46.697310599999994
        ]
      }
    },
    {
      "type": "Feature",
      "properties": {
        "file": "leg11_m016_b149_2026-06-17T10-43-35.jpg",
        "leg": "leg11",
        "mark_index": 16,
        "along_track_m": 16.0,
        "achieved_heading": 145.19968570130024,
        "target_bearing": 149.8716961332957,
        "fix_type": 6,
        "hacc_m": 0.014,
        "corrupt": false,
        "position_interpolated": true,
        "captured_at_utc": "2026-06-17T16:43:35.014515+00:00"
      },
      "geometry": {
        "type": "Point",
        "coordinates": [
          -114.01709815426028,
          46.697302797309604
        ]
      }
    },
    {
      "type": "Feature",
      "properties": {
        "file": "leg11_m017_b149_2026-06-17T10-43-36.jpg",
        "leg": "leg11",
        "mark_index": 17,
        "along_track_m": 17.0,
        "achieved_heading": 147.20910659144565,
        "target_bearing": 149.8716961332957,
        "fix_type": 6,
        "hacc_m": 0.014,
        "corrupt": false,
        "position_interpolated": true,
        "captured_at_utc": "2026-06-17T16:43:36.061301+00:00"
      },
      "geometry": {
        "type": "Point",
        "coordinates": [
          -114.01709162703507,
          46.69729533379384
        ]
      }
    },
    {
      "type": "Feature",
      "properties": {
        "file": "leg11_m018_b149_2026-06-17T10-43-37.jpg",
        "leg": "leg11",
        "mark_index": 18,
        "along_track_m": 18.0,
        "achieved_heading": 147.16359315436216,
        "target_bearing": 149.8716961332957,
        "fix_type": 6,
        "hacc_m": 0.014,
        "corrupt": false,
        "position_interpolated": true,
        "captured_at_utc": "2026-06-17T16:43:37.176188+00:00"
      },
      "geometry": {
        "type": "Point",
        "coordinates": [
          -114.017085,
          46.697287499999995
        ]
      }
    },
    {
      "type": "Feature",
      "properties": {
        "file": "leg11_m019_b149_2026-06-17T10-43-38.jpg",
        "leg": "leg11",
        "mark_index": 19,
        "along_track_m": 19.0,
        "achieved_heading": 148.55804014672935,
        "target_bearing": 149.8716961332957,
        "fix_type": 6,
        "hacc_m": 0.014,
        "corrupt": false,
        "position_interpolated": true,
        "captured_at_utc": "2026-06-17T16:43:38.366158+00:00"
      },
      "geometry": {
        "type": "Point",
        "coordinates": [
          -114.017078,
          46.6972789
        ]
      }
    },
    {
      "type": "Feature",
      "properties": {
        "file": "leg11_m020_b149_2026-06-17T10-43-39.jpg",
        "leg": "leg11",
        "mark_index": 20,
        "along_track_m": 20.0,
        "achieved_heading": 146.3438253102479,
        "target_bearing": 149.8716961332957,
        "fix_type": 6,
        "hacc_m": 0.014,
        "corrupt": false,
        "position_interpolated": true,
        "captured_at_utc": "2026-06-17T16:43:39.285142+00:00"
      },
      "geometry": {
        "type": "Point",
        "coordinates": [
          -114.01707176825929,
          46.69727133016528
        ]
      }
    },
    {
      "type": "Feature",
      "properties": {
        "file": "leg11_m021_b149_2026-06-17T10-43-40.jpg",
        "leg": "leg11",
        "mark_index": 21,
        "along_track_m": 21.0,
        "achieved_heading": 145.07563440994974,
        "target_bearing": 149.8716961332957,
        "fix_type": 6,
        "hacc_m": 0.014,
        "corrupt": false,
        "position_interpolated": true,
        "captured_at_utc": "2026-06-17T16:43:40.403924+00:00"
      },
      "geometry": {
        "type": "Point",
        "coordinates": [
          -114.0170653,
          46.697263799999995
        ]
      }
    },
    {
      "type": "Feature",
      "properties": {
        "file": "leg11_m022_b149_2026-06-17T10-43-41.jpg",
        "leg": "leg11",
        "mark_index": 22,
        "along_track_m": 22.0,
        "achieved_heading": 145.05022662035984,
        "target_bearing": 149.8716961332957,
        "fix_type": 6,
        "hacc_m": 0.014,
        "corrupt": false,
        "position_interpolated": true,
        "captured_at_utc": "2026-06-17T16:43:41.520721+00:00"
      },
      "geometry": {
        "type": "Point",
        "coordinates": [
          -114.01705781485587,
          46.69725521828416
        ]
      }
    },
    {
      "type": "Feature",
      "properties": {
        "file": "leg11_m023_b149_2026-06-17T10-43-42.jpg",
        "leg": "leg11",
        "mark_index": 23,
        "along_track_m": 23.0,
        "achieved_heading": 146.12913794951947,
        "target_bearing": 149.8716961332957,
        "fix_type": 6,
        "hacc_m": 0.014,
        "corrupt": false,
        "position_interpolated": true,
        "captured_at_utc": "2026-06-17T16:43:42.502782+00:00"
      },
      "geometry": {
        "type": "Point",
        "coordinates": [
          -114.01705168337917,
          46.69724821159134
        ]
      }
    },
    {
      "type": "Feature",
      "properties": {
        "file": "leg11_m024_b149_2026-06-17T10-43-43.jpg",
        "leg": "leg11",
        "mark_index": 24,
        "along_track_m": 24.0,
        "achieved_heading": 147.11227717601778,
        "target_bearing": 149.8716961332957,
        "fix_type": 6,
        "hacc_m": 0.014,
        "corrupt": false,
        "position_interpolated": true,
        "captured_at_utc": "2026-06-17T16:43:43.561182+00:00"
      },
      "geometry": {
        "type": "Point",
        "coordinates": [
          -114.01704509999999,
          46.6972404
        ]
      }
    },
    {
      "type": "Feature",
      "properties": {
        "file": "leg11_m025_b149_2026-06-17T10-43-44.jpg",
        "leg": "leg11",
        "mark_index": 25,
        "along_track_m": 25.0,
        "achieved_heading": 147.58567701084408,
        "target_bearing": 149.8716961332957,
        "fix_type": 6,
        "hacc_m": 0.014,
        "corrupt": false,
        "position_interpolated": true,
        "captured_at_utc": "2026-06-17T16:43:44.534000+00:00"
      },
      "geometry": {
        "type": "Point",
        "coordinates": [
          -114.01703943605445,
          46.697233042609795
        ]
      }
    },
    {
      "type": "Feature",
      "properties": {
        "file": "leg11_m026_b149_2026-06-17T10-43-45.jpg",
        "leg": "leg11",
        "mark_index": 26,
        "along_track_m": 26.0,
        "achieved_heading": 146.1952436548948,
        "target_bearing": 149.8716961332957,
        "fix_type": 6,
        "hacc_m": 0.014,
        "corrupt": false,
        "position_interpolated": true,
        "captured_at_utc": "2026-06-17T16:43:45.587888+00:00"
      },
      "geometry": {
        "type": "Point",
        "coordinates": [
          -114.01703272886667,
          46.697224995214285
        ]
      }
    },
    {
      "type": "Feature",
      "properties": {
        "file": "leg11_m027_b149_2026-06-17T10-43-46.jpg",
        "leg": "leg11",
        "mark_index": 27,
        "along_track_m": 27.0,
        "achieved_heading": 145.95469589252386,
        "target_bearing": 149.8716961332957,
        "fix_type": 6,
        "hacc_m": 0.014,
        "corrupt": false,
        "position_interpolated": true,
        "captured_at_utc": "2026-06-17T16:43:46.712826+00:00"
      },
      "geometry": {
        "type": "Point",
        "coordinates": [
          -114.01702624991917,
          46.69721687260972
        ]
      }
    },
    {
      "type": "Feature",
      "properties": {
        "file": "leg11_m028_b149_2026-06-17T10-43-47.jpg",
        "leg": "leg11",
        "mark_index": 28,
        "along_track_m": 28.0,
        "achieved_heading": 145.22764779165664,
        "target_bearing": 149.8716961332957,
        "fix_type": 6,
        "hacc_m": 0.014,
        "corrupt": false,
        "position_interpolated": true,
        "captured_at_utc": "2026-06-17T16:43:47.830313+00:00"
      },
      "geometry": {
        "type": "Point",
        "coordinates": [
          -114.0170194,
          46.6972095
        ]
      }
    },
    {
      "type": "Feature",
      "properties": {
        "file": "leg11_m029_b149_2026-06-17T10-43-49.jpg",
        "leg": "leg11",
        "mark_index": 29,
        "along_track_m": 29.0,
        "achieved_heading": 146.72068792436613,
        "target_bearing": 149.8716961332957,
        "fix_type": 6,
        "hacc_m": 0.014,
        "corrupt": false,
        "position_interpolated": true,
        "captured_at_utc": "2026-06-17T16:43:48.946726+00:00"
      },
      "geometry": {
        "type": "Point",
        "coordinates": [
          -114.01701179999999,
          46.6972011
        ]
      }
    },
    {
      "type": "Feature",
      "properties": {
        "file": "leg11_m030_b149_2026-06-17T10-43-49.jpg",
        "leg": "leg11",
        "mark_index": 30,
        "along_track_m": 30.0,
        "achieved_heading": 147.03819338735266,
        "target_bearing": 149.8716961332957,
        "fix_type": 6,
        "hacc_m": 0.014,
        "corrupt": false,
        "position_interpolated": true,
        "captured_at_utc": "2026-06-17T16:43:49.853254+00:00"
      },
      "geometry": {
        "type": "Point",
        "coordinates": [
          -114.01700579146933,
          46.69719408933667
        ]
      }
    },
    {
      "type": "Feature",
      "properties": {
        "file": "leg11_m031_b149_2026-06-17T10-43-50.jpg",
        "leg": "leg11",
        "mark_index": 31,
        "along_track_m": 31.0,
        "achieved_heading": 147.6507091736824,
        "target_bearing": 149.8716961332957,
        "fix_type": 6,
        "hacc_m": 0.014,
        "corrupt": false,
        "position_interpolated": true,
        "captured_at_utc": "2026-06-17T16:43:50.969242+00:00"
      },
      "geometry": {
        "type": "Point",
        "coordinates": [
          -114.0169992,
          46.6971862
        ]
      }
    },
    {
      "type": "Feature",
      "properties": {
        "file": "leg11_m032_b149_2026-06-17T10-43-52.jpg",
        "leg": "leg11",
        "mark_index": 32,
        "along_track_m": 32.0,
        "achieved_heading": 144.92527142503772,
        "target_bearing": 149.8716961332957,
        "fix_type": 6,
        "hacc_m": 0.014,
        "corrupt": false,
        "position_interpolated": true,
        "captured_at_utc": "2026-06-17T16:43:52.024687+00:00"
      },
      "geometry": {
        "type": "Point",
        "coordinates": [
          -114.0169931,
          46.6971784
        ]
      }
    },
    {
      "type": "Feature",
      "properties": {
        "file": "leg11_m033_b149_2026-06-17T10-43-53.jpg",
        "leg": "leg11",
        "mark_index": 33,
        "along_track_m": 33.0,
        "achieved_heading": 143.4000910526399,
        "target_bearing": 149.8716961332957,
        "fix_type": 6,
        "hacc_m": 0.014,
        "corrupt": false,
        "position_interpolated": true,
        "captured_at_utc": "2026-06-17T16:43:53.139274+00:00"
      },
      "geometry": {
        "type": "Point",
        "coordinates": [
          -114.01698549999999,
          46.6971699
        ]
      }
    },
    {
      "type": "Feature",
      "properties": {
        "file": "leg11_m034_b149_2026-06-17T10-43-54.jpg",
        "leg": "leg11",
        "mark_index": 34,
        "along_track_m": 34.0,
        "achieved_heading": 146.33989934630137,
        "target_bearing": 149.8716961332957,
        "fix_type": 6,
        "hacc_m": 0.014,
        "corrupt": false,
        "position_interpolated": true,
        "captured_at_utc": "2026-06-17T16:43:54.132680+00:00"
      },
      "geometry": {
        "type": "Point",
        "coordinates": [
          -114.0169789391789,
          46.697162439178896
        ]
      }
    },
    {
      "type": "Feature",
      "properties": {
        "file": "leg11_m035_b149_2026-06-17T10-43-55.jpg",
        "leg": "leg11",
        "mark_index": 35,
        "along_track_m": 35.0,
        "achieved_heading": 146.90991273302004,
        "target_bearing": 149.8716961332957,
        "fix_type": 6,
        "hacc_m": 0.014,
        "corrupt": false,
        "position_interpolated": true,
        "captured_at_utc": "2026-06-17T16:43:55.246945+00:00"
      },
      "geometry": {
        "type": "Point",
        "coordinates": [
          -114.0169727,
          46.697155099999996
        ]
      }
    },
    {
      "type": "Feature",
      "properties": {
        "file": "leg11_m036_b149_2026-06-17T10-43-56.jpg",
        "leg": "leg11",
        "mark_index": 36,
        "along_track_m": 36.0,
        "achieved_heading": 146.64065532814277,
        "target_bearing": 149.8716961332957,
        "fix_type": 6,
        "hacc_m": 0.014,
        "corrupt": false,
        "position_interpolated": true,
        "captured_at_utc": "2026-06-17T16:43:56.304931+00:00"
      },
      "geometry": {
        "type": "Point",
        "coordinates": [
          -114.01696585526999,
          46.69714617915768
        ]
      }
    },
    {
      "type": "Feature",
      "properties": {
        "file": "leg11_m037_b149_2026-06-17T10-43-57.jpg",
        "leg": "leg11",
        "mark_index": 37,
        "along_track_m": 37.0,
        "achieved_heading": 146.10566114883244,
        "target_bearing": 149.8716961332957,
        "fix_type": 6,
        "hacc_m": 0.014,
        "corrupt": false,
        "position_interpolated": true,
        "captured_at_utc": "2026-06-17T16:43:57.339591+00:00"
      },
      "geometry": {
        "type": "Point",
        "coordinates": [
          -114.01695959999999,
          46.6971389
        ]
      }
    },
    {
      "type": "Feature",
      "properties": {
        "file": "leg11_m038_b149_2026-06-17T10-43-58.jpg",
        "leg": "leg11",
        "mark_index": 38,
        "along_track_m": 38.0,
        "achieved_heading": 145.41862708900612,
        "target_bearing": 149.8716961332957,
        "fix_type": 6,
        "hacc_m": 0.014,
        "corrupt": false,
        "position_interpolated": true,
        "captured_at_utc": "2026-06-17T16:43:58.328195+00:00"
      },
      "geometry": {
        "type": "Point",
        "coordinates": [
          -114.01695319999999,
          46.6971312
        ]
      }
    },
    {
      "type": "Feature",
      "properties": {
        "file": "leg11_m039_b149_2026-06-17T10-43-59.jpg",
        "leg": "leg11",
        "mark_index": 39,
        "along_track_m": 39.0,
        "achieved_heading": 145.0680247428137,
        "target_bearing": 149.8716961332957,
        "fix_type": 6,
        "hacc_m": 0.014,
        "corrupt": false,
        "position_interpolated": true,
        "captured_at_utc": "2026-06-17T16:43:59.377293+00:00"
      },
      "geometry": {
        "type": "Point",
        "coordinates": [
          -114.01694669999999,
          46.6971243
        ]
      }
    },
    {
      "type": "Feature",
      "properties": {
        "file": "leg11_m040_b149_2026-06-17T10-44-00.jpg",
        "leg": "leg11",
        "mark_index": 40,
        "along_track_m": 40.0,
        "achieved_heading": 146.6932532927476,
        "target_bearing": 149.8716961332957,
        "fix_type": 6,
        "hacc_m": 0.014,
        "corrupt": false,
        "position_interpolated": true,
        "captured_at_utc": "2026-06-17T16:44:00.572355+00:00"
      },
      "geometry": {
        "type": "Point",
        "coordinates": [
          -114.0169389,
          46.6971157
        ]
      }
    },
    {
      "type": "Feature",
      "properties": {
        "file": "leg11_m041_b149_2026-06-17T10-44-01.jpg",
        "leg": "leg11",
        "mark_index": 41,
        "along_track_m": 41.0,
        "achieved_heading": 147.84127382995848,
        "target_bearing": 149.8716961332957,
        "fix_type": 6,
        "hacc_m": 0.014,
        "corrupt": false,
        "position_interpolated": true,
        "captured_at_utc": "2026-06-17T16:44:01.546467+00:00"
      },
      "geometry": {
        "type": "Point",
        "coordinates": [
          -114.01693279999999,
          46.6971081
        ]
      }
    },
    {
      "type": "Feature",
      "properties": {
        "file": "leg11_m042_b149_2026-06-17T10-44-02.jpg",
        "leg": "leg11",
        "mark_index": 42,
        "along_track_m": 42.0,
        "achieved_heading": 148.04041367018434,
        "target_bearing": 149.8716961332957,
        "fix_type": 6,
        "hacc_m": 0.014,
        "corrupt": false,
        "position_interpolated": true,
        "captured_at_utc": "2026-06-17T16:44:02.532631+00:00"
      },
      "geometry": {
        "type": "Point",
        "coordinates": [
          -114.01692660582916,
          46.69710090680069
        ]
      }
    },
    {
      "type": "Feature",
      "properties": {
        "file": "leg11_m043_b149_2026-06-17T10-44-03.jpg",
        "leg": "leg11",
        "mark_index": 43,
        "along_track_m": 43.0,
        "achieved_heading": 146.65476291172808,
        "target_bearing": 149.8716961332957,
        "fix_type": 6,
        "hacc_m": 0.014,
        "corrupt": false,
        "position_interpolated": true,
        "captured_at_utc": "2026-06-17T16:44:03.712819+00:00"
      },
      "geometry": {
        "type": "Point",
        "coordinates": [
          -114.01691965795321,
          46.69709188692981
        ]
      }
    },
    {
      "type": "Feature",
      "properties": {
        "file": "leg11_m044_b149_2026-06-17T10-44-04.jpg",
        "leg": "leg11",
        "mark_index": 44,
        "along_track_m": 44.0,
        "achieved_heading": 145.39657542906843,
        "target_bearing": 149.8716961332957,
        "fix_type": 6,
        "hacc_m": 0.014,
        "corrupt": false,
        "position_interpolated": true,
        "captured_at_utc": "2026-06-17T16:44:04.767871+00:00"
      },
      "geometry": {
        "type": "Point",
        "coordinates": [
          -114.0169131,
          46.6970844
        ]
      }
    },
    {
      "type": "Feature",
      "properties": {
        "file": "leg11_m045_b149_2026-06-17T10-44-05.jpg",
        "leg": "leg11",
        "mark_index": 45,
        "along_track_m": 45.0,
        "achieved_heading": 146.68702108679608,
        "target_bearing": 149.8716961332957,
        "fix_type": 6,
        "hacc_m": 0.014,
        "corrupt": false,
        "position_interpolated": true,
        "captured_at_utc": "2026-06-17T16:44:05.681313+00:00"
      },
      "geometry": {
        "type": "Point",
        "coordinates": [
          -114.01690717055773,
          46.697077370557736
        ]
      }
    },
    {
      "type": "Feature",
      "properties": {
        "file": "leg11_m046_b149_2026-06-17T10-44-06.jpg",
        "leg": "leg11",
        "mark_index": 46,
        "along_track_m": 46.0,
        "achieved_heading": 146.7417795356056,
        "target_bearing": 149.8716961332957,
        "fix_type": 6,
        "hacc_m": 0.014,
        "corrupt": false,
        "position_interpolated": true,
        "captured_at_utc": "2026-06-17T16:44:06.727137+00:00"
      },
      "geometry": {
        "type": "Point",
        "coordinates": [
          -114.0169011,
          46.6970695
        ]
      }
    },
    {
      "type": "Feature",
      "properties": {
        "file": "leg11_m047_b149_2026-06-17T10-44-08.jpg",
        "leg": "leg11",
        "mark_index": 47,
        "along_track_m": 47.0,
        "achieved_heading": 147.07901686258506,
        "target_bearing": 149.8716961332957,
        "fix_type": 6,
        "hacc_m": 0.014,
        "corrupt": false,
        "position_interpolated": true,
        "captured_at_utc": "2026-06-17T16:44:07.849160+00:00"
      },
      "geometry": {
        "type": "Point",
        "coordinates": [
          -114.01689381445945,
          46.69706114899773
        ]
      }
    },
    {
      "type": "Feature",
      "properties": {
        "file": "leg11_m048_b149_2026-06-17T10-44-09.jpg",
        "leg": "leg11",
        "mark_index": 48,
        "along_track_m": 48.0,
        "achieved_heading": 147.67639324839104,
        "target_bearing": 149.8716961332957,
        "fix_type": 6,
        "hacc_m": 0.014,
        "corrupt": false,
        "position_interpolated": true,
        "captured_at_utc": "2026-06-17T16:44:08.970527+00:00"
      },
      "geometry": {
        "type": "Point",
        "coordinates": [
          -114.0168872,
          46.6970531
        ]
      }
    },
    {
      "type": "Feature",
      "properties": {
        "file": "leg11_m049_b149_2026-06-17T10-44-09.jpg",
        "leg": "leg11",
        "mark_index": 49,
        "along_track_m": 49.0,
        "achieved_heading": 146.9825329270866,
        "target_bearing": 149.8716961332957,
        "fix_type": 6,
        "hacc_m": 0.014,
        "corrupt": false,
        "position_interpolated": true,
        "captured_at_utc": "2026-06-17T16:44:09.885548+00:00"
      },
      "geometry": {
        "type": "Point",
        "coordinates": [
          -114.01688128948213,
          46.697045984223195
        ]
      }
    },
    {
      "type": "Feature",
      "properties": {
        "file": "leg11_m050_b149_2026-06-17T10-44-11.jpg",
        "leg": "leg11",
        "mark_index": 50,
        "along_track_m": 50.0,
        "achieved_heading": 145.85501797992282,
        "target_bearing": 149.8716961332957,
        "fix_type": 6,
        "hacc_m": 0.014,
        "corrupt": false,
        "position_interpolated": true,
        "captured_at_utc": "2026-06-17T16:44:11.003577+00:00"
      },
      "geometry": {
        "type": "Point",
        "coordinates": [
          -114.0168753,
          46.697038199999994
        ]
      }
    },
    {
      "type": "Feature",
      "properties": {
        "file": "leg11_m051_b149_2026-06-17T10-44-11.jpg",
        "leg": "leg11",
        "mark_index": 51,
        "along_track_m": 50.602,
        "achieved_heading": 141.64559987933342,
        "target_bearing": 149.8716961332957,
        "fix_type": 6,
        "hacc_m": 0.014,
        "corrupt": false,
        "position_interpolated": true,
        "captured_at_utc": "2026-06-17T16:44:11.629813+00:00"
      },
      "geometry": {
        "type": "Point",
        "coordinates": [
          -114.0168712,
          46.6970338
        ]
      }
    }
  ]
}