{
  "type": "FeatureCollection",
  "name": "captures",
  "crs": {
    "type": "name",
    "properties": {
      "name": "urn:ogc:def:crs:OGC:1.3:CRS84"
    }
  },
  "features": [
    {
      "type": "Feature",
      "properties": {
        "file": "leg01_m000_b076_2026-06-17T14-11-19.jpg",
        "leg": "leg01",
        "mark_index": 0,
        "along_track_m": 0.0,
        "achieved_heading": 76.37556630738285,
        "target_bearing": 76.04516649777787,
        "fix_type": 6,
        "hacc_m": 0.014,
        "corrupt": false,
        "position_interpolated": true,
        "captured_at_utc": "2026-06-17T20:11:19.067189+00:00"
      },
      "geometry": {
        "type": "Point",
        "coordinates": [
          -114.01667379999999,
          46.6970684
        ]
      }
    },
    {
      "type": "Feature",
      "properties": {
        "file": "leg01_m001_b076_2026-06-17T14-11-20.jpg",
        "leg": "leg01",
        "mark_index": 1,
        "along_track_m": 1.0,
        "achieved_heading": 71.63680427119435,
        "target_bearing": 76.04516649777787,
        "fix_type": 6,
        "hacc_m": 0.014,
        "corrupt": false,
        "position_interpolated": true,
        "captured_at_utc": "2026-06-17T20:11:20.475089+00:00"
      },
      "geometry": {
        "type": "Point",
        "coordinates": [
          -114.01666314948754,
          46.69707163515373
        ]
      }
    },
    {
      "type": "Feature",
      "properties": {
        "file": "leg01_m002_b076_2026-06-17T14-11-21.jpg",
        "leg": "leg01",
        "mark_index": 2,
        "along_track_m": 2.0,
        "achieved_heading": 77.77174986255764,
        "target_bearing": 76.04516649777787,
        "fix_type": 6,
        "hacc_m": 0.014,
        "corrupt": false,
        "position_interpolated": true,
        "captured_at_utc": "2026-06-17T20:11:21.590008+00:00"
      },
      "geometry": {
        "type": "Point",
        "coordinates": [
          -114.016651,
          46.697075299999995
        ]
      }
    },
    {
      "type": "Feature",
      "properties": {
        "file": "leg01_m003_b076_2026-06-17T14-11-22.jpg",
        "leg": "leg01",
        "mark_index": 3,
        "along_track_m": 3.0,
        "achieved_heading": 86.38599842501102,
        "target_bearing": 76.04516649777787,
        "fix_type": 6,
        "hacc_m": 0.014,
        "corrupt": false,
        "position_interpolated": true,
        "captured_at_utc": "2026-06-17T20:11:22.712298+00:00"
      },
      "geometry": {
        "type": "Point",
        "coordinates": [
          -114.01663687244495,
          46.697077573470004
        ]
      }
    },
    {
      "type": "Feature",
      "properties": {
        "file": "leg01_m004_b076_2026-06-17T14-11-23.jpg",
        "leg": "leg01",
        "mark_index": 4,
        "along_track_m": 4.0,
        "achieved_heading": 87.4518718112929,
        "target_bearing": 76.04516649777787,
        "fix_type": 6,
        "hacc_m": 0.014,
        "corrupt": false,
        "position_interpolated": true,
        "captured_at_utc": "2026-06-17T20:11:23.824872+00:00"
      },
      "geometry": {
        "type": "Point",
        "coordinates": [
          -114.01662499999999,
          46.697078999999995
        ]
      }
    },
    {
      "type": "Feature",
      "properties": {
        "file": "leg01_m005_b076_2026-06-17T14-11-24.jpg",
        "leg": "leg01",
        "mark_index": 5,
        "along_track_m": 5.0,
        "achieved_heading": 85.47230262911592,
        "target_bearing": 76.04516649777787,
        "fix_type": 6,
        "hacc_m": 0.014,
        "corrupt": false,
        "position_interpolated": true,
        "captured_at_utc": "2026-06-17T20:11:24.805251+00:00"
      },
      "geometry": {
        "type": "Point",
        "coordinates": [
          -114.01661172970233,
          46.697080726560564
        ]
      }
    },
    {
      "type": "Feature",
      "properties": {
        "file": "leg01_m006_b076_2026-06-17T14-11-26.jpg",
        "leg": "leg01",
        "mark_index": 6,
        "along_track_m": 6.0,
        "achieved_heading": 83.89696068568888,
        "target_bearing": 76.04516649777787,
        "fix_type": 6,
        "hacc_m": 0.014,
        "corrupt": false,
        "position_interpolated": true,
        "captured_at_utc": "2026-06-17T20:11:25.929648+00:00"
      },
      "geometry": {
        "type": "Point",
        "coordinates": [
          -114.01659839999999,
          46.6970824
        ]
      }
    },
    {
      "type": "Feature",
      "properties": {
        "file": "leg01_m007_b076_2026-06-17T14-11-27.jpg",
        "leg": "leg01",
        "mark_index": 7,
        "along_track_m": 7.0,
        "achieved_heading": 82.26087794019263,
        "target_bearing": 76.04516649777787,
        "fix_type": 6,
        "hacc_m": 0.014,
        "corrupt": false,
        "position_interpolated": true,
        "captured_at_utc": "2026-06-17T20:11:27.050017+00:00"
      },
      "geometry": {
        "type": "Point",
        "coordinates": [
          -114.01658543469891,
          46.69708445044817
        ]
      }
    },
    {
      "type": "Feature",
      "properties": {
        "file": "leg01_m008_b076_2026-06-17T14-11-28.jpg",
        "leg": "leg01",
        "mark_index": 8,
        "along_track_m": 8.0,
        "achieved_heading": 81.90819343787807,
        "target_bearing": 76.04516649777787,
        "fix_type": 6,
        "hacc_m": 0.014,
        "corrupt": false,
        "position_interpolated": true,
        "captured_at_utc": "2026-06-17T20:11:28.163380+00:00"
      },
      "geometry": {
        "type": "Point",
        "coordinates": [
          -114.0165734,
          46.6970865
        ]
      }
    },
    {
      "type": "Feature",
      "properties": {
        "file": "leg01_m009_b076_2026-06-17T14-11-29.jpg",
        "leg": "leg01",
        "mark_index": 9,
        "along_track_m": 9.0,
        "achieved_heading": 80.62045818807363,
        "target_bearing": 76.04516649777787,
        "fix_type": 6,
        "hacc_m": 0.014,
        "corrupt": false,
        "position_interpolated": true,
        "captured_at_utc": "2026-06-17T20:11:29.285973+00:00"
      },
      "geometry": {
        "type": "Point",
        "coordinates": [
          -114.01655972450513,
          46.69708875364212
        ]
      }
    },
    {
      "type": "Feature",
      "properties": {
        "file": "leg01_m010_b076_2026-06-17T14-11-30.jpg",
        "leg": "leg01",
        "mark_index": 10,
        "along_track_m": 10.0,
        "achieved_heading": 78.27619984444604,
        "target_bearing": 76.04516649777787,
        "fix_type": 6,
        "hacc_m": 0.014,
        "corrupt": false,
        "position_interpolated": true,
        "captured_at_utc": "2026-06-17T20:11:30.343238+00:00"
      },
      "geometry": {
        "type": "Point",
        "coordinates": [
          -114.0165473,
          46.6970908
        ]
      }
    },
    {
      "type": "Feature",
      "properties": {
        "file": "leg01_m011_b076_2026-06-17T14-11-31.jpg",
        "leg": "leg01",
        "mark_index": 11,
        "along_track_m": 11.0,
        "achieved_heading": 78.85097895940855,
        "target_bearing": 76.04516649777787,
        "fix_type": 6,
        "hacc_m": 0.014,
        "corrupt": false,
        "position_interpolated": true,
        "captured_at_utc": "2026-06-17T20:11:31.327714+00:00"
      },
      "geometry": {
        "type": "Point",
        "coordinates": [
          -114.0165356,
          46.6970931
        ]
      }
    },
    {
      "type": "Feature",
      "properties": {
        "file": "leg01_m012_b076_2026-06-17T14-11-32.jpg",
        "leg": "leg01",
        "mark_index": 12,
        "along_track_m": 12.0,
        "achieved_heading": 80.83934223873383,
        "target_bearing": 76.04516649777787,
        "fix_type": 6,
        "hacc_m": 0.014,
        "corrupt": false,
        "position_interpolated": true,
        "captured_at_utc": "2026-06-17T20:11:32.523438+00:00"
      },
      "geometry": {
        "type": "Point",
        "coordinates": [
          -114.01652202626279,
          46.69709577369525
        ]
      }
    },
    {
      "type": "Feature",
      "properties": {
        "file": "leg01_m013_b076_2026-06-17T14-11-33.jpg",
        "leg": "leg01",
        "mark_index": 13,
        "along_track_m": 13.0,
        "achieved_heading": 81.58111935090358,
        "target_bearing": 76.04516649777787,
        "fix_type": 6,
        "hacc_m": 0.014,
        "corrupt": false,
        "position_interpolated": true,
        "captured_at_utc": "2026-06-17T20:11:33.637545+00:00"
      },
      "geometry": {
        "type": "Point",
        "coordinates": [
          -114.0165102,
          46.6970976
        ]
      }
    },
    {
      "type": "Feature",
      "properties": {
        "file": "leg01_m014_b076_2026-06-17T14-11-34.jpg",
        "leg": "leg01",
        "mark_index": 14,
        "along_track_m": 14.0,
        "achieved_heading": 81.37347507313382,
        "target_bearing": 76.04516649777787,
        "fix_type": 6,
        "hacc_m": 0.014,
        "corrupt": false,
        "position_interpolated": true,
        "captured_at_utc": "2026-06-17T20:11:34.752874+00:00"
      },
      "geometry": {
        "type": "Point",
        "coordinates": [
          -114.01649619999999,
          46.6971001
        ]
      }
    },
    {
      "type": "Feature",
      "properties": {
        "file": "leg01_m015_b076_2026-06-17T14-11-35.jpg",
        "leg": "leg01",
        "mark_index": 15,
        "along_track_m": 15.0,
        "achieved_heading": 80.55068211292634,
        "target_bearing": 76.04516649777787,
        "fix_type": 6,
        "hacc_m": 0.014,
        "corrupt": false,
        "position_interpolated": true,
        "captured_at_utc": "2026-06-17T20:11:35.667401+00:00"
      },
      "geometry": {
        "type": "Point",
        "coordinates": [
          -114.01648448913025,
          46.69710184698998
        ]
      }
    },
    {
      "type": "Feature",
      "properties": {
        "file": "leg01_m016_b076_2026-06-17T14-11-36.jpg",
        "leg": "leg01",
        "mark_index": 16,
        "along_track_m": 16.0,
        "achieved_heading": 78.01316564828232,
        "target_bearing": 76.04516649777787,
        "fix_type": 6,
        "hacc_m": 0.014,
        "corrupt": false,
        "position_interpolated": true,
        "captured_at_utc": "2026-06-17T20:11:36.781755+00:00"
      },
      "geometry": {
        "type": "Point",
        "coordinates": [
          -114.01647229999999,
          46.697103899999995
        ]
      }
    },
    {
      "type": "Feature",
      "properties": {
        "file": "leg01_m017_b076_2026-06-17T14-11-38.jpg",
        "leg": "leg01",
        "mark_index": 17,
        "along_track_m": 17.0,
        "achieved_heading": 79.2287180923471,
        "target_bearing": 76.04516649777787,
        "fix_type": 6,
        "hacc_m": 0.014,
        "corrupt": false,
        "position_interpolated": true,
        "captured_at_utc": "2026-06-17T20:11:37.971981+00:00"
      },
      "geometry": {
        "type": "Point",
        "coordinates": [
          -114.0164585,
          46.697106399999996
        ]
      }
    },
    {
      "type": "Feature",
      "properties": {
        "file": "leg01_m018_b076_2026-06-17T14-11-38.jpg",
        "leg": "leg01",
        "mark_index": 18,
        "along_track_m": 18.0,
        "achieved_heading": 82.16541218500609,
        "target_bearing": 76.04516649777787,
        "fix_type": 6,
        "hacc_m": 0.014,
        "corrupt": false,
        "position_interpolated": true,
        "captured_at_utc": "2026-06-17T20:11:38.957222+00:00"
      },
      "geometry": {
        "type": "Point",
        "coordinates": [
          -114.01644669999999,
          46.6971084
        ]
      }
    },
    {
      "type": "Feature",
      "properties": {
        "file": "leg01_m019_b076_2026-06-17T14-11-40.jpg",
        "leg": "leg01",
        "mark_index": 19,
        "along_track_m": 19.0,
        "achieved_heading": 80.29129968092947,
        "target_bearing": 76.04516649777787,
        "fix_type": 6,
        "hacc_m": 0.014,
        "corrupt": false,
        "position_interpolated": true,
        "captured_at_utc": "2026-06-17T20:11:40.071930+00:00"
      },
      "geometry": {
        "type": "Point",
        "coordinates": [
          -114.01643296600172,
          46.697110001564916
        ]
      }
    },
    {
      "type": "Feature",
      "properties": {
        "file": "leg01_m020_b076_2026-06-17T14-11-41.jpg",
        "leg": "leg01",
        "mark_index": 20,
        "along_track_m": 20.0,
        "achieved_heading": 78.03991910862365,
        "target_bearing": 76.04516649777787,
        "fix_type": 6,
        "hacc_m": 0.014,
        "corrupt": false,
        "position_interpolated": true,
        "captured_at_utc": "2026-06-17T20:11:41.178047+00:00"
      },
      "geometry": {
        "type": "Point",
        "coordinates": [
          -114.0164207,
          46.6971121
        ]
      }
    },
    {
      "type": "Feature",
      "properties": {
        "file": "leg01_m021_b076_2026-06-17T14-11-42.jpg",
        "leg": "leg01",
        "mark_index": 21,
        "along_track_m": 21.0,
        "achieved_heading": 77.35244271089688,
        "target_bearing": 76.04516649777787,
        "fix_type": 6,
        "hacc_m": 0.014,
        "corrupt": false,
        "position_interpolated": true,
        "captured_at_utc": "2026-06-17T20:11:42.295696+00:00"
      },
      "geometry": {
        "type": "Point",
        "coordinates": [
          -114.01640694225402,
          46.697114821018296
        ]
      }
    },
    {
      "type": "Feature",
      "properties": {
        "file": "leg01_m022_b076_2026-06-17T14-11-43.jpg",
        "leg": "leg01",
        "mark_index": 22,
        "along_track_m": 22.0,
        "achieved_heading": 77.48273978054321,
        "target_bearing": 76.04516649777787,
        "fix_type": 6,
        "hacc_m": 0.014,
        "corrupt": false,
        "position_interpolated": true,
        "captured_at_utc": "2026-06-17T20:11:43.346053+00:00"
      },
      "geometry": {
        "type": "Point",
        "coordinates": [
          -114.0163955,
          46.6971169
        ]
      }
    },
    {
      "type": "Feature",
      "properties": {
        "file": "leg01_m023_b076_2026-06-17T14-11-44.jpg",
        "leg": "leg01",
        "mark_index": 23,
        "along_track_m": 23.0,
        "achieved_heading": 76.0372731628195,
        "target_bearing": 76.04516649777787,
        "fix_type": 6,
        "hacc_m": 0.014,
        "corrupt": false,
        "position_interpolated": true,
        "captured_at_utc": "2026-06-17T20:11:44.330993+00:00"
      },
      "geometry": {
        "type": "Point",
        "coordinates": [
          -114.01638319999999,
          46.697119199999996
        ]
      }
    },
    {
      "type": "Feature",
      "properties": {
        "file": "leg01_m024_b076_2026-06-17T14-11-45.jpg",
        "leg": "leg01",
        "mark_index": 24,
        "along_track_m": 24.0,
        "achieved_heading": 77.0600134086091,
        "target_bearing": 76.04516649777787,
        "fix_type": 6,
        "hacc_m": 0.014,
        "corrupt": false,
        "position_interpolated": true,
        "captured_at_utc": "2026-06-17T20:11:45.522716+00:00"
      },
      "geometry": {
        "type": "Point",
        "coordinates": [
          -114.016369,
          46.6971217
        ]
      }
    },
    {
      "type": "Feature",
      "properties": {
        "file": "leg01_m025_b076_2026-06-17T14-11-46.jpg",
        "leg": "leg01",
        "mark_index": 25,
        "along_track_m": 25.0,
        "achieved_heading": 77.22042545523415,
        "target_bearing": 76.04516649777787,
        "fix_type": 6,
        "hacc_m": 0.014,
        "corrupt": false,
        "position_interpolated": true,
        "captured_at_utc": "2026-06-17T20:11:46.636874+00:00"
      },
      "geometry": {
        "type": "Point",
        "coordinates": [
          -114.0163575,
          46.6971239
        ]
      }
    },
    {
      "type": "Feature",
      "properties": {
        "file": "leg01_m026_b076_2026-06-17T14-11-47.jpg",
        "leg": "leg01",
        "mark_index": 26,
        "along_track_m": 26.0,
        "achieved_heading": 78.12422068871412,
        "target_bearing": 76.04516649777787,
        "fix_type": 6,
        "hacc_m": 0.014,
        "corrupt": false,
        "position_interpolated": true,
        "captured_at_utc": "2026-06-17T20:11:47.552189+00:00"
      },
      "geometry": {
        "type": "Point",
        "coordinates": [
          -114.0163453,
          46.697125799999995
        ]
      }
    },
    {
      "type": "Feature",
      "properties": {
        "file": "leg01_m027_b076_2026-06-17T14-11-48.jpg",
        "leg": "leg01",
        "mark_index": 27,
        "along_track_m": 27.0,
        "achieved_heading": 75.85261812074913,
        "target_bearing": 76.04516649777787,
        "fix_type": 6,
        "hacc_m": 0.014,
        "corrupt": false,
        "position_interpolated": true,
        "captured_at_utc": "2026-06-17T20:11:48.737965+00:00"
      },
      "geometry": {
        "type": "Point",
        "coordinates": [
          -114.0163312,
          46.6971284
        ]
      }
    },
    {
      "type": "Feature",
      "properties": {
        "file": "leg01_m028_b076_2026-06-17T14-11-49.jpg",
        "leg": "leg01",
        "mark_index": 28,
        "along_track_m": 28.0,
        "achieved_heading": 77.84875334224706,
        "target_bearing": 76.04516649777787,
        "fix_type": 6,
        "hacc_m": 0.014,
        "corrupt": false,
        "position_interpolated": true,
        "captured_at_utc": "2026-06-17T20:11:49.718714+00:00"
      },
      "geometry": {
        "type": "Point",
        "coordinates": [
          -114.01631924607963,
          46.697130592320065
        ]
      }
    },
    {
      "type": "Feature",
      "properties": {
        "file": "leg01_m029_b076_2026-06-17T14-11-50.jpg",
        "leg": "leg01",
        "mark_index": 29,
        "along_track_m": 29.0,
        "achieved_heading": 78.57913588209257,
        "target_bearing": 76.04516649777787,
        "fix_type": 6,
        "hacc_m": 0.014,
        "corrupt": false,
        "position_interpolated": true,
        "captured_at_utc": "2026-06-17T20:11:50.841114+00:00"
      },
      "geometry": {
        "type": "Point",
        "coordinates": [
          -114.01630608885168,
          46.697132509836216
        ]
      }
    },
    {
      "type": "Feature",
      "properties": {
        "file": "leg01_m030_b076_2026-06-17T14-11-51.jpg",
        "leg": "leg01",
        "mark_index": 30,
        "along_track_m": 30.0,
        "achieved_heading": 77.02996311663279,
        "target_bearing": 76.04516649777787,
        "fix_type": 6,
        "hacc_m": 0.014,
        "corrupt": false,
        "position_interpolated": true,
        "captured_at_utc": "2026-06-17T20:11:51.887979+00:00"
      },
      "geometry": {
        "type": "Point",
        "coordinates": [
          -114.01629361633609,
          46.69713462810543
        ]
      }
    },
    {
      "type": "Feature",
      "properties": {
        "file": "leg01_m031_b076_2026-06-17T14-11-52.jpg",
        "leg": "leg01",
        "mark_index": 31,
        "along_track_m": 31.0,
        "achieved_heading": 76.42361233268237,
        "target_bearing": 76.04516649777787,
        "fix_type": 6,
        "hacc_m": 0.014,
        "corrupt": false,
        "position_interpolated": true,
        "captured_at_utc": "2026-06-17T20:11:52.942268+00:00"
      },
      "geometry": {
        "type": "Point",
        "coordinates": [
          -114.01628129999999,
          46.6971366
        ]
      }
    },
    {
      "type": "Feature",
      "properties": {
        "file": "leg01_m032_b076_2026-06-17T14-11-54.jpg",
        "leg": "leg01",
        "mark_index": 32,
        "along_track_m": 32.0,
        "achieved_heading": 76.90378131038337,
        "target_bearing": 76.04516649777787,
        "fix_type": 6,
        "hacc_m": 0.014,
        "corrupt": false,
        "position_interpolated": true,
        "captured_at_utc": "2026-06-17T20:11:54.136051+00:00"
      },
      "geometry": {
        "type": "Point",
        "coordinates": [
          -114.0162673,
          46.6971388
        ]
      }
    },
    {
      "type": "Feature",
      "properties": {
        "file": "leg01_m033_b076_2026-06-17T14-11-55.jpg",
        "leg": "leg01",
        "mark_index": 33,
        "along_track_m": 33.0,
        "achieved_heading": 74.56335764211305,
        "target_bearing": 76.04516649777787,
        "fix_type": 6,
        "hacc_m": 0.014,
        "corrupt": false,
        "position_interpolated": true,
        "captured_at_utc": "2026-06-17T20:11:55.114119+00:00"
      },
      "geometry": {
        "type": "Point",
        "coordinates": [
          -114.0162558675054,
          46.69714097715835
        ]
      }
    },
    {
      "type": "Feature",
      "properties": {
        "file": "leg01_m034_b076_2026-06-17T14-11-56.jpg",
        "leg": "leg01",
        "mark_index": 34,
        "along_track_m": 34.0,
        "achieved_heading": 75.1563850604993,
        "target_bearing": 76.04516649777787,
        "fix_type": 6,
        "hacc_m": 0.014,
        "corrupt": false,
        "position_interpolated": true,
        "captured_at_utc": "2026-06-17T20:11:56.235549+00:00"
      },
      "geometry": {
        "type": "Point",
        "coordinates": [
          -114.01624223301096,
          46.69714332569062
        ]
      }
    },
    {
      "type": "Feature",
      "properties": {
        "file": "leg01_m035_b076_2026-06-17T14-11-57.jpg",
        "leg": "leg01",
        "mark_index": 35,
        "along_track_m": 35.0,
        "achieved_heading": 74.57281936345294,
        "target_bearing": 76.04516649777787,
        "fix_type": 6,
        "hacc_m": 0.014,
        "corrupt": false,
        "position_interpolated": true,
        "captured_at_utc": "2026-06-17T20:11:57.293181+00:00"
      },
      "geometry": {
        "type": "Point",
        "coordinates": [
          -114.0162300808792,
          46.69714555786812
        ]
      }
    },
    {
      "type": "Feature",
      "properties": {
        "file": "leg01_m036_b076_2026-06-17T14-11-58.jpg",
        "leg": "leg01",
        "mark_index": 36,
        "along_track_m": 36.0,
        "achieved_heading": 75.79264855149665,
        "target_bearing": 76.04516649777787,
        "fix_type": 6,
        "hacc_m": 0.014,
        "corrupt": false,
        "position_interpolated": true,
        "captured_at_utc": "2026-06-17T20:11:58.333000+00:00"
      },
      "geometry": {
        "type": "Point",
        "coordinates": [
          -114.01621809999999,
          46.697147799999996
        ]
      }
    },
    {
      "type": "Feature",
      "properties": {
        "file": "leg01_m037_b076_2026-06-17T14-11-59.jpg",
        "leg": "leg01",
        "mark_index": 37,
        "along_track_m": 37.0,
        "achieved_heading": 75.27682429338901,
        "target_bearing": 76.04516649777787,
        "fix_type": 6,
        "hacc_m": 0.014,
        "corrupt": false,
        "position_interpolated": true,
        "captured_at_utc": "2026-06-17T20:11:59.524449+00:00"
      },
      "geometry": {
        "type": "Point",
        "coordinates": [
          -114.01620419999999,
          46.6971503
        ]
      }
    },
    {
      "type": "Feature",
      "properties": {
        "file": "leg01_m038_b076_2026-06-17T14-12-00.jpg",
        "leg": "leg01",
        "mark_index": 38,
        "along_track_m": 38.0,
        "achieved_heading": 76.3315694245971,
        "target_bearing": 76.04516649777787,
        "fix_type": 6,
        "hacc_m": 0.014,
        "corrupt": false,
        "position_interpolated": true,
        "captured_at_utc": "2026-06-17T20:12:00.498135+00:00"
      },
      "geometry": {
        "type": "Point",
        "coordinates": [
          -114.01619302085545,
          46.697152355828905
        ]
      }
    },
    {
      "type": "Feature",
      "properties": {
        "file": "leg01_m039_b076_2026-06-17T14-12-01.jpg",
        "leg": "leg01",
        "mark_index": 39,
        "along_track_m": 39.0,
        "achieved_heading": 77.46470310474261,
        "target_bearing": 76.04516649777787,
        "fix_type": 6,
        "hacc_m": 0.014,
        "corrupt": false,
        "position_interpolated": true,
        "captured_at_utc": "2026-06-17T20:12:01.619197+00:00"
      },
      "geometry": {
        "type": "Point",
        "coordinates": [
          -114.01617972682283,
          46.69715450403081
        ]
      }
    },
    {
      "type": "Feature",
      "properties": {
        "file": "leg01_m040_b076_2026-06-17T14-12-02.jpg",
        "leg": "leg01",
        "mark_index": 40,
        "along_track_m": 40.0,
        "achieved_heading": 76.63137825716234,
        "target_bearing": 76.04516649777787,
        "fix_type": 6,
        "hacc_m": 0.014,
        "corrupt": false,
        "position_interpolated": true,
        "captured_at_utc": "2026-06-17T20:12:02.740656+00:00"
      },
      "geometry": {
        "type": "Point",
        "coordinates": [
          -114.01616659999999,
          46.6971564
        ]
      }
    },
    {
      "type": "Feature",
      "properties": {
        "file": "leg01_m041_b076_2026-06-17T14-12-03.jpg",
        "leg": "leg01",
        "mark_index": 41,
        "along_track_m": 41.0,
        "achieved_heading": 75.27108615624375,
        "target_bearing": 76.04516649777787,
        "fix_type": 6,
        "hacc_m": 0.014,
        "corrupt": false,
        "position_interpolated": true,
        "captured_at_utc": "2026-06-17T20:12:03.932708+00:00"
      },
      "geometry": {
        "type": "Point",
        "coordinates": [
          -114.0161526,
          46.697158599999995
        ]
      }
    },
    {
      "type": "Feature",
      "properties": {
        "file": "leg01_m042_b076_2026-06-17T14-12-05.jpg",
        "leg": "leg01",
        "mark_index": 42,
        "along_track_m": 42.0,
        "achieved_heading": 74.87785495492119,
        "target_bearing": 76.04516649777787,
        "fix_type": 6,
        "hacc_m": 0.014,
        "corrupt": false,
        "position_interpolated": true,
        "captured_at_utc": "2026-06-17T20:12:04.984111+00:00"
      },
      "geometry": {
        "type": "Point",
        "coordinates": [
          -114.01614049999999,
          46.6971608
        ]
      }
    },
    {
      "type": "Feature",
      "properties": {
        "file": "leg01_m043_b076_2026-06-17T14-12-06.jpg",
        "leg": "leg01",
        "mark_index": 43,
        "along_track_m": 43.0,
        "achieved_heading": 75.58213641408433,
        "target_bearing": 76.04516649777787,
        "fix_type": 6,
        "hacc_m": 0.014,
        "corrupt": false,
        "position_interpolated": true,
        "captured_at_utc": "2026-06-17T20:12:06.049701+00:00"
      },
      "geometry": {
        "type": "Point",
        "coordinates": [
          -114.0161289,
          46.6971626
        ]
      }
    },
    {
      "type": "Feature",
      "properties": {
        "file": "leg01_m044_b076_2026-06-17T14-12-07.jpg",
        "leg": "leg01",
        "mark_index": 44,
        "along_track_m": 44.0,
        "achieved_heading": 75.6553479820167,
        "target_bearing": 76.04516649777787,
        "fix_type": 6,
        "hacc_m": 0.014,
        "corrupt": false,
        "position_interpolated": true,
        "captured_at_utc": "2026-06-17T20:12:07.092366+00:00"
      },
      "geometry": {
        "type": "Point",
        "coordinates": [
          -114.01611494748106,
          46.69716475050378
        ]
      }
    },
    {
      "type": "Feature",
      "properties": {
        "file": "leg01_m045_b076_2026-06-17T14-12-08.jpg",
        "leg": "leg01",
        "mark_index": 45,
        "along_track_m": 45.0,
        "achieved_heading": 75.68866076709456,
        "target_bearing": 76.04516649777787,
        "fix_type": 6,
        "hacc_m": 0.014,
        "corrupt": false,
        "position_interpolated": true,
        "captured_at_utc": "2026-06-17T20:12:08.133985+00:00"
      },
      "geometry": {
        "type": "Point",
        "coordinates": [
          -114.016103,
          46.6971667
        ]
      }
    },
    {
      "type": "Feature",
      "properties": {
        "file": "leg01_m046_b076_2026-06-17T14-12-09.jpg",
        "leg": "leg01",
        "mark_index": 46,
        "along_track_m": 46.0,
        "achieved_heading": 72.84715991926231,
        "target_bearing": 76.04516649777787,
        "fix_type": 6,
        "hacc_m": 0.014,
        "corrupt": false,
        "position_interpolated": true,
        "captured_at_utc": "2026-06-17T20:12:09.331727+00:00"
      },
      "geometry": {
        "type": "Point",
        "coordinates": [
          -114.01608909999999,
          46.697169099999996
        ]
      }
    },
    {
      "type": "Feature",
      "properties": {
        "file": "leg01_m047_b076_2026-06-17T14-12-10.jpg",
        "leg": "leg01",
        "mark_index": 47,
        "along_track_m": 47.0,
        "achieved_heading": 74.96703290571314,
        "target_bearing": 76.04516649777787,
        "fix_type": 6,
        "hacc_m": 0.014,
        "corrupt": false,
        "position_interpolated": true,
        "captured_at_utc": "2026-06-17T20:12:10.379584+00:00"
      },
      "geometry": {
        "type": "Point",
        "coordinates": [
          -114.01607729999999,
          46.6971713
        ]
      }
    },
    {
      "type": "Feature",
      "properties": {
        "file": "leg01_m048_b076_2026-06-17T14-12-11.jpg",
        "leg": "leg01",
        "mark_index": 48,
        "along_track_m": 48.0,
        "achieved_heading": 75.37794634903372,
        "target_bearing": 76.04516649777787,
        "fix_type": 6,
        "hacc_m": 0.014,
        "corrupt": false,
        "position_interpolated": true,
        "captured_at_utc": "2026-06-17T20:12:11.496395+00:00"
      },
      "geometry": {
        "type": "Point",
        "coordinates": [
          -114.01606346594356,
          46.697173446811284
        ]
      }
    },
    {
      "type": "Feature",
      "properties": {
        "file": "leg01_m049_b076_2026-06-17T14-12-12.jpg",
        "leg": "leg01",
        "mark_index": 49,
        "along_track_m": 49.0,
        "achieved_heading": 74.54729631393808,
        "target_bearing": 76.04516649777787,
        "fix_type": 6,
        "hacc_m": 0.014,
        "corrupt": false,
        "position_interpolated": true,
        "captured_at_utc": "2026-06-17T20:12:12.542170+00:00"
      },
      "geometry": {
        "type": "Point",
        "coordinates": [
          -114.01605149999999,
          46.6971754
        ]
      }
    },
    {
      "type": "Feature",
      "properties": {
        "file": "leg01_m050_b076_2026-06-17T14-12-13.jpg",
        "leg": "leg01",
        "mark_index": 50,
        "along_track_m": 50.0,
        "achieved_heading": 72.9793589274437,
        "target_bearing": 76.04516649777787,
        "fix_type": 6,
        "hacc_m": 0.014,
        "corrupt": false,
        "position_interpolated": true,
        "captured_at_utc": "2026-06-17T20:12:13.525037+00:00"
      },
      "geometry": {
        "type": "Point",
        "coordinates": [
          -114.01603949999999,
          46.697177599999996
        ]
      }
    },
    {
      "type": "Feature",
      "properties": {
        "file": "leg01_m051_b076_2026-06-17T14-12-14.jpg",
        "leg": "leg01",
        "mark_index": 51,
        "along_track_m": 51.0,
        "achieved_heading": 73.11514357066139,
        "target_bearing": 76.04516649777787,
        "fix_type": 6,
        "hacc_m": 0.014,
        "corrupt": false,
        "position_interpolated": true,
        "captured_at_utc": "2026-06-17T20:12:14.653666+00:00"
      },
      "geometry": {
        "type": "Point",
        "coordinates": [
          -114.01602597259901,
          46.69718019579296
        ]
      }
    },
    {
      "type": "Feature",
      "properties": {
        "file": "leg01_m052_b076_2026-06-17T14-12-15.jpg",
        "leg": "leg01",
        "mark_index": 52,
        "along_track_m": 52.0,
        "achieved_heading": 74.00949417599537,
        "target_bearing": 76.04516649777787,
        "fix_type": 6,
        "hacc_m": 0.014,
        "corrupt": false,
        "position_interpolated": true,
        "captured_at_utc": "2026-06-17T20:12:15.759340+00:00"
      },
      "geometry": {
        "type": "Point",
        "coordinates": [
          -114.0160135572333,
          46.69718225100318
        ]
      }
    },
    {
      "type": "Feature",
      "properties": {
        "file": "leg01_m053_b076_2026-06-17T14-12-16.jpg",
        "leg": "leg01",
        "mark_index": 53,
        "along_track_m": 53.0,
        "achieved_heading": 72.1548512361816,
        "target_bearing": 76.04516649777787,
        "fix_type": 6,
        "hacc_m": 0.014,
        "corrupt": false,
        "position_interpolated": true,
        "captured_at_utc": "2026-06-17T20:12:16.822095+00:00"
      },
      "geometry": {
        "type": "Point",
        "coordinates": [
          -114.01600091580495,
          46.69718455899869
        ]
      }
    },
    {
      "type": "Feature",
      "properties": {
        "file": "leg01_m054_b076_2026-06-17T14-12-18.jpg",
        "leg": "leg01",
        "mark_index": 54,
        "along_track_m": 54.0,
        "achieved_heading": 72.38128678808378,
        "target_bearing": 76.04516649777787,
        "fix_type": 6,
        "hacc_m": 0.014,
        "corrupt": false,
        "position_interpolated": true,
        "captured_at_utc": "2026-06-17T20:12:18.007644+00:00"
      },
      "geometry": {
        "type": "Point",
        "coordinates": [
          -114.0159884,
          46.6971868
        ]
      }
    },
    {
      "type": "Feature",
      "properties": {
        "file": "leg01_m055_b076_2026-06-17T14-12-19.jpg",
        "leg": "leg01",
        "mark_index": 55,
        "along_track_m": 55.0,
        "achieved_heading": 72.26108202702662,
        "target_bearing": 76.04516649777787,
        "fix_type": 6,
        "hacc_m": 0.014,
        "corrupt": false,
        "position_interpolated": true,
        "captured_at_utc": "2026-06-17T20:12:19.139891+00:00"
      },
      "geometry": {
        "type": "Point",
        "coordinates": [
          -114.0159747,
          46.6971895
        ]
      }
    },
    {
      "type": "Feature",
      "properties": {
        "file": "leg01_m056_b076_2026-06-17T14-12-20.jpg",
        "leg": "leg01",
        "mark_index": 56,
        "along_track_m": 56.0,
        "achieved_heading": 75.57149441616313,
        "target_bearing": 76.04516649777787,
        "fix_type": 6,
        "hacc_m": 0.014,
        "corrupt": false,
        "position_interpolated": true,
        "captured_at_utc": "2026-06-17T20:12:20.109654+00:00"
      },
      "geometry": {
        "type": "Point",
        "coordinates": [
          -114.01596313192161,
          46.697191369749355
        ]
      }
    },
    {
      "type": "Feature",
      "properties": {
        "file": "leg01_m057_b076_2026-06-17T14-12-21.jpg",
        "leg": "leg01",
        "mark_index": 57,
        "along_track_m": 57.0,
        "achieved_heading": 74.00847326715974,
        "target_bearing": 76.04516649777787,
        "fix_type": 6,
        "hacc_m": 0.014,
        "corrupt": false,
        "position_interpolated": true,
        "captured_at_utc": "2026-06-17T20:12:21.296136+00:00"
      },
      "geometry": {
        "type": "Point",
        "coordinates": [
          -114.01594940198946,
          46.6971939396021
        ]
      }
    },
    {
      "type": "Feature",
      "properties": {
        "file": "leg01_m058_b076_2026-06-17T14-12-22.jpg",
        "leg": "leg01",
        "mark_index": 58,
        "along_track_m": 58.0,
        "achieved_heading": 75.01677915153729,
        "target_bearing": 76.04516649777787,
        "fix_type": 6,
        "hacc_m": 0.014,
        "corrupt": false,
        "position_interpolated": true,
        "captured_at_utc": "2026-06-17T20:12:22.419588+00:00"
      },
      "geometry": {
        "type": "Point",
        "coordinates": [
          -114.01593749999999,
          46.697196
        ]
      }
    },
    {
      "type": "Feature",
      "properties": {
        "file": "leg01_m059_b076_2026-06-17T14-12-23.jpg",
        "leg": "leg01",
        "mark_index": 59,
        "along_track_m": 59.0,
        "achieved_heading": 76.64329878759911,
        "target_bearing": 76.04516649777787,
        "fix_type": 6,
        "hacc_m": 0.014,
        "corrupt": false,
        "position_interpolated": true,
        "captured_at_utc": "2026-06-17T20:12:23.542181+00:00"
      },
      "geometry": {
        "type": "Point",
        "coordinates": [
          -114.0159237,
          46.6971983
        ]
      }
    },
    {
      "type": "Feature",
      "properties": {
        "file": "leg01_m060_b076_2026-06-17T14-12-24.jpg",
        "leg": "leg01",
        "mark_index": 60,
        "along_track_m": 60.0,
        "achieved_heading": 76.78555814631171,
        "target_bearing": 76.04516649777787,
        "fix_type": 6,
        "hacc_m": 0.014,
        "corrupt": false,
        "position_interpolated": true,
        "captured_at_utc": "2026-06-17T20:12:24.518196+00:00"
      },
      "geometry": {
        "type": "Point",
        "coordinates": [
          -114.01591241868901,
          46.69719998381513
        ]
      }
    },
    {
      "type": "Feature",
      "properties": {
        "file": "leg01_m061_b076_2026-06-17T14-12-25.jpg",
        "leg": "leg01",
        "mark_index": 61,
        "along_track_m": 61.0,
        "achieved_heading": 77.11184026441367,
        "target_bearing": 76.04516649777787,
        "fix_type": 6,
        "hacc_m": 0.014,
        "corrupt": false,
        "position_interpolated": true,
        "captured_at_utc": "2026-06-17T20:12:25.710542+00:00"
      },
      "geometry": {
        "type": "Point",
        "coordinates": [
          -114.01589804559346,
          46.6972018888005
        ]
      }
    },
    {
      "type": "Feature",
      "properties": {
        "file": "leg01_m062_b076_2026-06-17T14-12-26.jpg",
        "leg": "leg01",
        "mark_index": 62,
        "along_track_m": 62.0,
        "achieved_heading": 80.95342762112169,
        "target_bearing": 76.04516649777787,
        "fix_type": 6,
        "hacc_m": 0.014,
        "corrupt": false,
        "position_interpolated": true,
        "captured_at_utc": "2026-06-17T20:12:26.689793+00:00"
      },
      "geometry": {
        "type": "Point",
        "coordinates": [
          -114.0158868603972,
          46.69720335085493
        ]
      }
    },
    {
      "type": "Feature",
      "properties": {
        "file": "leg02_m000_b346_2026-06-17T14-12-31.jpg",
        "leg": "leg02",
        "mark_index": 0,
        "along_track_m": 0.0,
        "achieved_heading": 345.9641680706707,
        "target_bearing": 346.13039395262194,
        "fix_type": 6,
        "hacc_m": 0.014,
        "corrupt": false,
        "position_interpolated": true,
        "captured_at_utc": "2026-06-17T20:12:31.524521+00:00"
      },
      "geometry": {
        "type": "Point",
        "coordinates": [
          -114.01588249999999,
          46.697204799999994
        ]
      }
    },
    {
      "type": "Feature",
      "properties": {
        "file": "leg02_m001_b346_2026-06-17T14-12-32.jpg",
        "leg": "leg02",
        "mark_index": 1,
        "along_track_m": 1.0,
        "achieved_heading": 339.06873559783025,
        "target_bearing": 346.13039395262194,
        "fix_type": 6,
        "hacc_m": 0.014,
        "corrupt": false,
        "position_interpolated": true,
        "captured_at_utc": "2026-06-17T20:12:32.916750+00:00"
      },
      "geometry": {
        "type": "Point",
        "coordinates": [
          -114.0158855,
          46.6972124
        ]
      }
    },
    {
      "type": "Feature",
      "properties": {
        "file": "leg02_m002_b346_2026-06-17T14-12-34.jpg",
        "leg": "leg02",
        "mark_index": 2,
        "along_track_m": 2.0,
        "achieved_heading": 338.0099095924286,
        "target_bearing": 346.13039395262194,
        "fix_type": 6,
        "hacc_m": 0.014,
        "corrupt": false,
        "position_interpolated": true,
        "captured_at_utc": "2026-06-17T20:12:33.967961+00:00"
      },
      "geometry": {
        "type": "Point",
        "coordinates": [
          -114.01588939999999,
          46.697220699999995
        ]
      }
    },
    {
      "type": "Feature",
      "properties": {
        "file": "leg02_m003_b346_2026-06-17T14-12-34.jpg",
        "leg": "leg02",
        "mark_index": 3,
        "along_track_m": 3.0,
        "achieved_heading": 338.50712236704305,
        "target_bearing": 346.13039395262194,
        "fix_type": 6,
        "hacc_m": 0.014,
        "corrupt": false,
        "position_interpolated": true,
        "captured_at_utc": "2026-06-17T20:12:34.882796+00:00"
      },
      "geometry": {
        "type": "Point",
        "coordinates": [
          -114.01589298918762,
          46.69722883088421
        ]
      }
    },
    {
      "type": "Feature",
      "properties": {
        "file": "leg02_m004_b346_2026-06-17T14-12-36.jpg",
        "leg": "leg02",
        "mark_index": 4,
        "along_track_m": 4.0,
        "achieved_heading": 344.8663427719024,
        "target_bearing": 346.13039395262194,
        "fix_type": 6,
        "hacc_m": 0.014,
        "corrupt": false,
        "position_interpolated": true,
        "captured_at_utc": "2026-06-17T20:12:36.068896+00:00"
      },
      "geometry": {
        "type": "Point",
        "coordinates": [
          -114.01589631455819,
          46.697238544310395
        ]
      }
    },
    {
      "type": "Feature",
      "properties": {
        "file": "leg02_m005_b346_2026-06-17T14-12-37.jpg",
        "leg": "leg02",
        "mark_index": 5,
        "along_track_m": 4.948,
        "achieved_heading": 350.36508802818787,
        "target_bearing": 346.13039395262194,
        "fix_type": 6,
        "hacc_m": 0.014,
        "corrupt": false,
        "position_interpolated": true,
        "captured_at_utc": "2026-06-17T20:12:36.983399+00:00"
      },
      "geometry": {
        "type": "Point",
        "coordinates": [
          -114.0158986,
          46.697246
        ]
      }
    },
    {
      "type": "Feature",
      "properties": {
        "file": "leg03_m000_b256_2026-06-17T14-12-41.jpg",
        "leg": "leg03",
        "mark_index": 0,
        "along_track_m": 0.0,
        "achieved_heading": 257.46431842687406,
        "target_bearing": 256.04573276471194,
        "fix_type": 6,
        "hacc_m": 0.014,
        "corrupt": false,
        "position_interpolated": true,
        "captured_at_utc": "2026-06-17T20:12:41.525538+00:00"
      },
      "geometry": {
        "type": "Point",
        "coordinates": [
          -114.01590039999999,
          46.697248699999996
        ]
      }
    },
    {
      "type": "Feature",
      "properties": {
        "file": "leg03_m001_b256_2026-06-17T14-12-42.jpg",
        "leg": "leg03",
        "mark_index": 1,
        "along_track_m": 1.0,
        "achieved_heading": 254.07452822354156,
        "target_bearing": 256.04573276471194,
        "fix_type": 6,
        "hacc_m": 0.014,
        "corrupt": false,
        "position_interpolated": true,
        "captured_at_utc": "2026-06-17T20:12:42.932409+00:00"
      },
      "geometry": {
        "type": "Point",
        "coordinates": [
          -114.0159125,
          46.697247499999996
        ]
      }
    },
    {
      "type": "Feature",
      "properties": {
        "file": "leg03_m002_b256_2026-06-17T14-12-44.jpg",
        "leg": "leg03",
        "mark_index": 2,
        "along_track_m": 2.0,
        "achieved_heading": 244.74677531881176,
        "target_bearing": 256.04573276471194,
        "fix_type": 6,
        "hacc_m": 0.014,
        "corrupt": false,
        "position_interpolated": true,
        "captured_at_utc": "2026-06-17T20:12:43.983946+00:00"
      },
      "geometry": {
        "type": "Point",
        "coordinates": [
          -114.0159254,
          46.697246
        ]
      }
    },
    {
      "type": "Feature",
      "properties": {
        "file": "leg03_m003_b256_2026-06-17T14-12-44.jpg",
        "leg": "leg03",
        "mark_index": 3,
        "along_track_m": 3.0,
        "achieved_heading": 238.708258524369,
        "target_bearing": 256.04573276471194,
        "fix_type": 6,
        "hacc_m": 0.014,
        "corrupt": false,
        "position_interpolated": true,
        "captured_at_utc": "2026-06-17T20:12:44.900916+00:00"
      },
      "geometry": {
        "type": "Point",
        "coordinates": [
          -114.01593701900069,
          46.69724272362479
        ]
      }
    },
    {
      "type": "Feature",
      "properties": {
        "file": "leg03_m004_b256_2026-06-17T14-12-45.jpg",
        "leg": "leg03",
        "mark_index": 4,
        "along_track_m": 4.0,
        "achieved_heading": 241.0020377613957,
        "target_bearing": 256.04573276471194,
        "fix_type": 6,
        "hacc_m": 0.014,
        "corrupt": false,
        "position_interpolated": true,
        "captured_at_utc": "2026-06-17T20:12:45.951581+00:00"
      },
      "geometry": {
        "type": "Point",
        "coordinates": [
          -114.0159489,
          46.697238999999996
        ]
      }
    },
    {
      "type": "Feature",
      "properties": {
        "file": "leg03_m005_b256_2026-06-17T14-12-47.jpg",
        "leg": "leg03",
        "mark_index": 5,
        "along_track_m": 5.0,
        "achieved_heading": 245.49366339822535,
        "target_bearing": 256.04573276471194,
        "fix_type": 6,
        "hacc_m": 0.014,
        "corrupt": false,
        "position_interpolated": true,
        "captured_at_utc": "2026-06-17T20:12:47.007624+00:00"
      },
      "geometry": {
        "type": "Point",
        "coordinates": [
          -114.01596149999999,
          46.697235899999995
        ]
      }
    },
    {
      "type": "Feature",
      "properties": {
        "file": "leg03_m006_b256_2026-06-17T14-12-47.jpg",
        "leg": "leg03",
        "mark_index": 6,
        "along_track_m": 6.0,
        "achieved_heading": 246.40548313353617,
        "target_bearing": 256.04573276471194,
        "fix_type": 6,
        "hacc_m": 0.014,
        "corrupt": false,
        "position_interpolated": true,
        "captured_at_utc": "2026-06-17T20:12:47.911660+00:00"
      },
      "geometry": {
        "type": "Point",
        "coordinates": [
          -114.01597374947538,
          46.69723310935641
        ]
      }
    },
    {
      "type": "Feature",
      "properties": {
        "file": "leg03_m007_b256_2026-06-17T14-12-49.jpg",
        "leg": "leg03",
        "mark_index": 7,
        "along_track_m": 7.0,
        "achieved_heading": 246.62902188922277,
        "target_bearing": 256.04573276471194,
        "fix_type": 6,
        "hacc_m": 0.014,
        "corrupt": false,
        "position_interpolated": true,
        "captured_at_utc": "2026-06-17T20:12:48.958494+00:00"
      },
      "geometry": {
        "type": "Point",
        "coordinates": [
          -114.0159863,
          46.6972307
        ]
      }
    },
    {
      "type": "Feature",
      "properties": {
        "file": "leg03_m008_b256_2026-06-17T14-12-49.jpg",
        "leg": "leg03",
        "mark_index": 8,
        "along_track_m": 8.0,
        "achieved_heading": 247.78299552850103,
        "target_bearing": 256.04573276471194,
        "fix_type": 6,
        "hacc_m": 0.014,
        "corrupt": false,
        "position_interpolated": true,
        "captured_at_utc": "2026-06-17T20:12:49.942151+00:00"
      },
      "geometry": {
        "type": "Point",
        "coordinates": [
          -114.01599879999999,
          46.6972282
        ]
      }
    },
    {
      "type": "Feature",
      "properties": {
        "file": "leg03_m009_b256_2026-06-17T14-12-51.jpg",
        "leg": "leg03",
        "mark_index": 9,
        "along_track_m": 9.0,
        "achieved_heading": 249.31028007535167,
        "target_bearing": 256.04573276471194,
        "fix_type": 6,
        "hacc_m": 0.014,
        "corrupt": false,
        "position_interpolated": true,
        "captured_at_utc": "2026-06-17T20:12:51.124973+00:00"
      },
      "geometry": {
        "type": "Point",
        "coordinates": [
          -114.016014,
          46.6972254
        ]
      }
    },
    {
      "type": "Feature",
      "properties": {
        "file": "leg03_m010_b256_2026-06-17T14-12-52.jpg",
        "leg": "leg03",
        "mark_index": 10,
        "along_track_m": 10.0,
        "achieved_heading": 248.8453902661453,
        "target_bearing": 256.04573276471194,
        "fix_type": 6,
        "hacc_m": 0.014,
        "corrupt": false,
        "position_interpolated": true,
        "captured_at_utc": "2026-06-17T20:12:52.038556+00:00"
      },
      "geometry": {
        "type": "Point",
        "coordinates": [
          -114.01602551954205,
          46.69722339609159
        ]
      }
    },
    {
      "type": "Feature",
      "properties": {
        "file": "leg03_m011_b256_2026-06-17T14-12-53.jpg",
        "leg": "leg03",
        "mark_index": 11,
        "along_track_m": 11.0,
        "achieved_heading": 248.71932707396303,
        "target_bearing": 256.04573276471194,
        "fix_type": 6,
        "hacc_m": 0.014,
        "corrupt": false,
        "position_interpolated": true,
        "captured_at_utc": "2026-06-17T20:12:53.088540+00:00"
      },
      "geometry": {
        "type": "Point",
        "coordinates": [
          -114.01603828953013,
          46.69722117138606
        ]
      }
    },
    {
      "type": "Feature",
      "properties": {
        "file": "leg03_m012_b256_2026-06-17T14-12-54.jpg",
        "leg": "leg03",
        "mark_index": 12,
        "along_track_m": 12.0,
        "achieved_heading": 248.37791950182532,
        "target_bearing": 256.04573276471194,
        "fix_type": 6,
        "hacc_m": 0.014,
        "corrupt": false,
        "position_interpolated": true,
        "captured_at_utc": "2026-06-17T20:12:54.065136+00:00"
      },
      "geometry": {
        "type": "Point",
        "coordinates": [
          -114.01605043237835,
          46.69721901127027
        ]
      }
    },
    {
      "type": "Feature",
      "properties": {
        "file": "leg03_m013_b256_2026-06-17T14-12-55.jpg",
        "leg": "leg03",
        "mark_index": 13,
        "along_track_m": 13.0,
        "achieved_heading": 249.32835020504928,
        "target_bearing": 256.04573276471194,
        "fix_type": 6,
        "hacc_m": 0.014,
        "corrupt": false,
        "position_interpolated": true,
        "captured_at_utc": "2026-06-17T20:12:55.115026+00:00"
      },
      "geometry": {
        "type": "Point",
        "coordinates": [
          -114.01606379767783,
          46.6972165286502
        ]
      }
    },
    {
      "type": "Feature",
      "properties": {
        "file": "leg03_m014_b256_2026-06-17T14-12-56.jpg",
        "leg": "leg03",
        "mark_index": 14,
        "along_track_m": 14.0,
        "achieved_heading": 249.5835310642483,
        "target_bearing": 256.04573276471194,
        "fix_type": 6,
        "hacc_m": 0.014,
        "corrupt": false,
        "position_interpolated": true,
        "captured_at_utc": "2026-06-17T20:12:56.171453+00:00"
      },
      "geometry": {
        "type": "Point",
        "coordinates": [
          -114.01607609999999,
          46.6972144
        ]
      }
    },
    {
      "type": "Feature",
      "properties": {
        "file": "leg03_m015_b256_2026-06-17T14-12-57.jpg",
        "leg": "leg03",
        "mark_index": 15,
        "along_track_m": 15.0,
        "achieved_heading": 250.0831438433978,
        "target_bearing": 256.04573276471194,
        "fix_type": 6,
        "hacc_m": 0.014,
        "corrupt": false,
        "position_interpolated": true,
        "captured_at_utc": "2026-06-17T20:12:57.143716+00:00"
      },
      "geometry": {
        "type": "Point",
        "coordinates": [
          -114.0160882,
          46.6972123
        ]
      }
    },
    {
      "type": "Feature",
      "properties": {
        "file": "leg03_m016_b256_2026-06-17T14-12-58.jpg",
        "leg": "leg03",
        "mark_index": 16,
        "along_track_m": 16.0,
        "achieved_heading": 250.85314033688434,
        "target_bearing": 256.04573276471194,
        "fix_type": 6,
        "hacc_m": 0.014,
        "corrupt": false,
        "position_interpolated": true,
        "captured_at_utc": "2026-06-17T20:12:58.123501+00:00"
      },
      "geometry": {
        "type": "Point",
        "coordinates": [
          -114.01610047712946,
          46.69721000338823
        ]
      }
    },
    {
      "type": "Feature",
      "properties": {
        "file": "leg03_m017_b256_2026-06-17T14-12-59.jpg",
        "leg": "leg03",
        "mark_index": 17,
        "along_track_m": 17.0,
        "achieved_heading": 251.99839211026455,
        "target_bearing": 256.04573276471194,
        "fix_type": 6,
        "hacc_m": 0.014,
        "corrupt": false,
        "position_interpolated": true,
        "captured_at_utc": "2026-06-17T20:12:59.184126+00:00"
      },
      "geometry": {
        "type": "Point",
        "coordinates": [
          -114.01611349999999,
          46.697207999999996
        ]
      }
    },
    {
      "type": "Feature",
      "properties": {
        "file": "leg03_m018_b256_2026-06-17T14-13-00.jpg",
        "leg": "leg03",
        "mark_index": 18,
        "along_track_m": 18.0,
        "achieved_heading": 249.962449224362,
        "target_bearing": 256.04573276471194,
        "fix_type": 6,
        "hacc_m": 0.014,
        "corrupt": false,
        "position_interpolated": true,
        "captured_at_utc": "2026-06-17T20:13:00.171045+00:00"
      },
      "geometry": {
        "type": "Point",
        "coordinates": [
          -114.01612589999999,
          46.6972058
        ]
      }
    },
    {
      "type": "Feature",
      "properties": {
        "file": "leg03_m019_b256_2026-06-17T14-13-01.jpg",
        "leg": "leg03",
        "mark_index": 19,
        "along_track_m": 19.0,
        "achieved_heading": 251.20748693826187,
        "target_bearing": 256.04573276471194,
        "fix_type": 6,
        "hacc_m": 0.014,
        "corrupt": false,
        "position_interpolated": true,
        "captured_at_utc": "2026-06-17T20:13:01.354811+00:00"
      },
      "geometry": {
        "type": "Point",
        "coordinates": [
          -114.01614049999999,
          46.6972034
        ]
      }
    },
    {
      "type": "Feature",
      "properties": {
        "file": "leg03_m020_b256_2026-06-17T14-13-02.jpg",
        "leg": "leg03",
        "mark_index": 20,
        "along_track_m": 20.0,
        "achieved_heading": 251.30841915720342,
        "target_bearing": 256.04573276471194,
        "fix_type": 6,
        "hacc_m": 0.014,
        "corrupt": false,
        "position_interpolated": true,
        "captured_at_utc": "2026-06-17T20:13:02.263088+00:00"
      },
      "geometry": {
        "type": "Point",
        "coordinates": [
          -114.01615183941757,
          46.69720131701268
        ]
      }
    },
    {
      "type": "Feature",
      "properties": {
        "file": "leg03_m021_b256_2026-06-17T14-13-03.jpg",
        "leg": "leg03",
        "mark_index": 21,
        "along_track_m": 21.0,
        "achieved_heading": 250.30482532725694,
        "target_bearing": 256.04573276471194,
        "fix_type": 6,
        "hacc_m": 0.014,
        "corrupt": false,
        "position_interpolated": true,
        "captured_at_utc": "2026-06-17T20:13:03.240274+00:00"
      },
      "geometry": {
        "type": "Point",
        "coordinates": [
          -114.0161641105218,
          46.69719916491303
        ]
      }
    },
    {
      "type": "Feature",
      "properties": {
        "file": "leg03_m022_b256_2026-06-17T14-13-04.jpg",
        "leg": "leg03",
        "mark_index": 22,
        "along_track_m": 22.0,
        "achieved_heading": 250.7623401386756,
        "target_bearing": 256.04573276471194,
        "fix_type": 6,
        "hacc_m": 0.014,
        "corrupt": false,
        "position_interpolated": true,
        "captured_at_utc": "2026-06-17T20:13:04.287460+00:00"
      },
      "geometry": {
        "type": "Point",
        "coordinates": [
          -114.01617705547896,
          46.6971967599167
        ]
      }
    },
    {
      "type": "Feature",
      "properties": {
        "file": "leg03_m023_b256_2026-06-17T14-13-05.jpg",
        "leg": "leg03",
        "mark_index": 23,
        "along_track_m": 23.0,
        "achieved_heading": 251.03066511065845,
        "target_bearing": 256.04573276471194,
        "fix_type": 6,
        "hacc_m": 0.014,
        "corrupt": false,
        "position_interpolated": true,
        "captured_at_utc": "2026-06-17T20:13:05.410486+00:00"
      },
      "geometry": {
        "type": "Point",
        "coordinates": [
          -114.0161899,
          46.6971944
        ]
      }
    },
    {
      "type": "Feature",
      "properties": {
        "file": "leg03_m024_b256_2026-06-17T14-13-06.jpg",
        "leg": "leg03",
        "mark_index": 24,
        "along_track_m": 24.0,
        "achieved_heading": 251.57296288731146,
        "target_bearing": 256.04573276471194,
        "fix_type": 6,
        "hacc_m": 0.014,
        "corrupt": false,
        "position_interpolated": true,
        "captured_at_utc": "2026-06-17T20:13:06.388983+00:00"
      },
      "geometry": {
        "type": "Point",
        "coordinates": [
          -114.0162029,
          46.6971926
        ]
      }
    },
    {
      "type": "Feature",
      "properties": {
        "file": "leg03_m025_b256_2026-06-17T14-13-07.jpg",
        "leg": "leg03",
        "mark_index": 25,
        "along_track_m": 25.0,
        "achieved_heading": 250.7084354706469,
        "target_bearing": 256.04573276471194,
        "fix_type": 6,
        "hacc_m": 0.014,
        "corrupt": false,
        "position_interpolated": true,
        "captured_at_utc": "2026-06-17T20:13:07.302876+00:00"
      },
      "geometry": {
        "type": "Point",
        "coordinates": [
          -114.01621545929423,
          46.69719053376938
        ]
      }
    },
    {
      "type": "Feature",
      "properties": {
        "file": "leg03_m026_b256_2026-06-17T14-13-08.jpg",
        "leg": "leg03",
        "mark_index": 26,
        "along_track_m": 26.0,
        "achieved_heading": 250.1992518471358,
        "target_bearing": 256.04573276471194,
        "fix_type": 6,
        "hacc_m": 0.014,
        "corrupt": false,
        "position_interpolated": true,
        "captured_at_utc": "2026-06-17T20:13:08.284837+00:00"
      },
      "geometry": {
        "type": "Point",
        "coordinates": [
          -114.01622767512848,
          46.69718813898458
        ]
      }
    },
    {
      "type": "Feature",
      "properties": {
        "file": "leg03_m027_b256_2026-06-17T14-13-09.jpg",
        "leg": "leg03",
        "mark_index": 27,
        "along_track_m": 27.0,
        "achieved_heading": 249.4312654822811,
        "target_bearing": 256.04573276471194,
        "fix_type": 6,
        "hacc_m": 0.014,
        "corrupt": false,
        "position_interpolated": true,
        "captured_at_utc": "2026-06-17T20:13:09.541839+00:00"
      },
      "geometry": {
        "type": "Point",
        "coordinates": [
          -114.01624249999999,
          46.6971851
        ]
      }
    },
    {
      "type": "Feature",
      "properties": {
        "file": "leg03_m028_b256_2026-06-17T14-13-10.jpg",
        "leg": "leg03",
        "mark_index": 28,
        "along_track_m": 28.0,
        "achieved_heading": 252.34860895919581,
        "target_bearing": 256.04573276471194,
        "fix_type": 6,
        "hacc_m": 0.014,
        "corrupt": false,
        "position_interpolated": true,
        "captured_at_utc": "2026-06-17T20:13:10.447023+00:00"
      },
      "geometry": {
        "type": "Point",
        "coordinates": [
          -114.01625419884505,
          46.69718306690728
        ]
      }
    },
    {
      "type": "Feature",
      "properties": {
        "file": "leg03_m029_b256_2026-06-17T14-13-11.jpg",
        "leg": "leg03",
        "mark_index": 29,
        "along_track_m": 29.0,
        "achieved_heading": 254.45641697618285,
        "target_bearing": 256.04573276471194,
        "fix_type": 6,
        "hacc_m": 0.014,
        "corrupt": false,
        "position_interpolated": true,
        "captured_at_utc": "2026-06-17T20:13:11.436378+00:00"
      },
      "geometry": {
        "type": "Point",
        "coordinates": [
          -114.01626656226262,
          46.69718101721717
        ]
      }
    },
    {
      "type": "Feature",
      "properties": {
        "file": "leg03_m030_b256_2026-06-17T14-13-12.jpg",
        "leg": "leg03",
        "mark_index": 30,
        "along_track_m": 30.0,
        "achieved_heading": 254.42597145540515,
        "target_bearing": 256.04573276471194,
        "fix_type": 6,
        "hacc_m": 0.014,
        "corrupt": false,
        "position_interpolated": true,
        "captured_at_utc": "2026-06-17T20:13:12.481589+00:00"
      },
      "geometry": {
        "type": "Point",
        "coordinates": [
          -114.01627976297901,
          46.69717924475175
        ]
      }
    },
    {
      "type": "Feature",
      "properties": {
        "file": "leg03_m031_b256_2026-06-17T14-13-13.jpg",
        "leg": "leg03",
        "mark_index": 31,
        "along_track_m": 31.0,
        "achieved_heading": 252.15533495822984,
        "target_bearing": 256.04573276471194,
        "fix_type": 6,
        "hacc_m": 0.014,
        "corrupt": false,
        "position_interpolated": true,
        "captured_at_utc": "2026-06-17T20:13:13.525694+00:00"
      },
      "geometry": {
        "type": "Point",
        "coordinates": [
          -114.01629279999999,
          46.6971771
        ]
      }
    },
    {
      "type": "Feature",
      "properties": {
        "file": "leg03_m032_b256_2026-06-17T14-13-14.jpg",
        "leg": "leg03",
        "mark_index": 32,
        "along_track_m": 32.0,
        "achieved_heading": 251.22836265822673,
        "target_bearing": 256.04573276471194,
        "fix_type": 6,
        "hacc_m": 0.014,
        "corrupt": false,
        "position_interpolated": true,
        "captured_at_utc": "2026-06-17T20:13:14.512843+00:00"
      },
      "geometry": {
        "type": "Point",
        "coordinates": [
          -114.01630514602427,
          46.69717482677839
        ]
      }
    },
    {
      "type": "Feature",
      "properties": {
        "file": "leg03_m033_b256_2026-06-17T14-13-15.jpg",
        "leg": "leg03",
        "mark_index": 33,
        "along_track_m": 33.0,
        "achieved_heading": 250.5939215200041,
        "target_bearing": 256.04573276471194,
        "fix_type": 6,
        "hacc_m": 0.014,
        "corrupt": false,
        "position_interpolated": true,
        "captured_at_utc": "2026-06-17T20:13:15.490113+00:00"
      },
      "geometry": {
        "type": "Point",
        "coordinates": [
          -114.01631687283995,
          46.69717265162728
        ]
      }
    },
    {
      "type": "Feature",
      "properties": {
        "file": "leg03_m034_b256_2026-06-17T14-13-16.jpg",
        "leg": "leg03",
        "mark_index": 34,
        "along_track_m": 34.0,
        "achieved_heading": 250.62952620408834,
        "target_bearing": 256.04573276471194,
        "fix_type": 6,
        "hacc_m": 0.014,
        "corrupt": false,
        "position_interpolated": true,
        "captured_at_utc": "2026-06-17T20:13:16.612756+00:00"
      },
      "geometry": {
        "type": "Point",
        "coordinates": [
          -114.0163298,
          46.6971705
        ]
      }
    },
    {
      "type": "Feature",
      "properties": {
        "file": "leg03_m035_b256_2026-06-17T14-13-17.jpg",
        "leg": "leg03",
        "mark_index": 35,
        "along_track_m": 35.0,
        "achieved_heading": 251.98781218711184,
        "target_bearing": 256.04573276471194,
        "fix_type": 6,
        "hacc_m": 0.014,
        "corrupt": false,
        "position_interpolated": true,
        "captured_at_utc": "2026-06-17T20:13:17.529312+00:00"
      },
      "geometry": {
        "type": "Point",
        "coordinates": [
          -114.0163424,
          46.6971682
        ]
      }
    },
    {
      "type": "Feature",
      "properties": {
        "file": "leg03_m036_b256_2026-06-17T14-13-18.jpg",
        "leg": "leg03",
        "mark_index": 36,
        "along_track_m": 36.0,
        "achieved_heading": 252.69628849564916,
        "target_bearing": 256.04573276471194,
        "fix_type": 6,
        "hacc_m": 0.014,
        "corrupt": false,
        "position_interpolated": true,
        "captured_at_utc": "2026-06-17T20:13:18.646330+00:00"
      },
      "geometry": {
        "type": "Point",
        "coordinates": [
          -114.01635617217333,
          46.69716588556533
        ]
      }
    },
    {
      "type": "Feature",
      "properties": {
        "file": "leg03_m037_b256_2026-06-17T14-13-19.jpg",
        "leg": "leg03",
        "mark_index": 37,
        "along_track_m": 37.0,
        "achieved_heading": 253.0379342046918,
        "target_bearing": 256.04573276471194,
        "fix_type": 6,
        "hacc_m": 0.014,
        "corrupt": false,
        "position_interpolated": true,
        "captured_at_utc": "2026-06-17T20:13:19.619379+00:00"
      },
      "geometry": {
        "type": "Point",
        "coordinates": [
          -114.01636829969965,
          46.69716358895563
        ]
      }
    },
    {
      "type": "Feature",
      "properties": {
        "file": "leg03_m038_b256_2026-06-17T14-13-20.jpg",
        "leg": "leg03",
        "mark_index": 38,
        "along_track_m": 38.0,
        "achieved_heading": 254.49297468380564,
        "target_bearing": 256.04573276471194,
        "fix_type": 6,
        "hacc_m": 0.014,
        "corrupt": false,
        "position_interpolated": true,
        "captured_at_utc": "2026-06-17T20:13:20.741813+00:00"
      },
      "geometry": {
        "type": "Point",
        "coordinates": [
          -114.0163819,
          46.6971614
        ]
      }
    },
    {
      "type": "Feature",
      "properties": {
        "file": "leg03_m039_b256_2026-06-17T14-13-21.jpg",
        "leg": "leg03",
        "mark_index": 39,
        "along_track_m": 39.0,
        "achieved_heading": 254.0760018994879,
        "target_bearing": 256.04573276471194,
        "fix_type": 6,
        "hacc_m": 0.014,
        "corrupt": false,
        "position_interpolated": true,
        "captured_at_utc": "2026-06-17T20:13:21.722587+00:00"
      },
      "geometry": {
        "type": "Point",
        "coordinates": [
          -114.0163944,
          46.6971594
        ]
      }
    },
    {
      "type": "Feature",
      "properties": {
        "file": "leg03_m040_b256_2026-06-17T14-13-22.jpg",
        "leg": "leg03",
        "mark_index": 40,
        "along_track_m": 40.0,
        "achieved_heading": 253.20287201543474,
        "target_bearing": 256.04573276471194,
        "fix_type": 6,
        "hacc_m": 0.014,
        "corrupt": false,
        "position_interpolated": true,
        "captured_at_utc": "2026-06-17T20:13:22.632188+00:00"
      },
      "geometry": {
        "type": "Point",
        "coordinates": [
          -114.01640614609671,
          46.69715737094863
        ]
      }
    },
    {
      "type": "Feature",
      "properties": {
        "file": "leg03_m041_b256_2026-06-17T14-13-23.jpg",
        "leg": "leg03",
        "mark_index": 41,
        "along_track_m": 41.0,
        "achieved_heading": 253.56609635777255,
        "target_bearing": 256.04573276471194,
        "fix_type": 6,
        "hacc_m": 0.014,
        "corrupt": false,
        "position_interpolated": true,
        "captured_at_utc": "2026-06-17T20:13:23.752120+00:00"
      },
      "geometry": {
        "type": "Point",
        "coordinates": [
          -114.01642009999999,
          46.697154999999995
        ]
      }
    },
    {
      "type": "Feature",
      "properties": {
        "file": "leg03_m042_b256_2026-06-17T14-13-24.jpg",
        "leg": "leg03",
        "mark_index": 42,
        "along_track_m": 42.0,
        "achieved_heading": 252.4878251234643,
        "target_bearing": 256.04573276471194,
        "fix_type": 6,
        "hacc_m": 0.014,
        "corrupt": false,
        "position_interpolated": true,
        "captured_at_utc": "2026-06-17T20:13:24.733932+00:00"
      },
      "geometry": {
        "type": "Point",
        "coordinates": [
          -114.0164325,
          46.697153
        ]
      }
    },
    {
      "type": "Feature",
      "properties": {
        "file": "leg03_m043_b256_2026-06-17T14-13-25.jpg",
        "leg": "leg03",
        "mark_index": 43,
        "along_track_m": 43.0,
        "achieved_heading": 251.36633949376792,
        "target_bearing": 256.04573276471194,
        "fix_type": 6,
        "hacc_m": 0.014,
        "corrupt": false,
        "position_interpolated": true,
        "captured_at_utc": "2026-06-17T20:13:25.645269+00:00"
      },
      "geometry": {
        "type": "Point",
        "coordinates": [
          -114.01644441895135,
          46.69715094684144
        ]
      }
    },
    {
      "type": "Feature",
      "properties": {
        "file": "leg03_m044_b256_2026-06-17T14-13-26.jpg",
        "leg": "leg03",
        "mark_index": 44,
        "along_track_m": 44.0,
        "achieved_heading": 250.47502528225348,
        "target_bearing": 256.04573276471194,
        "fix_type": 6,
        "hacc_m": 0.014,
        "corrupt": false,
        "position_interpolated": true,
        "captured_at_utc": "2026-06-17T20:13:26.756329+00:00"
      },
      "geometry": {
        "type": "Point",
        "coordinates": [
          -114.01645769999999,
          46.6971486
        ]
      }
    },
    {
      "type": "Feature",
      "properties": {
        "file": "leg03_m045_b256_2026-06-17T14-13-27.jpg",
        "leg": "leg03",
        "mark_index": 45,
        "along_track_m": 45.0,
        "achieved_heading": 252.65817803231977,
        "target_bearing": 256.04573276471194,
        "fix_type": 6,
        "hacc_m": 0.014,
        "corrupt": false,
        "position_interpolated": true,
        "captured_at_utc": "2026-06-17T20:13:27.670821+00:00"
      },
      "geometry": {
        "type": "Point",
        "coordinates": [
          -114.01646953796077,
          46.697146429701355
        ]
      }
    },
    {
      "type": "Feature",
      "properties": {
        "file": "leg03_m046_b256_2026-06-17T14-13-28.jpg",
        "leg": "leg03",
        "mark_index": 46,
        "along_track_m": 46.0,
        "achieved_heading": 252.97766540868702,
        "target_bearing": 256.04573276471194,
        "fix_type": 6,
        "hacc_m": 0.014,
        "corrupt": false,
        "position_interpolated": true,
        "captured_at_utc": "2026-06-17T20:13:28.728400+00:00"
      },
      "geometry": {
        "type": "Point",
        "coordinates": [
          -114.0164827,
          46.6971443
        ]
      }
    },
    {
      "type": "Feature",
      "properties": {
        "file": "leg03_m047_b256_2026-06-17T14-13-29.jpg",
        "leg": "leg03",
        "mark_index": 47,
        "along_track_m": 47.0,
        "achieved_heading": 253.17019756685156,
        "target_bearing": 256.04573276471194,
        "fix_type": 6,
        "hacc_m": 0.014,
        "corrupt": false,
        "position_interpolated": true,
        "captured_at_utc": "2026-06-17T20:13:29.775673+00:00"
      },
      "geometry": {
        "type": "Point",
        "coordinates": [
          -114.0164954,
          46.6971424
        ]
      }
    },
    {
      "type": "Feature",
      "properties": {
        "file": "leg03_m048_b256_2026-06-17T14-13-30.jpg",
        "leg": "leg03",
        "mark_index": 48,
        "along_track_m": 48.0,
        "achieved_heading": 253.30354947586528,
        "target_bearing": 256.04573276471194,
        "fix_type": 6,
        "hacc_m": 0.014,
        "corrupt": false,
        "position_interpolated": true,
        "captured_at_utc": "2026-06-17T20:13:30.758895+00:00"
      },
      "geometry": {
        "type": "Point",
        "coordinates": [
          -114.0165076,
          46.6971403
        ]
      }
    },
    {
      "type": "Feature",
      "properties": {
        "file": "leg03_m049_b256_2026-06-17T14-13-31.jpg",
        "leg": "leg03",
        "mark_index": 49,
        "along_track_m": 49.0,
        "achieved_heading": 253.97777276090824,
        "target_bearing": 256.04573276471194,
        "fix_type": 6,
        "hacc_m": 0.014,
        "corrupt": false,
        "position_interpolated": true,
        "captured_at_utc": "2026-06-17T20:13:31.870553+00:00"
      },
      "geometry": {
        "type": "Point",
        "coordinates": [
          -114.01652200063603,
          46.697138141613664
        ]
      }
    },
    {
      "type": "Feature",
      "properties": {
        "file": "leg03_m050_b256_2026-06-17T14-13-32.jpg",
        "leg": "leg03",
        "mark_index": 50,
        "along_track_m": 50.0,
        "achieved_heading": 251.79166510967912,
        "target_bearing": 256.04573276471194,
        "fix_type": 6,
        "hacc_m": 0.014,
        "corrupt": false,
        "position_interpolated": true,
        "captured_at_utc": "2026-06-17T20:13:32.855907+00:00"
      },
      "geometry": {
        "type": "Point",
        "coordinates": [
          -114.01653404325653,
          46.697135885662185
        ]
      }
    },
    {
      "type": "Feature",
      "properties": {
        "file": "leg03_m051_b256_2026-06-17T14-13-33.jpg",
        "leg": "leg03",
        "mark_index": 51,
        "along_track_m": 51.0,
        "achieved_heading": 251.83492093070106,
        "target_bearing": 256.04573276471194,
        "fix_type": 6,
        "hacc_m": 0.014,
        "corrupt": false,
        "position_interpolated": true,
        "captured_at_utc": "2026-06-17T20:13:33.910299+00:00"
      },
      "geometry": {
        "type": "Point",
        "coordinates": [
          -114.01654705113842,
          46.69713330751716
        ]
      }
    },
    {
      "type": "Feature",
      "properties": {
        "file": "leg03_m052_b256_2026-06-17T14-13-34.jpg",
        "leg": "leg03",
        "mark_index": 52,
        "along_track_m": 52.0,
        "achieved_heading": 253.76009153744434,
        "target_bearing": 256.04573276471194,
        "fix_type": 6,
        "hacc_m": 0.014,
        "corrupt": false,
        "position_interpolated": true,
        "captured_at_utc": "2026-06-17T20:13:34.885965+00:00"
      },
      "geometry": {
        "type": "Point",
        "coordinates": [
          -114.01655909626825,
          46.69713133961718
        ]
      }
    },
    {
      "type": "Feature",
      "properties": {
        "file": "leg03_m053_b256_2026-06-17T14-13-35.jpg",
        "leg": "leg03",
        "mark_index": 53,
        "along_track_m": 53.0,
        "achieved_heading": 252.3811410178208,
        "target_bearing": 256.04573276471194,
        "fix_type": 6,
        "hacc_m": 0.014,
        "corrupt": false,
        "position_interpolated": true,
        "captured_at_utc": "2026-06-17T20:13:35.868387+00:00"
      },
      "geometry": {
        "type": "Point",
        "coordinates": [
          -114.01657148659096,
          46.697129511610655
        ]
      }
    },
    {
      "type": "Feature",
      "properties": {
        "file": "leg03_m054_b256_2026-06-17T14-13-37.jpg",
        "leg": "leg03",
        "mark_index": 54,
        "along_track_m": 54.0,
        "achieved_heading": 251.64617868935926,
        "target_bearing": 256.04573276471194,
        "fix_type": 6,
        "hacc_m": 0.014,
        "corrupt": false,
        "position_interpolated": true,
        "captured_at_utc": "2026-06-17T20:13:36.984314+00:00"
      },
      "geometry": {
        "type": "Point",
        "coordinates": [
          -114.0165846,
          46.697126999999995
        ]
      }
    },
    {
      "type": "Feature",
      "properties": {
        "file": "leg03_m055_b256_2026-06-17T14-13-37.jpg",
        "leg": "leg03",
        "mark_index": 55,
        "along_track_m": 55.0,
        "achieved_heading": 253.17745623168472,
        "target_bearing": 256.04573276471194,
        "fix_type": 6,
        "hacc_m": 0.014,
        "corrupt": false,
        "position_interpolated": true,
        "captured_at_utc": "2026-06-17T20:13:37.898293+00:00"
      },
      "geometry": {
        "type": "Point",
        "coordinates": [
          -114.01659751252936,
          46.69712494326245
        ]
      }
    },
    {
      "type": "Feature",
      "properties": {
        "file": "leg03_m056_b256_2026-06-17T14-13-38.jpg",
        "leg": "leg03",
        "mark_index": 56,
        "along_track_m": 56.0,
        "achieved_heading": 253.45249910213687,
        "target_bearing": 256.04573276471194,
        "fix_type": 6,
        "hacc_m": 0.014,
        "corrupt": false,
        "position_interpolated": true,
        "captured_at_utc": "2026-06-17T20:13:38.944163+00:00"
      },
      "geometry": {
        "type": "Point",
        "coordinates": [
          -114.01661039999999,
          46.6971227
        ]
      }
    },
    {
      "type": "Feature",
      "properties": {
        "file": "leg03_m057_b256_2026-06-17T14-13-39.jpg",
        "leg": "leg03",
        "mark_index": 57,
        "along_track_m": 57.0,
        "achieved_heading": 252.63072323762452,
        "target_bearing": 256.04573276471194,
        "fix_type": 6,
        "hacc_m": 0.014,
        "corrupt": false,
        "position_interpolated": true,
        "captured_at_utc": "2026-06-17T20:13:39.849781+00:00"
      },
      "geometry": {
        "type": "Point",
        "coordinates": [
          -114.0166222078391,
          46.697120626745736
        ]
      }
    },
    {
      "type": "Feature",
      "properties": {
        "file": "leg03_m058_b256_2026-06-17T14-13-41.jpg",
        "leg": "leg03",
        "mark_index": 58,
        "along_track_m": 58.0,
        "achieved_heading": 252.79589126241612,
        "target_bearing": 256.04573276471194,
        "fix_type": 6,
        "hacc_m": 0.014,
        "corrupt": false,
        "position_interpolated": true,
        "captured_at_utc": "2026-06-17T20:13:40.967690+00:00"
      },
      "geometry": {
        "type": "Point",
        "coordinates": [
          -114.01663549999999,
          46.697118499999995
        ]
      }
    },
    {
      "type": "Feature",
      "properties": {
        "file": "leg03_m059_b256_2026-06-17T14-13-41.jpg",
        "leg": "leg03",
        "mark_index": 59,
        "along_track_m": 59.0,
        "achieved_heading": 253.02102145054818,
        "target_bearing": 256.04573276471194,
        "fix_type": 6,
        "hacc_m": 0.014,
        "corrupt": false,
        "position_interpolated": true,
        "captured_at_utc": "2026-06-17T20:13:41.886765+00:00"
      },
      "geometry": {
        "type": "Point",
        "coordinates": [
          -114.01664789597191,
          46.69711652533567
        ]
      }
    },
    {
      "type": "Feature",
      "properties": {
        "file": "leg03_m060_b256_2026-06-17T14-13-43.jpg",
        "leg": "leg03",
        "mark_index": 60,
        "along_track_m": 60.0,
        "achieved_heading": 254.6505363251473,
        "target_bearing": 256.04573276471194,
        "fix_type": 6,
        "hacc_m": 0.014,
        "corrupt": false,
        "position_interpolated": true,
        "captured_at_utc": "2026-06-17T20:13:43.001848+00:00"
      },
      "geometry": {
        "type": "Point",
        "coordinates": [
          -114.0166608,
          46.6971141
        ]
      }
    },
    {
      "type": "Feature",
      "properties": {
        "file": "leg03_m061_b256_2026-06-17T14-13-43.jpg",
        "leg": "leg03",
        "mark_index": 61,
        "along_track_m": 61.0,
        "achieved_heading": 256.7247566113105,
        "target_bearing": 256.04573276471194,
        "fix_type": 6,
        "hacc_m": 0.014,
        "corrupt": false,
        "position_interpolated": true,
        "captured_at_utc": "2026-06-17T20:13:43.913694+00:00"
      },
      "geometry": {
        "type": "Point",
        "coordinates": [
          -114.0166737,
          46.697111899999996
        ]
      }
    },
    {
      "type": "Feature",
      "properties": {
        "file": "leg03_m062_b256_2026-06-17T14-13-45.jpg",
        "leg": "leg03",
        "mark_index": 62,
        "along_track_m": 62.0,
        "achieved_heading": 263.88142794539016,
        "target_bearing": 256.04573276471194,
        "fix_type": 6,
        "hacc_m": 0.014,
        "corrupt": false,
        "position_interpolated": true,
        "captured_at_utc": "2026-06-17T20:13:44.961836+00:00"
      },
      "geometry": {
        "type": "Point",
        "coordinates": [
          -114.01668629999999,
          46.6971108
        ]
      }
    },
    {
      "type": "Feature",
      "properties": {
        "file": "leg04_m000_b346_2026-06-17T14-13-48.jpg",
        "leg": "leg04",
        "mark_index": 0,
        "along_track_m": 0.0,
        "achieved_heading": 345.83715667365846,
        "target_bearing": 346.12980352238736,
        "fix_type": 6,
        "hacc_m": 0.014,
        "corrupt": false,
        "position_interpolated": true,
        "captured_at_utc": "2026-06-17T20:13:48.052114+00:00"
      },
      "geometry": {
        "type": "Point",
        "coordinates": [
          -114.01669679999999,
          46.697109999999995
        ]
      }
    },
    {
      "type": "Feature",
      "properties": {
        "file": "leg04_m001_b346_2026-06-17T14-13-49.jpg",
        "leg": "leg04",
        "mark_index": 1,
        "along_track_m": 1.0,
        "achieved_heading": 340.0155044046727,
        "target_bearing": 346.12980352238736,
        "fix_type": 6,
        "hacc_m": 0.014,
        "corrupt": false,
        "position_interpolated": true,
        "captured_at_utc": "2026-06-17T20:13:49.724960+00:00"
      },
      "geometry": {
        "type": "Point",
        "coordinates": [
          -114.01670209999999,
          46.697119799999996
        ]
      }
    },
    {
      "type": "Feature",
      "properties": {
        "file": "leg04_m002_b346_2026-06-17T14-13-50.jpg",
        "leg": "leg04",
        "mark_index": 2,
        "along_track_m": 2.0,
        "achieved_heading": 345.5607618332873,
        "target_bearing": 346.12980352238736,
        "fix_type": 6,
        "hacc_m": 0.014,
        "corrupt": false,
        "position_interpolated": true,
        "captured_at_utc": "2026-06-17T20:13:50.776616+00:00"
      },
      "geometry": {
        "type": "Point",
        "coordinates": [
          -114.0167055,
          46.6971278
        ]
      }
    },
    {
      "type": "Feature",
      "properties": {
        "file": "leg04_m003_b346_2026-06-17T14-13-52.jpg",
        "leg": "leg04",
        "mark_index": 3,
        "along_track_m": 3.0,
        "achieved_heading": 354.68169410986627,
        "target_bearing": 346.12980352238736,
        "fix_type": 6,
        "hacc_m": 0.014,
        "corrupt": false,
        "position_interpolated": true,
        "captured_at_utc": "2026-06-17T20:13:51.898060+00:00"
      },
      "geometry": {
        "type": "Point",
        "coordinates": [
          -114.01670807814358,
          46.69713767614701
        ]
      }
    },
    {
      "type": "Feature",
      "properties": {
        "file": "leg04_m004_b346_2026-06-17T14-13-52.jpg",
        "leg": "leg04",
        "mark_index": 4,
        "along_track_m": 4.0,
        "achieved_heading": 359.8081193902403,
        "target_bearing": 346.12980352238736,
        "fix_type": 6,
        "hacc_m": 0.014,
        "corrupt": false,
        "position_interpolated": true,
        "captured_at_utc": "2026-06-17T20:13:52.891668+00:00"
      },
      "geometry": {
        "type": "Point",
        "coordinates": [
          -114.01670850923043,
          46.697146243082614
        ]
      }
    },
    {
      "type": "Feature",
      "properties": {
        "file": "leg04_m005_b346_2026-06-17T14-13-53.jpg",
        "leg": "leg04",
        "mark_index": 5,
        "along_track_m": 4.819,
        "achieved_heading": 1.7249496938504478,
        "target_bearing": 346.12980352238736,
        "fix_type": 6,
        "hacc_m": 0.014,
        "corrupt": false,
        "position_interpolated": true,
        "captured_at_utc": "2026-06-17T20:13:53.724438+00:00"
      },
      "geometry": {
        "type": "Point",
        "coordinates": [
          -114.0167082,
          46.697153199999995
        ]
      }
    },
    {
      "type": "Feature",
      "properties": {
        "file": "leg05_m000_b076_2026-06-17T14-13-57.jpg",
        "leg": "leg05",
        "mark_index": 0,
        "along_track_m": 0.0,
        "achieved_heading": 75.32109199950712,
        "target_bearing": 76.04514356320271,
        "fix_type": 6,
        "hacc_m": 0.014,
        "corrupt": false,
        "position_interpolated": true,
        "captured_at_utc": "2026-06-17T20:13:57.080524+00:00"
      },
      "geometry": {
        "type": "Point",
        "coordinates": [
          -114.01670868181222,
          46.69715646362444
        ]
      }
    },
    {
      "type": "Feature",
      "properties": {
        "file": "leg05_m001_b076_2026-06-17T14-13-58.jpg",
        "leg": "leg05",
        "mark_index": 1,
        "along_track_m": 1.0,
        "achieved_heading": 72.52901136805512,
        "target_bearing": 76.04514356320271,
        "fix_type": 6,
        "hacc_m": 0.014,
        "corrupt": false,
        "position_interpolated": true,
        "captured_at_utc": "2026-06-17T20:13:58.694938+00:00"
      },
      "geometry": {
        "type": "Point",
        "coordinates": [
          -114.01669506244146,
          46.69715917292642
        ]
      }
    },
    {
      "type": "Feature",
      "properties": {
        "file": "leg05_m002_b076_2026-06-17T14-13-59.jpg",
        "leg": "leg05",
        "mark_index": 2,
        "along_track_m": 2.0,
        "achieved_heading": 73.83936584551931,
        "target_bearing": 76.04514356320271,
        "fix_type": 6,
        "hacc_m": 0.014,
        "corrupt": false,
        "position_interpolated": true,
        "captured_at_utc": "2026-06-17T20:13:59.890421+00:00"
      },
      "geometry": {
        "type": "Point",
        "coordinates": [
          -114.0166809179139,
          46.69716176037929
        ]
      }
    },
    {
      "type": "Feature",
      "properties": {
        "file": "leg05_m003_b076_2026-06-17T14-14-01.jpg",
        "leg": "leg05",
        "mark_index": 3,
        "along_track_m": 3.0,
        "achieved_heading": 76.39343980887396,
        "target_bearing": 76.04514356320271,
        "fix_type": 6,
        "hacc_m": 0.014,
        "corrupt": false,
        "position_interpolated": true,
        "captured_at_utc": "2026-06-17T20:14:00.993610+00:00"
      },
      "geometry": {
        "type": "Point",
        "coordinates": [
          -114.0166684,
          46.697163599999996
        ]
      }
    },
    {
      "type": "Feature",
      "properties": {
        "file": "leg05_m004_b076_2026-06-17T14-14-02.jpg",
        "leg": "leg05",
        "mark_index": 4,
        "along_track_m": 4.0,
        "achieved_heading": 74.56331851068884,
        "target_bearing": 76.04514356320271,
        "fix_type": 6,
        "hacc_m": 0.014,
        "corrupt": false,
        "position_interpolated": true,
        "captured_at_utc": "2026-06-17T20:14:02.048570+00:00"
      },
      "geometry": {
        "type": "Point",
        "coordinates": [
          -114.01665538997025,
          46.697165422005945
        ]
      }
    },
    {
      "type": "Feature",
      "properties": {
        "file": "leg05_m005_b076_2026-06-17T14-14-03.jpg",
        "leg": "leg05",
        "mark_index": 5,
        "along_track_m": 5.0,
        "achieved_heading": 74.57365346967475,
        "target_bearing": 76.04514356320271,
        "fix_type": 6,
        "hacc_m": 0.014,
        "corrupt": false,
        "position_interpolated": true,
        "captured_at_utc": "2026-06-17T20:14:03.166453+00:00"
      },
      "geometry": {
        "type": "Point",
        "coordinates": [
          -114.0166426,
          46.6971674
        ]
      }
    },
    {
      "type": "Feature",
      "properties": {
        "file": "leg05_m006_b076_2026-06-17T14-14-04.jpg",
        "leg": "leg05",
        "mark_index": 6,
        "along_track_m": 6.0,
        "achieved_heading": 74.17803007399145,
        "target_bearing": 76.04514356320271,
        "fix_type": 6,
        "hacc_m": 0.014,
        "corrupt": false,
        "position_interpolated": true,
        "captured_at_utc": "2026-06-17T20:14:04.149799+00:00"
      },
      "geometry": {
        "type": "Point",
        "coordinates": [
          -114.0166304,
          46.6971694
        ]
      }
    },
    {
      "type": "Feature",
      "properties": {
        "file": "leg05_m007_b076_2026-06-17T14-14-05.jpg",
        "leg": "leg05",
        "mark_index": 7,
        "along_track_m": 7.0,
        "achieved_heading": 73.09175816967311,
        "target_bearing": 76.04514356320271,
        "fix_type": 6,
        "hacc_m": 0.014,
        "corrupt": false,
        "position_interpolated": true,
        "captured_at_utc": "2026-06-17T20:14:05.127886+00:00"
      },
      "geometry": {
        "type": "Point",
        "coordinates": [
          -114.01661809999999,
          46.697171399999995
        ]
      }
    },
    {
      "type": "Feature",
      "properties": {
        "file": "leg05_m008_b076_2026-06-17T14-14-06.jpg",
        "leg": "leg05",
        "mark_index": 8,
        "along_track_m": 8.0,
        "achieved_heading": 72.42819833112385,
        "target_bearing": 76.04514356320271,
        "fix_type": 6,
        "hacc_m": 0.014,
        "corrupt": false,
        "position_interpolated": true,
        "captured_at_utc": "2026-06-17T20:14:06.249753+00:00"
      },
      "geometry": {
        "type": "Point",
        "coordinates": [
          -114.01660476536833,
          46.697173666866405
        ]
      }
    },
    {
      "type": "Feature",
      "properties": {
        "file": "leg05_m009_b076_2026-06-17T14-14-07.jpg",
        "leg": "leg05",
        "mark_index": 9,
        "along_track_m": 9.0,
        "achieved_heading": 72.1839492872984,
        "target_bearing": 76.04514356320271,
        "fix_type": 6,
        "hacc_m": 0.014,
        "corrupt": false,
        "position_interpolated": true,
        "captured_at_utc": "2026-06-17T20:14:07.297515+00:00"
      },
      "geometry": {
        "type": "Point",
        "coordinates": [
          -114.01659236414625,
          46.69717597858962
        ]
      }
    },
    {
      "type": "Feature",
      "properties": {
        "file": "leg05_m010_b076_2026-06-17T14-14-08.jpg",
        "leg": "leg05",
        "mark_index": 10,
        "along_track_m": 10.0,
        "achieved_heading": 71.87353542792866,
        "target_bearing": 76.04514356320271,
        "fix_type": 6,
        "hacc_m": 0.014,
        "corrupt": false,
        "position_interpolated": true,
        "captured_at_utc": "2026-06-17T20:14:08.421275+00:00"
      },
      "geometry": {
        "type": "Point",
        "coordinates": [
          -114.01657904469118,
          46.697178471061754
        ]
      }
    },
    {
      "type": "Feature",
      "properties": {
        "file": "leg05_m011_b076_2026-06-17T14-14-09.jpg",
        "leg": "leg05",
        "mark_index": 11,
        "along_track_m": 11.0,
        "achieved_heading": 73.81844984070132,
        "target_bearing": 76.04514356320271,
        "fix_type": 6,
        "hacc_m": 0.014,
        "corrupt": false,
        "position_interpolated": true,
        "captured_at_utc": "2026-06-17T20:14:09.539662+00:00"
      },
      "geometry": {
        "type": "Point",
        "coordinates": [
          -114.016566,
          46.6971809
        ]
      }
    },
    {
      "type": "Feature",
      "properties": {
        "file": "leg05_m012_b076_2026-06-17T14-14-10.jpg",
        "leg": "leg05",
        "mark_index": 12,
        "along_track_m": 12.0,
        "achieved_heading": 74.62295542402285,
        "target_bearing": 76.04514356320271,
        "fix_type": 6,
        "hacc_m": 0.014,
        "corrupt": false,
        "position_interpolated": true,
        "captured_at_utc": "2026-06-17T20:14:10.589352+00:00"
      },
      "geometry": {
        "type": "Point",
        "coordinates": [
          -114.0165535,
          46.6971828
        ]
      }
    },
    {
      "type": "Feature",
      "properties": {
        "file": "leg05_m013_b076_2026-06-17T14-14-11.jpg",
        "leg": "leg05",
        "mark_index": 13,
        "along_track_m": 13.0,
        "achieved_heading": 74.1957914102331,
        "target_bearing": 76.04514356320271,
        "fix_type": 6,
        "hacc_m": 0.014,
        "corrupt": false,
        "position_interpolated": true,
        "captured_at_utc": "2026-06-17T20:14:11.708719+00:00"
      },
      "geometry": {
        "type": "Point",
        "coordinates": [
          -114.0165399543502,
          46.69718499054779
        ]
      }
    },
    {
      "type": "Feature",
      "properties": {
        "file": "leg05_m014_b076_2026-06-17T14-14-12.jpg",
        "leg": "leg05",
        "mark_index": 14,
        "along_track_m": 14.0,
        "achieved_heading": 73.7407538195897,
        "target_bearing": 76.04514356320271,
        "fix_type": 6,
        "hacc_m": 0.014,
        "corrupt": false,
        "position_interpolated": true,
        "captured_at_utc": "2026-06-17T20:14:12.694652+00:00"
      },
      "geometry": {
        "type": "Point",
        "coordinates": [
          -114.01652821394059,
          46.69718705349118
        ]
      }
    },
    {
      "type": "Feature",
      "properties": {
        "file": "leg05_m015_b076_2026-06-17T14-14-13.jpg",
        "leg": "leg05",
        "mark_index": 15,
        "along_track_m": 15.0,
        "achieved_heading": 72.81077990427971,
        "target_bearing": 76.04514356320271,
        "fix_type": 6,
        "hacc_m": 0.014,
        "corrupt": false,
        "position_interpolated": true,
        "captured_at_utc": "2026-06-17T20:14:13.744432+00:00"
      },
      "geometry": {
        "type": "Point",
        "coordinates": [
          -114.0165162,
          46.6971889
        ]
      }
    },
    {
      "type": "Feature",
      "properties": {
        "file": "leg05_m016_b076_2026-06-17T14-14-14.jpg",
        "leg": "leg05",
        "mark_index": 16,
        "along_track_m": 16.0,
        "achieved_heading": 73.95668095551919,
        "target_bearing": 76.04514356320271,
        "fix_type": 6,
        "hacc_m": 0.014,
        "corrupt": false,
        "position_interpolated": true,
        "captured_at_utc": "2026-06-17T20:14:14.862928+00:00"
      },
      "geometry": {
        "type": "Point",
        "coordinates": [
          -114.01650287698429,
          46.697191356637795
        ]
      }
    },
    {
      "type": "Feature",
      "properties": {
        "file": "leg05_m017_b076_2026-06-17T14-14-16.jpg",
        "leg": "leg05",
        "mark_index": 17,
        "along_track_m": 17.0,
        "achieved_heading": 73.09502576672547,
        "target_bearing": 76.04514356320271,
        "fix_type": 6,
        "hacc_m": 0.014,
        "corrupt": false,
        "position_interpolated": true,
        "captured_at_utc": "2026-06-17T20:14:15.979753+00:00"
      },
      "geometry": {
        "type": "Point",
        "coordinates": [
          -114.0164904,
          46.6971937
        ]
      }
    },
    {
      "type": "Feature",
      "properties": {
        "file": "leg05_m018_b076_2026-06-17T14-14-17.jpg",
        "leg": "leg05",
        "mark_index": 18,
        "along_track_m": 18.0,
        "achieved_heading": 73.54512350107271,
        "target_bearing": 76.04514356320271,
        "fix_type": 6,
        "hacc_m": 0.014,
        "corrupt": false,
        "position_interpolated": true,
        "captured_at_utc": "2026-06-17T20:14:17.108732+00:00"
      },
      "geometry": {
        "type": "Point",
        "coordinates": [
          -114.016476158343,
          46.69719598172965
        ]
      }
    },
    {
      "type": "Feature",
      "properties": {
        "file": "leg05_m019_b076_2026-06-17T14-14-18.jpg",
        "leg": "leg05",
        "mark_index": 19,
        "along_track_m": 19.0,
        "achieved_heading": 72.90570793342354,
        "target_bearing": 76.04514356320271,
        "fix_type": 6,
        "hacc_m": 0.014,
        "corrupt": false,
        "position_interpolated": true,
        "captured_at_utc": "2026-06-17T20:14:18.161540+00:00"
      },
      "geometry": {
        "type": "Point",
        "coordinates": [
          -114.0164643,
          46.697198
        ]
      }
    },
    {
      "type": "Feature",
      "properties": {
        "file": "leg05_m020_b076_2026-06-17T14-14-19.jpg",
        "leg": "leg05",
        "mark_index": 20,
        "along_track_m": 20.0,
        "achieved_heading": 74.3798436360925,
        "target_bearing": 76.04514356320271,
        "fix_type": 6,
        "hacc_m": 0.014,
        "corrupt": false,
        "position_interpolated": true,
        "captured_at_utc": "2026-06-17T20:14:19.133662+00:00"
      },
      "geometry": {
        "type": "Point",
        "coordinates": [
          -114.01645239999999,
          46.6971999
        ]
      }
    },
    {
      "type": "Feature",
      "properties": {
        "file": "leg05_m021_b076_2026-06-17T14-14-20.jpg",
        "leg": "leg05",
        "mark_index": 21,
        "along_track_m": 21.0,
        "achieved_heading": 71.7494905470987,
        "target_bearing": 76.04514356320271,
        "fix_type": 6,
        "hacc_m": 0.014,
        "corrupt": false,
        "position_interpolated": true,
        "captured_at_utc": "2026-06-17T20:14:20.261177+00:00"
      },
      "geometry": {
        "type": "Point",
        "coordinates": [
          -114.01643853819189,
          46.69720224045202
        ]
      }
    },
    {
      "type": "Feature",
      "properties": {
        "file": "leg05_m022_b076_2026-06-17T14-14-21.jpg",
        "leg": "leg05",
        "mark_index": 22,
        "along_track_m": 22.0,
        "achieved_heading": 72.43727200725137,
        "target_bearing": 76.04514356320271,
        "fix_type": 6,
        "hacc_m": 0.014,
        "corrupt": false,
        "position_interpolated": true,
        "captured_at_utc": "2026-06-17T20:14:21.305686+00:00"
      },
      "geometry": {
        "type": "Point",
        "coordinates": [
          -114.01642641031653,
          46.69720428561088
        ]
      }
    },
    {
      "type": "Feature",
      "properties": {
        "file": "leg05_m023_b076_2026-06-17T14-14-22.jpg",
        "leg": "leg05",
        "mark_index": 23,
        "along_track_m": 23.0,
        "achieved_heading": 72.36928842662303,
        "target_bearing": 76.04514356320271,
        "fix_type": 6,
        "hacc_m": 0.014,
        "corrupt": false,
        "position_interpolated": true,
        "captured_at_utc": "2026-06-17T20:14:22.290810+00:00"
      },
      "geometry": {
        "type": "Point",
        "coordinates": [
          -114.01641455087224,
          46.69720656989533
        ]
      }
    },
    {
      "type": "Feature",
      "properties": {
        "file": "leg05_m024_b076_2026-06-17T14-14-23.jpg",
        "leg": "leg05",
        "mark_index": 24,
        "along_track_m": 24.0,
        "achieved_heading": 73.3758492699982,
        "target_bearing": 76.04514356320271,
        "fix_type": 6,
        "hacc_m": 0.014,
        "corrupt": false,
        "position_interpolated": true,
        "captured_at_utc": "2026-06-17T20:14:23.472509+00:00"
      },
      "geometry": {
        "type": "Point",
        "coordinates": [
          -114.01640054928116,
          46.69720872186414
        ]
      }
    },
    {
      "type": "Feature",
      "properties": {
        "file": "leg05_m025_b076_2026-06-17T14-14-24.jpg",
        "leg": "leg05",
        "mark_index": 25,
        "along_track_m": 25.0,
        "achieved_heading": 71.76359696302652,
        "target_bearing": 76.04514356320271,
        "fix_type": 6,
        "hacc_m": 0.014,
        "corrupt": false,
        "position_interpolated": true,
        "captured_at_utc": "2026-06-17T20:14:24.531648+00:00"
      },
      "geometry": {
        "type": "Point",
        "coordinates": [
          -114.0163881,
          46.697210899999995
        ]
      }
    },
    {
      "type": "Feature",
      "properties": {
        "file": "leg05_m026_b076_2026-06-17T14-14-25.jpg",
        "leg": "leg05",
        "mark_index": 26,
        "along_track_m": 26.0,
        "achieved_heading": 72.76449334308664,
        "target_bearing": 76.04514356320271,
        "fix_type": 6,
        "hacc_m": 0.014,
        "corrupt": false,
        "position_interpolated": true,
        "captured_at_utc": "2026-06-17T20:14:25.568346+00:00"
      },
      "geometry": {
        "type": "Point",
        "coordinates": [
          -114.0163767,
          46.6972131
        ]
      }
    },
    {
      "type": "Feature",
      "properties": {
        "file": "leg05_m027_b076_2026-06-17T14-14-26.jpg",
        "leg": "leg05",
        "mark_index": 27,
        "along_track_m": 27.0,
        "achieved_heading": 73.16654921767521,
        "target_bearing": 76.04514356320271,
        "fix_type": 6,
        "hacc_m": 0.014,
        "corrupt": false,
        "position_interpolated": true,
        "captured_at_utc": "2026-06-17T20:14:26.699706+00:00"
      },
      "geometry": {
        "type": "Point",
        "coordinates": [
          -114.01636207543511,
          46.69721547807061
        ]
      }
    },
    {
      "type": "Feature",
      "properties": {
        "file": "leg05_m028_b076_2026-06-17T14-14-27.jpg",
        "leg": "leg05",
        "mark_index": 28,
        "along_track_m": 28.0,
        "achieved_heading": 72.1242653477178,
        "target_bearing": 76.04514356320271,
        "fix_type": 6,
        "hacc_m": 0.014,
        "corrupt": false,
        "position_interpolated": true,
        "captured_at_utc": "2026-06-17T20:14:27.747588+00:00"
      },
      "geometry": {
        "type": "Point",
        "coordinates": [
          -114.0163504,
          46.6972175
        ]
      }
    },
    {
      "type": "Feature",
      "properties": {
        "file": "leg05_m029_b076_2026-06-17T14-14-28.jpg",
        "leg": "leg05",
        "mark_index": 29,
        "along_track_m": 29.0,
        "achieved_heading": 72.83620924714343,
        "target_bearing": 76.04514356320271,
        "fix_type": 6,
        "hacc_m": 0.014,
        "corrupt": false,
        "position_interpolated": true,
        "captured_at_utc": "2026-06-17T20:14:28.870133+00:00"
      },
      "geometry": {
        "type": "Point",
        "coordinates": [
          -114.01633708180702,
          46.69722001239872
        ]
      }
    },
    {
      "type": "Feature",
      "properties": {
        "file": "leg05_m030_b076_2026-06-17T14-14-29.jpg",
        "leg": "leg05",
        "mark_index": 30,
        "along_track_m": 30.0,
        "achieved_heading": 74.01848954350946,
        "target_bearing": 76.04514356320271,
        "fix_type": 6,
        "hacc_m": 0.014,
        "corrupt": false,
        "position_interpolated": true,
        "captured_at_utc": "2026-06-17T20:14:29.859720+00:00"
      },
      "geometry": {
        "type": "Point",
        "coordinates": [
          -114.01632515972615,
          46.69722195930997
        ]
      }
    },
    {
      "type": "Feature",
      "properties": {
        "file": "leg05_m031_b076_2026-06-17T14-14-30.jpg",
        "leg": "leg05",
        "mark_index": 31,
        "along_track_m": 31.0,
        "achieved_heading": 73.46982062192535,
        "target_bearing": 76.04514356320271,
        "fix_type": 6,
        "hacc_m": 0.014,
        "corrupt": false,
        "position_interpolated": true,
        "captured_at_utc": "2026-06-17T20:14:30.900066+00:00"
      },
      "geometry": {
        "type": "Point",
        "coordinates": [
          -114.0163127888293,
          46.69722406716012
        ]
      }
    },
    {
      "type": "Feature",
      "properties": {
        "file": "leg05_m032_b076_2026-06-17T14-14-32.jpg",
        "leg": "leg05",
        "mark_index": 32,
        "along_track_m": 32.0,
        "achieved_heading": 72.23156653478098,
        "target_bearing": 76.04514356320271,
        "fix_type": 6,
        "hacc_m": 0.014,
        "corrupt": false,
        "position_interpolated": true,
        "captured_at_utc": "2026-06-17T20:14:32.020302+00:00"
      },
      "geometry": {
        "type": "Point",
        "coordinates": [
          -114.01629974019612,
          46.6972264416258
        ]
      }
    },
    {
      "type": "Feature",
      "properties": {
        "file": "leg05_m033_b076_2026-06-17T14-14-33.jpg",
        "leg": "leg05",
        "mark_index": 33,
        "along_track_m": 33.0,
        "achieved_heading": 73.00056945091642,
        "target_bearing": 76.04514356320271,
        "fix_type": 6,
        "hacc_m": 0.014,
        "corrupt": false,
        "position_interpolated": true,
        "captured_at_utc": "2026-06-17T20:14:33.205574+00:00"
      },
      "geometry": {
        "type": "Point",
        "coordinates": [
          -114.0162872,
          46.6972288
        ]
      }
    },
    {
      "type": "Feature",
      "properties": {
        "file": "leg05_m034_b076_2026-06-17T14-14-34.jpg",
        "leg": "leg05",
        "mark_index": 34,
        "along_track_m": 34.0,
        "achieved_heading": 74.46030835616341,
        "target_bearing": 76.04514356320271,
        "fix_type": 6,
        "hacc_m": 0.014,
        "corrupt": false,
        "position_interpolated": true,
        "captured_at_utc": "2026-06-17T20:14:34.224336+00:00"
      },
      "geometry": {
        "type": "Point",
        "coordinates": [
          -114.01627427926347,
          46.69723120377027
        ]
      }
    },
    {
      "type": "Feature",
      "properties": {
        "file": "leg05_m035_b076_2026-06-17T14-14-35.jpg",
        "leg": "leg05",
        "mark_index": 35,
        "along_track_m": 35.0,
        "achieved_heading": 74.78745795604958,
        "target_bearing": 76.04514356320271,
        "fix_type": 6,
        "hacc_m": 0.014,
        "corrupt": false,
        "position_interpolated": true,
        "captured_at_utc": "2026-06-17T20:14:35.316468+00:00"
      },
      "geometry": {
        "type": "Point",
        "coordinates": [
          -114.0162611,
          46.697233399999995
        ]
      }
    },
    {
      "type": "Feature",
      "properties": {
        "file": "leg05_m036_b076_2026-06-17T14-14-36.jpg",
        "leg": "leg05",
        "mark_index": 36,
        "along_track_m": 36.0,
        "achieved_heading": 74.73347747592905,
        "target_bearing": 76.04514356320271,
        "fix_type": 6,
        "hacc_m": 0.014,
        "corrupt": false,
        "position_interpolated": true,
        "captured_at_utc": "2026-06-17T20:14:36.440972+00:00"
      },
      "geometry": {
        "type": "Point",
        "coordinates": [
          -114.0162491,
          46.6972351
        ]
      }
    },
    {
      "type": "Feature",
      "properties": {
        "file": "leg05_m037_b076_2026-06-17T14-14-37.jpg",
        "leg": "leg05",
        "mark_index": 37,
        "along_track_m": 37.0,
        "achieved_heading": 73.21178534597166,
        "target_bearing": 76.04514356320271,
        "fix_type": 6,
        "hacc_m": 0.014,
        "corrupt": false,
        "position_interpolated": true,
        "captured_at_utc": "2026-06-17T20:14:37.495857+00:00"
      },
      "geometry": {
        "type": "Point",
        "coordinates": [
          -114.01623498886062,
          46.6972371537823
        ]
      }
    },
    {
      "type": "Feature",
      "properties": {
        "file": "leg05_m038_b076_2026-06-17T14-14-38.jpg",
        "leg": "leg05",
        "mark_index": 38,
        "along_track_m": 38.0,
        "achieved_heading": 70.70339587238466,
        "target_bearing": 76.04514356320271,
        "fix_type": 6,
        "hacc_m": 0.014,
        "corrupt": false,
        "position_interpolated": true,
        "captured_at_utc": "2026-06-17T20:14:38.543408+00:00"
      },
      "geometry": {
        "type": "Point",
        "coordinates": [
          -114.0162234,
          46.6972393
        ]
      }
    },
    {
      "type": "Feature",
      "properties": {
        "file": "leg05_m039_b076_2026-06-17T14-14-39.jpg",
        "leg": "leg05",
        "mark_index": 39,
        "along_track_m": 39.0,
        "achieved_heading": 69.97836908453571,
        "target_bearing": 76.04514356320271,
        "fix_type": 6,
        "hacc_m": 0.014,
        "corrupt": false,
        "position_interpolated": true,
        "captured_at_utc": "2026-06-17T20:14:39.737177+00:00"
      },
      "geometry": {
        "type": "Point",
        "coordinates": [
          -114.0162093,
          46.697241999999996
        ]
      }
    },
    {
      "type": "Feature",
      "properties": {
        "file": "leg05_m040_b076_2026-06-17T14-14-40.jpg",
        "leg": "leg05",
        "mark_index": 40,
        "along_track_m": 40.0,
        "achieved_heading": 72.87493470406206,
        "target_bearing": 76.04514356320271,
        "fix_type": 6,
        "hacc_m": 0.014,
        "corrupt": false,
        "position_interpolated": true,
        "captured_at_utc": "2026-06-17T20:14:40.217480+00:00"
      },
      "geometry": {
        "type": "Point",
        "coordinates": [
          -114.0162031118338,
          46.697243158297
        ]
      }
    },
    {
      "type": "Feature",
      "properties": {
        "file": "leg05_m041_b076_2026-06-17T14-14-41.jpg",
        "leg": "leg05",
        "mark_index": 41,
        "along_track_m": 41.0,
        "achieved_heading": 70.76190622609234,
        "target_bearing": 76.04514356320271,
        "fix_type": 6,
        "hacc_m": 0.014,
        "corrupt": false,
        "position_interpolated": true,
        "captured_at_utc": "2026-06-17T20:14:41.823852+00:00"
      },
      "geometry": {
        "type": "Point",
        "coordinates": [
          -114.0161861,
          46.6972464
        ]
      }
    },
    {
      "type": "Feature",
      "properties": {
        "file": "leg05_m042_b076_2026-06-17T14-14-43.jpg",
        "leg": "leg05",
        "mark_index": 42,
        "along_track_m": 42.0,
        "achieved_heading": 72.7688799887204,
        "target_bearing": 76.04514356320271,
        "fix_type": 6,
        "hacc_m": 0.014,
        "corrupt": false,
        "position_interpolated": true,
        "captured_at_utc": "2026-06-17T20:14:43.015397+00:00"
      },
      "geometry": {
        "type": "Point",
        "coordinates": [
          -114.01617309999999,
          46.6972488
        ]
      }
    },
    {
      "type": "Feature",
      "properties": {
        "file": "leg05_m043_b076_2026-06-17T14-14-44.jpg",
        "leg": "leg05",
        "mark_index": 43,
        "along_track_m": 43.0,
        "achieved_heading": 73.93350125733126,
        "target_bearing": 76.04514356320271,
        "fix_type": 6,
        "hacc_m": 0.014,
        "corrupt": false,
        "position_interpolated": true,
        "captured_at_utc": "2026-06-17T20:14:44.075179+00:00"
      },
      "geometry": {
        "type": "Point",
        "coordinates": [
          -114.01615918288446,
          46.69725118790683
        ]
      }
    },
    {
      "type": "Feature",
      "properties": {
        "file": "leg05_m044_b076_2026-06-17T14-14-45.jpg",
        "leg": "leg05",
        "mark_index": 44,
        "along_track_m": 44.0,
        "achieved_heading": 75.57744675233693,
        "target_bearing": 76.04514356320271,
        "fix_type": 6,
        "hacc_m": 0.014,
        "corrupt": false,
        "position_interpolated": true,
        "captured_at_utc": "2026-06-17T20:14:45.046760+00:00"
      },
      "geometry": {
        "type": "Point",
        "coordinates": [
          -114.01614773212938,
          46.69725306131177
        ]
      }
    },
    {
      "type": "Feature",
      "properties": {
        "file": "leg05_m045_b076_2026-06-17T14-14-46.jpg",
        "leg": "leg05",
        "mark_index": 45,
        "along_track_m": 45.0,
        "achieved_heading": 74.46678518941908,
        "target_bearing": 76.04514356320271,
        "fix_type": 6,
        "hacc_m": 0.014,
        "corrupt": false,
        "position_interpolated": true,
        "captured_at_utc": "2026-06-17T20:14:46.231838+00:00"
      },
      "geometry": {
        "type": "Point",
        "coordinates": [
          -114.01613425840209,
          46.69725478831958
        ]
      }
    },
    {
      "type": "Feature",
      "properties": {
        "file": "leg05_m046_b076_2026-06-17T14-14-47.jpg",
        "leg": "leg05",
        "mark_index": 46,
        "along_track_m": 46.0,
        "achieved_heading": 73.68351423647572,
        "target_bearing": 76.04514356320271,
        "fix_type": 5,
        "hacc_m": 0.014,
        "corrupt": false,
        "position_interpolated": true,
        "captured_at_utc": "2026-06-17T20:14:47.354326+00:00"
      },
      "geometry": {
        "type": "Point",
        "coordinates": [
          -114.01612209999999,
          46.6972568
        ]
      }
    },
    {
      "type": "Feature",
      "properties": {
        "file": "leg05_m047_b076_2026-06-17T14-14-48.jpg",
        "leg": "leg05",
        "mark_index": 47,
        "along_track_m": 47.0,
        "achieved_heading": 73.50531528846406,
        "target_bearing": 76.04514356320271,
        "fix_type": 6,
        "hacc_m": 0.014,
        "corrupt": false,
        "position_interpolated": true,
        "captured_at_utc": "2026-06-17T20:14:48.474188+00:00"
      },
      "geometry": {
        "type": "Point",
        "coordinates": [
          -114.01610843740592,
          46.697259300589565
        ]
      }
    },
    {
      "type": "Feature",
      "properties": {
        "file": "leg05_m048_b076_2026-06-17T14-14-49.jpg",
        "leg": "leg05",
        "mark_index": 48,
        "along_track_m": 48.0,
        "achieved_heading": 72.61076969955293,
        "target_bearing": 76.04514356320271,
        "fix_type": 6,
        "hacc_m": 0.014,
        "corrupt": false,
        "position_interpolated": true,
        "captured_at_utc": "2026-06-17T20:14:49.527332+00:00"
      },
      "geometry": {
        "type": "Point",
        "coordinates": [
          -114.01609669999999,
          46.6972611
        ]
      }
    },
    {
      "type": "Feature",
      "properties": {
        "file": "leg05_m049_b076_2026-06-17T14-14-50.jpg",
        "leg": "leg05",
        "mark_index": 49,
        "along_track_m": 49.0,
        "achieved_heading": 72.64112170007571,
        "target_bearing": 76.04514356320271,
        "fix_type": 6,
        "hacc_m": 0.014,
        "corrupt": false,
        "position_interpolated": true,
        "captured_at_utc": "2026-06-17T20:14:50.718213+00:00"
      },
      "geometry": {
        "type": "Point",
        "coordinates": [
          -114.0160832,
          46.697263299999996
        ]
      }
    },
    {
      "type": "Feature",
      "properties": {
        "file": "leg05_m050_b076_2026-06-17T14-14-51.jpg",
        "leg": "leg05",
        "mark_index": 50,
        "along_track_m": 50.0,
        "achieved_heading": 71.53339234091236,
        "target_bearing": 76.04514356320271,
        "fix_type": 6,
        "hacc_m": 0.014,
        "corrupt": false,
        "position_interpolated": true,
        "captured_at_utc": "2026-06-17T20:14:51.844420+00:00"
      },
      "geometry": {
        "type": "Point",
        "coordinates": [
          -114.01607032962501,
          46.69726543363
        ]
      }
    },
    {
      "type": "Feature",
      "properties": {
        "file": "leg05_m051_b076_2026-06-17T14-14-52.jpg",
        "leg": "leg05",
        "mark_index": 51,
        "along_track_m": 51.0,
        "achieved_heading": 71.79424439248058,
        "target_bearing": 76.04514356320271,
        "fix_type": 6,
        "hacc_m": 0.014,
        "corrupt": false,
        "position_interpolated": true,
        "captured_at_utc": "2026-06-17T20:14:52.963621+00:00"
      },
      "geometry": {
        "type": "Point",
        "coordinates": [
          -114.01605839999999,
          46.6972677
        ]
      }
    },
    {
      "type": "Feature",
      "properties": {
        "file": "leg05_m052_b076_2026-06-17T14-14-54.jpg",
        "leg": "leg05",
        "mark_index": 52,
        "along_track_m": 52.0,
        "achieved_heading": 73.10174047489663,
        "target_bearing": 76.04514356320271,
        "fix_type": 6,
        "hacc_m": 0.014,
        "corrupt": false,
        "position_interpolated": true,
        "captured_at_utc": "2026-06-17T20:14:54.011255+00:00"
      },
      "geometry": {
        "type": "Point",
        "coordinates": [
          -114.01604489576417,
          46.69726989267773
        ]
      }
    },
    {
      "type": "Feature",
      "properties": {
        "file": "leg05_m053_b076_2026-06-17T14-14-55.jpg",
        "leg": "leg05",
        "mark_index": 53,
        "along_track_m": 53.0,
        "achieved_heading": 72.65099459636674,
        "target_bearing": 76.04514356320271,
        "fix_type": 6,
        "hacc_m": 0.014,
        "corrupt": false,
        "position_interpolated": true,
        "captured_at_utc": "2026-06-17T20:14:55.149551+00:00"
      },
      "geometry": {
        "type": "Point",
        "coordinates": [
          -114.0160318,
          46.697272
        ]
      }
    },
    {
      "type": "Feature",
      "properties": {
        "file": "leg05_m054_b076_2026-06-17T14-14-56.jpg",
        "leg": "leg05",
        "mark_index": 54,
        "along_track_m": 54.0,
        "achieved_heading": 73.20518404337187,
        "target_bearing": 76.04514356320271,
        "fix_type": 6,
        "hacc_m": 0.014,
        "corrupt": false,
        "position_interpolated": true,
        "captured_at_utc": "2026-06-17T20:14:55.693406+00:00"
      },
      "geometry": {
        "type": "Point",
        "coordinates": [
          -114.01602516073369,
          46.697273266161325
        ]
      }
    },
    {
      "type": "Feature",
      "properties": {
        "file": "leg05_m055_b076_2026-06-17T14-14-57.jpg",
        "leg": "leg05",
        "mark_index": 55,
        "along_track_m": 55.0,
        "achieved_heading": 72.2015178507363,
        "target_bearing": 76.04514356320271,
        "fix_type": 6,
        "hacc_m": 0.014,
        "corrupt": false,
        "position_interpolated": true,
        "captured_at_utc": "2026-06-17T20:14:57.233369+00:00"
      },
      "geometry": {
        "type": "Point",
        "coordinates": [
          -114.0160071280361,
          46.69727649825302
        ]
      }
    },
    {
      "type": "Feature",
      "properties": {
        "file": "leg05_m056_b076_2026-06-17T14-14-58.jpg",
        "leg": "leg05",
        "mark_index": 56,
        "along_track_m": 56.0,
        "achieved_heading": 73.89837994711783,
        "target_bearing": 76.04514356320271,
        "fix_type": 6,
        "hacc_m": 0.014,
        "corrupt": false,
        "position_interpolated": true,
        "captured_at_utc": "2026-06-17T20:14:58.288044+00:00"
      },
      "geometry": {
        "type": "Point",
        "coordinates": [
          -114.01599456992413,
          46.69727885305667
        ]
      }
    },
    {
      "type": "Feature",
      "properties": {
        "file": "leg05_m057_b076_2026-06-17T14-14-59.jpg",
        "leg": "leg05",
        "mark_index": 57,
        "along_track_m": 57.0,
        "achieved_heading": 75.1692938094384,
        "target_bearing": 76.04514356320271,
        "fix_type": 6,
        "hacc_m": 0.014,
        "corrupt": false,
        "position_interpolated": true,
        "captured_at_utc": "2026-06-17T20:14:59.533800+00:00"
      },
      "geometry": {
        "type": "Point",
        "coordinates": [
          -114.01598039999999,
          46.697281
        ]
      }
    },
    {
      "type": "Feature",
      "properties": {
        "file": "leg05_m058_b076_2026-06-17T14-15-00.jpg",
        "leg": "leg05",
        "mark_index": 58,
        "along_track_m": 58.0,
        "achieved_heading": 74.45277147150884,
        "target_bearing": 76.04514356320271,
        "fix_type": 6,
        "hacc_m": 0.014,
        "corrupt": false,
        "position_interpolated": true,
        "captured_at_utc": "2026-06-17T20:15:00.513281+00:00"
      },
      "geometry": {
        "type": "Point",
        "coordinates": [
          -114.0159690400399,
          46.69728268249501
        ]
      }
    },
    {
      "type": "Feature",
      "properties": {
        "file": "leg05_m059_b076_2026-06-17T14-15-01.jpg",
        "leg": "leg05",
        "mark_index": 59,
        "along_track_m": 59.0,
        "achieved_heading": 72.27676501926719,
        "target_bearing": 76.04514356320271,
        "fix_type": 6,
        "hacc_m": 0.014,
        "corrupt": false,
        "position_interpolated": true,
        "captured_at_utc": "2026-06-17T20:15:01.634416+00:00"
      },
      "geometry": {
        "type": "Point",
        "coordinates": [
          -114.01595570530218,
          46.69728525358142
        ]
      }
    },
    {
      "type": "Feature",
      "properties": {
        "file": "leg05_m060_b076_2026-06-17T14-15-02.jpg",
        "leg": "leg05",
        "mark_index": 60,
        "along_track_m": 60.0,
        "achieved_heading": 73.16167945557318,
        "target_bearing": 76.04514356320271,
        "fix_type": 6,
        "hacc_m": 0.014,
        "corrupt": false,
        "position_interpolated": true,
        "captured_at_utc": "2026-06-17T20:15:02.692972+00:00"
      },
      "geometry": {
        "type": "Point",
        "coordinates": [
          -114.01594325122798,
          46.6972872685965
        ]
      }
    },
    {
      "type": "Feature",
      "properties": {
        "file": "leg05_m061_b076_2026-06-17T14-15-03.jpg",
        "leg": "leg05",
        "mark_index": 61,
        "along_track_m": 61.0,
        "achieved_heading": 77.57681244545714,
        "target_bearing": 76.04514356320271,
        "fix_type": 6,
        "hacc_m": 0.014,
        "corrupt": false,
        "position_interpolated": true,
        "captured_at_utc": "2026-06-17T20:15:03.875565+00:00"
      },
      "geometry": {
        "type": "Point",
        "coordinates": [
          -114.01592933055238,
          46.69728926555581
        ]
      }
    },
    {
      "type": "Feature",
      "properties": {
        "file": "leg05_m062_b076_2026-06-17T14-15-04.jpg",
        "leg": "leg05",
        "mark_index": 62,
        "along_track_m": 62.0,
        "achieved_heading": 79.63016256510441,
        "target_bearing": 76.04514356320271,
        "fix_type": 6,
        "hacc_m": 0.014,
        "corrupt": false,
        "position_interpolated": true,
        "captured_at_utc": "2026-06-17T20:15:04.867832+00:00"
      },
      "geometry": {
        "type": "Point",
        "coordinates": [
          -114.01591725863794,
          46.69729047915282
        ]
      }
    },
    {
      "type": "Feature",
      "properties": {
        "file": "leg06_m000_b346_2026-06-17T14-15-09.jpg",
        "leg": "leg06",
        "mark_index": 0,
        "along_track_m": 0.0,
        "achieved_heading": 346.09228149569896,
        "target_bearing": 346.1303708780512,
        "fix_type": 6,
        "hacc_m": 0.014,
        "corrupt": false,
        "position_interpolated": true,
        "captured_at_utc": "2026-06-17T20:15:09.413308+00:00"
      },
      "geometry": {
        "type": "Point",
        "coordinates": [
          -114.01591289999999,
          46.697292
        ]
      }
    },
    {
      "type": "Feature",
      "properties": {
        "file": "leg06_m001_b346_2026-06-17T14-15-10.jpg",
        "leg": "leg06",
        "mark_index": 1,
        "along_track_m": 1.0,
        "achieved_heading": 340.79288025697497,
        "target_bearing": 346.1303708780512,
        "fix_type": 6,
        "hacc_m": 0.014,
        "corrupt": false,
        "position_interpolated": true,
        "captured_at_utc": "2026-06-17T20:15:10.874022+00:00"
      },
      "geometry": {
        "type": "Point",
        "coordinates": [
          -114.01591513215898,
          46.69730042863593
        ]
      }
    },
    {
      "type": "Feature",
      "properties": {
        "file": "leg06_m002_b346_2026-06-17T14-15-12.jpg",
        "leg": "leg06",
        "mark_index": 2,
        "along_track_m": 2.0,
        "achieved_heading": 335.8983133961965,
        "target_bearing": 346.1303708780512,
        "fix_type": 6,
        "hacc_m": 0.014,
        "corrupt": false,
        "position_interpolated": true,
        "captured_at_utc": "2026-06-17T20:15:11.931549+00:00"
      },
      "geometry": {
        "type": "Point",
        "coordinates": [
          -114.01591889999999,
          46.697309399999995
        ]
      }
    },
    {
      "type": "Feature",
      "properties": {
        "file": "leg06_m003_b346_2026-06-17T14-15-12.jpg",
        "leg": "leg06",
        "mark_index": 3,
        "along_track_m": 3.0,
        "achieved_heading": 333.666986558839,
        "target_bearing": 346.1303708780512,
        "fix_type": 6,
        "hacc_m": 0.014,
        "corrupt": false,
        "position_interpolated": true,
        "captured_at_utc": "2026-06-17T20:15:12.843645+00:00"
      },
      "geometry": {
        "type": "Point",
        "coordinates": [
          -114.01592267322381,
          46.697317214051026
        ]
      }
    },
    {
      "type": "Feature",
      "properties": {
        "file": "leg06_m004_b346_2026-06-17T14-15-13.jpg",
        "leg": "leg06",
        "mark_index": 4,
        "along_track_m": 4.0,
        "achieved_heading": 336.23266846197953,
        "target_bearing": 346.1303708780512,
        "fix_type": 6,
        "hacc_m": 0.014,
        "corrupt": false,
        "position_interpolated": true,
        "captured_at_utc": "2026-06-17T20:15:13.828003+00:00"
      },
      "geometry": {
        "type": "Point",
        "coordinates": [
          -114.01592680202803,
          46.69732536324486
        ]
      }
    },
    {
      "type": "Feature",
      "properties": {
        "file": "leg06_m005_b346_2026-06-17T14-15-14.jpg",
        "leg": "leg06",
        "mark_index": 5,
        "along_track_m": 4.884,
        "achieved_heading": 344.3156166386948,
        "target_bearing": 346.1303708780512,
        "fix_type": 6,
        "hacc_m": 0.014,
        "corrupt": false,
        "position_interpolated": true,
        "captured_at_utc": "2026-06-17T20:15:14.800972+00:00"
      },
      "geometry": {
        "type": "Point",
        "coordinates": [
          -114.01592989999999,
          46.6973328
        ]
      }
    },
    {
      "type": "Feature",
      "properties": {
        "file": "leg07_m000_b256_2026-06-17T14-15-19.jpg",
        "leg": "leg07",
        "mark_index": 0,
        "along_track_m": 0.0,
        "achieved_heading": 254.00822590548162,
        "target_bearing": 256.04570982985075,
        "fix_type": 6,
        "hacc_m": 0.014,
        "corrupt": false,
        "position_interpolated": true,
        "captured_at_utc": "2026-06-17T20:15:19.073868+00:00"
      },
      "geometry": {
        "type": "Point",
        "coordinates": [
          -114.01593199999999,
          46.697336799999995
        ]
      }
    },
    {
      "type": "Feature",
      "properties": {
        "file": "leg07_m001_b256_2026-06-17T14-15-20.jpg",
        "leg": "leg07",
        "mark_index": 1,
        "along_track_m": 1.0,
        "achieved_heading": 248.46497382914993,
        "target_bearing": 256.04570982985075,
        "fix_type": 6,
        "hacc_m": 0.014,
        "corrupt": false,
        "position_interpolated": true,
        "captured_at_utc": "2026-06-17T20:15:20.407362+00:00"
      },
      "geometry": {
        "type": "Point",
        "coordinates": [
          -114.01594380928373,
          46.697335268899224
        ]
      }
    },
    {
      "type": "Feature",
      "properties": {
        "file": "leg07_m002_b256_2026-06-17T14-15-21.jpg",
        "leg": "leg07",
        "mark_index": 2,
        "along_track_m": 2.0,
        "achieved_heading": 241.06608334172805,
        "target_bearing": 256.04570982985075,
        "fix_type": 6,
        "hacc_m": 0.014,
        "corrupt": false,
        "position_interpolated": true,
        "captured_at_utc": "2026-06-17T20:15:21.526923+00:00"
      },
      "geometry": {
        "type": "Point",
        "coordinates": [
          -114.01595739999999,
          46.697332599999996
        ]
      }
    },
    {
      "type": "Feature",
      "properties": {
        "file": "leg07_m003_b256_2026-06-17T14-15-22.jpg",
        "leg": "leg07",
        "mark_index": 3,
        "along_track_m": 3.0,
        "achieved_heading": 238.3925476780886,
        "target_bearing": 256.04570982985075,
        "fix_type": 6,
        "hacc_m": 0.014,
        "corrupt": false,
        "position_interpolated": true,
        "captured_at_utc": "2026-06-17T20:15:22.505324+00:00"
      },
      "geometry": {
        "type": "Point",
        "coordinates": [
          -114.01596954580066,
          46.69732935551176
        ]
      }
    },
    {
      "type": "Feature",
      "properties": {
        "file": "leg07_m004_b256_2026-06-17T14-15-23.jpg",
        "leg": "leg07",
        "mark_index": 4,
        "along_track_m": 4.0,
        "achieved_heading": 240.42746458327525,
        "target_bearing": 256.04570982985075,
        "fix_type": 6,
        "hacc_m": 0.014,
        "corrupt": false,
        "position_interpolated": true,
        "captured_at_utc": "2026-06-17T20:15:23.566667+00:00"
      },
      "geometry": {
        "type": "Point",
        "coordinates": [
          -114.0159815,
          46.697326
        ]
      }
    },
    {
      "type": "Feature",
      "properties": {
        "file": "leg07_m005_b256_2026-06-17T14-15-24.jpg",
        "leg": "leg07",
        "mark_index": 5,
        "along_track_m": 5.0,
        "achieved_heading": 244.28672565410545,
        "target_bearing": 256.04570982985075,
        "fix_type": 6,
        "hacc_m": 0.014,
        "corrupt": false,
        "position_interpolated": true,
        "captured_at_utc": "2026-06-17T20:15:24.460572+00:00"
      },
      "geometry": {
        "type": "Point",
        "coordinates": [
          -114.01599322792286,
          46.69732324001607
        ]
      }
    },
    {
      "type": "Feature",
      "properties": {
        "file": "leg07_m006_b256_2026-06-17T14-15-25.jpg",
        "leg": "leg07",
        "mark_index": 6,
        "along_track_m": 6.0,
        "achieved_heading": 246.53927494587708,
        "target_bearing": 256.04570982985075,
        "fix_type": 6,
        "hacc_m": 0.014,
        "corrupt": false,
        "position_interpolated": true,
        "captured_at_utc": "2026-06-17T20:15:25.516226+00:00"
      },
      "geometry": {
        "type": "Point",
        "coordinates": [
          -114.01600649999999,
          46.6973203
        ]
      }
    },
    {
      "type": "Feature",
      "properties": {
        "file": "leg07_m007_b256_2026-06-17T14-15-26.jpg",
        "leg": "leg07",
        "mark_index": 7,
        "along_track_m": 7.0,
        "achieved_heading": 247.9329712745103,
        "target_bearing": 256.04570982985075,
        "fix_type": 6,
        "hacc_m": 0.014,
        "corrupt": false,
        "position_interpolated": true,
        "captured_at_utc": "2026-06-17T20:15:26.572322+00:00"
      },
      "geometry": {
        "type": "Point",
        "coordinates": [
          -114.01601919999999,
          46.6973178
        ]
      }
    },
    {
      "type": "Feature",
      "properties": {
        "file": "leg07_m008_b256_2026-06-17T14-15-27.jpg",
        "leg": "leg07",
        "mark_index": 8,
        "along_track_m": 8.0,
        "achieved_heading": 247.75739018380307,
        "target_bearing": 256.04570982985075,
        "fix_type": 6,
        "hacc_m": 0.014,
        "corrupt": false,
        "position_interpolated": true,
        "captured_at_utc": "2026-06-17T20:15:27.481300+00:00"
      },
      "geometry": {
        "type": "Point",
        "coordinates": [
          -114.01603147170773,
          46.69731555907479
        ]
      }
    },
    {
      "type": "Feature",
      "properties": {
        "file": "leg07_m009_b256_2026-06-17T14-15-28.jpg",
        "leg": "leg07",
        "mark_index": 9,
        "along_track_m": 9.0,
        "achieved_heading": 247.4468069283103,
        "target_bearing": 256.04570982985075,
        "fix_type": 6,
        "hacc_m": 0.014,
        "corrupt": false,
        "position_interpolated": true,
        "captured_at_utc": "2026-06-17T20:15:28.316902+00:00"
      },
      "geometry": {
        "type": "Point",
        "coordinates": [
          -114.01604182127093,
          46.697313675745804
        ]
      }
    },
    {
      "type": "Feature",
      "properties": {
        "file": "leg07_m010_b256_2026-06-17T14-15-29.jpg",
        "leg": "leg07",
        "mark_index": 10,
        "along_track_m": 10.0,
        "achieved_heading": 247.39466498656031,
        "target_bearing": 256.04570982985075,
        "fix_type": 6,
        "hacc_m": 0.014,
        "corrupt": false,
        "position_interpolated": true,
        "captured_at_utc": "2026-06-17T20:15:29.038080+00:00"
      },
      "geometry": {
        "type": "Point",
        "coordinates": [
          -114.01605068337564,
          46.69731205061101
        ]
      }
    },
    {
      "type": "Feature",
      "properties": {
        "file": "leg07_m012_b256_2026-06-17T14-15-35.jpg",
        "leg": "leg07",
        "mark_index": 12,
        "along_track_m": 12.0,
        "achieved_heading": 246.2269878804188,
        "target_bearing": 256.04570982985075,
        "fix_type": 6,
        "hacc_m": 0.014,
        "corrupt": false,
        "position_interpolated": true,
        "captured_at_utc": "2026-06-17T20:15:34.687667+00:00"
      },
      "geometry": {
        "type": "Point",
        "coordinates": [
          -114.0160839,
          46.697305414608145
        ]
      }
    },
    {
      "type": "Feature",
      "properties": {
        "file": "leg07_m013_b256_2026-06-17T14-15-37.jpg",
        "leg": "leg07",
        "mark_index": 13,
        "along_track_m": 13.0,
        "achieved_heading": 250.3232392754635,
        "target_bearing": 256.04570982985075,
        "fix_type": 6,
        "hacc_m": 0.014,
        "corrupt": false,
        "position_interpolated": true,
        "captured_at_utc": "2026-06-17T20:15:36.736437+00:00"
      },
      "geometry": {
        "type": "Point",
        "coordinates": [
          -114.01609269981007,
          46.69730353849076
        ]
      }
    },
    {
      "type": "Feature",
      "properties": {
        "file": "leg07_m014_b256_2026-06-17T14-15-37.jpg",
        "leg": "leg07",
        "mark_index": 14,
        "along_track_m": 14.0,
        "achieved_heading": 251.23685549315886,
        "target_bearing": 256.04570982985075,
        "fix_type": 6,
        "hacc_m": 0.014,
        "corrupt": false,
        "position_interpolated": true,
        "captured_at_utc": "2026-06-17T20:15:37.712652+00:00"
      },
      "geometry": {
        "type": "Point",
        "coordinates": [
          -114.0161051146671,
          46.697301383618985
        ]
      }
    },
    {
      "type": "Feature",
      "properties": {
        "file": "leg07_m016_b256_2026-06-17T14-15-44.jpg",
        "leg": "leg07",
        "mark_index": 16,
        "along_track_m": 16.0,
        "achieved_heading": 248.77288936306013,
        "target_bearing": 256.04570982985075,
        "fix_type": 6,
        "hacc_m": 0.014,
        "corrupt": false,
        "position_interpolated": true,
        "captured_at_utc": "2026-06-17T20:15:43.437769+00:00"
      },
      "geometry": {
        "type": "Point",
        "coordinates": [
          -114.01613379999999,
          46.6972968
        ]
      }
    },
    {
      "type": "Feature",
      "properties": {
        "file": "leg07_m017_b256_2026-06-17T14-15-45.jpg",
        "leg": "leg07",
        "mark_index": 17,
        "along_track_m": 17.0,
        "achieved_heading": 251.43418980198635,
        "target_bearing": 256.04570982985075,
        "fix_type": 6,
        "hacc_m": 0.014,
        "corrupt": false,
        "position_interpolated": true,
        "captured_at_utc": "2026-06-17T20:15:45.405473+00:00"
      },
      "geometry": {
        "type": "Point",
        "coordinates": [
          -114.01614459999999,
          46.6972946
        ]
      }
    },
    {
      "type": "Feature",
      "properties": {
        "file": "leg07_m018_b256_2026-06-17T14-15-46.jpg",
        "leg": "leg07",
        "mark_index": 18,
        "along_track_m": 18.0,
        "achieved_heading": 252.08745445281454,
        "target_bearing": 256.04570982985075,
        "fix_type": 6,
        "hacc_m": 0.014,
        "corrupt": false,
        "position_interpolated": true,
        "captured_at_utc": "2026-06-17T20:15:46.384722+00:00"
      },
      "geometry": {
        "type": "Point",
        "coordinates": [
          -114.01615785311938,
          46.69729244955437
        ]
      }
    },
    {
      "type": "Feature",
      "properties": {
        "file": "leg07_m019_b256_2026-06-17T14-15-47.jpg",
        "leg": "leg07",
        "mark_index": 19,
        "along_track_m": 19.0,
        "achieved_heading": 251.4931351654539,
        "target_bearing": 256.04570982985075,
        "fix_type": 6,
        "hacc_m": 0.014,
        "corrupt": false,
        "position_interpolated": true,
        "captured_at_utc": "2026-06-17T20:15:47.358040+00:00"
      },
      "geometry": {
        "type": "Point",
        "coordinates": [
          -114.0161700575317,
          46.69729022413095
        ]
      }
    },
    {
      "type": "Feature",
      "properties": {
        "file": "leg07_m020_b256_2026-06-17T14-15-48.jpg",
        "leg": "leg07",
        "mark_index": 20,
        "along_track_m": 20.0,
        "achieved_heading": 252.08512702835176,
        "target_bearing": 256.04570982985075,
        "fix_type": 6,
        "hacc_m": 0.014,
        "corrupt": false,
        "position_interpolated": true,
        "captured_at_utc": "2026-06-17T20:15:48.419472+00:00"
      },
      "geometry": {
        "type": "Point",
        "coordinates": [
          -114.01618341335862,
          46.69728798380591
        ]
      }
    },
    {
      "type": "Feature",
      "properties": {
        "file": "leg07_m024_b256_2026-06-17T14-16-05.jpg",
        "leg": "leg07",
        "mark_index": 24,
        "along_track_m": 24.0,
        "achieved_heading": 243.7893912439472,
        "target_bearing": 256.04570982985075,
        "fix_type": 6,
        "hacc_m": 0.014,
        "corrupt": false,
        "position_interpolated": true,
        "captured_at_utc": "2026-06-17T20:16:04.019857+00:00"
      },
      "geometry": {
        "type": "Point",
        "coordinates": [
          -114.0162362,
          46.697278499999996
        ]
      }
    },
    {
      "type": "Feature",
      "properties": {
        "file": "leg07_m025_b256_2026-06-17T14-16-06.jpg",
        "leg": "leg07",
        "mark_index": 25,
        "along_track_m": 25.0,
        "achieved_heading": 246.9721145001194,
        "target_bearing": 256.04570982985075,
        "fix_type": 6,
        "hacc_m": 0.014,
        "corrupt": false,
        "position_interpolated": true,
        "captured_at_utc": "2026-06-17T20:16:06.200532+00:00"
      },
      "geometry": {
        "type": "Point",
        "coordinates": [
          -114.0162462,
          46.6972759
        ]
      }
    },
    {
      "type": "Feature",
      "properties": {
        "file": "leg07_m026_b256_2026-06-17T14-16-07.jpg",
        "leg": "leg07",
        "mark_index": 26,
        "along_track_m": 26.0,
        "achieved_heading": 254.51147886336548,
        "target_bearing": 256.04570982985075,
        "fix_type": 6,
        "hacc_m": 0.014,
        "corrupt": false,
        "position_interpolated": true,
        "captured_at_utc": "2026-06-17T20:16:07.240469+00:00"
      },
      "geometry": {
        "type": "Point",
        "coordinates": [
          -114.0162586,
          46.6972735
        ]
      }
    },
    {
      "type": "Feature",
      "properties": {
        "file": "leg07_m027_b256_2026-06-17T14-16-08.jpg",
        "leg": "leg07",
        "mark_index": 27,
        "along_track_m": 27.0,
        "achieved_heading": 255.45283984465703,
        "target_bearing": 256.04570982985075,
        "fix_type": 6,
        "hacc_m": 0.014,
        "corrupt": false,
        "position_interpolated": true,
        "captured_at_utc": "2026-06-17T20:16:08.159563+00:00"
      },
      "geometry": {
        "type": "Point",
        "coordinates": [
          -114.0162713,
          46.697271799999996
        ]
      }
    },
    {
      "type": "Feature",
      "properties": {
        "file": "leg07_m028_b256_2026-06-17T14-16-09.jpg",
        "leg": "leg07",
        "mark_index": 28,
        "along_track_m": 28.0,
        "achieved_heading": 254.04542631669767,
        "target_bearing": 256.04570982985075,
        "fix_type": 6,
        "hacc_m": 0.014,
        "corrupt": false,
        "position_interpolated": true,
        "captured_at_utc": "2026-06-17T20:16:09.211523+00:00"
      },
      "geometry": {
        "type": "Point",
        "coordinates": [
          -114.01628511618908,
          46.69727004942182
        ]
      }
    },
    {
      "type": "Feature",
      "properties": {
        "file": "leg07_m029_b256_2026-06-17T14-16-10.jpg",
        "leg": "leg07",
        "mark_index": 29,
        "along_track_m": 29.0,
        "achieved_heading": 252.44162882403202,
        "target_bearing": 256.04570982985075,
        "fix_type": 6,
        "hacc_m": 0.014,
        "corrupt": false,
        "position_interpolated": true,
        "captured_at_utc": "2026-06-17T20:16:10.253136+00:00"
      },
      "geometry": {
        "type": "Point",
        "coordinates": [
          -114.01629823262994,
          46.69726810677921
        ]
      }
    },
    {
      "type": "Feature",
      "properties": {
        "file": "leg07_m030_b256_2026-06-17T14-16-11.jpg",
        "leg": "leg07",
        "mark_index": 30,
        "along_track_m": 30.0,
        "achieved_heading": 251.76184464372523,
        "target_bearing": 256.04570982985075,
        "fix_type": 6,
        "hacc_m": 0.014,
        "corrupt": false,
        "position_interpolated": true,
        "captured_at_utc": "2026-06-17T20:16:11.307415+00:00"
      },
      "geometry": {
        "type": "Point",
        "coordinates": [
          -114.016311,
          46.6972658
        ]
      }
    },
    {
      "type": "Feature",
      "properties": {
        "file": "leg07_m031_b256_2026-06-17T14-16-12.jpg",
        "leg": "leg07",
        "mark_index": 31,
        "along_track_m": 31.0,
        "achieved_heading": 253.66812837556847,
        "target_bearing": 256.04570982985075,
        "fix_type": 6,
        "hacc_m": 0.014,
        "corrupt": false,
        "position_interpolated": true,
        "captured_at_utc": "2026-06-17T20:16:12.357817+00:00"
      },
      "geometry": {
        "type": "Point",
        "coordinates": [
          -114.0163238,
          46.697263799999995
        ]
      }
    },
    {
      "type": "Feature",
      "properties": {
        "file": "leg07_m032_b256_2026-06-17T14-16-13.jpg",
        "leg": "leg07",
        "mark_index": 32,
        "along_track_m": 32.0,
        "achieved_heading": 253.996657973332,
        "target_bearing": 256.04570982985075,
        "fix_type": 6,
        "hacc_m": 0.014,
        "corrupt": false,
        "position_interpolated": true,
        "captured_at_utc": "2026-06-17T20:16:13.271461+00:00"
      },
      "geometry": {
        "type": "Point",
        "coordinates": [
          -114.01633605583247,
          46.69726217402792
        ]
      }
    },
    {
      "type": "Feature",
      "properties": {
        "file": "leg07_m033_b256_2026-06-17T14-16-14.jpg",
        "leg": "leg07",
        "mark_index": 33,
        "along_track_m": 33.0,
        "achieved_heading": 251.0445300074969,
        "target_bearing": 256.04570982985075,
        "fix_type": 6,
        "hacc_m": 0.014,
        "corrupt": false,
        "position_interpolated": true,
        "captured_at_utc": "2026-06-17T20:16:14.318703+00:00"
      },
      "geometry": {
        "type": "Point",
        "coordinates": [
          -114.0163494,
          46.697260199999995
        ]
      }
    },
    {
      "type": "Feature",
      "properties": {
        "file": "leg07_m034_b256_2026-06-17T14-16-15.jpg",
        "leg": "leg07",
        "mark_index": 34,
        "along_track_m": 34.0,
        "achieved_heading": 251.30748473053785,
        "target_bearing": 256.04570982985075,
        "fix_type": 6,
        "hacc_m": 0.014,
        "corrupt": false,
        "position_interpolated": true,
        "captured_at_utc": "2026-06-17T20:16:15.231082+00:00"
      },
      "geometry": {
        "type": "Point",
        "coordinates": [
          -114.01636079220965,
          46.69725835787658
        ]
      }
    },
    {
      "type": "Feature",
      "properties": {
        "file": "leg07_m035_b256_2026-06-17T14-16-16.jpg",
        "leg": "leg07",
        "mark_index": 35,
        "along_track_m": 35.0,
        "achieved_heading": 251.8538828819036,
        "target_bearing": 256.04570982985075,
        "fix_type": 6,
        "hacc_m": 0.014,
        "corrupt": false,
        "position_interpolated": true,
        "captured_at_utc": "2026-06-17T20:16:16.339118+00:00"
      },
      "geometry": {
        "type": "Point",
        "coordinates": [
          -114.0163742,
          46.697255999999996
        ]
      }
    },
    {
      "type": "Feature",
      "properties": {
        "file": "leg07_m036_b256_2026-06-17T14-16-17.jpg",
        "leg": "leg07",
        "mark_index": 36,
        "along_track_m": 36.0,
        "achieved_heading": 252.1362727295139,
        "target_bearing": 256.04570982985075,
        "fix_type": 6,
        "hacc_m": 0.014,
        "corrupt": false,
        "position_interpolated": true,
        "captured_at_utc": "2026-06-17T20:16:17.251226+00:00"
      },
      "geometry": {
        "type": "Point",
        "coordinates": [
          -114.01638563966709,
          46.69725383577373
        ]
      }
    },
    {
      "type": "Feature",
      "properties": {
        "file": "leg07_m037_b256_2026-06-17T14-16-18.jpg",
        "leg": "leg07",
        "mark_index": 37,
        "along_track_m": 37.0,
        "achieved_heading": 252.41821660999153,
        "target_bearing": 256.04570982985075,
        "fix_type": 6,
        "hacc_m": 0.014,
        "corrupt": false,
        "position_interpolated": true,
        "captured_at_utc": "2026-06-17T20:16:18.300845+00:00"
      },
      "geometry": {
        "type": "Point",
        "coordinates": [
          -114.01639883555731,
          46.69725151074045
        ]
      }
    },
    {
      "type": "Feature",
      "properties": {
        "file": "leg07_m038_b256_2026-06-17T14-16-19.jpg",
        "leg": "leg07",
        "mark_index": 38,
        "along_track_m": 38.0,
        "achieved_heading": 252.09066909971293,
        "target_bearing": 256.04570982985075,
        "fix_type": 6,
        "hacc_m": 0.014,
        "corrupt": false,
        "position_interpolated": true,
        "captured_at_utc": "2026-06-17T20:16:19.425254+00:00"
      },
      "geometry": {
        "type": "Point",
        "coordinates": [
          -114.01641199999999,
          46.6972495
        ]
      }
    },
    {
      "type": "Feature",
      "properties": {
        "file": "leg07_m039_b256_2026-06-17T14-16-20.jpg",
        "leg": "leg07",
        "mark_index": 39,
        "along_track_m": 39.0,
        "achieved_heading": 252.77313496668296,
        "target_bearing": 256.04570982985075,
        "fix_type": 6,
        "hacc_m": 0.014,
        "corrupt": false,
        "position_interpolated": true,
        "captured_at_utc": "2026-06-17T20:16:20.542885+00:00"
      },
      "geometry": {
        "type": "Point",
        "coordinates": [
          -114.0164269,
          46.6972473
        ]
      }
    },
    {
      "type": "Feature",
      "properties": {
        "file": "leg07_m040_b256_2026-06-17T14-16-21.jpg",
        "leg": "leg07",
        "mark_index": 40,
        "along_track_m": 40.0,
        "achieved_heading": 251.5362765018079,
        "target_bearing": 256.04570982985075,
        "fix_type": 6,
        "hacc_m": 0.014,
        "corrupt": false,
        "position_interpolated": true,
        "captured_at_utc": "2026-06-17T20:16:21.384581+00:00"
      },
      "geometry": {
        "type": "Point",
        "coordinates": [
          -114.01643794535488,
          46.69724534244085
        ]
      }
    },
    {
      "type": "Feature",
      "properties": {
        "file": "leg07_m041_b256_2026-06-17T14-16-22.jpg",
        "leg": "leg07",
        "mark_index": 41,
        "along_track_m": 41.0,
        "achieved_heading": 251.10678081712112,
        "target_bearing": 256.04570982985075,
        "fix_type": 6,
        "hacc_m": 0.014,
        "corrupt": false,
        "position_interpolated": true,
        "captured_at_utc": "2026-06-17T20:16:22.432905+00:00"
      },
      "geometry": {
        "type": "Point",
        "coordinates": [
          -114.01645112227901,
          46.697242995544194
        ]
      }
    },
    {
      "type": "Feature",
      "properties": {
        "file": "leg07_m042_b256_2026-06-17T14-16-23.jpg",
        "leg": "leg07",
        "mark_index": 42,
        "along_track_m": 42.0,
        "achieved_heading": 251.76227409199004,
        "target_bearing": 256.04570982985075,
        "fix_type": 6,
        "hacc_m": 0.014,
        "corrupt": false,
        "position_interpolated": true,
        "captured_at_utc": "2026-06-17T20:16:23.417327+00:00"
      },
      "geometry": {
        "type": "Point",
        "coordinates": [
          -114.01646393171451,
          46.69724077804758
        ]
      }
    },
    {
      "type": "Feature",
      "properties": {
        "file": "leg07_m043_b256_2026-06-17T14-16-24.jpg",
        "leg": "leg07",
        "mark_index": 43,
        "along_track_m": 43.0,
        "achieved_heading": 252.87560113968908,
        "target_bearing": 256.04570982985075,
        "fix_type": 6,
        "hacc_m": 0.014,
        "corrupt": false,
        "position_interpolated": true,
        "captured_at_utc": "2026-06-17T20:16:24.325539+00:00"
      },
      "geometry": {
        "type": "Point",
        "coordinates": [
          -114.01647539999999,
          46.697238899999995
        ]
      }
    },
    {
      "type": "Feature",
      "properties": {
        "file": "leg07_m044_b256_2026-06-17T14-16-25.jpg",
        "leg": "leg07",
        "mark_index": 44,
        "along_track_m": 44.0,
        "achieved_heading": 249.69144942611223,
        "target_bearing": 256.04570982985075,
        "fix_type": 6,
        "hacc_m": 0.014,
        "corrupt": false,
        "position_interpolated": true,
        "captured_at_utc": "2026-06-17T20:16:25.454194+00:00"
      },
      "geometry": {
        "type": "Point",
        "coordinates": [
          -114.016489669845,
          46.6972363764434
        ]
      }
    },
    {
      "type": "Feature",
      "properties": {
        "file": "leg07_m045_b256_2026-06-17T14-16-26.jpg",
        "leg": "leg07",
        "mark_index": 45,
        "along_track_m": 45.0,
        "achieved_heading": 251.11841283452847,
        "target_bearing": 256.04570982985075,
        "fix_type": 6,
        "hacc_m": 0.014,
        "corrupt": false,
        "position_interpolated": true,
        "captured_at_utc": "2026-06-17T20:16:26.368425+00:00"
      },
      "geometry": {
        "type": "Point",
        "coordinates": [
          -114.01650112642517,
          46.69723424107208
        ]
      }
    },
    {
      "type": "Feature",
      "properties": {
        "file": "leg07_m046_b256_2026-06-17T14-16-27.jpg",
        "leg": "leg07",
        "mark_index": 46,
        "along_track_m": 46.0,
        "achieved_heading": 252.65465040949533,
        "target_bearing": 256.04570982985075,
        "fix_type": 6,
        "hacc_m": 0.014,
        "corrupt": false,
        "position_interpolated": true,
        "captured_at_utc": "2026-06-17T20:16:27.474051+00:00"
      },
      "geometry": {
        "type": "Point",
        "coordinates": [
          -114.01651487279905,
          46.697231668352146
        ]
      }
    },
    {
      "type": "Feature",
      "properties": {
        "file": "leg07_m047_b256_2026-06-17T14-16-28.jpg",
        "leg": "leg07",
        "mark_index": 47,
        "along_track_m": 47.0,
        "achieved_heading": 253.0259005196042,
        "target_bearing": 256.04570982985075,
        "fix_type": 6,
        "hacc_m": 0.014,
        "corrupt": false,
        "position_interpolated": true,
        "captured_at_utc": "2026-06-17T20:16:28.459741+00:00"
      },
      "geometry": {
        "type": "Point",
        "coordinates": [
          -114.01652750572025,
          46.69722969142765
        ]
      }
    },
    {
      "type": "Feature",
      "properties": {
        "file": "leg07_m048_b256_2026-06-17T14-16-29.jpg",
        "leg": "leg07",
        "mark_index": 48,
        "along_track_m": 48.0,
        "achieved_heading": 253.78582901079585,
        "target_bearing": 256.04570982985075,
        "fix_type": 6,
        "hacc_m": 0.014,
        "corrupt": false,
        "position_interpolated": true,
        "captured_at_utc": "2026-06-17T20:16:29.441424+00:00"
      },
      "geometry": {
        "type": "Point",
        "coordinates": [
          -114.01654028317293,
          46.69722746283285
        ]
      }
    },
    {
      "type": "Feature",
      "properties": {
        "file": "leg07_m049_b256_2026-06-17T14-16-30.jpg",
        "leg": "leg07",
        "mark_index": 49,
        "along_track_m": 49.0,
        "achieved_heading": 254.12050149181118,
        "target_bearing": 256.04570982985075,
        "fix_type": 6,
        "hacc_m": 0.014,
        "corrupt": false,
        "position_interpolated": true,
        "captured_at_utc": "2026-06-17T20:16:30.491470+00:00"
      },
      "geometry": {
        "type": "Point",
        "coordinates": [
          -114.01655374559235,
          46.69722551956981
        ]
      }
    },
    {
      "type": "Feature",
      "properties": {
        "file": "leg07_m050_b256_2026-06-17T14-16-31.jpg",
        "leg": "leg07",
        "mark_index": 50,
        "along_track_m": 50.0,
        "achieved_heading": 252.57275035809755,
        "target_bearing": 256.04570982985075,
        "fix_type": 6,
        "hacc_m": 0.014,
        "corrupt": false,
        "position_interpolated": true,
        "captured_at_utc": "2026-06-17T20:16:31.476224+00:00"
      },
      "geometry": {
        "type": "Point",
        "coordinates": [
          -114.01656647984593,
          46.697223545016506
        ]
      }
    },
    {
      "type": "Feature",
      "properties": {
        "file": "leg07_m051_b256_2026-06-17T14-16-32.jpg",
        "leg": "leg07",
        "mark_index": 51,
        "along_track_m": 51.0,
        "achieved_heading": 251.18508282293843,
        "target_bearing": 256.04570982985075,
        "fix_type": 6,
        "hacc_m": 0.014,
        "corrupt": false,
        "position_interpolated": true,
        "captured_at_utc": "2026-06-17T20:16:32.381780+00:00"
      },
      "geometry": {
        "type": "Point",
        "coordinates": [
          -114.01657801158203,
          46.69722169061016
        ]
      }
    },
    {
      "type": "Feature",
      "properties": {
        "file": "leg07_m052_b256_2026-06-17T14-16-33.jpg",
        "leg": "leg07",
        "mark_index": 52,
        "along_track_m": 52.0,
        "achieved_heading": 250.36716022765955,
        "target_bearing": 256.04570982985075,
        "fix_type": 6,
        "hacc_m": 0.014,
        "corrupt": false,
        "position_interpolated": true,
        "captured_at_utc": "2026-06-17T20:16:33.426983+00:00"
      },
      "geometry": {
        "type": "Point",
        "coordinates": [
          -114.0165901,
          46.697219499999996
        ]
      }
    },
    {
      "type": "Feature",
      "properties": {
        "file": "leg07_m053_b256_2026-06-17T14-16-34.jpg",
        "leg": "leg07",
        "mark_index": 53,
        "along_track_m": 53.0,
        "achieved_heading": 251.54884591312566,
        "target_bearing": 256.04570982985075,
        "fix_type": 6,
        "hacc_m": 0.014,
        "corrupt": false,
        "position_interpolated": true,
        "captured_at_utc": "2026-06-17T20:16:34.351881+00:00"
      },
      "geometry": {
        "type": "Point",
        "coordinates": [
          -114.01660269999999,
          46.6972174
        ]
      }
    },
    {
      "type": "Feature",
      "properties": {
        "file": "leg07_m054_b256_2026-06-17T14-16-35.jpg",
        "leg": "leg07",
        "mark_index": 54,
        "along_track_m": 54.0,
        "achieved_heading": 252.13987599693155,
        "target_bearing": 256.04570982985075,
        "fix_type": 6,
        "hacc_m": 0.014,
        "corrupt": false,
        "position_interpolated": true,
        "captured_at_utc": "2026-06-17T20:16:35.394644+00:00"
      },
      "geometry": {
        "type": "Point",
        "coordinates": [
          -114.01661632489804,
          46.697214885028544
        ]
      }
    },
    {
      "type": "Feature",
      "properties": {
        "file": "leg07_m055_b256_2026-06-17T14-16-36.jpg",
        "leg": "leg07",
        "mark_index": 55,
        "along_track_m": 55.0,
        "achieved_heading": 253.3462956081782,
        "target_bearing": 256.04570982985075,
        "fix_type": 6,
        "hacc_m": 0.014,
        "corrupt": false,
        "position_interpolated": true,
        "captured_at_utc": "2026-06-17T20:16:36.440061+00:00"
      },
      "geometry": {
        "type": "Point",
        "coordinates": [
          -114.01662957201928,
          46.69721278559614
        ]
      }
    },
    {
      "type": "Feature",
      "properties": {
        "file": "leg07_m056_b256_2026-06-17T14-16-37.jpg",
        "leg": "leg07",
        "mark_index": 56,
        "along_track_m": 56.0,
        "achieved_heading": 252.7353252421627,
        "target_bearing": 256.04570982985075,
        "fix_type": 6,
        "hacc_m": 0.014,
        "corrupt": false,
        "position_interpolated": true,
        "captured_at_utc": "2026-06-17T20:16:37.571903+00:00"
      },
      "geometry": {
        "type": "Point",
        "coordinates": [
          -114.01664269999999,
          46.6972105
        ]
      }
    },
    {
      "type": "Feature",
      "properties": {
        "file": "leg07_m057_b256_2026-06-17T14-16-38.jpg",
        "leg": "leg07",
        "mark_index": 57,
        "along_track_m": 57.0,
        "achieved_heading": 252.28565899954307,
        "target_bearing": 256.04570982985075,
        "fix_type": 6,
        "hacc_m": 0.014,
        "corrupt": false,
        "position_interpolated": true,
        "captured_at_utc": "2026-06-17T20:16:38.471131+00:00"
      },
      "geometry": {
        "type": "Point",
        "coordinates": [
          -114.01665477387644,
          46.69720853408988
        ]
      }
    },
    {
      "type": "Feature",
      "properties": {
        "file": "leg07_m058_b256_2026-06-17T14-16-39.jpg",
        "leg": "leg07",
        "mark_index": 58,
        "along_track_m": 58.0,
        "achieved_heading": 252.70547123388417,
        "target_bearing": 256.04570982985075,
        "fix_type": 6,
        "hacc_m": 0.014,
        "corrupt": false,
        "position_interpolated": true,
        "captured_at_utc": "2026-06-17T20:16:39.532425+00:00"
      },
      "geometry": {
        "type": "Point",
        "coordinates": [
          -114.0166682,
          46.6972063
        ]
      }
    },
    {
      "type": "Feature",
      "properties": {
        "file": "leg07_m059_b256_2026-06-17T14-16-40.jpg",
        "leg": "leg07",
        "mark_index": 59,
        "along_track_m": 59.0,
        "achieved_heading": 252.45351057065986,
        "target_bearing": 256.04570982985075,
        "fix_type": 6,
        "hacc_m": 0.014,
        "corrupt": false,
        "position_interpolated": true,
        "captured_at_utc": "2026-06-17T20:16:40.438438+00:00"
      },
      "geometry": {
        "type": "Point",
        "coordinates": [
          -114.01667949474859,
          46.69720414892613
        ]
      }
    },
    {
      "type": "Feature",
      "properties": {
        "file": "leg07_m060_b256_2026-06-17T14-16-41.jpg",
        "leg": "leg07",
        "mark_index": 60,
        "along_track_m": 60.0,
        "achieved_heading": 252.96572510656176,
        "target_bearing": 256.04570982985075,
        "fix_type": 6,
        "hacc_m": 0.014,
        "corrupt": false,
        "position_interpolated": true,
        "captured_at_utc": "2026-06-17T20:16:41.500580+00:00"
      },
      "geometry": {
        "type": "Point",
        "coordinates": [
          -114.01669324838595,
          46.69720190764652
        ]
      }
    },
    {
      "type": "Feature",
      "properties": {
        "file": "leg07_m061_b256_2026-06-17T14-16-42.jpg",
        "leg": "leg07",
        "mark_index": 61,
        "along_track_m": 61.0,
        "achieved_heading": 255.24510696342674,
        "target_bearing": 256.04570982985075,
        "fix_type": 6,
        "hacc_m": 0.014,
        "corrupt": false,
        "position_interpolated": true,
        "captured_at_utc": "2026-06-17T20:16:42.539423+00:00"
      },
      "geometry": {
        "type": "Point",
        "coordinates": [
          -114.01670569999999,
          46.6971999
        ]
      }
    },
    {
      "type": "Feature",
      "properties": {
        "file": "leg07_m062_b256_2026-06-17T14-16-43.jpg",
        "leg": "leg07",
        "mark_index": 62,
        "along_track_m": 62.0,
        "achieved_heading": 258.44714014061213,
        "target_bearing": 256.04570982985075,
        "fix_type": 6,
        "hacc_m": 0.014,
        "corrupt": false,
        "position_interpolated": true,
        "captured_at_utc": "2026-06-17T20:16:43.520400+00:00"
      },
      "geometry": {
        "type": "Point",
        "coordinates": [
          -114.01671839999999,
          46.6971985
        ]
      }
    },
    {
      "type": "Feature",
      "properties": {
        "file": "leg08_m000_b346_2026-06-17T14-16-47.jpg",
        "leg": "leg08",
        "mark_index": 0,
        "along_track_m": 0.0,
        "achieved_heading": 345.2841613549947,
        "target_bearing": 346.1297804547387,
        "fix_type": 6,
        "hacc_m": 0.014,
        "corrupt": false,
        "position_interpolated": true,
        "captured_at_utc": "2026-06-17T20:16:47.092801+00:00"
      },
      "geometry": {
        "type": "Point",
        "coordinates": [
          -114.01672839999999,
          46.697196999999996
        ]
      }
    },
    {
      "type": "Feature",
      "properties": {
        "file": "leg08_m001_b346_2026-06-17T14-16-48.jpg",
        "leg": "leg08",
        "mark_index": 1,
        "along_track_m": 1.0,
        "achieved_heading": 339.71741800906267,
        "target_bearing": 346.1297804547387,
        "fix_type": 6,
        "hacc_m": 0.014,
        "corrupt": false,
        "position_interpolated": true,
        "captured_at_utc": "2026-06-17T20:16:48.768219+00:00"
      },
      "geometry": {
        "type": "Point",
        "coordinates": [
          -114.0167329,
          46.697207
        ]
      }
    },
    {
      "type": "Feature",
      "properties": {
        "file": "leg08_m002_b346_2026-06-17T14-16-49.jpg",
        "leg": "leg08",
        "mark_index": 2,
        "along_track_m": 2.0,
        "achieved_heading": 343.83818776742305,
        "target_bearing": 346.1297804547387,
        "fix_type": 6,
        "hacc_m": 0.014,
        "corrupt": false,
        "position_interpolated": true,
        "captured_at_utc": "2026-06-17T20:16:49.750144+00:00"
      },
      "geometry": {
        "type": "Point",
        "coordinates": [
          -114.0167367,
          46.697215199999995
        ]
      }
    },
    {
      "type": "Feature",
      "properties": {
        "file": "leg08_m003_b346_2026-06-17T14-16-50.jpg",
        "leg": "leg08",
        "mark_index": 3,
        "along_track_m": 3.0,
        "achieved_heading": 352.63030002957885,
        "target_bearing": 346.1297804547387,
        "fix_type": 6,
        "hacc_m": 0.014,
        "corrupt": false,
        "position_interpolated": true,
        "captured_at_utc": "2026-06-17T20:16:50.794285+00:00"
      },
      "geometry": {
        "type": "Point",
        "coordinates": [
          -114.01673869999999,
          46.697224
        ]
      }
    },
    {
      "type": "Feature",
      "properties": {
        "file": "leg08_m004_b346_2026-06-17T14-16-52.jpg",
        "leg": "leg08",
        "mark_index": 4,
        "along_track_m": 4.0,
        "achieved_heading": 356.93103583138986,
        "target_bearing": 346.1297804547387,
        "fix_type": 6,
        "hacc_m": 0.014,
        "corrupt": false,
        "position_interpolated": true,
        "captured_at_utc": "2026-06-17T20:16:51.927087+00:00"
      },
      "geometry": {
        "type": "Point",
        "coordinates": [
          -114.0167398,
          46.697234099999996
        ]
      }
    },
    {
      "type": "Feature",
      "properties": {
        "file": "leg08_m005_b346_2026-06-17T14-16-52.jpg",
        "leg": "leg08",
        "mark_index": 5,
        "along_track_m": 4.878,
        "achieved_heading": 1.8309135995691577,
        "target_bearing": 346.1297804547387,
        "fix_type": 6,
        "hacc_m": 0.014,
        "corrupt": false,
        "position_interpolated": true,
        "captured_at_utc": "2026-06-17T20:16:52.756101+00:00"
      },
      "geometry": {
        "type": "Point",
        "coordinates": [
          -114.01673969999999,
          46.6972411
        ]
      }
    },
    {
      "type": "Feature",
      "properties": {
        "file": "leg09_m000_b076_2026-06-17T14-16-55.jpg",
        "leg": "leg09",
        "mark_index": 0,
        "along_track_m": 0.0,
        "achieved_heading": 73.42405274922801,
        "target_bearing": 76.04512062356434,
        "fix_type": 6,
        "hacc_m": 0.014,
        "corrupt": false,
        "position_interpolated": true,
        "captured_at_utc": "2026-06-17T20:16:55.913423+00:00"
      },
      "geometry": {
        "type": "Point",
        "coordinates": [
          -114.0167405,
          46.6972455
        ]
      }
    },
    {
      "type": "Feature",
      "properties": {
        "file": "leg09_m001_b076_2026-06-17T14-16-57.jpg",
        "leg": "leg09",
        "mark_index": 1,
        "along_track_m": 1.0,
        "achieved_heading": 68.72831984345382,
        "target_bearing": 76.04512062356434,
        "fix_type": 6,
        "hacc_m": 0.014,
        "corrupt": false,
        "position_interpolated": true,
        "captured_at_utc": "2026-06-17T20:16:57.595361+00:00"
      },
      "geometry": {
        "type": "Point",
        "coordinates": [
          -114.0167271,
          46.697248599999995
        ]
      }
    },
    {
      "type": "Feature",
      "properties": {
        "file": "leg09_m002_b076_2026-06-17T14-16-58.jpg",
        "leg": "leg09",
        "mark_index": 2,
        "along_track_m": 2.0,
        "achieved_heading": 75.59132290508985,
        "target_bearing": 76.04512062356434,
        "fix_type": 6,
        "hacc_m": 0.014,
        "corrupt": false,
        "position_interpolated": true,
        "captured_at_utc": "2026-06-17T20:16:58.721043+00:00"
      },
      "geometry": {
        "type": "Point",
        "coordinates": [
          -114.01671359999999,
          46.6972515
        ]
      }
    },
    {
      "type": "Feature",
      "properties": {
        "file": "leg09_m003_b076_2026-06-17T14-16-59.jpg",
        "leg": "leg09",
        "mark_index": 3,
        "along_track_m": 3.0,
        "achieved_heading": 80.04005370538313,
        "target_bearing": 76.04512062356434,
        "fix_type": 6,
        "hacc_m": 0.014,
        "corrupt": false,
        "position_interpolated": true,
        "captured_at_utc": "2026-06-17T20:16:59.750677+00:00"
      },
      "geometry": {
        "type": "Point",
        "coordinates": [
          -114.01670139632272,
          46.69725286569704
        ]
      }
    },
    {
      "type": "Feature",
      "properties": {
        "file": "leg09_m004_b076_2026-06-17T14-17-00.jpg",
        "leg": "leg09",
        "mark_index": 4,
        "along_track_m": 4.0,
        "achieved_heading": 77.86390312212485,
        "target_bearing": 76.04512062356434,
        "fix_type": 6,
        "hacc_m": 0.014,
        "corrupt": false,
        "position_interpolated": true,
        "captured_at_utc": "2026-06-17T20:17:00.947379+00:00"
      },
      "geometry": {
        "type": "Point",
        "coordinates": [
          -114.01668799999999,
          46.6972544
        ]
      }
    },
    {
      "type": "Feature",
      "properties": {
        "file": "leg09_m005_b076_2026-06-17T14-17-02.jpg",
        "leg": "leg09",
        "mark_index": 5,
        "along_track_m": 5.0,
        "achieved_heading": 76.5783230219325,
        "target_bearing": 76.04512062356434,
        "fix_type": 6,
        "hacc_m": 0.014,
        "corrupt": false,
        "position_interpolated": true,
        "captured_at_utc": "2026-06-17T20:17:02.004555+00:00"
      },
      "geometry": {
        "type": "Point",
        "coordinates": [
          -114.0166750196419,
          46.69725623607162
        ]
      }
    },
    {
      "type": "Feature",
      "properties": {
        "file": "leg09_m006_b076_2026-06-17T14-17-03.jpg",
        "leg": "leg09",
        "mark_index": 6,
        "along_track_m": 6.0,
        "achieved_heading": 76.68139406830551,
        "target_bearing": 76.04512062356434,
        "fix_type": 6,
        "hacc_m": 0.014,
        "corrupt": false,
        "position_interpolated": true,
        "captured_at_utc": "2026-06-17T20:17:03.190863+00:00"
      },
      "geometry": {
        "type": "Point",
        "coordinates": [
          -114.0166623,
          46.6972581
        ]
      }
    },
    {
      "type": "Feature",
      "properties": {
        "file": "leg09_m007_b076_2026-06-17T14-17-04.jpg",
        "leg": "leg09",
        "mark_index": 7,
        "along_track_m": 7.0,
        "achieved_heading": 76.78417091408963,
        "target_bearing": 76.04512062356434,
        "fix_type": 6,
        "hacc_m": 0.014,
        "corrupt": false,
        "position_interpolated": true,
        "captured_at_utc": "2026-06-17T20:17:04.246076+00:00"
      },
      "geometry": {
        "type": "Point",
        "coordinates": [
          -114.01664861231907,
          46.69726010708881
        ]
      }
    },
    {
      "type": "Feature",
      "properties": {
        "file": "leg09_m008_b076_2026-06-17T14-17-05.jpg",
        "leg": "leg09",
        "mark_index": 8,
        "along_track_m": 8.0,
        "achieved_heading": 75.97909716024087,
        "target_bearing": 76.04512062356434,
        "fix_type": 6,
        "hacc_m": 0.014,
        "corrupt": false,
        "position_interpolated": true,
        "captured_at_utc": "2026-06-17T20:17:05.363667+00:00"
      },
      "geometry": {
        "type": "Point",
        "coordinates": [
          -114.01663579999999,
          46.6972619
        ]
      }
    },
    {
      "type": "Feature",
      "properties": {
        "file": "leg09_m009_b076_2026-06-17T14-17-06.jpg",
        "leg": "leg09",
        "mark_index": 9,
        "along_track_m": 9.0,
        "achieved_heading": 73.03475030941394,
        "target_bearing": 76.04512062356434,
        "fix_type": 6,
        "hacc_m": 0.014,
        "corrupt": false,
        "position_interpolated": true,
        "captured_at_utc": "2026-06-17T20:17:06.345721+00:00"
      },
      "geometry": {
        "type": "Point",
        "coordinates": [
          -114.01662449999999,
          46.697263799999995
        ]
      }
    },
    {
      "type": "Feature",
      "properties": {
        "file": "leg09_m010_b076_2026-06-17T14-17-07.jpg",
        "leg": "leg09",
        "mark_index": 10,
        "along_track_m": 10.0,
        "achieved_heading": 74.16357996574877,
        "target_bearing": 76.04512062356434,
        "fix_type": 6,
        "hacc_m": 0.014,
        "corrupt": false,
        "position_interpolated": true,
        "captured_at_utc": "2026-06-17T20:17:07.461633+00:00"
      },
      "geometry": {
        "type": "Point",
        "coordinates": [
          -114.01661125392215,
          46.69726610443744
        ]
      }
    },
    {
      "type": "Feature",
      "properties": {
        "file": "leg09_m011_b076_2026-06-17T14-17-08.jpg",
        "leg": "leg09",
        "mark_index": 11,
        "along_track_m": 11.0,
        "achieved_heading": 74.579174510751,
        "target_bearing": 76.04512062356434,
        "fix_type": 6,
        "hacc_m": 0.014,
        "corrupt": false,
        "position_interpolated": true,
        "captured_at_utc": "2026-06-17T20:17:08.596547+00:00"
      },
      "geometry": {
        "type": "Point",
        "coordinates": [
          -114.01659869999999,
          46.6972679
        ]
      }
    },
    {
      "type": "Feature",
      "properties": {
        "file": "leg09_m012_b076_2026-06-17T14-17-09.jpg",
        "leg": "leg09",
        "mark_index": 12,
        "along_track_m": 12.0,
        "achieved_heading": 71.63798625270938,
        "target_bearing": 76.04512062356434,
        "fix_type": 6,
        "hacc_m": 0.014,
        "corrupt": false,
        "position_interpolated": true,
        "captured_at_utc": "2026-06-17T20:17:09.697117+00:00"
      },
      "geometry": {
        "type": "Point",
        "coordinates": [
          -114.01658483884322,
          46.69727017107433
        ]
      }
    },
    {
      "type": "Feature",
      "properties": {
        "file": "leg09_m013_b076_2026-06-17T14-17-10.jpg",
        "leg": "leg09",
        "mark_index": 13,
        "along_track_m": 13.0,
        "achieved_heading": 73.78146390389298,
        "target_bearing": 76.04512062356434,
        "fix_type": 6,
        "hacc_m": 0.014,
        "corrupt": false,
        "position_interpolated": true,
        "captured_at_utc": "2026-06-17T20:17:10.755850+00:00"
      },
      "geometry": {
        "type": "Point",
        "coordinates": [
          -114.01657279999999,
          46.6972725
        ]
      }
    },
    {
      "type": "Feature",
      "properties": {
        "file": "leg09_m014_b076_2026-06-17T14-17-12.jpg",
        "leg": "leg09",
        "mark_index": 14,
        "along_track_m": 14.0,
        "achieved_heading": 74.16035212417512,
        "target_bearing": 76.04512062356434,
        "fix_type": 6,
        "hacc_m": 0.014,
        "corrupt": false,
        "position_interpolated": true,
        "captured_at_utc": "2026-06-17T20:17:11.875051+00:00"
      },
      "geometry": {
        "type": "Point",
        "coordinates": [
          -114.01655918575769,
          46.69727491963381
        ]
      }
    },
    {
      "type": "Feature",
      "properties": {
        "file": "leg09_m015_b076_2026-06-17T14-17-12.jpg",
        "leg": "leg09",
        "mark_index": 15,
        "along_track_m": 15.0,
        "achieved_heading": 74.174645445128,
        "target_bearing": 76.04512062356434,
        "fix_type": 6,
        "hacc_m": 0.014,
        "corrupt": false,
        "position_interpolated": true,
        "captured_at_utc": "2026-06-17T20:17:12.941520+00:00"
      },
      "geometry": {
        "type": "Point",
        "coordinates": [
          -114.0165476,
          46.697276599999995
        ]
      }
    },
    {
      "type": "Feature",
      "properties": {
        "file": "leg09_m016_b076_2026-06-17T14-17-14.jpg",
        "leg": "leg09",
        "mark_index": 16,
        "along_track_m": 16.0,
        "achieved_heading": 73.11858805381578,
        "target_bearing": 76.04512062356434,
        "fix_type": 6,
        "hacc_m": 0.014,
        "corrupt": false,
        "position_interpolated": true,
        "captured_at_utc": "2026-06-17T20:17:14.052561+00:00"
      },
      "geometry": {
        "type": "Point",
        "coordinates": [
          -114.01653503171892,
          46.697278904558395
        ]
      }
    },
    {
      "type": "Feature",
      "properties": {
        "file": "leg09_m017_b076_2026-06-17T14-17-15.jpg",
        "leg": "leg09",
        "mark_index": 17,
        "along_track_m": 17.0,
        "achieved_heading": 73.52294017505018,
        "target_bearing": 76.04512062356434,
        "fix_type": 6,
        "hacc_m": 0.014,
        "corrupt": false,
        "position_interpolated": true,
        "captured_at_utc": "2026-06-17T20:17:15.156337+00:00"
      },
      "geometry": {
        "type": "Point",
        "coordinates": [
          -114.0165224,
          46.6972811
        ]
      }
    },
    {
      "type": "Feature",
      "properties": {
        "file": "leg09_m018_b076_2026-06-17T14-17-16.jpg",
        "leg": "leg09",
        "mark_index": 18,
        "along_track_m": 18.0,
        "achieved_heading": 73.06484491457664,
        "target_bearing": 76.04512062356434,
        "fix_type": 6,
        "hacc_m": 0.014,
        "corrupt": false,
        "position_interpolated": true,
        "captured_at_utc": "2026-06-17T20:17:16.288464+00:00"
      },
      "geometry": {
        "type": "Point",
        "coordinates": [
          -114.01650876386053,
          46.69728335778231
        ]
      }
    },
    {
      "type": "Feature",
      "properties": {
        "file": "leg09_m019_b076_2026-06-17T14-17-17.jpg",
        "leg": "leg09",
        "mark_index": 19,
        "along_track_m": 19.0,
        "achieved_heading": 72.11542466799645,
        "target_bearing": 76.04512062356434,
        "fix_type": 6,
        "hacc_m": 0.014,
        "corrupt": false,
        "position_interpolated": true,
        "captured_at_utc": "2026-06-17T20:17:17.408169+00:00"
      },
      "geometry": {
        "type": "Point",
        "coordinates": [
          -114.01649689999999,
          46.6972855
        ]
      }
    },
    {
      "type": "Feature",
      "properties": {
        "file": "leg09_m020_b076_2026-06-17T14-17-18.jpg",
        "leg": "leg09",
        "mark_index": 20,
        "along_track_m": 20.0,
        "achieved_heading": 72.1557685839307,
        "target_bearing": 76.04512062356434,
        "fix_type": 6,
        "hacc_m": 0.014,
        "corrupt": false,
        "position_interpolated": true,
        "captured_at_utc": "2026-06-17T20:17:18.529951+00:00"
      },
      "geometry": {
        "type": "Point",
        "coordinates": [
          -114.01648309999999,
          46.6972879
        ]
      }
    },
    {
      "type": "Feature",
      "properties": {
        "file": "leg09_m021_b076_2026-06-17T14-17-19.jpg",
        "leg": "leg09",
        "mark_index": 21,
        "along_track_m": 21.0,
        "achieved_heading": 73.00770675956278,
        "target_bearing": 76.04512062356434,
        "fix_type": 6,
        "hacc_m": 0.014,
        "corrupt": false,
        "position_interpolated": true,
        "captured_at_utc": "2026-06-17T20:17:19.515610+00:00"
      },
      "geometry": {
        "type": "Point",
        "coordinates": [
          -114.01647129999999,
          46.6972902
        ]
      }
    },
    {
      "type": "Feature",
      "properties": {
        "file": "leg09_m022_b076_2026-06-17T14-17-20.jpg",
        "leg": "leg09",
        "mark_index": 22,
        "along_track_m": 22.0,
        "achieved_heading": 75.22289801432623,
        "target_bearing": 76.04512062356434,
        "fix_type": 6,
        "hacc_m": 0.014,
        "corrupt": false,
        "position_interpolated": true,
        "captured_at_utc": "2026-06-17T20:17:20.625902+00:00"
      },
      "geometry": {
        "type": "Point",
        "coordinates": [
          -114.01645824521707,
          46.69729237976595
        ]
      }
    },
    {
      "type": "Feature",
      "properties": {
        "file": "leg09_m023_b076_2026-06-17T14-17-21.jpg",
        "leg": "leg09",
        "mark_index": 23,
        "along_track_m": 23.0,
        "achieved_heading": 74.57329060186017,
        "target_bearing": 76.04512062356434,
        "fix_type": 6,
        "hacc_m": 0.014,
        "corrupt": false,
        "position_interpolated": true,
        "captured_at_utc": "2026-06-17T20:17:21.677775+00:00"
      },
      "geometry": {
        "type": "Point",
        "coordinates": [
          -114.01644585627876,
          46.69729415352885
        ]
      }
    },
    {
      "type": "Feature",
      "properties": {
        "file": "leg09_m024_b076_2026-06-17T14-17-22.jpg",
        "leg": "leg09",
        "mark_index": 24,
        "along_track_m": 24.0,
        "achieved_heading": 72.53852764391111,
        "target_bearing": 76.04512062356434,
        "fix_type": 6,
        "hacc_m": 0.014,
        "corrupt": false,
        "position_interpolated": true,
        "captured_at_utc": "2026-06-17T20:17:22.872065+00:00"
      },
      "geometry": {
        "type": "Point",
        "coordinates": [
          -114.01643205653399,
          46.697296823910996
        ]
      }
    },
    {
      "type": "Feature",
      "properties": {
        "file": "leg09_m025_b076_2026-06-17T14-17-23.jpg",
        "leg": "leg09",
        "mark_index": 25,
        "along_track_m": 25.0,
        "achieved_heading": 73.54281949008096,
        "target_bearing": 76.04512062356434,
        "fix_type": 6,
        "hacc_m": 0.014,
        "corrupt": false,
        "position_interpolated": true,
        "captured_at_utc": "2026-06-17T20:17:23.917744+00:00"
      },
      "geometry": {
        "type": "Point",
        "coordinates": [
          -114.01641959999999,
          46.6972988
        ]
      }
    },
    {
      "type": "Feature",
      "properties": {
        "file": "leg09_m026_b076_2026-06-17T14-17-24.jpg",
        "leg": "leg09",
        "mark_index": 26,
        "along_track_m": 26.0,
        "achieved_heading": 72.0853271983037,
        "target_bearing": 76.04512062356434,
        "fix_type": 6,
        "hacc_m": 0.014,
        "corrupt": false,
        "position_interpolated": true,
        "captured_at_utc": "2026-06-17T20:17:24.909167+00:00"
      },
      "geometry": {
        "type": "Point",
        "coordinates": [
          -114.01640839999999,
          46.6973012
        ]
      }
    },
    {
      "type": "Feature",
      "properties": {
        "file": "leg09_m027_b076_2026-06-17T14-17-26.jpg",
        "leg": "leg09",
        "mark_index": 27,
        "along_track_m": 27.0,
        "achieved_heading": 73.26301208324708,
        "target_bearing": 76.04512062356434,
        "fix_type": 6,
        "hacc_m": 0.014,
        "corrupt": false,
        "position_interpolated": true,
        "captured_at_utc": "2026-06-17T20:17:26.158673+00:00"
      },
      "geometry": {
        "type": "Point",
        "coordinates": [
          -114.0163941,
          46.6973037
        ]
      }
    },
    {
      "type": "Feature",
      "properties": {
        "file": "leg09_m028_b076_2026-06-17T14-17-27.jpg",
        "leg": "leg09",
        "mark_index": 28,
        "along_track_m": 28.0,
        "achieved_heading": 73.89083473921887,
        "target_bearing": 76.04512062356434,
        "fix_type": 6,
        "hacc_m": 0.014,
        "corrupt": false,
        "position_interpolated": true,
        "captured_at_utc": "2026-06-17T20:17:27.143622+00:00"
      },
      "geometry": {
        "type": "Point",
        "coordinates": [
          -114.0163824,
          46.6973056
        ]
      }
    },
    {
      "type": "Feature",
      "properties": {
        "file": "leg09_m029_b076_2026-06-17T14-17-28.jpg",
        "leg": "leg09",
        "mark_index": 29,
        "along_track_m": 29.0,
        "achieved_heading": 73.79089126919025,
        "target_bearing": 76.04512062356434,
        "fix_type": 6,
        "hacc_m": 0.014,
        "corrupt": false,
        "position_interpolated": true,
        "captured_at_utc": "2026-06-17T20:17:28.328251+00:00"
      },
      "geometry": {
        "type": "Point",
        "coordinates": [
          -114.0163688,
          46.6973078
        ]
      }
    },
    {
      "type": "Feature",
      "properties": {
        "file": "leg09_m030_b076_2026-06-17T14-17-29.jpg",
        "leg": "leg09",
        "mark_index": 30,
        "along_track_m": 30.0,
        "achieved_heading": 74.8369859117645,
        "target_bearing": 76.04512062356434,
        "fix_type": 6,
        "hacc_m": 0.014,
        "corrupt": false,
        "position_interpolated": true,
        "captured_at_utc": "2026-06-17T20:17:29.308616+00:00"
      },
      "geometry": {
        "type": "Point",
        "coordinates": [
          -114.01635669999999,
          46.6973096
        ]
      }
    },
    {
      "type": "Feature",
      "properties": {
        "file": "leg09_m031_b076_2026-06-17T14-17-30.jpg",
        "leg": "leg09",
        "mark_index": 31,
        "along_track_m": 31.0,
        "achieved_heading": 72.34717396639537,
        "target_bearing": 76.04512062356434,
        "fix_type": 6,
        "hacc_m": 0.014,
        "corrupt": false,
        "position_interpolated": true,
        "captured_at_utc": "2026-06-17T20:17:30.496634+00:00"
      },
      "geometry": {
        "type": "Point",
        "coordinates": [
          -114.01634288160072,
          46.69731225459982
        ]
      }
    },
    {
      "type": "Feature",
      "properties": {
        "file": "leg09_m032_b076_2026-06-17T14-17-31.jpg",
        "leg": "leg09",
        "mark_index": 32,
        "along_track_m": 32.0,
        "achieved_heading": 74.4963172792285,
        "target_bearing": 76.04512062356434,
        "fix_type": 6,
        "hacc_m": 0.014,
        "corrupt": false,
        "position_interpolated": true,
        "captured_at_utc": "2026-06-17T20:17:31.487608+00:00"
      },
      "geometry": {
        "type": "Point",
        "coordinates": [
          -114.01633113144868,
          46.69731407632509
        ]
      }
    },
    {
      "type": "Feature",
      "properties": {
        "file": "leg09_m033_b076_2026-06-17T14-17-32.jpg",
        "leg": "leg09",
        "mark_index": 33,
        "along_track_m": 33.0,
        "achieved_heading": 74.25746018029086,
        "target_bearing": 76.04512062356434,
        "fix_type": 6,
        "hacc_m": 0.014,
        "corrupt": false,
        "position_interpolated": true,
        "captured_at_utc": "2026-06-17T20:17:32.602864+00:00"
      },
      "geometry": {
        "type": "Point",
        "coordinates": [
          -114.01631859999999,
          46.6973159
        ]
      }
    },
    {
      "type": "Feature",
      "properties": {
        "file": "leg09_m034_b076_2026-06-17T14-17-33.jpg",
        "leg": "leg09",
        "mark_index": 34,
        "along_track_m": 34.0,
        "achieved_heading": 72.85473901725263,
        "target_bearing": 76.04512062356434,
        "fix_type": 6,
        "hacc_m": 0.014,
        "corrupt": false,
        "position_interpolated": true,
        "captured_at_utc": "2026-06-17T20:17:33.649613+00:00"
      },
      "geometry": {
        "type": "Point",
        "coordinates": [
          -114.01630474729657,
          46.69731788043254
        ]
      }
    },
    {
      "type": "Feature",
      "properties": {
        "file": "leg09_m035_b076_2026-06-17T14-17-34.jpg",
        "leg": "leg09",
        "mark_index": 35,
        "along_track_m": 35.0,
        "achieved_heading": 69.99951833988068,
        "target_bearing": 76.04512062356434,
        "fix_type": 6,
        "hacc_m": 0.014,
        "corrupt": false,
        "position_interpolated": true,
        "captured_at_utc": "2026-06-17T20:17:34.641007+00:00"
      },
      "geometry": {
        "type": "Point",
        "coordinates": [
          -114.01629321092533,
          46.69732006458565
        ]
      }
    },
    {
      "type": "Feature",
      "properties": {
        "file": "leg09_m036_b076_2026-06-17T14-17-35.jpg",
        "leg": "leg09",
        "mark_index": 36,
        "along_track_m": 36.0,
        "achieved_heading": 70.18674307266231,
        "target_bearing": 76.04512062356434,
        "fix_type": 6,
        "hacc_m": 0.014,
        "corrupt": false,
        "position_interpolated": true,
        "captured_at_utc": "2026-06-17T20:17:35.748917+00:00"
      },
      "geometry": {
        "type": "Point",
        "coordinates": [
          -114.0162806,
          46.6973226
        ]
      }
    },
    {
      "type": "Feature",
      "properties": {
        "file": "leg09_m037_b076_2026-06-17T14-17-36.jpg",
        "leg": "leg09",
        "mark_index": 37,
        "along_track_m": 37.0,
        "achieved_heading": 71.54371018584584,
        "target_bearing": 76.04512062356434,
        "fix_type": 6,
        "hacc_m": 0.014,
        "corrupt": false,
        "position_interpolated": true,
        "captured_at_utc": "2026-06-17T20:17:36.871626+00:00"
      },
      "geometry": {
        "type": "Point",
        "coordinates": [
          -114.01626704055143,
          46.697325226574755
        ]
      }
    },
    {
      "type": "Feature",
      "properties": {
        "file": "leg09_m038_b076_2026-06-17T14-17-38.jpg",
        "leg": "leg09",
        "mark_index": 38,
        "along_track_m": 38.0,
        "achieved_heading": 73.43241972699181,
        "target_bearing": 76.04512062356434,
        "fix_type": 6,
        "hacc_m": 0.014,
        "corrupt": false,
        "position_interpolated": true,
        "captured_at_utc": "2026-06-17T20:17:37.922854+00:00"
      },
      "geometry": {
        "type": "Point",
        "coordinates": [
          -114.0162543,
          46.6973275
        ]
      }
    },
    {
      "type": "Feature",
      "properties": {
        "file": "leg09_m039_b076_2026-06-17T14-17-38.jpg",
        "leg": "leg09",
        "mark_index": 39,
        "along_track_m": 39.0,
        "achieved_heading": 75.39354283136444,
        "target_bearing": 76.04512062356434,
        "fix_type": 6,
        "hacc_m": 0.014,
        "corrupt": false,
        "position_interpolated": true,
        "captured_at_utc": "2026-06-17T20:17:38.904039+00:00"
      },
      "geometry": {
        "type": "Point",
        "coordinates": [
          -114.01624254894583,
          46.697328596503866
        ]
      }
    },
    {
      "type": "Feature",
      "properties": {
        "file": "leg09_m040_b076_2026-06-17T14-17-40.jpg",
        "leg": "leg09",
        "mark_index": 40,
        "along_track_m": 40.0,
        "achieved_heading": 71.37594283143481,
        "target_bearing": 76.04512062356434,
        "fix_type": 6,
        "hacc_m": 0.014,
        "corrupt": false,
        "position_interpolated": true,
        "captured_at_utc": "2026-06-17T20:17:40.096021+00:00"
      },
      "geometry": {
        "type": "Point",
        "coordinates": [
          -114.01622839519824,
          46.697330872114534
        ]
      }
    },
    {
      "type": "Feature",
      "properties": {
        "file": "leg09_m041_b076_2026-06-17T14-17-41.jpg",
        "leg": "leg09",
        "mark_index": 41,
        "along_track_m": 41.0,
        "achieved_heading": 71.02359649969272,
        "target_bearing": 76.04512062356434,
        "fix_type": 6,
        "hacc_m": 0.014,
        "corrupt": false,
        "position_interpolated": true,
        "captured_at_utc": "2026-06-17T20:17:41.147329+00:00"
      },
      "geometry": {
        "type": "Point",
        "coordinates": [
          -114.0162163,
          46.697333199999996
        ]
      }
    },
    {
      "type": "Feature",
      "properties": {
        "file": "leg09_m042_b076_2026-06-17T14-17-42.jpg",
        "leg": "leg09",
        "mark_index": 42,
        "along_track_m": 42.0,
        "achieved_heading": 74.05281602515439,
        "target_bearing": 76.04512062356434,
        "fix_type": 6,
        "hacc_m": 0.014,
        "corrupt": false,
        "position_interpolated": true,
        "captured_at_utc": "2026-06-17T20:17:42.421554+00:00"
      },
      "geometry": {
        "type": "Point",
        "coordinates": [
          -114.0162021,
          46.6973357
        ]
      }
    },
    {
      "type": "Feature",
      "properties": {
        "file": "leg09_m043_b076_2026-06-17T14-17-43.jpg",
        "leg": "leg09",
        "mark_index": 43,
        "along_track_m": 43.0,
        "achieved_heading": 71.20157991665361,
        "target_bearing": 76.04512062356434,
        "fix_type": 6,
        "hacc_m": 0.014,
        "corrupt": false,
        "position_interpolated": true,
        "captured_at_utc": "2026-06-17T20:17:43.313818+00:00"
      },
      "geometry": {
        "type": "Point",
        "coordinates": [
          -114.01619129999999,
          46.6973378
        ]
      }
    },
    {
      "type": "Feature",
      "properties": {
        "file": "leg09_m044_b076_2026-06-17T14-17-44.jpg",
        "leg": "leg09",
        "mark_index": 44,
        "along_track_m": 44.0,
        "achieved_heading": 72.44650732411299,
        "target_bearing": 76.04512062356434,
        "fix_type": 6,
        "hacc_m": 0.014,
        "corrupt": false,
        "position_interpolated": true,
        "captured_at_utc": "2026-06-17T20:17:44.365381+00:00"
      },
      "geometry": {
        "type": "Point",
        "coordinates": [
          -114.01617909999999,
          46.69734
        ]
      }
    },
    {
      "type": "Feature",
      "properties": {
        "file": "leg09_m045_b076_2026-06-17T14-17-45.jpg",
        "leg": "leg09",
        "mark_index": 45,
        "along_track_m": 45.0,
        "achieved_heading": 72.63578210577312,
        "target_bearing": 76.04512062356434,
        "fix_type": 6,
        "hacc_m": 0.014,
        "corrupt": false,
        "position_interpolated": true,
        "captured_at_utc": "2026-06-17T20:17:45.478214+00:00"
      },
      "geometry": {
        "type": "Point",
        "coordinates": [
          -114.01616529028144,
          46.697342458531224
        ]
      }
    },
    {
      "type": "Feature",
      "properties": {
        "file": "leg09_m046_b076_2026-06-17T14-17-46.jpg",
        "leg": "leg09",
        "mark_index": 46,
        "along_track_m": 46.0,
        "achieved_heading": 73.53060892713013,
        "target_bearing": 76.04512062356434,
        "fix_type": 6,
        "hacc_m": 0.014,
        "corrupt": false,
        "position_interpolated": true,
        "captured_at_utc": "2026-06-17T20:17:46.551049+00:00"
      },
      "geometry": {
        "type": "Point",
        "coordinates": [
          -114.0161529,
          46.6973443
        ]
      }
    },
    {
      "type": "Feature",
      "properties": {
        "file": "leg09_m047_b076_2026-06-17T14-17-47.jpg",
        "leg": "leg09",
        "mark_index": 47,
        "along_track_m": 47.0,
        "achieved_heading": 72.39694340650709,
        "target_bearing": 76.04512062356434,
        "fix_type": 6,
        "hacc_m": 0.014,
        "corrupt": false,
        "position_interpolated": true,
        "captured_at_utc": "2026-06-17T20:17:47.651680+00:00"
      },
      "geometry": {
        "type": "Point",
        "coordinates": [
          -114.01613937001642,
          46.6973464223039
        ]
      }
    },
    {
      "type": "Feature",
      "properties": {
        "file": "leg09_m048_b076_2026-06-17T14-17-48.jpg",
        "leg": "leg09",
        "mark_index": 48,
        "along_track_m": 48.0,
        "achieved_heading": 71.87701171221268,
        "target_bearing": 76.04512062356434,
        "fix_type": 6,
        "hacc_m": 0.014,
        "corrupt": false,
        "position_interpolated": true,
        "captured_at_utc": "2026-06-17T20:17:48.772137+00:00"
      },
      "geometry": {
        "type": "Point",
        "coordinates": [
          -114.01612689999999,
          46.6973488
        ]
      }
    },
    {
      "type": "Feature",
      "properties": {
        "file": "leg09_m049_b076_2026-06-17T14-17-49.jpg",
        "leg": "leg09",
        "mark_index": 49,
        "along_track_m": 49.0,
        "achieved_heading": 72.77420327957192,
        "target_bearing": 76.04512062356434,
        "fix_type": 6,
        "hacc_m": 0.014,
        "corrupt": false,
        "position_interpolated": true,
        "captured_at_utc": "2026-06-17T20:17:49.754180+00:00"
      },
      "geometry": {
        "type": "Point",
        "coordinates": [
          -114.01611521447985,
          46.69735093241458
        ]
      }
    },
    {
      "type": "Feature",
      "properties": {
        "file": "leg09_m050_b076_2026-06-17T14-17-50.jpg",
        "leg": "leg09",
        "mark_index": 50,
        "along_track_m": 50.0,
        "achieved_heading": 73.72591599609511,
        "target_bearing": 76.04512062356434,
        "fix_type": 6,
        "hacc_m": 0.014,
        "corrupt": false,
        "position_interpolated": true,
        "captured_at_utc": "2026-06-17T20:17:50.948077+00:00"
      },
      "geometry": {
        "type": "Point",
        "coordinates": [
          -114.01610199999999,
          46.6973534
        ]
      }
    },
    {
      "type": "Feature",
      "properties": {
        "file": "leg09_m051_b076_2026-06-17T14-17-52.jpg",
        "leg": "leg09",
        "mark_index": 51,
        "along_track_m": 51.0,
        "achieved_heading": 75.45332832479417,
        "target_bearing": 76.04512062356434,
        "fix_type": 6,
        "hacc_m": 0.014,
        "corrupt": false,
        "position_interpolated": true,
        "captured_at_utc": "2026-06-17T20:17:52.142114+00:00"
      },
      "geometry": {
        "type": "Point",
        "coordinates": [
          -114.01608809999999,
          46.697355599999995
        ]
      }
    },
    {
      "type": "Feature",
      "properties": {
        "file": "leg09_m052_b076_2026-06-17T14-17-53.jpg",
        "leg": "leg09",
        "mark_index": 52,
        "along_track_m": 52.0,
        "achieved_heading": 73.30908311278837,
        "target_bearing": 76.04512062356434,
        "fix_type": 6,
        "hacc_m": 0.014,
        "corrupt": false,
        "position_interpolated": true,
        "captured_at_utc": "2026-06-17T20:17:53.139781+00:00"
      },
      "geometry": {
        "type": "Point",
        "coordinates": [
          -114.0160765,
          46.6973573
        ]
      }
    },
    {
      "type": "Feature",
      "properties": {
        "file": "leg09_m053_b076_2026-06-17T14-17-54.jpg",
        "leg": "leg09",
        "mark_index": 53,
        "along_track_m": 53.0,
        "achieved_heading": 71.6511669121071,
        "target_bearing": 76.04512062356434,
        "fix_type": 6,
        "hacc_m": 0.014,
        "corrupt": false,
        "position_interpolated": true,
        "captured_at_utc": "2026-06-17T20:17:54.160841+00:00"
      },
      "geometry": {
        "type": "Point",
        "coordinates": [
          -114.01606459999999,
          46.697359299999995
        ]
      }
    },
    {
      "type": "Feature",
      "properties": {
        "file": "leg09_m054_b076_2026-06-17T14-17-55.jpg",
        "leg": "leg09",
        "mark_index": 54,
        "along_track_m": 54.0,
        "achieved_heading": 71.71698717466985,
        "target_bearing": 76.04512062356434,
        "fix_type": 6,
        "hacc_m": 0.014,
        "corrupt": false,
        "position_interpolated": true,
        "captured_at_utc": "2026-06-17T20:17:55.291824+00:00"
      },
      "geometry": {
        "type": "Point",
        "coordinates": [
          -114.01605044861755,
          46.69736184820467
        ]
      }
    },
    {
      "type": "Feature",
      "properties": {
        "file": "leg09_m055_b076_2026-06-17T14-17-56.jpg",
        "leg": "leg09",
        "mark_index": 55,
        "along_track_m": 55.0,
        "achieved_heading": 72.93251398886659,
        "target_bearing": 76.04512062356434,
        "fix_type": 6,
        "hacc_m": 0.014,
        "corrupt": false,
        "position_interpolated": true,
        "captured_at_utc": "2026-06-17T20:17:56.349316+00:00"
      },
      "geometry": {
        "type": "Point",
        "coordinates": [
          -114.01603809999999,
          46.697363599999996
        ]
      }
    },
    {
      "type": "Feature",
      "properties": {
        "file": "leg09_m056_b076_2026-06-17T14-17-57.jpg",
        "leg": "leg09",
        "mark_index": 56,
        "along_track_m": 56.0,
        "achieved_heading": 72.02663889684148,
        "target_bearing": 76.04512062356434,
        "fix_type": 6,
        "hacc_m": 0.014,
        "corrupt": false,
        "position_interpolated": true,
        "captured_at_utc": "2026-06-17T20:17:57.060238+00:00"
      },
      "geometry": {
        "type": "Point",
        "coordinates": [
          -114.0160297209578,
          46.69736501532393
        ]
      }
    },
    {
      "type": "Feature",
      "properties": {
        "file": "leg09_m058_b076_2026-06-17T14-18-03.jpg",
        "leg": "leg09",
        "mark_index": 58,
        "along_track_m": 58.0,
        "achieved_heading": 69.69456333118876,
        "target_bearing": 76.04512062356434,
        "fix_type": 6,
        "hacc_m": 0.014,
        "corrupt": false,
        "position_interpolated": true,
        "captured_at_utc": "2026-06-17T20:18:03.052614+00:00"
      },
      "geometry": {
        "type": "Point",
        "coordinates": [
          -114.0159992,
          46.6973711
        ]
      }
    },
    {
      "type": "Feature",
      "properties": {
        "file": "leg09_m059_b076_2026-06-17T14-18-05.jpg",
        "leg": "leg09",
        "mark_index": 59,
        "along_track_m": 59.0,
        "achieved_heading": 73.24679109778626,
        "target_bearing": 76.04512062356434,
        "fix_type": 6,
        "hacc_m": 0.014,
        "corrupt": false,
        "position_interpolated": true,
        "captured_at_utc": "2026-06-17T20:18:05.155777+00:00"
      },
      "geometry": {
        "type": "Point",
        "coordinates": [
          -114.0159869,
          46.6973734
        ]
      }
    },
    {
      "type": "Feature",
      "properties": {
        "file": "leg09_m060_b076_2026-06-17T14-18-06.jpg",
        "leg": "leg09",
        "mark_index": 60,
        "along_track_m": 60.0,
        "achieved_heading": 75.82705023272943,
        "target_bearing": 76.04512062356434,
        "fix_type": 6,
        "hacc_m": 0.014,
        "corrupt": false,
        "position_interpolated": true,
        "captured_at_utc": "2026-06-17T20:18:06.135095+00:00"
      },
      "geometry": {
        "type": "Point",
        "coordinates": [
          -114.0159752,
          46.697375099999995
        ]
      }
    },
    {
      "type": "Feature",
      "properties": {
        "file": "leg09_m061_b076_2026-06-17T14-18-07.jpg",
        "leg": "leg09",
        "mark_index": 61,
        "along_track_m": 61.0,
        "achieved_heading": 77.23280440853755,
        "target_bearing": 76.04512062356434,
        "fix_type": 6,
        "hacc_m": 0.014,
        "corrupt": false,
        "position_interpolated": true,
        "captured_at_utc": "2026-06-17T20:18:07.254053+00:00"
      },
      "geometry": {
        "type": "Point",
        "coordinates": [
          -114.01596198714454,
          46.697376641693
        ]
      }
    },
    {
      "type": "Feature",
      "properties": {
        "file": "leg09_m062_b076_2026-06-17T14-18-08.jpg",
        "leg": "leg09",
        "mark_index": 62,
        "along_track_m": 62.0,
        "achieved_heading": 78.67384312428976,
        "target_bearing": 76.04512062356434,
        "fix_type": 6,
        "hacc_m": 0.014,
        "corrupt": false,
        "position_interpolated": true,
        "captured_at_utc": "2026-06-17T20:18:08.374581+00:00"
      },
      "geometry": {
        "type": "Point",
        "coordinates": [
          -114.0159498,
          46.6973779
        ]
      }
    }
  ]
}