{
  "type": "FeatureCollection",
  "name": "captures",
  "crs": {
    "type": "name",
    "properties": {
      "name": "urn:ogc:def:crs:OGC:1.3:CRS84"
    }
  },
  "features": [
    {
      "type": "Feature",
      "properties": {
        "file": "leg01_m000_b020_2026-06-16T11-30-25.jpg",
        "leg": "leg01",
        "mark_index": 0,
        "along_track_m": 0.0,
        "achieved_heading": 17.252956407200145,
        "target_bearing": 20.07275696369129,
        "fix_type": 6,
        "hacc_m": 0.014,
        "corrupt": false,
        "position_interpolated": true,
        "captured_at_utc": "2026-06-16T17:30:25.171530+00:00"
      },
      "geometry": {
        "type": "Point",
        "coordinates": [
          -114.0050476391249,
          46.67525043564996
        ]
      }
    },
    {
      "type": "Feature",
      "properties": {
        "file": "leg01_m001_b020_2026-06-16T11-30-27.jpg",
        "leg": "leg01",
        "mark_index": 1,
        "along_track_m": 1.0,
        "achieved_heading": 12.684592019283542,
        "target_bearing": 20.07275696369129,
        "fix_type": 6,
        "hacc_m": 0.014,
        "corrupt": false,
        "position_interpolated": true,
        "captured_at_utc": "2026-06-16T17:30:26.938328+00:00"
      },
      "geometry": {
        "type": "Point",
        "coordinates": [
          -114.00504634175356,
          46.67525934241026
        ]
      }
    },
    {
      "type": "Feature",
      "properties": {
        "file": "leg01_m002_b020_2026-06-16T11-30-28.jpg",
        "leg": "leg01",
        "mark_index": 2,
        "along_track_m": 2.0,
        "achieved_heading": 25.403452930274625,
        "target_bearing": 20.07275696369129,
        "fix_type": 6,
        "hacc_m": 0.014,
        "corrupt": false,
        "position_interpolated": true,
        "captured_at_utc": "2026-06-16T17:30:28.022184+00:00"
      },
      "geometry": {
        "type": "Point",
        "coordinates": [
          -114.0050441719873,
          46.67526872631385
        ]
      }
    },
    {
      "type": "Feature",
      "properties": {
        "file": "leg01_m003_b020_2026-06-16T11-30-29.jpg",
        "leg": "leg01",
        "mark_index": 3,
        "along_track_m": 3.0,
        "achieved_heading": 35.04581696031076,
        "target_bearing": 20.07275696369129,
        "fix_type": 6,
        "hacc_m": 0.014,
        "corrupt": false,
        "position_interpolated": true,
        "captured_at_utc": "2026-06-16T17:30:29.020052+00:00"
      },
      "geometry": {
        "type": "Point",
        "coordinates": [
          -114.00503958133383,
          46.67527641866616
        ]
      }
    },
    {
      "type": "Feature",
      "properties": {
        "file": "leg01_m004_b020_2026-06-16T11-30-30.jpg",
        "leg": "leg01",
        "mark_index": 4,
        "along_track_m": 4.0,
        "achieved_heading": 38.07435727381326,
        "target_bearing": 20.07275696369129,
        "fix_type": 6,
        "hacc_m": 0.014,
        "corrupt": false,
        "position_interpolated": true,
        "captured_at_utc": "2026-06-16T17:30:30.049054+00:00"
      },
      "geometry": {
        "type": "Point",
        "coordinates": [
          -114.00503285196949,
          46.67528410456587
        ]
      }
    },
    {
      "type": "Feature",
      "properties": {
        "file": "leg01_m005_b020_2026-06-16T11-30-31.jpg",
        "leg": "leg01",
        "mark_index": 5,
        "along_track_m": 5.0,
        "achieved_heading": 33.05771070698634,
        "target_bearing": 20.07275696369129,
        "fix_type": 6,
        "hacc_m": 0.014,
        "corrupt": false,
        "position_interpolated": true,
        "captured_at_utc": "2026-06-16T17:30:31.044597+00:00"
      },
      "geometry": {
        "type": "Point",
        "coordinates": [
          -114.00502656419364,
          46.67529160920809
        ]
      }
    },
    {
      "type": "Feature",
      "properties": {
        "file": "leg01_m006_b020_2026-06-16T11-30-32.jpg",
        "leg": "leg01",
        "mark_index": 6,
        "along_track_m": 6.0,
        "achieved_heading": 29.157622360275894,
        "target_bearing": 20.07275696369129,
        "fix_type": 6,
        "hacc_m": 0.014,
        "corrupt": false,
        "position_interpolated": true,
        "captured_at_utc": "2026-06-16T17:30:32.535872+00:00"
      },
      "geometry": {
        "type": "Point",
        "coordinates": [
          -114.00501949999999,
          46.6753031
        ]
      }
    },
    {
      "type": "Feature",
      "properties": {
        "file": "leg01_m007_b020_2026-06-16T11-30-33.jpg",
        "leg": "leg01",
        "mark_index": 7,
        "along_track_m": 7.0,
        "achieved_heading": 28.94083709516272,
        "target_bearing": 20.07275696369129,
        "fix_type": 6,
        "hacc_m": 0.014,
        "corrupt": false,
        "position_interpolated": true,
        "captured_at_utc": "2026-06-16T17:30:33.224113+00:00"
      },
      "geometry": {
        "type": "Point",
        "coordinates": [
          -114.00501642972979,
          46.6753087405404
        ]
      }
    },
    {
      "type": "Feature",
      "properties": {
        "file": "leg01_m008_b020_2026-06-16T11-30-34.jpg",
        "leg": "leg01",
        "mark_index": 8,
        "along_track_m": 8.0,
        "achieved_heading": 28.38369293517752,
        "target_bearing": 20.07275696369129,
        "fix_type": 6,
        "hacc_m": 0.014,
        "corrupt": false,
        "position_interpolated": true,
        "captured_at_utc": "2026-06-16T17:30:34.426256+00:00"
      },
      "geometry": {
        "type": "Point",
        "coordinates": [
          -114.00501134741879,
          46.67531810516242
        ]
      }
    },
    {
      "type": "Feature",
      "properties": {
        "file": "leg01_m009_b020_2026-06-16T11-30-35.jpg",
        "leg": "leg01",
        "mark_index": 9,
        "along_track_m": 9.0,
        "achieved_heading": 28.469846251942926,
        "target_bearing": 20.07275696369129,
        "fix_type": 6,
        "hacc_m": 0.014,
        "corrupt": false,
        "position_interpolated": true,
        "captured_at_utc": "2026-06-16T17:30:35.451002+00:00"
      },
      "geometry": {
        "type": "Point",
        "coordinates": [
          -114.00500657860219,
          46.67532618944331
        ]
      }
    },
    {
      "type": "Feature",
      "properties": {
        "file": "leg01_m010_b020_2026-06-16T11-30-36.jpg",
        "leg": "leg01",
        "mark_index": 10,
        "along_track_m": 10.0,
        "achieved_heading": 27.69800592882308,
        "target_bearing": 20.07275696369129,
        "fix_type": 6,
        "hacc_m": 0.014,
        "corrupt": false,
        "position_interpolated": true,
        "captured_at_utc": "2026-06-16T17:30:36.599360+00:00"
      },
      "geometry": {
        "type": "Point",
        "coordinates": [
          -114.00500168946152,
          46.675335112388474
        ]
      }
    },
    {
      "type": "Feature",
      "properties": {
        "file": "leg01_m011_b020_2026-06-16T11-30-37.jpg",
        "leg": "leg01",
        "mark_index": 11,
        "along_track_m": 11.0,
        "achieved_heading": 26.826118305519373,
        "target_bearing": 20.07275696369129,
        "fix_type": 6,
        "hacc_m": 0.014,
        "corrupt": false,
        "position_interpolated": true,
        "captured_at_utc": "2026-06-16T17:30:37.580575+00:00"
      },
      "geometry": {
        "type": "Point",
        "coordinates": [
          -114.00499726170455,
          46.67534302363637
        ]
      }
    },
    {
      "type": "Feature",
      "properties": {
        "file": "leg01_m012_b020_2026-06-16T11-30-38.jpg",
        "leg": "leg01",
        "mark_index": 12,
        "along_track_m": 12.0,
        "achieved_heading": 26.614019154656546,
        "target_bearing": 20.07275696369129,
        "fix_type": 6,
        "hacc_m": 0.014,
        "corrupt": false,
        "position_interpolated": true,
        "captured_at_utc": "2026-06-16T17:30:38.650489+00:00"
      },
      "geometry": {
        "type": "Point",
        "coordinates": [
          -114.0049926069625,
          46.67535125707276
        ]
      }
    },
    {
      "type": "Feature",
      "properties": {
        "file": "leg01_m015_b020_2026-06-16T11-30-54.jpg",
        "leg": "leg01",
        "mark_index": 15,
        "along_track_m": 15.0,
        "achieved_heading": 23.1331875457239,
        "target_bearing": 20.07275696369129,
        "fix_type": 6,
        "hacc_m": 0.014,
        "corrupt": false,
        "position_interpolated": true,
        "captured_at_utc": "2026-06-16T17:30:54.526052+00:00"
      },
      "geometry": {
        "type": "Point",
        "coordinates": [
          -114.00497888992514,
          46.6753801
        ]
      }
    },
    {
      "type": "Feature",
      "properties": {
        "file": "leg01_m016_b020_2026-06-16T11-30-55.jpg",
        "leg": "leg01",
        "mark_index": 16,
        "along_track_m": 16.0,
        "achieved_heading": 21.5670074127338,
        "target_bearing": 20.07275696369129,
        "fix_type": 6,
        "hacc_m": 0.014,
        "corrupt": false,
        "position_interpolated": true,
        "captured_at_utc": "2026-06-16T17:30:55.638438+00:00"
      },
      "geometry": {
        "type": "Point",
        "coordinates": [
          -114.00497655966312,
          46.67538543571585
        ]
      }
    },
    {
      "type": "Feature",
      "properties": {
        "file": "leg01_m017_b020_2026-06-16T11-30-56.jpg",
        "leg": "leg01",
        "mark_index": 17,
        "along_track_m": 17.0,
        "achieved_heading": 25.909089458578308,
        "target_bearing": 20.07275696369129,
        "fix_type": 6,
        "hacc_m": 0.014,
        "corrupt": false,
        "position_interpolated": true,
        "captured_at_utc": "2026-06-16T17:30:56.760531+00:00"
      },
      "geometry": {
        "type": "Point",
        "coordinates": [
          -114.00497233340957,
          46.67539421946431
        ]
      }
    },
    {
      "type": "Feature",
      "properties": {
        "file": "leg01_m018_b020_2026-06-16T11-30-57.jpg",
        "leg": "leg01",
        "mark_index": 18,
        "along_track_m": 18.0,
        "achieved_heading": 27.28011981677264,
        "target_bearing": 20.07275696369129,
        "fix_type": 6,
        "hacc_m": 0.014,
        "corrupt": false,
        "position_interpolated": true,
        "captured_at_utc": "2026-06-16T17:30:57.828186+00:00"
      },
      "geometry": {
        "type": "Point",
        "coordinates": [
          -114.00496775517333,
          46.6754025389143
        ]
      }
    },
    {
      "type": "Feature",
      "properties": {
        "file": "leg01_m019_b020_2026-06-16T11-30-59.jpg",
        "leg": "leg01",
        "mark_index": 19,
        "along_track_m": 19.0,
        "achieved_heading": 26.58275511214859,
        "target_bearing": 20.07275696369129,
        "fix_type": 6,
        "hacc_m": 0.014,
        "corrupt": false,
        "position_interpolated": true,
        "captured_at_utc": "2026-06-16T17:30:58.937163+00:00"
      },
      "geometry": {
        "type": "Point",
        "coordinates": [
          -114.00496306087916,
          46.67541076954814
        ]
      }
    },
    {
      "type": "Feature",
      "properties": {
        "file": "leg01_m020_b020_2026-06-16T11-31-00.jpg",
        "leg": "leg01",
        "mark_index": 20,
        "along_track_m": 20.0,
        "achieved_heading": 27.96187185906669,
        "target_bearing": 20.07275696369129,
        "fix_type": 6,
        "hacc_m": 0.014,
        "corrupt": false,
        "position_interpolated": true,
        "captured_at_utc": "2026-06-16T17:31:00.038494+00:00"
      },
      "geometry": {
        "type": "Point",
        "coordinates": [
          -114.00495776511652,
          46.67541927558105
        ]
      }
    },
    {
      "type": "Feature",
      "properties": {
        "file": "leg01_m021_b020_2026-06-16T11-31-01.jpg",
        "leg": "leg01",
        "mark_index": 21,
        "along_track_m": 21.0,
        "achieved_heading": 28.961986838479476,
        "target_bearing": 20.07275696369129,
        "fix_type": 6,
        "hacc_m": 0.014,
        "corrupt": false,
        "position_interpolated": true,
        "captured_at_utc": "2026-06-16T17:31:01.040644+00:00"
      },
      "geometry": {
        "type": "Point",
        "coordinates": [
          -114.00495288291243,
          46.675426834175134
        ]
      }
    },
    {
      "type": "Feature",
      "properties": {
        "file": "leg01_m022_b020_2026-06-16T11-31-02.jpg",
        "leg": "leg01",
        "mark_index": 22,
        "along_track_m": 22.0,
        "achieved_heading": 26.08955702710142,
        "target_bearing": 20.07275696369129,
        "fix_type": 6,
        "hacc_m": 0.014,
        "corrupt": false,
        "position_interpolated": true,
        "captured_at_utc": "2026-06-16T17:31:02.235435+00:00"
      },
      "geometry": {
        "type": "Point",
        "coordinates": [
          -114.00494727086601,
          46.67543605826796
        ]
      }
    },
    {
      "type": "Feature",
      "properties": {
        "file": "leg01_m023_b020_2026-06-16T11-31-03.jpg",
        "leg": "leg01",
        "mark_index": 23,
        "along_track_m": 23.0,
        "achieved_heading": 23.246455671072454,
        "target_bearing": 20.07275696369129,
        "fix_type": 6,
        "hacc_m": 0.014,
        "corrupt": false,
        "position_interpolated": true,
        "captured_at_utc": "2026-06-16T17:31:03.273808+00:00"
      },
      "geometry": {
        "type": "Point",
        "coordinates": [
          -114.00494279222345,
          46.675444215553114
        ]
      }
    },
    {
      "type": "Feature",
      "properties": {
        "file": "leg01_m024_b020_2026-06-16T11-31-04.jpg",
        "leg": "leg01",
        "mark_index": 24,
        "along_track_m": 24.0,
        "achieved_heading": 23.810644440586685,
        "target_bearing": 20.07275696369129,
        "fix_type": 6,
        "hacc_m": 0.014,
        "corrupt": false,
        "position_interpolated": true,
        "captured_at_utc": "2026-06-16T17:31:04.390431+00:00"
      },
      "geometry": {
        "type": "Point",
        "coordinates": [
          -114.00493845504191,
          46.67545314668827
        ]
      }
    },
    {
      "type": "Feature",
      "properties": {
        "file": "leg01_m025_b020_2026-06-16T11-31-05.jpg",
        "leg": "leg01",
        "mark_index": 25,
        "along_track_m": 25.0,
        "achieved_heading": 26.189498810204867,
        "target_bearing": 20.07275696369129,
        "fix_type": 6,
        "hacc_m": 0.014,
        "corrupt": false,
        "position_interpolated": true,
        "captured_at_utc": "2026-06-16T17:31:05.373961+00:00"
      },
      "geometry": {
        "type": "Point",
        "coordinates": [
          -114.00493431501849,
          46.67546102885602
        ]
      }
    },
    {
      "type": "Feature",
      "properties": {
        "file": "leg01_m026_b020_2026-06-16T11-31-06.jpg",
        "leg": "leg01",
        "mark_index": 26,
        "along_track_m": 26.0,
        "achieved_heading": 26.57712585780496,
        "target_bearing": 20.07275696369129,
        "fix_type": 6,
        "hacc_m": 0.014,
        "corrupt": false,
        "position_interpolated": true,
        "captured_at_utc": "2026-06-16T17:31:06.426741+00:00"
      },
      "geometry": {
        "type": "Point",
        "coordinates": [
          -114.00492980714588,
          46.67546934205775
        ]
      }
    },
    {
      "type": "Feature",
      "properties": {
        "file": "leg01_m027_b020_2026-06-16T11-31-07.jpg",
        "leg": "leg01",
        "mark_index": 27,
        "along_track_m": 27.0,
        "achieved_heading": 27.60845819627454,
        "target_bearing": 20.07275696369129,
        "fix_type": 6,
        "hacc_m": 0.014,
        "corrupt": false,
        "position_interpolated": true,
        "captured_at_utc": "2026-06-16T17:31:07.472558+00:00"
      },
      "geometry": {
        "type": "Point",
        "coordinates": [
          -114.00492499469495,
          46.675477657957565
        ]
      }
    },
    {
      "type": "Feature",
      "properties": {
        "file": "leg01_m028_b020_2026-06-16T11-31-08.jpg",
        "leg": "leg01",
        "mark_index": 28,
        "along_track_m": 28.0,
        "achieved_heading": 25.532288722517677,
        "target_bearing": 20.07275696369129,
        "fix_type": 6,
        "hacc_m": 0.014,
        "corrupt": false,
        "position_interpolated": true,
        "captured_at_utc": "2026-06-16T17:31:08.430765+00:00"
      },
      "geometry": {
        "type": "Point",
        "coordinates": [
          -114.00492044531119,
          46.67548521365366
        ]
      }
    },
    {
      "type": "Feature",
      "properties": {
        "file": "leg01_m029_b020_2026-06-16T11-31-09.jpg",
        "leg": "leg01",
        "mark_index": 29,
        "along_track_m": 29.0,
        "achieved_heading": 24.16501991083672,
        "target_bearing": 20.07275696369129,
        "fix_type": 6,
        "hacc_m": 0.014,
        "corrupt": false,
        "position_interpolated": true,
        "captured_at_utc": "2026-06-16T17:31:09.644133+00:00"
      },
      "geometry": {
        "type": "Point",
        "coordinates": [
          -114.00491504536971,
          46.6754948387742
        ]
      }
    },
    {
      "type": "Feature",
      "properties": {
        "file": "leg01_m030_b020_2026-06-16T11-31-10.jpg",
        "leg": "leg01",
        "mark_index": 30,
        "along_track_m": 30.0,
        "achieved_heading": 23.50285857430717,
        "target_bearing": 20.07275696369129,
        "fix_type": 6,
        "hacc_m": 0.014,
        "corrupt": false,
        "position_interpolated": true,
        "captured_at_utc": "2026-06-16T17:31:10.682980+00:00"
      },
      "geometry": {
        "type": "Point",
        "coordinates": [
          -114.00491103242325,
          46.67550296420639
        ]
      }
    },
    {
      "type": "Feature",
      "properties": {
        "file": "leg01_m031_b020_2026-06-16T11-31-11.jpg",
        "leg": "leg01",
        "mark_index": 31,
        "along_track_m": 31.0,
        "achieved_heading": 25.167767438293254,
        "target_bearing": 20.07275696369129,
        "fix_type": 6,
        "hacc_m": 0.014,
        "corrupt": false,
        "position_interpolated": true,
        "captured_at_utc": "2026-06-16T17:31:11.804854+00:00"
      },
      "geometry": {
        "type": "Point",
        "coordinates": [
          -114.00490663711876,
          46.675511888952904
        ]
      }
    },
    {
      "type": "Feature",
      "properties": {
        "file": "leg01_m032_b020_2026-06-16T11-31-12.jpg",
        "leg": "leg01",
        "mark_index": 32,
        "along_track_m": 32.0,
        "achieved_heading": 26.518903682061648,
        "target_bearing": 20.07275696369129,
        "fix_type": 6,
        "hacc_m": 0.014,
        "corrupt": false,
        "position_interpolated": true,
        "captured_at_utc": "2026-06-16T17:31:12.864286+00:00"
      },
      "geometry": {
        "type": "Point",
        "coordinates": [
          -114.00490187670461,
          46.675520297727175
        ]
      }
    },
    {
      "type": "Feature",
      "properties": {
        "file": "leg01_m033_b020_2026-06-16T11-31-14.jpg",
        "leg": "leg01",
        "mark_index": 33,
        "along_track_m": 33.0,
        "achieved_heading": 27.049610119717556,
        "target_bearing": 20.07275696369129,
        "fix_type": 6,
        "hacc_m": 0.014,
        "corrupt": false,
        "position_interpolated": true,
        "captured_at_utc": "2026-06-16T17:31:13.905900+00:00"
      },
      "geometry": {
        "type": "Point",
        "coordinates": [
          -114.00489722756478,
          46.67552849533676
        ]
      }
    },
    {
      "type": "Feature",
      "properties": {
        "file": "leg01_m034_b020_2026-06-16T11-31-15.jpg",
        "leg": "leg01",
        "mark_index": 34,
        "along_track_m": 34.0,
        "achieved_heading": 24.657219641980532,
        "target_bearing": 20.07275696369129,
        "fix_type": 6,
        "hacc_m": 0.014,
        "corrupt": false,
        "position_interpolated": true,
        "captured_at_utc": "2026-06-16T17:31:14.856115+00:00"
      },
      "geometry": {
        "type": "Point",
        "coordinates": [
          -114.00489313868701,
          46.67553564306363
        ]
      }
    },
    {
      "type": "Feature",
      "properties": {
        "file": "leg01_m036_b020_2026-06-16T11-31-23.jpg",
        "leg": "leg01",
        "mark_index": 36,
        "along_track_m": 36.0,
        "achieved_heading": 20.33082741821326,
        "target_bearing": 20.07275696369129,
        "fix_type": 6,
        "hacc_m": 0.014,
        "corrupt": false,
        "position_interpolated": true,
        "captured_at_utc": "2026-06-16T17:31:23.298166+00:00"
      },
      "geometry": {
        "type": "Point",
        "coordinates": [
          -114.0048817901069,
          46.67555898021381
        ]
      }
    },
    {
      "type": "Feature",
      "properties": {
        "file": "leg01_m037_b020_2026-06-16T11-31-24.jpg",
        "leg": "leg01",
        "mark_index": 37,
        "along_track_m": 37.0,
        "achieved_heading": 21.380685422723843,
        "target_bearing": 20.07275696369129,
        "fix_type": 6,
        "hacc_m": 0.014,
        "corrupt": false,
        "position_interpolated": true,
        "captured_at_utc": "2026-06-16T17:31:24.221247+00:00"
      },
      "geometry": {
        "type": "Point",
        "coordinates": [
          -114.00488058300893,
          46.67556279341794
        ]
      }
    },
    {
      "type": "Feature",
      "properties": {
        "file": "leg01_m038_b020_2026-06-16T11-31-25.jpg",
        "leg": "leg01",
        "mark_index": 38,
        "along_track_m": 38.0,
        "achieved_heading": 25.95134164182096,
        "target_bearing": 20.07275696369129,
        "fix_type": 6,
        "hacc_m": 0.014,
        "corrupt": false,
        "position_interpolated": true,
        "captured_at_utc": "2026-06-16T17:31:25.248471+00:00"
      },
      "geometry": {
        "type": "Point",
        "coordinates": [
          -114.00487614726049,
          46.67557116207145
        ]
      }
    },
    {
      "type": "Feature",
      "properties": {
        "file": "leg01_m039_b020_2026-06-16T11-31-26.jpg",
        "leg": "leg01",
        "mark_index": 39,
        "along_track_m": 39.0,
        "achieved_heading": 27.234496945796053,
        "target_bearing": 20.07275696369129,
        "fix_type": 6,
        "hacc_m": 0.014,
        "corrupt": false,
        "position_interpolated": true,
        "captured_at_utc": "2026-06-16T17:31:26.405736+00:00"
      },
      "geometry": {
        "type": "Point",
        "coordinates": [
          -114.00487112232256,
          46.67557989006456
        ]
      }
    },
    {
      "type": "Feature",
      "properties": {
        "file": "leg01_m040_b020_2026-06-16T11-31-27.jpg",
        "leg": "leg01",
        "mark_index": 40,
        "along_track_m": 40.0,
        "achieved_heading": 25.916091047640123,
        "target_bearing": 20.07275696369129,
        "fix_type": 6,
        "hacc_m": 0.014,
        "corrupt": false,
        "position_interpolated": true,
        "captured_at_utc": "2026-06-16T17:31:27.395170+00:00"
      },
      "geometry": {
        "type": "Point",
        "coordinates": [
          -114.0048663766273,
          46.67558778505902
        ]
      }
    },
    {
      "type": "Feature",
      "properties": {
        "file": "leg01_m041_b020_2026-06-16T11-31-28.jpg",
        "leg": "leg01",
        "mark_index": 41,
        "along_track_m": 41.0,
        "achieved_heading": 23.99678746107932,
        "target_bearing": 20.07275696369129,
        "fix_type": 6,
        "hacc_m": 0.014,
        "corrupt": false,
        "position_interpolated": true,
        "captured_at_utc": "2026-06-16T17:31:28.337759+00:00"
      },
      "geometry": {
        "type": "Point",
        "coordinates": [
          -114.00486218832499,
          46.675594923350005
        ]
      }
    },
    {
      "type": "Feature",
      "properties": {
        "file": "leg01_m042_b020_2026-06-16T11-31-29.jpg",
        "leg": "leg01",
        "mark_index": 42,
        "along_track_m": 42.0,
        "achieved_heading": 22.985902807989675,
        "target_bearing": 20.07275696369129,
        "fix_type": 6,
        "hacc_m": 0.014,
        "corrupt": false,
        "position_interpolated": true,
        "captured_at_utc": "2026-06-16T17:31:29.441958+00:00"
      },
      "geometry": {
        "type": "Point",
        "coordinates": [
          -114.00485756663035,
          46.67560381409049
        ]
      }
    },
    {
      "type": "Feature",
      "properties": {
        "file": "leg01_m043_b020_2026-06-16T11-31-30.jpg",
        "leg": "leg01",
        "mark_index": 43,
        "along_track_m": 43.0,
        "achieved_heading": 24.074757995859187,
        "target_bearing": 20.07275696369129,
        "fix_type": 6,
        "hacc_m": 0.014,
        "corrupt": false,
        "position_interpolated": true,
        "captured_at_utc": "2026-06-16T17:31:30.611119+00:00"
      },
      "geometry": {
        "type": "Point",
        "coordinates": [
          -114.00485242686513,
          46.67561326771503
        ]
      }
    },
    {
      "type": "Feature",
      "properties": {
        "file": "leg01_m044_b020_2026-06-16T11-31-31.jpg",
        "leg": "leg01",
        "mark_index": 44,
        "along_track_m": 44.0,
        "achieved_heading": 22.951584799928014,
        "target_bearing": 20.07275696369129,
        "fix_type": 6,
        "hacc_m": 0.014,
        "corrupt": false,
        "position_interpolated": true,
        "captured_at_utc": "2026-06-16T17:31:31.633801+00:00"
      },
      "geometry": {
        "type": "Point",
        "coordinates": [
          -114.00484818648954,
          46.675621478709715
        ]
      }
    },
    {
      "type": "Feature",
      "properties": {
        "file": "leg01_m045_b020_2026-06-16T11-31-32.jpg",
        "leg": "leg01",
        "mark_index": 45,
        "along_track_m": 45.0,
        "achieved_heading": 22.40148045491415,
        "target_bearing": 20.07275696369129,
        "fix_type": 6,
        "hacc_m": 0.014,
        "corrupt": false,
        "position_interpolated": true,
        "captured_at_utc": "2026-06-16T17:31:32.820963+00:00"
      },
      "geometry": {
        "type": "Point",
        "coordinates": [
          -114.00484314902842,
          46.67563044581461
        ]
      }
    },
    {
      "type": "Feature",
      "properties": {
        "file": "leg01_m046_b020_2026-06-16T11-31-33.jpg",
        "leg": "leg01",
        "mark_index": 46,
        "along_track_m": 46.0,
        "achieved_heading": 23.635951545567025,
        "target_bearing": 20.07275696369129,
        "fix_type": 6,
        "hacc_m": 0.014,
        "corrupt": false,
        "position_interpolated": true,
        "captured_at_utc": "2026-06-16T17:31:33.660403+00:00"
      },
      "geometry": {
        "type": "Point",
        "coordinates": [
          -114.00483982714067,
          46.67563724837266
        ]
      }
    },
    {
      "type": "Feature",
      "properties": {
        "file": "leg01_m049_b020_2026-06-16T11-31-50.jpg",
        "leg": "leg01",
        "mark_index": 49,
        "along_track_m": 49.0,
        "achieved_heading": 21.415629123732543,
        "target_bearing": 20.07275696369129,
        "fix_type": 6,
        "hacc_m": 0.014,
        "corrupt": false,
        "position_interpolated": true,
        "captured_at_utc": "2026-06-16T17:31:50.531796+00:00"
      },
      "geometry": {
        "type": "Point",
        "coordinates": [
          -114.00482672681785,
          46.675666899999996
        ]
      }
    },
    {
      "type": "Feature",
      "properties": {
        "file": "leg01_m050_b020_2026-06-16T11-31-51.jpg",
        "leg": "leg01",
        "mark_index": 50,
        "along_track_m": 50.0,
        "achieved_heading": 24.894651321780174,
        "target_bearing": 20.07275696369129,
        "fix_type": 6,
        "hacc_m": 0.014,
        "corrupt": false,
        "position_interpolated": true,
        "captured_at_utc": "2026-06-16T17:31:51.863065+00:00"
      },
      "geometry": {
        "type": "Point",
        "coordinates": [
          -114.00482402115556,
          46.67567259547189
        ]
      }
    },
    {
      "type": "Feature",
      "properties": {
        "file": "leg01_m051_b020_2026-06-16T11-31-53.jpg",
        "leg": "leg01",
        "mark_index": 51,
        "along_track_m": 51.0,
        "achieved_heading": 25.82269553504156,
        "target_bearing": 20.07275696369129,
        "fix_type": 6,
        "hacc_m": 0.014,
        "corrupt": false,
        "position_interpolated": true,
        "captured_at_utc": "2026-06-16T17:31:52.639342+00:00"
      },
      "geometry": {
        "type": "Point",
        "coordinates": [
          -114.00482012888477,
          46.67567835956131
        ]
      }
    },
    {
      "type": "Feature",
      "properties": {
        "file": "leg01_m053_b020_2026-06-16T11-32-01.jpg",
        "leg": "leg01",
        "mark_index": 53,
        "along_track_m": 53.0,
        "achieved_heading": 19.454626506694325,
        "target_bearing": 20.07275696369129,
        "fix_type": 6,
        "hacc_m": 0.014,
        "corrupt": false,
        "position_interpolated": true,
        "captured_at_utc": "2026-06-16T17:32:01.169556+00:00"
      },
      "geometry": {
        "type": "Point",
        "coordinates": [
          -114.00480627192673,
          46.675703773670264
        ]
      }
    },
    {
      "type": "Feature",
      "properties": {
        "file": "leg01_m054_b020_2026-06-16T11-32-02.jpg",
        "leg": "leg01",
        "mark_index": 54,
        "along_track_m": 54.0,
        "achieved_heading": 18.529032062411716,
        "target_bearing": 20.07275696369129,
        "fix_type": 6,
        "hacc_m": 0.014,
        "corrupt": false,
        "position_interpolated": true,
        "captured_at_utc": "2026-06-16T17:32:02.021790+00:00"
      },
      "geometry": {
        "type": "Point",
        "coordinates": [
          -114.00480543948134,
          46.67570616672758
        ]
      }
    },
    {
      "type": "Feature",
      "properties": {
        "file": "leg01_m055_b020_2026-06-16T11-32-03.jpg",
        "leg": "leg01",
        "mark_index": 55,
        "along_track_m": 55.0,
        "achieved_heading": 24.25866730949943,
        "target_bearing": 20.07275696369129,
        "fix_type": 6,
        "hacc_m": 0.014,
        "corrupt": false,
        "position_interpolated": true,
        "captured_at_utc": "2026-06-16T17:32:03.211605+00:00"
      },
      "geometry": {
        "type": "Point",
        "coordinates": [
          -114.00480071021865,
          46.675715472263335
        ]
      }
    },
    {
      "type": "Feature",
      "properties": {
        "file": "leg01_m056_b020_2026-06-16T11-32-04.jpg",
        "leg": "leg01",
        "mark_index": 56,
        "along_track_m": 56.0,
        "achieved_heading": 28.03665031518031,
        "target_bearing": 20.07275696369129,
        "fix_type": 6,
        "hacc_m": 0.014,
        "corrupt": false,
        "position_interpolated": true,
        "captured_at_utc": "2026-06-16T17:32:04.404842+00:00"
      },
      "geometry": {
        "type": "Point",
        "coordinates": [
          -114.00479522314184,
          46.675724579130126
        ]
      }
    },
    {
      "type": "Feature",
      "properties": {
        "file": "leg01_m057_b020_2026-06-16T11-32-05.jpg",
        "leg": "leg01",
        "mark_index": 57,
        "along_track_m": 57.0,
        "achieved_heading": 26.77246293112802,
        "target_bearing": 20.07275696369129,
        "fix_type": 6,
        "hacc_m": 0.014,
        "corrupt": false,
        "position_interpolated": true,
        "captured_at_utc": "2026-06-16T17:32:05.243327+00:00"
      },
      "geometry": {
        "type": "Point",
        "coordinates": [
          -114.00479107155789,
          46.67573094550736
        ]
      }
    },
    {
      "type": "Feature",
      "properties": {
        "file": "leg01_m059_b020_2026-06-16T11-32-16.jpg",
        "leg": "leg01",
        "mark_index": 59,
        "along_track_m": 59.0,
        "achieved_heading": 24.57375509106552,
        "target_bearing": 20.07275696369129,
        "fix_type": 6,
        "hacc_m": 0.014,
        "corrupt": false,
        "position_interpolated": true,
        "captured_at_utc": "2026-06-16T17:32:16.079632+00:00"
      },
      "geometry": {
        "type": "Point",
        "coordinates": [
          -114.004779,
          46.6757537
        ]
      }
    },
    {
      "type": "Feature",
      "properties": {
        "file": "leg01_m060_b020_2026-06-16T11-32-17.jpg",
        "leg": "leg01",
        "mark_index": 60,
        "along_track_m": 60.0,
        "achieved_heading": 23.938416636703806,
        "target_bearing": 20.07275696369129,
        "fix_type": 6,
        "hacc_m": 0.014,
        "corrupt": false,
        "position_interpolated": true,
        "captured_at_utc": "2026-06-16T17:32:16.936757+00:00"
      },
      "geometry": {
        "type": "Point",
        "coordinates": [
          -114.00477706809976,
          46.67575686380048
        ]
      }
    },
    {
      "type": "Feature",
      "properties": {
        "file": "leg01_m061_b020_2026-06-16T11-32-18.jpg",
        "leg": "leg01",
        "mark_index": 61,
        "along_track_m": 61.0,
        "achieved_heading": 24.817333894434455,
        "target_bearing": 20.07275696369129,
        "fix_type": 6,
        "hacc_m": 0.014,
        "corrupt": false,
        "position_interpolated": true,
        "captured_at_utc": "2026-06-16T17:32:17.978299+00:00"
      },
      "geometry": {
        "type": "Point",
        "coordinates": [
          -114.0047725337018,
          46.675765154880025
        ]
      }
    },
    {
      "type": "Feature",
      "properties": {
        "file": "leg01_m062_b020_2026-06-16T11-32-19.jpg",
        "leg": "leg01",
        "mark_index": 62,
        "along_track_m": 62.0,
        "achieved_heading": 24.43289359129477,
        "target_bearing": 20.07275696369129,
        "fix_type": 6,
        "hacc_m": 0.014,
        "corrupt": false,
        "position_interpolated": true,
        "captured_at_utc": "2026-06-16T17:32:19.031502+00:00"
      },
      "geometry": {
        "type": "Point",
        "coordinates": [
          -114.0047676356766,
          46.675773637565946
        ]
      }
    },
    {
      "type": "Feature",
      "properties": {
        "file": "leg01_m063_b020_2026-06-16T11-32-20.jpg",
        "leg": "leg01",
        "mark_index": 63,
        "along_track_m": 63.0,
        "achieved_heading": 24.87567710245395,
        "target_bearing": 20.07275696369129,
        "fix_type": 6,
        "hacc_m": 0.014,
        "corrupt": false,
        "position_interpolated": true,
        "captured_at_utc": "2026-06-16T17:32:19.947705+00:00"
      },
      "geometry": {
        "type": "Point",
        "coordinates": [
          -114.00476371359186,
          46.675780631669525
        ]
      }
    },
    {
      "type": "Feature",
      "properties": {
        "file": "leg01_m065_b020_2026-06-16T11-32-26.jpg",
        "leg": "leg01",
        "mark_index": 65,
        "along_track_m": 65.0,
        "achieved_heading": 17.60394161284279,
        "target_bearing": 20.07275696369129,
        "fix_type": 6,
        "hacc_m": 0.014,
        "corrupt": false,
        "position_interpolated": true,
        "captured_at_utc": "2026-06-16T17:32:26.235822+00:00"
      },
      "geometry": {
        "type": "Point",
        "coordinates": [
          -114.00475440142709,
          46.675799176535186
        ]
      }
    },
    {
      "type": "Feature",
      "properties": {
        "file": "leg01_m066_b020_2026-06-16T11-32-27.jpg",
        "leg": "leg01",
        "mark_index": 66,
        "along_track_m": 66.0,
        "achieved_heading": 22.96070980745185,
        "target_bearing": 20.07275696369129,
        "fix_type": 6,
        "hacc_m": 0.014,
        "corrupt": false,
        "position_interpolated": true,
        "captured_at_utc": "2026-06-16T17:32:27.833263+00:00"
      },
      "geometry": {
        "type": "Point",
        "coordinates": [
          -114.00475124585208,
          46.67580755599144
        ]
      }
    },
    {
      "type": "Feature",
      "properties": {
        "file": "leg01_m067_b020_2026-06-16T11-32-29.jpg",
        "leg": "leg01",
        "mark_index": 67,
        "along_track_m": 67.0,
        "achieved_heading": 27.120540189217138,
        "target_bearing": 20.07275696369129,
        "fix_type": 6,
        "hacc_m": 0.014,
        "corrupt": false,
        "position_interpolated": true,
        "captured_at_utc": "2026-06-16T17:32:28.945478+00:00"
      },
      "geometry": {
        "type": "Point",
        "coordinates": [
          -114.00474664330038,
          46.67581610709927
        ]
      }
    },
    {
      "type": "Feature",
      "properties": {
        "file": "leg01_m068_b020_2026-06-16T11-32-30.jpg",
        "leg": "leg01",
        "mark_index": 68,
        "along_track_m": 68.0,
        "achieved_heading": 28.55145579431266,
        "target_bearing": 20.07275696369129,
        "fix_type": 6,
        "hacc_m": 0.014,
        "corrupt": false,
        "position_interpolated": true,
        "captured_at_utc": "2026-06-16T17:32:30.012694+00:00"
      },
      "geometry": {
        "type": "Point",
        "coordinates": [
          -114.00474158782202,
          46.67582460845318
        ]
      }
    },
    {
      "type": "Feature",
      "properties": {
        "file": "leg01_m069_b020_2026-06-16T11-32-31.jpg",
        "leg": "leg01",
        "mark_index": 69,
        "along_track_m": 69.0,
        "achieved_heading": 26.667226789245433,
        "target_bearing": 20.07275696369129,
        "fix_type": 6,
        "hacc_m": 0.014,
        "corrupt": false,
        "position_interpolated": true,
        "captured_at_utc": "2026-06-16T17:32:30.993995+00:00"
      },
      "geometry": {
        "type": "Point",
        "coordinates": [
          -114.0047367951473,
          46.675832102801856
        ]
      }
    },
    {
      "type": "Feature",
      "properties": {
        "file": "leg01_m070_b020_2026-06-16T11-32-32.jpg",
        "leg": "leg01",
        "mark_index": 70,
        "along_track_m": 70.0,
        "achieved_heading": 23.79077250932275,
        "target_bearing": 20.07275696369129,
        "fix_type": 6,
        "hacc_m": 0.014,
        "corrupt": false,
        "position_interpolated": true,
        "captured_at_utc": "2026-06-16T17:32:32.198026+00:00"
      },
      "geometry": {
        "type": "Point",
        "coordinates": [
          -114.00473132210678,
          46.675841497716846
        ]
      }
    },
    {
      "type": "Feature",
      "properties": {
        "file": "leg01_m071_b020_2026-06-16T11-32-33.jpg",
        "leg": "leg01",
        "mark_index": 71,
        "along_track_m": 71.0,
        "achieved_heading": 25.07665597631501,
        "target_bearing": 20.07275696369129,
        "fix_type": 6,
        "hacc_m": 0.014,
        "corrupt": false,
        "position_interpolated": true,
        "captured_at_utc": "2026-06-16T17:32:33.210195+00:00"
      },
      "geometry": {
        "type": "Point",
        "coordinates": [
          -114.00472724738634,
          46.675849712434236
        ]
      }
    },
    {
      "type": "Feature",
      "properties": {
        "file": "leg01_m072_b020_2026-06-16T11-32-34.jpg",
        "leg": "leg01",
        "mark_index": 72,
        "along_track_m": 72.0,
        "achieved_heading": 25.994114619820408,
        "target_bearing": 20.07275696369129,
        "fix_type": 6,
        "hacc_m": 0.014,
        "corrupt": false,
        "position_interpolated": true,
        "captured_at_utc": "2026-06-16T17:32:34.035495+00:00"
      },
      "geometry": {
        "type": "Point",
        "coordinates": [
          -114.00472343191763,
          46.6758562841556
        ]
      }
    },
    {
      "type": "Feature",
      "properties": {
        "file": "leg01_m074_b020_2026-06-16T11-32-45.jpg",
        "leg": "leg01",
        "mark_index": 74,
        "along_track_m": 74.0,
        "achieved_heading": 20.647344705506868,
        "target_bearing": 20.07275696369129,
        "fix_type": 6,
        "hacc_m": 0.014,
        "corrupt": false,
        "position_interpolated": true,
        "captured_at_utc": "2026-06-16T17:32:45.070396+00:00"
      },
      "geometry": {
        "type": "Point",
        "coordinates": [
          -114.00471089999999,
          46.675880992994614
        ]
      }
    },
    {
      "type": "Feature",
      "properties": {
        "file": "leg01_m075_b020_2026-06-16T11-32-45.jpg",
        "leg": "leg01",
        "mark_index": 75,
        "along_track_m": 75.0,
        "achieved_heading": 20.918677562370704,
        "target_bearing": 20.07275696369129,
        "fix_type": 6,
        "hacc_m": 0.014,
        "corrupt": false,
        "position_interpolated": true,
        "captured_at_utc": "2026-06-16T17:32:45.772581+00:00"
      },
      "geometry": {
        "type": "Point",
        "coordinates": [
          -114.00471005052523,
          46.67588295320848
        ]
      }
    },
    {
      "type": "Feature",
      "properties": {
        "file": "leg01_m076_b020_2026-06-16T11-32-47.jpg",
        "leg": "leg01",
        "mark_index": 76,
        "along_track_m": 76.0,
        "achieved_heading": 24.598327114259888,
        "target_bearing": 20.07275696369129,
        "fix_type": 6,
        "hacc_m": 0.014,
        "corrupt": false,
        "position_interpolated": true,
        "captured_at_utc": "2026-06-16T17:32:46.946848+00:00"
      },
      "geometry": {
        "type": "Point",
        "coordinates": [
          -114.00470545096667,
          46.67589228172223
        ]
      }
    },
    {
      "type": "Feature",
      "properties": {
        "file": "leg01_m077_b020_2026-06-16T11-32-48.jpg",
        "leg": "leg01",
        "mark_index": 77,
        "along_track_m": 77.0,
        "achieved_heading": 26.23083994148658,
        "target_bearing": 20.07275696369129,
        "fix_type": 6,
        "hacc_m": 0.014,
        "corrupt": false,
        "position_interpolated": true,
        "captured_at_utc": "2026-06-16T17:32:48.025693+00:00"
      },
      "geometry": {
        "type": "Point",
        "coordinates": [
          -114.00470054774021,
          46.67590040451955
        ]
      }
    },
    {
      "type": "Feature",
      "properties": {
        "file": "leg01_m078_b020_2026-06-16T11-32-49.jpg",
        "leg": "leg01",
        "mark_index": 78,
        "along_track_m": 78.0,
        "achieved_heading": 24.175216190317144,
        "target_bearing": 20.07275696369129,
        "fix_type": 6,
        "hacc_m": 0.014,
        "corrupt": false,
        "position_interpolated": true,
        "captured_at_utc": "2026-06-16T17:32:49.092740+00:00"
      },
      "geometry": {
        "type": "Point",
        "coordinates": [
          -114.00469585359932,
          46.67590890208149
        ]
      }
    },
    {
      "type": "Feature",
      "properties": {
        "file": "leg01_m079_b020_2026-06-16T11-32-50.jpg",
        "leg": "leg01",
        "mark_index": 79,
        "along_track_m": 79.0,
        "achieved_heading": 23.213401301373068,
        "target_bearing": 20.07275696369129,
        "fix_type": 6,
        "hacc_m": 0.014,
        "corrupt": false,
        "position_interpolated": true,
        "captured_at_utc": "2026-06-16T17:32:50.157779+00:00"
      },
      "geometry": {
        "type": "Point",
        "coordinates": [
          -114.00469144579182,
          46.67591740841633
        ]
      }
    },
    {
      "type": "Feature",
      "properties": {
        "file": "leg01_m080_b020_2026-06-16T11-32-51.jpg",
        "leg": "leg01",
        "mark_index": 80,
        "along_track_m": 80.0,
        "achieved_heading": 25.173945419627785,
        "target_bearing": 20.07275696369129,
        "fix_type": 6,
        "hacc_m": 0.014,
        "corrupt": false,
        "position_interpolated": true,
        "captured_at_utc": "2026-06-16T17:32:51.173236+00:00"
      },
      "geometry": {
        "type": "Point",
        "coordinates": [
          -114.00468734102924,
          46.67592594144639
        ]
      }
    },
    {
      "type": "Feature",
      "properties": {
        "file": "leg01_m083_b020_2026-06-16T11-33-08.jpg",
        "leg": "leg01",
        "mark_index": 83,
        "along_track_m": 83.0,
        "achieved_heading": 22.259392142650825,
        "target_bearing": 20.07275696369129,
        "fix_type": 6,
        "hacc_m": 0.014,
        "corrupt": false,
        "position_interpolated": false,
        "captured_at_utc": "2026-06-16T17:33:07.938259+00:00"
      },
      "geometry": {
        "type": "Point",
        "coordinates": [
          -114.004673,
          46.6759549
        ]
      }
    },
    {
      "type": "Feature",
      "properties": {
        "file": "leg01_m084_b020_2026-06-16T11-33-09.jpg",
        "leg": "leg01",
        "mark_index": 84,
        "along_track_m": 84.0,
        "achieved_heading": 23.439169538604716,
        "target_bearing": 20.07275696369129,
        "fix_type": 6,
        "hacc_m": 0.014,
        "corrupt": false,
        "position_interpolated": true,
        "captured_at_utc": "2026-06-16T17:33:09.162878+00:00"
      },
      "geometry": {
        "type": "Point",
        "coordinates": [
          -114.00467114886719,
          46.67595911574999
        ]
      }
    },
    {
      "type": "Feature",
      "properties": {
        "file": "leg01_m085_b020_2026-06-16T11-33-10.jpg",
        "leg": "leg01",
        "mark_index": 85,
        "along_track_m": 85.0,
        "achieved_heading": 26.337789132689835,
        "target_bearing": 20.07275696369129,
        "fix_type": 6,
        "hacc_m": 0.014,
        "corrupt": false,
        "position_interpolated": true,
        "captured_at_utc": "2026-06-16T17:33:10.413609+00:00"
      },
      "geometry": {
        "type": "Point",
        "coordinates": [
          -114.00466591053322,
          46.67596881086245
        ]
      }
    },
    {
      "type": "Feature",
      "properties": {
        "file": "leg01_m086_b020_2026-06-16T11-33-11.jpg",
        "leg": "leg01",
        "mark_index": 86,
        "along_track_m": 86.0,
        "achieved_heading": 28.664764110477932,
        "target_bearing": 20.07275696369129,
        "fix_type": 6,
        "hacc_m": 0.014,
        "corrupt": false,
        "position_interpolated": true,
        "captured_at_utc": "2026-06-16T17:33:11.394301+00:00"
      },
      "geometry": {
        "type": "Point",
        "coordinates": [
          -114.00466108318196,
          46.67597648533469
        ]
      }
    },
    {
      "type": "Feature",
      "properties": {
        "file": "leg01_m087_b020_2026-06-16T11-33-12.jpg",
        "leg": "leg01",
        "mark_index": 87,
        "along_track_m": 87.0,
        "achieved_heading": 27.033097271484948,
        "target_bearing": 20.07275696369129,
        "fix_type": 6,
        "hacc_m": 0.014,
        "corrupt": false,
        "position_interpolated": true,
        "captured_at_utc": "2026-06-16T17:33:12.056891+00:00"
      },
      "geometry": {
        "type": "Point",
        "coordinates": [
          -114.00465743343464,
          46.67598173925117
        ]
      }
    },
    {
      "type": "Feature",
      "properties": {
        "file": "leg01_m089_b020_2026-06-16T11-33-19.jpg",
        "leg": "leg01",
        "mark_index": 89,
        "along_track_m": 89.0,
        "achieved_heading": 20.316449992975436,
        "target_bearing": 20.07275696369129,
        "fix_type": 6,
        "hacc_m": 0.014,
        "corrupt": false,
        "position_interpolated": true,
        "captured_at_utc": "2026-06-16T17:33:18.541854+00:00"
      },
      "geometry": {
        "type": "Point",
        "coordinates": [
          -114.00464687703524,
          46.67600202660995
        ]
      }
    },
    {
      "type": "Feature",
      "properties": {
        "file": "leg01_m090_b020_2026-06-16T11-33-20.jpg",
        "leg": "leg01",
        "mark_index": 90,
        "along_track_m": 90.0,
        "achieved_heading": 23.389028913779157,
        "target_bearing": 20.07275696369129,
        "fix_type": 6,
        "hacc_m": 0.014,
        "corrupt": false,
        "position_interpolated": true,
        "captured_at_utc": "2026-06-16T17:33:20.219505+00:00"
      },
      "geometry": {
        "type": "Point",
        "coordinates": [
          -114.00464292182895,
          46.6760104433136
        ]
      }
    },
    {
      "type": "Feature",
      "properties": {
        "file": "leg01_m091_b020_2026-06-16T11-33-21.jpg",
        "leg": "leg01",
        "mark_index": 91,
        "along_track_m": 91.0,
        "achieved_heading": 26.042148104718635,
        "target_bearing": 20.07275696369129,
        "fix_type": 6,
        "hacc_m": 0.014,
        "corrupt": false,
        "position_interpolated": true,
        "captured_at_utc": "2026-06-16T17:33:21.245095+00:00"
      },
      "geometry": {
        "type": "Point",
        "coordinates": [
          -114.00463827750416,
          46.67601868374375
        ]
      }
    },
    {
      "type": "Feature",
      "properties": {
        "file": "leg01_m092_b020_2026-06-16T11-33-22.jpg",
        "leg": "leg01",
        "mark_index": 92,
        "along_track_m": 92.0,
        "achieved_heading": 26.517451559736898,
        "target_bearing": 20.07275696369129,
        "fix_type": 6,
        "hacc_m": 0.014,
        "corrupt": false,
        "position_interpolated": true,
        "captured_at_utc": "2026-06-16T17:33:22.349781+00:00"
      },
      "geometry": {
        "type": "Point",
        "coordinates": [
          -114.00463304607614,
          46.676027215037564
        ]
      }
    },
    {
      "type": "Feature",
      "properties": {
        "file": "leg01_m093_b020_2026-06-16T11-33-23.jpg",
        "leg": "leg01",
        "mark_index": 93,
        "along_track_m": 93.0,
        "achieved_heading": 24.86873076840142,
        "target_bearing": 20.07275696369129,
        "fix_type": 6,
        "hacc_m": 0.014,
        "corrupt": false,
        "position_interpolated": true,
        "captured_at_utc": "2026-06-16T17:33:22.928360+00:00"
      },
      "geometry": {
        "type": "Point",
        "coordinates": [
          -114.0046306129657,
          46.676031851053885
        ]
      }
    },
    {
      "type": "Feature",
      "properties": {
        "file": "leg01_m094_b020_2026-06-16T11-33-24.jpg",
        "leg": "leg01",
        "mark_index": 94,
        "along_track_m": 94.0,
        "achieved_heading": 25.671857535495164,
        "target_bearing": 20.07275696369129,
        "fix_type": 6,
        "hacc_m": 0.014,
        "corrupt": false,
        "position_interpolated": true,
        "captured_at_utc": "2026-06-16T17:33:24.905030+00:00"
      },
      "geometry": {
        "type": "Point",
        "coordinates": [
          -114.00462259999999,
          46.6760459
        ]
      }
    },
    {
      "type": "Feature",
      "properties": {
        "file": "leg01_m095_b020_2026-06-16T11-33-25.jpg",
        "leg": "leg01",
        "mark_index": 95,
        "along_track_m": 95.0,
        "achieved_heading": 25.550817704104276,
        "target_bearing": 20.07275696369129,
        "fix_type": 6,
        "hacc_m": 0.014,
        "corrupt": false,
        "position_interpolated": true,
        "captured_at_utc": "2026-06-16T17:33:25.544101+00:00"
      },
      "geometry": {
        "type": "Point",
        "coordinates": [
          -114.00461904052068,
          46.67605247570095
        ]
      }
    },
    {
      "type": "Feature",
      "properties": {
        "file": "leg01_m096_b020_2026-06-16T11-33-26.jpg",
        "leg": "leg01",
        "mark_index": 96,
        "along_track_m": 96.0,
        "achieved_heading": 25.184059516394626,
        "target_bearing": 20.07275696369129,
        "fix_type": 6,
        "hacc_m": 0.014,
        "corrupt": false,
        "position_interpolated": true,
        "captured_at_utc": "2026-06-16T17:33:26.641568+00:00"
      },
      "geometry": {
        "type": "Point",
        "coordinates": [
          -114.0046141202361,
          46.67606101964586
        ]
      }
    },
    {
      "type": "Feature",
      "properties": {
        "file": "leg01_m097_b020_2026-06-16T11-33-27.jpg",
        "leg": "leg01",
        "mark_index": 97,
        "along_track_m": 97.0,
        "achieved_heading": 24.78554519156252,
        "target_bearing": 20.07275696369129,
        "fix_type": 6,
        "hacc_m": 0.014,
        "corrupt": false,
        "position_interpolated": true,
        "captured_at_utc": "2026-06-16T17:33:27.584008+00:00"
      },
      "geometry": {
        "type": "Point",
        "coordinates": [
          -114.00460966123488,
          46.6760687026989
        ]
      }
    },
    {
      "type": "Feature",
      "properties": {
        "file": "leg01_m098_b020_2026-06-16T11-33-28.jpg",
        "leg": "leg01",
        "mark_index": 98,
        "along_track_m": 98.0,
        "achieved_heading": 22.37790655853979,
        "target_bearing": 20.07275696369129,
        "fix_type": 6,
        "hacc_m": 0.014,
        "corrupt": false,
        "position_interpolated": true,
        "captured_at_utc": "2026-06-16T17:33:28.661781+00:00"
      },
      "geometry": {
        "type": "Point",
        "coordinates": [
          -114.00460509632174,
          46.676077307356486
        ]
      }
    },
    {
      "type": "Feature",
      "properties": {
        "file": "leg01_m099_b020_2026-06-16T11-33-29.jpg",
        "leg": "leg01",
        "mark_index": 99,
        "along_track_m": 99.0,
        "achieved_heading": 23.936278487068975,
        "target_bearing": 20.07275696369129,
        "fix_type": 6,
        "hacc_m": 0.014,
        "corrupt": false,
        "position_interpolated": true,
        "captured_at_utc": "2026-06-16T17:33:29.674450+00:00"
      },
      "geometry": {
        "type": "Point",
        "coordinates": [
          -114.00460102894193,
          46.67608568488062
        ]
      }
    },
    {
      "type": "Feature",
      "properties": {
        "file": "leg01_m100_b020_2026-06-16T11-33-30.jpg",
        "leg": "leg01",
        "mark_index": 100,
        "along_track_m": 100.0,
        "achieved_heading": 24.38964736164884,
        "target_bearing": 20.07275696369129,
        "fix_type": 6,
        "hacc_m": 0.014,
        "corrupt": false,
        "position_interpolated": true,
        "captured_at_utc": "2026-06-16T17:33:30.864347+00:00"
      },
      "geometry": {
        "type": "Point",
        "coordinates": [
          -114.00459603026486,
          46.67609427616635
        ]
      }
    },
    {
      "type": "Feature",
      "properties": {
        "file": "leg01_m101_b020_2026-06-16T11-33-32.jpg",
        "leg": "leg01",
        "mark_index": 101,
        "along_track_m": 101.0,
        "achieved_heading": 23.858024479630004,
        "target_bearing": 20.07275696369129,
        "fix_type": 6,
        "hacc_m": 0.014,
        "corrupt": false,
        "position_interpolated": true,
        "captured_at_utc": "2026-06-16T17:33:31.944150+00:00"
      },
      "geometry": {
        "type": "Point",
        "coordinates": [
          -114.0045916750421,
          46.67610287986527
        ]
      }
    },
    {
      "type": "Feature",
      "properties": {
        "file": "leg01_m102_b020_2026-06-16T11-33-33.jpg",
        "leg": "leg01",
        "mark_index": 102,
        "along_track_m": 102.0,
        "achieved_heading": 24.06844558176374,
        "target_bearing": 20.07275696369129,
        "fix_type": 6,
        "hacc_m": 0.014,
        "corrupt": false,
        "position_interpolated": true,
        "captured_at_utc": "2026-06-16T17:33:32.890069+00:00"
      },
      "geometry": {
        "type": "Point",
        "coordinates": [
          -114.00458829895946,
          46.67611025156081
        ]
      }
    },
    {
      "type": "Feature",
      "properties": {
        "file": "leg01_m103_b020_2026-06-16T11-33-34.jpg",
        "leg": "leg01",
        "mark_index": 103,
        "along_track_m": 103.0,
        "achieved_heading": 26.73600194888587,
        "target_bearing": 20.07275696369129,
        "fix_type": 6,
        "hacc_m": 0.014,
        "corrupt": false,
        "position_interpolated": true,
        "captured_at_utc": "2026-06-16T17:33:34.197709+00:00"
      },
      "geometry": {
        "type": "Point",
        "coordinates": [
          -114.00458228053084,
          46.676120314552854
        ]
      }
    },
    {
      "type": "Feature",
      "properties": {
        "file": "leg01_m104_b020_2026-06-16T11-33-35.jpg",
        "leg": "leg01",
        "mark_index": 104,
        "along_track_m": 104.0,
        "achieved_heading": 25.4798905886299,
        "target_bearing": 20.07275696369129,
        "fix_type": 6,
        "hacc_m": 0.014,
        "corrupt": false,
        "position_interpolated": true,
        "captured_at_utc": "2026-06-16T17:33:35.191794+00:00"
      },
      "geometry": {
        "type": "Point",
        "coordinates": [
          -114.00457777554314,
          46.676128405027924
        ]
      }
    },
    {
      "type": "Feature",
      "properties": {
        "file": "leg01_m105_b020_2026-06-16T11-33-36.jpg",
        "leg": "leg01",
        "mark_index": 105,
        "along_track_m": 105.0,
        "achieved_heading": 24.208196005838033,
        "target_bearing": 20.07275696369129,
        "fix_type": 6,
        "hacc_m": 0.014,
        "corrupt": false,
        "position_interpolated": true,
        "captured_at_utc": "2026-06-16T17:33:36.242546+00:00"
      },
      "geometry": {
        "type": "Point",
        "coordinates": [
          -114.00457350537572,
          46.67613683656067
        ]
      }
    },
    {
      "type": "Feature",
      "properties": {
        "file": "leg01_m106_b020_2026-06-16T11-33-37.jpg",
        "leg": "leg01",
        "mark_index": 106,
        "along_track_m": 106.0,
        "achieved_heading": 23.310645688903676,
        "target_bearing": 20.07275696369129,
        "fix_type": 6,
        "hacc_m": 0.014,
        "corrupt": false,
        "position_interpolated": true,
        "captured_at_utc": "2026-06-16T17:33:37.235090+00:00"
      },
      "geometry": {
        "type": "Point",
        "coordinates": [
          -114.0045695090792,
          46.6761446872891
        ]
      }
    },
    {
      "type": "Feature",
      "properties": {
        "file": "leg01_m107_b020_2026-06-16T11-33-38.jpg",
        "leg": "leg01",
        "mark_index": 107,
        "along_track_m": 107.0,
        "achieved_heading": 23.749105288300626,
        "target_bearing": 20.07275696369129,
        "fix_type": 6,
        "hacc_m": 0.014,
        "corrupt": false,
        "position_interpolated": true,
        "captured_at_utc": "2026-06-16T17:33:38.415779+00:00"
      },
      "geometry": {
        "type": "Point",
        "coordinates": [
          -114.00456480615476,
          46.676153706785705
        ]
      }
    },
    {
      "type": "Feature",
      "properties": {
        "file": "leg01_m108_b020_2026-06-16T11-33-39.jpg",
        "leg": "leg01",
        "mark_index": 108,
        "along_track_m": 108.0,
        "achieved_heading": 24.04823444544445,
        "target_bearing": 20.07275696369129,
        "fix_type": 6,
        "hacc_m": 0.014,
        "corrupt": false,
        "position_interpolated": true,
        "captured_at_utc": "2026-06-16T17:33:39.472364+00:00"
      },
      "geometry": {
        "type": "Point",
        "coordinates": [
          -114.00456036703662,
          46.67616225493896
        ]
      }
    },
    {
      "type": "Feature",
      "properties": {
        "file": "leg01_m109_b020_2026-06-16T11-33-40.jpg",
        "leg": "leg01",
        "mark_index": 109,
        "along_track_m": 109.0,
        "achieved_heading": 24.92703877339234,
        "target_bearing": 20.07275696369129,
        "fix_type": 6,
        "hacc_m": 0.014,
        "corrupt": false,
        "position_interpolated": true,
        "captured_at_utc": "2026-06-16T17:33:40.454554+00:00"
      },
      "geometry": {
        "type": "Point",
        "coordinates": [
          -114.00455601837635,
          46.676170163247306
        ]
      }
    },
    {
      "type": "Feature",
      "properties": {
        "file": "leg01_m110_b020_2026-06-16T11-33-41.jpg",
        "leg": "leg01",
        "mark_index": 110,
        "along_track_m": 110.0,
        "achieved_heading": 23.68663601580093,
        "target_bearing": 20.07275696369129,
        "fix_type": 6,
        "hacc_m": 0.014,
        "corrupt": false,
        "position_interpolated": true,
        "captured_at_utc": "2026-06-16T17:33:41.648764+00:00"
      },
      "geometry": {
        "type": "Point",
        "coordinates": [
          -114.00455119758699,
          46.67617923655068
        ]
      }
    },
    {
      "type": "Feature",
      "properties": {
        "file": "leg01_m111_b020_2026-06-16T11-33-42.jpg",
        "leg": "leg01",
        "mark_index": 111,
        "along_track_m": 111.0,
        "achieved_heading": 24.26728946646132,
        "target_bearing": 20.07275696369129,
        "fix_type": 6,
        "hacc_m": 0.014,
        "corrupt": false,
        "position_interpolated": true,
        "captured_at_utc": "2026-06-16T17:33:42.670247+00:00"
      },
      "geometry": {
        "type": "Point",
        "coordinates": [
          -114.00454694882117,
          46.67618718801033
        ]
      }
    },
    {
      "type": "Feature",
      "properties": {
        "file": "leg01_m112_b020_2026-06-16T11-33-43.jpg",
        "leg": "leg01",
        "mark_index": 112,
        "along_track_m": 112.0,
        "achieved_heading": 24.65167827660595,
        "target_bearing": 20.07275696369129,
        "fix_type": 6,
        "hacc_m": 0.014,
        "corrupt": false,
        "position_interpolated": true,
        "captured_at_utc": "2026-06-16T17:33:43.546269+00:00"
      },
      "geometry": {
        "type": "Point",
        "coordinates": [
          -114.0045429482567,
          46.676194000442884
        ]
      }
    },
    {
      "type": "Feature",
      "properties": {
        "file": "leg01_m114_b020_2026-06-16T11-33-50.jpg",
        "leg": "leg01",
        "mark_index": 114,
        "along_track_m": 114.0,
        "achieved_heading": 26.12969601746832,
        "target_bearing": 20.07275696369129,
        "fix_type": 6,
        "hacc_m": 0.014,
        "corrupt": false,
        "position_interpolated": true,
        "captured_at_utc": "2026-06-16T17:33:49.761131+00:00"
      },
      "geometry": {
        "type": "Point",
        "coordinates": [
          -114.0045330264776,
          46.67621279783018
        ]
      }
    },
    {
      "type": "Feature",
      "properties": {
        "file": "leg01_m115_b020_2026-06-16T11-33-51.jpg",
        "leg": "leg01",
        "mark_index": 115,
        "along_track_m": 115.0,
        "achieved_heading": 24.48160552702629,
        "target_bearing": 20.07275696369129,
        "fix_type": 6,
        "hacc_m": 0.014,
        "corrupt": false,
        "position_interpolated": true,
        "captured_at_utc": "2026-06-16T17:33:51.294467+00:00"
      },
      "geometry": {
        "type": "Point",
        "coordinates": [
          -114.00452805144094,
          46.67622121604823
        ]
      }
    },
    {
      "type": "Feature",
      "properties": {
        "file": "leg01_m116_b020_2026-06-16T11-33-52.jpg",
        "leg": "leg01",
        "mark_index": 116,
        "along_track_m": 116.0,
        "achieved_heading": 23.449807281808276,
        "target_bearing": 20.07275696369129,
        "fix_type": 6,
        "hacc_m": 0.014,
        "corrupt": false,
        "position_interpolated": true,
        "captured_at_utc": "2026-06-16T17:33:52.267275+00:00"
      },
      "geometry": {
        "type": "Point",
        "coordinates": [
          -114.00452378418018,
          46.67622881027027
        ]
      }
    },
    {
      "type": "Feature",
      "properties": {
        "file": "leg01_m117_b020_2026-06-16T11-33-53.jpg",
        "leg": "leg01",
        "mark_index": 117,
        "along_track_m": 117.0,
        "achieved_heading": 21.340650595826048,
        "target_bearing": 20.07275696369129,
        "fix_type": 6,
        "hacc_m": 0.014,
        "corrupt": false,
        "position_interpolated": true,
        "captured_at_utc": "2026-06-16T17:33:53.432520+00:00"
      },
      "geometry": {
        "type": "Point",
        "coordinates": [
          -114.00451890057688,
          46.67623804891833
        ]
      }
    },
    {
      "type": "Feature",
      "properties": {
        "file": "leg01_m118_b020_2026-06-16T11-33-54.jpg",
        "leg": "leg01",
        "mark_index": 118,
        "along_track_m": 118.0,
        "achieved_heading": 21.868349289317166,
        "target_bearing": 20.07275696369129,
        "fix_type": 6,
        "hacc_m": 0.014,
        "corrupt": false,
        "position_interpolated": true,
        "captured_at_utc": "2026-06-16T17:33:54.381275+00:00"
      },
      "geometry": {
        "type": "Point",
        "coordinates": [
          -114.00451546727898,
          46.67624548440218
        ]
      }
    },
    {
      "type": "Feature",
      "properties": {
        "file": "leg01_m119_b020_2026-06-16T11-33-55.jpg",
        "leg": "leg01",
        "mark_index": 119,
        "along_track_m": 119.0,
        "achieved_heading": 21.849109001792897,
        "target_bearing": 20.07275696369129,
        "fix_type": 6,
        "hacc_m": 0.014,
        "corrupt": false,
        "position_interpolated": true,
        "captured_at_utc": "2026-06-16T17:33:55.624729+00:00"
      },
      "geometry": {
        "type": "Point",
        "coordinates": [
          -114.0045105411993,
          46.676255241521446
        ]
      }
    },
    {
      "type": "Feature",
      "properties": {
        "file": "leg01_m120_b020_2026-06-16T11-33-56.jpg",
        "leg": "leg01",
        "mark_index": 120,
        "along_track_m": 120.0,
        "achieved_heading": 23.608704114573143,
        "target_bearing": 20.07275696369129,
        "fix_type": 6,
        "hacc_m": 0.014,
        "corrupt": false,
        "position_interpolated": true,
        "captured_at_utc": "2026-06-16T17:33:56.603597+00:00"
      },
      "geometry": {
        "type": "Point",
        "coordinates": [
          -114.00450675591144,
          46.676262988177115
        ]
      }
    },
    {
      "type": "Feature",
      "properties": {
        "file": "leg01_m121_b020_2026-06-16T11-33-57.jpg",
        "leg": "leg01",
        "mark_index": 121,
        "along_track_m": 121.0,
        "achieved_heading": 23.71164724328787,
        "target_bearing": 20.07275696369129,
        "fix_type": 6,
        "hacc_m": 0.014,
        "corrupt": false,
        "position_interpolated": true,
        "captured_at_utc": "2026-06-16T17:33:57.752921+00:00"
      },
      "geometry": {
        "type": "Point",
        "coordinates": [
          -114.00450193069346,
          46.67627211336541
        ]
      }
    },
    {
      "type": "Feature",
      "properties": {
        "file": "leg01_m122_b020_2026-06-16T11-33-59.jpg",
        "leg": "leg01",
        "mark_index": 122,
        "along_track_m": 122.0,
        "achieved_heading": 23.83457770925962,
        "target_bearing": 20.07275696369129,
        "fix_type": 6,
        "hacc_m": 0.014,
        "corrupt": false,
        "position_interpolated": true,
        "captured_at_utc": "2026-06-16T17:33:58.845285+00:00"
      },
      "geometry": {
        "type": "Point",
        "coordinates": [
          -114.0044974854075,
          46.676280429184985
        ]
      }
    },
    {
      "type": "Feature",
      "properties": {
        "file": "leg01_m123_b020_2026-06-16T11-33-59.jpg",
        "leg": "leg01",
        "mark_index": 123,
        "along_track_m": 123.0,
        "achieved_heading": 24.69075019765144,
        "target_bearing": 20.07275696369129,
        "fix_type": 6,
        "hacc_m": 0.014,
        "corrupt": false,
        "position_interpolated": true,
        "captured_at_utc": "2026-06-16T17:33:59.770019+00:00"
      },
      "geometry": {
        "type": "Point",
        "coordinates": [
          -114.00449347146422,
          46.67628782250199
        ]
      }
    },
    {
      "type": "Feature",
      "properties": {
        "file": "leg01_m124_b020_2026-06-16T11-34-01.jpg",
        "leg": "leg01",
        "mark_index": 124,
        "along_track_m": 124.0,
        "achieved_heading": 24.03339011812082,
        "target_bearing": 20.07275696369129,
        "fix_type": 6,
        "hacc_m": 0.014,
        "corrupt": false,
        "position_interpolated": true,
        "captured_at_utc": "2026-06-16T17:34:00.999084+00:00"
      },
      "geometry": {
        "type": "Point",
        "coordinates": [
          -114.00448773907561,
          46.67629738707984
        ]
      }
    },
    {
      "type": "Feature",
      "properties": {
        "file": "leg01_m125_b020_2026-06-16T11-34-02.jpg",
        "leg": "leg01",
        "mark_index": 125,
        "along_track_m": 125.0,
        "achieved_heading": 22.222037245263977,
        "target_bearing": 20.07275696369129,
        "fix_type": 6,
        "hacc_m": 0.014,
        "corrupt": false,
        "position_interpolated": true,
        "captured_at_utc": "2026-06-16T17:34:02.050807+00:00"
      },
      "geometry": {
        "type": "Point",
        "coordinates": [
          -114.00448354481023,
          46.676305753480804
        ]
      }
    },
    {
      "type": "Feature",
      "properties": {
        "file": "leg01_m126_b020_2026-06-16T11-34-03.jpg",
        "leg": "leg01",
        "mark_index": 126,
        "along_track_m": 126.0,
        "achieved_heading": 21.7227845939762,
        "target_bearing": 20.07275696369129,
        "fix_type": 6,
        "hacc_m": 0.014,
        "corrupt": false,
        "position_interpolated": true,
        "captured_at_utc": "2026-06-16T17:34:03.122254+00:00"
      },
      "geometry": {
        "type": "Point",
        "coordinates": [
          -114.00447944506824,
          46.67631430986349
        ]
      }
    },
    {
      "type": "Feature",
      "properties": {
        "file": "leg01_m127_b020_2026-06-16T11-34-04.jpg",
        "leg": "leg01",
        "mark_index": 127,
        "along_track_m": 127.0,
        "achieved_heading": 23.39029075672373,
        "target_bearing": 20.07275696369129,
        "fix_type": 6,
        "hacc_m": 0.014,
        "corrupt": false,
        "position_interpolated": true,
        "captured_at_utc": "2026-06-16T17:34:04.204437+00:00"
      },
      "geometry": {
        "type": "Point",
        "coordinates": [
          -114.00447501374771,
          46.67632284528132
        ]
      }
    },
    {
      "type": "Feature",
      "properties": {
        "file": "leg01_m128_b020_2026-06-16T11-34-05.jpg",
        "leg": "leg01",
        "mark_index": 128,
        "along_track_m": 128.0,
        "achieved_heading": 23.813109855787772,
        "target_bearing": 20.07275696369129,
        "fix_type": 6,
        "hacc_m": 0.014,
        "corrupt": false,
        "position_interpolated": true,
        "captured_at_utc": "2026-06-16T17:34:05.236055+00:00"
      },
      "geometry": {
        "type": "Point",
        "coordinates": [
          -114.0044705165291,
          46.676331073553435
        ]
      }
    },
    {
      "type": "Feature",
      "properties": {
        "file": "leg01_m129_b020_2026-06-16T11-34-06.jpg",
        "leg": "leg01",
        "mark_index": 129,
        "along_track_m": 129.0,
        "achieved_heading": 23.781415761504903,
        "target_bearing": 20.07275696369129,
        "fix_type": 6,
        "hacc_m": 0.014,
        "corrupt": false,
        "position_interpolated": true,
        "captured_at_utc": "2026-06-16T17:34:06.230786+00:00"
      },
      "geometry": {
        "type": "Point",
        "coordinates": [
          -114.00446605379874,
          46.6763390165885
        ]
      }
    },
    {
      "type": "Feature",
      "properties": {
        "file": "leg01_m130_b020_2026-06-16T11-34-07.jpg",
        "leg": "leg01",
        "mark_index": 130,
        "along_track_m": 130.0,
        "achieved_heading": 21.46467544013042,
        "target_bearing": 20.07275696369129,
        "fix_type": 6,
        "hacc_m": 0.014,
        "corrupt": false,
        "position_interpolated": true,
        "captured_at_utc": "2026-06-16T17:34:07.253047+00:00"
      },
      "geometry": {
        "type": "Point",
        "coordinates": [
          -114.00446179067649,
          46.676347111020924
        ]
      }
    },
    {
      "type": "Feature",
      "properties": {
        "file": "leg01_m131_b020_2026-06-16T11-34-08.jpg",
        "leg": "leg01",
        "mark_index": 131,
        "along_track_m": 131.0,
        "achieved_heading": 23.970499807638006,
        "target_bearing": 20.07275696369129,
        "fix_type": 6,
        "hacc_m": 0.014,
        "corrupt": false,
        "position_interpolated": true,
        "captured_at_utc": "2026-06-16T17:34:08.413092+00:00"
      },
      "geometry": {
        "type": "Point",
        "coordinates": [
          -114.00445715669912,
          46.67635636770205
        ]
      }
    },
    {
      "type": "Feature",
      "properties": {
        "file": "leg01_m132_b020_2026-06-16T11-34-09.jpg",
        "leg": "leg01",
        "mark_index": 132,
        "along_track_m": 132.0,
        "achieved_heading": 24.233367453749423,
        "target_bearing": 20.07275696369129,
        "fix_type": 6,
        "hacc_m": 0.014,
        "corrupt": false,
        "position_interpolated": true,
        "captured_at_utc": "2026-06-16T17:34:09.433362+00:00"
      },
      "geometry": {
        "type": "Point",
        "coordinates": [
          -114.00445268936302,
          46.676364323933186
        ]
      }
    },
    {
      "type": "Feature",
      "properties": {
        "file": "leg01_m133_b020_2026-06-16T11-34-10.jpg",
        "leg": "leg01",
        "mark_index": 133,
        "along_track_m": 133.0,
        "achieved_heading": 24.33640037770003,
        "target_bearing": 20.07275696369129,
        "fix_type": 6,
        "hacc_m": 0.014,
        "corrupt": false,
        "position_interpolated": true,
        "captured_at_utc": "2026-06-16T17:34:10.559965+00:00"
      },
      "geometry": {
        "type": "Point",
        "coordinates": [
          -114.00444774363503,
          46.6763733288342
        ]
      }
    },
    {
      "type": "Feature",
      "properties": {
        "file": "leg01_m134_b020_2026-06-16T11-34-11.jpg",
        "leg": "leg01",
        "mark_index": 134,
        "along_track_m": 134.0,
        "achieved_heading": 22.83251638888902,
        "target_bearing": 20.07275696369129,
        "fix_type": 6,
        "hacc_m": 0.014,
        "corrupt": false,
        "position_interpolated": true,
        "captured_at_utc": "2026-06-16T17:34:11.604380+00:00"
      },
      "geometry": {
        "type": "Point",
        "coordinates": [
          -114.00444318272712,
          46.676381779394355
        ]
      }
    },
    {
      "type": "Feature",
      "properties": {
        "file": "leg01_m135_b020_2026-06-16T11-34-12.jpg",
        "leg": "leg01",
        "mark_index": 135,
        "along_track_m": 135.0,
        "achieved_heading": 23.392236186902096,
        "target_bearing": 20.07275696369129,
        "fix_type": 6,
        "hacc_m": 0.014,
        "corrupt": false,
        "position_interpolated": true,
        "captured_at_utc": "2026-06-16T17:34:12.653595+00:00"
      },
      "geometry": {
        "type": "Point",
        "coordinates": [
          -114.00443916885199,
          46.676390126230224
        ]
      }
    },
    {
      "type": "Feature",
      "properties": {
        "file": "leg01_m136_b020_2026-06-16T11-34-13.jpg",
        "leg": "leg01",
        "mark_index": 136,
        "along_track_m": 136.0,
        "achieved_heading": 24.284209278587923,
        "target_bearing": 20.07275696369129,
        "fix_type": 6,
        "hacc_m": 0.014,
        "corrupt": false,
        "position_interpolated": true,
        "captured_at_utc": "2026-06-16T17:34:13.784306+00:00"
      },
      "geometry": {
        "type": "Point",
        "coordinates": [
          -114.00443431241668,
          46.676399047215654
        ]
      }
    },
    {
      "type": "Feature",
      "properties": {
        "file": "leg01_m137_b020_2026-06-16T11-34-14.jpg",
        "leg": "leg01",
        "mark_index": 137,
        "along_track_m": 137.0,
        "achieved_heading": 23.51571119214259,
        "target_bearing": 20.07275696369129,
        "fix_type": 6,
        "hacc_m": 0.014,
        "corrupt": false,
        "position_interpolated": true,
        "captured_at_utc": "2026-06-16T17:34:14.838145+00:00"
      },
      "geometry": {
        "type": "Point",
        "coordinates": [
          -114.00442982507052,
          46.676407138779176
        ]
      }
    },
    {
      "type": "Feature",
      "properties": {
        "file": "leg01_m138_b020_2026-06-16T11-34-15.jpg",
        "leg": "leg01",
        "mark_index": 138,
        "along_track_m": 138.0,
        "achieved_heading": 22.43254563364576,
        "target_bearing": 20.07275696369129,
        "fix_type": 6,
        "hacc_m": 0.014,
        "corrupt": false,
        "position_interpolated": true,
        "captured_at_utc": "2026-06-16T17:34:15.610142+00:00"
      },
      "geometry": {
        "type": "Point",
        "coordinates": [
          -114.00442671826944,
          46.67641338420278
        ]
      }
    },
    {
      "type": "Feature",
      "properties": {
        "file": "leg01_m139_b020_2026-06-16T11-34-17.jpg",
        "leg": "leg01",
        "mark_index": 139,
        "along_track_m": 139.0,
        "achieved_heading": 23.672247165560762,
        "target_bearing": 20.07275696369129,
        "fix_type": 6,
        "hacc_m": 0.014,
        "corrupt": false,
        "position_interpolated": true,
        "captured_at_utc": "2026-06-16T17:34:16.851586+00:00"
      },
      "geometry": {
        "type": "Point",
        "coordinates": [
          -114.00442129773946,
          46.67642306660817
        ]
      }
    },
    {
      "type": "Feature",
      "properties": {
        "file": "leg01_m140_b020_2026-06-16T11-34-18.jpg",
        "leg": "leg01",
        "mark_index": 140,
        "along_track_m": 140.0,
        "achieved_heading": 23.33086566186266,
        "target_bearing": 20.07275696369129,
        "fix_type": 6,
        "hacc_m": 0.014,
        "corrupt": false,
        "position_interpolated": true,
        "captured_at_utc": "2026-06-16T17:34:17.642044+00:00"
      },
      "geometry": {
        "type": "Point",
        "coordinates": [
          -114.00441780708472,
          46.67642942784052
        ]
      }
    },
    {
      "type": "Feature",
      "properties": {
        "file": "leg01_m142_b020_2026-06-16T11-34-26.jpg",
        "leg": "leg01",
        "mark_index": 142,
        "along_track_m": 142.0,
        "achieved_heading": 24.91607101330729,
        "target_bearing": 20.07275696369129,
        "fix_type": 6,
        "hacc_m": 0.014,
        "corrupt": false,
        "position_interpolated": true,
        "captured_at_utc": "2026-06-16T17:34:26.236140+00:00"
      },
      "geometry": {
        "type": "Point",
        "coordinates": [
          -114.00440572640532,
          46.676453838387566
        ]
      }
    },
    {
      "type": "Feature",
      "properties": {
        "file": "leg01_m143_b020_2026-06-16T11-34-27.jpg",
        "leg": "leg01",
        "mark_index": 143,
        "along_track_m": 143.0,
        "achieved_heading": 25.460677914349134,
        "target_bearing": 20.07275696369129,
        "fix_type": 6,
        "hacc_m": 0.014,
        "corrupt": false,
        "position_interpolated": true,
        "captured_at_utc": "2026-06-16T17:34:27.268224+00:00"
      },
      "geometry": {
        "type": "Point",
        "coordinates": [
          -114.00440353916713,
          46.6764580573326
        ]
      }
    },
    {
      "type": "Feature",
      "properties": {
        "file": "leg01_m144_b020_2026-06-16T11-34-28.jpg",
        "leg": "leg01",
        "mark_index": 144,
        "along_track_m": 144.0,
        "achieved_heading": 24.394116978713114,
        "target_bearing": 20.07275696369129,
        "fix_type": 6,
        "hacc_m": 0.014,
        "corrupt": false,
        "position_interpolated": true,
        "captured_at_utc": "2026-06-16T17:34:28.269296+00:00"
      },
      "geometry": {
        "type": "Point",
        "coordinates": [
          -114.00439859868493,
          46.67646596900456
        ]
      }
    },
    {
      "type": "Feature",
      "properties": {
        "file": "leg01_m145_b020_2026-06-16T11-34-29.jpg",
        "leg": "leg01",
        "mark_index": 145,
        "along_track_m": 145.0,
        "achieved_heading": 22.61800307846545,
        "target_bearing": 20.07275696369129,
        "fix_type": 6,
        "hacc_m": 0.014,
        "corrupt": false,
        "position_interpolated": true,
        "captured_at_utc": "2026-06-16T17:34:29.394257+00:00"
      },
      "geometry": {
        "type": "Point",
        "coordinates": [
          -114.00439323465807,
          46.67647477171898
        ]
      }
    },
    {
      "type": "Feature",
      "properties": {
        "file": "leg01_m146_b020_2026-06-16T11-34-30.jpg",
        "leg": "leg01",
        "mark_index": 146,
        "along_track_m": 146.0,
        "achieved_heading": 20.69245844752868,
        "target_bearing": 20.07275696369129,
        "fix_type": 6,
        "hacc_m": 0.014,
        "corrupt": false,
        "position_interpolated": true,
        "captured_at_utc": "2026-06-16T17:34:30.409580+00:00"
      },
      "geometry": {
        "type": "Point",
        "coordinates": [
          -114.00438930253219,
          46.67648309493561
        ]
      }
    },
    {
      "type": "Feature",
      "properties": {
        "file": "leg01_m147_b020_2026-06-16T11-34-31.jpg",
        "leg": "leg01",
        "mark_index": 147,
        "along_track_m": 147.0,
        "achieved_heading": 21.690961491030123,
        "target_bearing": 20.07275696369129,
        "fix_type": 6,
        "hacc_m": 0.014,
        "corrupt": false,
        "position_interpolated": true,
        "captured_at_utc": "2026-06-16T17:34:31.433816+00:00"
      },
      "geometry": {
        "type": "Point",
        "coordinates": [
          -114.00438524047722,
          46.67649132176633
        ]
      }
    },
    {
      "type": "Feature",
      "properties": {
        "file": "leg01_m148_b020_2026-06-16T11-34-32.jpg",
        "leg": "leg01",
        "mark_index": 148,
        "along_track_m": 148.0,
        "achieved_heading": 21.476075450922977,
        "target_bearing": 20.07275696369129,
        "fix_type": 6,
        "hacc_m": 0.014,
        "corrupt": false,
        "position_interpolated": true,
        "captured_at_utc": "2026-06-16T17:34:32.554494+00:00"
      },
      "geometry": {
        "type": "Point",
        "coordinates": [
          -114.00438076214877,
          46.67650018110977
        ]
      }
    },
    {
      "type": "Feature",
      "properties": {
        "file": "leg01_m149_b020_2026-06-16T11-34-33.jpg",
        "leg": "leg01",
        "mark_index": 149,
        "along_track_m": 149.0,
        "achieved_heading": 24.75996648193008,
        "target_bearing": 20.07275696369129,
        "fix_type": 6,
        "hacc_m": 0.014,
        "corrupt": false,
        "position_interpolated": true,
        "captured_at_utc": "2026-06-16T17:34:33.647360+00:00"
      },
      "geometry": {
        "type": "Point",
        "coordinates": [
          -114.00437621891008,
          46.676508771634865
        ]
      }
    },
    {
      "type": "Feature",
      "properties": {
        "file": "leg01_m150_b020_2026-06-16T11-34-34.jpg",
        "leg": "leg01",
        "mark_index": 150,
        "along_track_m": 150.0,
        "achieved_heading": 30.293759994796346,
        "target_bearing": 20.07275696369129,
        "fix_type": 6,
        "hacc_m": 0.014,
        "corrupt": false,
        "position_interpolated": true,
        "captured_at_utc": "2026-06-16T17:34:34.562668+00:00"
      },
      "geometry": {
        "type": "Point",
        "coordinates": [
          -114.00437167318911,
          46.67651574599776
        ]
      }
    },
    {
      "type": "Feature",
      "properties": {
        "file": "leg02_m000_b290_2026-06-16T11-34-39.jpg",
        "leg": "leg02",
        "mark_index": 0,
        "along_track_m": 0.0,
        "achieved_heading": 292.14738989172133,
        "target_bearing": 290.1905503548921,
        "fix_type": 6,
        "hacc_m": 0.014,
        "corrupt": false,
        "position_interpolated": true,
        "captured_at_utc": "2026-06-16T17:34:39.608754+00:00"
      },
      "geometry": {
        "type": "Point",
        "coordinates": [
          -114.00436878966512,
          46.676521161244224
        ]
      }
    },
    {
      "type": "Feature",
      "properties": {
        "file": "leg02_m001_b290_2026-06-16T11-34-41.jpg",
        "leg": "leg02",
        "mark_index": 1,
        "along_track_m": 1.0,
        "achieved_heading": 290.3929931230307,
        "target_bearing": 290.1905503548921,
        "fix_type": 6,
        "hacc_m": 0.014,
        "corrupt": false,
        "position_interpolated": true,
        "captured_at_utc": "2026-06-16T17:34:41.073628+00:00"
      },
      "geometry": {
        "type": "Point",
        "coordinates": [
          -114.00437881201054,
          46.676523923603156
        ]
      }
    },
    {
      "type": "Feature",
      "properties": {
        "file": "leg02_m002_b290_2026-06-16T11-34-42.jpg",
        "leg": "leg02",
        "mark_index": 2,
        "along_track_m": 2.0,
        "achieved_heading": 288.6525765245413,
        "target_bearing": 290.1905503548921,
        "fix_type": 6,
        "hacc_m": 0.014,
        "corrupt": false,
        "position_interpolated": true,
        "captured_at_utc": "2026-06-16T17:34:42.117731+00:00"
      },
      "geometry": {
        "type": "Point",
        "coordinates": [
          -114.00439151128805,
          46.676526670486815
        ]
      }
    },
    {
      "type": "Feature",
      "properties": {
        "file": "leg02_m003_b290_2026-06-16T11-34-43.jpg",
        "leg": "leg02",
        "mark_index": 3,
        "along_track_m": 3.0,
        "achieved_heading": 286.6377131421842,
        "target_bearing": 290.1905503548921,
        "fix_type": 6,
        "hacc_m": 0.014,
        "corrupt": false,
        "position_interpolated": true,
        "captured_at_utc": "2026-06-16T17:34:43.192077+00:00"
      },
      "geometry": {
        "type": "Point",
        "coordinates": [
          -114.00440441958841,
          46.67652922698619
        ]
      }
    },
    {
      "type": "Feature",
      "properties": {
        "file": "leg02_m004_b290_2026-06-16T11-34-44.jpg",
        "leg": "leg02",
        "mark_index": 4,
        "along_track_m": 4.0,
        "achieved_heading": 286.5489236199096,
        "target_bearing": 290.1905503548921,
        "fix_type": 6,
        "hacc_m": 0.014,
        "corrupt": false,
        "position_interpolated": true,
        "captured_at_utc": "2026-06-16T17:34:44.232784+00:00"
      },
      "geometry": {
        "type": "Point",
        "coordinates": [
          -114.00441708614133,
          46.67653168334121
        ]
      }
    },
    {
      "type": "Feature",
      "properties": {
        "file": "leg02_m005_b290_2026-06-16T11-34-45.jpg",
        "leg": "leg02",
        "mark_index": 5,
        "along_track_m": 4.871,
        "achieved_heading": 288.13032434674676,
        "target_bearing": 290.1905503548921,
        "fix_type": 6,
        "hacc_m": 0.014,
        "corrupt": false,
        "position_interpolated": true,
        "captured_at_utc": "2026-06-16T17:34:44.997926+00:00"
      },
      "geometry": {
        "type": "Point",
        "coordinates": [
          -114.0044264881103,
          46.67653349702757
        ]
      }
    },
    {
      "type": "Feature",
      "properties": {
        "file": "leg03_m000_b200_2026-06-16T11-34-49.jpg",
        "leg": "leg03",
        "mark_index": 0,
        "along_track_m": 0.0,
        "achieved_heading": 199.08494805318256,
        "target_bearing": 200.07320416166903,
        "fix_type": 6,
        "hacc_m": 0.014,
        "corrupt": false,
        "position_interpolated": true,
        "captured_at_utc": "2026-06-16T17:34:49.406065+00:00"
      },
      "geometry": {
        "type": "Point",
        "coordinates": [
          -114.0044315963642,
          46.67653438560614
        ]
      }
    },
    {
      "type": "Feature",
      "properties": {
        "file": "leg03_m001_b200_2026-06-16T11-34-51.jpg",
        "leg": "leg03",
        "mark_index": 1,
        "along_track_m": 1.0,
        "achieved_heading": 198.69762858367412,
        "target_bearing": 200.07320416166903,
        "fix_type": 6,
        "hacc_m": 0.014,
        "corrupt": false,
        "position_interpolated": true,
        "captured_at_utc": "2026-06-16T17:34:51.029841+00:00"
      },
      "geometry": {
        "type": "Point",
        "coordinates": [
          -114.00443539952813,
          46.67652682591423
        ]
      }
    },
    {
      "type": "Feature",
      "properties": {
        "file": "leg03_m002_b200_2026-06-16T11-34-52.jpg",
        "leg": "leg03",
        "mark_index": 2,
        "along_track_m": 2.0,
        "achieved_heading": 199.70167982386138,
        "target_bearing": 200.07320416166903,
        "fix_type": 6,
        "hacc_m": 0.014,
        "corrupt": false,
        "position_interpolated": true,
        "captured_at_utc": "2026-06-16T17:34:51.935310+00:00"
      },
      "geometry": {
        "type": "Point",
        "coordinates": [
          -114.0044390099096,
          46.67651978238291
        ]
      }
    },
    {
      "type": "Feature",
      "properties": {
        "file": "leg03_m003_b200_2026-06-16T11-34-53.jpg",
        "leg": "leg03",
        "mark_index": 3,
        "along_track_m": 3.0,
        "achieved_heading": 199.18573132934605,
        "target_bearing": 200.07320416166903,
        "fix_type": 6,
        "hacc_m": 0.014,
        "corrupt": false,
        "position_interpolated": true,
        "captured_at_utc": "2026-06-16T17:34:53.211038+00:00"
      },
      "geometry": {
        "type": "Point",
        "coordinates": [
          -114.00444389262302,
          46.67650961475396
        ]
      }
    },
    {
      "type": "Feature",
      "properties": {
        "file": "leg03_m004_b200_2026-06-16T11-34-54.jpg",
        "leg": "leg03",
        "mark_index": 4,
        "along_track_m": 4.0,
        "achieved_heading": 198.9107855560844,
        "target_bearing": 200.07320416166903,
        "fix_type": 6,
        "hacc_m": 0.014,
        "corrupt": false,
        "position_interpolated": true,
        "captured_at_utc": "2026-06-16T17:34:54.252662+00:00"
      },
      "geometry": {
        "type": "Point",
        "coordinates": [
          -114.00444827110918,
          46.67650131320623
        ]
      }
    },
    {
      "type": "Feature",
      "properties": {
        "file": "leg03_m005_b200_2026-06-16T11-34-55.jpg",
        "leg": "leg03",
        "mark_index": 5,
        "along_track_m": 5.0,
        "achieved_heading": 196.69199901522984,
        "target_bearing": 200.07320416166903,
        "fix_type": 6,
        "hacc_m": 0.014,
        "corrupt": false,
        "position_interpolated": true,
        "captured_at_utc": "2026-06-16T17:34:55.602114+00:00"
      },
      "geometry": {
        "type": "Point",
        "coordinates": [
          -114.00445235285596,
          46.676492622043504
        ]
      }
    },
    {
      "type": "Feature",
      "properties": {
        "file": "leg03_m006_b200_2026-06-16T11-34-56.jpg",
        "leg": "leg03",
        "mark_index": 6,
        "along_track_m": 6.0,
        "achieved_heading": 198.7399954158624,
        "target_bearing": 200.07320416166903,
        "fix_type": 6,
        "hacc_m": 0.014,
        "corrupt": false,
        "position_interpolated": true,
        "captured_at_utc": "2026-06-16T17:34:56.658477+00:00"
      },
      "geometry": {
        "type": "Point",
        "coordinates": [
          -114.00445635424944,
          46.676483930934516
        ]
      }
    },
    {
      "type": "Feature",
      "properties": {
        "file": "leg03_m007_b200_2026-06-16T11-34-57.jpg",
        "leg": "leg03",
        "mark_index": 7,
        "along_track_m": 7.0,
        "achieved_heading": 201.01024423643716,
        "target_bearing": 200.07320416166903,
        "fix_type": 6,
        "hacc_m": 0.014,
        "corrupt": false,
        "position_interpolated": true,
        "captured_at_utc": "2026-06-16T17:34:57.672225+00:00"
      },
      "geometry": {
        "type": "Point",
        "coordinates": [
          -114.0044601985496,
          46.676475731679446
        ]
      }
    },
    {
      "type": "Feature",
      "properties": {
        "file": "leg03_m008_b200_2026-06-16T11-34-58.jpg",
        "leg": "leg03",
        "mark_index": 8,
        "along_track_m": 8.0,
        "achieved_heading": 202.31319057319104,
        "target_bearing": 200.07320416166903,
        "fix_type": 6,
        "hacc_m": 0.014,
        "corrupt": false,
        "position_interpolated": true,
        "captured_at_utc": "2026-06-16T17:34:58.713382+00:00"
      },
      "geometry": {
        "type": "Point",
        "coordinates": [
          -114.00446530217398,
          46.67646738478247
        ]
      }
    },
    {
      "type": "Feature",
      "properties": {
        "file": "leg03_m009_b200_2026-06-16T11-34-59.jpg",
        "leg": "leg03",
        "mark_index": 9,
        "along_track_m": 9.0,
        "achieved_heading": 199.1456618175348,
        "target_bearing": 200.07320416166903,
        "fix_type": 6,
        "hacc_m": 0.014,
        "corrupt": false,
        "position_interpolated": true,
        "captured_at_utc": "2026-06-16T17:34:59.769600+00:00"
      },
      "geometry": {
        "type": "Point",
        "coordinates": [
          -114.00446982680091,
          46.67645871443844
        ]
      }
    },
    {
      "type": "Feature",
      "properties": {
        "file": "leg03_m010_b200_2026-06-16T11-35-00.jpg",
        "leg": "leg03",
        "mark_index": 10,
        "along_track_m": 10.0,
        "achieved_heading": 199.7948345333168,
        "target_bearing": 200.07320416166903,
        "fix_type": 6,
        "hacc_m": 0.014,
        "corrupt": false,
        "position_interpolated": true,
        "captured_at_utc": "2026-06-16T17:35:00.800204+00:00"
      },
      "geometry": {
        "type": "Point",
        "coordinates": [
          -114.00447428658065,
          46.67645029052329
        ]
      }
    },
    {
      "type": "Feature",
      "properties": {
        "file": "leg03_m011_b200_2026-06-16T11-35-01.jpg",
        "leg": "leg03",
        "mark_index": 11,
        "along_track_m": 11.0,
        "achieved_heading": 199.8287470139579,
        "target_bearing": 200.07320416166903,
        "fix_type": 6,
        "hacc_m": 0.014,
        "corrupt": false,
        "position_interpolated": true,
        "captured_at_utc": "2026-06-16T17:35:01.855276+00:00"
      },
      "geometry": {
        "type": "Point",
        "coordinates": [
          -114.004478804497,
          46.67644165406812
        ]
      }
    },
    {
      "type": "Feature",
      "properties": {
        "file": "leg03_m012_b200_2026-06-16T11-35-03.jpg",
        "leg": "leg03",
        "mark_index": 12,
        "along_track_m": 12.0,
        "achieved_heading": 199.5795072968181,
        "target_bearing": 200.07320416166903,
        "fix_type": 6,
        "hacc_m": 0.014,
        "corrupt": false,
        "position_interpolated": true,
        "captured_at_utc": "2026-06-16T17:35:02.914008+00:00"
      },
      "geometry": {
        "type": "Point",
        "coordinates": [
          -114.0044835141941,
          46.67643325254379
        ]
      }
    },
    {
      "type": "Feature",
      "properties": {
        "file": "leg03_m013_b200_2026-06-16T11-35-04.jpg",
        "leg": "leg03",
        "mark_index": 13,
        "along_track_m": 13.0,
        "achieved_heading": 199.63296667824494,
        "target_bearing": 200.07320416166903,
        "fix_type": 6,
        "hacc_m": 0.014,
        "corrupt": false,
        "position_interpolated": true,
        "captured_at_utc": "2026-06-16T17:35:03.943353+00:00"
      },
      "geometry": {
        "type": "Point",
        "coordinates": [
          -114.00448756577917,
          46.67642499236134
        ]
      }
    },
    {
      "type": "Feature",
      "properties": {
        "file": "leg03_m014_b200_2026-06-16T11-35-05.jpg",
        "leg": "leg03",
        "mark_index": 14,
        "along_track_m": 14.0,
        "achieved_heading": 200.025089511055,
        "target_bearing": 200.07320416166903,
        "fix_type": 6,
        "hacc_m": 0.014,
        "corrupt": false,
        "position_interpolated": true,
        "captured_at_utc": "2026-06-16T17:35:04.959264+00:00"
      },
      "geometry": {
        "type": "Point",
        "coordinates": [
          -114.0044924398505,
          46.6764163513769
        ]
      }
    },
    {
      "type": "Feature",
      "properties": {
        "file": "leg03_m015_b200_2026-06-16T11-35-06.jpg",
        "leg": "leg03",
        "mark_index": 15,
        "along_track_m": 15.0,
        "achieved_heading": 200.727887091489,
        "target_bearing": 200.07320416166903,
        "fix_type": 6,
        "hacc_m": 0.014,
        "corrupt": false,
        "position_interpolated": true,
        "captured_at_utc": "2026-06-16T17:35:06.002120+00:00"
      },
      "geometry": {
        "type": "Point",
        "coordinates": [
          -114.00449680925882,
          46.676407850206516
        ]
      }
    },
    {
      "type": "Feature",
      "properties": {
        "file": "leg03_m016_b200_2026-06-16T11-35-07.jpg",
        "leg": "leg03",
        "mark_index": 16,
        "along_track_m": 16.0,
        "achieved_heading": 201.11004675121006,
        "target_bearing": 200.07320416166903,
        "fix_type": 6,
        "hacc_m": 0.014,
        "corrupt": false,
        "position_interpolated": true,
        "captured_at_utc": "2026-06-16T17:35:07.006729+00:00"
      },
      "geometry": {
        "type": "Point",
        "coordinates": [
          -114.00450127195548,
          46.67639977354866
        ]
      }
    },
    {
      "type": "Feature",
      "properties": {
        "file": "leg03_m017_b200_2026-06-16T11-35-08.jpg",
        "leg": "leg03",
        "mark_index": 17,
        "along_track_m": 17.0,
        "achieved_heading": 200.39732290715992,
        "target_bearing": 200.07320416166903,
        "fix_type": 6,
        "hacc_m": 0.014,
        "corrupt": false,
        "position_interpolated": true,
        "captured_at_utc": "2026-06-16T17:35:08.097713+00:00"
      },
      "geometry": {
        "type": "Point",
        "coordinates": [
          -114.00450603666955,
          46.67639102666088
        ]
      }
    },
    {
      "type": "Feature",
      "properties": {
        "file": "leg03_m018_b200_2026-06-16T11-35-09.jpg",
        "leg": "leg03",
        "mark_index": 18,
        "along_track_m": 18.0,
        "achieved_heading": 200.47565849368453,
        "target_bearing": 200.07320416166903,
        "fix_type": 6,
        "hacc_m": 0.014,
        "corrupt": false,
        "position_interpolated": true,
        "captured_at_utc": "2026-06-16T17:35:09.084108+00:00"
      },
      "geometry": {
        "type": "Point",
        "coordinates": [
          -114.00451045234814,
          46.67638306778682
        ]
      }
    },
    {
      "type": "Feature",
      "properties": {
        "file": "leg03_m019_b200_2026-06-16T11-35-10.jpg",
        "leg": "leg03",
        "mark_index": 19,
        "along_track_m": 19.0,
        "achieved_heading": 199.10026534900112,
        "target_bearing": 200.07320416166903,
        "fix_type": 6,
        "hacc_m": 0.014,
        "corrupt": false,
        "position_interpolated": true,
        "captured_at_utc": "2026-06-16T17:35:10.153958+00:00"
      },
      "geometry": {
        "type": "Point",
        "coordinates": [
          -114.00451494715306,
          46.6763744109331
        ]
      }
    },
    {
      "type": "Feature",
      "properties": {
        "file": "leg03_m020_b200_2026-06-16T11-35-11.jpg",
        "leg": "leg03",
        "mark_index": 20,
        "along_track_m": 20.0,
        "achieved_heading": 199.7386968937051,
        "target_bearing": 200.07320416166903,
        "fix_type": 6,
        "hacc_m": 0.014,
        "corrupt": false,
        "position_interpolated": true,
        "captured_at_utc": "2026-06-16T17:35:11.204956+00:00"
      },
      "geometry": {
        "type": "Point",
        "coordinates": [
          -114.00451940322051,
          46.67636567778688
        ]
      }
    },
    {
      "type": "Feature",
      "properties": {
        "file": "leg03_m021_b200_2026-06-16T11-35-12.jpg",
        "leg": "leg03",
        "mark_index": 21,
        "along_track_m": 21.0,
        "achieved_heading": 201.8087047074264,
        "target_bearing": 200.07320416166903,
        "fix_type": 6,
        "hacc_m": 0.014,
        "corrupt": false,
        "position_interpolated": true,
        "captured_at_utc": "2026-06-16T17:35:12.097127+00:00"
      },
      "geometry": {
        "type": "Point",
        "coordinates": [
          -114.00452331164328,
          46.67635854415892
        ]
      }
    },
    {
      "type": "Feature",
      "properties": {
        "file": "leg03_m022_b200_2026-06-16T11-35-13.jpg",
        "leg": "leg03",
        "mark_index": 22,
        "along_track_m": 22.0,
        "achieved_heading": 202.32586900916849,
        "target_bearing": 200.07320416166903,
        "fix_type": 6,
        "hacc_m": 0.014,
        "corrupt": false,
        "position_interpolated": true,
        "captured_at_utc": "2026-06-16T17:35:13.256361+00:00"
      },
      "geometry": {
        "type": "Point",
        "coordinates": [
          -114.00452866524601,
          46.6763490951182
        ]
      }
    },
    {
      "type": "Feature",
      "properties": {
        "file": "leg03_m023_b200_2026-06-16T11-35-14.jpg",
        "leg": "leg03",
        "mark_index": 23,
        "along_track_m": 23.0,
        "achieved_heading": 200.41404948606174,
        "target_bearing": 200.07320416166903,
        "fix_type": 6,
        "hacc_m": 0.014,
        "corrupt": false,
        "position_interpolated": true,
        "captured_at_utc": "2026-06-16T17:35:14.282783+00:00"
      },
      "geometry": {
        "type": "Point",
        "coordinates": [
          -114.00453288805193,
          46.67634089740262
        ]
      }
    },
    {
      "type": "Feature",
      "properties": {
        "file": "leg03_m024_b200_2026-06-16T11-35-15.jpg",
        "leg": "leg03",
        "mark_index": 24,
        "along_track_m": 24.0,
        "achieved_heading": 199.56286156742797,
        "target_bearing": 200.07320416166903,
        "fix_type": 6,
        "hacc_m": 0.014,
        "corrupt": false,
        "position_interpolated": true,
        "captured_at_utc": "2026-06-16T17:35:15.409288+00:00"
      },
      "geometry": {
        "type": "Point",
        "coordinates": [
          -114.00453768232953,
          46.676331604889754
        ]
      }
    },
    {
      "type": "Feature",
      "properties": {
        "file": "leg03_m025_b200_2026-06-16T11-35-16.jpg",
        "leg": "leg03",
        "mark_index": 25,
        "along_track_m": 25.0,
        "achieved_heading": 200.35196991665032,
        "target_bearing": 200.07320416166903,
        "fix_type": 6,
        "hacc_m": 0.014,
        "corrupt": false,
        "position_interpolated": true,
        "captured_at_utc": "2026-06-16T17:35:16.157166+00:00"
      },
      "geometry": {
        "type": "Point",
        "coordinates": [
          -114.00454066754932,
          46.67632557991231
        ]
      }
    },
    {
      "type": "Feature",
      "properties": {
        "file": "leg03_m027_b200_2026-06-16T11-35-24.jpg",
        "leg": "leg03",
        "mark_index": 27,
        "along_track_m": 27.0,
        "achieved_heading": 200.48997934761786,
        "target_bearing": 200.07320416166903,
        "fix_type": 6,
        "hacc_m": 0.014,
        "corrupt": false,
        "position_interpolated": true,
        "captured_at_utc": "2026-06-16T17:35:24.562420+00:00"
      },
      "geometry": {
        "type": "Point",
        "coordinates": [
          -114.00455435819478,
          46.67630049754548
        ]
      }
    },
    {
      "type": "Feature",
      "properties": {
        "file": "leg03_m028_b200_2026-06-16T11-35-25.jpg",
        "leg": "leg03",
        "mark_index": 28,
        "along_track_m": 28.0,
        "achieved_heading": 199.94045992486392,
        "target_bearing": 200.07320416166903,
        "fix_type": 6,
        "hacc_m": 0.014,
        "corrupt": false,
        "position_interpolated": true,
        "captured_at_utc": "2026-06-16T17:35:25.404199+00:00"
      },
      "geometry": {
        "type": "Point",
        "coordinates": [
          -114.00455524640292,
          46.676298468704935
        ]
      }
    },
    {
      "type": "Feature",
      "properties": {
        "file": "leg03_m029_b200_2026-06-16T11-35-26.jpg",
        "leg": "leg03",
        "mark_index": 29,
        "along_track_m": 29.0,
        "achieved_heading": 201.6148144895747,
        "target_bearing": 200.07320416166903,
        "fix_type": 6,
        "hacc_m": 0.014,
        "corrupt": false,
        "position_interpolated": true,
        "captured_at_utc": "2026-06-16T17:35:26.735799+00:00"
      },
      "geometry": {
        "type": "Point",
        "coordinates": [
          -114.00456039999999,
          46.676287599999995
        ]
      }
    },
    {
      "type": "Feature",
      "properties": {
        "file": "leg03_m031_b200_2026-06-16T11-35-33.jpg",
        "leg": "leg03",
        "mark_index": 31,
        "along_track_m": 31.0,
        "achieved_heading": 206.0381933312829,
        "target_bearing": 200.07320416166903,
        "fix_type": 6,
        "hacc_m": 0.014,
        "corrupt": false,
        "position_interpolated": true,
        "captured_at_utc": "2026-06-16T17:35:31.560024+00:00"
      },
      "geometry": {
        "type": "Point",
        "coordinates": [
          -114.00456912922692,
          46.676272922539745
        ]
      }
    },
    {
      "type": "Feature",
      "properties": {
        "file": "leg03_m032_b200_2026-06-16T11-35-34.jpg",
        "leg": "leg03",
        "mark_index": 32,
        "along_track_m": 32.0,
        "achieved_heading": 203.27840196576298,
        "target_bearing": 200.07320416166903,
        "fix_type": 6,
        "hacc_m": 0.014,
        "corrupt": false,
        "position_interpolated": true,
        "captured_at_utc": "2026-06-16T17:35:34.014837+00:00"
      },
      "geometry": {
        "type": "Point",
        "coordinates": [
          -114.00457426402863,
          46.676265211960605
        ]
      }
    },
    {
      "type": "Feature",
      "properties": {
        "file": "leg03_m033_b200_2026-06-16T11-35-35.jpg",
        "leg": "leg03",
        "mark_index": 33,
        "along_track_m": 33.0,
        "achieved_heading": 198.8265370635734,
        "target_bearing": 200.07320416166903,
        "fix_type": 6,
        "hacc_m": 0.014,
        "corrupt": false,
        "position_interpolated": true,
        "captured_at_utc": "2026-06-16T17:35:35.058450+00:00"
      },
      "geometry": {
        "type": "Point",
        "coordinates": [
          -114.00457888924574,
          46.67625650948462
        ]
      }
    },
    {
      "type": "Feature",
      "properties": {
        "file": "leg03_m034_b200_2026-06-16T11-35-36.jpg",
        "leg": "leg03",
        "mark_index": 34,
        "along_track_m": 34.0,
        "achieved_heading": 198.49268640993523,
        "target_bearing": 200.07320416166903,
        "fix_type": 6,
        "hacc_m": 0.014,
        "corrupt": false,
        "position_interpolated": true,
        "captured_at_utc": "2026-06-16T17:35:35.940050+00:00"
      },
      "geometry": {
        "type": "Point",
        "coordinates": [
          -114.00458224697056,
          46.6762492138873
        ]
      }
    },
    {
      "type": "Feature",
      "properties": {
        "file": "leg03_m036_b200_2026-06-16T11-35-44.jpg",
        "leg": "leg03",
        "mark_index": 36,
        "along_track_m": 36.0,
        "achieved_heading": 207.83871167557163,
        "target_bearing": 200.07320416166903,
        "fix_type": 6,
        "hacc_m": 0.014,
        "corrupt": false,
        "position_interpolated": true,
        "captured_at_utc": "2026-06-16T17:35:44.935466+00:00"
      },
      "geometry": {
        "type": "Point",
        "coordinates": [
          -114.0045969,
          46.6762236
        ]
      }
    },
    {
      "type": "Feature",
      "properties": {
        "file": "leg03_m037_b200_2026-06-16T11-35-45.jpg",
        "leg": "leg03",
        "mark_index": 37,
        "along_track_m": 37.0,
        "achieved_heading": 208.20190213028872,
        "target_bearing": 200.07320416166903,
        "fix_type": 6,
        "hacc_m": 0.014,
        "corrupt": false,
        "position_interpolated": true,
        "captured_at_utc": "2026-06-16T17:35:45.420490+00:00"
      },
      "geometry": {
        "type": "Point",
        "coordinates": [
          -114.00459751040023,
          46.676222696470234
        ]
      }
    },
    {
      "type": "Feature",
      "properties": {
        "file": "leg03_m038_b200_2026-06-16T11-35-46.jpg",
        "leg": "leg03",
        "mark_index": 38,
        "along_track_m": 38.0,
        "achieved_heading": 203.97863022237942,
        "target_bearing": 200.07320416166903,
        "fix_type": 6,
        "hacc_m": 0.014,
        "corrupt": false,
        "position_interpolated": true,
        "captured_at_utc": "2026-06-16T17:35:46.548439+00:00"
      },
      "geometry": {
        "type": "Point",
        "coordinates": [
          -114.00460299999999,
          46.6762144
        ]
      }
    },
    {
      "type": "Feature",
      "properties": {
        "file": "leg03_m039_b200_2026-06-16T11-35-47.jpg",
        "leg": "leg03",
        "mark_index": 39,
        "along_track_m": 39.0,
        "achieved_heading": 200.6981685113468,
        "target_bearing": 200.07320416166903,
        "fix_type": 6,
        "hacc_m": 0.014,
        "corrupt": false,
        "position_interpolated": true,
        "captured_at_utc": "2026-06-16T17:35:47.530399+00:00"
      },
      "geometry": {
        "type": "Point",
        "coordinates": [
          -114.00460733059832,
          46.676206213304745
        ]
      }
    },
    {
      "type": "Feature",
      "properties": {
        "file": "leg03_m040_b200_2026-06-16T11-35-48.jpg",
        "leg": "leg03",
        "mark_index": 40,
        "along_track_m": 40.0,
        "achieved_heading": 198.95257517025607,
        "target_bearing": 200.07320416166903,
        "fix_type": 6,
        "hacc_m": 0.014,
        "corrupt": false,
        "position_interpolated": true,
        "captured_at_utc": "2026-06-16T17:35:48.622724+00:00"
      },
      "geometry": {
        "type": "Point",
        "coordinates": [
          -114.0046112697696,
          46.676197280614396
        ]
      }
    },
    {
      "type": "Feature",
      "properties": {
        "file": "leg03_m041_b200_2026-06-16T11-35-49.jpg",
        "leg": "leg03",
        "mark_index": 41,
        "along_track_m": 41.0,
        "achieved_heading": 200.6328775089343,
        "target_bearing": 200.07320416166903,
        "fix_type": 6,
        "hacc_m": 0.014,
        "corrupt": false,
        "position_interpolated": true,
        "captured_at_utc": "2026-06-16T17:35:49.682153+00:00"
      },
      "geometry": {
        "type": "Point",
        "coordinates": [
          -114.00461585710974,
          46.67618892486779
        ]
      }
    },
    {
      "type": "Feature",
      "properties": {
        "file": "leg03_m042_b200_2026-06-16T11-35-50.jpg",
        "leg": "leg03",
        "mark_index": 42,
        "along_track_m": 42.0,
        "achieved_heading": 200.23119885359273,
        "target_bearing": 200.07320416166903,
        "fix_type": 6,
        "hacc_m": 0.014,
        "corrupt": false,
        "position_interpolated": true,
        "captured_at_utc": "2026-06-16T17:35:50.736830+00:00"
      },
      "geometry": {
        "type": "Point",
        "coordinates": [
          -114.00462014742882,
          46.67618049159123
        ]
      }
    },
    {
      "type": "Feature",
      "properties": {
        "file": "leg03_m043_b200_2026-06-16T11-35-52.jpg",
        "leg": "leg03",
        "mark_index": 43,
        "along_track_m": 43.0,
        "achieved_heading": 202.17886542443927,
        "target_bearing": 200.07320416166903,
        "fix_type": 6,
        "hacc_m": 0.014,
        "corrupt": false,
        "position_interpolated": true,
        "captured_at_utc": "2026-06-16T17:35:51.825882+00:00"
      },
      "geometry": {
        "type": "Point",
        "coordinates": [
          -114.0046236956237,
          46.676171958205536
        ]
      }
    },
    {
      "type": "Feature",
      "properties": {
        "file": "leg03_m044_b200_2026-06-16T11-35-52.jpg",
        "leg": "leg03",
        "mark_index": 44,
        "along_track_m": 44.0,
        "achieved_heading": 203.58890103814548,
        "target_bearing": 200.07320416166903,
        "fix_type": 6,
        "hacc_m": 0.014,
        "corrupt": false,
        "position_interpolated": true,
        "captured_at_utc": "2026-06-16T17:35:52.705954+00:00"
      },
      "geometry": {
        "type": "Point",
        "coordinates": [
          -114.00462748690403,
          46.67616488849328
        ]
      }
    },
    {
      "type": "Feature",
      "properties": {
        "file": "leg03_m045_b200_2026-06-16T11-35-54.jpg",
        "leg": "leg03",
        "mark_index": 45,
        "along_track_m": 45.0,
        "achieved_heading": 203.6166104452892,
        "target_bearing": 200.07320416166903,
        "fix_type": 6,
        "hacc_m": 0.014,
        "corrupt": false,
        "position_interpolated": true,
        "captured_at_utc": "2026-06-16T17:35:53.939655+00:00"
      },
      "geometry": {
        "type": "Point",
        "coordinates": [
          -114.00463284477249,
          46.67615500485845
        ]
      }
    },
    {
      "type": "Feature",
      "properties": {
        "file": "leg03_m046_b200_2026-06-16T11-35-55.jpg",
        "leg": "leg03",
        "mark_index": 46,
        "along_track_m": 46.0,
        "achieved_heading": 203.67547274078493,
        "target_bearing": 200.07320416166903,
        "fix_type": 6,
        "hacc_m": 0.014,
        "corrupt": false,
        "position_interpolated": true,
        "captured_at_utc": "2026-06-16T17:35:55.053115+00:00"
      },
      "geometry": {
        "type": "Point",
        "coordinates": [
          -114.00463764189303,
          46.67614651184211
        ]
      }
    },
    {
      "type": "Feature",
      "properties": {
        "file": "leg03_m047_b200_2026-06-16T11-35-56.jpg",
        "leg": "leg03",
        "mark_index": 47,
        "along_track_m": 47.0,
        "achieved_heading": 201.3888324888814,
        "target_bearing": 200.07320416166903,
        "fix_type": 6,
        "hacc_m": 0.014,
        "corrupt": false,
        "position_interpolated": true,
        "captured_at_utc": "2026-06-16T17:35:56.152837+00:00"
      },
      "geometry": {
        "type": "Point",
        "coordinates": [
          -114.00464214918505,
          46.676137982712575
        ]
      }
    },
    {
      "type": "Feature",
      "properties": {
        "file": "leg03_m048_b200_2026-06-16T11-35-57.jpg",
        "leg": "leg03",
        "mark_index": 48,
        "along_track_m": 48.0,
        "achieved_heading": 201.47088524760994,
        "target_bearing": 200.07320416166903,
        "fix_type": 6,
        "hacc_m": 0.014,
        "corrupt": false,
        "position_interpolated": true,
        "captured_at_utc": "2026-06-16T17:35:57.249425+00:00"
      },
      "geometry": {
        "type": "Point",
        "coordinates": [
          -114.00464575389272,
          46.67612934895112
        ]
      }
    },
    {
      "type": "Feature",
      "properties": {
        "file": "leg03_m049_b200_2026-06-16T11-35-58.jpg",
        "leg": "leg03",
        "mark_index": 49,
        "along_track_m": 49.0,
        "achieved_heading": 204.3744989253905,
        "target_bearing": 200.07320416166903,
        "fix_type": 6,
        "hacc_m": 0.014,
        "corrupt": false,
        "position_interpolated": true,
        "captured_at_utc": "2026-06-16T17:35:58.299939+00:00"
      },
      "geometry": {
        "type": "Point",
        "coordinates": [
          -114.00464987601646,
          46.67612082749843
        ]
      }
    },
    {
      "type": "Feature",
      "properties": {
        "file": "leg03_m050_b200_2026-06-16T11-35-59.jpg",
        "leg": "leg03",
        "mark_index": 50,
        "along_track_m": 50.0,
        "achieved_heading": 204.47090263872542,
        "target_bearing": 200.07320416166903,
        "fix_type": 6,
        "hacc_m": 0.014,
        "corrupt": false,
        "position_interpolated": true,
        "captured_at_utc": "2026-06-16T17:35:59.001602+00:00"
      },
      "geometry": {
        "type": "Point",
        "coordinates": [
          -114.00465326338292,
          46.67611501858731
        ]
      }
    },
    {
      "type": "Feature",
      "properties": {
        "file": "leg03_m051_b200_2026-06-16T11-36-00.jpg",
        "leg": "leg03",
        "mark_index": 51,
        "along_track_m": 51.0,
        "achieved_heading": 202.57327127099447,
        "target_bearing": 200.07320416166903,
        "fix_type": 6,
        "hacc_m": 0.014,
        "corrupt": false,
        "position_interpolated": true,
        "captured_at_utc": "2026-06-16T17:36:00.473882+00:00"
      },
      "geometry": {
        "type": "Point",
        "coordinates": [
          -114.00465959053669,
          46.67610389386239
        ]
      }
    },
    {
      "type": "Feature",
      "properties": {
        "file": "leg03_m052_b200_2026-06-16T11-36-01.jpg",
        "leg": "leg03",
        "mark_index": 52,
        "along_track_m": 52.0,
        "achieved_heading": 201.65753239373038,
        "target_bearing": 200.07320416166903,
        "fix_type": 6,
        "hacc_m": 0.014,
        "corrupt": false,
        "position_interpolated": true,
        "captured_at_utc": "2026-06-16T17:36:01.453792+00:00"
      },
      "geometry": {
        "type": "Point",
        "coordinates": [
          -114.00466362863726,
          46.67609576711072
        ]
      }
    },
    {
      "type": "Feature",
      "properties": {
        "file": "leg03_m053_b200_2026-06-16T11-36-02.jpg",
        "leg": "leg03",
        "mark_index": 53,
        "along_track_m": 53.0,
        "achieved_heading": 200.61014775257308,
        "target_bearing": 200.07320416166903,
        "fix_type": 6,
        "hacc_m": 0.014,
        "corrupt": false,
        "position_interpolated": true,
        "captured_at_utc": "2026-06-16T17:36:02.361249+00:00"
      },
      "geometry": {
        "type": "Point",
        "coordinates": [
          -114.00466750901192,
          46.67608843878937
        ]
      }
    },
    {
      "type": "Feature",
      "properties": {
        "file": "leg03_m055_b200_2026-06-16T11-36-08.jpg",
        "leg": "leg03",
        "mark_index": 55,
        "along_track_m": 55.0,
        "achieved_heading": 201.761923820407,
        "target_bearing": 200.07320416166903,
        "fix_type": 6,
        "hacc_m": 0.014,
        "corrupt": false,
        "position_interpolated": true,
        "captured_at_utc": "2026-06-16T17:36:08.188542+00:00"
      },
      "geometry": {
        "type": "Point",
        "coordinates": [
          -114.00467646207,
          46.676070019155105
        ]
      }
    },
    {
      "type": "Feature",
      "properties": {
        "file": "leg03_m056_b200_2026-06-16T11-36-10.jpg",
        "leg": "leg03",
        "mark_index": 56,
        "along_track_m": 56.0,
        "achieved_heading": 203.6395922134958,
        "target_bearing": 200.07320416166903,
        "fix_type": 6,
        "hacc_m": 0.014,
        "corrupt": false,
        "position_interpolated": true,
        "captured_at_utc": "2026-06-16T17:36:09.934192+00:00"
      },
      "geometry": {
        "type": "Point",
        "coordinates": [
          -114.00468074099297,
          46.6760617271236
        ]
      }
    },
    {
      "type": "Feature",
      "properties": {
        "file": "leg03_m057_b200_2026-06-16T11-36-11.jpg",
        "leg": "leg03",
        "mark_index": 57,
        "along_track_m": 57.0,
        "achieved_heading": 202.93883489555486,
        "target_bearing": 200.07320416166903,
        "fix_type": 6,
        "hacc_m": 0.014,
        "corrupt": false,
        "position_interpolated": true,
        "captured_at_utc": "2026-06-16T17:36:10.982919+00:00"
      },
      "geometry": {
        "type": "Point",
        "coordinates": [
          -114.00468577174438,
          46.67605321689887
        ]
      }
    },
    {
      "type": "Feature",
      "properties": {
        "file": "leg03_m058_b200_2026-06-16T11-36-12.jpg",
        "leg": "leg03",
        "mark_index": 58,
        "along_track_m": 58.0,
        "achieved_heading": 202.4088858654889,
        "target_bearing": 200.07320416166903,
        "fix_type": 6,
        "hacc_m": 0.014,
        "corrupt": false,
        "position_interpolated": true,
        "captured_at_utc": "2026-06-16T17:36:12.015305+00:00"
      },
      "geometry": {
        "type": "Point",
        "coordinates": [
          -114.00469011684416,
          46.67604486272983
        ]
      }
    },
    {
      "type": "Feature",
      "properties": {
        "file": "leg03_m059_b200_2026-06-16T11-36-13.jpg",
        "leg": "leg03",
        "mark_index": 59,
        "along_track_m": 59.0,
        "achieved_heading": 203.0361441612369,
        "target_bearing": 200.07320416166903,
        "fix_type": 6,
        "hacc_m": 0.014,
        "corrupt": false,
        "position_interpolated": true,
        "captured_at_utc": "2026-06-16T17:36:13.067262+00:00"
      },
      "geometry": {
        "type": "Point",
        "coordinates": [
          -114.0046939125445,
          46.676036311031986
        ]
      }
    },
    {
      "type": "Feature",
      "properties": {
        "file": "leg03_m060_b200_2026-06-16T11-36-14.jpg",
        "leg": "leg03",
        "mark_index": 60,
        "along_track_m": 60.0,
        "achieved_heading": 206.40129453204094,
        "target_bearing": 200.07320416166903,
        "fix_type": 6,
        "hacc_m": 0.014,
        "corrupt": false,
        "position_interpolated": true,
        "captured_at_utc": "2026-06-16T17:36:14.130142+00:00"
      },
      "geometry": {
        "type": "Point",
        "coordinates": [
          -114.00469932291654,
          46.67602801053262
        ]
      }
    },
    {
      "type": "Feature",
      "properties": {
        "file": "leg03_m061_b200_2026-06-16T11-36-15.jpg",
        "leg": "leg03",
        "mark_index": 61,
        "along_track_m": 61.0,
        "achieved_heading": 202.59155376627518,
        "target_bearing": 200.07320416166903,
        "fix_type": 6,
        "hacc_m": 0.014,
        "corrupt": false,
        "position_interpolated": true,
        "captured_at_utc": "2026-06-16T17:36:15.230077+00:00"
      },
      "geometry": {
        "type": "Point",
        "coordinates": [
          -114.00470447743857,
          46.67601947076459
        ]
      }
    },
    {
      "type": "Feature",
      "properties": {
        "file": "leg03_m062_b200_2026-06-16T11-36-16.jpg",
        "leg": "leg03",
        "mark_index": 62,
        "along_track_m": 62.0,
        "achieved_heading": 201.80951145979415,
        "target_bearing": 200.07320416166903,
        "fix_type": 6,
        "hacc_m": 0.014,
        "corrupt": false,
        "position_interpolated": true,
        "captured_at_utc": "2026-06-16T17:36:16.263808+00:00"
      },
      "geometry": {
        "type": "Point",
        "coordinates": [
          -114.00470889004093,
          46.676010995934504
        ]
      }
    },
    {
      "type": "Feature",
      "properties": {
        "file": "leg03_m063_b200_2026-06-16T11-36-17.jpg",
        "leg": "leg03",
        "mark_index": 63,
        "along_track_m": 63.0,
        "achieved_heading": 201.774171277246,
        "target_bearing": 200.07320416166903,
        "fix_type": 6,
        "hacc_m": 0.014,
        "corrupt": false,
        "position_interpolated": true,
        "captured_at_utc": "2026-06-16T17:36:17.248453+00:00"
      },
      "geometry": {
        "type": "Point",
        "coordinates": [
          -114.00471323230961,
          46.67600278834668
        ]
      }
    },
    {
      "type": "Feature",
      "properties": {
        "file": "leg03_m064_b200_2026-06-16T11-36-18.jpg",
        "leg": "leg03",
        "mark_index": 64,
        "along_track_m": 64.0,
        "achieved_heading": 200.6640163109937,
        "target_bearing": 200.07320416166903,
        "fix_type": 6,
        "hacc_m": 0.014,
        "corrupt": false,
        "position_interpolated": true,
        "captured_at_utc": "2026-06-16T17:36:18.333042+00:00"
      },
      "geometry": {
        "type": "Point",
        "coordinates": [
          -114.00471732993608,
          46.6759940914654
        ]
      }
    },
    {
      "type": "Feature",
      "properties": {
        "file": "leg03_m065_b200_2026-06-16T11-36-19.jpg",
        "leg": "leg03",
        "mark_index": 65,
        "along_track_m": 65.0,
        "achieved_heading": 201.34502785135078,
        "target_bearing": 200.07320416166903,
        "fix_type": 6,
        "hacc_m": 0.014,
        "corrupt": false,
        "position_interpolated": true,
        "captured_at_utc": "2026-06-16T17:36:19.338740+00:00"
      },
      "geometry": {
        "type": "Point",
        "coordinates": [
          -114.00472136251409,
          46.67598588886384
        ]
      }
    },
    {
      "type": "Feature",
      "properties": {
        "file": "leg03_m067_b200_2026-06-16T11-36-25.jpg",
        "leg": "leg03",
        "mark_index": 67,
        "along_track_m": 67.0,
        "achieved_heading": 201.65892250335617,
        "target_bearing": 200.07320416166903,
        "fix_type": 6,
        "hacc_m": 0.014,
        "corrupt": false,
        "position_interpolated": true,
        "captured_at_utc": "2026-06-16T17:36:25.051442+00:00"
      },
      "geometry": {
        "type": "Point",
        "coordinates": [
          -114.00473064397787,
          46.67596872701237
        ]
      }
    },
    {
      "type": "Feature",
      "properties": {
        "file": "leg03_m068_b200_2026-06-16T11-36-27.jpg",
        "leg": "leg03",
        "mark_index": 68,
        "along_track_m": 68.0,
        "achieved_heading": 203.05958980391762,
        "target_bearing": 200.07320416166903,
        "fix_type": 6,
        "hacc_m": 0.014,
        "corrupt": false,
        "position_interpolated": true,
        "captured_at_utc": "2026-06-16T17:36:26.978382+00:00"
      },
      "geometry": {
        "type": "Point",
        "coordinates": [
          -114.00473471737996,
          46.675959865240074
        ]
      }
    },
    {
      "type": "Feature",
      "properties": {
        "file": "leg03_m069_b200_2026-06-16T11-36-28.jpg",
        "leg": "leg03",
        "mark_index": 69,
        "along_track_m": 69.0,
        "achieved_heading": 204.5873909873377,
        "target_bearing": 200.07320416166903,
        "fix_type": 6,
        "hacc_m": 0.014,
        "corrupt": false,
        "position_interpolated": true,
        "captured_at_utc": "2026-06-16T17:36:27.988369+00:00"
      },
      "geometry": {
        "type": "Point",
        "coordinates": [
          -114.00473936703553,
          46.675951913052856
        ]
      }
    },
    {
      "type": "Feature",
      "properties": {
        "file": "leg03_m070_b200_2026-06-16T11-36-29.jpg",
        "leg": "leg03",
        "mark_index": 70,
        "along_track_m": 70.0,
        "achieved_heading": 203.6962257443563,
        "target_bearing": 200.07320416166903,
        "fix_type": 6,
        "hacc_m": 0.014,
        "corrupt": false,
        "position_interpolated": true,
        "captured_at_utc": "2026-06-16T17:36:29.042559+00:00"
      },
      "geometry": {
        "type": "Point",
        "coordinates": [
          -114.00474400110745,
          46.67594356482089
        ]
      }
    },
    {
      "type": "Feature",
      "properties": {
        "file": "leg03_m071_b200_2026-06-16T11-36-30.jpg",
        "leg": "leg03",
        "mark_index": 71,
        "along_track_m": 71.0,
        "achieved_heading": 202.0003057432172,
        "target_bearing": 200.07320416166903,
        "fix_type": 6,
        "hacc_m": 0.014,
        "corrupt": false,
        "position_interpolated": true,
        "captured_at_utc": "2026-06-16T17:36:30.093516+00:00"
      },
      "geometry": {
        "type": "Point",
        "coordinates": [
          -114.0047484516552,
          46.67593483907381
        ]
      }
    },
    {
      "type": "Feature",
      "properties": {
        "file": "leg03_m072_b200_2026-06-16T11-36-31.jpg",
        "leg": "leg03",
        "mark_index": 72,
        "along_track_m": 72.0,
        "achieved_heading": 202.1278876627631,
        "target_bearing": 200.07320416166903,
        "fix_type": 6,
        "hacc_m": 0.014,
        "corrupt": false,
        "position_interpolated": true,
        "captured_at_utc": "2026-06-16T17:36:31.140160+00:00"
      },
      "geometry": {
        "type": "Point",
        "coordinates": [
          -114.00475243549835,
          46.67592641886092
        ]
      }
    },
    {
      "type": "Feature",
      "properties": {
        "file": "leg03_m073_b200_2026-06-16T11-36-32.jpg",
        "leg": "leg03",
        "mark_index": 73,
        "along_track_m": 73.0,
        "achieved_heading": 203.60778292560423,
        "target_bearing": 200.07320416166903,
        "fix_type": 6,
        "hacc_m": 0.014,
        "corrupt": false,
        "position_interpolated": true,
        "captured_at_utc": "2026-06-16T17:36:32.209915+00:00"
      },
      "geometry": {
        "type": "Point",
        "coordinates": [
          -114.00475698253052,
          46.675917826204206
        ]
      }
    },
    {
      "type": "Feature",
      "properties": {
        "file": "leg03_m074_b200_2026-06-16T11-36-33.jpg",
        "leg": "leg03",
        "mark_index": 74,
        "along_track_m": 74.0,
        "achieved_heading": 203.40059728423722,
        "target_bearing": 200.07320416166903,
        "fix_type": 6,
        "hacc_m": 0.014,
        "corrupt": false,
        "position_interpolated": true,
        "captured_at_utc": "2026-06-16T17:36:33.229797+00:00"
      },
      "geometry": {
        "type": "Point",
        "coordinates": [
          -114.00476190102833,
          46.67590959835464
        ]
      }
    },
    {
      "type": "Feature",
      "properties": {
        "file": "leg03_m075_b200_2026-06-16T11-36-34.jpg",
        "leg": "leg03",
        "mark_index": 75,
        "along_track_m": 75.0,
        "achieved_heading": 201.46488827986022,
        "target_bearing": 200.07320416166903,
        "fix_type": 6,
        "hacc_m": 0.014,
        "corrupt": false,
        "position_interpolated": true,
        "captured_at_utc": "2026-06-16T17:36:34.230805+00:00"
      },
      "geometry": {
        "type": "Point",
        "coordinates": [
          -114.00476597584216,
          46.67590152482555
        ]
      }
    },
    {
      "type": "Feature",
      "properties": {
        "file": "leg03_m076_b200_2026-06-16T11-36-35.jpg",
        "leg": "leg03",
        "mark_index": 76,
        "along_track_m": 76.0,
        "achieved_heading": 202.44073375936904,
        "target_bearing": 200.07320416166903,
        "fix_type": 6,
        "hacc_m": 0.014,
        "corrupt": false,
        "position_interpolated": true,
        "captured_at_utc": "2026-06-16T17:36:35.391202+00:00"
      },
      "geometry": {
        "type": "Point",
        "coordinates": [
          -114.00477054918917,
          46.67589228604732
        ]
      }
    },
    {
      "type": "Feature",
      "properties": {
        "file": "leg03_m077_b200_2026-06-16T11-36-36.jpg",
        "leg": "leg03",
        "mark_index": 77,
        "along_track_m": 77.0,
        "achieved_heading": 203.95784514578375,
        "target_bearing": 200.07320416166903,
        "fix_type": 6,
        "hacc_m": 0.014,
        "corrupt": false,
        "position_interpolated": true,
        "captured_at_utc": "2026-06-16T17:36:36.387860+00:00"
      },
      "geometry": {
        "type": "Point",
        "coordinates": [
          -114.00477477344977,
          46.675884183483774
        ]
      }
    },
    {
      "type": "Feature",
      "properties": {
        "file": "leg03_m078_b200_2026-06-16T11-36-37.jpg",
        "leg": "leg03",
        "mark_index": 78,
        "along_track_m": 78.0,
        "achieved_heading": 203.17911535811817,
        "target_bearing": 200.07320416166903,
        "fix_type": 6,
        "hacc_m": 0.014,
        "corrupt": false,
        "position_interpolated": true,
        "captured_at_utc": "2026-06-16T17:36:37.457911+00:00"
      },
      "geometry": {
        "type": "Point",
        "coordinates": [
          -114.00477999489567,
          46.67587564240769
        ]
      }
    },
    {
      "type": "Feature",
      "properties": {
        "file": "leg03_m079_b200_2026-06-16T11-36-38.jpg",
        "leg": "leg03",
        "mark_index": 79,
        "along_track_m": 79.0,
        "achieved_heading": 202.12285956113845,
        "target_bearing": 200.07320416166903,
        "fix_type": 6,
        "hacc_m": 0.014,
        "corrupt": false,
        "position_interpolated": true,
        "captured_at_utc": "2026-06-16T17:36:38.490976+00:00"
      },
      "geometry": {
        "type": "Point",
        "coordinates": [
          -114.00478409046985,
          46.67586747249803
        ]
      }
    },
    {
      "type": "Feature",
      "properties": {
        "file": "leg03_m080_b200_2026-06-16T11-36-39.jpg",
        "leg": "leg03",
        "mark_index": 80,
        "along_track_m": 80.0,
        "achieved_heading": 202.01633318388713,
        "target_bearing": 200.07320416166903,
        "fix_type": 6,
        "hacc_m": 0.014,
        "corrupt": false,
        "position_interpolated": true,
        "captured_at_utc": "2026-06-16T17:36:39.474324+00:00"
      },
      "geometry": {
        "type": "Point",
        "coordinates": [
          -114.00478820066836,
          46.67585929866328
        ]
      }
    },
    {
      "type": "Feature",
      "properties": {
        "file": "leg03_m081_b200_2026-06-16T11-36-40.jpg",
        "leg": "leg03",
        "mark_index": 81,
        "along_track_m": 81.0,
        "achieved_heading": 204.5813915668876,
        "target_bearing": 200.07320416166903,
        "fix_type": 6,
        "hacc_m": 0.014,
        "corrupt": false,
        "position_interpolated": true,
        "captured_at_utc": "2026-06-16T17:36:40.589466+00:00"
      },
      "geometry": {
        "type": "Point",
        "coordinates": [
          -114.00479300329236,
          46.67585024396398
        ]
      }
    },
    {
      "type": "Feature",
      "properties": {
        "file": "leg03_m082_b200_2026-06-16T11-36-41.jpg",
        "leg": "leg03",
        "mark_index": 82,
        "along_track_m": 82.0,
        "achieved_heading": 205.4584364892508,
        "target_bearing": 200.07320416166903,
        "fix_type": 6,
        "hacc_m": 0.014,
        "corrupt": false,
        "position_interpolated": true,
        "captured_at_utc": "2026-06-16T17:36:41.662427+00:00"
      },
      "geometry": {
        "type": "Point",
        "coordinates": [
          -114.00479817313881,
          46.67584170514912
        ]
      }
    },
    {
      "type": "Feature",
      "properties": {
        "file": "leg03_m083_b200_2026-06-16T11-36-42.jpg",
        "leg": "leg03",
        "mark_index": 83,
        "along_track_m": 83.0,
        "achieved_heading": 205.16554963289542,
        "target_bearing": 200.07320416166903,
        "fix_type": 6,
        "hacc_m": 0.014,
        "corrupt": false,
        "position_interpolated": true,
        "captured_at_utc": "2026-06-16T17:36:42.685515+00:00"
      },
      "geometry": {
        "type": "Point",
        "coordinates": [
          -114.00480305771625,
          46.675833587654004
        ]
      }
    },
    {
      "type": "Feature",
      "properties": {
        "file": "leg03_m084_b200_2026-06-16T11-36-43.jpg",
        "leg": "leg03",
        "mark_index": 84,
        "along_track_m": 84.0,
        "achieved_heading": 201.82186236771466,
        "target_bearing": 200.07320416166903,
        "fix_type": 6,
        "hacc_m": 0.014,
        "corrupt": false,
        "position_interpolated": true,
        "captured_at_utc": "2026-06-16T17:36:43.759192+00:00"
      },
      "geometry": {
        "type": "Point",
        "coordinates": [
          -114.00480811973732,
          46.675824873060165
        ]
      }
    },
    {
      "type": "Feature",
      "properties": {
        "file": "leg03_m085_b200_2026-06-16T11-36-44.jpg",
        "leg": "leg03",
        "mark_index": 85,
        "along_track_m": 85.0,
        "achieved_heading": 200.27283942030508,
        "target_bearing": 200.07320416166903,
        "fix_type": 6,
        "hacc_m": 0.014,
        "corrupt": false,
        "position_interpolated": true,
        "captured_at_utc": "2026-06-16T17:36:44.787434+00:00"
      },
      "geometry": {
        "type": "Point",
        "coordinates": [
          -114.00481225785042,
          46.675816541599254
        ]
      }
    },
    {
      "type": "Feature",
      "properties": {
        "file": "leg03_m086_b200_2026-06-16T11-36-46.jpg",
        "leg": "leg03",
        "mark_index": 86,
        "along_track_m": 86.0,
        "achieved_heading": 200.93075235509468,
        "target_bearing": 200.07320416166903,
        "fix_type": 6,
        "hacc_m": 0.014,
        "corrupt": false,
        "position_interpolated": true,
        "captured_at_utc": "2026-06-16T17:36:45.935255+00:00"
      },
      "geometry": {
        "type": "Point",
        "coordinates": [
          -114.00481647345174,
          46.675807046842706
        ]
      }
    },
    {
      "type": "Feature",
      "properties": {
        "file": "leg03_m087_b200_2026-06-16T11-36-46.jpg",
        "leg": "leg03",
        "mark_index": 87,
        "along_track_m": 87.0,
        "achieved_heading": 202.45729332477802,
        "target_bearing": 200.07320416166903,
        "fix_type": 6,
        "hacc_m": 0.014,
        "corrupt": false,
        "position_interpolated": true,
        "captured_at_utc": "2026-06-16T17:36:46.681298+00:00"
      },
      "geometry": {
        "type": "Point",
        "coordinates": [
          -114.00481913346664,
          46.67580109580397
        ]
      }
    },
    {
      "type": "Feature",
      "properties": {
        "file": "leg03_m088_b200_2026-06-16T11-36-48.jpg",
        "leg": "leg03",
        "mark_index": 88,
        "along_track_m": 88.0,
        "achieved_heading": 207.39751675507574,
        "target_bearing": 200.07320416166903,
        "fix_type": 6,
        "hacc_m": 0.014,
        "corrupt": false,
        "position_interpolated": true,
        "captured_at_utc": "2026-06-16T17:36:47.606182+00:00"
      },
      "geometry": {
        "type": "Point",
        "coordinates": [
          -114.00482353317061,
          46.67579360614079
        ]
      }
    },
    {
      "type": "Feature",
      "properties": {
        "file": "leg03_m090_b200_2026-06-16T11-36-56.jpg",
        "leg": "leg03",
        "mark_index": 90,
        "along_track_m": 90.0,
        "achieved_heading": 200.25575064242292,
        "target_bearing": 200.07320416166903,
        "fix_type": 6,
        "hacc_m": 0.014,
        "corrupt": false,
        "position_interpolated": true,
        "captured_at_utc": "2026-06-16T17:36:56.563894+00:00"
      },
      "geometry": {
        "type": "Point",
        "coordinates": [
          -114.0048382842382,
          46.675767764312106
        ]
      }
    },
    {
      "type": "Feature",
      "properties": {
        "file": "leg03_m091_b200_2026-06-16T11-36-57.jpg",
        "leg": "leg03",
        "mark_index": 91,
        "along_track_m": 91.0,
        "achieved_heading": 200.95257245715476,
        "target_bearing": 200.07320416166903,
        "fix_type": 6,
        "hacc_m": 0.014,
        "corrupt": false,
        "position_interpolated": true,
        "captured_at_utc": "2026-06-16T17:36:57.254186+00:00"
      },
      "geometry": {
        "type": "Point",
        "coordinates": [
          -114.00483904780995,
          46.675766183046484
        ]
      }
    },
    {
      "type": "Feature",
      "properties": {
        "file": "leg03_m092_b200_2026-06-16T11-36-58.jpg",
        "leg": "leg03",
        "mark_index": 92,
        "along_track_m": 92.0,
        "achieved_heading": 201.99707451767824,
        "target_bearing": 200.07320416166903,
        "fix_type": 6,
        "hacc_m": 0.014,
        "corrupt": false,
        "position_interpolated": true,
        "captured_at_utc": "2026-06-16T17:36:58.331593+00:00"
      },
      "geometry": {
        "type": "Point",
        "coordinates": [
          -114.00484293918304,
          46.675757504841194
        ]
      }
    },
    {
      "type": "Feature",
      "properties": {
        "file": "leg03_m093_b200_2026-06-16T11-36-59.jpg",
        "leg": "leg03",
        "mark_index": 93,
        "along_track_m": 93.0,
        "achieved_heading": 204.94703397249026,
        "target_bearing": 200.07320416166903,
        "fix_type": 6,
        "hacc_m": 0.014,
        "corrupt": false,
        "position_interpolated": true,
        "captured_at_utc": "2026-06-16T17:36:59.388843+00:00"
      },
      "geometry": {
        "type": "Point",
        "coordinates": [
          -114.00484725138548,
          46.67574878949238
        ]
      }
    },
    {
      "type": "Feature",
      "properties": {
        "file": "leg03_m094_b200_2026-06-16T11-37-00.jpg",
        "leg": "leg03",
        "mark_index": 94,
        "along_track_m": 94.0,
        "achieved_heading": 204.62790627771247,
        "target_bearing": 200.07320416166903,
        "fix_type": 6,
        "hacc_m": 0.014,
        "corrupt": false,
        "position_interpolated": true,
        "captured_at_utc": "2026-06-16T17:37:00.435112+00:00"
      },
      "geometry": {
        "type": "Point",
        "coordinates": [
          -114.00485194475498,
          46.67574061049004
        ]
      }
    },
    {
      "type": "Feature",
      "properties": {
        "file": "leg03_m095_b200_2026-06-16T11-37-01.jpg",
        "leg": "leg03",
        "mark_index": 95,
        "along_track_m": 95.0,
        "achieved_heading": 203.92383919833742,
        "target_bearing": 200.07320416166903,
        "fix_type": 6,
        "hacc_m": 0.014,
        "corrupt": false,
        "position_interpolated": true,
        "captured_at_utc": "2026-06-16T17:37:01.420426+00:00"
      },
      "geometry": {
        "type": "Point",
        "coordinates": [
          -114.00485632035065,
          46.675732633478205
        ]
      }
    },
    {
      "type": "Feature",
      "properties": {
        "file": "leg03_m096_b200_2026-06-16T11-37-02.jpg",
        "leg": "leg03",
        "mark_index": 96,
        "along_track_m": 96.0,
        "achieved_heading": 202.99847892875619,
        "target_bearing": 200.07320416166903,
        "fix_type": 6,
        "hacc_m": 0.014,
        "corrupt": false,
        "position_interpolated": true,
        "captured_at_utc": "2026-06-16T17:37:02.435065+00:00"
      },
      "geometry": {
        "type": "Point",
        "coordinates": [
          -114.00486066371694,
          46.67572426864698
        ]
      }
    },
    {
      "type": "Feature",
      "properties": {
        "file": "leg03_m097_b200_2026-06-16T11-37-03.jpg",
        "leg": "leg03",
        "mark_index": 97,
        "along_track_m": 97.0,
        "achieved_heading": 203.0595604470781,
        "target_bearing": 200.07320416166903,
        "fix_type": 6,
        "hacc_m": 0.014,
        "corrupt": false,
        "position_interpolated": true,
        "captured_at_utc": "2026-06-16T17:37:03.532705+00:00"
      },
      "geometry": {
        "type": "Point",
        "coordinates": [
          -114.0048654493077,
          46.67571520138459
        ]
      }
    },
    {
      "type": "Feature",
      "properties": {
        "file": "leg03_m098_b200_2026-06-16T11-37-04.jpg",
        "leg": "leg03",
        "mark_index": 98,
        "along_track_m": 98.0,
        "achieved_heading": 202.47583638562278,
        "target_bearing": 200.07320416166903,
        "fix_type": 6,
        "hacc_m": 0.014,
        "corrupt": false,
        "position_interpolated": true,
        "captured_at_utc": "2026-06-16T17:37:04.554418+00:00"
      },
      "geometry": {
        "type": "Point",
        "coordinates": [
          -114.00486987503514,
          46.67570685434353
        ]
      }
    },
    {
      "type": "Feature",
      "properties": {
        "file": "leg03_m099_b200_2026-06-16T11-37-05.jpg",
        "leg": "leg03",
        "mark_index": 99,
        "along_track_m": 99.0,
        "achieved_heading": 202.55714176892073,
        "target_bearing": 200.07320416166903,
        "fix_type": 6,
        "hacc_m": 0.014,
        "corrupt": false,
        "position_interpolated": true,
        "captured_at_utc": "2026-06-16T17:37:05.587302+00:00"
      },
      "geometry": {
        "type": "Point",
        "coordinates": [
          -114.00487420712733,
          46.675698078618
        ]
      }
    },
    {
      "type": "Feature",
      "properties": {
        "file": "leg03_m100_b200_2026-06-16T11-37-06.jpg",
        "leg": "leg03",
        "mark_index": 100,
        "along_track_m": 100.0,
        "achieved_heading": 203.1315446001621,
        "target_bearing": 200.07320416166903,
        "fix_type": 6,
        "hacc_m": 0.014,
        "corrupt": false,
        "position_interpolated": true,
        "captured_at_utc": "2026-06-16T17:37:06.613075+00:00"
      },
      "geometry": {
        "type": "Point",
        "coordinates": [
          -114.00487847265376,
          46.67568963140163
        ]
      }
    },
    {
      "type": "Feature",
      "properties": {
        "file": "leg03_m101_b200_2026-06-16T11-37-07.jpg",
        "leg": "leg03",
        "mark_index": 101,
        "along_track_m": 101.0,
        "achieved_heading": 204.87112356737234,
        "target_bearing": 200.07320416166903,
        "fix_type": 6,
        "hacc_m": 0.014,
        "corrupt": false,
        "position_interpolated": true,
        "captured_at_utc": "2026-06-16T17:37:07.624574+00:00"
      },
      "geometry": {
        "type": "Point",
        "coordinates": [
          -114.00488257266876,
          46.675681259699964
        ]
      }
    },
    {
      "type": "Feature",
      "properties": {
        "file": "leg03_m102_b200_2026-06-16T11-37-08.jpg",
        "leg": "leg03",
        "mark_index": 102,
        "along_track_m": 102.0,
        "achieved_heading": 205.44277095971842,
        "target_bearing": 200.07320416166903,
        "fix_type": 6,
        "hacc_m": 0.014,
        "corrupt": false,
        "position_interpolated": true,
        "captured_at_utc": "2026-06-16T17:37:08.665760+00:00"
      },
      "geometry": {
        "type": "Point",
        "coordinates": [
          -114.00488720366016,
          46.67567284450975
        ]
      }
    },
    {
      "type": "Feature",
      "properties": {
        "file": "leg03_m103_b200_2026-06-16T11-37-09.jpg",
        "leg": "leg03",
        "mark_index": 103,
        "along_track_m": 103.0,
        "achieved_heading": 204.94414708603145,
        "target_bearing": 200.07320416166903,
        "fix_type": 6,
        "hacc_m": 0.014,
        "corrupt": false,
        "position_interpolated": true,
        "captured_at_utc": "2026-06-16T17:37:09.659343+00:00"
      },
      "geometry": {
        "type": "Point",
        "coordinates": [
          -114.0048917294696,
          46.67566495088398
        ]
      }
    },
    {
      "type": "Feature",
      "properties": {
        "file": "leg03_m104_b200_2026-06-16T11-37-10.jpg",
        "leg": "leg03",
        "mark_index": 104,
        "along_track_m": 104.0,
        "achieved_heading": 203.92937774416336,
        "target_bearing": 200.07320416166903,
        "fix_type": 6,
        "hacc_m": 0.014,
        "corrupt": false,
        "position_interpolated": true,
        "captured_at_utc": "2026-06-16T17:37:10.732870+00:00"
      },
      "geometry": {
        "type": "Point",
        "coordinates": [
          -114.00489685276409,
          46.675656194471806
        ]
      }
    },
    {
      "type": "Feature",
      "properties": {
        "file": "leg03_m105_b200_2026-06-16T11-37-11.jpg",
        "leg": "leg03",
        "mark_index": 105,
        "along_track_m": 105.0,
        "achieved_heading": 202.43443876484721,
        "target_bearing": 200.07320416166903,
        "fix_type": 6,
        "hacc_m": 0.014,
        "corrupt": false,
        "position_interpolated": true,
        "captured_at_utc": "2026-06-16T17:37:11.794928+00:00"
      },
      "geometry": {
        "type": "Point",
        "coordinates": [
          -114.00490152407498,
          46.67564766512089
        ]
      }
    },
    {
      "type": "Feature",
      "properties": {
        "file": "leg03_m106_b200_2026-06-16T11-37-12.jpg",
        "leg": "leg03",
        "mark_index": 106,
        "along_track_m": 106.0,
        "achieved_heading": 201.75480962159224,
        "target_bearing": 200.07320416166903,
        "fix_type": 6,
        "hacc_m": 0.014,
        "corrupt": false,
        "position_interpolated": true,
        "captured_at_utc": "2026-06-16T17:37:12.810358+00:00"
      },
      "geometry": {
        "type": "Point",
        "coordinates": [
          -114.00490552409164,
          46.675639212920295
        ]
      }
    },
    {
      "type": "Feature",
      "properties": {
        "file": "leg03_m107_b200_2026-06-16T11-37-14.jpg",
        "leg": "leg03",
        "mark_index": 107,
        "along_track_m": 107.0,
        "achieved_heading": 203.49697923408533,
        "target_bearing": 200.07320416166903,
        "fix_type": 6,
        "hacc_m": 0.014,
        "corrupt": false,
        "position_interpolated": true,
        "captured_at_utc": "2026-06-16T17:37:13.835446+00:00"
      },
      "geometry": {
        "type": "Point",
        "coordinates": [
          -114.00490957819302,
          46.67563059987194
        ]
      }
    },
    {
      "type": "Feature",
      "properties": {
        "file": "leg03_m108_b200_2026-06-16T11-37-14.jpg",
        "leg": "leg03",
        "mark_index": 108,
        "along_track_m": 108.0,
        "achieved_heading": 205.5891865857098,
        "target_bearing": 200.07320416166903,
        "fix_type": 6,
        "hacc_m": 0.014,
        "corrupt": false,
        "position_interpolated": true,
        "captured_at_utc": "2026-06-16T17:37:14.830158+00:00"
      },
      "geometry": {
        "type": "Point",
        "coordinates": [
          -114.00491377190409,
          46.675622549933486
        ]
      }
    },
    {
      "type": "Feature",
      "properties": {
        "file": "leg03_m109_b200_2026-06-16T11-37-15.jpg",
        "leg": "leg03",
        "mark_index": 109,
        "along_track_m": 109.0,
        "achieved_heading": 205.74886875259978,
        "target_bearing": 200.07320416166903,
        "fix_type": 6,
        "hacc_m": 0.014,
        "corrupt": false,
        "position_interpolated": true,
        "captured_at_utc": "2026-06-16T17:37:15.822023+00:00"
      },
      "geometry": {
        "type": "Point",
        "coordinates": [
          -114.00491838661485,
          46.67561454674205
        ]
      }
    },
    {
      "type": "Feature",
      "properties": {
        "file": "leg03_m110_b200_2026-06-16T11-37-17.jpg",
        "leg": "leg03",
        "mark_index": 110,
        "along_track_m": 110.0,
        "achieved_heading": 205.49654703847213,
        "target_bearing": 200.07320416166903,
        "fix_type": 6,
        "hacc_m": 0.014,
        "corrupt": false,
        "position_interpolated": true,
        "captured_at_utc": "2026-06-16T17:37:17.012730+00:00"
      },
      "geometry": {
        "type": "Point",
        "coordinates": [
          -114.00492421295934,
          46.675605016782406
        ]
      }
    },
    {
      "type": "Feature",
      "properties": {
        "file": "leg03_m111_b200_2026-06-16T11-37-18.jpg",
        "leg": "leg03",
        "mark_index": 111,
        "along_track_m": 111.0,
        "achieved_heading": 202.67932964352224,
        "target_bearing": 200.07320416166903,
        "fix_type": 6,
        "hacc_m": 0.014,
        "corrupt": false,
        "position_interpolated": true,
        "captured_at_utc": "2026-06-16T17:37:18.016987+00:00"
      },
      "geometry": {
        "type": "Point",
        "coordinates": [
          -114.00492886793654,
          46.67559673801161
        ]
      }
    },
    {
      "type": "Feature",
      "properties": {
        "file": "leg03_m112_b200_2026-06-16T11-37-19.jpg",
        "leg": "leg03",
        "mark_index": 112,
        "along_track_m": 112.0,
        "achieved_heading": 201.1591195733227,
        "target_bearing": 200.07320416166903,
        "fix_type": 6,
        "hacc_m": 0.014,
        "corrupt": false,
        "position_interpolated": true,
        "captured_at_utc": "2026-06-16T17:37:18.981398+00:00"
      },
      "geometry": {
        "type": "Point",
        "coordinates": [
          -114.00493304522675,
          46.67558895748604
        ]
      }
    },
    {
      "type": "Feature",
      "properties": {
        "file": "leg03_m113_b200_2026-06-16T11-37-20.jpg",
        "leg": "leg03",
        "mark_index": 113,
        "along_track_m": 113.0,
        "achieved_heading": 200.79781012568293,
        "target_bearing": 200.07320416166903,
        "fix_type": 6,
        "hacc_m": 0.014,
        "corrupt": false,
        "position_interpolated": true,
        "captured_at_utc": "2026-06-16T17:37:20.027994+00:00"
      },
      "geometry": {
        "type": "Point",
        "coordinates": [
          -114.0049371191806,
          46.67558019565495
        ]
      }
    },
    {
      "type": "Feature",
      "properties": {
        "file": "leg03_m114_b200_2026-06-16T11-37-21.jpg",
        "leg": "leg03",
        "mark_index": 114,
        "along_track_m": 114.0,
        "achieved_heading": 202.53645437121745,
        "target_bearing": 200.07320416166903,
        "fix_type": 6,
        "hacc_m": 0.014,
        "corrupt": false,
        "position_interpolated": true,
        "captured_at_utc": "2026-06-16T17:37:21.053550+00:00"
      },
      "geometry": {
        "type": "Point",
        "coordinates": [
          -114.00494113427087,
          46.67557166467441
        ]
      }
    },
    {
      "type": "Feature",
      "properties": {
        "file": "leg03_m115_b200_2026-06-16T11-37-22.jpg",
        "leg": "leg03",
        "mark_index": 115,
        "along_track_m": 115.0,
        "achieved_heading": 204.44369149841287,
        "target_bearing": 200.07320416166903,
        "fix_type": 6,
        "hacc_m": 0.014,
        "corrupt": false,
        "position_interpolated": true,
        "captured_at_utc": "2026-06-16T17:37:22.050310+00:00"
      },
      "geometry": {
        "type": "Point",
        "coordinates": [
          -114.0049454174413,
          46.67556347383803
        ]
      }
    },
    {
      "type": "Feature",
      "properties": {
        "file": "leg03_m116_b200_2026-06-16T11-37-23.jpg",
        "leg": "leg03",
        "mark_index": 116,
        "along_track_m": 116.0,
        "achieved_heading": 206.06366509890103,
        "target_bearing": 200.07320416166903,
        "fix_type": 6,
        "hacc_m": 0.014,
        "corrupt": false,
        "position_interpolated": true,
        "captured_at_utc": "2026-06-16T17:37:23.045770+00:00"
      },
      "geometry": {
        "type": "Point",
        "coordinates": [
          -114.00495031393778,
          46.67555530757775
        ]
      }
    },
    {
      "type": "Feature",
      "properties": {
        "file": "leg03_m117_b200_2026-06-16T11-37-24.jpg",
        "leg": "leg03",
        "mark_index": 117,
        "along_track_m": 117.0,
        "achieved_heading": 202.53764402552915,
        "target_bearing": 200.07320416166903,
        "fix_type": 6,
        "hacc_m": 0.014,
        "corrupt": false,
        "position_interpolated": true,
        "captured_at_utc": "2026-06-16T17:37:24.175913+00:00"
      },
      "geometry": {
        "type": "Point",
        "coordinates": [
          -114.00495558219913,
          46.675546212826845
        ]
      }
    },
    {
      "type": "Feature",
      "properties": {
        "file": "leg03_m118_b200_2026-06-16T11-37-25.jpg",
        "leg": "leg03",
        "mark_index": 118,
        "along_track_m": 118.0,
        "achieved_heading": 203.3683303663041,
        "target_bearing": 200.07320416166903,
        "fix_type": 6,
        "hacc_m": 0.014,
        "corrupt": false,
        "position_interpolated": true,
        "captured_at_utc": "2026-06-16T17:37:25.195369+00:00"
      },
      "geometry": {
        "type": "Point",
        "coordinates": [
          -114.00495988805561,
          46.67553780694433
        ]
      }
    },
    {
      "type": "Feature",
      "properties": {
        "file": "leg03_m119_b200_2026-06-16T11-37-26.jpg",
        "leg": "leg03",
        "mark_index": 119,
        "along_track_m": 119.0,
        "achieved_heading": 204.0855169689649,
        "target_bearing": 200.07320416166903,
        "fix_type": 6,
        "hacc_m": 0.014,
        "corrupt": false,
        "position_interpolated": true,
        "captured_at_utc": "2026-06-16T17:37:26.113726+00:00"
      },
      "geometry": {
        "type": "Point",
        "coordinates": [
          -114.004963862267,
          46.675530071273435
        ]
      }
    },
    {
      "type": "Feature",
      "properties": {
        "file": "leg03_m120_b200_2026-06-16T11-37-27.jpg",
        "leg": "leg03",
        "mark_index": 120,
        "along_track_m": 120.0,
        "achieved_heading": 204.29549440737776,
        "target_bearing": 200.07320416166903,
        "fix_type": 6,
        "hacc_m": 0.014,
        "corrupt": false,
        "position_interpolated": true,
        "captured_at_utc": "2026-06-16T17:37:27.221084+00:00"
      },
      "geometry": {
        "type": "Point",
        "coordinates": [
          -114.00496896024363,
          46.675521124852814
        ]
      }
    },
    {
      "type": "Feature",
      "properties": {
        "file": "leg03_m121_b200_2026-06-16T11-37-28.jpg",
        "leg": "leg03",
        "mark_index": 121,
        "along_track_m": 121.0,
        "achieved_heading": 203.68897964540866,
        "target_bearing": 200.07320416166903,
        "fix_type": 6,
        "hacc_m": 0.014,
        "corrupt": false,
        "position_interpolated": true,
        "captured_at_utc": "2026-06-16T17:37:28.284915+00:00"
      },
      "geometry": {
        "type": "Point",
        "coordinates": [
          -114.00497384932773,
          46.675512551120434
        ]
      }
    },
    {
      "type": "Feature",
      "properties": {
        "file": "leg03_m122_b200_2026-06-16T11-37-29.jpg",
        "leg": "leg03",
        "mark_index": 122,
        "along_track_m": 122.0,
        "achieved_heading": 202.72718731037844,
        "target_bearing": 200.07320416166903,
        "fix_type": 6,
        "hacc_m": 0.014,
        "corrupt": false,
        "position_interpolated": true,
        "captured_at_utc": "2026-06-16T17:37:29.333525+00:00"
      },
      "geometry": {
        "type": "Point",
        "coordinates": [
          -114.00497818913347,
          46.67550396390635
        ]
      }
    },
    {
      "type": "Feature",
      "properties": {
        "file": "leg03_m123_b200_2026-06-16T11-37-30.jpg",
        "leg": "leg03",
        "mark_index": 123,
        "along_track_m": 123.0,
        "achieved_heading": 202.8430377006478,
        "target_bearing": 200.07320416166903,
        "fix_type": 6,
        "hacc_m": 0.014,
        "corrupt": false,
        "position_interpolated": true,
        "captured_at_utc": "2026-06-16T17:37:30.382378+00:00"
      },
      "geometry": {
        "type": "Point",
        "coordinates": [
          -114.00498267528457,
          46.67549550738549
        ]
      }
    },
    {
      "type": "Feature",
      "properties": {
        "file": "leg03_m124_b200_2026-06-16T11-37-31.jpg",
        "leg": "leg03",
        "mark_index": 124,
        "along_track_m": 124.0,
        "achieved_heading": 202.37785076151084,
        "target_bearing": 200.07320416166903,
        "fix_type": 6,
        "hacc_m": 0.014,
        "corrupt": false,
        "position_interpolated": true,
        "captured_at_utc": "2026-06-16T17:37:30.908631+00:00"
      },
      "geometry": {
        "type": "Point",
        "coordinates": [
          -114.00498510663189,
          46.67549116598773
        ]
      }
    },
    {
      "type": "Feature",
      "properties": {
        "file": "leg03_m125_b200_2026-06-16T11-37-32.jpg",
        "leg": "leg03",
        "mark_index": 125,
        "along_track_m": 125.0,
        "achieved_heading": 203.15902243995998,
        "target_bearing": 200.07320416166903,
        "fix_type": 6,
        "hacc_m": 0.014,
        "corrupt": false,
        "position_interpolated": false,
        "captured_at_utc": "2026-06-16T17:37:32.521400+00:00"
      },
      "geometry": {
        "type": "Point",
        "coordinates": [
          -114.0049919,
          46.6754781
        ]
      }
    },
    {
      "type": "Feature",
      "properties": {
        "file": "leg03_m126_b200_2026-06-16T11-37-33.jpg",
        "leg": "leg03",
        "mark_index": 126,
        "along_track_m": 126.0,
        "achieved_heading": 203.14521826107213,
        "target_bearing": 200.07320416166903,
        "fix_type": 6,
        "hacc_m": 0.014,
        "corrupt": false,
        "position_interpolated": true,
        "captured_at_utc": "2026-06-16T17:37:33.385474+00:00"
      },
      "geometry": {
        "type": "Point",
        "coordinates": [
          -114.00499564034199,
          46.67547128044064
        ]
      }
    },
    {
      "type": "Feature",
      "properties": {
        "file": "leg03_m127_b200_2026-06-16T11-37-34.jpg",
        "leg": "leg03",
        "mark_index": 127,
        "along_track_m": 127.0,
        "achieved_heading": 202.16480359205093,
        "target_bearing": 200.07320416166903,
        "fix_type": 6,
        "hacc_m": 0.014,
        "corrupt": false,
        "position_interpolated": true,
        "captured_at_utc": "2026-06-16T17:37:34.545524+00:00"
      },
      "geometry": {
        "type": "Point",
        "coordinates": [
          -114.00500006324101,
          46.6754618934888
        ]
      }
    },
    {
      "type": "Feature",
      "properties": {
        "file": "leg03_m128_b200_2026-06-16T11-37-35.jpg",
        "leg": "leg03",
        "mark_index": 128,
        "along_track_m": 128.0,
        "achieved_heading": 203.06361764200153,
        "target_bearing": 200.07320416166903,
        "fix_type": 6,
        "hacc_m": 0.014,
        "corrupt": false,
        "position_interpolated": true,
        "captured_at_utc": "2026-06-16T17:37:35.628263+00:00"
      },
      "geometry": {
        "type": "Point",
        "coordinates": [
          -114.00500486016722,
          46.675453128213086
        ]
      }
    },
    {
      "type": "Feature",
      "properties": {
        "file": "leg03_m129_b200_2026-06-16T11-37-36.jpg",
        "leg": "leg03",
        "mark_index": 129,
        "along_track_m": 129.0,
        "achieved_heading": 202.20423224439514,
        "target_bearing": 200.07320416166903,
        "fix_type": 6,
        "hacc_m": 0.014,
        "corrupt": false,
        "position_interpolated": true,
        "captured_at_utc": "2026-06-16T17:37:36.654613+00:00"
      },
      "geometry": {
        "type": "Point",
        "coordinates": [
          -114.00500929010589,
          46.67544478915658
        ]
      }
    },
    {
      "type": "Feature",
      "properties": {
        "file": "leg03_m130_b200_2026-06-16T11-37-37.jpg",
        "leg": "leg03",
        "mark_index": 130,
        "along_track_m": 130.0,
        "achieved_heading": 203.02552707302706,
        "target_bearing": 200.07320416166903,
        "fix_type": 6,
        "hacc_m": 0.014,
        "corrupt": false,
        "position_interpolated": true,
        "captured_at_utc": "2026-06-16T17:37:37.652164+00:00"
      },
      "geometry": {
        "type": "Point",
        "coordinates": [
          -114.00501346436833,
          46.67543653858665
        ]
      }
    },
    {
      "type": "Feature",
      "properties": {
        "file": "leg03_m131_b200_2026-06-16T11-37-38.jpg",
        "leg": "leg03",
        "mark_index": 131,
        "along_track_m": 131.0,
        "achieved_heading": 204.5101417478926,
        "target_bearing": 200.07320416166903,
        "fix_type": 6,
        "hacc_m": 0.014,
        "corrupt": false,
        "position_interpolated": true,
        "captured_at_utc": "2026-06-16T17:37:38.647999+00:00"
      },
      "geometry": {
        "type": "Point",
        "coordinates": [
          -114.00501781595545,
          46.67542868982246
        ]
      }
    },
    {
      "type": "Feature",
      "properties": {
        "file": "leg03_m132_b200_2026-06-16T11-37-39.jpg",
        "leg": "leg03",
        "mark_index": 132,
        "along_track_m": 132.0,
        "achieved_heading": 203.4464370573619,
        "target_bearing": 200.07320416166903,
        "fix_type": 6,
        "hacc_m": 0.014,
        "corrupt": false,
        "position_interpolated": true,
        "captured_at_utc": "2026-06-16T17:37:39.777145+00:00"
      },
      "geometry": {
        "type": "Point",
        "coordinates": [
          -114.00502314000444,
          46.6754195999926
        ]
      }
    },
    {
      "type": "Feature",
      "properties": {
        "file": "leg03_m133_b200_2026-06-16T11-37-40.jpg",
        "leg": "leg03",
        "mark_index": 133,
        "along_track_m": 133.0,
        "achieved_heading": 201.53379080063084,
        "target_bearing": 200.07320416166903,
        "fix_type": 6,
        "hacc_m": 0.014,
        "corrupt": false,
        "position_interpolated": true,
        "captured_at_utc": "2026-06-16T17:37:40.819720+00:00"
      },
      "geometry": {
        "type": "Point",
        "coordinates": [
          -114.00502745798875,
          46.675411085797776
        ]
      }
    },
    {
      "type": "Feature",
      "properties": {
        "file": "leg03_m134_b200_2026-06-16T11-37-41.jpg",
        "leg": "leg03",
        "mark_index": 134,
        "along_track_m": 134.0,
        "achieved_heading": 203.51013634035107,
        "target_bearing": 200.07320416166903,
        "fix_type": 6,
        "hacc_m": 0.014,
        "corrupt": false,
        "position_interpolated": true,
        "captured_at_utc": "2026-06-16T17:37:41.812499+00:00"
      },
      "geometry": {
        "type": "Point",
        "coordinates": [
          -114.00503152810982,
          46.67540329134809
        ]
      }
    },
    {
      "type": "Feature",
      "properties": {
        "file": "leg03_m135_b200_2026-06-16T11-37-42.jpg",
        "leg": "leg03",
        "mark_index": 135,
        "along_track_m": 135.0,
        "achieved_heading": 203.0365811119783,
        "target_bearing": 200.07320416166903,
        "fix_type": 6,
        "hacc_m": 0.014,
        "corrupt": false,
        "position_interpolated": true,
        "captured_at_utc": "2026-06-16T17:37:42.913378+00:00"
      },
      "geometry": {
        "type": "Point",
        "coordinates": [
          -114.00503615812842,
          46.675394201688114
        ]
      }
    },
    {
      "type": "Feature",
      "properties": {
        "file": "leg03_m136_b200_2026-06-16T11-37-44.jpg",
        "leg": "leg03",
        "mark_index": 136,
        "along_track_m": 136.0,
        "achieved_heading": 201.30427952274977,
        "target_bearing": 200.07320416166903,
        "fix_type": 6,
        "hacc_m": 0.014,
        "corrupt": false,
        "position_interpolated": true,
        "captured_at_utc": "2026-06-16T17:37:43.933700+00:00"
      },
      "geometry": {
        "type": "Point",
        "coordinates": [
          -114.00504084832137,
          46.67538578955113
        ]
      }
    },
    {
      "type": "Feature",
      "properties": {
        "file": "leg03_m137_b200_2026-06-16T11-37-45.jpg",
        "leg": "leg03",
        "mark_index": 137,
        "along_track_m": 137.0,
        "achieved_heading": 201.5023368113989,
        "target_bearing": 200.07320416166903,
        "fix_type": 6,
        "hacc_m": 0.014,
        "corrupt": false,
        "position_interpolated": true,
        "captured_at_utc": "2026-06-16T17:37:44.977591+00:00"
      },
      "geometry": {
        "type": "Point",
        "coordinates": [
          -114.0050449218571,
          46.675377056285775
        ]
      }
    },
    {
      "type": "Feature",
      "properties": {
        "file": "leg03_m138_b200_2026-06-16T11-37-46.jpg",
        "leg": "leg03",
        "mark_index": 138,
        "along_track_m": 138.0,
        "achieved_heading": 205.392909712066,
        "target_bearing": 200.07320416166903,
        "fix_type": 6,
        "hacc_m": 0.014,
        "corrupt": false,
        "position_interpolated": true,
        "captured_at_utc": "2026-06-16T17:37:46.031036+00:00"
      },
      "geometry": {
        "type": "Point",
        "coordinates": [
          -114.00504952646317,
          46.67536890038154
        ]
      }
    },
    {
      "type": "Feature",
      "properties": {
        "file": "leg03_m139_b200_2026-06-16T11-37-47.jpg",
        "leg": "leg03",
        "mark_index": 139,
        "along_track_m": 139.0,
        "achieved_heading": 205.25973473909102,
        "target_bearing": 200.07320416166903,
        "fix_type": 6,
        "hacc_m": 0.014,
        "corrupt": false,
        "position_interpolated": true,
        "captured_at_utc": "2026-06-16T17:37:47.055046+00:00"
      },
      "geometry": {
        "type": "Point",
        "coordinates": [
          -114.0050543290671,
          46.675360641865815
        ]
      }
    },
    {
      "type": "Feature",
      "properties": {
        "file": "leg03_m140_b200_2026-06-16T11-37-48.jpg",
        "leg": "leg03",
        "mark_index": 140,
        "along_track_m": 140.0,
        "achieved_heading": 203.33352420932897,
        "target_bearing": 200.07320416166903,
        "fix_type": 6,
        "hacc_m": 0.014,
        "corrupt": false,
        "position_interpolated": true,
        "captured_at_utc": "2026-06-16T17:37:48.088913+00:00"
      },
      "geometry": {
        "type": "Point",
        "coordinates": [
          -114.0050592737075,
          46.67535240671034
        ]
      }
    },
    {
      "type": "Feature",
      "properties": {
        "file": "leg03_m141_b200_2026-06-16T11-37-49.jpg",
        "leg": "leg03",
        "mark_index": 141,
        "along_track_m": 141.0,
        "achieved_heading": 201.8292764966077,
        "target_bearing": 200.07320416166903,
        "fix_type": 6,
        "hacc_m": 0.014,
        "corrupt": false,
        "position_interpolated": true,
        "captured_at_utc": "2026-06-16T17:37:49.201407+00:00"
      },
      "geometry": {
        "type": "Point",
        "coordinates": [
          -114.00506381188725,
          46.67534313723956
        ]
      }
    },
    {
      "type": "Feature",
      "properties": {
        "file": "leg03_m142_b200_2026-06-16T11-37-50.jpg",
        "leg": "leg03",
        "mark_index": 142,
        "along_track_m": 142.0,
        "achieved_heading": 202.21448272963858,
        "target_bearing": 200.07320416166903,
        "fix_type": 6,
        "hacc_m": 0.014,
        "corrupt": false,
        "position_interpolated": true,
        "captured_at_utc": "2026-06-16T17:37:50.150038+00:00"
      },
      "geometry": {
        "type": "Point",
        "coordinates": [
          -114.00506758367162,
          46.67533524742234
        ]
      }
    },
    {
      "type": "Feature",
      "properties": {
        "file": "leg03_m143_b200_2026-06-16T11-37-51.jpg",
        "leg": "leg03",
        "mark_index": 143,
        "along_track_m": 143.0,
        "achieved_heading": 203.95671935328266,
        "target_bearing": 200.07320416166903,
        "fix_type": 6,
        "hacc_m": 0.014,
        "corrupt": false,
        "position_interpolated": true,
        "captured_at_utc": "2026-06-16T17:37:51.175692+00:00"
      },
      "geometry": {
        "type": "Point",
        "coordinates": [
          -114.00507202079883,
          46.67532690746874
        ]
      }
    },
    {
      "type": "Feature",
      "properties": {
        "file": "leg03_m144_b200_2026-06-16T11-37-52.jpg",
        "leg": "leg03",
        "mark_index": 144,
        "along_track_m": 144.0,
        "achieved_heading": 203.7093972451973,
        "target_bearing": 200.07320416166903,
        "fix_type": 6,
        "hacc_m": 0.014,
        "corrupt": false,
        "position_interpolated": true,
        "captured_at_utc": "2026-06-16T17:37:52.254352+00:00"
      },
      "geometry": {
        "type": "Point",
        "coordinates": [
          -114.00507719952618,
          46.67531825871766
        ]
      }
    },
    {
      "type": "Feature",
      "properties": {
        "file": "leg03_m145_b200_2026-06-16T11-37-53.jpg",
        "leg": "leg03",
        "mark_index": 145,
        "along_track_m": 145.0,
        "achieved_heading": 202.84387642805012,
        "target_bearing": 200.07320416166903,
        "fix_type": 6,
        "hacc_m": 0.014,
        "corrupt": false,
        "position_interpolated": true,
        "captured_at_utc": "2026-06-16T17:37:53.274016+00:00"
      },
      "geometry": {
        "type": "Point",
        "coordinates": [
          -114.00508159186975,
          46.67531001626049
        ]
      }
    },
    {
      "type": "Feature",
      "properties": {
        "file": "leg03_m146_b200_2026-06-16T11-37-54.jpg",
        "leg": "leg03",
        "mark_index": 146,
        "along_track_m": 146.0,
        "achieved_heading": 202.19066321102895,
        "target_bearing": 200.07320416166903,
        "fix_type": 6,
        "hacc_m": 0.014,
        "corrupt": false,
        "position_interpolated": true,
        "captured_at_utc": "2026-06-16T17:37:54.272089+00:00"
      },
      "geometry": {
        "type": "Point",
        "coordinates": [
          -114.00508576445398,
          46.67530180053527
        ]
      }
    },
    {
      "type": "Feature",
      "properties": {
        "file": "leg03_m147_b200_2026-06-16T11-37-55.jpg",
        "leg": "leg03",
        "mark_index": 147,
        "along_track_m": 147.0,
        "achieved_heading": 202.91761490088436,
        "target_bearing": 200.07320416166903,
        "fix_type": 6,
        "hacc_m": 0.014,
        "corrupt": false,
        "position_interpolated": true,
        "captured_at_utc": "2026-06-16T17:37:55.326827+00:00"
      },
      "geometry": {
        "type": "Point",
        "coordinates": [
          -114.005090155698,
          46.67529309479265
        ]
      }
    },
    {
      "type": "Feature",
      "properties": {
        "file": "leg03_m148_b200_2026-06-16T11-37-56.jpg",
        "leg": "leg03",
        "mark_index": 148,
        "along_track_m": 148.0,
        "achieved_heading": 203.744644577705,
        "target_bearing": 200.07320416166903,
        "fix_type": 6,
        "hacc_m": 0.014,
        "corrupt": false,
        "position_interpolated": true,
        "captured_at_utc": "2026-06-16T17:37:56.415496+00:00"
      },
      "geometry": {
        "type": "Point",
        "coordinates": [
          -114.00509501710495,
          46.675284394856874
        ]
      }
    },
    {
      "type": "Feature",
      "properties": {
        "file": "leg03_m149_b200_2026-06-16T11-37-57.jpg",
        "leg": "leg03",
        "mark_index": 149,
        "along_track_m": 149.0,
        "achieved_heading": 202.79324625781447,
        "target_bearing": 200.07320416166903,
        "fix_type": 6,
        "hacc_m": 0.014,
        "corrupt": false,
        "position_interpolated": true,
        "captured_at_utc": "2026-06-16T17:37:57.424685+00:00"
      },
      "geometry": {
        "type": "Point",
        "coordinates": [
          -114.00509976024946,
          46.67527633291756
        ]
      }
    },
    {
      "type": "Feature",
      "properties": {
        "file": "leg03_m150_b200_2026-06-16T11-37-58.jpg",
        "leg": "leg03",
        "mark_index": 150,
        "along_track_m": 150.0,
        "achieved_heading": 201.59306424334716,
        "target_bearing": 200.07320416166903,
        "fix_type": 6,
        "hacc_m": 0.014,
        "corrupt": false,
        "position_interpolated": true,
        "captured_at_utc": "2026-06-16T17:37:58.421093+00:00"
      },
      "geometry": {
        "type": "Point",
        "coordinates": [
          -114.00510387800094,
          46.675268543998094
        ]
      }
    },
    {
      "type": "Feature",
      "properties": {
        "file": "leg04_m001_b290_2026-06-16T11-38-05.jpg",
        "leg": "leg04",
        "mark_index": 1,
        "along_track_m": 1.0,
        "achieved_heading": 285.3204056289112,
        "target_bearing": 290.1900121996498,
        "fix_type": 6,
        "hacc_m": 0.014,
        "corrupt": false,
        "position_interpolated": true,
        "captured_at_utc": "2026-06-16T17:38:05.044107+00:00"
      },
      "geometry": {
        "type": "Point",
        "coordinates": [
          -114.00511939072616,
          46.6752635183307
        ]
      }
    },
    {
      "type": "Feature",
      "properties": {
        "file": "leg04_m002_b290_2026-06-16T11-38-06.jpg",
        "leg": "leg04",
        "mark_index": 2,
        "along_track_m": 2.0,
        "achieved_heading": 295.7225116952908,
        "target_bearing": 290.1900121996498,
        "fix_type": 6,
        "hacc_m": 0.014,
        "corrupt": false,
        "position_interpolated": true,
        "captured_at_utc": "2026-06-16T17:38:06.138221+00:00"
      },
      "geometry": {
        "type": "Point",
        "coordinates": [
          -114.0051330675985,
          46.67526532394265
        ]
      }
    },
    {
      "type": "Feature",
      "properties": {
        "file": "leg04_m003_b290_2026-06-16T11-38-07.jpg",
        "leg": "leg04",
        "mark_index": 3,
        "along_track_m": 3.0,
        "achieved_heading": 308.62242726954327,
        "target_bearing": 290.1900121996498,
        "fix_type": 6,
        "hacc_m": 0.014,
        "corrupt": false,
        "position_interpolated": true,
        "captured_at_utc": "2026-06-16T17:38:07.179659+00:00"
      },
      "geometry": {
        "type": "Point",
        "coordinates": [
          -114.0051451765387,
          46.67526884708801
        ]
      }
    },
    {
      "type": "Feature",
      "properties": {
        "file": "leg04_m004_b290_2026-06-16T11-38-08.jpg",
        "leg": "leg04",
        "mark_index": 4,
        "along_track_m": 4.0,
        "achieved_heading": 315.22773151502327,
        "target_bearing": 290.1900121996498,
        "fix_type": 6,
        "hacc_m": 0.014,
        "corrupt": false,
        "position_interpolated": true,
        "captured_at_utc": "2026-06-16T17:38:08.319711+00:00"
      },
      "geometry": {
        "type": "Point",
        "coordinates": [
          -114.00515637568229,
          46.67527426374746
        ]
      }
    },
    {
      "type": "Feature",
      "properties": {
        "file": "leg04_m005_b290_2026-06-16T11-38-09.jpg",
        "leg": "leg04",
        "mark_index": 5,
        "along_track_m": 4.919,
        "achieved_heading": 316.67061113050124,
        "target_bearing": 290.1900121996498,
        "fix_type": 6,
        "hacc_m": 0.014,
        "corrupt": false,
        "position_interpolated": true,
        "captured_at_utc": "2026-06-16T17:38:09.234710+00:00"
      },
      "geometry": {
        "type": "Point",
        "coordinates": [
          -114.00516541336245,
          46.67527943187289
        ]
      }
    },
    {
      "type": "Feature",
      "properties": {
        "file": "leg05_m000_b020_2026-06-16T11-38-12.jpg",
        "leg": "leg05",
        "mark_index": 0,
        "along_track_m": 0.0,
        "achieved_heading": 17.87018128492791,
        "target_bearing": 20.072667433684614,
        "fix_type": 6,
        "hacc_m": 0.014,
        "corrupt": false,
        "position_interpolated": true,
        "captured_at_utc": "2026-06-16T17:38:12.522093+00:00"
      },
      "geometry": {
        "type": "Point",
        "coordinates": [
          -114.00516976635453,
          46.67528206473157
        ]
      }
    },
    {
      "type": "Feature",
      "properties": {
        "file": "leg05_m002_b020_2026-06-16T11-38-21.jpg",
        "leg": "leg05",
        "mark_index": 2,
        "along_track_m": 2.0,
        "achieved_heading": 23.082779417689594,
        "target_bearing": 20.072667433684614,
        "fix_type": 6,
        "hacc_m": 0.014,
        "corrupt": false,
        "position_interpolated": true,
        "captured_at_utc": "2026-06-16T17:38:21.495977+00:00"
      },
      "geometry": {
        "type": "Point",
        "coordinates": [
          -114.0051661888917,
          46.67530620555414
        ]
      }
    },
    {
      "type": "Feature",
      "properties": {
        "file": "leg05_m003_b020_2026-06-16T11-38-22.jpg",
        "leg": "leg05",
        "mark_index": 3,
        "along_track_m": 3.0,
        "achieved_heading": 34.52537684002678,
        "target_bearing": 20.072667433684614,
        "fix_type": 6,
        "hacc_m": 0.014,
        "corrupt": false,
        "position_interpolated": true,
        "captured_at_utc": "2026-06-16T17:38:22.323300+00:00"
      },
      "geometry": {
        "type": "Point",
        "coordinates": [
          -114.00516415442877,
          46.675308452582186
        ]
      }
    },
    {
      "type": "Feature",
      "properties": {
        "file": "leg05_m004_b020_2026-06-16T11-38-23.jpg",
        "leg": "leg05",
        "mark_index": 4,
        "along_track_m": 4.0,
        "achieved_heading": 47.20029188813133,
        "target_bearing": 20.072667433684614,
        "fix_type": 6,
        "hacc_m": 0.014,
        "corrupt": false,
        "position_interpolated": true,
        "captured_at_utc": "2026-06-16T17:38:23.395721+00:00"
      },
      "geometry": {
        "type": "Point",
        "coordinates": [
          -114.00515684537753,
          46.675316062185395
        ]
      }
    },
    {
      "type": "Feature",
      "properties": {
        "file": "leg05_m005_b020_2026-06-16T11-38-24.jpg",
        "leg": "leg05",
        "mark_index": 5,
        "along_track_m": 5.0,
        "achieved_heading": 34.201655685777865,
        "target_bearing": 20.072667433684614,
        "fix_type": 6,
        "hacc_m": 0.014,
        "corrupt": false,
        "position_interpolated": true,
        "captured_at_utc": "2026-06-16T17:38:24.443233+00:00"
      },
      "geometry": {
        "type": "Point",
        "coordinates": [
          -114.0051502581201,
          46.67532269723028
        ]
      }
    },
    {
      "type": "Feature",
      "properties": {
        "file": "leg05_m006_b020_2026-06-16T11-38-25.jpg",
        "leg": "leg05",
        "mark_index": 6,
        "along_track_m": 6.0,
        "achieved_heading": 30.99275859640518,
        "target_bearing": 20.072667433684614,
        "fix_type": 6,
        "hacc_m": 0.014,
        "corrupt": false,
        "position_interpolated": true,
        "captured_at_utc": "2026-06-16T17:38:25.615365+00:00"
      },
      "geometry": {
        "type": "Point",
        "coordinates": [
          -114.00514467159414,
          46.67533129755709
        ]
      }
    },
    {
      "type": "Feature",
      "properties": {
        "file": "leg05_m007_b020_2026-06-16T11-38-26.jpg",
        "leg": "leg05",
        "mark_index": 7,
        "along_track_m": 7.0,
        "achieved_heading": 30.09961924511741,
        "target_bearing": 20.072667433684614,
        "fix_type": 6,
        "hacc_m": 0.014,
        "corrupt": false,
        "position_interpolated": true,
        "captured_at_utc": "2026-06-16T17:38:26.725491+00:00"
      },
      "geometry": {
        "type": "Point",
        "coordinates": [
          -114.00513995261944,
          46.67533999506926
        ]
      }
    },
    {
      "type": "Feature",
      "properties": {
        "file": "leg05_m008_b020_2026-06-16T11-38-28.jpg",
        "leg": "leg05",
        "mark_index": 8,
        "along_track_m": 8.0,
        "achieved_heading": 31.22553860832899,
        "target_bearing": 20.072667433684614,
        "fix_type": 6,
        "hacc_m": 0.014,
        "corrupt": false,
        "position_interpolated": true,
        "captured_at_utc": "2026-06-16T17:38:27.834376+00:00"
      },
      "geometry": {
        "type": "Point",
        "coordinates": [
          -114.0051349973653,
          46.67534884699736
        ]
      }
    },
    {
      "type": "Feature",
      "properties": {
        "file": "leg05_m009_b020_2026-06-16T11-38-28.jpg",
        "leg": "leg05",
        "mark_index": 9,
        "along_track_m": 9.0,
        "achieved_heading": 32.84942835129658,
        "target_bearing": 20.072667433684614,
        "fix_type": 6,
        "hacc_m": 0.014,
        "corrupt": false,
        "position_interpolated": true,
        "captured_at_utc": "2026-06-16T17:38:28.795032+00:00"
      },
      "geometry": {
        "type": "Point",
        "coordinates": [
          -114.00513042815535,
          46.67535646354365
        ]
      }
    },
    {
      "type": "Feature",
      "properties": {
        "file": "leg05_m010_b020_2026-06-16T11-38-30.jpg",
        "leg": "leg05",
        "mark_index": 10,
        "along_track_m": 10.0,
        "achieved_heading": 32.41468616017107,
        "target_bearing": 20.072667433684614,
        "fix_type": 6,
        "hacc_m": 0.014,
        "corrupt": false,
        "position_interpolated": true,
        "captured_at_utc": "2026-06-16T17:38:29.965204+00:00"
      },
      "geometry": {
        "type": "Point",
        "coordinates": [
          -114.00512493080026,
          46.67536558199955
        ]
      }
    },
    {
      "type": "Feature",
      "properties": {
        "file": "leg05_m011_b020_2026-06-16T11-38-31.jpg",
        "leg": "leg05",
        "mark_index": 11,
        "along_track_m": 11.0,
        "achieved_heading": 31.92442609724675,
        "target_bearing": 20.072667433684614,
        "fix_type": 6,
        "hacc_m": 0.014,
        "corrupt": false,
        "position_interpolated": true,
        "captured_at_utc": "2026-06-16T17:38:31.014968+00:00"
      },
      "geometry": {
        "type": "Point",
        "coordinates": [
          -114.00511986149576,
          46.67537380160677
        ]
      }
    },
    {
      "type": "Feature",
      "properties": {
        "file": "leg05_m012_b020_2026-06-16T11-38-32.jpg",
        "leg": "leg05",
        "mark_index": 12,
        "along_track_m": 12.0,
        "achieved_heading": 29.684670818146742,
        "target_bearing": 20.072667433684614,
        "fix_type": 6,
        "hacc_m": 0.014,
        "corrupt": false,
        "position_interpolated": true,
        "captured_at_utc": "2026-06-16T17:38:32.139217+00:00"
      },
      "geometry": {
        "type": "Point",
        "coordinates": [
          -114.00511502929261,
          46.675382686995555
        ]
      }
    },
    {
      "type": "Feature",
      "properties": {
        "file": "leg05_m013_b020_2026-06-16T11-38-33.jpg",
        "leg": "leg05",
        "mark_index": 13,
        "along_track_m": 13.0,
        "achieved_heading": 28.565010948481557,
        "target_bearing": 20.072667433684614,
        "fix_type": 6,
        "hacc_m": 0.014,
        "corrupt": false,
        "position_interpolated": true,
        "captured_at_utc": "2026-06-16T17:38:33.206727+00:00"
      },
      "geometry": {
        "type": "Point",
        "coordinates": [
          -114.00511090268131,
          46.67539119005638
        ]
      }
    },
    {
      "type": "Feature",
      "properties": {
        "file": "leg05_m015_b020_2026-06-16T11-38-39.jpg",
        "leg": "leg05",
        "mark_index": 15,
        "along_track_m": 15.0,
        "achieved_heading": 31.837361976338755,
        "target_bearing": 20.072667433684614,
        "fix_type": 6,
        "hacc_m": 0.014,
        "corrupt": false,
        "position_interpolated": true,
        "captured_at_utc": "2026-06-16T17:38:39.338776+00:00"
      },
      "geometry": {
        "type": "Point",
        "coordinates": [
          -114.00510301495055,
          46.67540802617331
        ]
      }
    },
    {
      "type": "Feature",
      "properties": {
        "file": "leg05_m016_b020_2026-06-16T11-38-41.jpg",
        "leg": "leg05",
        "mark_index": 16,
        "along_track_m": 16.0,
        "achieved_heading": 30.274527496492567,
        "target_bearing": 20.072667433684614,
        "fix_type": 6,
        "hacc_m": 0.014,
        "corrupt": false,
        "position_interpolated": true,
        "captured_at_utc": "2026-06-16T17:38:40.971659+00:00"
      },
      "geometry": {
        "type": "Point",
        "coordinates": [
          -114.00509777522788,
          46.67541613715816
        ]
      }
    },
    {
      "type": "Feature",
      "properties": {
        "file": "leg05_m017_b020_2026-06-16T11-38-42.jpg",
        "leg": "leg05",
        "mark_index": 17,
        "along_track_m": 17.0,
        "achieved_heading": 27.64043152666676,
        "target_bearing": 20.072667433684614,
        "fix_type": 6,
        "hacc_m": 0.014,
        "corrupt": false,
        "position_interpolated": true,
        "captured_at_utc": "2026-06-16T17:38:42.079474+00:00"
      },
      "geometry": {
        "type": "Point",
        "coordinates": [
          -114.0050926733562,
          46.6754246596477
        ]
      }
    },
    {
      "type": "Feature",
      "properties": {
        "file": "leg05_m018_b020_2026-06-16T11-38-43.jpg",
        "leg": "leg05",
        "mark_index": 18,
        "along_track_m": 18.0,
        "achieved_heading": 27.30053157059868,
        "target_bearing": 20.072667433684614,
        "fix_type": 6,
        "hacc_m": 0.014,
        "corrupt": false,
        "position_interpolated": true,
        "captured_at_utc": "2026-06-16T17:38:43.186991+00:00"
      },
      "geometry": {
        "type": "Point",
        "coordinates": [
          -114.00508766811741,
          46.67543329468285
        ]
      }
    },
    {
      "type": "Feature",
      "properties": {
        "file": "leg05_m019_b020_2026-06-16T11-38-44.jpg",
        "leg": "leg05",
        "mark_index": 19,
        "along_track_m": 19.0,
        "achieved_heading": 26.915626386350723,
        "target_bearing": 20.072667433684614,
        "fix_type": 6,
        "hacc_m": 0.014,
        "corrupt": false,
        "position_interpolated": true,
        "captured_at_utc": "2026-06-16T17:38:44.180040+00:00"
      },
      "geometry": {
        "type": "Point",
        "coordinates": [
          -114.00508323481354,
          46.675441106710004
        ]
      }
    },
    {
      "type": "Feature",
      "properties": {
        "file": "leg05_m020_b020_2026-06-16T11-38-45.jpg",
        "leg": "leg05",
        "mark_index": 20,
        "along_track_m": 20.0,
        "achieved_heading": 25.435517919033515,
        "target_bearing": 20.072667433684614,
        "fix_type": 6,
        "hacc_m": 0.014,
        "corrupt": false,
        "position_interpolated": true,
        "captured_at_utc": "2026-06-16T17:38:45.253510+00:00"
      },
      "geometry": {
        "type": "Point",
        "coordinates": [
          -114.00507841945976,
          46.67544933531481
        ]
      }
    },
    {
      "type": "Feature",
      "properties": {
        "file": "leg05_m021_b020_2026-06-16T11-38-46.jpg",
        "leg": "leg05",
        "mark_index": 21,
        "along_track_m": 21.0,
        "achieved_heading": 23.291902225816884,
        "target_bearing": 20.072667433684614,
        "fix_type": 6,
        "hacc_m": 0.014,
        "corrupt": false,
        "position_interpolated": true,
        "captured_at_utc": "2026-06-16T17:38:45.933738+00:00"
      },
      "geometry": {
        "type": "Point",
        "coordinates": [
          -114.00507526544365,
          46.67545488639087
        ]
      }
    },
    {
      "type": "Feature",
      "properties": {
        "file": "leg05_m022_b020_2026-06-16T11-38-47.jpg",
        "leg": "leg05",
        "mark_index": 22,
        "along_track_m": 22.0,
        "achieved_heading": 27.082343953198787,
        "target_bearing": 20.072667433684614,
        "fix_type": 6,
        "hacc_m": 0.014,
        "corrupt": false,
        "position_interpolated": false,
        "captured_at_utc": "2026-06-16T17:38:47.523198+00:00"
      },
      "geometry": {
        "type": "Point",
        "coordinates": [
          -114.0050694,
          46.6754672
        ]
      }
    },
    {
      "type": "Feature",
      "properties": {
        "file": "leg05_m023_b020_2026-06-16T11-38-48.jpg",
        "leg": "leg05",
        "mark_index": 23,
        "along_track_m": 23.0,
        "achieved_heading": 26.530940722316956,
        "target_bearing": 20.072667433684614,
        "fix_type": 6,
        "hacc_m": 0.014,
        "corrupt": false,
        "position_interpolated": true,
        "captured_at_utc": "2026-06-16T17:38:48.807176+00:00"
      },
      "geometry": {
        "type": "Point",
        "coordinates": [
          -114.00506365394018,
          46.675477096202854
        ]
      }
    },
    {
      "type": "Feature",
      "properties": {
        "file": "leg05_m024_b020_2026-06-16T11-38-49.jpg",
        "leg": "leg05",
        "mark_index": 24,
        "along_track_m": 24.0,
        "achieved_heading": 25.191108639056054,
        "target_bearing": 20.072667433684614,
        "fix_type": 6,
        "hacc_m": 0.014,
        "corrupt": false,
        "position_interpolated": true,
        "captured_at_utc": "2026-06-16T17:38:49.578421+00:00"
      },
      "geometry": {
        "type": "Point",
        "coordinates": [
          -114.00506065487542,
          46.6754830852779
        ]
      }
    },
    {
      "type": "Feature",
      "properties": {
        "file": "leg05_m025_b020_2026-06-16T11-38-50.jpg",
        "leg": "leg05",
        "mark_index": 25,
        "along_track_m": 25.0,
        "achieved_heading": 25.10394156578549,
        "target_bearing": 20.072667433684614,
        "fix_type": 6,
        "hacc_m": 0.014,
        "corrupt": false,
        "position_interpolated": true,
        "captured_at_utc": "2026-06-16T17:38:50.637620+00:00"
      },
      "geometry": {
        "type": "Point",
        "coordinates": [
          -114.00505637844061,
          46.67549159932668
        ]
      }
    },
    {
      "type": "Feature",
      "properties": {
        "file": "leg05_m027_b020_2026-06-16T11-38-59.jpg",
        "leg": "leg05",
        "mark_index": 27,
        "along_track_m": 27.0,
        "achieved_heading": 24.8097286490093,
        "target_bearing": 20.072667433684614,
        "fix_type": 6,
        "hacc_m": 0.014,
        "corrupt": false,
        "position_interpolated": true,
        "captured_at_utc": "2026-06-16T17:38:58.943960+00:00"
      },
      "geometry": {
        "type": "Point",
        "coordinates": [
          -114.00504377017506,
          46.675516095612764
        ]
      }
    },
    {
      "type": "Feature",
      "properties": {
        "file": "leg05_m028_b020_2026-06-16T11-38-59.jpg",
        "leg": "leg05",
        "mark_index": 28,
        "along_track_m": 28.0,
        "achieved_heading": 23.054193349664857,
        "target_bearing": 20.072667433684614,
        "fix_type": 6,
        "hacc_m": 0.014,
        "corrupt": false,
        "position_interpolated": true,
        "captured_at_utc": "2026-06-16T17:38:59.223457+00:00"
      },
      "geometry": {
        "type": "Point",
        "coordinates": [
          -114.0050437746137,
          46.67551630154521
        ]
      }
    },
    {
      "type": "Feature",
      "properties": {
        "file": "leg05_m029_b020_2026-06-16T11-39-01.jpg",
        "leg": "leg05",
        "mark_index": 29,
        "along_track_m": 29.0,
        "achieved_heading": 27.158003557289376,
        "target_bearing": 20.072667433684614,
        "fix_type": 6,
        "hacc_m": 0.014,
        "corrupt": false,
        "position_interpolated": false,
        "captured_at_utc": "2026-06-16T17:39:00.915860+00:00"
      },
      "geometry": {
        "type": "Point",
        "coordinates": [
          -114.0050381,
          46.6755275
        ]
      }
    },
    {
      "type": "Feature",
      "properties": {
        "file": "leg05_m030_b020_2026-06-16T11-39-01.jpg",
        "leg": "leg05",
        "mark_index": 30,
        "along_track_m": 30.0,
        "achieved_heading": 26.64843703255262,
        "target_bearing": 20.072667433684614,
        "fix_type": 6,
        "hacc_m": 0.014,
        "corrupt": false,
        "position_interpolated": true,
        "captured_at_utc": "2026-06-16T17:39:01.816048+00:00"
      },
      "geometry": {
        "type": "Point",
        "coordinates": [
          -114.00503395412457,
          46.675534341161615
        ]
      }
    },
    {
      "type": "Feature",
      "properties": {
        "file": "leg05_m031_b020_2026-06-16T11-39-03.jpg",
        "leg": "leg05",
        "mark_index": 31,
        "along_track_m": 31.0,
        "achieved_heading": 25.943936892457074,
        "target_bearing": 20.072667433684614,
        "fix_type": 6,
        "hacc_m": 0.014,
        "corrupt": false,
        "position_interpolated": true,
        "captured_at_utc": "2026-06-16T17:39:02.935902+00:00"
      },
      "geometry": {
        "type": "Point",
        "coordinates": [
          -114.00502901483763,
          46.675542918256355
        ]
      }
    },
    {
      "type": "Feature",
      "properties": {
        "file": "leg05_m032_b020_2026-06-16T11-39-04.jpg",
        "leg": "leg05",
        "mark_index": 32,
        "along_track_m": 32.0,
        "achieved_heading": 23.325450967773975,
        "target_bearing": 20.072667433684614,
        "fix_type": 6,
        "hacc_m": 0.014,
        "corrupt": false,
        "position_interpolated": true,
        "captured_at_utc": "2026-06-16T17:39:04.000370+00:00"
      },
      "geometry": {
        "type": "Point",
        "coordinates": [
          -114.00502457455084,
          46.67555123055773
        ]
      }
    },
    {
      "type": "Feature",
      "properties": {
        "file": "leg05_m033_b020_2026-06-16T11-39-05.jpg",
        "leg": "leg05",
        "mark_index": 33,
        "along_track_m": 33.0,
        "achieved_heading": 24.318988041365287,
        "target_bearing": 20.072667433684614,
        "fix_type": 6,
        "hacc_m": 0.014,
        "corrupt": false,
        "position_interpolated": true,
        "captured_at_utc": "2026-06-16T17:39:04.954830+00:00"
      },
      "geometry": {
        "type": "Point",
        "coordinates": [
          -114.00502088918493,
          46.67555850777822
        ]
      }
    },
    {
      "type": "Feature",
      "properties": {
        "file": "leg05_m035_b020_2026-06-16T11-39-16.jpg",
        "leg": "leg05",
        "mark_index": 35,
        "along_track_m": 35.0,
        "achieved_heading": 19.261730302790326,
        "target_bearing": 20.072667433684614,
        "fix_type": 6,
        "hacc_m": 0.014,
        "corrupt": false,
        "position_interpolated": true,
        "captured_at_utc": "2026-06-16T17:39:15.828868+00:00"
      },
      "geometry": {
        "type": "Point",
        "coordinates": [
          -114.005010077482,
          46.67558174503598
        ]
      }
    },
    {
      "type": "Feature",
      "properties": {
        "file": "leg05_m036_b020_2026-06-16T11-39-17.jpg",
        "leg": "leg05",
        "mark_index": 36,
        "along_track_m": 36.0,
        "achieved_heading": 18.947828088620994,
        "target_bearing": 20.072667433684614,
        "fix_type": 6,
        "hacc_m": 0.014,
        "corrupt": false,
        "position_interpolated": true,
        "captured_at_utc": "2026-06-16T17:39:17.001137+00:00"
      },
      "geometry": {
        "type": "Point",
        "coordinates": [
          -114.0050085709562,
          46.67558538713138
        ]
      }
    },
    {
      "type": "Feature",
      "properties": {
        "file": "leg05_m037_b020_2026-06-16T11-39-18.jpg",
        "leg": "leg05",
        "mark_index": 37,
        "along_track_m": 37.0,
        "achieved_heading": 22.70264970323133,
        "target_bearing": 20.072667433684614,
        "fix_type": 6,
        "hacc_m": 0.014,
        "corrupt": false,
        "position_interpolated": true,
        "captured_at_utc": "2026-06-16T17:39:17.999560+00:00"
      },
      "geometry": {
        "type": "Point",
        "coordinates": [
          -114.0050053222111,
          46.67559329526189
        ]
      }
    },
    {
      "type": "Feature",
      "properties": {
        "file": "leg05_m038_b020_2026-06-16T11-39-19.jpg",
        "leg": "leg05",
        "mark_index": 38,
        "along_track_m": 38.0,
        "achieved_heading": 28.515543489035522,
        "target_bearing": 20.072667433684614,
        "fix_type": 6,
        "hacc_m": 0.014,
        "corrupt": false,
        "position_interpolated": true,
        "captured_at_utc": "2026-06-16T17:39:19.190221+00:00"
      },
      "geometry": {
        "type": "Point",
        "coordinates": [
          -114.00500037719334,
          46.675602735839014
        ]
      }
    },
    {
      "type": "Feature",
      "properties": {
        "file": "leg05_m039_b020_2026-06-16T11-39-20.jpg",
        "leg": "leg05",
        "mark_index": 39,
        "along_track_m": 39.0,
        "achieved_heading": 28.578491624616888,
        "target_bearing": 20.072667433684614,
        "fix_type": 6,
        "hacc_m": 0.014,
        "corrupt": false,
        "position_interpolated": true,
        "captured_at_utc": "2026-06-16T17:39:20.234611+00:00"
      },
      "geometry": {
        "type": "Point",
        "coordinates": [
          -114.00499519510872,
          46.67561069719674
        ]
      }
    },
    {
      "type": "Feature",
      "properties": {
        "file": "leg05_m040_b020_2026-06-16T11-39-21.jpg",
        "leg": "leg05",
        "mark_index": 40,
        "along_track_m": 40.0,
        "achieved_heading": 27.157001628256708,
        "target_bearing": 20.072667433684614,
        "fix_type": 6,
        "hacc_m": 0.014,
        "corrupt": false,
        "position_interpolated": true,
        "captured_at_utc": "2026-06-16T17:39:21.395768+00:00"
      },
      "geometry": {
        "type": "Point",
        "coordinates": [
          -114.00498944625649,
          46.675619539924284
        ]
      }
    },
    {
      "type": "Feature",
      "properties": {
        "file": "leg05_m041_b020_2026-06-16T11-39-22.jpg",
        "leg": "leg05",
        "mark_index": 41,
        "along_track_m": 41.0,
        "achieved_heading": 25.125722752203686,
        "target_bearing": 20.072667433684614,
        "fix_type": 6,
        "hacc_m": 0.014,
        "corrupt": false,
        "position_interpolated": true,
        "captured_at_utc": "2026-06-16T17:39:22.402963+00:00"
      },
      "geometry": {
        "type": "Point",
        "coordinates": [
          -114.00498462055059,
          46.67562718752271
        ]
      }
    },
    {
      "type": "Feature",
      "properties": {
        "file": "leg05_m042_b020_2026-06-16T11-39-23.jpg",
        "leg": "leg05",
        "mark_index": 42,
        "along_track_m": 42.0,
        "achieved_heading": 23.400938343862464,
        "target_bearing": 20.072667433684614,
        "fix_type": 6,
        "hacc_m": 0.014,
        "corrupt": false,
        "position_interpolated": true,
        "captured_at_utc": "2026-06-16T17:39:23.452121+00:00"
      },
      "geometry": {
        "type": "Point",
        "coordinates": [
          -114.00498002169417,
          46.67563585311989
        ]
      }
    },
    {
      "type": "Feature",
      "properties": {
        "file": "leg05_m043_b020_2026-06-16T11-39-24.jpg",
        "leg": "leg05",
        "mark_index": 43,
        "along_track_m": 43.0,
        "achieved_heading": 24.862103618414793,
        "target_bearing": 20.072667433684614,
        "fix_type": 6,
        "hacc_m": 0.014,
        "corrupt": false,
        "position_interpolated": true,
        "captured_at_utc": "2026-06-16T17:39:24.452834+00:00"
      },
      "geometry": {
        "type": "Point",
        "coordinates": [
          -114.00497566106661,
          46.675643641586035
        ]
      }
    },
    {
      "type": "Feature",
      "properties": {
        "file": "leg05_m044_b020_2026-06-16T11-39-25.jpg",
        "leg": "leg05",
        "mark_index": 44,
        "along_track_m": 44.0,
        "achieved_heading": 24.223336567545843,
        "target_bearing": 20.072667433684614,
        "fix_type": 6,
        "hacc_m": 0.014,
        "corrupt": false,
        "position_interpolated": true,
        "captured_at_utc": "2026-06-16T17:39:25.605564+00:00"
      },
      "geometry": {
        "type": "Point",
        "coordinates": [
          -114.00497061692822,
          46.67565233845296
        ]
      }
    },
    {
      "type": "Feature",
      "properties": {
        "file": "leg05_m045_b020_2026-06-16T11-39-26.jpg",
        "leg": "leg05",
        "mark_index": 45,
        "along_track_m": 45.0,
        "achieved_heading": 23.490148168688904,
        "target_bearing": 20.072667433684614,
        "fix_type": 6,
        "hacc_m": 0.014,
        "corrupt": false,
        "position_interpolated": true,
        "captured_at_utc": "2026-06-16T17:39:26.390290+00:00"
      },
      "geometry": {
        "type": "Point",
        "coordinates": [
          -114.00496740114474,
          46.6756585316798
        ]
      }
    },
    {
      "type": "Feature",
      "properties": {
        "file": "leg05_m047_b020_2026-06-16T11-39-37.jpg",
        "leg": "leg05",
        "mark_index": 47,
        "along_track_m": 47.0,
        "achieved_heading": 21.813371066050564,
        "target_bearing": 20.072667433684614,
        "fix_type": 6,
        "hacc_m": 0.014,
        "corrupt": false,
        "position_interpolated": true,
        "captured_at_utc": "2026-06-16T17:39:37.379459+00:00"
      },
      "geometry": {
        "type": "Point",
        "coordinates": [
          -114.00495611201183,
          46.675683
        ]
      }
    },
    {
      "type": "Feature",
      "properties": {
        "file": "leg05_m048_b020_2026-06-16T11-39-38.jpg",
        "leg": "leg05",
        "mark_index": 48,
        "along_track_m": 48.0,
        "achieved_heading": 23.960108177546942,
        "target_bearing": 20.072667433684614,
        "fix_type": 6,
        "hacc_m": 0.014,
        "corrupt": false,
        "position_interpolated": true,
        "captured_at_utc": "2026-06-16T17:39:38.177058+00:00"
      },
      "geometry": {
        "type": "Point",
        "coordinates": [
          -114.00495511274262,
          46.675685005724304
        ]
      }
    },
    {
      "type": "Feature",
      "properties": {
        "file": "leg05_m049_b020_2026-06-16T11-39-39.jpg",
        "leg": "leg05",
        "mark_index": 49,
        "along_track_m": 49.0,
        "achieved_heading": 25.917733076170407,
        "target_bearing": 20.072667433684614,
        "fix_type": 6,
        "hacc_m": 0.014,
        "corrupt": false,
        "position_interpolated": true,
        "captured_at_utc": "2026-06-16T17:39:39.417112+00:00"
      },
      "geometry": {
        "type": "Point",
        "coordinates": [
          -114.00494969222619,
          46.675694661660714
        ]
      }
    },
    {
      "type": "Feature",
      "properties": {
        "file": "leg05_m050_b020_2026-06-16T11-39-40.jpg",
        "leg": "leg05",
        "mark_index": 50,
        "along_track_m": 50.0,
        "achieved_heading": 26.292259010662505,
        "target_bearing": 20.072667433684614,
        "fix_type": 6,
        "hacc_m": 0.014,
        "corrupt": false,
        "position_interpolated": true,
        "captured_at_utc": "2026-06-16T17:39:40.537611+00:00"
      },
      "geometry": {
        "type": "Point",
        "coordinates": [
          -114.00494473205416,
          46.67570319883029
        ]
      }
    },
    {
      "type": "Feature",
      "properties": {
        "file": "leg05_m051_b020_2026-06-16T11-39-41.jpg",
        "leg": "leg05",
        "mark_index": 51,
        "along_track_m": 51.0,
        "achieved_heading": 26.259027313679127,
        "target_bearing": 20.072667433684614,
        "fix_type": 6,
        "hacc_m": 0.014,
        "corrupt": false,
        "position_interpolated": true,
        "captured_at_utc": "2026-06-16T17:39:41.650541+00:00"
      },
      "geometry": {
        "type": "Point",
        "coordinates": [
          -114.00493955399963,
          46.67571185550064
        ]
      }
    },
    {
      "type": "Feature",
      "properties": {
        "file": "leg05_m052_b020_2026-06-16T11-39-42.jpg",
        "leg": "leg05",
        "mark_index": 52,
        "along_track_m": 52.0,
        "achieved_heading": 23.318955235407913,
        "target_bearing": 20.072667433684614,
        "fix_type": 6,
        "hacc_m": 0.014,
        "corrupt": false,
        "position_interpolated": true,
        "captured_at_utc": "2026-06-16T17:39:42.745408+00:00"
      },
      "geometry": {
        "type": "Point",
        "coordinates": [
          -114.00493473989701,
          46.67572021352788
        ]
      }
    },
    {
      "type": "Feature",
      "properties": {
        "file": "leg05_m053_b020_2026-06-16T11-39-43.jpg",
        "leg": "leg05",
        "mark_index": 53,
        "along_track_m": 53.0,
        "achieved_heading": 24.4257357784021,
        "target_bearing": 20.072667433684614,
        "fix_type": 6,
        "hacc_m": 0.014,
        "corrupt": false,
        "position_interpolated": true,
        "captured_at_utc": "2026-06-16T17:39:43.792644+00:00"
      },
      "geometry": {
        "type": "Point",
        "coordinates": [
          -114.0049306383254,
          46.675728598113324
        ]
      }
    },
    {
      "type": "Feature",
      "properties": {
        "file": "leg05_m054_b020_2026-06-16T11-39-44.jpg",
        "leg": "leg05",
        "mark_index": 54,
        "along_track_m": 54.0,
        "achieved_heading": 25.249053924214195,
        "target_bearing": 20.072667433684614,
        "fix_type": 6,
        "hacc_m": 0.014,
        "corrupt": false,
        "position_interpolated": true,
        "captured_at_utc": "2026-06-16T17:39:44.847139+00:00"
      },
      "geometry": {
        "type": "Point",
        "coordinates": [
          -114.00492597965675,
          46.6757369707723
        ]
      }
    },
    {
      "type": "Feature",
      "properties": {
        "file": "leg05_m055_b020_2026-06-16T11-39-45.jpg",
        "leg": "leg05",
        "mark_index": 55,
        "along_track_m": 55.0,
        "achieved_heading": 25.662227952601143,
        "target_bearing": 20.072667433684614,
        "fix_type": 6,
        "hacc_m": 0.014,
        "corrupt": false,
        "position_interpolated": true,
        "captured_at_utc": "2026-06-16T17:39:45.851645+00:00"
      },
      "geometry": {
        "type": "Point",
        "coordinates": [
          -114.00492148776812,
          46.67574518841223
        ]
      }
    },
    {
      "type": "Feature",
      "properties": {
        "file": "leg05_m056_b020_2026-06-16T11-39-47.jpg",
        "leg": "leg05",
        "mark_index": 56,
        "along_track_m": 56.0,
        "achieved_heading": 25.63323808233993,
        "target_bearing": 20.072667433684614,
        "fix_type": 6,
        "hacc_m": 0.014,
        "corrupt": false,
        "position_interpolated": true,
        "captured_at_utc": "2026-06-16T17:39:46.963597+00:00"
      },
      "geometry": {
        "type": "Point",
        "coordinates": [
          -114.00491688313157,
          46.675754154289486
        ]
      }
    },
    {
      "type": "Feature",
      "properties": {
        "file": "leg05_m057_b020_2026-06-16T11-39-48.jpg",
        "leg": "leg05",
        "mark_index": 57,
        "along_track_m": 57.0,
        "achieved_heading": 27.28044288054224,
        "target_bearing": 20.072667433684614,
        "fix_type": 6,
        "hacc_m": 0.014,
        "corrupt": false,
        "position_interpolated": true,
        "captured_at_utc": "2026-06-16T17:39:48.027647+00:00"
      },
      "geometry": {
        "type": "Point",
        "coordinates": [
          -114.00491222628547,
          46.67576244215913
        ]
      }
    },
    {
      "type": "Feature",
      "properties": {
        "file": "leg05_m058_b020_2026-06-16T11-39-49.jpg",
        "leg": "leg05",
        "mark_index": 58,
        "along_track_m": 58.0,
        "achieved_heading": 25.362995003947276,
        "target_bearing": 20.072667433684614,
        "fix_type": 6,
        "hacc_m": 0.014,
        "corrupt": false,
        "position_interpolated": true,
        "captured_at_utc": "2026-06-16T17:39:49.065037+00:00"
      },
      "geometry": {
        "type": "Point",
        "coordinates": [
          -114.00490747172736,
          46.67577037731297
        ]
      }
    },
    {
      "type": "Feature",
      "properties": {
        "file": "leg05_m059_b020_2026-06-16T11-39-50.jpg",
        "leg": "leg05",
        "mark_index": 59,
        "along_track_m": 59.0,
        "achieved_heading": 24.72679845768721,
        "target_bearing": 20.072667433684614,
        "fix_type": 6,
        "hacc_m": 0.014,
        "corrupt": false,
        "position_interpolated": true,
        "captured_at_utc": "2026-06-16T17:39:50.138844+00:00"
      },
      "geometry": {
        "type": "Point",
        "coordinates": [
          -114.00490266073949,
          46.675779106564214
        ]
      }
    },
    {
      "type": "Feature",
      "properties": {
        "file": "leg05_m060_b020_2026-06-16T11-39-51.jpg",
        "leg": "leg05",
        "mark_index": 60,
        "along_track_m": 60.0,
        "achieved_heading": 23.232001662610813,
        "target_bearing": 20.072667433684614,
        "fix_type": 6,
        "hacc_m": 0.014,
        "corrupt": false,
        "position_interpolated": true,
        "captured_at_utc": "2026-06-16T17:39:51.184839+00:00"
      },
      "geometry": {
        "type": "Point",
        "coordinates": [
          -114.00489835348489,
          46.6757878930302
        ]
      }
    },
    {
      "type": "Feature",
      "properties": {
        "file": "leg05_m061_b020_2026-06-16T11-39-52.jpg",
        "leg": "leg05",
        "mark_index": 61,
        "along_track_m": 61.0,
        "achieved_heading": 22.704080041532364,
        "target_bearing": 20.072667433684614,
        "fix_type": 6,
        "hacc_m": 0.014,
        "corrupt": false,
        "position_interpolated": true,
        "captured_at_utc": "2026-06-16T17:39:52.226158+00:00"
      },
      "geometry": {
        "type": "Point",
        "coordinates": [
          -114.00489415821403,
          46.67579616685754
        ]
      }
    },
    {
      "type": "Feature",
      "properties": {
        "file": "leg05_m062_b020_2026-06-16T11-39-53.jpg",
        "leg": "leg05",
        "mark_index": 62,
        "along_track_m": 62.0,
        "achieved_heading": 22.852528494603675,
        "target_bearing": 20.072667433684614,
        "fix_type": 6,
        "hacc_m": 0.014,
        "corrupt": false,
        "position_interpolated": true,
        "captured_at_utc": "2026-06-16T17:39:53.234824+00:00"
      },
      "geometry": {
        "type": "Point",
        "coordinates": [
          -114.00488994060755,
          46.67580426136082
        ]
      }
    },
    {
      "type": "Feature",
      "properties": {
        "file": "leg05_m064_b020_2026-06-16T11-40-04.jpg",
        "leg": "leg05",
        "mark_index": 64,
        "along_track_m": 64.0,
        "achieved_heading": 23.10203136534099,
        "target_bearing": 20.072667433684614,
        "fix_type": 6,
        "hacc_m": 0.014,
        "corrupt": false,
        "position_interpolated": true,
        "captured_at_utc": "2026-06-16T17:40:04.619485+00:00"
      },
      "geometry": {
        "type": "Point",
        "coordinates": [
          -114.00487959206873,
          46.67582899603437
        ]
      }
    },
    {
      "type": "Feature",
      "properties": {
        "file": "leg05_m065_b020_2026-06-16T11-40-05.jpg",
        "leg": "leg05",
        "mark_index": 65,
        "along_track_m": 65.0,
        "achieved_heading": 22.56667670374935,
        "target_bearing": 20.072667433684614,
        "fix_type": 6,
        "hacc_m": 0.014,
        "corrupt": false,
        "position_interpolated": true,
        "captured_at_utc": "2026-06-16T17:40:05.312359+00:00"
      },
      "geometry": {
        "type": "Point",
        "coordinates": [
          -114.00487874138022,
          46.6758305275846
        ]
      }
    },
    {
      "type": "Feature",
      "properties": {
        "file": "leg05_m066_b020_2026-06-16T11-40-06.jpg",
        "leg": "leg05",
        "mark_index": 66,
        "along_track_m": 66.0,
        "achieved_heading": 27.234563860680183,
        "target_bearing": 20.072667433684614,
        "fix_type": 6,
        "hacc_m": 0.014,
        "corrupt": false,
        "position_interpolated": true,
        "captured_at_utc": "2026-06-16T17:40:06.393915+00:00"
      },
      "geometry": {
        "type": "Point",
        "coordinates": [
          -114.00487370878007,
          46.67583866904716
        ]
      }
    },
    {
      "type": "Feature",
      "properties": {
        "file": "leg05_m067_b020_2026-06-16T11-40-07.jpg",
        "leg": "leg05",
        "mark_index": 67,
        "along_track_m": 67.0,
        "achieved_heading": 25.308403301988193,
        "target_bearing": 20.072667433684614,
        "fix_type": 6,
        "hacc_m": 0.014,
        "corrupt": false,
        "position_interpolated": true,
        "captured_at_utc": "2026-06-16T17:40:07.460250+00:00"
      },
      "geometry": {
        "type": "Point",
        "coordinates": [
          -114.00486818413674,
          46.67584713800173
        ]
      }
    },
    {
      "type": "Feature",
      "properties": {
        "file": "leg05_m068_b020_2026-06-16T11-40-08.jpg",
        "leg": "leg05",
        "mark_index": 68,
        "along_track_m": 68.0,
        "achieved_heading": 24.63965843440107,
        "target_bearing": 20.072667433684614,
        "fix_type": 6,
        "hacc_m": 0.014,
        "corrupt": false,
        "position_interpolated": true,
        "captured_at_utc": "2026-06-16T17:40:08.401927+00:00"
      },
      "geometry": {
        "type": "Point",
        "coordinates": [
          -114.00486364298314,
          46.67585461408012
        ]
      }
    },
    {
      "type": "Feature",
      "properties": {
        "file": "leg05_m069_b020_2026-06-16T11-40-09.jpg",
        "leg": "leg05",
        "mark_index": 69,
        "along_track_m": 69.0,
        "achieved_heading": 22.037995019499064,
        "target_bearing": 20.072667433684614,
        "fix_type": 6,
        "hacc_m": 0.014,
        "corrupt": false,
        "position_interpolated": true,
        "captured_at_utc": "2026-06-16T17:40:09.529975+00:00"
      },
      "geometry": {
        "type": "Point",
        "coordinates": [
          -114.00485855268538,
          46.67586360138847
        ]
      }
    },
    {
      "type": "Feature",
      "properties": {
        "file": "leg05_m070_b020_2026-06-16T11-40-10.jpg",
        "leg": "leg05",
        "mark_index": 70,
        "along_track_m": 70.0,
        "achieved_heading": 21.425108844181622,
        "target_bearing": 20.072667433684614,
        "fix_type": 6,
        "hacc_m": 0.014,
        "corrupt": false,
        "position_interpolated": true,
        "captured_at_utc": "2026-06-16T17:40:10.635640+00:00"
      },
      "geometry": {
        "type": "Point",
        "coordinates": [
          -114.00485415375218,
          46.675872304057606
        ]
      }
    },
    {
      "type": "Feature",
      "properties": {
        "file": "leg05_m071_b020_2026-06-16T11-40-11.jpg",
        "leg": "leg05",
        "mark_index": 71,
        "along_track_m": 71.0,
        "achieved_heading": 22.00566345734184,
        "target_bearing": 20.072667433684614,
        "fix_type": 6,
        "hacc_m": 0.014,
        "corrupt": false,
        "position_interpolated": true,
        "captured_at_utc": "2026-06-16T17:40:11.623303+00:00"
      },
      "geometry": {
        "type": "Point",
        "coordinates": [
          -114.00485051631438,
          46.67588053180791
        ]
      }
    },
    {
      "type": "Feature",
      "properties": {
        "file": "leg05_m072_b020_2026-06-16T11-40-12.jpg",
        "leg": "leg05",
        "mark_index": 72,
        "along_track_m": 72.0,
        "achieved_heading": 22.46367065009744,
        "target_bearing": 20.072667433684614,
        "fix_type": 6,
        "hacc_m": 0.014,
        "corrupt": false,
        "position_interpolated": true,
        "captured_at_utc": "2026-06-16T17:40:12.454530+00:00"
      },
      "geometry": {
        "type": "Point",
        "coordinates": [
          -114.00484713897993,
          46.67588725376016
        ]
      }
    },
    {
      "type": "Feature",
      "properties": {
        "file": "leg05_m073_b020_2026-06-16T11-40-13.jpg",
        "leg": "leg05",
        "mark_index": 73,
        "along_track_m": 73.0,
        "achieved_heading": 24.14939023368828,
        "target_bearing": 20.072667433684614,
        "fix_type": 6,
        "hacc_m": 0.014,
        "corrupt": false,
        "position_interpolated": true,
        "captured_at_utc": "2026-06-16T17:40:13.531000+00:00"
      },
      "geometry": {
        "type": "Point",
        "coordinates": [
          -114.00484273297322,
          46.67589611288719
        ]
      }
    },
    {
      "type": "Feature",
      "properties": {
        "file": "leg05_m074_b020_2026-06-16T11-40-14.jpg",
        "leg": "leg05",
        "mark_index": 74,
        "along_track_m": 74.0,
        "achieved_heading": 24.51546401207537,
        "target_bearing": 20.072667433684614,
        "fix_type": 6,
        "hacc_m": 0.014,
        "corrupt": false,
        "position_interpolated": true,
        "captured_at_utc": "2026-06-16T17:40:14.635459+00:00"
      },
      "geometry": {
        "type": "Point",
        "coordinates": [
          -114.00483764303482,
          46.6759046568097
        ]
      }
    },
    {
      "type": "Feature",
      "properties": {
        "file": "leg05_m076_b020_2026-06-16T11-40-26.jpg",
        "leg": "leg05",
        "mark_index": 76,
        "along_track_m": 76.0,
        "achieved_heading": 34.21161040114005,
        "target_bearing": 20.072667433684614,
        "fix_type": 6,
        "hacc_m": 0.014,
        "corrupt": false,
        "position_interpolated": true,
        "captured_at_utc": "2026-06-16T17:40:26.259066+00:00"
      },
      "geometry": {
        "type": "Point",
        "coordinates": [
          -114.0048271,
          46.6759269
        ]
      }
    },
    {
      "type": "Feature",
      "properties": {
        "file": "leg05_m077_b020_2026-06-16T11-40-27.jpg",
        "leg": "leg05",
        "mark_index": 77,
        "along_track_m": 77.0,
        "achieved_heading": 34.02247703296736,
        "target_bearing": 20.072667433684614,
        "fix_type": 6,
        "hacc_m": 0.014,
        "corrupt": false,
        "position_interpolated": true,
        "captured_at_utc": "2026-06-16T17:40:27.664093+00:00"
      },
      "geometry": {
        "type": "Point",
        "coordinates": [
          -114.00482318860193,
          46.67593245892499
        ]
      }
    },
    {
      "type": "Feature",
      "properties": {
        "file": "leg05_m078_b020_2026-06-16T11-40-28.jpg",
        "leg": "leg05",
        "mark_index": 78,
        "along_track_m": 78.0,
        "achieved_heading": 31.05959768278686,
        "target_bearing": 20.072667433684614,
        "fix_type": 6,
        "hacc_m": 0.014,
        "corrupt": false,
        "position_interpolated": true,
        "captured_at_utc": "2026-06-16T17:40:28.635034+00:00"
      },
      "geometry": {
        "type": "Point",
        "coordinates": [
          -114.00481727207666,
          46.67593932792333
        ]
      }
    },
    {
      "type": "Feature",
      "properties": {
        "file": "leg05_m079_b020_2026-06-16T11-40-29.jpg",
        "leg": "leg05",
        "mark_index": 79,
        "along_track_m": 79.0,
        "achieved_heading": 21.38550996316792,
        "target_bearing": 20.072667433684614,
        "fix_type": 6,
        "hacc_m": 0.014,
        "corrupt": false,
        "position_interpolated": true,
        "captured_at_utc": "2026-06-16T17:40:29.336830+00:00"
      },
      "geometry": {
        "type": "Point",
        "coordinates": [
          -114.00481386259781,
          46.67594477947961
        ]
      }
    },
    {
      "type": "Feature",
      "properties": {
        "file": "leg05_m080_b020_2026-06-16T11-40-30.jpg",
        "leg": "leg05",
        "mark_index": 80,
        "along_track_m": 80.0,
        "achieved_heading": 17.83776895186442,
        "target_bearing": 20.072667433684614,
        "fix_type": 6,
        "hacc_m": 0.014,
        "corrupt": false,
        "position_interpolated": true,
        "captured_at_utc": "2026-06-16T17:40:30.735065+00:00"
      },
      "geometry": {
        "type": "Point",
        "coordinates": [
          -114.00480843907847,
          46.675956030546104
        ]
      }
    },
    {
      "type": "Feature",
      "properties": {
        "file": "leg05_m082_b020_2026-06-16T11-40-39.jpg",
        "leg": "leg05",
        "mark_index": 82,
        "along_track_m": 82.0,
        "achieved_heading": 19.01319186857529,
        "target_bearing": 20.072667433684614,
        "fix_type": 6,
        "hacc_m": 0.014,
        "corrupt": false,
        "position_interpolated": true,
        "captured_at_utc": "2026-06-16T17:40:38.925723+00:00"
      },
      "geometry": {
        "type": "Point",
        "coordinates": [
          -114.00479910434625,
          46.67598010434625
        ]
      }
    },
    {
      "type": "Feature",
      "properties": {
        "file": "leg05_m083_b020_2026-06-16T11-40-39.jpg",
        "leg": "leg05",
        "mark_index": 83,
        "along_track_m": 83.0,
        "achieved_heading": 20.0993372212008,
        "target_bearing": 20.072667433684614,
        "fix_type": 6,
        "hacc_m": 0.014,
        "corrupt": false,
        "position_interpolated": true,
        "captured_at_utc": "2026-06-16T17:40:39.841323+00:00"
      },
      "geometry": {
        "type": "Point",
        "coordinates": [
          -114.00479766820948,
          46.67598274768576
        ]
      }
    },
    {
      "type": "Feature",
      "properties": {
        "file": "leg05_m084_b020_2026-06-16T11-40-41.jpg",
        "leg": "leg05",
        "mark_index": 84,
        "along_track_m": 84.0,
        "achieved_heading": 26.06715102372442,
        "target_bearing": 20.072667433684614,
        "fix_type": 6,
        "hacc_m": 0.014,
        "corrupt": false,
        "position_interpolated": true,
        "captured_at_utc": "2026-06-16T17:40:40.802979+00:00"
      },
      "geometry": {
        "type": "Point",
        "coordinates": [
          -114.00479355738386,
          46.67599035900526
        ]
      }
    },
    {
      "type": "Feature",
      "properties": {
        "file": "leg05_m085_b020_2026-06-16T11-40-42.jpg",
        "leg": "leg05",
        "mark_index": 85,
        "along_track_m": 85.0,
        "achieved_heading": 25.067386907366256,
        "target_bearing": 20.072667433684614,
        "fix_type": 6,
        "hacc_m": 0.014,
        "corrupt": false,
        "position_interpolated": true,
        "captured_at_utc": "2026-06-16T17:40:41.976969+00:00"
      },
      "geometry": {
        "type": "Point",
        "coordinates": [
          -114.00478784411706,
          46.67599944485365
        ]
      }
    },
    {
      "type": "Feature",
      "properties": {
        "file": "leg05_m086_b020_2026-06-16T11-40-43.jpg",
        "leg": "leg05",
        "mark_index": 86,
        "along_track_m": 86.0,
        "achieved_heading": 23.123561448402484,
        "target_bearing": 20.072667433684614,
        "fix_type": 6,
        "hacc_m": 0.014,
        "corrupt": false,
        "position_interpolated": true,
        "captured_at_utc": "2026-06-16T17:40:42.991401+00:00"
      },
      "geometry": {
        "type": "Point",
        "coordinates": [
          -114.00478292190688,
          46.67600745618621
        ]
      }
    },
    {
      "type": "Feature",
      "properties": {
        "file": "leg05_m087_b020_2026-06-16T11-40-44.jpg",
        "leg": "leg05",
        "mark_index": 87,
        "along_track_m": 87.0,
        "achieved_heading": 23.223429523926157,
        "target_bearing": 20.072667433684614,
        "fix_type": 6,
        "hacc_m": 0.014,
        "corrupt": false,
        "position_interpolated": true,
        "captured_at_utc": "2026-06-16T17:40:43.821678+00:00"
      },
      "geometry": {
        "type": "Point",
        "coordinates": [
          -114.0047796854387,
          46.676013977302404
        ]
      }
    },
    {
      "type": "Feature",
      "properties": {
        "file": "leg05_m088_b020_2026-06-16T11-40-45.jpg",
        "leg": "leg05",
        "mark_index": 88,
        "along_track_m": 88.0,
        "achieved_heading": 20.294462449541484,
        "target_bearing": 20.072667433684614,
        "fix_type": 6,
        "hacc_m": 0.014,
        "corrupt": false,
        "position_interpolated": true,
        "captured_at_utc": "2026-06-16T17:40:45.201894+00:00"
      },
      "geometry": {
        "type": "Point",
        "coordinates": [
          -114.00477367019175,
          46.67602465961647
        ]
      }
    },
    {
      "type": "Feature",
      "properties": {
        "file": "leg05_m089_b020_2026-06-16T11-40-46.jpg",
        "leg": "leg05",
        "mark_index": 89,
        "along_track_m": 89.0,
        "achieved_heading": 22.07085249042302,
        "target_bearing": 20.072667433684614,
        "fix_type": 6,
        "hacc_m": 0.014,
        "corrupt": false,
        "position_interpolated": true,
        "captured_at_utc": "2026-06-16T17:40:46.232022+00:00"
      },
      "geometry": {
        "type": "Point",
        "coordinates": [
          -114.0047694075878,
          46.676032810985184
        ]
      }
    },
    {
      "type": "Feature",
      "properties": {
        "file": "leg05_m090_b020_2026-06-16T11-40-47.jpg",
        "leg": "leg05",
        "mark_index": 90,
        "along_track_m": 90.0,
        "achieved_heading": 23.245352903513393,
        "target_bearing": 20.072667433684614,
        "fix_type": 6,
        "hacc_m": 0.014,
        "corrupt": false,
        "position_interpolated": true,
        "captured_at_utc": "2026-06-16T17:40:47.197541+00:00"
      },
      "geometry": {
        "type": "Point",
        "coordinates": [
          -114.00476549521136,
          46.67604073870735
        ]
      }
    },
    {
      "type": "Feature",
      "properties": {
        "file": "leg05_m091_b020_2026-06-16T11-40-48.jpg",
        "leg": "leg05",
        "mark_index": 91,
        "along_track_m": 91.0,
        "achieved_heading": 22.74984874967616,
        "target_bearing": 20.072667433684614,
        "fix_type": 6,
        "hacc_m": 0.014,
        "corrupt": false,
        "position_interpolated": true,
        "captured_at_utc": "2026-06-16T17:40:48.380912+00:00"
      },
      "geometry": {
        "type": "Point",
        "coordinates": [
          -114.0047607528687,
          46.67604995740466
        ]
      }
    },
    {
      "type": "Feature",
      "properties": {
        "file": "leg05_m092_b020_2026-06-16T11-40-49.jpg",
        "leg": "leg05",
        "mark_index": 92,
        "along_track_m": 92.0,
        "achieved_heading": 24.97591838670313,
        "target_bearing": 20.072667433684614,
        "fix_type": 6,
        "hacc_m": 0.017,
        "corrupt": false,
        "position_interpolated": true,
        "captured_at_utc": "2026-06-16T17:40:49.428314+00:00"
      },
      "geometry": {
        "type": "Point",
        "coordinates": [
          -114.00475578908141,
          46.67605846506842
        ]
      }
    },
    {
      "type": "Feature",
      "properties": {
        "file": "leg05_m093_b020_2026-06-16T11-40-50.jpg",
        "leg": "leg05",
        "mark_index": 93,
        "along_track_m": 93.0,
        "achieved_heading": 23.74528948809332,
        "target_bearing": 20.072667433684614,
        "fix_type": 6,
        "hacc_m": 0.016,
        "corrupt": false,
        "position_interpolated": true,
        "captured_at_utc": "2026-06-16T17:40:50.404896+00:00"
      },
      "geometry": {
        "type": "Point",
        "coordinates": [
          -114.00475144427323,
          46.676065866987706
        ]
      }
    },
    {
      "type": "Feature",
      "properties": {
        "file": "leg05_m094_b020_2026-06-16T11-40-51.jpg",
        "leg": "leg05",
        "mark_index": 94,
        "along_track_m": 94.0,
        "achieved_heading": 22.656381941154777,
        "target_bearing": 20.072667433684614,
        "fix_type": 6,
        "hacc_m": 0.014,
        "corrupt": false,
        "position_interpolated": true,
        "captured_at_utc": "2026-06-16T17:40:51.516928+00:00"
      },
      "geometry": {
        "type": "Point",
        "coordinates": [
          -114.0047466747837,
          46.67607473667823
        ]
      }
    },
    {
      "type": "Feature",
      "properties": {
        "file": "leg05_m095_b020_2026-06-16T11-40-52.jpg",
        "leg": "leg05",
        "mark_index": 95,
        "along_track_m": 95.0,
        "achieved_heading": 22.735211984719186,
        "target_bearing": 20.072667433684614,
        "fix_type": 6,
        "hacc_m": 0.014,
        "corrupt": false,
        "position_interpolated": true,
        "captured_at_utc": "2026-06-16T17:40:52.587125+00:00"
      },
      "geometry": {
        "type": "Point",
        "coordinates": [
          -114.00474165317802,
          46.67608331009877
        ]
      }
    },
    {
      "type": "Feature",
      "properties": {
        "file": "leg05_m096_b020_2026-06-16T11-40-53.jpg",
        "leg": "leg05",
        "mark_index": 96,
        "along_track_m": 96.0,
        "achieved_heading": 20.92809077530417,
        "target_bearing": 20.072667433684614,
        "fix_type": 6,
        "hacc_m": 0.014,
        "corrupt": false,
        "position_interpolated": true,
        "captured_at_utc": "2026-06-16T17:40:53.490907+00:00"
      },
      "geometry": {
        "type": "Point",
        "coordinates": [
          -114.00473808140741,
          46.67609062555554
        ]
      }
    },
    {
      "type": "Feature",
      "properties": {
        "file": "leg05_m097_b020_2026-06-16T11-40-54.jpg",
        "leg": "leg05",
        "mark_index": 97,
        "along_track_m": 97.0,
        "achieved_heading": 22.689064565434975,
        "target_bearing": 20.072667433684614,
        "fix_type": 6,
        "hacc_m": 0.014,
        "corrupt": false,
        "position_interpolated": true,
        "captured_at_utc": "2026-06-16T17:40:54.680772+00:00"
      },
      "geometry": {
        "type": "Point",
        "coordinates": [
          -114.00473365591937,
          46.67610022281001
        ]
      }
    },
    {
      "type": "Feature",
      "properties": {
        "file": "leg05_m098_b020_2026-06-16T11-40-55.jpg",
        "leg": "leg05",
        "mark_index": 98,
        "along_track_m": 98.0,
        "achieved_heading": 23.764464217435957,
        "target_bearing": 20.072667433684614,
        "fix_type": 6,
        "hacc_m": 0.014,
        "corrupt": false,
        "position_interpolated": true,
        "captured_at_utc": "2026-06-16T17:40:55.779680+00:00"
      },
      "geometry": {
        "type": "Point",
        "coordinates": [
          -114.00472959374248,
          46.676108907821884
        ]
      }
    },
    {
      "type": "Feature",
      "properties": {
        "file": "leg05_m099_b020_2026-06-16T11-40-57.jpg",
        "leg": "leg05",
        "mark_index": 99,
        "along_track_m": 99.0,
        "achieved_heading": 25.782228778537956,
        "target_bearing": 20.072667433684614,
        "fix_type": 6,
        "hacc_m": 0.014,
        "corrupt": false,
        "position_interpolated": true,
        "captured_at_utc": "2026-06-16T17:40:56.793843+00:00"
      },
      "geometry": {
        "type": "Point",
        "coordinates": [
          -114.00472505357551,
          46.67611706963671
        ]
      }
    },
    {
      "type": "Feature",
      "properties": {
        "file": "leg05_m100_b020_2026-06-16T11-40-57.jpg",
        "leg": "leg05",
        "mark_index": 100,
        "along_track_m": 100.0,
        "achieved_heading": 25.722978494449407,
        "target_bearing": 20.072667433684614,
        "fix_type": 6,
        "hacc_m": 0.014,
        "corrupt": false,
        "position_interpolated": true,
        "captured_at_utc": "2026-06-16T17:40:57.765632+00:00"
      },
      "geometry": {
        "type": "Point",
        "coordinates": [
          -114.0047201629159,
          46.67612475831149
        ]
      }
    },
    {
      "type": "Feature",
      "properties": {
        "file": "leg05_m101_b020_2026-06-16T11-40-59.jpg",
        "leg": "leg05",
        "mark_index": 101,
        "along_track_m": 101.0,
        "achieved_heading": 23.145695781770428,
        "target_bearing": 20.072667433684614,
        "fix_type": 6,
        "hacc_m": 0.014,
        "corrupt": false,
        "position_interpolated": true,
        "captured_at_utc": "2026-06-16T17:40:58.822697+00:00"
      },
      "geometry": {
        "type": "Point",
        "coordinates": [
          -114.00471544635913,
          46.676133053912224
        ]
      }
    },
    {
      "type": "Feature",
      "properties": {
        "file": "leg05_m103_b020_2026-06-16T11-41-07.jpg",
        "leg": "leg05",
        "mark_index": 103,
        "along_track_m": 103.0,
        "achieved_heading": 25.352578349559025,
        "target_bearing": 20.072667433684614,
        "fix_type": 6,
        "hacc_m": 0.014,
        "corrupt": false,
        "position_interpolated": true,
        "captured_at_utc": "2026-06-16T17:41:07.151021+00:00"
      },
      "geometry": {
        "type": "Point",
        "coordinates": [
          -114.00470311686372,
          46.676157965090226
        ]
      }
    },
    {
      "type": "Feature",
      "properties": {
        "file": "leg05_m105_b020_2026-06-16T11-41-15.jpg",
        "leg": "leg05",
        "mark_index": 105,
        "along_track_m": 105.0,
        "achieved_heading": 29.912678324749663,
        "target_bearing": 20.072667433684614,
        "fix_type": 6,
        "hacc_m": 0.014,
        "corrupt": false,
        "position_interpolated": true,
        "captured_at_utc": "2026-06-16T17:41:15.264107+00:00"
      },
      "geometry": {
        "type": "Point",
        "coordinates": [
          -114.00469372391113,
          46.67617325217771
        ]
      }
    },
    {
      "type": "Feature",
      "properties": {
        "file": "leg05_m106_b020_2026-06-16T11-41-16.jpg",
        "leg": "leg05",
        "mark_index": 106,
        "along_track_m": 106.0,
        "achieved_heading": 25.551792087609385,
        "target_bearing": 20.072667433684614,
        "fix_type": 6,
        "hacc_m": 0.014,
        "corrupt": false,
        "position_interpolated": true,
        "captured_at_utc": "2026-06-16T17:41:16.138375+00:00"
      },
      "geometry": {
        "type": "Point",
        "coordinates": [
          -114.00469191603649,
          46.67617601067915
        ]
      }
    },
    {
      "type": "Feature",
      "properties": {
        "file": "leg05_m107_b020_2026-06-16T11-41-17.jpg",
        "leg": "leg05",
        "mark_index": 107,
        "along_track_m": 107.0,
        "achieved_heading": 23.800202812114946,
        "target_bearing": 20.072667433684614,
        "fix_type": 6,
        "hacc_m": 0.014,
        "corrupt": false,
        "position_interpolated": true,
        "captured_at_utc": "2026-06-16T17:41:17.232818+00:00"
      },
      "geometry": {
        "type": "Point",
        "coordinates": [
          -114.00468621507268,
          46.67618457739096
        ]
      }
    },
    {
      "type": "Feature",
      "properties": {
        "file": "leg05_m108_b020_2026-06-16T11-41-18.jpg",
        "leg": "leg05",
        "mark_index": 108,
        "along_track_m": 108.0,
        "achieved_heading": 20.47284156856773,
        "target_bearing": 20.072667433684614,
        "fix_type": 6,
        "hacc_m": 0.014,
        "corrupt": false,
        "position_interpolated": true,
        "captured_at_utc": "2026-06-16T17:41:18.276346+00:00"
      },
      "geometry": {
        "type": "Point",
        "coordinates": [
          -114.00468141773446,
          46.676192812916504
        ]
      }
    },
    {
      "type": "Feature",
      "properties": {
        "file": "leg05_m109_b020_2026-06-16T11-41-19.jpg",
        "leg": "leg05",
        "mark_index": 109,
        "along_track_m": 109.0,
        "achieved_heading": 18.159712616767706,
        "target_bearing": 20.072667433684614,
        "fix_type": 6,
        "hacc_m": 0.014,
        "corrupt": false,
        "position_interpolated": true,
        "captured_at_utc": "2026-06-16T17:41:19.322105+00:00"
      },
      "geometry": {
        "type": "Point",
        "coordinates": [
          -114.00467726108438,
          46.67620137053454
        ]
      }
    },
    {
      "type": "Feature",
      "properties": {
        "file": "leg05_m110_b020_2026-06-16T11-41-20.jpg",
        "leg": "leg05",
        "mark_index": 110,
        "along_track_m": 110.0,
        "achieved_heading": 19.26968772186241,
        "target_bearing": 20.072667433684614,
        "fix_type": 6,
        "hacc_m": 0.014,
        "corrupt": false,
        "position_interpolated": true,
        "captured_at_utc": "2026-06-16T17:41:20.259069+00:00"
      },
      "geometry": {
        "type": "Point",
        "coordinates": [
          -114.00467382372959,
          46.67620868474429
        ]
      }
    },
    {
      "type": "Feature",
      "properties": {
        "file": "leg05_m112_b020_2026-06-16T11-41-31.jpg",
        "leg": "leg05",
        "mark_index": 112,
        "along_track_m": 112.0,
        "achieved_heading": 18.983897675412493,
        "target_bearing": 20.072667433684614,
        "fix_type": 6,
        "hacc_m": 0.014,
        "corrupt": false,
        "position_interpolated": true,
        "captured_at_utc": "2026-06-16T17:41:31.225654+00:00"
      },
      "geometry": {
        "type": "Point",
        "coordinates": [
          -114.0046624,
          46.676232299999995
        ]
      }
    },
    {
      "type": "Feature",
      "properties": {
        "file": "leg05_m113_b020_2026-06-16T11-41-32.jpg",
        "leg": "leg05",
        "mark_index": 113,
        "along_track_m": 113.0,
        "achieved_heading": 19.28317389406351,
        "target_bearing": 20.072667433684614,
        "fix_type": 6,
        "hacc_m": 0.014,
        "corrupt": false,
        "position_interpolated": true,
        "captured_at_utc": "2026-06-16T17:41:32.184631+00:00"
      },
      "geometry": {
        "type": "Point",
        "coordinates": [
          -114.00466103710582,
          46.67623605865011
        ]
      }
    },
    {
      "type": "Feature",
      "properties": {
        "file": "leg05_m114_b020_2026-06-16T11-41-33.jpg",
        "leg": "leg05",
        "mark_index": 114,
        "along_track_m": 114.0,
        "achieved_heading": 20.70021311298106,
        "target_bearing": 20.072667433684614,
        "fix_type": 6,
        "hacc_m": 0.014,
        "corrupt": false,
        "position_interpolated": true,
        "captured_at_utc": "2026-06-16T17:41:33.180422+00:00"
      },
      "geometry": {
        "type": "Point",
        "coordinates": [
          -114.00465712471076,
          46.6762441849896
        ]
      }
    },
    {
      "type": "Feature",
      "properties": {
        "file": "leg05_m115_b020_2026-06-16T11-41-34.jpg",
        "leg": "leg05",
        "mark_index": 115,
        "along_track_m": 115.0,
        "achieved_heading": 22.949392632622434,
        "target_bearing": 20.072667433684614,
        "fix_type": 6,
        "hacc_m": 0.014,
        "corrupt": false,
        "position_interpolated": true,
        "captured_at_utc": "2026-06-16T17:41:34.218136+00:00"
      },
      "geometry": {
        "type": "Point",
        "coordinates": [
          -114.00465300710667,
          46.67625231645254
        ]
      }
    },
    {
      "type": "Feature",
      "properties": {
        "file": "leg05_m116_b020_2026-06-16T11-41-35.jpg",
        "leg": "leg05",
        "mark_index": 116,
        "along_track_m": 116.0,
        "achieved_heading": 24.439496619441243,
        "target_bearing": 20.072667433684614,
        "fix_type": 6,
        "hacc_m": 0.014,
        "corrupt": false,
        "position_interpolated": true,
        "captured_at_utc": "2026-06-16T17:41:35.149117+00:00"
      },
      "geometry": {
        "type": "Point",
        "coordinates": [
          -114.00464896207369,
          46.676259776398304
        ]
      }
    },
    {
      "type": "Feature",
      "properties": {
        "file": "leg05_m117_b020_2026-06-16T11-41-36.jpg",
        "leg": "leg05",
        "mark_index": 117,
        "along_track_m": 117.0,
        "achieved_heading": 24.212982770738336,
        "target_bearing": 20.072667433684614,
        "fix_type": 6,
        "hacc_m": 0.014,
        "corrupt": false,
        "position_interpolated": true,
        "captured_at_utc": "2026-06-16T17:41:36.415515+00:00"
      },
      "geometry": {
        "type": "Point",
        "coordinates": [
          -114.00464345591703,
          46.676269537320636
        ]
      }
    },
    {
      "type": "Feature",
      "properties": {
        "file": "leg05_m118_b020_2026-06-16T11-41-37.jpg",
        "leg": "leg05",
        "mark_index": 118,
        "along_track_m": 118.0,
        "achieved_heading": 22.466249773044055,
        "target_bearing": 20.072667433684614,
        "fix_type": 6,
        "hacc_m": 0.014,
        "corrupt": false,
        "position_interpolated": true,
        "captured_at_utc": "2026-06-16T17:41:37.426113+00:00"
      },
      "geometry": {
        "type": "Point",
        "coordinates": [
          -114.00463877979666,
          46.67627774040666
        ]
      }
    },
    {
      "type": "Feature",
      "properties": {
        "file": "leg05_m119_b020_2026-06-16T11-41-38.jpg",
        "leg": "leg05",
        "mark_index": 119,
        "along_track_m": 119.0,
        "achieved_heading": 21.609744773868627,
        "target_bearing": 20.072667433684614,
        "fix_type": 6,
        "hacc_m": 0.014,
        "corrupt": false,
        "position_interpolated": true,
        "captured_at_utc": "2026-06-16T17:41:38.415026+00:00"
      },
      "geometry": {
        "type": "Point",
        "coordinates": [
          -114.00463489322229,
          46.67628559250908
        ]
      }
    },
    {
      "type": "Feature",
      "properties": {
        "file": "leg05_m120_b020_2026-06-16T11-41-39.jpg",
        "leg": "leg05",
        "mark_index": 120,
        "along_track_m": 120.0,
        "achieved_heading": 23.551975747500975,
        "target_bearing": 20.072667433684614,
        "fix_type": 6,
        "hacc_m": 0.014,
        "corrupt": false,
        "position_interpolated": true,
        "captured_at_utc": "2026-06-16T17:41:39.381844+00:00"
      },
      "geometry": {
        "type": "Point",
        "coordinates": [
          -114.004631240663,
          46.67629307493918
        ]
      }
    },
    {
      "type": "Feature",
      "properties": {
        "file": "leg05_m121_b020_2026-06-16T11-41-40.jpg",
        "leg": "leg05",
        "mark_index": 121,
        "along_track_m": 121.0,
        "achieved_heading": 24.689295651941833,
        "target_bearing": 20.072667433684614,
        "fix_type": 6,
        "hacc_m": 0.014,
        "corrupt": false,
        "position_interpolated": true,
        "captured_at_utc": "2026-06-16T17:41:40.626882+00:00"
      },
      "geometry": {
        "type": "Point",
        "coordinates": [
          -114.00462592845886,
          46.676303064492075
        ]
      }
    },
    {
      "type": "Feature",
      "properties": {
        "file": "leg05_m122_b020_2026-06-16T11-41-41.jpg",
        "leg": "leg05",
        "mark_index": 122,
        "along_track_m": 122.0,
        "achieved_heading": 25.107362885926136,
        "target_bearing": 20.072667433684614,
        "fix_type": 6,
        "hacc_m": 0.014,
        "corrupt": false,
        "position_interpolated": true,
        "captured_at_utc": "2026-06-16T17:41:41.726698+00:00"
      },
      "geometry": {
        "type": "Point",
        "coordinates": [
          -114.00462093261062,
          46.67631172729104
        ]
      }
    },
    {
      "type": "Feature",
      "properties": {
        "file": "leg05_m123_b020_2026-06-16T11-41-43.jpg",
        "leg": "leg05",
        "mark_index": 123,
        "along_track_m": 123.0,
        "achieved_heading": 24.525388902858012,
        "target_bearing": 20.072667433684614,
        "fix_type": 6,
        "hacc_m": 0.014,
        "corrupt": false,
        "position_interpolated": true,
        "captured_at_utc": "2026-06-16T17:41:42.445708+00:00"
      },
      "geometry": {
        "type": "Point",
        "coordinates": [
          -114.00461772723655,
          46.67631724552688
        ]
      }
    },
    {
      "type": "Feature",
      "properties": {
        "file": "leg05_m124_b020_2026-06-16T11-41-43.jpg",
        "leg": "leg05",
        "mark_index": 124,
        "along_track_m": 124.0,
        "achieved_heading": 23.39826554233747,
        "target_bearing": 20.072667433684614,
        "fix_type": 6,
        "hacc_m": 0.014,
        "corrupt": false,
        "position_interpolated": true,
        "captured_at_utc": "2026-06-16T17:41:43.762375+00:00"
      },
      "geometry": {
        "type": "Point",
        "coordinates": [
          -114.00461182428624,
          46.67632756159568
        ]
      }
    },
    {
      "type": "Feature",
      "properties": {
        "file": "leg05_m125_b020_2026-06-16T11-41-45.jpg",
        "leg": "leg05",
        "mark_index": 125,
        "along_track_m": 125.0,
        "achieved_heading": 22.31340966493643,
        "target_bearing": 20.072667433684614,
        "fix_type": 6,
        "hacc_m": 0.014,
        "corrupt": false,
        "position_interpolated": true,
        "captured_at_utc": "2026-06-16T17:41:44.929784+00:00"
      },
      "geometry": {
        "type": "Point",
        "coordinates": [
          -114.00460692571937,
          46.67633664443453
        ]
      }
    },
    {
      "type": "Feature",
      "properties": {
        "file": "leg05_m126_b020_2026-06-16T11-41-46.jpg",
        "leg": "leg05",
        "mark_index": 126,
        "along_track_m": 126.0,
        "achieved_heading": 21.95594871950648,
        "target_bearing": 20.072667433684614,
        "fix_type": 6,
        "hacc_m": 0.014,
        "corrupt": false,
        "position_interpolated": true,
        "captured_at_utc": "2026-06-16T17:41:45.950215+00:00"
      },
      "geometry": {
        "type": "Point",
        "coordinates": [
          -114.00460272366763,
          46.67634502793122
        ]
      }
    },
    {
      "type": "Feature",
      "properties": {
        "file": "leg05_m127_b020_2026-06-16T11-41-47.jpg",
        "leg": "leg05",
        "mark_index": 127,
        "along_track_m": 127.0,
        "achieved_heading": 22.375132884578207,
        "target_bearing": 20.072667433684614,
        "fix_type": 6,
        "hacc_m": 0.014,
        "corrupt": false,
        "position_interpolated": true,
        "captured_at_utc": "2026-06-16T17:41:47.059767+00:00"
      },
      "geometry": {
        "type": "Point",
        "coordinates": [
          -114.00459817885407,
          46.67635385017728
        ]
      }
    },
    {
      "type": "Feature",
      "properties": {
        "file": "leg05_m128_b020_2026-06-16T11-41-48.jpg",
        "leg": "leg05",
        "mark_index": 128,
        "along_track_m": 128.0,
        "achieved_heading": 24.050607713705276,
        "target_bearing": 20.072667433684614,
        "fix_type": 6,
        "hacc_m": 0.014,
        "corrupt": false,
        "position_interpolated": true,
        "captured_at_utc": "2026-06-16T17:41:48.306685+00:00"
      },
      "geometry": {
        "type": "Point",
        "coordinates": [
          -114.0045932003494,
          46.67636231114811
        ]
      }
    },
    {
      "type": "Feature",
      "properties": {
        "file": "leg05_m129_b020_2026-06-16T11-41-49.jpg",
        "leg": "leg05",
        "mark_index": 129,
        "along_track_m": 129.0,
        "achieved_heading": 22.950125280882503,
        "target_bearing": 20.072667433684614,
        "fix_type": 6,
        "hacc_m": 0.014,
        "corrupt": false,
        "position_interpolated": true,
        "captured_at_utc": "2026-06-16T17:41:49.358047+00:00"
      },
      "geometry": {
        "type": "Point",
        "coordinates": [
          -114.00458851613732,
          46.676370902138785
        ]
      }
    },
    {
      "type": "Feature",
      "properties": {
        "file": "leg05_m130_b020_2026-06-16T11-41-50.jpg",
        "leg": "leg05",
        "mark_index": 130,
        "along_track_m": 130.0,
        "achieved_heading": 22.606600273463883,
        "target_bearing": 20.072667433684614,
        "fix_type": 6,
        "hacc_m": 0.014,
        "corrupt": false,
        "position_interpolated": true,
        "captured_at_utc": "2026-06-16T17:41:50.377974+00:00"
      },
      "geometry": {
        "type": "Point",
        "coordinates": [
          -114.00458375176018,
          46.67637929647963
        ]
      }
    },
    {
      "type": "Feature",
      "properties": {
        "file": "leg05_m131_b020_2026-06-16T11-41-51.jpg",
        "leg": "leg05",
        "mark_index": 131,
        "along_track_m": 131.0,
        "achieved_heading": 21.251065156919324,
        "target_bearing": 20.072667433684614,
        "fix_type": 6,
        "hacc_m": 0.014,
        "corrupt": false,
        "position_interpolated": true,
        "captured_at_utc": "2026-06-16T17:41:51.415913+00:00"
      },
      "geometry": {
        "type": "Point",
        "coordinates": [
          -114.00457970951999,
          46.67638752620003
        ]
      }
    },
    {
      "type": "Feature",
      "properties": {
        "file": "leg05_m132_b020_2026-06-16T11-41-52.jpg",
        "leg": "leg05",
        "mark_index": 132,
        "along_track_m": 132.0,
        "achieved_heading": 22.730062980950194,
        "target_bearing": 20.072667433684614,
        "fix_type": 6,
        "hacc_m": 0.014,
        "corrupt": false,
        "position_interpolated": true,
        "captured_at_utc": "2026-06-16T17:41:52.440267+00:00"
      },
      "geometry": {
        "type": "Point",
        "coordinates": [
          -114.00457549724432,
          46.676395931200275
        ]
      }
    },
    {
      "type": "Feature",
      "properties": {
        "file": "leg05_m133_b020_2026-06-16T11-41-53.jpg",
        "leg": "leg05",
        "mark_index": 133,
        "along_track_m": 133.0,
        "achieved_heading": 24.29170001305205,
        "target_bearing": 20.072667433684614,
        "fix_type": 6,
        "hacc_m": 0.014,
        "corrupt": false,
        "position_interpolated": true,
        "captured_at_utc": "2026-06-16T17:41:53.473843+00:00"
      },
      "geometry": {
        "type": "Point",
        "coordinates": [
          -114.00457107052524,
          46.676404577896754
        ]
      }
    },
    {
      "type": "Feature",
      "properties": {
        "file": "leg05_m134_b020_2026-06-16T11-41-54.jpg",
        "leg": "leg05",
        "mark_index": 134,
        "along_track_m": 134.0,
        "achieved_heading": 23.254864667084163,
        "target_bearing": 20.072667433684614,
        "fix_type": 6,
        "hacc_m": 0.014,
        "corrupt": false,
        "position_interpolated": true,
        "captured_at_utc": "2026-06-16T17:41:54.526587+00:00"
      },
      "geometry": {
        "type": "Point",
        "coordinates": [
          -114.0045666507655,
          46.67641291956949
        ]
      }
    },
    {
      "type": "Feature",
      "properties": {
        "file": "leg05_m135_b020_2026-06-16T11-41-55.jpg",
        "leg": "leg05",
        "mark_index": 135,
        "along_track_m": 135.0,
        "achieved_heading": 24.623551774872325,
        "target_bearing": 20.072667433684614,
        "fix_type": 6,
        "hacc_m": 0.014,
        "corrupt": false,
        "position_interpolated": true,
        "captured_at_utc": "2026-06-16T17:41:55.564085+00:00"
      },
      "geometry": {
        "type": "Point",
        "coordinates": [
          -114.00456221239168,
          46.67642144221963
        ]
      }
    },
    {
      "type": "Feature",
      "properties": {
        "file": "leg05_m136_b020_2026-06-16T11-41-56.jpg",
        "leg": "leg05",
        "mark_index": 136,
        "along_track_m": 136.0,
        "achieved_heading": 24.28314877907576,
        "target_bearing": 20.072667433684614,
        "fix_type": 6,
        "hacc_m": 0.014,
        "corrupt": false,
        "position_interpolated": true,
        "captured_at_utc": "2026-06-16T17:41:56.632802+00:00"
      },
      "geometry": {
        "type": "Point",
        "coordinates": [
          -114.00455779640481,
          46.67642992250325
        ]
      }
    },
    {
      "type": "Feature",
      "properties": {
        "file": "leg05_m137_b020_2026-06-16T11-41-57.jpg",
        "leg": "leg05",
        "mark_index": 137,
        "along_track_m": 137.0,
        "achieved_heading": 23.336984221691083,
        "target_bearing": 20.072667433684614,
        "fix_type": 6,
        "hacc_m": 0.014,
        "corrupt": false,
        "position_interpolated": true,
        "captured_at_utc": "2026-06-16T17:41:57.679877+00:00"
      },
      "geometry": {
        "type": "Point",
        "coordinates": [
          -114.00455336839548,
          46.67643814740676
        ]
      }
    },
    {
      "type": "Feature",
      "properties": {
        "file": "leg05_m138_b020_2026-06-16T11-41-58.jpg",
        "leg": "leg05",
        "mark_index": 138,
        "along_track_m": 138.0,
        "achieved_heading": 23.94020090386286,
        "target_bearing": 20.072667433684614,
        "fix_type": 6,
        "hacc_m": 0.014,
        "corrupt": false,
        "position_interpolated": true,
        "captured_at_utc": "2026-06-16T17:41:58.742060+00:00"
      },
      "geometry": {
        "type": "Point",
        "coordinates": [
          -114.00454867879854,
          46.67644674998239
        ]
      }
    },
    {
      "type": "Feature",
      "properties": {
        "file": "leg05_m139_b020_2026-06-16T11-41-59.jpg",
        "leg": "leg05",
        "mark_index": 139,
        "along_track_m": 139.0,
        "achieved_heading": 25.362430626922887,
        "target_bearing": 20.072667433684614,
        "fix_type": 6,
        "hacc_m": 0.014,
        "corrupt": false,
        "position_interpolated": true,
        "captured_at_utc": "2026-06-16T17:41:59.798656+00:00"
      },
      "geometry": {
        "type": "Point",
        "coordinates": [
          -114.00454405885684,
          46.67645507348611
        ]
      }
    },
    {
      "type": "Feature",
      "properties": {
        "file": "leg05_m140_b020_2026-06-16T11-42-01.jpg",
        "leg": "leg05",
        "mark_index": 140,
        "along_track_m": 140.0,
        "achieved_heading": 23.817278537749218,
        "target_bearing": 20.072667433684614,
        "fix_type": 6,
        "hacc_m": 0.014,
        "corrupt": false,
        "position_interpolated": true,
        "captured_at_utc": "2026-06-16T17:42:00.903090+00:00"
      },
      "geometry": {
        "type": "Point",
        "coordinates": [
          -114.00453878883042,
          46.67646364207924
        ]
      }
    },
    {
      "type": "Feature",
      "properties": {
        "file": "leg05_m141_b020_2026-06-16T11-42-02.jpg",
        "leg": "leg05",
        "mark_index": 141,
        "along_track_m": 141.0,
        "achieved_heading": 21.136411415232885,
        "target_bearing": 20.072667433684614,
        "fix_type": 6,
        "hacc_m": 0.014,
        "corrupt": false,
        "position_interpolated": true,
        "captured_at_utc": "2026-06-16T17:42:01.918713+00:00"
      },
      "geometry": {
        "type": "Point",
        "coordinates": [
          -114.00453444887566,
          46.6764716908877
        ]
      }
    },
    {
      "type": "Feature",
      "properties": {
        "file": "leg05_m142_b020_2026-06-16T11-42-03.jpg",
        "leg": "leg05",
        "mark_index": 142,
        "along_track_m": 142.0,
        "achieved_heading": 21.675342761908666,
        "target_bearing": 20.072667433684614,
        "fix_type": 6,
        "hacc_m": 0.014,
        "corrupt": false,
        "position_interpolated": true,
        "captured_at_utc": "2026-06-16T17:42:02.965482+00:00"
      },
      "geometry": {
        "type": "Point",
        "coordinates": [
          -114.00453025325322,
          46.67648032495277
        ]
      }
    },
    {
      "type": "Feature",
      "properties": {
        "file": "leg05_m143_b020_2026-06-16T11-42-04.jpg",
        "leg": "leg05",
        "mark_index": 143,
        "along_track_m": 143.0,
        "achieved_heading": 23.021999456800785,
        "target_bearing": 20.072667433684614,
        "fix_type": 6,
        "hacc_m": 0.014,
        "corrupt": false,
        "position_interpolated": true,
        "captured_at_utc": "2026-06-16T17:42:03.989962+00:00"
      },
      "geometry": {
        "type": "Point",
        "coordinates": [
          -114.004525892264,
          46.676488315472
        ]
      }
    },
    {
      "type": "Feature",
      "properties": {
        "file": "leg05_m144_b020_2026-06-16T11-42-05.jpg",
        "leg": "leg05",
        "mark_index": 144,
        "along_track_m": 144.0,
        "achieved_heading": 22.242789189588137,
        "target_bearing": 20.072667433684614,
        "fix_type": 6,
        "hacc_m": 0.014,
        "corrupt": false,
        "position_interpolated": true,
        "captured_at_utc": "2026-06-16T17:42:05.101353+00:00"
      },
      "geometry": {
        "type": "Point",
        "coordinates": [
          -114.00452098642268,
          46.676497269870104
        ]
      }
    },
    {
      "type": "Feature",
      "properties": {
        "file": "leg05_m145_b020_2026-06-16T11-42-06.jpg",
        "leg": "leg05",
        "mark_index": 145,
        "along_track_m": 145.0,
        "achieved_heading": 21.733489690043115,
        "target_bearing": 20.072667433684614,
        "fix_type": 6,
        "hacc_m": 0.014,
        "corrupt": false,
        "position_interpolated": true,
        "captured_at_utc": "2026-06-16T17:42:06.206722+00:00"
      },
      "geometry": {
        "type": "Point",
        "coordinates": [
          -114.00451668942245,
          46.67650592115509
        ]
      }
    },
    {
      "type": "Feature",
      "properties": {
        "file": "leg05_m146_b020_2026-06-16T11-42-07.jpg",
        "leg": "leg05",
        "mark_index": 146,
        "along_track_m": 146.0,
        "achieved_heading": 22.557268673509213,
        "target_bearing": 20.072667433684614,
        "fix_type": 6,
        "hacc_m": 0.014,
        "corrupt": false,
        "position_interpolated": true,
        "captured_at_utc": "2026-06-16T17:42:07.214859+00:00"
      },
      "geometry": {
        "type": "Point",
        "coordinates": [
          -114.00451258993148,
          46.676513471395594
        ]
      }
    },
    {
      "type": "Feature",
      "properties": {
        "file": "leg05_m147_b020_2026-06-16T11-42-08.jpg",
        "leg": "leg05",
        "mark_index": 147,
        "along_track_m": 147.0,
        "achieved_heading": 22.33035489493598,
        "target_bearing": 20.072667433684614,
        "fix_type": 6,
        "hacc_m": 0.014,
        "corrupt": false,
        "position_interpolated": true,
        "captured_at_utc": "2026-06-16T17:42:08.371220+00:00"
      },
      "geometry": {
        "type": "Point",
        "coordinates": [
          -114.00450800110923,
          46.67652302619447
        ]
      }
    },
    {
      "type": "Feature",
      "properties": {
        "file": "leg05_m148_b020_2026-06-16T11-42-09.jpg",
        "leg": "leg05",
        "mark_index": 148,
        "along_track_m": 148.0,
        "achieved_heading": 22.904464509760288,
        "target_bearing": 20.072667433684614,
        "fix_type": 6,
        "hacc_m": 0.014,
        "corrupt": false,
        "position_interpolated": true,
        "captured_at_utc": "2026-06-16T17:42:09.403271+00:00"
      },
      "geometry": {
        "type": "Point",
        "coordinates": [
          -114.00450327080348,
          46.67653114544659
        ]
      }
    },
    {
      "type": "Feature",
      "properties": {
        "file": "leg05_m149_b020_2026-06-16T11-42-10.jpg",
        "leg": "leg05",
        "mark_index": 149,
        "along_track_m": 149.0,
        "achieved_heading": 24.55987860268617,
        "target_bearing": 20.072667433684614,
        "fix_type": 6,
        "hacc_m": 0.014,
        "corrupt": false,
        "position_interpolated": true,
        "captured_at_utc": "2026-06-16T17:42:10.243398+00:00"
      },
      "geometry": {
        "type": "Point",
        "coordinates": [
          -114.00449979187017,
          46.676537730007006
        ]
      }
    },
    {
      "type": "Feature",
      "properties": {
        "file": "leg06_m000_b290_2026-06-16T11-42-21.jpg",
        "leg": "leg06",
        "mark_index": 0,
        "along_track_m": 0.0,
        "achieved_heading": 291.49247305682803,
        "target_bearing": 290.1904602472284,
        "fix_type": 6,
        "hacc_m": 0.014,
        "corrupt": false,
        "position_interpolated": true,
        "captured_at_utc": "2026-06-16T17:42:21.723185+00:00"
      },
      "geometry": {
        "type": "Point",
        "coordinates": [
          -114.0044892687063,
          46.676555968158176
        ]
      }
    },
    {
      "type": "Feature",
      "properties": {
        "file": "leg06_m001_b290_2026-06-16T11-42-23.jpg",
        "leg": "leg06",
        "mark_index": 1,
        "along_track_m": 1.0,
        "achieved_heading": 286.195077170387,
        "target_bearing": 290.1904602472284,
        "fix_type": 6,
        "hacc_m": 0.014,
        "corrupt": false,
        "position_interpolated": true,
        "captured_at_utc": "2026-06-16T17:42:23.385583+00:00"
      },
      "geometry": {
        "type": "Point",
        "coordinates": [
          -114.00449984833412,
          46.676558447536365
        ]
      }
    },
    {
      "type": "Feature",
      "properties": {
        "file": "leg06_m002_b290_2026-06-16T11-42-24.jpg",
        "leg": "leg06",
        "mark_index": 2,
        "along_track_m": 2.0,
        "achieved_heading": 282.81605857360296,
        "target_bearing": 290.1904602472284,
        "fix_type": 6,
        "hacc_m": 0.014,
        "corrupt": false,
        "position_interpolated": true,
        "captured_at_utc": "2026-06-16T17:42:24.520780+00:00"
      },
      "geometry": {
        "type": "Point",
        "coordinates": [
          -114.00451325218754,
          46.6765605351202
        ]
      }
    },
    {
      "type": "Feature",
      "properties": {
        "file": "leg06_m003_b290_2026-06-16T11-42-25.jpg",
        "leg": "leg06",
        "mark_index": 3,
        "along_track_m": 3.0,
        "achieved_heading": 279.92031227691797,
        "target_bearing": 290.1904602472284,
        "fix_type": 6,
        "hacc_m": 0.014,
        "corrupt": false,
        "position_interpolated": true,
        "captured_at_utc": "2026-06-16T17:42:25.588380+00:00"
      },
      "geometry": {
        "type": "Point",
        "coordinates": [
          -114.0045265261136,
          46.67656235786363
        ]
      }
    },
    {
      "type": "Feature",
      "properties": {
        "file": "leg06_m004_b290_2026-06-16T11-42-26.jpg",
        "leg": "leg06",
        "mark_index": 4,
        "along_track_m": 4.0,
        "achieved_heading": 279.6080401597139,
        "target_bearing": 290.1904602472284,
        "fix_type": 6,
        "hacc_m": 0.014,
        "corrupt": false,
        "position_interpolated": true,
        "captured_at_utc": "2026-06-16T17:42:26.651016+00:00"
      },
      "geometry": {
        "type": "Point",
        "coordinates": [
          -114.00453878526584,
          46.67656383210548
        ]
      }
    },
    {
      "type": "Feature",
      "properties": {
        "file": "leg06_m005_b290_2026-06-16T11-42-27.jpg",
        "leg": "leg06",
        "mark_index": 5,
        "along_track_m": 4.77,
        "achieved_heading": 279.7429716065428,
        "target_bearing": 290.1904602472284,
        "fix_type": 6,
        "hacc_m": 0.014,
        "corrupt": false,
        "position_interpolated": true,
        "captured_at_utc": "2026-06-16T17:42:27.300548+00:00"
      },
      "geometry": {
        "type": "Point",
        "coordinates": [
          -114.00454673019334,
          46.676564780439726
        ]
      }
    },
    {
      "type": "Feature",
      "properties": {
        "file": "leg07_m000_b200_2026-06-16T11-42-32.jpg",
        "leg": "leg07",
        "mark_index": 0,
        "along_track_m": 0.0,
        "achieved_heading": 196.35641297658822,
        "target_bearing": 200.07311462936326,
        "fix_type": 6,
        "hacc_m": 0.014,
        "corrupt": false,
        "position_interpolated": true,
        "captured_at_utc": "2026-06-16T17:42:31.977705+00:00"
      },
      "geometry": {
        "type": "Point",
        "coordinates": [
          -114.0045529,
          46.6765657
        ]
      }
    },
    {
      "type": "Feature",
      "properties": {
        "file": "leg07_m001_b200_2026-06-16T11-42-33.jpg",
        "leg": "leg07",
        "mark_index": 1,
        "along_track_m": 1.0,
        "achieved_heading": 196.7838967875353,
        "target_bearing": 200.07311462936326,
        "fix_type": 6,
        "hacc_m": 0.014,
        "corrupt": false,
        "position_interpolated": true,
        "captured_at_utc": "2026-06-16T17:42:33.397482+00:00"
      },
      "geometry": {
        "type": "Point",
        "coordinates": [
          -114.00455684326596,
          46.676558042013944
        ]
      }
    },
    {
      "type": "Feature",
      "properties": {
        "file": "leg07_m002_b200_2026-06-16T11-42-34.jpg",
        "leg": "leg07",
        "mark_index": 2,
        "along_track_m": 2.0,
        "achieved_heading": 198.2622424905319,
        "target_bearing": 200.07311462936326,
        "fix_type": 6,
        "hacc_m": 0.014,
        "corrupt": false,
        "position_interpolated": true,
        "captured_at_utc": "2026-06-16T17:42:34.574881+00:00"
      },
      "geometry": {
        "type": "Point",
        "coordinates": [
          -114.004561341421,
          46.6765485708071
        ]
      }
    },
    {
      "type": "Feature",
      "properties": {
        "file": "leg07_m003_b200_2026-06-16T11-42-35.jpg",
        "leg": "leg07",
        "mark_index": 3,
        "along_track_m": 3.0,
        "achieved_heading": 201.40319712343904,
        "target_bearing": 200.07311462936326,
        "fix_type": 6,
        "hacc_m": 0.014,
        "corrupt": false,
        "position_interpolated": true,
        "captured_at_utc": "2026-06-16T17:42:35.620272+00:00"
      },
      "geometry": {
        "type": "Point",
        "coordinates": [
          -114.00456538817264,
          46.67654013213752
        ]
      }
    },
    {
      "type": "Feature",
      "properties": {
        "file": "leg07_m004_b200_2026-06-16T11-42-36.jpg",
        "leg": "leg07",
        "mark_index": 4,
        "along_track_m": 4.0,
        "achieved_heading": 201.78755295687478,
        "target_bearing": 200.07311462936326,
        "fix_type": 6,
        "hacc_m": 0.014,
        "corrupt": false,
        "position_interpolated": true,
        "captured_at_utc": "2026-06-16T17:42:36.615458+00:00"
      },
      "geometry": {
        "type": "Point",
        "coordinates": [
          -114.00456988299685,
          46.676532127205036
        ]
      }
    },
    {
      "type": "Feature",
      "properties": {
        "file": "leg07_m005_b200_2026-06-16T11-42-37.jpg",
        "leg": "leg07",
        "mark_index": 5,
        "along_track_m": 5.0,
        "achieved_heading": 201.91234431844526,
        "target_bearing": 200.07311462936326,
        "fix_type": 6,
        "hacc_m": 0.014,
        "corrupt": false,
        "position_interpolated": true,
        "captured_at_utc": "2026-06-16T17:42:37.596517+00:00"
      },
      "geometry": {
        "type": "Point",
        "coordinates": [
          -114.00457459209046,
          46.676524124733085
        ]
      }
    },
    {
      "type": "Feature",
      "properties": {
        "file": "leg07_m006_b200_2026-06-16T11-42-39.jpg",
        "leg": "leg07",
        "mark_index": 6,
        "along_track_m": 6.0,
        "achieved_heading": 199.9377823150017,
        "target_bearing": 200.07311462936326,
        "fix_type": 6,
        "hacc_m": 0.014,
        "corrupt": false,
        "position_interpolated": true,
        "captured_at_utc": "2026-06-16T17:42:38.719929+00:00"
      },
      "geometry": {
        "type": "Point",
        "coordinates": [
          -114.00457984887277,
          46.676515108004196
        ]
      }
    },
    {
      "type": "Feature",
      "properties": {
        "file": "leg07_m007_b200_2026-06-16T11-42-39.jpg",
        "leg": "leg07",
        "mark_index": 7,
        "along_track_m": 7.0,
        "achieved_heading": 197.49937403947243,
        "target_bearing": 200.07311462936326,
        "fix_type": 6,
        "hacc_m": 0.014,
        "corrupt": false,
        "position_interpolated": true,
        "captured_at_utc": "2026-06-16T17:42:39.769622+00:00"
      },
      "geometry": {
        "type": "Point",
        "coordinates": [
          -114.00458412829296,
          46.676506543414064
        ]
      }
    },
    {
      "type": "Feature",
      "properties": {
        "file": "leg07_m008_b200_2026-06-16T11-42-40.jpg",
        "leg": "leg07",
        "mark_index": 8,
        "along_track_m": 8.0,
        "achieved_heading": 198.57041436466784,
        "target_bearing": 200.07311462936326,
        "fix_type": 6,
        "hacc_m": 0.014,
        "corrupt": false,
        "position_interpolated": true,
        "captured_at_utc": "2026-06-16T17:42:40.811974+00:00"
      },
      "geometry": {
        "type": "Point",
        "coordinates": [
          -114.00458857594431,
          46.676498001118325
        ]
      }
    },
    {
      "type": "Feature",
      "properties": {
        "file": "leg07_m009_b200_2026-06-16T11-42-41.jpg",
        "leg": "leg07",
        "mark_index": 9,
        "along_track_m": 9.0,
        "achieved_heading": 198.83367918876985,
        "target_bearing": 200.07311462936326,
        "fix_type": 6,
        "hacc_m": 0.014,
        "corrupt": false,
        "position_interpolated": true,
        "captured_at_utc": "2026-06-16T17:42:41.823498+00:00"
      },
      "geometry": {
        "type": "Point",
        "coordinates": [
          -114.00459276232642,
          46.676489631579784
        ]
      }
    },
    {
      "type": "Feature",
      "properties": {
        "file": "leg07_m010_b200_2026-06-16T11-42-43.jpg",
        "leg": "leg07",
        "mark_index": 10,
        "along_track_m": 10.0,
        "achieved_heading": 199.45402755296325,
        "target_bearing": 200.07311462936326,
        "fix_type": 6,
        "hacc_m": 0.014,
        "corrupt": false,
        "position_interpolated": true,
        "captured_at_utc": "2026-06-16T17:42:42.851479+00:00"
      },
      "geometry": {
        "type": "Point",
        "coordinates": [
          -114.00459710075334,
          46.67648143199405
        ]
      }
    },
    {
      "type": "Feature",
      "properties": {
        "file": "leg07_m011_b200_2026-06-16T11-42-44.jpg",
        "leg": "leg07",
        "mark_index": 11,
        "along_track_m": 11.0,
        "achieved_heading": 199.7796560829433,
        "target_bearing": 200.07311462936326,
        "fix_type": 6,
        "hacc_m": 0.014,
        "corrupt": false,
        "position_interpolated": true,
        "captured_at_utc": "2026-06-16T17:42:43.560505+00:00"
      },
      "geometry": {
        "type": "Point",
        "coordinates": [
          -114.00460007514381,
          46.67647567725753
        ]
      }
    },
    {
      "type": "Feature",
      "properties": {
        "file": "leg07_m013_b200_2026-06-16T11-42-50.jpg",
        "leg": "leg07",
        "mark_index": 13,
        "along_track_m": 13.0,
        "achieved_heading": 200.0153548081313,
        "target_bearing": 200.07311462936326,
        "fix_type": 6,
        "hacc_m": 0.014,
        "corrupt": false,
        "position_interpolated": true,
        "captured_at_utc": "2026-06-16T17:42:49.641168+00:00"
      },
      "geometry": {
        "type": "Point",
        "coordinates": [
          -114.00461134305328,
          46.676455514602445
        ]
      }
    },
    {
      "type": "Feature",
      "properties": {
        "file": "leg07_m014_b200_2026-06-16T11-42-52.jpg",
        "leg": "leg07",
        "mark_index": 14,
        "along_track_m": 14.0,
        "achieved_heading": 199.76678595627916,
        "target_bearing": 200.07311462936326,
        "fix_type": 6,
        "hacc_m": 0.014,
        "corrupt": false,
        "position_interpolated": true,
        "captured_at_utc": "2026-06-16T17:42:51.777754+00:00"
      },
      "geometry": {
        "type": "Point",
        "coordinates": [
          -114.00461596363961,
          46.67644708919822
        ]
      }
    },
    {
      "type": "Feature",
      "properties": {
        "file": "leg07_m015_b200_2026-06-16T11-42-52.jpg",
        "leg": "leg07",
        "mark_index": 15,
        "along_track_m": 15.0,
        "achieved_heading": 199.04081783618977,
        "target_bearing": 200.07311462936326,
        "fix_type": 6,
        "hacc_m": 0.014,
        "corrupt": false,
        "position_interpolated": true,
        "captured_at_utc": "2026-06-16T17:42:52.800285+00:00"
      },
      "geometry": {
        "type": "Point",
        "coordinates": [
          -114.00462000082759,
          46.67643903195403
        ]
      }
    },
    {
      "type": "Feature",
      "properties": {
        "file": "leg07_m016_b200_2026-06-16T11-42-54.jpg",
        "leg": "leg07",
        "mark_index": 16,
        "along_track_m": 16.0,
        "achieved_heading": 199.85615120810422,
        "target_bearing": 200.07311462936326,
        "fix_type": 6,
        "hacc_m": 0.014,
        "corrupt": false,
        "position_interpolated": true,
        "captured_at_utc": "2026-06-16T17:42:53.804504+00:00"
      },
      "geometry": {
        "type": "Point",
        "coordinates": [
          -114.00462400447279,
          46.67643071484692
        ]
      }
    },
    {
      "type": "Feature",
      "properties": {
        "file": "leg07_m018_b200_2026-06-16T11-43-00.jpg",
        "leg": "leg07",
        "mark_index": 18,
        "along_track_m": 18.0,
        "achieved_heading": 202.06395219621277,
        "target_bearing": 200.07311462936326,
        "fix_type": 6,
        "hacc_m": 0.014,
        "corrupt": false,
        "position_interpolated": true,
        "captured_at_utc": "2026-06-16T17:42:59.734290+00:00"
      },
      "geometry": {
        "type": "Point",
        "coordinates": [
          -114.00463333531873,
          46.67641374749532
        ]
      }
    },
    {
      "type": "Feature",
      "properties": {
        "file": "leg07_m019_b200_2026-06-16T11-43-01.jpg",
        "leg": "leg07",
        "mark_index": 19,
        "along_track_m": 19.0,
        "achieved_heading": 201.0097615295138,
        "target_bearing": 200.07311462936326,
        "fix_type": 6,
        "hacc_m": 0.014,
        "corrupt": false,
        "position_interpolated": true,
        "captured_at_utc": "2026-06-16T17:43:01.263621+00:00"
      },
      "geometry": {
        "type": "Point",
        "coordinates": [
          -114.00463824389752,
          46.67640535680565
        ]
      }
    },
    {
      "type": "Feature",
      "properties": {
        "file": "leg07_m020_b200_2026-06-16T11-43-02.jpg",
        "leg": "leg07",
        "mark_index": 20,
        "along_track_m": 20.0,
        "achieved_heading": 201.01121267779564,
        "target_bearing": 200.07311462936326,
        "fix_type": 6,
        "hacc_m": 0.014,
        "corrupt": false,
        "position_interpolated": true,
        "captured_at_utc": "2026-06-16T17:43:02.280438+00:00"
      },
      "geometry": {
        "type": "Point",
        "coordinates": [
          -114.00464213138889,
          46.67639721883678
        ]
      }
    },
    {
      "type": "Feature",
      "properties": {
        "file": "leg07_m021_b200_2026-06-16T11-43-03.jpg",
        "leg": "leg07",
        "mark_index": 21,
        "along_track_m": 21.0,
        "achieved_heading": 201.2707301939064,
        "target_bearing": 200.07311462936326,
        "fix_type": 6,
        "hacc_m": 0.014,
        "corrupt": false,
        "position_interpolated": true,
        "captured_at_utc": "2026-06-16T17:43:03.323685+00:00"
      },
      "geometry": {
        "type": "Point",
        "coordinates": [
          -114.00464625128535,
          46.67638830882605
        ]
      }
    },
    {
      "type": "Feature",
      "properties": {
        "file": "leg07_m022_b200_2026-06-16T11-43-04.jpg",
        "leg": "leg07",
        "mark_index": 22,
        "along_track_m": 22.0,
        "achieved_heading": 201.75739254178012,
        "target_bearing": 200.07311462936326,
        "fix_type": 6,
        "hacc_m": 0.014,
        "corrupt": false,
        "position_interpolated": true,
        "captured_at_utc": "2026-06-16T17:43:04.321779+00:00"
      },
      "geometry": {
        "type": "Point",
        "coordinates": [
          -114.00465076579712,
          46.67637998572077
        ]
      }
    },
    {
      "type": "Feature",
      "properties": {
        "file": "leg07_m023_b200_2026-06-16T11-43-05.jpg",
        "leg": "leg07",
        "mark_index": 23,
        "along_track_m": 23.0,
        "achieved_heading": 201.11518158953137,
        "target_bearing": 200.07311462936326,
        "fix_type": 6,
        "hacc_m": 0.014,
        "corrupt": false,
        "position_interpolated": true,
        "captured_at_utc": "2026-06-16T17:43:05.411492+00:00"
      },
      "geometry": {
        "type": "Point",
        "coordinates": [
          -114.00465550473399,
          46.67637116582787
        ]
      }
    },
    {
      "type": "Feature",
      "properties": {
        "file": "leg07_m024_b200_2026-06-16T11-43-06.jpg",
        "leg": "leg07",
        "mark_index": 24,
        "along_track_m": 24.0,
        "achieved_heading": 201.92140344620438,
        "target_bearing": 200.07311462936326,
        "fix_type": 6,
        "hacc_m": 0.014,
        "corrupt": false,
        "position_interpolated": true,
        "captured_at_utc": "2026-06-16T17:43:06.399247+00:00"
      },
      "geometry": {
        "type": "Point",
        "coordinates": [
          -114.00466017641367,
          46.676363069314654
        ]
      }
    },
    {
      "type": "Feature",
      "properties": {
        "file": "leg07_m025_b200_2026-06-16T11-43-07.jpg",
        "leg": "leg07",
        "mark_index": 25,
        "along_track_m": 25.0,
        "achieved_heading": 202.0145068625638,
        "target_bearing": 200.07311462936326,
        "fix_type": 6,
        "hacc_m": 0.014,
        "corrupt": false,
        "position_interpolated": true,
        "captured_at_utc": "2026-06-16T17:43:07.430504+00:00"
      },
      "geometry": {
        "type": "Point",
        "coordinates": [
          -114.00466468742003,
          46.67635482869327
        ]
      }
    },
    {
      "type": "Feature",
      "properties": {
        "file": "leg07_m026_b200_2026-06-16T11-43-08.jpg",
        "leg": "leg07",
        "mark_index": 26,
        "along_track_m": 26.0,
        "achieved_heading": 201.7362552551806,
        "target_bearing": 200.07311462936326,
        "fix_type": 6,
        "hacc_m": 0.014,
        "corrupt": false,
        "position_interpolated": true,
        "captured_at_utc": "2026-06-16T17:43:08.543279+00:00"
      },
      "geometry": {
        "type": "Point",
        "coordinates": [
          -114.00466937376233,
          46.67634595247532
        ]
      }
    },
    {
      "type": "Feature",
      "properties": {
        "file": "leg07_m027_b200_2026-06-16T11-43-09.jpg",
        "leg": "leg07",
        "mark_index": 27,
        "along_track_m": 27.0,
        "achieved_heading": 201.01506839398874,
        "target_bearing": 200.07311462936326,
        "fix_type": 6,
        "hacc_m": 0.014,
        "corrupt": false,
        "position_interpolated": true,
        "captured_at_utc": "2026-06-16T17:43:09.572748+00:00"
      },
      "geometry": {
        "type": "Point",
        "coordinates": [
          -114.00467382953933,
          46.67633767917788
        ]
      }
    },
    {
      "type": "Feature",
      "properties": {
        "file": "leg07_m028_b200_2026-06-16T11-43-10.jpg",
        "leg": "leg07",
        "mark_index": 28,
        "along_track_m": 28.0,
        "achieved_heading": 202.19449935704273,
        "target_bearing": 200.07311462936326,
        "fix_type": 6,
        "hacc_m": 0.014,
        "corrupt": false,
        "position_interpolated": true,
        "captured_at_utc": "2026-06-16T17:43:10.576015+00:00"
      },
      "geometry": {
        "type": "Point",
        "coordinates": [
          -114.00467800552161,
          46.676329354887216
        ]
      }
    },
    {
      "type": "Feature",
      "properties": {
        "file": "leg07_m029_b200_2026-06-16T11-43-11.jpg",
        "leg": "leg07",
        "mark_index": 29,
        "along_track_m": 29.0,
        "achieved_heading": 202.98097977336408,
        "target_bearing": 200.07311462936326,
        "fix_type": 6,
        "hacc_m": 0.014,
        "corrupt": false,
        "position_interpolated": true,
        "captured_at_utc": "2026-06-16T17:43:11.628331+00:00"
      },
      "geometry": {
        "type": "Point",
        "coordinates": [
          -114.00468263783672,
          46.676320613966006
        ]
      }
    },
    {
      "type": "Feature",
      "properties": {
        "file": "leg07_m030_b200_2026-06-16T11-43-13.jpg",
        "leg": "leg07",
        "mark_index": 30,
        "along_track_m": 30.0,
        "achieved_heading": 203.59046052240453,
        "target_bearing": 200.07311462936326,
        "fix_type": 6,
        "hacc_m": 0.014,
        "corrupt": false,
        "position_interpolated": false,
        "captured_at_utc": "2026-06-16T17:43:12.706647+00:00"
      },
      "geometry": {
        "type": "Point",
        "coordinates": [
          -114.00468749999999,
          46.676311999999996
        ]
      }
    },
    {
      "type": "Feature",
      "properties": {
        "file": "leg07_m032_b200_2026-06-16T11-43-19.jpg",
        "leg": "leg07",
        "mark_index": 32,
        "along_track_m": 32.0,
        "achieved_heading": 202.15464897915786,
        "target_bearing": 200.07311462936326,
        "fix_type": 6,
        "hacc_m": 0.014,
        "corrupt": false,
        "position_interpolated": true,
        "captured_at_utc": "2026-06-16T17:43:18.551925+00:00"
      },
      "geometry": {
        "type": "Point",
        "coordinates": [
          -114.00469699229555,
          46.67629558578221
        ]
      }
    },
    {
      "type": "Feature",
      "properties": {
        "file": "leg07_m033_b200_2026-06-16T11-43-20.jpg",
        "leg": "leg07",
        "mark_index": 33,
        "along_track_m": 33.0,
        "achieved_heading": 202.0937540535974,
        "target_bearing": 200.07311462936326,
        "fix_type": 6,
        "hacc_m": 0.014,
        "corrupt": false,
        "position_interpolated": true,
        "captured_at_utc": "2026-06-16T17:43:20.321255+00:00"
      },
      "geometry": {
        "type": "Point",
        "coordinates": [
          -114.0047019,
          46.676285899999996
        ]
      }
    },
    {
      "type": "Feature",
      "properties": {
        "file": "leg07_m034_b200_2026-06-16T11-43-21.jpg",
        "leg": "leg07",
        "mark_index": 34,
        "along_track_m": 34.0,
        "achieved_heading": 202.3625349107581,
        "target_bearing": 200.07311462936326,
        "fix_type": 6,
        "hacc_m": 0.014,
        "corrupt": false,
        "position_interpolated": true,
        "captured_at_utc": "2026-06-16T17:43:21.206672+00:00"
      },
      "geometry": {
        "type": "Point",
        "coordinates": [
          -114.004705510196,
          46.67627880373715
        ]
      }
    },
    {
      "type": "Feature",
      "properties": {
        "file": "leg07_m036_b200_2026-06-16T11-43-29.jpg",
        "leg": "leg07",
        "mark_index": 36,
        "along_track_m": 36.0,
        "achieved_heading": 204.58355491015126,
        "target_bearing": 200.07311462936326,
        "fix_type": 6,
        "hacc_m": 0.014,
        "corrupt": false,
        "position_interpolated": false,
        "captured_at_utc": "2026-06-16T17:43:29.512627+00:00"
      },
      "geometry": {
        "type": "Point",
        "coordinates": [
          -114.00471929999999,
          46.6762565
        ]
      }
    },
    {
      "type": "Feature",
      "properties": {
        "file": "leg07_m037_b200_2026-06-16T11-43-30.jpg",
        "leg": "leg07",
        "mark_index": 37,
        "along_track_m": 37.0,
        "achieved_heading": 199.15701038625883,
        "target_bearing": 200.07311462936326,
        "fix_type": 6,
        "hacc_m": 0.014,
        "corrupt": false,
        "position_interpolated": true,
        "captured_at_utc": "2026-06-16T17:43:30.794738+00:00"
      },
      "geometry": {
        "type": "Point",
        "coordinates": [
          -114.00472070170825,
          46.676252976925134
        ]
      }
    },
    {
      "type": "Feature",
      "properties": {
        "file": "leg07_m038_b200_2026-06-16T11-43-32.jpg",
        "leg": "leg07",
        "mark_index": 38,
        "along_track_m": 38.0,
        "achieved_heading": 196.7615884363759,
        "target_bearing": 200.07311462936326,
        "fix_type": 6,
        "hacc_m": 0.014,
        "corrupt": false,
        "position_interpolated": true,
        "captured_at_utc": "2026-06-16T17:43:31.797919+00:00"
      },
      "geometry": {
        "type": "Point",
        "coordinates": [
          -114.00472436112693,
          46.67624510366148
        ]
      }
    },
    {
      "type": "Feature",
      "properties": {
        "file": "leg07_m039_b200_2026-06-16T11-43-32.jpg",
        "leg": "leg07",
        "mark_index": 39,
        "along_track_m": 39.0,
        "achieved_heading": 197.74460929164127,
        "target_bearing": 200.07311462936326,
        "fix_type": 6,
        "hacc_m": 0.014,
        "corrupt": false,
        "position_interpolated": true,
        "captured_at_utc": "2026-06-16T17:43:32.690829+00:00"
      },
      "geometry": {
        "type": "Point",
        "coordinates": [
          -114.00472707970434,
          46.67623776088697
        ]
      }
    },
    {
      "type": "Feature",
      "properties": {
        "file": "leg07_m041_b200_2026-06-16T11-43-42.jpg",
        "leg": "leg07",
        "mark_index": 41,
        "along_track_m": 41.0,
        "achieved_heading": 210.082740750946,
        "target_bearing": 200.07311462936326,
        "fix_type": 6,
        "hacc_m": 0.014,
        "corrupt": false,
        "position_interpolated": true,
        "captured_at_utc": "2026-06-16T17:43:42.156714+00:00"
      },
      "geometry": {
        "type": "Point",
        "coordinates": [
          -114.0047402,
          46.6762147867146
        ]
      }
    },
    {
      "type": "Feature",
      "properties": {
        "file": "leg07_m042_b200_2026-06-16T11-43-43.jpg",
        "leg": "leg07",
        "mark_index": 42,
        "along_track_m": 42.0,
        "achieved_heading": 205.77318139909,
        "target_bearing": 200.07311462936326,
        "fix_type": 6,
        "hacc_m": 0.014,
        "corrupt": false,
        "position_interpolated": true,
        "captured_at_utc": "2026-06-16T17:43:43.179529+00:00"
      },
      "geometry": {
        "type": "Point",
        "coordinates": [
          -114.00474233240944,
          46.67621140138583
        ]
      }
    },
    {
      "type": "Feature",
      "properties": {
        "file": "leg07_m043_b200_2026-06-16T11-43-44.jpg",
        "leg": "leg07",
        "mark_index": 43,
        "along_track_m": 43.0,
        "achieved_heading": 201.38627274489133,
        "target_bearing": 200.07311462936326,
        "fix_type": 6,
        "hacc_m": 0.014,
        "corrupt": false,
        "position_interpolated": true,
        "captured_at_utc": "2026-06-16T17:43:44.243001+00:00"
      },
      "geometry": {
        "type": "Point",
        "coordinates": [
          -114.00474698717045,
          46.67620320301704
        ]
      }
    },
    {
      "type": "Feature",
      "properties": {
        "file": "leg07_m044_b200_2026-06-16T11-43-45.jpg",
        "leg": "leg07",
        "mark_index": 44,
        "along_track_m": 44.0,
        "achieved_heading": 199.90407490161704,
        "target_bearing": 200.07311462936326,
        "fix_type": 6,
        "hacc_m": 0.014,
        "corrupt": false,
        "position_interpolated": true,
        "captured_at_utc": "2026-06-16T17:43:45.224134+00:00"
      },
      "geometry": {
        "type": "Point",
        "coordinates": [
          -114.00475068444538,
          46.676195321267684
        ]
      }
    },
    {
      "type": "Feature",
      "properties": {
        "file": "leg07_m045_b200_2026-06-16T11-43-46.jpg",
        "leg": "leg07",
        "mark_index": 45,
        "along_track_m": 45.0,
        "achieved_heading": 202.16226328566967,
        "target_bearing": 200.07311462936326,
        "fix_type": 6,
        "hacc_m": 0.014,
        "corrupt": false,
        "position_interpolated": true,
        "captured_at_utc": "2026-06-16T17:43:46.435662+00:00"
      },
      "geometry": {
        "type": "Point",
        "coordinates": [
          -114.0047548860791,
          46.6761857278418
        ]
      }
    },
    {
      "type": "Feature",
      "properties": {
        "file": "leg07_m046_b200_2026-06-16T11-43-47.jpg",
        "leg": "leg07",
        "mark_index": 46,
        "along_track_m": 46.0,
        "achieved_heading": 205.77614913448085,
        "target_bearing": 200.07311462936326,
        "fix_type": 6,
        "hacc_m": 0.014,
        "corrupt": false,
        "position_interpolated": true,
        "captured_at_utc": "2026-06-16T17:43:47.404253+00:00"
      },
      "geometry": {
        "type": "Point",
        "coordinates": [
          -114.00475918684117,
          46.67617802631764
        ]
      }
    },
    {
      "type": "Feature",
      "properties": {
        "file": "leg07_m047_b200_2026-06-16T11-43-48.jpg",
        "leg": "leg07",
        "mark_index": 47,
        "along_track_m": 47.0,
        "achieved_heading": 203.81096775559448,
        "target_bearing": 200.07311462936326,
        "fix_type": 6,
        "hacc_m": 0.014,
        "corrupt": false,
        "position_interpolated": true,
        "captured_at_utc": "2026-06-16T17:43:48.384651+00:00"
      },
      "geometry": {
        "type": "Point",
        "coordinates": [
          -114.00476353506014,
          46.676170641566436
        ]
      }
    },
    {
      "type": "Feature",
      "properties": {
        "file": "leg07_m049_b200_2026-06-16T11-43-57.jpg",
        "leg": "leg07",
        "mark_index": 49,
        "along_track_m": 49.0,
        "achieved_heading": 191.97497105962296,
        "target_bearing": 200.07311462936326,
        "fix_type": 6,
        "hacc_m": 0.014,
        "corrupt": false,
        "position_interpolated": true,
        "captured_at_utc": "2026-06-16T17:43:56.933908+00:00"
      },
      "geometry": {
        "type": "Point",
        "coordinates": [
          -114.00477502595284,
          46.67614744442829
        ]
      }
    },
    {
      "type": "Feature",
      "properties": {
        "file": "leg07_m051_b200_2026-06-16T11-44-07.jpg",
        "leg": "leg07",
        "mark_index": 51,
        "along_track_m": 51.0,
        "achieved_heading": 206.72227445271568,
        "target_bearing": 200.07311462936326,
        "fix_type": 6,
        "hacc_m": 0.014,
        "corrupt": false,
        "position_interpolated": true,
        "captured_at_utc": "2026-06-16T17:44:07.643171+00:00"
      },
      "geometry": {
        "type": "Point",
        "coordinates": [
          -114.00478229999999,
          46.676128899999995
        ]
      }
    },
    {
      "type": "Feature",
      "properties": {
        "file": "leg07_m052_b200_2026-06-16T11-44-08.jpg",
        "leg": "leg07",
        "mark_index": 52,
        "along_track_m": 52.0,
        "achieved_heading": 211.71367929869422,
        "target_bearing": 200.07311462936326,
        "fix_type": 6,
        "hacc_m": 0.014,
        "corrupt": false,
        "position_interpolated": true,
        "captured_at_utc": "2026-06-16T17:44:08.536450+00:00"
      },
      "geometry": {
        "type": "Point",
        "coordinates": [
          -114.00478396577064,
          46.6761260881899
        ]
      }
    },
    {
      "type": "Feature",
      "properties": {
        "file": "leg07_m053_b200_2026-06-16T11-44-09.jpg",
        "leg": "leg07",
        "mark_index": 53,
        "along_track_m": 53.0,
        "achieved_heading": 211.35987786020092,
        "target_bearing": 200.07311462936326,
        "fix_type": 6,
        "hacc_m": 0.014,
        "corrupt": false,
        "position_interpolated": true,
        "captured_at_utc": "2026-06-16T17:44:09.623299+00:00"
      },
      "geometry": {
        "type": "Point",
        "coordinates": [
          -114.0047901670246,
          46.67611765596973
        ]
      }
    },
    {
      "type": "Feature",
      "properties": {
        "file": "leg07_m055_b200_2026-06-16T11-44-18.jpg",
        "leg": "leg07",
        "mark_index": 55,
        "along_track_m": 55.0,
        "achieved_heading": 199.6060606754666,
        "target_bearing": 200.07311462936326,
        "fix_type": 6,
        "hacc_m": 0.014,
        "corrupt": false,
        "position_interpolated": false,
        "captured_at_utc": "2026-06-16T17:44:18.122797+00:00"
      },
      "geometry": {
        "type": "Point",
        "coordinates": [
          -114.0048035,
          46.676095
        ]
      }
    },
    {
      "type": "Feature",
      "properties": {
        "file": "leg07_m056_b200_2026-06-16T11-44-19.jpg",
        "leg": "leg07",
        "mark_index": 56,
        "along_track_m": 56.0,
        "achieved_heading": 199.4540489350012,
        "target_bearing": 200.07311462936326,
        "fix_type": 6,
        "hacc_m": 0.014,
        "corrupt": false,
        "position_interpolated": true,
        "captured_at_utc": "2026-06-16T17:44:19.034797+00:00"
      },
      "geometry": {
        "type": "Point",
        "coordinates": [
          -114.00480395409245,
          46.67609398125764
        ]
      }
    },
    {
      "type": "Feature",
      "properties": {
        "file": "leg07_m058_b200_2026-06-16T11-44-34.jpg",
        "leg": "leg07",
        "mark_index": 58,
        "along_track_m": 58.0,
        "achieved_heading": 197.27228294692253,
        "target_bearing": 200.07311462936326,
        "fix_type": 6,
        "hacc_m": 0.014,
        "corrupt": false,
        "position_interpolated": true,
        "captured_at_utc": "2026-06-16T17:44:34.048762+00:00"
      },
      "geometry": {
        "type": "Point",
        "coordinates": [
          -114.00481469849507,
          46.676070196990146
        ]
      }
    },
    {
      "type": "Feature",
      "properties": {
        "file": "leg07_m059_b200_2026-06-16T11-44-35.jpg",
        "leg": "leg07",
        "mark_index": 59,
        "along_track_m": 59.0,
        "achieved_heading": 202.14538773285304,
        "target_bearing": 200.07311462936326,
        "fix_type": 6,
        "hacc_m": 0.014,
        "corrupt": false,
        "position_interpolated": true,
        "captured_at_utc": "2026-06-16T17:44:34.923769+00:00"
      },
      "geometry": {
        "type": "Point",
        "coordinates": [
          -114.00481553510676,
          46.67606690053083
        ]
      }
    },
    {
      "type": "Feature",
      "properties": {
        "file": "leg07_m060_b200_2026-06-16T11-44-36.jpg",
        "leg": "leg07",
        "mark_index": 60,
        "along_track_m": 60.0,
        "achieved_heading": 208.2088854871635,
        "target_bearing": 200.07311462936326,
        "fix_type": 6,
        "hacc_m": 0.014,
        "corrupt": false,
        "position_interpolated": true,
        "captured_at_utc": "2026-06-16T17:44:36.161824+00:00"
      },
      "geometry": {
        "type": "Point",
        "coordinates": [
          -114.00482037411571,
          46.67605701265081
        ]
      }
    },
    {
      "type": "Feature",
      "properties": {
        "file": "leg07_m061_b200_2026-06-16T11-44-37.jpg",
        "leg": "leg07",
        "mark_index": 61,
        "along_track_m": 61.0,
        "achieved_heading": 208.98146177811793,
        "target_bearing": 200.07311462936326,
        "fix_type": 6,
        "hacc_m": 0.014,
        "corrupt": false,
        "position_interpolated": true,
        "captured_at_utc": "2026-06-16T17:44:36.795983+00:00"
      },
      "geometry": {
        "type": "Point",
        "coordinates": [
          -114.00482351234943,
          46.67605208147585
        ]
      }
    },
    {
      "type": "Feature",
      "properties": {
        "file": "leg07_m063_b200_2026-06-16T11-44-48.jpg",
        "leg": "leg07",
        "mark_index": 63,
        "along_track_m": 63.0,
        "achieved_heading": 196.53058433599548,
        "target_bearing": 200.07311462936326,
        "fix_type": 6,
        "hacc_m": 0.014,
        "corrupt": false,
        "position_interpolated": true,
        "captured_at_utc": "2026-06-16T17:44:47.708535+00:00"
      },
      "geometry": {
        "type": "Point",
        "coordinates": [
          -114.00483746844013,
          46.67602906844013
        ]
      }
    },
    {
      "type": "Feature",
      "properties": {
        "file": "leg07_m065_b200_2026-06-16T11-44-57.jpg",
        "leg": "leg07",
        "mark_index": 65,
        "along_track_m": 65.0,
        "achieved_heading": 198.79327414940366,
        "target_bearing": 200.07311462936326,
        "fix_type": 6,
        "hacc_m": 0.014,
        "corrupt": false,
        "position_interpolated": true,
        "captured_at_utc": "2026-06-16T17:44:56.887975+00:00"
      },
      "geometry": {
        "type": "Point",
        "coordinates": [
          -114.0048437,
          46.6760113622579
        ]
      }
    },
    {
      "type": "Feature",
      "properties": {
        "file": "leg07_m066_b200_2026-06-16T11-44-58.jpg",
        "leg": "leg07",
        "mark_index": 66,
        "along_track_m": 66.0,
        "achieved_heading": 202.76553128370517,
        "target_bearing": 200.07311462936326,
        "fix_type": 6,
        "hacc_m": 0.014,
        "corrupt": false,
        "position_interpolated": true,
        "captured_at_utc": "2026-06-16T17:44:58.210464+00:00"
      },
      "geometry": {
        "type": "Point",
        "coordinates": [
          -114.00484469901504,
          46.67600762334883
        ]
      }
    },
    {
      "type": "Feature",
      "properties": {
        "file": "leg07_m069_b200_2026-06-16T11-45-13.jpg",
        "leg": "leg07",
        "mark_index": 69,
        "along_track_m": 69.0,
        "achieved_heading": 210.57425848198415,
        "target_bearing": 200.07311462936326,
        "fix_type": 6,
        "hacc_m": 0.014,
        "corrupt": false,
        "position_interpolated": true,
        "captured_at_utc": "2026-06-16T17:45:13.763714+00:00"
      },
      "geometry": {
        "type": "Point",
        "coordinates": [
          -114.00486507713919,
          46.6759805409536
        ]
      }
    },
    {
      "type": "Feature",
      "properties": {
        "file": "leg07_m070_b200_2026-06-16T11-45-15.jpg",
        "leg": "leg07",
        "mark_index": 70,
        "along_track_m": 70.0,
        "achieved_heading": 201.00317040166226,
        "target_bearing": 200.07311462936326,
        "fix_type": 6,
        "hacc_m": 0.014,
        "corrupt": false,
        "position_interpolated": true,
        "captured_at_utc": "2026-06-16T17:45:15.147443+00:00"
      },
      "geometry": {
        "type": "Point",
        "coordinates": [
          -114.00486694174792,
          46.675974286142015
        ]
      }
    },
    {
      "type": "Feature",
      "properties": {
        "file": "leg07_m071_b200_2026-06-16T11-45-16.jpg",
        "leg": "leg07",
        "mark_index": 71,
        "along_track_m": 71.0,
        "achieved_heading": 206.7476452556439,
        "target_bearing": 200.07311462936326,
        "fix_type": 6,
        "hacc_m": 0.014,
        "corrupt": false,
        "position_interpolated": true,
        "captured_at_utc": "2026-06-16T17:45:16.396839+00:00"
      },
      "geometry": {
        "type": "Point",
        "coordinates": [
          -114.0048707,
          46.675964799999996
        ]
      }
    },
    {
      "type": "Feature",
      "properties": {
        "file": "leg07_m072_b200_2026-06-16T11-45-17.jpg",
        "leg": "leg07",
        "mark_index": 72,
        "along_track_m": 72.0,
        "achieved_heading": 212.99418653003346,
        "target_bearing": 200.07311462936326,
        "fix_type": 6,
        "hacc_m": 0.014,
        "corrupt": false,
        "position_interpolated": true,
        "captured_at_utc": "2026-06-16T17:45:16.982691+00:00"
      },
      "geometry": {
        "type": "Point",
        "coordinates": [
          -114.0048731936263,
          46.67595977290719
        ]
      }
    },
    {
      "type": "Feature",
      "properties": {
        "file": "leg07_m073_b200_2026-06-16T11-45-19.jpg",
        "leg": "leg07",
        "mark_index": 73,
        "along_track_m": 73.0,
        "achieved_heading": 208.35864068887878,
        "target_bearing": 200.07311462936326,
        "fix_type": 6,
        "hacc_m": 0.014,
        "corrupt": false,
        "position_interpolated": true,
        "captured_at_utc": "2026-06-16T17:45:19.146477+00:00"
      },
      "geometry": {
        "type": "Point",
        "coordinates": [
          -114.0048807,
          46.6759467
        ]
      }
    },
    {
      "type": "Feature",
      "properties": {
        "file": "leg07_m074_b200_2026-06-16T11-45-20.jpg",
        "leg": "leg07",
        "mark_index": 74,
        "along_track_m": 74.0,
        "achieved_heading": 209.82474038241,
        "target_bearing": 200.07311462936326,
        "fix_type": 6,
        "hacc_m": 0.014,
        "corrupt": false,
        "position_interpolated": true,
        "captured_at_utc": "2026-06-16T17:45:19.939505+00:00"
      },
      "geometry": {
        "type": "Point",
        "coordinates": [
          -114.00488386106313,
          46.675940298228106
        ]
      }
    },
    {
      "type": "Feature",
      "properties": {
        "file": "leg07_m075_b200_2026-06-16T11-45-21.jpg",
        "leg": "leg07",
        "mark_index": 75,
        "along_track_m": 75.0,
        "achieved_heading": 210.42962254192227,
        "target_bearing": 200.07311462936326,
        "fix_type": 6,
        "hacc_m": 0.014,
        "corrupt": false,
        "position_interpolated": true,
        "captured_at_utc": "2026-06-16T17:45:20.968298+00:00"
      },
      "geometry": {
        "type": "Point",
        "coordinates": [
          -114.00488835984893,
          46.6759321924656
        ]
      }
    },
    {
      "type": "Feature",
      "properties": {
        "file": "leg07_m076_b200_2026-06-16T11-45-22.jpg",
        "leg": "leg07",
        "mark_index": 76,
        "along_track_m": 76.0,
        "achieved_heading": 209.82298998235314,
        "target_bearing": 200.07311462936326,
        "fix_type": 6,
        "hacc_m": 0.014,
        "corrupt": false,
        "position_interpolated": true,
        "captured_at_utc": "2026-06-16T17:45:22.037440+00:00"
      },
      "geometry": {
        "type": "Point",
        "coordinates": [
          -114.00489390560132,
          46.67592367507152
        ]
      }
    },
    {
      "type": "Feature",
      "properties": {
        "file": "leg07_m077_b200_2026-06-16T11-45-23.jpg",
        "leg": "leg07",
        "mark_index": 77,
        "along_track_m": 77.0,
        "achieved_heading": 207.94308943928053,
        "target_bearing": 200.07311462936326,
        "fix_type": 6,
        "hacc_m": 0.014,
        "corrupt": false,
        "position_interpolated": true,
        "captured_at_utc": "2026-06-16T17:45:23.008777+00:00"
      },
      "geometry": {
        "type": "Point",
        "coordinates": [
          -114.00489842646859,
          46.675915951474245
        ]
      }
    },
    {
      "type": "Feature",
      "properties": {
        "file": "leg07_m078_b200_2026-06-16T11-45-24.jpg",
        "leg": "leg07",
        "mark_index": 78,
        "along_track_m": 78.0,
        "achieved_heading": 207.6449145118018,
        "target_bearing": 200.07311462936326,
        "fix_type": 6,
        "hacc_m": 0.014,
        "corrupt": false,
        "position_interpolated": true,
        "captured_at_utc": "2026-06-16T17:45:24.213026+00:00"
      },
      "geometry": {
        "type": "Point",
        "coordinates": [
          -114.0049034296038,
          46.67590636066728
        ]
      }
    },
    {
      "type": "Feature",
      "properties": {
        "file": "leg07_m079_b200_2026-06-16T11-45-25.jpg",
        "leg": "leg07",
        "mark_index": 79,
        "along_track_m": 79.0,
        "achieved_heading": 207.33188957619032,
        "target_bearing": 200.07311462936326,
        "fix_type": 6,
        "hacc_m": 0.014,
        "corrupt": false,
        "position_interpolated": true,
        "captured_at_utc": "2026-06-16T17:45:25.266638+00:00"
      },
      "geometry": {
        "type": "Point",
        "coordinates": [
          -114.00490781444002,
          46.67589843896745
        ]
      }
    },
    {
      "type": "Feature",
      "properties": {
        "file": "leg07_m080_b200_2026-06-16T11-45-26.jpg",
        "leg": "leg07",
        "mark_index": 80,
        "along_track_m": 80.0,
        "achieved_heading": 207.26115395653957,
        "target_bearing": 200.07311462936326,
        "fix_type": 6,
        "hacc_m": 0.014,
        "corrupt": false,
        "position_interpolated": true,
        "captured_at_utc": "2026-06-16T17:45:26.229956+00:00"
      },
      "geometry": {
        "type": "Point",
        "coordinates": [
          -114.00491171585455,
          46.675890660703004
        ]
      }
    },
    {
      "type": "Feature",
      "properties": {
        "file": "leg07_m081_b200_2026-06-16T11-45-27.jpg",
        "leg": "leg07",
        "mark_index": 81,
        "along_track_m": 81.0,
        "achieved_heading": 208.35012936723746,
        "target_bearing": 200.07311462936326,
        "fix_type": 6,
        "hacc_m": 0.014,
        "corrupt": false,
        "position_interpolated": true,
        "captured_at_utc": "2026-06-16T17:45:27.243315+00:00"
      },
      "geometry": {
        "type": "Point",
        "coordinates": [
          -114.00491611299553,
          46.675882590007035
        ]
      }
    },
    {
      "type": "Feature",
      "properties": {
        "file": "leg07_m082_b200_2026-06-16T11-45-28.jpg",
        "leg": "leg07",
        "mark_index": 82,
        "along_track_m": 82.0,
        "achieved_heading": 207.4003336852614,
        "target_bearing": 200.07311462936326,
        "fix_type": 6,
        "hacc_m": 0.014,
        "corrupt": false,
        "position_interpolated": true,
        "captured_at_utc": "2026-06-16T17:45:28.466614+00:00"
      },
      "geometry": {
        "type": "Point",
        "coordinates": [
          -114.00492157715794,
          46.67587335348317
        ]
      }
    },
    {
      "type": "Feature",
      "properties": {
        "file": "leg07_m083_b200_2026-06-16T11-45-29.jpg",
        "leg": "leg07",
        "mark_index": 83,
        "along_track_m": 83.0,
        "achieved_heading": 205.8288272509258,
        "target_bearing": 200.07311462936326,
        "fix_type": 6,
        "hacc_m": 0.014,
        "corrupt": false,
        "position_interpolated": true,
        "captured_at_utc": "2026-06-16T17:45:29.445696+00:00"
      },
      "geometry": {
        "type": "Point",
        "coordinates": [
          -114.00492550431575,
          46.67586544740356
        ]
      }
    },
    {
      "type": "Feature",
      "properties": {
        "file": "leg07_m084_b200_2026-06-16T11-45-30.jpg",
        "leg": "leg07",
        "mark_index": 84,
        "along_track_m": 84.0,
        "achieved_heading": 207.05861427786067,
        "target_bearing": 200.07311462936326,
        "fix_type": 6,
        "hacc_m": 0.014,
        "corrupt": false,
        "position_interpolated": true,
        "captured_at_utc": "2026-06-16T17:45:30.609147+00:00"
      },
      "geometry": {
        "type": "Point",
        "coordinates": [
          -114.00493060571917,
          46.67585632452863
        ]
      }
    },
    {
      "type": "Feature",
      "properties": {
        "file": "leg07_m085_b200_2026-06-16T11-45-31.jpg",
        "leg": "leg07",
        "mark_index": 85,
        "along_track_m": 85.0,
        "achieved_heading": 205.2919082482217,
        "target_bearing": 200.07311462936326,
        "fix_type": 6,
        "hacc_m": 0.014,
        "corrupt": false,
        "position_interpolated": true,
        "captured_at_utc": "2026-06-16T17:45:31.612681+00:00"
      },
      "geometry": {
        "type": "Point",
        "coordinates": [
          -114.00493498196872,
          46.67584804464527
        ]
      }
    },
    {
      "type": "Feature",
      "properties": {
        "file": "leg07_m086_b200_2026-06-16T11-45-32.jpg",
        "leg": "leg07",
        "mark_index": 86,
        "along_track_m": 86.0,
        "achieved_heading": 205.53954336126395,
        "target_bearing": 200.07311462936326,
        "fix_type": 6,
        "hacc_m": 0.014,
        "corrupt": false,
        "position_interpolated": true,
        "captured_at_utc": "2026-06-16T17:45:32.651717+00:00"
      },
      "geometry": {
        "type": "Point",
        "coordinates": [
          -114.00493887002321,
          46.675839859953584
        ]
      }
    },
    {
      "type": "Feature",
      "properties": {
        "file": "leg07_m087_b200_2026-06-16T11-45-33.jpg",
        "leg": "leg07",
        "mark_index": 87,
        "along_track_m": 87.0,
        "achieved_heading": 207.37280434979914,
        "target_bearing": 200.07311462936326,
        "fix_type": 6,
        "hacc_m": 0.014,
        "corrupt": false,
        "position_interpolated": true,
        "captured_at_utc": "2026-06-16T17:45:33.745797+00:00"
      },
      "geometry": {
        "type": "Point",
        "coordinates": [
          -114.0049435577681,
          46.67583100371982
        ]
      }
    },
    {
      "type": "Feature",
      "properties": {
        "file": "leg07_m088_b200_2026-06-16T11-45-35.jpg",
        "leg": "leg07",
        "mark_index": 88,
        "along_track_m": 88.0,
        "achieved_heading": 206.318103054098,
        "target_bearing": 200.07311462936326,
        "fix_type": 6,
        "hacc_m": 0.014,
        "corrupt": false,
        "position_interpolated": true,
        "captured_at_utc": "2026-06-16T17:45:34.839120+00:00"
      },
      "geometry": {
        "type": "Point",
        "coordinates": [
          -114.00494873541594,
          46.675822180393524
        ]
      }
    },
    {
      "type": "Feature",
      "properties": {
        "file": "leg07_m089_b200_2026-06-16T11-45-35.jpg",
        "leg": "leg07",
        "mark_index": 89,
        "along_track_m": 89.0,
        "achieved_heading": 204.45205311691174,
        "target_bearing": 200.07311462936326,
        "fix_type": 6,
        "hacc_m": 0.014,
        "corrupt": false,
        "position_interpolated": true,
        "captured_at_utc": "2026-06-16T17:45:35.817537+00:00"
      },
      "geometry": {
        "type": "Point",
        "coordinates": [
          -114.00495266478325,
          46.67581432990203
        ]
      }
    },
    {
      "type": "Feature",
      "properties": {
        "file": "leg07_m090_b200_2026-06-16T11-45-37.jpg",
        "leg": "leg07",
        "mark_index": 90,
        "along_track_m": 90.0,
        "achieved_heading": 205.5659936900724,
        "target_bearing": 200.07311462936326,
        "fix_type": 6,
        "hacc_m": 0.014,
        "corrupt": false,
        "position_interpolated": true,
        "captured_at_utc": "2026-06-16T17:45:36.851866+00:00"
      },
      "geometry": {
        "type": "Point",
        "coordinates": [
          -114.00495663328047,
          46.67580604678295
        ]
      }
    },
    {
      "type": "Feature",
      "properties": {
        "file": "leg07_m091_b200_2026-06-16T11-45-38.jpg",
        "leg": "leg07",
        "mark_index": 91,
        "along_track_m": 91.0,
        "achieved_heading": 207.6158250999432,
        "target_bearing": 200.07311462936326,
        "fix_type": 6,
        "hacc_m": 0.014,
        "corrupt": false,
        "position_interpolated": true,
        "captured_at_utc": "2026-06-16T17:45:37.943896+00:00"
      },
      "geometry": {
        "type": "Point",
        "coordinates": [
          -114.00496125244439,
          46.67579730745106
        ]
      }
    },
    {
      "type": "Feature",
      "properties": {
        "file": "leg07_m092_b200_2026-06-16T11-45-39.jpg",
        "leg": "leg07",
        "mark_index": 92,
        "along_track_m": 92.0,
        "achieved_heading": 206.5187254968161,
        "target_bearing": 200.07311462936326,
        "fix_type": 6,
        "hacc_m": 0.014,
        "corrupt": false,
        "position_interpolated": true,
        "captured_at_utc": "2026-06-16T17:45:38.983572+00:00"
      },
      "geometry": {
        "type": "Point",
        "coordinates": [
          -114.00496584883959,
          46.675789304647004
        ]
      }
    },
    {
      "type": "Feature",
      "properties": {
        "file": "leg07_m093_b200_2026-06-16T11-45-40.jpg",
        "leg": "leg07",
        "mark_index": 93,
        "along_track_m": 93.0,
        "achieved_heading": 204.8449375264268,
        "target_bearing": 200.07311462936326,
        "fix_type": 6,
        "hacc_m": 0.014,
        "corrupt": false,
        "position_interpolated": true,
        "captured_at_utc": "2026-06-16T17:45:40.164781+00:00"
      },
      "geometry": {
        "type": "Point",
        "coordinates": [
          -114.00497074594175,
          46.67578018514564
        ]
      }
    },
    {
      "type": "Feature",
      "properties": {
        "file": "leg07_m094_b200_2026-06-16T11-45-41.jpg",
        "leg": "leg07",
        "mark_index": 94,
        "along_track_m": 94.0,
        "achieved_heading": 206.5510324539062,
        "target_bearing": 200.07311462936326,
        "fix_type": 6,
        "hacc_m": 0.014,
        "corrupt": false,
        "position_interpolated": true,
        "captured_at_utc": "2026-06-16T17:45:41.249164+00:00"
      },
      "geometry": {
        "type": "Point",
        "coordinates": [
          -114.00497466707036,
          46.67577156965269
        ]
      }
    },
    {
      "type": "Feature",
      "properties": {
        "file": "leg07_m095_b200_2026-06-16T11-45-42.jpg",
        "leg": "leg07",
        "mark_index": 95,
        "along_track_m": 95.0,
        "achieved_heading": 206.65798388302807,
        "target_bearing": 200.07311462936326,
        "fix_type": 6,
        "hacc_m": 0.014,
        "corrupt": false,
        "position_interpolated": true,
        "captured_at_utc": "2026-06-16T17:45:42.196401+00:00"
      },
      "geometry": {
        "type": "Point",
        "coordinates": [
          -114.00497892740032,
          46.67576389739948
        ]
      }
    },
    {
      "type": "Feature",
      "properties": {
        "file": "leg07_m096_b200_2026-06-16T11-45-43.jpg",
        "leg": "leg07",
        "mark_index": 96,
        "along_track_m": 96.0,
        "achieved_heading": 206.4539318848936,
        "target_bearing": 200.07311462936326,
        "fix_type": 6,
        "hacc_m": 0.014,
        "corrupt": false,
        "position_interpolated": true,
        "captured_at_utc": "2026-06-16T17:45:43.299529+00:00"
      },
      "geometry": {
        "type": "Point",
        "coordinates": [
          -114.00498370366992,
          46.6757549034192
        ]
      }
    },
    {
      "type": "Feature",
      "properties": {
        "file": "leg07_m097_b200_2026-06-16T11-45-44.jpg",
        "leg": "leg07",
        "mark_index": 97,
        "along_track_m": 97.0,
        "achieved_heading": 206.7051584981969,
        "target_bearing": 200.07311462936326,
        "fix_type": 6,
        "hacc_m": 0.014,
        "corrupt": false,
        "position_interpolated": true,
        "captured_at_utc": "2026-06-16T17:45:44.292373+00:00"
      },
      "geometry": {
        "type": "Point",
        "coordinates": [
          -114.00498808766918,
          46.67574670106931
        ]
      }
    },
    {
      "type": "Feature",
      "properties": {
        "file": "leg07_m098_b200_2026-06-16T11-45-45.jpg",
        "leg": "leg07",
        "mark_index": 98,
        "along_track_m": 98.0,
        "achieved_heading": 206.55732274646846,
        "target_bearing": 200.07311462936326,
        "fix_type": 6,
        "hacc_m": 0.014,
        "corrupt": false,
        "position_interpolated": true,
        "captured_at_utc": "2026-06-16T17:45:45.426653+00:00"
      },
      "geometry": {
        "type": "Point",
        "coordinates": [
          -114.00499305490328,
          46.67573766237488
        ]
      }
    },
    {
      "type": "Feature",
      "properties": {
        "file": "leg07_m099_b200_2026-06-16T11-45-46.jpg",
        "leg": "leg07",
        "mark_index": 99,
        "along_track_m": 99.0,
        "achieved_heading": 204.71514969114548,
        "target_bearing": 200.07311462936326,
        "fix_type": 6,
        "hacc_m": 0.014,
        "corrupt": false,
        "position_interpolated": true,
        "captured_at_utc": "2026-06-16T17:45:46.468585+00:00"
      },
      "geometry": {
        "type": "Point",
        "coordinates": [
          -114.00499762303406,
          46.67572955393188
        ]
      }
    },
    {
      "type": "Feature",
      "properties": {
        "file": "leg07_m100_b200_2026-06-16T11-45-47.jpg",
        "leg": "leg07",
        "mark_index": 100,
        "along_track_m": 100.0,
        "achieved_heading": 203.2815712587084,
        "target_bearing": 200.07311462936326,
        "fix_type": 6,
        "hacc_m": 0.014,
        "corrupt": false,
        "position_interpolated": true,
        "captured_at_utc": "2026-06-16T17:45:47.501117+00:00"
      },
      "geometry": {
        "type": "Point",
        "coordinates": [
          -114.00500189141759,
          46.67572125783643
        ]
      }
    },
    {
      "type": "Feature",
      "properties": {
        "file": "leg07_m101_b200_2026-06-16T11-45-48.jpg",
        "leg": "leg07",
        "mark_index": 101,
        "along_track_m": 101.0,
        "achieved_heading": 203.77948324617086,
        "target_bearing": 200.07311462936326,
        "fix_type": 6,
        "hacc_m": 0.014,
        "corrupt": false,
        "position_interpolated": true,
        "captured_at_utc": "2026-06-16T17:45:48.601337+00:00"
      },
      "geometry": {
        "type": "Point",
        "coordinates": [
          -114.0050064829183,
          46.67571209703411
        ]
      }
    },
    {
      "type": "Feature",
      "properties": {
        "file": "leg07_m102_b200_2026-06-16T11-45-49.jpg",
        "leg": "leg07",
        "mark_index": 102,
        "along_track_m": 102.0,
        "achieved_heading": 203.98263591423702,
        "target_bearing": 200.07311462936326,
        "fix_type": 6,
        "hacc_m": 0.014,
        "corrupt": false,
        "position_interpolated": true,
        "captured_at_utc": "2026-06-16T17:45:49.609409+00:00"
      },
      "geometry": {
        "type": "Point",
        "coordinates": [
          -114.00501055672854,
          46.675704013191904
        ]
      }
    },
    {
      "type": "Feature",
      "properties": {
        "file": "leg07_m103_b200_2026-06-16T11-45-50.jpg",
        "leg": "leg07",
        "mark_index": 103,
        "along_track_m": 103.0,
        "achieved_heading": 204.3602982820561,
        "target_bearing": 200.07311462936326,
        "fix_type": 6,
        "hacc_m": 0.014,
        "corrupt": false,
        "position_interpolated": true,
        "captured_at_utc": "2026-06-16T17:45:50.634870+00:00"
      },
      "geometry": {
        "type": "Point",
        "coordinates": [
          -114.0050147741853,
          46.67569565162938
        ]
      }
    },
    {
      "type": "Feature",
      "properties": {
        "file": "leg07_m104_b200_2026-06-16T11-45-51.jpg",
        "leg": "leg07",
        "mark_index": 104,
        "along_track_m": 104.0,
        "achieved_heading": 205.68919704620245,
        "target_bearing": 200.07311462936326,
        "fix_type": 6,
        "hacc_m": 0.014,
        "corrupt": false,
        "position_interpolated": true,
        "captured_at_utc": "2026-06-16T17:45:51.637619+00:00"
      },
      "geometry": {
        "type": "Point",
        "coordinates": [
          -114.00501909270055,
          46.67568761167911
        ]
      }
    },
    {
      "type": "Feature",
      "properties": {
        "file": "leg07_m105_b200_2026-06-16T11-45-52.jpg",
        "leg": "leg07",
        "mark_index": 105,
        "along_track_m": 105.0,
        "achieved_heading": 205.70439022929918,
        "target_bearing": 200.07311462936326,
        "fix_type": 6,
        "hacc_m": 0.014,
        "corrupt": false,
        "position_interpolated": true,
        "captured_at_utc": "2026-06-16T17:45:52.669300+00:00"
      },
      "geometry": {
        "type": "Point",
        "coordinates": [
          -114.00502357541731,
          46.67567934002074
        ]
      }
    },
    {
      "type": "Feature",
      "properties": {
        "file": "leg07_m107_b200_2026-06-16T11-46-01.jpg",
        "leg": "leg07",
        "mark_index": 107,
        "along_track_m": 107.0,
        "achieved_heading": 206.63593194965011,
        "target_bearing": 200.07311462936326,
        "fix_type": 6,
        "hacc_m": 0.014,
        "corrupt": false,
        "position_interpolated": true,
        "captured_at_utc": "2026-06-16T17:46:01.238055+00:00"
      },
      "geometry": {
        "type": "Point",
        "coordinates": [
          -114.00503773514046,
          46.675654848644655
        ]
      }
    },
    {
      "type": "Feature",
      "properties": {
        "file": "leg07_m108_b200_2026-06-16T11-46-02.jpg",
        "leg": "leg07",
        "mark_index": 108,
        "along_track_m": 108.0,
        "achieved_heading": 205.3438784649727,
        "target_bearing": 200.07311462936326,
        "fix_type": 6,
        "hacc_m": 0.014,
        "corrupt": false,
        "position_interpolated": true,
        "captured_at_utc": "2026-06-16T17:46:01.836590+00:00"
      },
      "geometry": {
        "type": "Point",
        "coordinates": [
          -114.00503845289988,
          46.67565359420023
        ]
      }
    },
    {
      "type": "Feature",
      "properties": {
        "file": "leg07_m109_b200_2026-06-16T11-46-03.jpg",
        "leg": "leg07",
        "mark_index": 109,
        "along_track_m": 109.0,
        "achieved_heading": 203.01262778814439,
        "target_bearing": 200.07311462936326,
        "fix_type": 6,
        "hacc_m": 0.014,
        "corrupt": false,
        "position_interpolated": true,
        "captured_at_utc": "2026-06-16T17:46:02.951980+00:00"
      },
      "geometry": {
        "type": "Point",
        "coordinates": [
          -114.00504255935806,
          46.675644891176894
        ]
      }
    },
    {
      "type": "Feature",
      "properties": {
        "file": "leg07_m110_b200_2026-06-16T11-46-04.jpg",
        "leg": "leg07",
        "mark_index": 110,
        "along_track_m": 110.0,
        "achieved_heading": 203.89856604444975,
        "target_bearing": 200.07311462936326,
        "fix_type": 6,
        "hacc_m": 0.014,
        "corrupt": false,
        "position_interpolated": true,
        "captured_at_utc": "2026-06-16T17:46:03.984940+00:00"
      },
      "geometry": {
        "type": "Point",
        "coordinates": [
          -114.00504705507863,
          46.67563648984273
        ]
      }
    },
    {
      "type": "Feature",
      "properties": {
        "file": "leg07_m111_b200_2026-06-16T11-46-05.jpg",
        "leg": "leg07",
        "mark_index": 111,
        "along_track_m": 111.0,
        "achieved_heading": 204.4730626361494,
        "target_bearing": 200.07311462936326,
        "fix_type": 6,
        "hacc_m": 0.014,
        "corrupt": false,
        "position_interpolated": true,
        "captured_at_utc": "2026-06-16T17:46:05.005123+00:00"
      },
      "geometry": {
        "type": "Point",
        "coordinates": [
          -114.00505141740393,
          46.67562823572631
        ]
      }
    },
    {
      "type": "Feature",
      "properties": {
        "file": "leg07_m113_b200_2026-06-16T11-46-13.jpg",
        "leg": "leg07",
        "mark_index": 113,
        "along_track_m": 113.0,
        "achieved_heading": 201.30230397204235,
        "target_bearing": 200.07311462936326,
        "fix_type": 6,
        "hacc_m": 0.014,
        "corrupt": false,
        "position_interpolated": false,
        "captured_at_utc": "2026-06-16T17:46:13.380729+00:00"
      },
      "geometry": {
        "type": "Point",
        "coordinates": [
          -114.0050634,
          46.6756068
        ]
      }
    },
    {
      "type": "Feature",
      "properties": {
        "file": "leg07_m114_b200_2026-06-16T11-46-14.jpg",
        "leg": "leg07",
        "mark_index": 114,
        "along_track_m": 114.0,
        "achieved_heading": 199.82834191188934,
        "target_bearing": 200.07311462936326,
        "fix_type": 6,
        "hacc_m": 0.014,
        "corrupt": false,
        "position_interpolated": true,
        "captured_at_utc": "2026-06-16T17:46:14.483113+00:00"
      },
      "geometry": {
        "type": "Point",
        "coordinates": [
          -114.00506469020199,
          46.67560279442768
        ]
      }
    },
    {
      "type": "Feature",
      "properties": {
        "file": "leg07_m115_b200_2026-06-16T11-46-15.jpg",
        "leg": "leg07",
        "mark_index": 115,
        "along_track_m": 115.0,
        "achieved_heading": 202.2230190166386,
        "target_bearing": 200.07311462936326,
        "fix_type": 6,
        "hacc_m": 0.014,
        "corrupt": false,
        "position_interpolated": true,
        "captured_at_utc": "2026-06-16T17:46:15.467805+00:00"
      },
      "geometry": {
        "type": "Point",
        "coordinates": [
          -114.00506804374167,
          46.67559446252269
        ]
      }
    },
    {
      "type": "Feature",
      "properties": {
        "file": "leg07_m116_b200_2026-06-16T11-46-16.jpg",
        "leg": "leg07",
        "mark_index": 116,
        "along_track_m": 116.0,
        "achieved_heading": 206.99414608439764,
        "target_bearing": 200.07311462936326,
        "fix_type": 6,
        "hacc_m": 0.014,
        "corrupt": false,
        "position_interpolated": true,
        "captured_at_utc": "2026-06-16T17:46:16.627115+00:00"
      },
      "geometry": {
        "type": "Point",
        "coordinates": [
          -114.00507289534463,
          46.675585209310746
        ]
      }
    },
    {
      "type": "Feature",
      "properties": {
        "file": "leg07_m117_b200_2026-06-16T11-46-17.jpg",
        "leg": "leg07",
        "mark_index": 117,
        "along_track_m": 117.0,
        "achieved_heading": 208.00309998748236,
        "target_bearing": 200.07311462936326,
        "fix_type": 6,
        "hacc_m": 0.014,
        "corrupt": false,
        "position_interpolated": true,
        "captured_at_utc": "2026-06-16T17:46:17.649582+00:00"
      },
      "geometry": {
        "type": "Point",
        "coordinates": [
          -114.0050778152875,
          46.67557732479663
        ]
      }
    },
    {
      "type": "Feature",
      "properties": {
        "file": "leg07_m118_b200_2026-06-16T11-46-18.jpg",
        "leg": "leg07",
        "mark_index": 118,
        "along_track_m": 118.0,
        "achieved_heading": 206.27706462965074,
        "target_bearing": 200.07311462936326,
        "fix_type": 6,
        "hacc_m": 0.014,
        "corrupt": false,
        "position_interpolated": true,
        "captured_at_utc": "2026-06-16T17:46:18.361392+00:00"
      },
      "geometry": {
        "type": "Point",
        "coordinates": [
          -114.00508126756323,
          46.67557168976524
        ]
      }
    },
    {
      "type": "Feature",
      "properties": {
        "file": "leg07_m119_b200_2026-06-16T11-46-19.jpg",
        "leg": "leg07",
        "mark_index": 119,
        "along_track_m": 119.0,
        "achieved_heading": 204.88408127710733,
        "target_bearing": 200.07311462936326,
        "fix_type": 6,
        "hacc_m": 0.014,
        "corrupt": false,
        "position_interpolated": true,
        "captured_at_utc": "2026-06-16T17:46:19.799184+00:00"
      },
      "geometry": {
        "type": "Point",
        "coordinates": [
          -114.00508762499688,
          46.675560285943945
        ]
      }
    },
    {
      "type": "Feature",
      "properties": {
        "file": "leg07_m121_b200_2026-06-16T11-46-28.jpg",
        "leg": "leg07",
        "mark_index": 121,
        "along_track_m": 121.0,
        "achieved_heading": 204.89558008927955,
        "target_bearing": 200.07311462936326,
        "fix_type": 6,
        "hacc_m": 0.014,
        "corrupt": false,
        "position_interpolated": true,
        "captured_at_utc": "2026-06-16T17:46:28.481329+00:00"
      },
      "geometry": {
        "type": "Point",
        "coordinates": [
          -114.00510019206544,
          46.67553788413088
        ]
      }
    },
    {
      "type": "Feature",
      "properties": {
        "file": "leg07_m122_b200_2026-06-16T11-46-29.jpg",
        "leg": "leg07",
        "mark_index": 122,
        "along_track_m": 122.0,
        "achieved_heading": 202.3102545299289,
        "target_bearing": 200.07311462936326,
        "fix_type": 6,
        "hacc_m": 0.014,
        "corrupt": false,
        "position_interpolated": true,
        "captured_at_utc": "2026-06-16T17:46:29.255514+00:00"
      },
      "geometry": {
        "type": "Point",
        "coordinates": [
          -114.00510102236952,
          46.67553569407621
        ]
      }
    },
    {
      "type": "Feature",
      "properties": {
        "file": "leg07_m123_b200_2026-06-16T11-46-30.jpg",
        "leg": "leg07",
        "mark_index": 123,
        "along_track_m": 123.0,
        "achieved_heading": 202.28120556971578,
        "target_bearing": 200.07311462936326,
        "fix_type": 6,
        "hacc_m": 0.014,
        "corrupt": false,
        "position_interpolated": true,
        "captured_at_utc": "2026-06-16T17:46:30.301800+00:00"
      },
      "geometry": {
        "type": "Point",
        "coordinates": [
          -114.00510498741438,
          46.67552773770417
        ]
      }
    },
    {
      "type": "Feature",
      "properties": {
        "file": "leg07_m124_b200_2026-06-16T11-46-31.jpg",
        "leg": "leg07",
        "mark_index": 124,
        "along_track_m": 124.0,
        "achieved_heading": 202.58680214638554,
        "target_bearing": 200.07311462936326,
        "fix_type": 6,
        "hacc_m": 0.014,
        "corrupt": false,
        "position_interpolated": true,
        "captured_at_utc": "2026-06-16T17:46:31.442106+00:00"
      },
      "geometry": {
        "type": "Point",
        "coordinates": [
          -114.00510951043168,
          46.675518527422724
        ]
      }
    },
    {
      "type": "Feature",
      "properties": {
        "file": "leg07_m125_b200_2026-06-16T11-46-32.jpg",
        "leg": "leg07",
        "mark_index": 125,
        "along_track_m": 125.0,
        "achieved_heading": 204.5525434230959,
        "target_bearing": 200.07311462936326,
        "fix_type": 6,
        "hacc_m": 0.014,
        "corrupt": false,
        "position_interpolated": true,
        "captured_at_utc": "2026-06-16T17:46:32.393100+00:00"
      },
      "geometry": {
        "type": "Point",
        "coordinates": [
          -114.00511359383626,
          46.675510894633526
        ]
      }
    },
    {
      "type": "Feature",
      "properties": {
        "file": "leg07_m126_b200_2026-06-16T11-46-33.jpg",
        "leg": "leg07",
        "mark_index": 126,
        "along_track_m": 126.0,
        "achieved_heading": 202.74059764110729,
        "target_bearing": 200.07311462936326,
        "fix_type": 6,
        "hacc_m": 0.014,
        "corrupt": false,
        "position_interpolated": true,
        "captured_at_utc": "2026-06-16T17:46:33.565043+00:00"
      },
      "geometry": {
        "type": "Point",
        "coordinates": [
          -114.00511886615233,
          46.67550147596436
        ]
      }
    },
    {
      "type": "Feature",
      "properties": {
        "file": "leg07_m127_b200_2026-06-16T11-46-35.jpg",
        "leg": "leg07",
        "mark_index": 127,
        "along_track_m": 127.0,
        "achieved_heading": 202.2068165189104,
        "target_bearing": 200.07311462936326,
        "fix_type": 6,
        "hacc_m": 0.014,
        "corrupt": false,
        "position_interpolated": true,
        "captured_at_utc": "2026-06-16T17:46:34.661998+00:00"
      },
      "geometry": {
        "type": "Point",
        "coordinates": [
          -114.00512321552617,
          46.67549281609869
        ]
      }
    },
    {
      "type": "Feature",
      "properties": {
        "file": "leg07_m128_b200_2026-06-16T11-46-36.jpg",
        "leg": "leg07",
        "mark_index": 128,
        "along_track_m": 128.0,
        "achieved_heading": 203.10776494190338,
        "target_bearing": 200.07311462936326,
        "fix_type": 6,
        "hacc_m": 0.014,
        "corrupt": false,
        "position_interpolated": true,
        "captured_at_utc": "2026-06-16T17:46:35.987292+00:00"
      },
      "geometry": {
        "type": "Point",
        "coordinates": [
          -114.00512771333672,
          46.67548438749363
        ]
      }
    },
    {
      "type": "Feature",
      "properties": {
        "file": "leg07_m129_b200_2026-06-16T11-46-37.jpg",
        "leg": "leg07",
        "mark_index": 129,
        "along_track_m": 129.0,
        "achieved_heading": 204.54882848473557,
        "target_bearing": 200.07311462936326,
        "fix_type": 6,
        "hacc_m": 0.014,
        "corrupt": false,
        "position_interpolated": true,
        "captured_at_utc": "2026-06-16T17:46:37.061273+00:00"
      },
      "geometry": {
        "type": "Point",
        "coordinates": [
          -114.00513214641852,
          46.675475979716175
        ]
      }
    },
    {
      "type": "Feature",
      "properties": {
        "file": "leg07_m131_b200_2026-06-16T11-46-45.jpg",
        "leg": "leg07",
        "mark_index": 131,
        "along_track_m": 131.0,
        "achieved_heading": 205.6785083039619,
        "target_bearing": 200.07311462936326,
        "fix_type": 6,
        "hacc_m": 0.014,
        "corrupt": false,
        "position_interpolated": true,
        "captured_at_utc": "2026-06-16T17:46:45.133526+00:00"
      },
      "geometry": {
        "type": "Point",
        "coordinates": [
          -114.00514403881554,
          46.67545527163753
        ]
      }
    },
    {
      "type": "Feature",
      "properties": {
        "file": "leg07_m132_b200_2026-06-16T11-46-46.jpg",
        "leg": "leg07",
        "mark_index": 132,
        "along_track_m": 132.0,
        "achieved_heading": 203.1007242757465,
        "target_bearing": 200.07311462936326,
        "fix_type": 6,
        "hacc_m": 0.014,
        "corrupt": false,
        "position_interpolated": true,
        "captured_at_utc": "2026-06-16T17:46:46.273717+00:00"
      },
      "geometry": {
        "type": "Point",
        "coordinates": [
          -114.0051462771202,
          46.67545104575958
        ]
      }
    },
    {
      "type": "Feature",
      "properties": {
        "file": "leg07_m133_b200_2026-06-16T11-46-47.jpg",
        "leg": "leg07",
        "mark_index": 133,
        "along_track_m": 133.0,
        "achieved_heading": 202.20415991792578,
        "target_bearing": 200.07311462936326,
        "fix_type": 6,
        "hacc_m": 0.014,
        "corrupt": false,
        "position_interpolated": true,
        "captured_at_utc": "2026-06-16T17:46:47.249151+00:00"
      },
      "geometry": {
        "type": "Point",
        "coordinates": [
          -114.0051501938998,
          46.6754430122004
        ]
      }
    },
    {
      "type": "Feature",
      "properties": {
        "file": "leg07_m134_b200_2026-06-16T11-46-48.jpg",
        "leg": "leg07",
        "mark_index": 134,
        "along_track_m": 134.0,
        "achieved_heading": 203.04637585176727,
        "target_bearing": 200.07311462936326,
        "fix_type": 6,
        "hacc_m": 0.014,
        "corrupt": false,
        "position_interpolated": true,
        "captured_at_utc": "2026-06-16T17:46:48.365258+00:00"
      },
      "geometry": {
        "type": "Point",
        "coordinates": [
          -114.00515467287931,
          46.67543409068102
        ]
      }
    },
    {
      "type": "Feature",
      "properties": {
        "file": "leg07_m135_b200_2026-06-16T11-46-49.jpg",
        "leg": "leg07",
        "mark_index": 135,
        "along_track_m": 135.0,
        "achieved_heading": 205.1984725896046,
        "target_bearing": 200.07311462936326,
        "fix_type": 6,
        "hacc_m": 0.014,
        "corrupt": false,
        "position_interpolated": true,
        "captured_at_utc": "2026-06-16T17:46:49.581479+00:00"
      },
      "geometry": {
        "type": "Point",
        "coordinates": [
          -114.00515993658179,
          46.67542452683641
        ]
      }
    },
    {
      "type": "Feature",
      "properties": {
        "file": "leg07_m137_b200_2026-06-16T11-46-57.jpg",
        "leg": "leg07",
        "mark_index": 137,
        "along_track_m": 137.0,
        "achieved_heading": 201.06380873393408,
        "target_bearing": 200.07311462936326,
        "fix_type": 6,
        "hacc_m": 0.014,
        "corrupt": false,
        "position_interpolated": true,
        "captured_at_utc": "2026-06-16T17:46:57.541181+00:00"
      },
      "geometry": {
        "type": "Point",
        "coordinates": [
          -114.00517154511769,
          46.67540448604572
        ]
      }
    },
    {
      "type": "Feature",
      "properties": {
        "file": "leg07_m138_b200_2026-06-16T11-46-58.jpg",
        "leg": "leg07",
        "mark_index": 138,
        "along_track_m": 138.0,
        "achieved_heading": 200.37621426337267,
        "target_bearing": 200.07311462936326,
        "fix_type": 6,
        "hacc_m": 0.014,
        "corrupt": false,
        "position_interpolated": true,
        "captured_at_utc": "2026-06-16T17:46:58.640474+00:00"
      },
      "geometry": {
        "type": "Point",
        "coordinates": [
          -114.00517318244304,
          46.675400214066855
        ]
      }
    },
    {
      "type": "Feature",
      "properties": {
        "file": "leg07_m139_b200_2026-06-16T11-46-59.jpg",
        "leg": "leg07",
        "mark_index": 139,
        "along_track_m": 139.0,
        "achieved_heading": 200.8462115427185,
        "target_bearing": 200.07311462936326,
        "fix_type": 6,
        "hacc_m": 0.014,
        "corrupt": false,
        "position_interpolated": true,
        "captured_at_utc": "2026-06-16T17:46:59.479714+00:00"
      },
      "geometry": {
        "type": "Point",
        "coordinates": [
          -114.00517631815721,
          46.675393206358045
        ]
      }
    },
    {
      "type": "Feature",
      "properties": {
        "file": "leg07_m140_b200_2026-06-16T11-47-00.jpg",
        "leg": "leg07",
        "mark_index": 140,
        "along_track_m": 140.0,
        "achieved_heading": 203.3231091095191,
        "target_bearing": 200.07311462936326,
        "fix_type": 6,
        "hacc_m": 0.014,
        "corrupt": false,
        "position_interpolated": true,
        "captured_at_utc": "2026-06-16T17:47:00.672588+00:00"
      },
      "geometry": {
        "type": "Point",
        "coordinates": [
          -114.00518092882656,
          46.675383637177724
        ]
      }
    },
    {
      "type": "Feature",
      "properties": {
        "file": "leg07_m141_b200_2026-06-16T11-47-02.jpg",
        "leg": "leg07",
        "mark_index": 141,
        "along_track_m": 141.0,
        "achieved_heading": 205.60271711130866,
        "target_bearing": 200.07311462936326,
        "fix_type": 6,
        "hacc_m": 0.014,
        "corrupt": false,
        "position_interpolated": true,
        "captured_at_utc": "2026-06-16T17:47:01.828041+00:00"
      },
      "geometry": {
        "type": "Point",
        "coordinates": [
          -114.00518578137711,
          46.67537441885392
        ]
      }
    },
    {
      "type": "Feature",
      "properties": {
        "file": "leg07_m143_b200_2026-06-16T11-47-08.jpg",
        "leg": "leg07",
        "mark_index": 143,
        "along_track_m": 143.0,
        "achieved_heading": 206.95456107812157,
        "target_bearing": 200.07311462936326,
        "fix_type": 6,
        "hacc_m": 0.014,
        "corrupt": false,
        "position_interpolated": true,
        "captured_at_utc": "2026-06-16T17:47:07.837741+00:00"
      },
      "geometry": {
        "type": "Point",
        "coordinates": [
          -114.00519655085893,
          46.67535810500762
        ]
      }
    },
    {
      "type": "Feature",
      "properties": {
        "file": "leg07_m144_b200_2026-06-16T11-47-09.jpg",
        "leg": "leg07",
        "mark_index": 144,
        "along_track_m": 144.0,
        "achieved_heading": 203.1633084200992,
        "target_bearing": 200.07311462936326,
        "fix_type": 6,
        "hacc_m": 0.014,
        "corrupt": false,
        "position_interpolated": true,
        "captured_at_utc": "2026-06-16T17:47:09.245009+00:00"
      },
      "geometry": {
        "type": "Point",
        "coordinates": [
          -114.00520081645975,
          46.675349940217146
        ]
      }
    },
    {
      "type": "Feature",
      "properties": {
        "file": "leg07_m145_b200_2026-06-16T11-47-10.jpg",
        "leg": "leg07",
        "mark_index": 145,
        "along_track_m": 145.0,
        "achieved_heading": 201.5816654264704,
        "target_bearing": 200.07311462936326,
        "fix_type": 6,
        "hacc_m": 0.014,
        "corrupt": false,
        "position_interpolated": true,
        "captured_at_utc": "2026-06-16T17:47:10.284335+00:00"
      },
      "geometry": {
        "type": "Point",
        "coordinates": [
          -114.00520491465277,
          46.67534163124185
        ]
      }
    },
    {
      "type": "Feature",
      "properties": {
        "file": "leg07_m146_b200_2026-06-16T11-47-11.jpg",
        "leg": "leg07",
        "mark_index": 146,
        "along_track_m": 146.0,
        "achieved_heading": 200.7200305515508,
        "target_bearing": 200.07311462936326,
        "fix_type": 6,
        "hacc_m": 0.014,
        "corrupt": false,
        "position_interpolated": true,
        "captured_at_utc": "2026-06-16T17:47:11.415129+00:00"
      },
      "geometry": {
        "type": "Point",
        "coordinates": [
          -114.00520939843152,
          46.67533230345064
        ]
      }
    },
    {
      "type": "Feature",
      "properties": {
        "file": "leg07_m147_b200_2026-06-16T11-47-12.jpg",
        "leg": "leg07",
        "mark_index": 147,
        "along_track_m": 147.0,
        "achieved_heading": 202.45382841896975,
        "target_bearing": 200.07311462936326,
        "fix_type": 6,
        "hacc_m": 0.014,
        "corrupt": false,
        "position_interpolated": true,
        "captured_at_utc": "2026-06-16T17:47:12.470808+00:00"
      },
      "geometry": {
        "type": "Point",
        "coordinates": [
          -114.00521340748254,
          46.67532395419575
        ]
      }
    },
    {
      "type": "Feature",
      "properties": {
        "file": "leg07_m148_b200_2026-06-16T11-47-13.jpg",
        "leg": "leg07",
        "mark_index": 148,
        "along_track_m": 148.0,
        "achieved_heading": 203.30665395221695,
        "target_bearing": 200.07311462936326,
        "fix_type": 6,
        "hacc_m": 0.014,
        "corrupt": false,
        "position_interpolated": true,
        "captured_at_utc": "2026-06-16T17:47:13.508898+00:00"
      },
      "geometry": {
        "type": "Point",
        "coordinates": [
          -114.00521752759889,
          46.67531570649086
        ]
      }
    },
    {
      "type": "Feature",
      "properties": {
        "file": "leg07_m149_b200_2026-06-16T11-47-14.jpg",
        "leg": "leg07",
        "mark_index": 149,
        "along_track_m": 149.0,
        "achieved_heading": 204.42236654309255,
        "target_bearing": 200.07311462936326,
        "fix_type": 6,
        "hacc_m": 0.014,
        "corrupt": false,
        "position_interpolated": true,
        "captured_at_utc": "2026-06-16T17:47:14.668732+00:00"
      },
      "geometry": {
        "type": "Point",
        "coordinates": [
          -114.00522258550197,
          46.67530660991305
        ]
      }
    },
    {
      "type": "Feature",
      "properties": {
        "file": "leg07_m150_b200_2026-06-16T11-47-15.jpg",
        "leg": "leg07",
        "mark_index": 150,
        "along_track_m": 150.0,
        "achieved_heading": 203.57643380623676,
        "target_bearing": 200.07311462936326,
        "fix_type": 6,
        "hacc_m": 0.014,
        "corrupt": false,
        "position_interpolated": true,
        "captured_at_utc": "2026-06-16T17:47:15.532376+00:00"
      },
      "geometry": {
        "type": "Point",
        "coordinates": [
          -114.00522662029125,
          46.675299696132704
        ]
      }
    }
  ]
}