{
  "type": "FeatureCollection",
  "name": "captures",
  "crs": {
    "type": "name",
    "properties": {
      "name": "urn:ogc:def:crs:OGC:1.3:CRS84"
    }
  },
  "features": [
    {
      "type": "Feature",
      "properties": {
        "file": "leg01_m000_b085_2026-06-16T12-37-38.jpg",
        "leg": "leg01",
        "mark_index": 0,
        "along_track_m": 0.0,
        "achieved_heading": 84.27418100317134,
        "target_bearing": 85.29663298517983,
        "fix_type": 6,
        "hacc_m": 0.014,
        "corrupt": false,
        "position_interpolated": true,
        "captured_at_utc": "2026-06-16T18:37:38.855032+00:00"
      },
      "geometry": {
        "type": "Point",
        "coordinates": [
          -114.0067962,
          46.6749291
        ]
      }
    },
    {
      "type": "Feature",
      "properties": {
        "file": "leg01_m001_b085_2026-06-16T12-37-40.jpg",
        "leg": "leg01",
        "mark_index": 1,
        "along_track_m": 1.0,
        "achieved_heading": 83.64123452689032,
        "target_bearing": 85.29663298517983,
        "fix_type": 6,
        "hacc_m": 0.014,
        "corrupt": false,
        "position_interpolated": true,
        "captured_at_utc": "2026-06-16T18:37:40.881833+00:00"
      },
      "geometry": {
        "type": "Point",
        "coordinates": [
          -114.00677880665728,
          46.674933289857115
        ]
      }
    },
    {
      "type": "Feature",
      "properties": {
        "file": "leg01_m002_b085_2026-06-16T12-37-42.jpg",
        "leg": "leg01",
        "mark_index": 2,
        "along_track_m": 2.0,
        "achieved_heading": 97.15736620980594,
        "target_bearing": 85.29663298517983,
        "fix_type": 6,
        "hacc_m": 0.014,
        "corrupt": false,
        "position_interpolated": true,
        "captured_at_utc": "2026-06-16T18:37:42.073906+00:00"
      },
      "geometry": {
        "type": "Point",
        "coordinates": [
          -114.00676546332555,
          46.67493484128264
        ]
      }
    },
    {
      "type": "Feature",
      "properties": {
        "file": "leg01_m003_b085_2026-06-16T12-37-43.jpg",
        "leg": "leg01",
        "mark_index": 3,
        "along_track_m": 3.0,
        "achieved_heading": 101.06528214727524,
        "target_bearing": 85.29663298517983,
        "fix_type": 6,
        "hacc_m": 0.014,
        "corrupt": false,
        "position_interpolated": true,
        "captured_at_utc": "2026-06-16T18:37:43.120549+00:00"
      },
      "geometry": {
        "type": "Point",
        "coordinates": [
          -114.00675317601598,
          46.674934607334
        ]
      }
    },
    {
      "type": "Feature",
      "properties": {
        "file": "leg01_m004_b085_2026-06-16T12-37-44.jpg",
        "leg": "leg01",
        "mark_index": 4,
        "along_track_m": 4.0,
        "achieved_heading": 96.74472200575273,
        "target_bearing": 85.29663298517983,
        "fix_type": 6,
        "hacc_m": 0.014,
        "corrupt": false,
        "position_interpolated": true,
        "captured_at_utc": "2026-06-16T18:37:44.311324+00:00"
      },
      "geometry": {
        "type": "Point",
        "coordinates": [
          -114.00673876962162,
          46.67493439228993
        ]
      }
    },
    {
      "type": "Feature",
      "properties": {
        "file": "leg01_m005_b085_2026-06-16T12-37-45.jpg",
        "leg": "leg01",
        "mark_index": 5,
        "along_track_m": 5.0,
        "achieved_heading": 92.36732284968005,
        "target_bearing": 85.29663298517983,
        "fix_type": 6,
        "hacc_m": 0.014,
        "corrupt": false,
        "position_interpolated": true,
        "captured_at_utc": "2026-06-16T18:37:45.356878+00:00"
      },
      "geometry": {
        "type": "Point",
        "coordinates": [
          -114.0067263,
          46.674935
        ]
      }
    },
    {
      "type": "Feature",
      "properties": {
        "file": "leg01_m006_b085_2026-06-16T12-37-46.jpg",
        "leg": "leg01",
        "mark_index": 6,
        "along_track_m": 6.0,
        "achieved_heading": 92.14759558049411,
        "target_bearing": 85.29663298517983,
        "fix_type": 6,
        "hacc_m": 0.014,
        "corrupt": false,
        "position_interpolated": true,
        "captured_at_utc": "2026-06-16T18:37:46.414870+00:00"
      },
      "geometry": {
        "type": "Point",
        "coordinates": [
          -114.00671313793072,
          46.67493574373042
        ]
      }
    },
    {
      "type": "Feature",
      "properties": {
        "file": "leg01_m007_b085_2026-06-16T12-37-47.jpg",
        "leg": "leg01",
        "mark_index": 7,
        "along_track_m": 7.0,
        "achieved_heading": 93.12772984356513,
        "target_bearing": 85.29663298517983,
        "fix_type": 6,
        "hacc_m": 0.014,
        "corrupt": false,
        "position_interpolated": true,
        "captured_at_utc": "2026-06-16T18:37:47.532610+00:00"
      },
      "geometry": {
        "type": "Point",
        "coordinates": [
          -114.00670009999999,
          46.6749364
        ]
      }
    },
    {
      "type": "Feature",
      "properties": {
        "file": "leg01_m008_b085_2026-06-16T12-37-48.jpg",
        "leg": "leg01",
        "mark_index": 8,
        "along_track_m": 8.0,
        "achieved_heading": 93.85280389412276,
        "target_bearing": 85.29663298517983,
        "fix_type": 6,
        "hacc_m": 0.014,
        "corrupt": false,
        "position_interpolated": true,
        "captured_at_utc": "2026-06-16T18:37:48.654263+00:00"
      },
      "geometry": {
        "type": "Point",
        "coordinates": [
          -114.00668675893803,
          46.6749369
        ]
      }
    },
    {
      "type": "Feature",
      "properties": {
        "file": "leg01_m009_b085_2026-06-16T12-37-49.jpg",
        "leg": "leg01",
        "mark_index": 9,
        "along_track_m": 9.0,
        "achieved_heading": 93.09682575799587,
        "target_bearing": 85.29663298517983,
        "fix_type": 6,
        "hacc_m": 0.014,
        "corrupt": false,
        "position_interpolated": true,
        "captured_at_utc": "2026-06-16T18:37:49.769498+00:00"
      },
      "geometry": {
        "type": "Point",
        "coordinates": [
          -114.0066741,
          46.6749375
        ]
      }
    },
    {
      "type": "Feature",
      "properties": {
        "file": "leg01_m010_b085_2026-06-16T12-37-50.jpg",
        "leg": "leg01",
        "mark_index": 10,
        "along_track_m": 10.0,
        "achieved_heading": 91.82303896089743,
        "target_bearing": 85.29663298517983,
        "fix_type": 6,
        "hacc_m": 0.014,
        "corrupt": false,
        "position_interpolated": true,
        "captured_at_utc": "2026-06-16T18:37:50.827611+00:00"
      },
      "geometry": {
        "type": "Point",
        "coordinates": [
          -114.00666102590846,
          46.67493835289098
        ]
      }
    },
    {
      "type": "Feature",
      "properties": {
        "file": "leg01_m011_b085_2026-06-16T12-37-52.jpg",
        "leg": "leg01",
        "mark_index": 11,
        "along_track_m": 11.0,
        "achieved_heading": 93.8229356964829,
        "target_bearing": 85.29663298517983,
        "fix_type": 6,
        "hacc_m": 0.014,
        "corrupt": false,
        "position_interpolated": true,
        "captured_at_utc": "2026-06-16T18:37:52.004951+00:00"
      },
      "geometry": {
        "type": "Point",
        "coordinates": [
          -114.0066478,
          46.674938999999995
        ]
      }
    },
    {
      "type": "Feature",
      "properties": {
        "file": "leg01_m012_b085_2026-06-16T12-37-53.jpg",
        "leg": "leg01",
        "mark_index": 12,
        "along_track_m": 12.0,
        "achieved_heading": 92.51788870203663,
        "target_bearing": 85.29663298517983,
        "fix_type": 6,
        "hacc_m": 0.014,
        "corrupt": false,
        "position_interpolated": true,
        "captured_at_utc": "2026-06-16T18:37:53.124841+00:00"
      },
      "geometry": {
        "type": "Point",
        "coordinates": [
          -114.0066330280164,
          46.6749392905173
        ]
      }
    },
    {
      "type": "Feature",
      "properties": {
        "file": "leg01_m013_b085_2026-06-16T12-37-54.jpg",
        "leg": "leg01",
        "mark_index": 13,
        "along_track_m": 13.0,
        "achieved_heading": 89.96753436483635,
        "target_bearing": 85.29663298517983,
        "fix_type": 6,
        "hacc_m": 0.014,
        "corrupt": false,
        "position_interpolated": true,
        "captured_at_utc": "2026-06-16T18:37:54.108124+00:00"
      },
      "geometry": {
        "type": "Point",
        "coordinates": [
          -114.0066214777652,
          46.67493998357543
        ]
      }
    },
    {
      "type": "Feature",
      "properties": {
        "file": "leg01_m014_b085_2026-06-16T12-37-55.jpg",
        "leg": "leg01",
        "mark_index": 14,
        "along_track_m": 14.0,
        "achieved_heading": 89.5513748961298,
        "target_bearing": 85.29663298517983,
        "fix_type": 6,
        "hacc_m": 0.014,
        "corrupt": false,
        "position_interpolated": true,
        "captured_at_utc": "2026-06-16T18:37:55.231064+00:00"
      },
      "geometry": {
        "type": "Point",
        "coordinates": [
          -114.00660909999999,
          46.6749411
        ]
      }
    },
    {
      "type": "Feature",
      "properties": {
        "file": "leg01_m015_b085_2026-06-16T12-37-56.jpg",
        "leg": "leg01",
        "mark_index": 15,
        "along_track_m": 15.0,
        "achieved_heading": 91.09463569802779,
        "target_bearing": 85.29663298517983,
        "fix_type": 6,
        "hacc_m": 0.014,
        "corrupt": false,
        "position_interpolated": true,
        "captured_at_utc": "2026-06-16T18:37:56.359003+00:00"
      },
      "geometry": {
        "type": "Point",
        "coordinates": [
          -114.0065944,
          46.6749419
        ]
      }
    },
    {
      "type": "Feature",
      "properties": {
        "file": "leg01_m016_b085_2026-06-16T12-37-57.jpg",
        "leg": "leg01",
        "mark_index": 16,
        "along_track_m": 16.0,
        "achieved_heading": 89.61230821614288,
        "target_bearing": 85.29663298517983,
        "fix_type": 6,
        "hacc_m": 0.014,
        "corrupt": false,
        "position_interpolated": true,
        "captured_at_utc": "2026-06-16T18:37:57.341466+00:00"
      },
      "geometry": {
        "type": "Point",
        "coordinates": [
          -114.0065824,
          46.6749426
        ]
      }
    },
    {
      "type": "Feature",
      "properties": {
        "file": "leg01_m017_b085_2026-06-16T12-37-58.jpg",
        "leg": "leg01",
        "mark_index": 17,
        "along_track_m": 17.0,
        "achieved_heading": 90.24429247144023,
        "target_bearing": 85.29663298517983,
        "fix_type": 6,
        "hacc_m": 0.014,
        "corrupt": false,
        "position_interpolated": true,
        "captured_at_utc": "2026-06-16T18:37:58.311178+00:00"
      },
      "geometry": {
        "type": "Point",
        "coordinates": [
          -114.00657048009415,
          46.67494307925229
        ]
      }
    },
    {
      "type": "Feature",
      "properties": {
        "file": "leg01_m018_b085_2026-06-16T12-37-59.jpg",
        "leg": "leg01",
        "mark_index": 18,
        "along_track_m": 18.0,
        "achieved_heading": 87.07388858730454,
        "target_bearing": 85.29663298517983,
        "fix_type": 6,
        "hacc_m": 0.014,
        "corrupt": false,
        "position_interpolated": true,
        "captured_at_utc": "2026-06-16T18:37:59.502922+00:00"
      },
      "geometry": {
        "type": "Point",
        "coordinates": [
          -114.00655593003337,
          46.67494417359733
        ]
      }
    },
    {
      "type": "Feature",
      "properties": {
        "file": "leg01_m019_b085_2026-06-16T12-38-00.jpg",
        "leg": "leg01",
        "mark_index": 19,
        "along_track_m": 19.0,
        "achieved_heading": 89.19519895051607,
        "target_bearing": 85.29663298517983,
        "fix_type": 6,
        "hacc_m": 0.014,
        "corrupt": false,
        "position_interpolated": true,
        "captured_at_utc": "2026-06-16T18:38:00.492520+00:00"
      },
      "geometry": {
        "type": "Point",
        "coordinates": [
          -114.00654366468095,
          46.67494516282552
        ]
      }
    },
    {
      "type": "Feature",
      "properties": {
        "file": "leg01_m020_b085_2026-06-16T12-38-01.jpg",
        "leg": "leg01",
        "mark_index": 20,
        "along_track_m": 20.0,
        "achieved_heading": 90.80715593774488,
        "target_bearing": 85.29663298517983,
        "fix_type": 6,
        "hacc_m": 0.014,
        "corrupt": false,
        "position_interpolated": true,
        "captured_at_utc": "2026-06-16T18:38:01.679040+00:00"
      },
      "geometry": {
        "type": "Point",
        "coordinates": [
          -114.00652982225836,
          46.67494575213397
        ]
      }
    },
    {
      "type": "Feature",
      "properties": {
        "file": "leg01_m021_b085_2026-06-16T12-38-02.jpg",
        "leg": "leg01",
        "mark_index": 21,
        "along_track_m": 21.0,
        "achieved_heading": 90.56411911244288,
        "target_bearing": 85.29663298517983,
        "fix_type": 6,
        "hacc_m": 0.014,
        "corrupt": false,
        "position_interpolated": true,
        "captured_at_utc": "2026-06-16T18:38:02.732755+00:00"
      },
      "geometry": {
        "type": "Point",
        "coordinates": [
          -114.0065176,
          46.674946299999995
        ]
      }
    },
    {
      "type": "Feature",
      "properties": {
        "file": "leg01_m022_b085_2026-06-16T12-38-04.jpg",
        "leg": "leg01",
        "mark_index": 22,
        "along_track_m": 22.0,
        "achieved_heading": 88.792416007218,
        "target_bearing": 85.29663298517983,
        "fix_type": 6,
        "hacc_m": 0.014,
        "corrupt": false,
        "position_interpolated": true,
        "captured_at_utc": "2026-06-16T18:38:03.912854+00:00"
      },
      "geometry": {
        "type": "Point",
        "coordinates": [
          -114.00650317776079,
          46.674947185186596
        ]
      }
    },
    {
      "type": "Feature",
      "properties": {
        "file": "leg01_m023_b085_2026-06-16T12-38-04.jpg",
        "leg": "leg01",
        "mark_index": 23,
        "along_track_m": 23.0,
        "achieved_heading": 88.423313821063,
        "target_bearing": 85.29663298517983,
        "fix_type": 6,
        "hacc_m": 0.014,
        "corrupt": false,
        "position_interpolated": true,
        "captured_at_utc": "2026-06-16T18:38:04.964333+00:00"
      },
      "geometry": {
        "type": "Point",
        "coordinates": [
          -114.006491,
          46.6749478
        ]
      }
    },
    {
      "type": "Feature",
      "properties": {
        "file": "leg01_m024_b085_2026-06-16T12-38-06.jpg",
        "leg": "leg01",
        "mark_index": 24,
        "along_track_m": 24.0,
        "achieved_heading": 88.97209324148254,
        "target_bearing": 85.29663298517983,
        "fix_type": 6,
        "hacc_m": 0.014,
        "corrupt": false,
        "position_interpolated": true,
        "captured_at_utc": "2026-06-16T18:38:06.149973+00:00"
      },
      "geometry": {
        "type": "Point",
        "coordinates": [
          -114.0064769,
          46.674949
        ]
      }
    },
    {
      "type": "Feature",
      "properties": {
        "file": "leg01_m025_b085_2026-06-16T12-38-07.jpg",
        "leg": "leg01",
        "mark_index": 25,
        "along_track_m": 25.0,
        "achieved_heading": 89.77808476805446,
        "target_bearing": 85.29663298517983,
        "fix_type": 6,
        "hacc_m": 0.014,
        "corrupt": false,
        "position_interpolated": true,
        "captured_at_utc": "2026-06-16T18:38:07.132540+00:00"
      },
      "geometry": {
        "type": "Point",
        "coordinates": [
          -114.00646454936543,
          46.67494949810133
        ]
      }
    },
    {
      "type": "Feature",
      "properties": {
        "file": "leg01_m026_b085_2026-06-16T12-38-08.jpg",
        "leg": "leg01",
        "mark_index": 26,
        "along_track_m": 26.0,
        "achieved_heading": 88.7772208598201,
        "target_bearing": 85.29663298517983,
        "fix_type": 6,
        "hacc_m": 0.014,
        "corrupt": false,
        "position_interpolated": true,
        "captured_at_utc": "2026-06-16T18:38:08.109379+00:00"
      },
      "geometry": {
        "type": "Point",
        "coordinates": [
          -114.00645295995835,
          46.674949816361746
        ]
      }
    },
    {
      "type": "Feature",
      "properties": {
        "file": "leg01_m027_b085_2026-06-16T12-38-09.jpg",
        "leg": "leg01",
        "mark_index": 27,
        "along_track_m": 27.0,
        "achieved_heading": 87.01798598883678,
        "target_bearing": 85.29663298517983,
        "fix_type": 6,
        "hacc_m": 0.014,
        "corrupt": false,
        "position_interpolated": true,
        "captured_at_utc": "2026-06-16T18:38:09.374749+00:00"
      },
      "geometry": {
        "type": "Point",
        "coordinates": [
          -114.0064383,
          46.674950599999995
        ]
      }
    },
    {
      "type": "Feature",
      "properties": {
        "file": "leg01_m028_b085_2026-06-16T12-38-10.jpg",
        "leg": "leg01",
        "mark_index": 28,
        "along_track_m": 28.0,
        "achieved_heading": 87.16396629512751,
        "target_bearing": 85.29663298517983,
        "fix_type": 6,
        "hacc_m": 0.014,
        "corrupt": false,
        "position_interpolated": true,
        "captured_at_utc": "2026-06-16T18:38:10.357334+00:00"
      },
      "geometry": {
        "type": "Point",
        "coordinates": [
          -114.00642599999999,
          46.6749514
        ]
      }
    },
    {
      "type": "Feature",
      "properties": {
        "file": "leg01_m029_b085_2026-06-16T12-38-11.jpg",
        "leg": "leg01",
        "mark_index": 29,
        "along_track_m": 29.0,
        "achieved_heading": 87.88219615080834,
        "target_bearing": 85.29663298517983,
        "fix_type": 6,
        "hacc_m": 0.014,
        "corrupt": false,
        "position_interpolated": true,
        "captured_at_utc": "2026-06-16T18:38:11.474697+00:00"
      },
      "geometry": {
        "type": "Point",
        "coordinates": [
          -114.00641237941912,
          46.67495244732553
        ]
      }
    },
    {
      "type": "Feature",
      "properties": {
        "file": "leg01_m030_b085_2026-06-16T12-38-12.jpg",
        "leg": "leg01",
        "mark_index": 30,
        "along_track_m": 30.0,
        "achieved_heading": 90.28377373583933,
        "target_bearing": 85.29663298517983,
        "fix_type": 6,
        "hacc_m": 0.014,
        "corrupt": false,
        "position_interpolated": true,
        "captured_at_utc": "2026-06-16T18:38:12.593077+00:00"
      },
      "geometry": {
        "type": "Point",
        "coordinates": [
          -114.00639989999999,
          46.674952999999995
        ]
      }
    },
    {
      "type": "Feature",
      "properties": {
        "file": "leg01_m031_b085_2026-06-16T12-38-13.jpg",
        "leg": "leg01",
        "mark_index": 31,
        "along_track_m": 31.0,
        "achieved_heading": 89.41221176654511,
        "target_bearing": 85.29663298517983,
        "fix_type": 6,
        "hacc_m": 0.014,
        "corrupt": false,
        "position_interpolated": true,
        "captured_at_utc": "2026-06-16T18:38:13.717595+00:00"
      },
      "geometry": {
        "type": "Point",
        "coordinates": [
          -114.00638566488507,
          46.674953387316535
        ]
      }
    },
    {
      "type": "Feature",
      "properties": {
        "file": "leg01_m032_b085_2026-06-16T12-38-14.jpg",
        "leg": "leg01",
        "mark_index": 32,
        "along_track_m": 32.0,
        "achieved_heading": 88.6703215792214,
        "target_bearing": 85.29663298517983,
        "fix_type": 6,
        "hacc_m": 0.014,
        "corrupt": false,
        "position_interpolated": true,
        "captured_at_utc": "2026-06-16T18:38:14.765347+00:00"
      },
      "geometry": {
        "type": "Point",
        "coordinates": [
          -114.0063737,
          46.6749539
        ]
      }
    },
    {
      "type": "Feature",
      "properties": {
        "file": "leg01_m033_b085_2026-06-16T12-38-16.jpg",
        "leg": "leg01",
        "mark_index": 33,
        "along_track_m": 33.0,
        "achieved_heading": 88.24642820188743,
        "target_bearing": 85.29663298517983,
        "fix_type": 6,
        "hacc_m": 0.014,
        "corrupt": false,
        "position_interpolated": true,
        "captured_at_utc": "2026-06-16T18:38:15.955403+00:00"
      },
      "geometry": {
        "type": "Point",
        "coordinates": [
          -114.0063601,
          46.6749544
        ]
      }
    },
    {
      "type": "Feature",
      "properties": {
        "file": "leg01_m034_b085_2026-06-16T12-38-17.jpg",
        "leg": "leg01",
        "mark_index": 34,
        "along_track_m": 34.0,
        "achieved_heading": 86.83804800558912,
        "target_bearing": 85.29663298517983,
        "fix_type": 6,
        "hacc_m": 0.014,
        "corrupt": false,
        "position_interpolated": true,
        "captured_at_utc": "2026-06-16T18:38:17.143466+00:00"
      },
      "geometry": {
        "type": "Point",
        "coordinates": [
          -114.0063461,
          46.6749553
        ]
      }
    },
    {
      "type": "Feature",
      "properties": {
        "file": "leg01_m035_b085_2026-06-16T12-38-18.jpg",
        "leg": "leg01",
        "mark_index": 35,
        "along_track_m": 35.0,
        "achieved_heading": 85.78423071996461,
        "target_bearing": 85.29663298517983,
        "fix_type": 6,
        "hacc_m": 0.014,
        "corrupt": false,
        "position_interpolated": true,
        "captured_at_utc": "2026-06-16T18:38:18.127542+00:00"
      },
      "geometry": {
        "type": "Point",
        "coordinates": [
          -114.00633405794389,
          46.67495628736449
        ]
      }
    },
    {
      "type": "Feature",
      "properties": {
        "file": "leg01_m036_b085_2026-06-16T12-38-19.jpg",
        "leg": "leg01",
        "mark_index": 36,
        "along_track_m": 36.0,
        "achieved_heading": 87.78576281856158,
        "target_bearing": 85.29663298517983,
        "fix_type": 6,
        "hacc_m": 0.014,
        "corrupt": false,
        "position_interpolated": true,
        "captured_at_utc": "2026-06-16T18:38:19.245243+00:00"
      },
      "geometry": {
        "type": "Point",
        "coordinates": [
          -114.00632074115278,
          46.6749572561095
        ]
      }
    },
    {
      "type": "Feature",
      "properties": {
        "file": "leg01_m037_b085_2026-06-16T12-38-20.jpg",
        "leg": "leg01",
        "mark_index": 37,
        "along_track_m": 37.0,
        "achieved_heading": 88.28653503674782,
        "target_bearing": 85.29663298517983,
        "fix_type": 6,
        "hacc_m": 0.014,
        "corrupt": false,
        "position_interpolated": true,
        "captured_at_utc": "2026-06-16T18:38:20.380404+00:00"
      },
      "geometry": {
        "type": "Point",
        "coordinates": [
          -114.0063079,
          46.6749581
        ]
      }
    },
    {
      "type": "Feature",
      "properties": {
        "file": "leg01_m038_b085_2026-06-16T12-38-21.jpg",
        "leg": "leg01",
        "mark_index": 38,
        "along_track_m": 38.0,
        "achieved_heading": 89.54632158188733,
        "target_bearing": 85.29663298517983,
        "fix_type": 6,
        "hacc_m": 0.014,
        "corrupt": false,
        "position_interpolated": true,
        "captured_at_utc": "2026-06-16T18:38:21.280933+00:00"
      },
      "geometry": {
        "type": "Point",
        "coordinates": [
          -114.00629633906912,
          46.67495835084084
        ]
      }
    },
    {
      "type": "Feature",
      "properties": {
        "file": "leg01_m039_b085_2026-06-16T12-38-22.jpg",
        "leg": "leg01",
        "mark_index": 39,
        "along_track_m": 39.0,
        "achieved_heading": 85.04014759372738,
        "target_bearing": 85.29663298517983,
        "fix_type": 6,
        "hacc_m": 0.014,
        "corrupt": false,
        "position_interpolated": true,
        "captured_at_utc": "2026-06-16T18:38:22.544148+00:00"
      },
      "geometry": {
        "type": "Point",
        "coordinates": [
          -114.00628189999999,
          46.6749589
        ]
      }
    },
    {
      "type": "Feature",
      "properties": {
        "file": "leg01_m040_b085_2026-06-16T12-38-23.jpg",
        "leg": "leg01",
        "mark_index": 40,
        "along_track_m": 40.0,
        "achieved_heading": 83.75124691928039,
        "target_bearing": 85.29663298517983,
        "fix_type": 6,
        "hacc_m": 0.014,
        "corrupt": false,
        "position_interpolated": true,
        "captured_at_utc": "2026-06-16T18:38:23.740290+00:00"
      },
      "geometry": {
        "type": "Point",
        "coordinates": [
          -114.0062679,
          46.674960299999995
        ]
      }
    },
    {
      "type": "Feature",
      "properties": {
        "file": "leg01_m041_b085_2026-06-16T12-38-24.jpg",
        "leg": "leg01",
        "mark_index": 41,
        "along_track_m": 41.0,
        "achieved_heading": 88.35612029404525,
        "target_bearing": 85.29663298517983,
        "fix_type": 6,
        "hacc_m": 0.014,
        "corrupt": false,
        "position_interpolated": true,
        "captured_at_utc": "2026-06-16T18:38:24.781096+00:00"
      },
      "geometry": {
        "type": "Point",
        "coordinates": [
          -114.00625629999999,
          46.6749611
        ]
      }
    },
    {
      "type": "Feature",
      "properties": {
        "file": "leg01_m042_b085_2026-06-16T12-38-25.jpg",
        "leg": "leg01",
        "mark_index": 42,
        "along_track_m": 42.0,
        "achieved_heading": 88.00966462902102,
        "target_bearing": 85.29663298517983,
        "fix_type": 6,
        "hacc_m": 0.014,
        "corrupt": false,
        "position_interpolated": true,
        "captured_at_utc": "2026-06-16T18:38:25.897179+00:00"
      },
      "geometry": {
        "type": "Point",
        "coordinates": [
          -114.00624284800557,
          46.67496168418156
        ]
      }
    },
    {
      "type": "Feature",
      "properties": {
        "file": "leg01_m043_b085_2026-06-16T12-38-26.jpg",
        "leg": "leg01",
        "mark_index": 43,
        "along_track_m": 43.0,
        "achieved_heading": 86.14717814957045,
        "target_bearing": 85.29663298517983,
        "fix_type": 6,
        "hacc_m": 0.014,
        "corrupt": false,
        "position_interpolated": true,
        "captured_at_utc": "2026-06-16T18:38:26.951553+00:00"
      },
      "geometry": {
        "type": "Point",
        "coordinates": [
          -114.0062303,
          46.674962099999995
        ]
      }
    },
    {
      "type": "Feature",
      "properties": {
        "file": "leg01_m044_b085_2026-06-16T12-38-28.jpg",
        "leg": "leg01",
        "mark_index": 44,
        "along_track_m": 44.0,
        "achieved_heading": 87.10988189086467,
        "target_bearing": 85.29663298517983,
        "fix_type": 6,
        "hacc_m": 0.014,
        "corrupt": false,
        "position_interpolated": true,
        "captured_at_utc": "2026-06-16T18:38:28.073186+00:00"
      },
      "geometry": {
        "type": "Point",
        "coordinates": [
          -114.00621674593575,
          46.67496306756801
        ]
      }
    },
    {
      "type": "Feature",
      "properties": {
        "file": "leg01_m045_b085_2026-06-16T12-38-29.jpg",
        "leg": "leg01",
        "mark_index": 45,
        "along_track_m": 45.0,
        "achieved_heading": 88.72268014574368,
        "target_bearing": 85.29663298517983,
        "fix_type": 6,
        "hacc_m": 0.014,
        "corrupt": false,
        "position_interpolated": true,
        "captured_at_utc": "2026-06-16T18:38:29.262099+00:00"
      },
      "geometry": {
        "type": "Point",
        "coordinates": [
          -114.00620320457203,
          46.6749637647714
        ]
      }
    },
    {
      "type": "Feature",
      "properties": {
        "file": "leg01_m046_b085_2026-06-16T12-38-30.jpg",
        "leg": "leg01",
        "mark_index": 46,
        "along_track_m": 46.0,
        "achieved_heading": 87.89703105930684,
        "target_bearing": 85.29663298517983,
        "fix_type": 6,
        "hacc_m": 0.014,
        "corrupt": false,
        "position_interpolated": true,
        "captured_at_utc": "2026-06-16T18:38:30.384951+00:00"
      },
      "geometry": {
        "type": "Point",
        "coordinates": [
          -114.0061908,
          46.6749642
        ]
      }
    },
    {
      "type": "Feature",
      "properties": {
        "file": "leg01_m047_b085_2026-06-16T12-38-31.jpg",
        "leg": "leg01",
        "mark_index": 47,
        "along_track_m": 47.0,
        "achieved_heading": 85.55045699956531,
        "target_bearing": 85.29663298517983,
        "fix_type": 6,
        "hacc_m": 0.014,
        "corrupt": false,
        "position_interpolated": true,
        "captured_at_utc": "2026-06-16T18:38:31.504050+00:00"
      },
      "geometry": {
        "type": "Point",
        "coordinates": [
          -114.00617697177587,
          46.6749648
        ]
      }
    },
    {
      "type": "Feature",
      "properties": {
        "file": "leg01_m048_b085_2026-06-16T12-38-32.jpg",
        "leg": "leg01",
        "mark_index": 48,
        "along_track_m": 48.0,
        "achieved_heading": 85.11692227560482,
        "target_bearing": 85.29663298517983,
        "fix_type": 6,
        "hacc_m": 0.014,
        "corrupt": false,
        "position_interpolated": true,
        "captured_at_utc": "2026-06-16T18:38:32.633522+00:00"
      },
      "geometry": {
        "type": "Point",
        "coordinates": [
          -114.006165,
          46.6749657
        ]
      }
    },
    {
      "type": "Feature",
      "properties": {
        "file": "leg01_m049_b085_2026-06-16T12-38-33.jpg",
        "leg": "leg01",
        "mark_index": 49,
        "along_track_m": 49.0,
        "achieved_heading": 87.61329191840683,
        "target_bearing": 85.29663298517983,
        "fix_type": 6,
        "hacc_m": 0.014,
        "corrupt": false,
        "position_interpolated": true,
        "captured_at_utc": "2026-06-16T18:38:33.753477+00:00"
      },
      "geometry": {
        "type": "Point",
        "coordinates": [
          -114.0061515,
          46.6749666
        ]
      }
    },
    {
      "type": "Feature",
      "properties": {
        "file": "leg01_m050_b085_2026-06-16T12-38-34.jpg",
        "leg": "leg01",
        "mark_index": 50,
        "along_track_m": 50.0,
        "achieved_heading": 86.43524436098105,
        "target_bearing": 85.29663298517983,
        "fix_type": 6,
        "hacc_m": 0.014,
        "corrupt": false,
        "position_interpolated": true,
        "captured_at_utc": "2026-06-16T18:38:34.938084+00:00"
      },
      "geometry": {
        "type": "Point",
        "coordinates": [
          -114.0061379,
          46.6749674
        ]
      }
    },
    {
      "type": "Feature",
      "properties": {
        "file": "leg01_m051_b085_2026-06-16T12-38-36.jpg",
        "leg": "leg01",
        "mark_index": 51,
        "along_track_m": 51.0,
        "achieved_heading": 84.40957708743377,
        "target_bearing": 85.29663298517983,
        "fix_type": 6,
        "hacc_m": 0.014,
        "corrupt": false,
        "position_interpolated": true,
        "captured_at_utc": "2026-06-16T18:38:36.122585+00:00"
      },
      "geometry": {
        "type": "Point",
        "coordinates": [
          -114.00612480771137,
          46.67496839096907
        ]
      }
    },
    {
      "type": "Feature",
      "properties": {
        "file": "leg01_m052_b085_2026-06-16T12-38-37.jpg",
        "leg": "leg01",
        "mark_index": 52,
        "along_track_m": 52.0,
        "achieved_heading": 85.69580621512554,
        "target_bearing": 85.29663298517983,
        "fix_type": 6,
        "hacc_m": 0.014,
        "corrupt": false,
        "position_interpolated": true,
        "captured_at_utc": "2026-06-16T18:38:37.250484+00:00"
      },
      "geometry": {
        "type": "Point",
        "coordinates": [
          -114.00611202449286,
          46.67496921462559
        ]
      }
    },
    {
      "type": "Feature",
      "properties": {
        "file": "leg01_m053_b085_2026-06-16T12-38-38.jpg",
        "leg": "leg01",
        "mark_index": 53,
        "along_track_m": 53.0,
        "achieved_heading": 87.14244517998334,
        "target_bearing": 85.29663298517983,
        "fix_type": 6,
        "hacc_m": 0.014,
        "corrupt": false,
        "position_interpolated": true,
        "captured_at_utc": "2026-06-16T18:38:38.374689+00:00"
      },
      "geometry": {
        "type": "Point",
        "coordinates": [
          -114.00609949999999,
          46.674969999999995
        ]
      }
    },
    {
      "type": "Feature",
      "properties": {
        "file": "leg01_m054_b085_2026-06-16T12-38-39.jpg",
        "leg": "leg01",
        "mark_index": 54,
        "along_track_m": 54.0,
        "achieved_heading": 88.24233332715175,
        "target_bearing": 85.29663298517983,
        "fix_type": 6,
        "hacc_m": 0.014,
        "corrupt": false,
        "position_interpolated": true,
        "captured_at_utc": "2026-06-16T18:38:39.486444+00:00"
      },
      "geometry": {
        "type": "Point",
        "coordinates": [
          -114.00608599559996,
          46.67497057747273
        ]
      }
    },
    {
      "type": "Feature",
      "properties": {
        "file": "leg01_m055_b085_2026-06-16T12-38-40.jpg",
        "leg": "leg01",
        "mark_index": 55,
        "along_track_m": 55.0,
        "achieved_heading": 85.75935251999333,
        "target_bearing": 85.29663298517983,
        "fix_type": 6,
        "hacc_m": 0.014,
        "corrupt": false,
        "position_interpolated": true,
        "captured_at_utc": "2026-06-16T18:38:40.603227+00:00"
      },
      "geometry": {
        "type": "Point",
        "coordinates": [
          -114.0060737,
          46.674971299999996
        ]
      }
    },
    {
      "type": "Feature",
      "properties": {
        "file": "leg01_m056_b085_2026-06-16T12-38-41.jpg",
        "leg": "leg01",
        "mark_index": 56,
        "along_track_m": 56.0,
        "achieved_heading": 85.49167543331494,
        "target_bearing": 85.29663298517983,
        "fix_type": 6,
        "hacc_m": 0.014,
        "corrupt": false,
        "position_interpolated": true,
        "captured_at_utc": "2026-06-16T18:38:41.728868+00:00"
      },
      "geometry": {
        "type": "Point",
        "coordinates": [
          -114.0060600205825,
          46.6749721991767
        ]
      }
    },
    {
      "type": "Feature",
      "properties": {
        "file": "leg01_m057_b085_2026-06-16T12-38-42.jpg",
        "leg": "leg01",
        "mark_index": 57,
        "along_track_m": 57.0,
        "achieved_heading": 86.47151799080464,
        "target_bearing": 85.29663298517983,
        "fix_type": 6,
        "hacc_m": 0.014,
        "corrupt": false,
        "position_interpolated": true,
        "captured_at_utc": "2026-06-16T18:38:42.919281+00:00"
      },
      "geometry": {
        "type": "Point",
        "coordinates": [
          -114.00604631200832,
          46.6749729
        ]
      }
    },
    {
      "type": "Feature",
      "properties": {
        "file": "leg01_m058_b085_2026-06-16T12-38-43.jpg",
        "leg": "leg01",
        "mark_index": 58,
        "along_track_m": 58.0,
        "achieved_heading": 87.06282515336392,
        "target_bearing": 85.29663298517983,
        "fix_type": 6,
        "hacc_m": 0.014,
        "corrupt": false,
        "position_interpolated": true,
        "captured_at_utc": "2026-06-16T18:38:43.965745+00:00"
      },
      "geometry": {
        "type": "Point",
        "coordinates": [
          -114.00603459999999,
          46.6749735
        ]
      }
    },
    {
      "type": "Feature",
      "properties": {
        "file": "leg01_m059_b085_2026-06-16T12-38-45.jpg",
        "leg": "leg01",
        "mark_index": 59,
        "along_track_m": 59.0,
        "achieved_heading": 86.04316241103331,
        "target_bearing": 85.29663298517983,
        "fix_type": 6,
        "hacc_m": 0.014,
        "corrupt": false,
        "position_interpolated": true,
        "captured_at_utc": "2026-06-16T18:38:45.084996+00:00"
      },
      "geometry": {
        "type": "Point",
        "coordinates": [
          -114.00602037457011,
          46.67497417501869
        ]
      }
    },
    {
      "type": "Feature",
      "properties": {
        "file": "leg01_m060_b085_2026-06-16T12-38-46.jpg",
        "leg": "leg01",
        "mark_index": 60,
        "along_track_m": 60.0,
        "achieved_heading": 86.05344694196901,
        "target_bearing": 85.29663298517983,
        "fix_type": 6,
        "hacc_m": 0.014,
        "corrupt": false,
        "position_interpolated": true,
        "captured_at_utc": "2026-06-16T18:38:46.141965+00:00"
      },
      "geometry": {
        "type": "Point",
        "coordinates": [
          -114.00600809999999,
          46.674974999999996
        ]
      }
    },
    {
      "type": "Feature",
      "properties": {
        "file": "leg01_m061_b085_2026-06-16T12-38-47.jpg",
        "leg": "leg01",
        "mark_index": 61,
        "along_track_m": 61.0,
        "achieved_heading": 87.32863811977776,
        "target_bearing": 85.29663298517983,
        "fix_type": 6,
        "hacc_m": 0.014,
        "corrupt": false,
        "position_interpolated": true,
        "captured_at_utc": "2026-06-16T18:38:47.270918+00:00"
      },
      "geometry": {
        "type": "Point",
        "coordinates": [
          -114.00599553067809,
          46.67497573357472
        ]
      }
    },
    {
      "type": "Feature",
      "properties": {
        "file": "leg01_m062_b085_2026-06-16T12-38-48.jpg",
        "leg": "leg01",
        "mark_index": 62,
        "along_track_m": 62.0,
        "achieved_heading": 88.82675663204081,
        "target_bearing": 85.29663298517983,
        "fix_type": 6,
        "hacc_m": 0.014,
        "corrupt": false,
        "position_interpolated": true,
        "captured_at_utc": "2026-06-16T18:38:48.463718+00:00"
      },
      "geometry": {
        "type": "Point",
        "coordinates": [
          -114.0059815551352,
          46.67497633422037
        ]
      }
    },
    {
      "type": "Feature",
      "properties": {
        "file": "leg01_m063_b085_2026-06-16T12-38-49.jpg",
        "leg": "leg01",
        "mark_index": 63,
        "along_track_m": 63.0,
        "achieved_heading": 87.35486615389887,
        "target_bearing": 85.29663298517983,
        "fix_type": 6,
        "hacc_m": 0.014,
        "corrupt": false,
        "position_interpolated": true,
        "captured_at_utc": "2026-06-16T18:38:49.580605+00:00"
      },
      "geometry": {
        "type": "Point",
        "coordinates": [
          -114.0059691,
          46.6749766
        ]
      }
    },
    {
      "type": "Feature",
      "properties": {
        "file": "leg01_m064_b085_2026-06-16T12-38-50.jpg",
        "leg": "leg01",
        "mark_index": 64,
        "along_track_m": 64.0,
        "achieved_heading": 85.34975521663445,
        "target_bearing": 85.29663298517983,
        "fix_type": 6,
        "hacc_m": 0.014,
        "corrupt": false,
        "position_interpolated": true,
        "captured_at_utc": "2026-06-16T18:38:50.761608+00:00"
      },
      "geometry": {
        "type": "Point",
        "coordinates": [
          -114.0059555,
          46.674977399999996
        ]
      }
    },
    {
      "type": "Feature",
      "properties": {
        "file": "leg01_m065_b085_2026-06-16T12-38-51.jpg",
        "leg": "leg01",
        "mark_index": 65,
        "along_track_m": 65.0,
        "achieved_heading": 84.3756118776979,
        "target_bearing": 85.29663298517983,
        "fix_type": 6,
        "hacc_m": 0.014,
        "corrupt": false,
        "position_interpolated": true,
        "captured_at_utc": "2026-06-16T18:38:51.887296+00:00"
      },
      "geometry": {
        "type": "Point",
        "coordinates": [
          -114.00594215462874,
          46.67497845670202
        ]
      }
    },
    {
      "type": "Feature",
      "properties": {
        "file": "leg01_m066_b085_2026-06-16T12-38-52.jpg",
        "leg": "leg01",
        "mark_index": 66,
        "along_track_m": 66.0,
        "achieved_heading": 83.14025154834638,
        "target_bearing": 85.29663298517983,
        "fix_type": 6,
        "hacc_m": 0.014,
        "corrupt": false,
        "position_interpolated": true,
        "captured_at_utc": "2026-06-16T18:38:52.943038+00:00"
      },
      "geometry": {
        "type": "Point",
        "coordinates": [
          -114.0059299,
          46.6749794
        ]
      }
    },
    {
      "type": "Feature",
      "properties": {
        "file": "leg01_m067_b085_2026-06-16T12-38-54.jpg",
        "leg": "leg01",
        "mark_index": 67,
        "along_track_m": 67.0,
        "achieved_heading": 85.83269920844121,
        "target_bearing": 85.29663298517983,
        "fix_type": 6,
        "hacc_m": 0.014,
        "corrupt": false,
        "position_interpolated": true,
        "captured_at_utc": "2026-06-16T18:38:54.199490+00:00"
      },
      "geometry": {
        "type": "Point",
        "coordinates": [
          -114.005916,
          46.674980399999995
        ]
      }
    },
    {
      "type": "Feature",
      "properties": {
        "file": "leg01_m068_b085_2026-06-16T12-38-55.jpg",
        "leg": "leg01",
        "mark_index": 68,
        "along_track_m": 68.0,
        "achieved_heading": 87.52353726808566,
        "target_bearing": 85.29663298517983,
        "fix_type": 6,
        "hacc_m": 0.014,
        "corrupt": false,
        "position_interpolated": true,
        "captured_at_utc": "2026-06-16T18:38:55.311082+00:00"
      },
      "geometry": {
        "type": "Point",
        "coordinates": [
          -114.00590200608484,
          46.674980999999995
        ]
      }
    },
    {
      "type": "Feature",
      "properties": {
        "file": "leg01_m069_b085_2026-06-16T12-38-56.jpg",
        "leg": "leg01",
        "mark_index": 69,
        "along_track_m": 69.0,
        "achieved_heading": 89.30267189361369,
        "target_bearing": 85.29663298517983,
        "fix_type": 6,
        "hacc_m": 0.014,
        "corrupt": false,
        "position_interpolated": true,
        "captured_at_utc": "2026-06-16T18:38:56.306563+00:00"
      },
      "geometry": {
        "type": "Point",
        "coordinates": [
          -114.00589018359847,
          46.67498141233037
        ]
      }
    },
    {
      "type": "Feature",
      "properties": {
        "file": "leg01_m070_b085_2026-06-16T12-38-57.jpg",
        "leg": "leg01",
        "mark_index": 70,
        "along_track_m": 69.644,
        "achieved_heading": 89.33243783264125,
        "target_bearing": 85.29663298517983,
        "fix_type": 6,
        "hacc_m": 0.014,
        "corrupt": false,
        "position_interpolated": true,
        "captured_at_utc": "2026-06-16T18:38:56.990167+00:00"
      },
      "geometry": {
        "type": "Point",
        "coordinates": [
          -114.0058825,
          46.6749814
        ]
      }
    },
    {
      "type": "Feature",
      "properties": {
        "file": "leg02_m000_b355_2026-06-16T12-39-01.jpg",
        "leg": "leg02",
        "mark_index": 0,
        "along_track_m": 0.0,
        "achieved_heading": 359.59842356510933,
        "target_bearing": 355.3268674843371,
        "fix_type": 6,
        "hacc_m": 0.014,
        "corrupt": false,
        "position_interpolated": true,
        "captured_at_utc": "2026-06-16T18:39:01.539878+00:00"
      },
      "geometry": {
        "type": "Point",
        "coordinates": [
          -114.00587979999999,
          46.6749825
        ]
      }
    },
    {
      "type": "Feature",
      "properties": {
        "file": "leg02_m001_b355_2026-06-16T12-39-03.jpg",
        "leg": "leg02",
        "mark_index": 1,
        "along_track_m": 1.0,
        "achieved_heading": 353.88059124860126,
        "target_bearing": 355.3268674843371,
        "fix_type": 6,
        "hacc_m": 0.014,
        "corrupt": false,
        "position_interpolated": true,
        "captured_at_utc": "2026-06-16T18:39:03.148742+00:00"
      },
      "geometry": {
        "type": "Point",
        "coordinates": [
          -114.00588099999999,
          46.6749915
        ]
      }
    },
    {
      "type": "Feature",
      "properties": {
        "file": "leg02_m002_b355_2026-06-16T12-39-04.jpg",
        "leg": "leg02",
        "mark_index": 2,
        "along_track_m": 2.0,
        "achieved_heading": 352.0695289539722,
        "target_bearing": 355.3268674843371,
        "fix_type": 6,
        "hacc_m": 0.014,
        "corrupt": false,
        "position_interpolated": true,
        "captured_at_utc": "2026-06-16T18:39:04.069234+00:00"
      },
      "geometry": {
        "type": "Point",
        "coordinates": [
          -114.00588243069213,
          46.67499999049166
        ]
      }
    },
    {
      "type": "Feature",
      "properties": {
        "file": "leg02_m003_b355_2026-06-16T12-39-05.jpg",
        "leg": "leg02",
        "mark_index": 3,
        "along_track_m": 3.0,
        "achieved_heading": 351.17302189193106,
        "target_bearing": 355.3268674843371,
        "fix_type": 6,
        "hacc_m": 0.014,
        "corrupt": false,
        "position_interpolated": true,
        "captured_at_utc": "2026-06-16T18:39:05.050639+00:00"
      },
      "geometry": {
        "type": "Point",
        "coordinates": [
          -114.0058841316183,
          46.67500854228235
        ]
      }
    },
    {
      "type": "Feature",
      "properties": {
        "file": "leg02_m004_b355_2026-06-16T12-39-06.jpg",
        "leg": "leg02",
        "mark_index": 4,
        "along_track_m": 4.0,
        "achieved_heading": 352.5012583034236,
        "target_bearing": 355.3268674843371,
        "fix_type": 6,
        "hacc_m": 0.014,
        "corrupt": false,
        "position_interpolated": true,
        "captured_at_utc": "2026-06-16T18:39:06.158788+00:00"
      },
      "geometry": {
        "type": "Point",
        "coordinates": [
          -114.0058861,
          46.675017999999994
        ]
      }
    },
    {
      "type": "Feature",
      "properties": {
        "file": "leg02_m005_b355_2026-06-16T12-39-07.jpg",
        "leg": "leg02",
        "mark_index": 5,
        "along_track_m": 4.837,
        "achieved_heading": 356.1310562262401,
        "target_bearing": 355.3268674843371,
        "fix_type": 6,
        "hacc_m": 0.014,
        "corrupt": false,
        "position_interpolated": true,
        "captured_at_utc": "2026-06-16T18:39:06.998203+00:00"
      },
      "geometry": {
        "type": "Point",
        "coordinates": [
          -114.00588719999999,
          46.675024699999994
        ]
      }
    },
    {
      "type": "Feature",
      "properties": {
        "file": "leg03_m000_b265_2026-06-16T12-39-11.jpg",
        "leg": "leg03",
        "mark_index": 0,
        "along_track_m": 0.0,
        "achieved_heading": 263.9345266510154,
        "target_bearing": 265.2972922631515,
        "fix_type": 6,
        "hacc_m": 0.014,
        "corrupt": false,
        "position_interpolated": true,
        "captured_at_utc": "2026-06-16T18:39:11.763509+00:00"
      },
      "geometry": {
        "type": "Point",
        "coordinates": [
          -114.00588909999999,
          46.6750282
        ]
      }
    },
    {
      "type": "Feature",
      "properties": {
        "file": "leg03_m001_b265_2026-06-16T12-39-13.jpg",
        "leg": "leg03",
        "mark_index": 1,
        "along_track_m": 1.0,
        "achieved_heading": 259.3156846813478,
        "target_bearing": 265.2972922631515,
        "fix_type": 6,
        "hacc_m": 0.014,
        "corrupt": false,
        "position_interpolated": true,
        "captured_at_utc": "2026-06-16T18:39:13.026279+00:00"
      },
      "geometry": {
        "type": "Point",
        "coordinates": [
          -114.00590005117027,
          46.675027624804954
        ]
      }
    },
    {
      "type": "Feature",
      "properties": {
        "file": "leg03_m002_b265_2026-06-16T12-39-14.jpg",
        "leg": "leg03",
        "mark_index": 2,
        "along_track_m": 2.0,
        "achieved_heading": 255.3512751052786,
        "target_bearing": 265.2972922631515,
        "fix_type": 6,
        "hacc_m": 0.014,
        "corrupt": false,
        "position_interpolated": true,
        "captured_at_utc": "2026-06-16T18:39:14.140238+00:00"
      },
      "geometry": {
        "type": "Point",
        "coordinates": [
          -114.00591408553815,
          46.67502610301288
        ]
      }
    },
    {
      "type": "Feature",
      "properties": {
        "file": "leg03_m003_b265_2026-06-16T12-39-15.jpg",
        "leg": "leg03",
        "mark_index": 3,
        "along_track_m": 3.0,
        "achieved_heading": 255.0192460630003,
        "target_bearing": 265.2972922631515,
        "fix_type": 6,
        "hacc_m": 0.014,
        "corrupt": false,
        "position_interpolated": true,
        "captured_at_utc": "2026-06-16T18:39:15.122533+00:00"
      },
      "geometry": {
        "type": "Point",
        "coordinates": [
          -114.00592706404709,
          46.67502443137375
        ]
      }
    },
    {
      "type": "Feature",
      "properties": {
        "file": "leg03_m004_b265_2026-06-16T12-39-16.jpg",
        "leg": "leg03",
        "mark_index": 4,
        "along_track_m": 4.0,
        "achieved_heading": 259.4232845060762,
        "target_bearing": 265.2972922631515,
        "fix_type": 6,
        "hacc_m": 0.014,
        "corrupt": false,
        "position_interpolated": true,
        "captured_at_utc": "2026-06-16T18:39:16.110485+00:00"
      },
      "geometry": {
        "type": "Point",
        "coordinates": [
          -114.00593996726512,
          46.675023053237574
        ]
      }
    },
    {
      "type": "Feature",
      "properties": {
        "file": "leg03_m005_b265_2026-06-16T12-39-17.jpg",
        "leg": "leg03",
        "mark_index": 5,
        "along_track_m": 5.0,
        "achieved_heading": 260.58898458513653,
        "target_bearing": 265.2972922631515,
        "fix_type": 6,
        "hacc_m": 0.014,
        "corrupt": false,
        "position_interpolated": true,
        "captured_at_utc": "2026-06-16T18:39:17.151198+00:00"
      },
      "geometry": {
        "type": "Point",
        "coordinates": [
          -114.0059533,
          46.6750219
        ]
      }
    },
    {
      "type": "Feature",
      "properties": {
        "file": "leg03_m006_b265_2026-06-16T12-39-18.jpg",
        "leg": "leg03",
        "mark_index": 6,
        "along_track_m": 6.0,
        "achieved_heading": 260.82990308743524,
        "target_bearing": 265.2972922631515,
        "fix_type": 6,
        "hacc_m": 0.014,
        "corrupt": false,
        "position_interpolated": true,
        "captured_at_utc": "2026-06-16T18:39:18.068125+00:00"
      },
      "geometry": {
        "type": "Point",
        "coordinates": [
          -114.00596534132731,
          46.67502096605174
        ]
      }
    },
    {
      "type": "Feature",
      "properties": {
        "file": "leg03_m007_b265_2026-06-16T12-39-19.jpg",
        "leg": "leg03",
        "mark_index": 7,
        "along_track_m": 7.0,
        "achieved_heading": 262.2461144252491,
        "target_bearing": 265.2972922631515,
        "fix_type": 6,
        "hacc_m": 0.014,
        "corrupt": false,
        "position_interpolated": true,
        "captured_at_utc": "2026-06-16T18:39:19.113815+00:00"
      },
      "geometry": {
        "type": "Point",
        "coordinates": [
          -114.00597862106238,
          46.67502012145674
        ]
      }
    },
    {
      "type": "Feature",
      "properties": {
        "file": "leg03_m008_b265_2026-06-16T12-39-20.jpg",
        "leg": "leg03",
        "mark_index": 8,
        "along_track_m": 8.0,
        "achieved_heading": 261.7683780357393,
        "target_bearing": 265.2972922631515,
        "fix_type": 6,
        "hacc_m": 0.014,
        "corrupt": false,
        "position_interpolated": true,
        "captured_at_utc": "2026-06-16T18:39:20.090449+00:00"
      },
      "geometry": {
        "type": "Point",
        "coordinates": [
          -114.00599129915436,
          46.67501912310945
        ]
      }
    },
    {
      "type": "Feature",
      "properties": {
        "file": "leg03_m009_b265_2026-06-16T12-39-21.jpg",
        "leg": "leg03",
        "mark_index": 9,
        "along_track_m": 9.0,
        "achieved_heading": 262.6011932301999,
        "target_bearing": 265.2972922631515,
        "fix_type": 6,
        "hacc_m": 0.014,
        "corrupt": false,
        "position_interpolated": true,
        "captured_at_utc": "2026-06-16T18:39:21.140663+00:00"
      },
      "geometry": {
        "type": "Point",
        "coordinates": [
          -114.0060049,
          46.675017999999994
        ]
      }
    },
    {
      "type": "Feature",
      "properties": {
        "file": "leg03_m010_b265_2026-06-16T12-39-22.jpg",
        "leg": "leg03",
        "mark_index": 10,
        "along_track_m": 10.0,
        "achieved_heading": 264.4956852638286,
        "target_bearing": 265.2972922631515,
        "fix_type": 6,
        "hacc_m": 0.014,
        "corrupt": false,
        "position_interpolated": true,
        "captured_at_utc": "2026-06-16T18:39:22.197195+00:00"
      },
      "geometry": {
        "type": "Point",
        "coordinates": [
          -114.0060175,
          46.6750173
        ]
      }
    },
    {
      "type": "Feature",
      "properties": {
        "file": "leg03_m011_b265_2026-06-16T12-39-23.jpg",
        "leg": "leg03",
        "mark_index": 11,
        "along_track_m": 11.0,
        "achieved_heading": 264.1442930699032,
        "target_bearing": 265.2972922631515,
        "fix_type": 6,
        "hacc_m": 0.014,
        "corrupt": false,
        "position_interpolated": true,
        "captured_at_utc": "2026-06-16T18:39:23.104928+00:00"
      },
      "geometry": {
        "type": "Point",
        "coordinates": [
          -114.00603037992673,
          46.6750167
        ]
      }
    },
    {
      "type": "Feature",
      "properties": {
        "file": "leg03_m012_b265_2026-06-16T12-39-24.jpg",
        "leg": "leg03",
        "mark_index": 12,
        "along_track_m": 12.0,
        "achieved_heading": 264.6370423550651,
        "target_bearing": 265.2972922631515,
        "fix_type": 6,
        "hacc_m": 0.014,
        "corrupt": false,
        "position_interpolated": true,
        "captured_at_utc": "2026-06-16T18:39:24.151691+00:00"
      },
      "geometry": {
        "type": "Point",
        "coordinates": [
          -114.00604399999999,
          46.675016
        ]
      }
    },
    {
      "type": "Feature",
      "properties": {
        "file": "leg03_m013_b265_2026-06-16T12-39-25.jpg",
        "leg": "leg03",
        "mark_index": 13,
        "along_track_m": 13.0,
        "achieved_heading": 263.955519994494,
        "target_bearing": 265.2972922631515,
        "fix_type": 6,
        "hacc_m": 0.014,
        "corrupt": false,
        "position_interpolated": true,
        "captured_at_utc": "2026-06-16T18:39:25.060376+00:00"
      },
      "geometry": {
        "type": "Point",
        "coordinates": [
          -114.00605625135817,
          46.6750155
        ]
      }
    },
    {
      "type": "Feature",
      "properties": {
        "file": "leg03_m014_b265_2026-06-16T12-39-26.jpg",
        "leg": "leg03",
        "mark_index": 14,
        "along_track_m": 14.0,
        "achieved_heading": 262.9012422203546,
        "target_bearing": 265.2972922631515,
        "fix_type": 6,
        "hacc_m": 0.014,
        "corrupt": false,
        "position_interpolated": true,
        "captured_at_utc": "2026-06-16T18:39:26.117104+00:00"
      },
      "geometry": {
        "type": "Point",
        "coordinates": [
          -114.00607018187907,
          46.675014999999995
        ]
      }
    },
    {
      "type": "Feature",
      "properties": {
        "file": "leg03_m015_b265_2026-06-16T12-39-27.jpg",
        "leg": "leg03",
        "mark_index": 15,
        "along_track_m": 15.0,
        "achieved_heading": 263.09244635915337,
        "target_bearing": 265.2972922631515,
        "fix_type": 6,
        "hacc_m": 0.014,
        "corrupt": false,
        "position_interpolated": true,
        "captured_at_utc": "2026-06-16T18:39:27.091544+00:00"
      },
      "geometry": {
        "type": "Point",
        "coordinates": [
          -114.00608293919593,
          46.67501432077052
        ]
      }
    },
    {
      "type": "Feature",
      "properties": {
        "file": "leg03_m016_b265_2026-06-16T12-39-28.jpg",
        "leg": "leg03",
        "mark_index": 16,
        "along_track_m": 16.0,
        "achieved_heading": 262.5912267752914,
        "target_bearing": 265.2972922631515,
        "fix_type": 6,
        "hacc_m": 0.014,
        "corrupt": false,
        "position_interpolated": true,
        "captured_at_utc": "2026-06-16T18:39:28.077443+00:00"
      },
      "geometry": {
        "type": "Point",
        "coordinates": [
          -114.00609602329146,
          46.67501345974681
        ]
      }
    },
    {
      "type": "Feature",
      "properties": {
        "file": "leg03_m017_b265_2026-06-16T12-39-29.jpg",
        "leg": "leg03",
        "mark_index": 17,
        "along_track_m": 17.0,
        "achieved_heading": 262.89280320966265,
        "target_bearing": 265.2972922631515,
        "fix_type": 6,
        "hacc_m": 0.014,
        "corrupt": false,
        "position_interpolated": true,
        "captured_at_utc": "2026-06-16T18:39:29.050825+00:00"
      },
      "geometry": {
        "type": "Point",
        "coordinates": [
          -114.00610892884463,
          46.67501258239657
        ]
      }
    },
    {
      "type": "Feature",
      "properties": {
        "file": "leg03_m018_b265_2026-06-16T12-39-30.jpg",
        "leg": "leg03",
        "mark_index": 18,
        "along_track_m": 18.0,
        "achieved_heading": 262.2924119851451,
        "target_bearing": 265.2972922631515,
        "fix_type": 6,
        "hacc_m": 0.014,
        "corrupt": false,
        "position_interpolated": true,
        "captured_at_utc": "2026-06-16T18:39:30.109962+00:00"
      },
      "geometry": {
        "type": "Point",
        "coordinates": [
          -114.00612272462814,
          46.67501201443737
        ]
      }
    },
    {
      "type": "Feature",
      "properties": {
        "file": "leg03_m019_b265_2026-06-16T12-39-31.jpg",
        "leg": "leg03",
        "mark_index": 19,
        "along_track_m": 19.0,
        "achieved_heading": 261.6225964616435,
        "target_bearing": 265.2972922631515,
        "fix_type": 6,
        "hacc_m": 0.014,
        "corrupt": false,
        "position_interpolated": true,
        "captured_at_utc": "2026-06-16T18:39:31.159964+00:00"
      },
      "geometry": {
        "type": "Point",
        "coordinates": [
          -114.0061355,
          46.675010799999995
        ]
      }
    },
    {
      "type": "Feature",
      "properties": {
        "file": "leg03_m020_b265_2026-06-16T12-39-32.jpg",
        "leg": "leg03",
        "mark_index": 20,
        "along_track_m": 20.0,
        "achieved_heading": 263.04392615243324,
        "target_bearing": 265.2972922631515,
        "fix_type": 6,
        "hacc_m": 0.014,
        "corrupt": false,
        "position_interpolated": true,
        "captured_at_utc": "2026-06-16T18:39:32.129468+00:00"
      },
      "geometry": {
        "type": "Point",
        "coordinates": [
          -114.0061481487273,
          46.675010006577075
        ]
      }
    },
    {
      "type": "Feature",
      "properties": {
        "file": "leg03_m021_b265_2026-06-16T12-39-33.jpg",
        "leg": "leg03",
        "mark_index": 21,
        "along_track_m": 21.0,
        "achieved_heading": 263.3819792276164,
        "target_bearing": 265.2972922631515,
        "fix_type": 6,
        "hacc_m": 0.014,
        "corrupt": false,
        "position_interpolated": true,
        "captured_at_utc": "2026-06-16T18:39:33.183368+00:00"
      },
      "geometry": {
        "type": "Point",
        "coordinates": [
          -114.0061616,
          46.6750093
        ]
      }
    },
    {
      "type": "Feature",
      "properties": {
        "file": "leg03_m022_b265_2026-06-16T12-39-34.jpg",
        "leg": "leg03",
        "mark_index": 22,
        "along_track_m": 22.0,
        "achieved_heading": 263.8221847131424,
        "target_bearing": 265.2972922631515,
        "fix_type": 6,
        "hacc_m": 0.014,
        "corrupt": false,
        "position_interpolated": true,
        "captured_at_utc": "2026-06-16T18:39:34.095067+00:00"
      },
      "geometry": {
        "type": "Point",
        "coordinates": [
          -114.0061741171818,
          46.675008560352275
        ]
      }
    },
    {
      "type": "Feature",
      "properties": {
        "file": "leg03_m023_b265_2026-06-16T12-39-35.jpg",
        "leg": "leg03",
        "mark_index": 23,
        "along_track_m": 23.0,
        "achieved_heading": 262.4479777932112,
        "target_bearing": 265.2972922631515,
        "fix_type": 6,
        "hacc_m": 0.014,
        "corrupt": false,
        "position_interpolated": true,
        "captured_at_utc": "2026-06-16T18:39:35.143196+00:00"
      },
      "geometry": {
        "type": "Point",
        "coordinates": [
          -114.0061879,
          46.675007799999996
        ]
      }
    },
    {
      "type": "Feature",
      "properties": {
        "file": "leg03_m024_b265_2026-06-16T12-39-36.jpg",
        "leg": "leg03",
        "mark_index": 24,
        "along_track_m": 24.0,
        "achieved_heading": 263.2514153889015,
        "target_bearing": 265.2972922631515,
        "fix_type": 6,
        "hacc_m": 0.014,
        "corrupt": false,
        "position_interpolated": true,
        "captured_at_utc": "2026-06-16T18:39:36.130841+00:00"
      },
      "geometry": {
        "type": "Point",
        "coordinates": [
          -114.00620089315697,
          46.67500681643739
        ]
      }
    },
    {
      "type": "Feature",
      "properties": {
        "file": "leg03_m025_b265_2026-06-16T12-39-37.jpg",
        "leg": "leg03",
        "mark_index": 25,
        "along_track_m": 25.0,
        "achieved_heading": 264.84055102380097,
        "target_bearing": 265.2972922631515,
        "fix_type": 6,
        "hacc_m": 0.014,
        "corrupt": false,
        "position_interpolated": true,
        "captured_at_utc": "2026-06-16T18:39:37.048047+00:00"
      },
      "geometry": {
        "type": "Point",
        "coordinates": [
          -114.00621318873144,
          46.67500592822329
        ]
      }
    },
    {
      "type": "Feature",
      "properties": {
        "file": "leg03_m026_b265_2026-06-16T12-39-38.jpg",
        "leg": "leg03",
        "mark_index": 26,
        "along_track_m": 26.0,
        "achieved_heading": 265.37787409306145,
        "target_bearing": 265.2972922631515,
        "fix_type": 6,
        "hacc_m": 0.014,
        "corrupt": false,
        "position_interpolated": true,
        "captured_at_utc": "2026-06-16T18:39:38.087271+00:00"
      },
      "geometry": {
        "type": "Point",
        "coordinates": [
          -114.00622693691795,
          46.67500545100631
        ]
      }
    },
    {
      "type": "Feature",
      "properties": {
        "file": "leg03_m027_b265_2026-06-16T12-39-39.jpg",
        "leg": "leg03",
        "mark_index": 27,
        "along_track_m": 27.0,
        "achieved_heading": 264.6134601041101,
        "target_bearing": 265.2972922631515,
        "fix_type": 6,
        "hacc_m": 0.014,
        "corrupt": false,
        "position_interpolated": true,
        "captured_at_utc": "2026-06-16T18:39:39.080282+00:00"
      },
      "geometry": {
        "type": "Point",
        "coordinates": [
          -114.00624015898428,
          46.67500495489005
        ]
      }
    },
    {
      "type": "Feature",
      "properties": {
        "file": "leg03_m028_b265_2026-06-16T12-39-40.jpg",
        "leg": "leg03",
        "mark_index": 28,
        "along_track_m": 28.0,
        "achieved_heading": 262.815029826002,
        "target_bearing": 265.2972922631515,
        "fix_type": 6,
        "hacc_m": 0.014,
        "corrupt": false,
        "position_interpolated": true,
        "captured_at_utc": "2026-06-16T18:39:40.051598+00:00"
      },
      "geometry": {
        "type": "Point",
        "coordinates": [
          -114.0062529715195,
          46.675004425386724
        ]
      }
    },
    {
      "type": "Feature",
      "properties": {
        "file": "leg03_m029_b265_2026-06-16T12-39-41.jpg",
        "leg": "leg03",
        "mark_index": 29,
        "along_track_m": 29.0,
        "achieved_heading": 260.9399682668853,
        "target_bearing": 265.2972922631515,
        "fix_type": 6,
        "hacc_m": 0.014,
        "corrupt": false,
        "position_interpolated": true,
        "captured_at_utc": "2026-06-16T18:39:41.027925+00:00"
      },
      "geometry": {
        "type": "Point",
        "coordinates": [
          -114.00626582404972,
          46.67500355876349
        ]
      }
    },
    {
      "type": "Feature",
      "properties": {
        "file": "leg03_m030_b265_2026-06-16T12-39-42.jpg",
        "leg": "leg03",
        "mark_index": 30,
        "along_track_m": 30.0,
        "achieved_heading": 263.6167456993831,
        "target_bearing": 265.2972922631515,
        "fix_type": 6,
        "hacc_m": 0.014,
        "corrupt": false,
        "position_interpolated": true,
        "captured_at_utc": "2026-06-16T18:39:42.085428+00:00"
      },
      "geometry": {
        "type": "Point",
        "coordinates": [
          -114.00627959474038,
          46.67500265224145
        ]
      }
    },
    {
      "type": "Feature",
      "properties": {
        "file": "leg03_m031_b265_2026-06-16T12-39-43.jpg",
        "leg": "leg03",
        "mark_index": 31,
        "along_track_m": 31.0,
        "achieved_heading": 263.4809029616278,
        "target_bearing": 265.2972922631515,
        "fix_type": 6,
        "hacc_m": 0.014,
        "corrupt": false,
        "position_interpolated": true,
        "captured_at_utc": "2026-06-16T18:39:43.058732+00:00"
      },
      "geometry": {
        "type": "Point",
        "coordinates": [
          -114.00629237600377,
          46.67500193657129
        ]
      }
    },
    {
      "type": "Feature",
      "properties": {
        "file": "leg03_m032_b265_2026-06-16T12-39-44.jpg",
        "leg": "leg03",
        "mark_index": 32,
        "along_track_m": 32.0,
        "achieved_heading": 263.72617933626077,
        "target_bearing": 265.2972922631515,
        "fix_type": 6,
        "hacc_m": 0.014,
        "corrupt": false,
        "position_interpolated": true,
        "captured_at_utc": "2026-06-16T18:39:44.048003+00:00"
      },
      "geometry": {
        "type": "Point",
        "coordinates": [
          -114.006304,
          46.6750012
        ]
      }
    },
    {
      "type": "Feature",
      "properties": {
        "file": "leg03_m033_b265_2026-06-16T12-39-44.jpg",
        "leg": "leg03",
        "mark_index": 33,
        "along_track_m": 33.0,
        "achieved_heading": 262.8466974891298,
        "target_bearing": 265.2972922631515,
        "fix_type": 6,
        "hacc_m": 0.014,
        "corrupt": false,
        "position_interpolated": true,
        "captured_at_utc": "2026-06-16T18:39:44.951416+00:00"
      },
      "geometry": {
        "type": "Point",
        "coordinates": [
          -114.00631709999999,
          46.6750003
        ]
      }
    },
    {
      "type": "Feature",
      "properties": {
        "file": "leg03_m034_b265_2026-06-16T12-39-46.jpg",
        "leg": "leg03",
        "mark_index": 34,
        "along_track_m": 34.0,
        "achieved_heading": 263.9308949534275,
        "target_bearing": 265.2972922631515,
        "fix_type": 6,
        "hacc_m": 0.014,
        "corrupt": false,
        "position_interpolated": true,
        "captured_at_utc": "2026-06-16T18:39:45.996879+00:00"
      },
      "geometry": {
        "type": "Point",
        "coordinates": [
          -114.0063303,
          46.6749996
        ]
      }
    },
    {
      "type": "Feature",
      "properties": {
        "file": "leg03_m035_b265_2026-06-16T12-39-47.jpg",
        "leg": "leg03",
        "mark_index": 35,
        "along_track_m": 35.0,
        "achieved_heading": 263.7044752730081,
        "target_bearing": 265.2972922631515,
        "fix_type": 6,
        "hacc_m": 0.014,
        "corrupt": false,
        "position_interpolated": true,
        "captured_at_utc": "2026-06-16T18:39:46.978880+00:00"
      },
      "geometry": {
        "type": "Point",
        "coordinates": [
          -114.0063436,
          46.674999
        ]
      }
    },
    {
      "type": "Feature",
      "properties": {
        "file": "leg03_m036_b265_2026-06-16T12-39-47.jpg",
        "leg": "leg03",
        "mark_index": 36,
        "along_track_m": 36.0,
        "achieved_heading": 263.08979866920635,
        "target_bearing": 265.2972922631515,
        "fix_type": 6,
        "hacc_m": 0.014,
        "corrupt": false,
        "position_interpolated": true,
        "captured_at_utc": "2026-06-16T18:39:47.954746+00:00"
      },
      "geometry": {
        "type": "Point",
        "coordinates": [
          -114.00635679999999,
          46.6749982
        ]
      }
    },
    {
      "type": "Feature",
      "properties": {
        "file": "leg03_m037_b265_2026-06-16T12-39-49.jpg",
        "leg": "leg03",
        "mark_index": 37,
        "along_track_m": 37.0,
        "achieved_heading": 262.6076859924276,
        "target_bearing": 265.2972922631515,
        "fix_type": 6,
        "hacc_m": 0.014,
        "corrupt": false,
        "position_interpolated": true,
        "captured_at_utc": "2026-06-16T18:39:48.941288+00:00"
      },
      "geometry": {
        "type": "Point",
        "coordinates": [
          -114.00637019999999,
          46.674997399999995
        ]
      }
    },
    {
      "type": "Feature",
      "properties": {
        "file": "leg03_m038_b265_2026-06-16T12-39-50.jpg",
        "leg": "leg03",
        "mark_index": 38,
        "along_track_m": 38.0,
        "achieved_heading": 263.9437176674578,
        "target_bearing": 265.2972922631515,
        "fix_type": 6,
        "hacc_m": 0.014,
        "corrupt": false,
        "position_interpolated": true,
        "captured_at_utc": "2026-06-16T18:39:49.991108+00:00"
      },
      "geometry": {
        "type": "Point",
        "coordinates": [
          -114.0063831,
          46.6749964
        ]
      }
    },
    {
      "type": "Feature",
      "properties": {
        "file": "leg03_m039_b265_2026-06-16T12-39-51.jpg",
        "leg": "leg03",
        "mark_index": 39,
        "along_track_m": 39.0,
        "achieved_heading": 264.2927168850267,
        "target_bearing": 265.2972922631515,
        "fix_type": 6,
        "hacc_m": 0.014,
        "corrupt": false,
        "position_interpolated": true,
        "captured_at_utc": "2026-06-16T18:39:50.975660+00:00"
      },
      "geometry": {
        "type": "Point",
        "coordinates": [
          -114.00639609999999,
          46.674995599999995
        ]
      }
    },
    {
      "type": "Feature",
      "properties": {
        "file": "leg03_m040_b265_2026-06-16T12-39-51.jpg",
        "leg": "leg03",
        "mark_index": 40,
        "along_track_m": 40.0,
        "achieved_heading": 265.49918097981,
        "target_bearing": 265.2972922631515,
        "fix_type": 6,
        "hacc_m": 0.014,
        "corrupt": false,
        "position_interpolated": true,
        "captured_at_utc": "2026-06-16T18:39:51.885718+00:00"
      },
      "geometry": {
        "type": "Point",
        "coordinates": [
          -114.0064088310468,
          46.67499472188281
        ]
      }
    },
    {
      "type": "Feature",
      "properties": {
        "file": "leg03_m041_b265_2026-06-16T12-39-52.jpg",
        "leg": "leg03",
        "mark_index": 41,
        "along_track_m": 41.0,
        "achieved_heading": 265.0176596749715,
        "target_bearing": 265.2972922631515,
        "fix_type": 6,
        "hacc_m": 0.014,
        "corrupt": false,
        "position_interpolated": true,
        "captured_at_utc": "2026-06-16T18:39:52.931321+00:00"
      },
      "geometry": {
        "type": "Point",
        "coordinates": [
          -114.0064225,
          46.674994399999996
        ]
      }
    },
    {
      "type": "Feature",
      "properties": {
        "file": "leg03_m042_b265_2026-06-16T12-39-53.jpg",
        "leg": "leg03",
        "mark_index": 42,
        "along_track_m": 42.0,
        "achieved_heading": 263.5003279170571,
        "target_bearing": 265.2972922631515,
        "fix_type": 6,
        "hacc_m": 0.014,
        "corrupt": false,
        "position_interpolated": true,
        "captured_at_utc": "2026-06-16T18:39:53.906532+00:00"
      },
      "geometry": {
        "type": "Point",
        "coordinates": [
          -114.00643553960585,
          46.67499370964422
        ]
      }
    },
    {
      "type": "Feature",
      "properties": {
        "file": "leg03_m043_b265_2026-06-16T12-39-55.jpg",
        "leg": "leg03",
        "mark_index": 43,
        "along_track_m": 43.0,
        "achieved_heading": 263.42504345078646,
        "target_bearing": 265.2972922631515,
        "fix_type": 6,
        "hacc_m": 0.014,
        "corrupt": false,
        "position_interpolated": true,
        "captured_at_utc": "2026-06-16T18:39:54.962587+00:00"
      },
      "geometry": {
        "type": "Point",
        "coordinates": [
          -114.00644919999999,
          46.674993
        ]
      }
    },
    {
      "type": "Feature",
      "properties": {
        "file": "leg03_m044_b265_2026-06-16T12-39-56.jpg",
        "leg": "leg03",
        "mark_index": 44,
        "along_track_m": 44.0,
        "achieved_heading": 264.0312932926565,
        "target_bearing": 265.2972922631515,
        "fix_type": 6,
        "hacc_m": 0.014,
        "corrupt": false,
        "position_interpolated": true,
        "captured_at_utc": "2026-06-16T18:39:55.947445+00:00"
      },
      "geometry": {
        "type": "Point",
        "coordinates": [
          -114.0064623,
          46.6749922
        ]
      }
    },
    {
      "type": "Feature",
      "properties": {
        "file": "leg03_m045_b265_2026-06-16T12-39-57.jpg",
        "leg": "leg03",
        "mark_index": 45,
        "along_track_m": 45.0,
        "achieved_heading": 264.7947050473861,
        "target_bearing": 265.2972922631515,
        "fix_type": 6,
        "hacc_m": 0.014,
        "corrupt": false,
        "position_interpolated": true,
        "captured_at_utc": "2026-06-16T18:39:56.929240+00:00"
      },
      "geometry": {
        "type": "Point",
        "coordinates": [
          -114.00647574330648,
          46.67499150209976
        ]
      }
    },
    {
      "type": "Feature",
      "properties": {
        "file": "leg03_m046_b265_2026-06-16T12-39-58.jpg",
        "leg": "leg03",
        "mark_index": 46,
        "along_track_m": 46.0,
        "achieved_heading": 264.9144929103953,
        "target_bearing": 265.2972922631515,
        "fix_type": 6,
        "hacc_m": 0.014,
        "corrupt": false,
        "position_interpolated": true,
        "captured_at_utc": "2026-06-16T18:39:57.905885+00:00"
      },
      "geometry": {
        "type": "Point",
        "coordinates": [
          -114.00648872509493,
          46.67499091145437
        ]
      }
    },
    {
      "type": "Feature",
      "properties": {
        "file": "leg03_m047_b265_2026-06-16T12-39-59.jpg",
        "leg": "leg03",
        "mark_index": 47,
        "along_track_m": 47.0,
        "achieved_heading": 264.13777603186196,
        "target_bearing": 265.2972922631515,
        "fix_type": 6,
        "hacc_m": 0.014,
        "corrupt": false,
        "position_interpolated": true,
        "captured_at_utc": "2026-06-16T18:39:58.882022+00:00"
      },
      "geometry": {
        "type": "Point",
        "coordinates": [
          -114.00650158802257,
          46.67499012353759
        ]
      }
    },
    {
      "type": "Feature",
      "properties": {
        "file": "leg03_m048_b265_2026-06-16T12-39-59.jpg",
        "leg": "leg03",
        "mark_index": 48,
        "along_track_m": 48.0,
        "achieved_heading": 264.05406759825394,
        "target_bearing": 265.2972922631515,
        "fix_type": 6,
        "hacc_m": 0.014,
        "corrupt": false,
        "position_interpolated": true,
        "captured_at_utc": "2026-06-16T18:39:59.870719+00:00"
      },
      "geometry": {
        "type": "Point",
        "coordinates": [
          -114.00651448840533,
          46.674989260118124
        ]
      }
    },
    {
      "type": "Feature",
      "properties": {
        "file": "leg03_m049_b265_2026-06-16T12-40-00.jpg",
        "leg": "leg03",
        "mark_index": 49,
        "along_track_m": 49.0,
        "achieved_heading": 264.38339628467645,
        "target_bearing": 265.2972922631515,
        "fix_type": 6,
        "hacc_m": 0.014,
        "corrupt": false,
        "position_interpolated": true,
        "captured_at_utc": "2026-06-16T18:40:00.769606+00:00"
      },
      "geometry": {
        "type": "Point",
        "coordinates": [
          -114.0065259,
          46.6749885
        ]
      }
    },
    {
      "type": "Feature",
      "properties": {
        "file": "leg03_m050_b265_2026-06-16T12-40-01.jpg",
        "leg": "leg03",
        "mark_index": 50,
        "along_track_m": 50.0,
        "achieved_heading": 265.27640350195566,
        "target_bearing": 265.2972922631515,
        "fix_type": 6,
        "hacc_m": 0.014,
        "corrupt": false,
        "position_interpolated": true,
        "captured_at_utc": "2026-06-16T18:40:01.833832+00:00"
      },
      "geometry": {
        "type": "Point",
        "coordinates": [
          -114.00654013669869,
          46.674987648588505
        ]
      }
    },
    {
      "type": "Feature",
      "properties": {
        "file": "leg03_m051_b265_2026-06-16T12-40-03.jpg",
        "leg": "leg03",
        "mark_index": 51,
        "along_track_m": 51.0,
        "achieved_heading": 266.7446661581786,
        "target_bearing": 265.2972922631515,
        "fix_type": 6,
        "hacc_m": 0.014,
        "corrupt": false,
        "position_interpolated": true,
        "captured_at_utc": "2026-06-16T18:40:02.884252+00:00"
      },
      "geometry": {
        "type": "Point",
        "coordinates": [
          -114.00655364642934,
          46.67498675446422
        ]
      }
    },
    {
      "type": "Feature",
      "properties": {
        "file": "leg03_m052_b265_2026-06-16T12-40-03.jpg",
        "leg": "leg03",
        "mark_index": 52,
        "along_track_m": 52.0,
        "achieved_heading": 267.13685192839426,
        "target_bearing": 265.2972922631515,
        "fix_type": 6,
        "hacc_m": 0.014,
        "corrupt": false,
        "position_interpolated": true,
        "captured_at_utc": "2026-06-16T18:40:03.784705+00:00"
      },
      "geometry": {
        "type": "Point",
        "coordinates": [
          -114.00656564470887,
          46.67498642864264
        ]
      }
    },
    {
      "type": "Feature",
      "properties": {
        "file": "leg03_m053_b265_2026-06-16T12-40-05.jpg",
        "leg": "leg03",
        "mark_index": 53,
        "along_track_m": 53.0,
        "achieved_heading": 264.74492790686395,
        "target_bearing": 265.2972922631515,
        "fix_type": 6,
        "hacc_m": 0.014,
        "corrupt": false,
        "position_interpolated": true,
        "captured_at_utc": "2026-06-16T18:40:04.906691+00:00"
      },
      "geometry": {
        "type": "Point",
        "coordinates": [
          -114.00658028578647,
          46.67498601256854
        ]
      }
    },
    {
      "type": "Feature",
      "properties": {
        "file": "leg03_m054_b265_2026-06-16T12-40-05.jpg",
        "leg": "leg03",
        "mark_index": 54,
        "along_track_m": 54.0,
        "achieved_heading": 264.64772209561477,
        "target_bearing": 265.2972922631515,
        "fix_type": 6,
        "hacc_m": 0.014,
        "corrupt": false,
        "position_interpolated": true,
        "captured_at_utc": "2026-06-16T18:40:05.820099+00:00"
      },
      "geometry": {
        "type": "Point",
        "coordinates": [
          -114.0065913,
          46.6749854
        ]
      }
    },
    {
      "type": "Feature",
      "properties": {
        "file": "leg03_m055_b265_2026-06-16T12-40-06.jpg",
        "leg": "leg03",
        "mark_index": 55,
        "along_track_m": 55.0,
        "achieved_heading": 264.53887162064075,
        "target_bearing": 265.2972922631515,
        "fix_type": 6,
        "hacc_m": 0.014,
        "corrupt": false,
        "position_interpolated": true,
        "captured_at_utc": "2026-06-16T18:40:06.736657+00:00"
      },
      "geometry": {
        "type": "Point",
        "coordinates": [
          -114.00660429999999,
          46.6749845
        ]
      }
    },
    {
      "type": "Feature",
      "properties": {
        "file": "leg03_m056_b265_2026-06-16T12-40-07.jpg",
        "leg": "leg03",
        "mark_index": 56,
        "along_track_m": 56.0,
        "achieved_heading": 264.9465818377049,
        "target_bearing": 265.2972922631515,
        "fix_type": 6,
        "hacc_m": 0.014,
        "corrupt": false,
        "position_interpolated": true,
        "captured_at_utc": "2026-06-16T18:40:07.700316+00:00"
      },
      "geometry": {
        "type": "Point",
        "coordinates": [
          -114.00661721530304,
          46.67498382959207
        ]
      }
    },
    {
      "type": "Feature",
      "properties": {
        "file": "leg03_m057_b265_2026-06-16T12-40-08.jpg",
        "leg": "leg03",
        "mark_index": 57,
        "along_track_m": 57.0,
        "achieved_heading": 265.3244029343926,
        "target_bearing": 265.2972922631515,
        "fix_type": 6,
        "hacc_m": 0.014,
        "corrupt": false,
        "position_interpolated": true,
        "captured_at_utc": "2026-06-16T18:40:08.753012+00:00"
      },
      "geometry": {
        "type": "Point",
        "coordinates": [
          -114.0066308,
          46.6749832
        ]
      }
    },
    {
      "type": "Feature",
      "properties": {
        "file": "leg03_m058_b265_2026-06-16T12-40-09.jpg",
        "leg": "leg03",
        "mark_index": 58,
        "along_track_m": 58.0,
        "achieved_heading": 264.090613509441,
        "target_bearing": 265.2972922631515,
        "fix_type": 6,
        "hacc_m": 0.014,
        "corrupt": false,
        "position_interpolated": true,
        "captured_at_utc": "2026-06-16T18:40:09.736021+00:00"
      },
      "geometry": {
        "type": "Point",
        "coordinates": [
          -114.006644,
          46.674982199999995
        ]
      }
    },
    {
      "type": "Feature",
      "properties": {
        "file": "leg03_m059_b265_2026-06-16T12-40-10.jpg",
        "leg": "leg03",
        "mark_index": 59,
        "along_track_m": 59.0,
        "achieved_heading": 263.39972203265165,
        "target_bearing": 265.2972922631515,
        "fix_type": 6,
        "hacc_m": 0.014,
        "corrupt": false,
        "position_interpolated": true,
        "captured_at_utc": "2026-06-16T18:40:10.717750+00:00"
      },
      "geometry": {
        "type": "Point",
        "coordinates": [
          -114.00665681335444,
          46.674981522049656
        ]
      }
    },
    {
      "type": "Feature",
      "properties": {
        "file": "leg03_m060_b265_2026-06-16T12-40-11.jpg",
        "leg": "leg03",
        "mark_index": 60,
        "along_track_m": 60.0,
        "achieved_heading": 264.39040189576616,
        "target_bearing": 265.2972922631515,
        "fix_type": 6,
        "hacc_m": 0.014,
        "corrupt": false,
        "position_interpolated": true,
        "captured_at_utc": "2026-06-16T18:40:11.824406+00:00"
      },
      "geometry": {
        "type": "Point",
        "coordinates": [
          -114.0066705,
          46.6749806
        ]
      }
    },
    {
      "type": "Feature",
      "properties": {
        "file": "leg03_m061_b265_2026-06-16T12-40-12.jpg",
        "leg": "leg03",
        "mark_index": 61,
        "along_track_m": 61.0,
        "achieved_heading": 264.58584483481786,
        "target_bearing": 265.2972922631515,
        "fix_type": 6,
        "hacc_m": 0.014,
        "corrupt": false,
        "position_interpolated": true,
        "captured_at_utc": "2026-06-16T18:40:12.822208+00:00"
      },
      "geometry": {
        "type": "Point",
        "coordinates": [
          -114.0066835,
          46.674979799999996
        ]
      }
    },
    {
      "type": "Feature",
      "properties": {
        "file": "leg03_m062_b265_2026-06-16T12-40-13.jpg",
        "leg": "leg03",
        "mark_index": 62,
        "along_track_m": 62.0,
        "achieved_heading": 264.559265671602,
        "target_bearing": 265.2972922631515,
        "fix_type": 6,
        "hacc_m": 0.014,
        "corrupt": false,
        "position_interpolated": true,
        "captured_at_utc": "2026-06-16T18:40:13.801940+00:00"
      },
      "geometry": {
        "type": "Point",
        "coordinates": [
          -114.00669669999999,
          46.674979099999995
        ]
      }
    },
    {
      "type": "Feature",
      "properties": {
        "file": "leg03_m063_b265_2026-06-16T12-40-14.jpg",
        "leg": "leg03",
        "mark_index": 63,
        "along_track_m": 63.0,
        "achieved_heading": 265.45490108881916,
        "target_bearing": 265.2972922631515,
        "fix_type": 6,
        "hacc_m": 0.014,
        "corrupt": false,
        "position_interpolated": true,
        "captured_at_utc": "2026-06-16T18:40:14.780952+00:00"
      },
      "geometry": {
        "type": "Point",
        "coordinates": [
          -114.0067098,
          46.6749784
        ]
      }
    },
    {
      "type": "Feature",
      "properties": {
        "file": "leg03_m064_b265_2026-06-16T12-40-15.jpg",
        "leg": "leg03",
        "mark_index": 64,
        "along_track_m": 64.0,
        "achieved_heading": 265.8452156737741,
        "target_bearing": 265.2972922631515,
        "fix_type": 6,
        "hacc_m": 0.014,
        "corrupt": false,
        "position_interpolated": true,
        "captured_at_utc": "2026-06-16T18:40:15.691479+00:00"
      },
      "geometry": {
        "type": "Point",
        "coordinates": [
          -114.00672261827286,
          46.67497778073091
        ]
      }
    },
    {
      "type": "Feature",
      "properties": {
        "file": "leg03_m065_b265_2026-06-16T12-40-16.jpg",
        "leg": "leg03",
        "mark_index": 65,
        "along_track_m": 65.0,
        "achieved_heading": 265.5733118051537,
        "target_bearing": 265.2972922631515,
        "fix_type": 6,
        "hacc_m": 0.014,
        "corrupt": false,
        "position_interpolated": true,
        "captured_at_utc": "2026-06-16T18:40:16.669699+00:00"
      },
      "geometry": {
        "type": "Point",
        "coordinates": [
          -114.00673513865543,
          46.6749771
        ]
      }
    },
    {
      "type": "Feature",
      "properties": {
        "file": "leg03_m066_b265_2026-06-16T12-40-17.jpg",
        "leg": "leg03",
        "mark_index": 66,
        "along_track_m": 66.0,
        "achieved_heading": 266.18538726252086,
        "target_bearing": 265.2972922631515,
        "fix_type": 6,
        "hacc_m": 0.014,
        "corrupt": false,
        "position_interpolated": true,
        "captured_at_utc": "2026-06-16T18:40:17.718243+00:00"
      },
      "geometry": {
        "type": "Point",
        "coordinates": [
          -114.00674894866529,
          46.67497640560499
        ]
      }
    },
    {
      "type": "Feature",
      "properties": {
        "file": "leg03_m067_b265_2026-06-16T12-40-18.jpg",
        "leg": "leg03",
        "mark_index": 67,
        "along_track_m": 67.0,
        "achieved_heading": 265.1593765283373,
        "target_bearing": 265.2972922631515,
        "fix_type": 6,
        "hacc_m": 0.014,
        "corrupt": false,
        "position_interpolated": true,
        "captured_at_utc": "2026-06-16T18:40:18.703245+00:00"
      },
      "geometry": {
        "type": "Point",
        "coordinates": [
          -114.00676182619688,
          46.6749758
        ]
      }
    },
    {
      "type": "Feature",
      "properties": {
        "file": "leg03_m068_b265_2026-06-16T12-40-19.jpg",
        "leg": "leg03",
        "mark_index": 68,
        "along_track_m": 68.0,
        "achieved_heading": 264.5024873354283,
        "target_bearing": 265.2972922631515,
        "fix_type": 6,
        "hacc_m": 0.014,
        "corrupt": false,
        "position_interpolated": true,
        "captured_at_utc": "2026-06-16T18:40:19.685198+00:00"
      },
      "geometry": {
        "type": "Point",
        "coordinates": [
          -114.00677461202,
          46.67497512261461
        ]
      }
    },
    {
      "type": "Feature",
      "properties": {
        "file": "leg03_m069_b265_2026-06-16T12-40-20.jpg",
        "leg": "leg03",
        "mark_index": 69,
        "along_track_m": 69.0,
        "achieved_heading": 265.13781994885807,
        "target_bearing": 265.2972922631515,
        "fix_type": 6,
        "hacc_m": 0.014,
        "corrupt": false,
        "position_interpolated": true,
        "captured_at_utc": "2026-06-16T18:40:20.661375+00:00"
      },
      "geometry": {
        "type": "Point",
        "coordinates": [
          -114.00678725566083,
          46.67497433632073
        ]
      }
    },
    {
      "type": "Feature",
      "properties": {
        "file": "leg03_m070_b265_2026-06-16T12-40-21.jpg",
        "leg": "leg03",
        "mark_index": 70,
        "along_track_m": 69.662,
        "achieved_heading": 271.27300476375876,
        "target_bearing": 265.2972922631515,
        "fix_type": 6,
        "hacc_m": 0.014,
        "corrupt": false,
        "position_interpolated": true,
        "captured_at_utc": "2026-06-16T18:40:21.360164+00:00"
      },
      "geometry": {
        "type": "Point",
        "coordinates": [
          -114.0067959,
          46.674974399999996
        ]
      }
    },
    {
      "type": "Feature",
      "properties": {
        "file": "leg04_m000_b355_2026-06-16T12-40-24.jpg",
        "leg": "leg04",
        "mark_index": 0,
        "along_track_m": 0.0,
        "achieved_heading": 354.99921277466694,
        "target_bearing": 355.32619881638425,
        "fix_type": 6,
        "hacc_m": 0.014,
        "corrupt": false,
        "position_interpolated": true,
        "captured_at_utc": "2026-06-16T18:40:24.990876+00:00"
      },
      "geometry": {
        "type": "Point",
        "coordinates": [
          -114.0068031,
          46.6749741
        ]
      }
    },
    {
      "type": "Feature",
      "properties": {
        "file": "leg04_m001_b355_2026-06-16T12-40-26.jpg",
        "leg": "leg04",
        "mark_index": 1,
        "along_track_m": 1.0,
        "achieved_heading": 352.64544485649003,
        "target_bearing": 355.32619881638425,
        "fix_type": 6,
        "hacc_m": 0.014,
        "corrupt": false,
        "position_interpolated": true,
        "captured_at_utc": "2026-06-16T18:40:26.537976+00:00"
      },
      "geometry": {
        "type": "Point",
        "coordinates": [
          -114.0068055945438,
          46.67498357817525
        ]
      }
    },
    {
      "type": "Feature",
      "properties": {
        "file": "leg04_m002_b355_2026-06-16T12-40-27.jpg",
        "leg": "leg04",
        "mark_index": 2,
        "along_track_m": 2.0,
        "achieved_heading": 359.5205373276033,
        "target_bearing": 355.32619881638425,
        "fix_type": 6,
        "hacc_m": 0.014,
        "corrupt": false,
        "position_interpolated": true,
        "captured_at_utc": "2026-06-16T18:40:27.741270+00:00"
      },
      "geometry": {
        "type": "Point",
        "coordinates": [
          -114.0068079,
          46.674994
        ]
      }
    },
    {
      "type": "Feature",
      "properties": {
        "file": "leg04_m003_b355_2026-06-16T12-40-28.jpg",
        "leg": "leg04",
        "mark_index": 3,
        "along_track_m": 3.0,
        "achieved_heading": 7.770843098589577,
        "target_bearing": 355.32619881638425,
        "fix_type": 6,
        "hacc_m": 0.014,
        "corrupt": false,
        "position_interpolated": true,
        "captured_at_utc": "2026-06-16T18:40:28.720011+00:00"
      },
      "geometry": {
        "type": "Point",
        "coordinates": [
          -114.00680750643639,
          46.67500287770857
        ]
      }
    },
    {
      "type": "Feature",
      "properties": {
        "file": "leg04_m004_b355_2026-06-16T12-40-29.jpg",
        "leg": "leg04",
        "mark_index": 4,
        "along_track_m": 4.0,
        "achieved_heading": 12.104294790502532,
        "target_bearing": 355.32619881638425,
        "fix_type": 6,
        "hacc_m": 0.014,
        "corrupt": false,
        "position_interpolated": true,
        "captured_at_utc": "2026-06-16T18:40:29.762414+00:00"
      },
      "geometry": {
        "type": "Point",
        "coordinates": [
          -114.0068062,
          46.6750116
        ]
      }
    },
    {
      "type": "Feature",
      "properties": {
        "file": "leg04_m005_b355_2026-06-16T12-40-30.jpg",
        "leg": "leg04",
        "mark_index": 5,
        "along_track_m": 4.884,
        "achieved_heading": 16.15711175436041,
        "target_bearing": 355.32619881638425,
        "fix_type": 6,
        "hacc_m": 0.014,
        "corrupt": false,
        "position_interpolated": true,
        "captured_at_utc": "2026-06-16T18:40:30.604083+00:00"
      },
      "geometry": {
        "type": "Point",
        "coordinates": [
          -114.0068044,
          46.6750185
        ]
      }
    },
    {
      "type": "Feature",
      "properties": {
        "file": "leg05_m000_b085_2026-06-16T12-40-33.jpg",
        "leg": "leg05",
        "mark_index": 0,
        "along_track_m": 0.0,
        "achieved_heading": 82.58262995817532,
        "target_bearing": 85.29662519035821,
        "fix_type": 6,
        "hacc_m": 0.014,
        "corrupt": false,
        "position_interpolated": true,
        "captured_at_utc": "2026-06-16T18:40:33.818201+00:00"
      },
      "geometry": {
        "type": "Point",
        "coordinates": [
          -114.00680419999999,
          46.6750239
        ]
      }
    },
    {
      "type": "Feature",
      "properties": {
        "file": "leg05_m001_b085_2026-06-16T12-40-35.jpg",
        "leg": "leg05",
        "mark_index": 1,
        "along_track_m": 1.0,
        "achieved_heading": 80.30569568032543,
        "target_bearing": 85.29662519035821,
        "fix_type": 6,
        "hacc_m": 0.014,
        "corrupt": false,
        "position_interpolated": true,
        "captured_at_utc": "2026-06-16T18:40:35.573801+00:00"
      },
      "geometry": {
        "type": "Point",
        "coordinates": [
          -114.0067892,
          46.6750263
        ]
      }
    },
    {
      "type": "Feature",
      "properties": {
        "file": "leg05_m002_b085_2026-06-16T12-40-36.jpg",
        "leg": "leg05",
        "mark_index": 2,
        "along_track_m": 2.0,
        "achieved_heading": 88.34079850346058,
        "target_bearing": 85.29662519035821,
        "fix_type": 6,
        "hacc_m": 0.014,
        "corrupt": false,
        "position_interpolated": true,
        "captured_at_utc": "2026-06-16T18:40:36.561728+00:00"
      },
      "geometry": {
        "type": "Point",
        "coordinates": [
          -114.0067773,
          46.675027799999995
        ]
      }
    },
    {
      "type": "Feature",
      "properties": {
        "file": "leg05_m003_b085_2026-06-16T12-40-37.jpg",
        "leg": "leg05",
        "mark_index": 3,
        "along_track_m": 3.0,
        "achieved_heading": 99.24664906331923,
        "target_bearing": 85.29662519035821,
        "fix_type": 6,
        "hacc_m": 0.014,
        "corrupt": false,
        "position_interpolated": true,
        "captured_at_utc": "2026-06-16T18:40:37.679434+00:00"
      },
      "geometry": {
        "type": "Point",
        "coordinates": [
          -114.00676369700395,
          46.67502737462549
        ]
      }
    },
    {
      "type": "Feature",
      "properties": {
        "file": "leg05_m004_b085_2026-06-16T12-40-38.jpg",
        "leg": "leg05",
        "mark_index": 4,
        "along_track_m": 4.0,
        "achieved_heading": 96.93780103628053,
        "target_bearing": 85.29662519035821,
        "fix_type": 6,
        "hacc_m": 0.014,
        "corrupt": false,
        "position_interpolated": true,
        "captured_at_utc": "2026-06-16T18:40:38.873013+00:00"
      },
      "geometry": {
        "type": "Point",
        "coordinates": [
          -114.00674990329452,
          46.67502617869059
        ]
      }
    },
    {
      "type": "Feature",
      "properties": {
        "file": "leg05_m005_b085_2026-06-16T12-40-40.jpg",
        "leg": "leg05",
        "mark_index": 5,
        "along_track_m": 5.0,
        "achieved_heading": 91.48725353120102,
        "target_bearing": 85.29662519035821,
        "fix_type": 6,
        "hacc_m": 0.014,
        "corrupt": false,
        "position_interpolated": true,
        "captured_at_utc": "2026-06-16T18:40:39.992806+00:00"
      },
      "geometry": {
        "type": "Point",
        "coordinates": [
          -114.0067378,
          46.675025999999995
        ]
      }
    },
    {
      "type": "Feature",
      "properties": {
        "file": "leg05_m006_b085_2026-06-16T12-40-41.jpg",
        "leg": "leg05",
        "mark_index": 6,
        "along_track_m": 6.0,
        "achieved_heading": 87.77330576847328,
        "target_bearing": 85.29662519035821,
        "fix_type": 6,
        "hacc_m": 0.014,
        "corrupt": false,
        "position_interpolated": true,
        "captured_at_utc": "2026-06-16T18:40:41.104848+00:00"
      },
      "geometry": {
        "type": "Point",
        "coordinates": [
          -114.00672403363593,
          46.6750263666364
        ]
      }
    },
    {
      "type": "Feature",
      "properties": {
        "file": "leg05_m007_b085_2026-06-16T12-40-42.jpg",
        "leg": "leg05",
        "mark_index": 7,
        "along_track_m": 7.0,
        "achieved_heading": 88.07359294890135,
        "target_bearing": 85.29662519035821,
        "fix_type": 6,
        "hacc_m": 0.014,
        "corrupt": false,
        "position_interpolated": true,
        "captured_at_utc": "2026-06-16T18:40:42.301704+00:00"
      },
      "geometry": {
        "type": "Point",
        "coordinates": [
          -114.00670985830556,
          46.6750268
        ]
      }
    },
    {
      "type": "Feature",
      "properties": {
        "file": "leg05_m008_b085_2026-06-16T12-40-43.jpg",
        "leg": "leg05",
        "mark_index": 8,
        "along_track_m": 8.0,
        "achieved_heading": 88.37137939298557,
        "target_bearing": 85.29662519035821,
        "fix_type": 6,
        "hacc_m": 0.014,
        "corrupt": false,
        "position_interpolated": true,
        "captured_at_utc": "2026-06-16T18:40:43.275642+00:00"
      },
      "geometry": {
        "type": "Point",
        "coordinates": [
          -114.00669851656488,
          46.6750273713374
        ]
      }
    },
    {
      "type": "Feature",
      "properties": {
        "file": "leg05_m009_b085_2026-06-16T12-40-44.jpg",
        "leg": "leg05",
        "mark_index": 9,
        "along_track_m": 9.0,
        "achieved_heading": 88.62192506699176,
        "target_bearing": 85.29662519035821,
        "fix_type": 6,
        "hacc_m": 0.014,
        "corrupt": false,
        "position_interpolated": true,
        "captured_at_utc": "2026-06-16T18:40:44.533545+00:00"
      },
      "geometry": {
        "type": "Point",
        "coordinates": [
          -114.00668399999999,
          46.6750282
        ]
      }
    },
    {
      "type": "Feature",
      "properties": {
        "file": "leg05_m010_b085_2026-06-16T12-40-45.jpg",
        "leg": "leg05",
        "mark_index": 10,
        "along_track_m": 10.0,
        "achieved_heading": 89.89554538156814,
        "target_bearing": 85.29662519035821,
        "fix_type": 6,
        "hacc_m": 0.014,
        "corrupt": false,
        "position_interpolated": true,
        "captured_at_utc": "2026-06-16T18:40:45.594391+00:00"
      },
      "geometry": {
        "type": "Point",
        "coordinates": [
          -114.0066719,
          46.6750287
        ]
      }
    },
    {
      "type": "Feature",
      "properties": {
        "file": "leg05_m011_b085_2026-06-16T12-40-46.jpg",
        "leg": "leg05",
        "mark_index": 11,
        "along_track_m": 11.0,
        "achieved_heading": 89.33193255011396,
        "target_bearing": 85.29662519035821,
        "fix_type": 6,
        "hacc_m": 0.014,
        "corrupt": false,
        "position_interpolated": true,
        "captured_at_utc": "2026-06-16T18:40:46.705842+00:00"
      },
      "geometry": {
        "type": "Point",
        "coordinates": [
          -114.00665810560652,
          46.67502898309972
        ]
      }
    },
    {
      "type": "Feature",
      "properties": {
        "file": "leg05_m012_b085_2026-06-16T12-40-47.jpg",
        "leg": "leg05",
        "mark_index": 12,
        "along_track_m": 12.0,
        "achieved_heading": 86.8868056617439,
        "target_bearing": 85.29662519035821,
        "fix_type": 6,
        "hacc_m": 0.014,
        "corrupt": false,
        "position_interpolated": true,
        "captured_at_utc": "2026-06-16T18:40:47.755229+00:00"
      },
      "geometry": {
        "type": "Point",
        "coordinates": [
          -114.00664599999999,
          46.6750295
        ]
      }
    },
    {
      "type": "Feature",
      "properties": {
        "file": "leg05_m013_b085_2026-06-16T12-40-48.jpg",
        "leg": "leg05",
        "mark_index": 13,
        "along_track_m": 13.0,
        "achieved_heading": 87.44016302050144,
        "target_bearing": 85.29662519035821,
        "fix_type": 6,
        "hacc_m": 0.014,
        "corrupt": false,
        "position_interpolated": true,
        "captured_at_utc": "2026-06-16T18:40:48.879430+00:00"
      },
      "geometry": {
        "type": "Point",
        "coordinates": [
          -114.00663232902504,
          46.675030299999996
        ]
      }
    },
    {
      "type": "Feature",
      "properties": {
        "file": "leg05_m014_b085_2026-06-16T12-40-50.jpg",
        "leg": "leg05",
        "mark_index": 14,
        "along_track_m": 14.0,
        "achieved_heading": 86.88484135521367,
        "target_bearing": 85.29662519035821,
        "fix_type": 6,
        "hacc_m": 0.014,
        "corrupt": false,
        "position_interpolated": true,
        "captured_at_utc": "2026-06-16T18:40:49.994089+00:00"
      },
      "geometry": {
        "type": "Point",
        "coordinates": [
          -114.0066195,
          46.675030899999996
        ]
      }
    },
    {
      "type": "Feature",
      "properties": {
        "file": "leg05_m015_b085_2026-06-16T12-40-51.jpg",
        "leg": "leg05",
        "mark_index": 15,
        "along_track_m": 15.0,
        "achieved_heading": 86.11125203888635,
        "target_bearing": 85.29662519035821,
        "fix_type": 6,
        "hacc_m": 0.014,
        "corrupt": false,
        "position_interpolated": true,
        "captured_at_utc": "2026-06-16T18:40:51.122650+00:00"
      },
      "geometry": {
        "type": "Point",
        "coordinates": [
          -114.00660506163791,
          46.67503179401341
        ]
      }
    },
    {
      "type": "Feature",
      "properties": {
        "file": "leg05_m016_b085_2026-06-16T12-40-52.jpg",
        "leg": "leg05",
        "mark_index": 16,
        "along_track_m": 16.0,
        "achieved_heading": 86.03301480918124,
        "target_bearing": 85.29662519035821,
        "fix_type": 6,
        "hacc_m": 0.014,
        "corrupt": false,
        "position_interpolated": true,
        "captured_at_utc": "2026-06-16T18:40:52.099479+00:00"
      },
      "geometry": {
        "type": "Point",
        "coordinates": [
          -114.00659374773267,
          46.675032659297024
        ]
      }
    },
    {
      "type": "Feature",
      "properties": {
        "file": "leg05_m017_b085_2026-06-16T12-40-53.jpg",
        "leg": "leg05",
        "mark_index": 17,
        "along_track_m": 17.0,
        "achieved_heading": 89.04297584849851,
        "target_bearing": 85.29662519035821,
        "fix_type": 6,
        "hacc_m": 0.014,
        "corrupt": false,
        "position_interpolated": true,
        "captured_at_utc": "2026-06-16T18:40:53.150738+00:00"
      },
      "geometry": {
        "type": "Point",
        "coordinates": [
          -114.0065808,
          46.675033299999996
        ]
      }
    },
    {
      "type": "Feature",
      "properties": {
        "file": "leg05_m018_b085_2026-06-16T12-40-54.jpg",
        "leg": "leg05",
        "mark_index": 18,
        "along_track_m": 18.0,
        "achieved_heading": 87.55947398640205,
        "target_bearing": 85.29662519035821,
        "fix_type": 6,
        "hacc_m": 0.014,
        "corrupt": false,
        "position_interpolated": true,
        "captured_at_utc": "2026-06-16T18:40:54.273169+00:00"
      },
      "geometry": {
        "type": "Point",
        "coordinates": [
          -114.00656716662125,
          46.6750337386703
        ]
      }
    },
    {
      "type": "Feature",
      "properties": {
        "file": "leg05_m019_b085_2026-06-16T12-40-55.jpg",
        "leg": "leg05",
        "mark_index": 19,
        "along_track_m": 19.0,
        "achieved_heading": 85.9479474613419,
        "target_bearing": 85.29662519035821,
        "fix_type": 6,
        "hacc_m": 0.014,
        "corrupt": false,
        "position_interpolated": true,
        "captured_at_utc": "2026-06-16T18:40:55.329658+00:00"
      },
      "geometry": {
        "type": "Point",
        "coordinates": [
          -114.00655385252908,
          46.67503429579767
        ]
      }
    },
    {
      "type": "Feature",
      "properties": {
        "file": "leg05_m020_b085_2026-06-16T12-40-56.jpg",
        "leg": "leg05",
        "mark_index": 20,
        "along_track_m": 20.0,
        "achieved_heading": 86.30372395775039,
        "target_bearing": 85.29662519035821,
        "fix_type": 6,
        "hacc_m": 0.014,
        "corrupt": false,
        "position_interpolated": true,
        "captured_at_utc": "2026-06-16T18:40:56.444187+00:00"
      },
      "geometry": {
        "type": "Point",
        "coordinates": [
          -114.00654057875191,
          46.675035218653555
        ]
      }
    },
    {
      "type": "Feature",
      "properties": {
        "file": "leg05_m021_b085_2026-06-16T12-40-57.jpg",
        "leg": "leg05",
        "mark_index": 21,
        "along_track_m": 21.0,
        "achieved_heading": 86.17979890594066,
        "target_bearing": 85.29662519035821,
        "fix_type": 6,
        "hacc_m": 0.014,
        "corrupt": false,
        "position_interpolated": true,
        "captured_at_utc": "2026-06-16T18:40:57.555958+00:00"
      },
      "geometry": {
        "type": "Point",
        "coordinates": [
          -114.00652769999999,
          46.675035799999996
        ]
      }
    },
    {
      "type": "Feature",
      "properties": {
        "file": "leg05_m022_b085_2026-06-16T12-40-58.jpg",
        "leg": "leg05",
        "mark_index": 22,
        "along_track_m": 22.0,
        "achieved_heading": 83.58414514637266,
        "target_bearing": 85.29662519035821,
        "fix_type": 6,
        "hacc_m": 0.014,
        "corrupt": false,
        "position_interpolated": true,
        "captured_at_utc": "2026-06-16T18:40:58.607065+00:00"
      },
      "geometry": {
        "type": "Point",
        "coordinates": [
          -114.0065151,
          46.6750366
        ]
      }
    },
    {
      "type": "Feature",
      "properties": {
        "file": "leg05_m023_b085_2026-06-16T12-40-59.jpg",
        "leg": "leg05",
        "mark_index": 23,
        "along_track_m": 23.0,
        "achieved_heading": 84.41542764714063,
        "target_bearing": 85.29662519035821,
        "fix_type": 6,
        "hacc_m": 0.014,
        "corrupt": false,
        "position_interpolated": true,
        "captured_at_utc": "2026-06-16T18:40:59.600059+00:00"
      },
      "geometry": {
        "type": "Point",
        "coordinates": [
          -114.00650193226336,
          46.67503786979424
        ]
      }
    },
    {
      "type": "Feature",
      "properties": {
        "file": "leg05_m024_b085_2026-06-16T12-41-00.jpg",
        "leg": "leg05",
        "mark_index": 24,
        "along_track_m": 24.0,
        "achieved_heading": 87.21189355603204,
        "target_bearing": 85.29662519035821,
        "fix_type": 6,
        "hacc_m": 0.014,
        "corrupt": false,
        "position_interpolated": true,
        "captured_at_utc": "2026-06-16T18:41:00.784431+00:00"
      },
      "geometry": {
        "type": "Point",
        "coordinates": [
          -114.0064879,
          46.6750389
        ]
      }
    },
    {
      "type": "Feature",
      "properties": {
        "file": "leg05_m025_b085_2026-06-16T12-41-01.jpg",
        "leg": "leg05",
        "mark_index": 25,
        "along_track_m": 25.0,
        "achieved_heading": 87.71549308717357,
        "target_bearing": 85.29662519035821,
        "fix_type": 6,
        "hacc_m": 0.014,
        "corrupt": false,
        "position_interpolated": true,
        "captured_at_utc": "2026-06-16T18:41:01.701510+00:00"
      },
      "geometry": {
        "type": "Point",
        "coordinates": [
          -114.00647603853142,
          46.675039384612205
        ]
      }
    },
    {
      "type": "Feature",
      "properties": {
        "file": "leg05_m026_b085_2026-06-16T12-41-02.jpg",
        "leg": "leg05",
        "mark_index": 26,
        "along_track_m": 26.0,
        "achieved_heading": 87.21435172072096,
        "target_bearing": 85.29662519035821,
        "fix_type": 6,
        "hacc_m": 0.014,
        "corrupt": false,
        "position_interpolated": true,
        "captured_at_utc": "2026-06-16T18:41:02.812897+00:00"
      },
      "geometry": {
        "type": "Point",
        "coordinates": [
          -114.00646285570268,
          46.6750397410564
        ]
      }
    },
    {
      "type": "Feature",
      "properties": {
        "file": "leg05_m027_b085_2026-06-16T12-41-03.jpg",
        "leg": "leg05",
        "mark_index": 27,
        "along_track_m": 27.0,
        "achieved_heading": 86.15287796009342,
        "target_bearing": 85.29662519035821,
        "fix_type": 6,
        "hacc_m": 0.014,
        "corrupt": false,
        "position_interpolated": true,
        "captured_at_utc": "2026-06-16T18:41:03.937966+00:00"
      },
      "geometry": {
        "type": "Point",
        "coordinates": [
          -114.00644969999999,
          46.6750403
        ]
      }
    },
    {
      "type": "Feature",
      "properties": {
        "file": "leg05_m028_b085_2026-06-16T12-41-05.jpg",
        "leg": "leg05",
        "mark_index": 28,
        "along_track_m": 28.0,
        "achieved_heading": 84.06923794322577,
        "target_bearing": 85.29662519035821,
        "fix_type": 6,
        "hacc_m": 0.014,
        "corrupt": false,
        "position_interpolated": true,
        "captured_at_utc": "2026-06-16T18:41:05.132218+00:00"
      },
      "geometry": {
        "type": "Point",
        "coordinates": [
          -114.00643546670484,
          46.67504129393592
        ]
      }
    },
    {
      "type": "Feature",
      "properties": {
        "file": "leg05_m029_b085_2026-06-16T12-41-06.jpg",
        "leg": "leg05",
        "mark_index": 29,
        "along_track_m": 29.0,
        "achieved_heading": 86.59540557637533,
        "target_bearing": 85.29662519035821,
        "fix_type": 6,
        "hacc_m": 0.014,
        "corrupt": false,
        "position_interpolated": true,
        "captured_at_utc": "2026-06-16T18:41:06.176312+00:00"
      },
      "geometry": {
        "type": "Point",
        "coordinates": [
          -114.00642339999999,
          46.6750421
        ]
      }
    },
    {
      "type": "Feature",
      "properties": {
        "file": "leg05_m030_b085_2026-06-16T12-41-07.jpg",
        "leg": "leg05",
        "mark_index": 30,
        "along_track_m": 30.0,
        "achieved_heading": 86.98089165311754,
        "target_bearing": 85.29662519035821,
        "fix_type": 6,
        "hacc_m": 0.014,
        "corrupt": false,
        "position_interpolated": true,
        "captured_at_utc": "2026-06-16T18:41:07.234778+00:00"
      },
      "geometry": {
        "type": "Point",
        "coordinates": [
          -114.00640997400168,
          46.675042898222095
        ]
      }
    },
    {
      "type": "Feature",
      "properties": {
        "file": "leg05_m031_b085_2026-06-16T12-41-08.jpg",
        "leg": "leg05",
        "mark_index": 31,
        "along_track_m": 31.0,
        "achieved_heading": 85.7410100527774,
        "target_bearing": 85.29662519035821,
        "fix_type": 6,
        "hacc_m": 0.014,
        "corrupt": false,
        "position_interpolated": true,
        "captured_at_utc": "2026-06-16T18:41:08.348750+00:00"
      },
      "geometry": {
        "type": "Point",
        "coordinates": [
          -114.00639749999999,
          46.6750434
        ]
      }
    },
    {
      "type": "Feature",
      "properties": {
        "file": "leg05_m032_b085_2026-06-16T12-41-09.jpg",
        "leg": "leg05",
        "mark_index": 32,
        "along_track_m": 32.0,
        "achieved_heading": 85.44068927667979,
        "target_bearing": 85.29662519035821,
        "fix_type": 6,
        "hacc_m": 0.014,
        "corrupt": false,
        "position_interpolated": true,
        "captured_at_utc": "2026-06-16T18:41:09.472245+00:00"
      },
      "geometry": {
        "type": "Point",
        "coordinates": [
          -114.00638407117468,
          46.675044372034385
        ]
      }
    },
    {
      "type": "Feature",
      "properties": {
        "file": "leg05_m033_b085_2026-06-16T12-41-10.jpg",
        "leg": "leg05",
        "mark_index": 33,
        "along_track_m": 33.0,
        "achieved_heading": 85.74732134611061,
        "target_bearing": 85.29662519035821,
        "fix_type": 6,
        "hacc_m": 0.014,
        "corrupt": false,
        "position_interpolated": true,
        "captured_at_utc": "2026-06-16T18:41:10.593860+00:00"
      },
      "geometry": {
        "type": "Point",
        "coordinates": [
          -114.0063713,
          46.675045
        ]
      }
    },
    {
      "type": "Feature",
      "properties": {
        "file": "leg05_m034_b085_2026-06-16T12-41-11.jpg",
        "leg": "leg05",
        "mark_index": 34,
        "along_track_m": 34.0,
        "achieved_heading": 86.95657567890018,
        "target_bearing": 85.29662519035821,
        "fix_type": 6,
        "hacc_m": 0.014,
        "corrupt": false,
        "position_interpolated": true,
        "captured_at_utc": "2026-06-16T18:41:11.772107+00:00"
      },
      "geometry": {
        "type": "Point",
        "coordinates": [
          -114.006357,
          46.675045999999995
        ]
      }
    },
    {
      "type": "Feature",
      "properties": {
        "file": "leg05_m035_b085_2026-06-16T12-41-12.jpg",
        "leg": "leg05",
        "mark_index": 35,
        "along_track_m": 35.0,
        "achieved_heading": 87.02513578658571,
        "target_bearing": 85.29662519035821,
        "fix_type": 6,
        "hacc_m": 0.014,
        "corrupt": false,
        "position_interpolated": true,
        "captured_at_utc": "2026-06-16T18:41:12.828391+00:00"
      },
      "geometry": {
        "type": "Point",
        "coordinates": [
          -114.0063454,
          46.675046599999995
        ]
      }
    },
    {
      "type": "Feature",
      "properties": {
        "file": "leg05_m036_b085_2026-06-16T12-41-14.jpg",
        "leg": "leg05",
        "mark_index": 36,
        "along_track_m": 36.0,
        "achieved_heading": 86.12987555535005,
        "target_bearing": 85.29662519035821,
        "fix_type": 6,
        "hacc_m": 0.014,
        "corrupt": false,
        "position_interpolated": true,
        "captured_at_utc": "2026-06-16T18:41:13.954042+00:00"
      },
      "geometry": {
        "type": "Point",
        "coordinates": [
          -114.0063311,
          46.675047299999996
        ]
      }
    },
    {
      "type": "Feature",
      "properties": {
        "file": "leg05_m037_b085_2026-06-16T12-41-14.jpg",
        "leg": "leg05",
        "mark_index": 37,
        "along_track_m": 37.0,
        "achieved_heading": 85.79013121390017,
        "target_bearing": 85.29662519035821,
        "fix_type": 6,
        "hacc_m": 0.014,
        "corrupt": false,
        "position_interpolated": true,
        "captured_at_utc": "2026-06-16T18:41:14.933042+00:00"
      },
      "geometry": {
        "type": "Point",
        "coordinates": [
          -114.0063189,
          46.675047899999996
        ]
      }
    },
    {
      "type": "Feature",
      "properties": {
        "file": "leg05_m038_b085_2026-06-16T12-41-16.jpg",
        "leg": "leg05",
        "mark_index": 38,
        "along_track_m": 38.0,
        "achieved_heading": 84.78316337431815,
        "target_bearing": 85.29662519035821,
        "fix_type": 6,
        "hacc_m": 0.014,
        "corrupt": false,
        "position_interpolated": true,
        "captured_at_utc": "2026-06-16T18:41:16.195211+00:00"
      },
      "geometry": {
        "type": "Point",
        "coordinates": [
          -114.0063048,
          46.6750488
        ]
      }
    },
    {
      "type": "Feature",
      "properties": {
        "file": "leg05_m039_b085_2026-06-16T12-41-17.jpg",
        "leg": "leg05",
        "mark_index": 39,
        "along_track_m": 39.0,
        "achieved_heading": 85.60201886785637,
        "target_bearing": 85.29662519035821,
        "fix_type": 6,
        "hacc_m": 0.014,
        "corrupt": false,
        "position_interpolated": true,
        "captured_at_utc": "2026-06-16T18:41:17.106076+00:00"
      },
      "geometry": {
        "type": "Point",
        "coordinates": [
          -114.00629310757277,
          46.675049449053404
        ]
      }
    },
    {
      "type": "Feature",
      "properties": {
        "file": "leg05_m040_b085_2026-06-16T12-41-18.jpg",
        "leg": "leg05",
        "mark_index": 40,
        "along_track_m": 40.0,
        "achieved_heading": 86.15340917452622,
        "target_bearing": 85.29662519035821,
        "fix_type": 6,
        "hacc_m": 0.014,
        "corrupt": false,
        "position_interpolated": true,
        "captured_at_utc": "2026-06-16T18:41:18.285288+00:00"
      },
      "geometry": {
        "type": "Point",
        "coordinates": [
          -114.006279262783,
          46.675050248837906
        ]
      }
    },
    {
      "type": "Feature",
      "properties": {
        "file": "leg05_m041_b085_2026-06-16T12-41-19.jpg",
        "leg": "leg05",
        "mark_index": 41,
        "along_track_m": 41.0,
        "achieved_heading": 85.62517423753695,
        "target_bearing": 85.29662519035821,
        "fix_type": 6,
        "hacc_m": 0.014,
        "corrupt": false,
        "position_interpolated": true,
        "captured_at_utc": "2026-06-16T18:41:19.396616+00:00"
      },
      "geometry": {
        "type": "Point",
        "coordinates": [
          -114.00626679999999,
          46.6750506
        ]
      }
    },
    {
      "type": "Feature",
      "properties": {
        "file": "leg05_m042_b085_2026-06-16T12-41-20.jpg",
        "leg": "leg05",
        "mark_index": 42,
        "along_track_m": 42.0,
        "achieved_heading": 83.98133835022847,
        "target_bearing": 85.29662519035821,
        "fix_type": 6,
        "hacc_m": 0.014,
        "corrupt": false,
        "position_interpolated": true,
        "captured_at_utc": "2026-06-16T18:41:20.521159+00:00"
      },
      "geometry": {
        "type": "Point",
        "coordinates": [
          -114.00625295474308,
          46.67505147452569
        ]
      }
    },
    {
      "type": "Feature",
      "properties": {
        "file": "leg05_m043_b085_2026-06-16T12-41-21.jpg",
        "leg": "leg05",
        "mark_index": 43,
        "along_track_m": 43.0,
        "achieved_heading": 83.9844934360998,
        "target_bearing": 85.29662519035821,
        "fix_type": 6,
        "hacc_m": 0.014,
        "corrupt": false,
        "position_interpolated": true,
        "captured_at_utc": "2026-06-16T18:41:21.653363+00:00"
      },
      "geometry": {
        "type": "Point",
        "coordinates": [
          -114.0062408,
          46.6750526
        ]
      }
    },
    {
      "type": "Feature",
      "properties": {
        "file": "leg05_m044_b085_2026-06-16T12-41-22.jpg",
        "leg": "leg05",
        "mark_index": 44,
        "along_track_m": 44.0,
        "achieved_heading": 86.82145091926387,
        "target_bearing": 85.29662519035821,
        "fix_type": 6,
        "hacc_m": 0.014,
        "corrupt": false,
        "position_interpolated": true,
        "captured_at_utc": "2026-06-16T18:41:22.629373+00:00"
      },
      "geometry": {
        "type": "Point",
        "coordinates": [
          -114.00622762936284,
          46.67505344460988
        ]
      }
    },
    {
      "type": "Feature",
      "properties": {
        "file": "leg05_m045_b085_2026-06-16T12-41-23.jpg",
        "leg": "leg05",
        "mark_index": 45,
        "along_track_m": 45.0,
        "achieved_heading": 87.87500920099863,
        "target_bearing": 85.29662519035821,
        "fix_type": 6,
        "hacc_m": 0.014,
        "corrupt": false,
        "position_interpolated": true,
        "captured_at_utc": "2026-06-16T18:41:23.755181+00:00"
      },
      "geometry": {
        "type": "Point",
        "coordinates": [
          -114.00621459999999,
          46.675053899999995
        ]
      }
    },
    {
      "type": "Feature",
      "properties": {
        "file": "leg05_m046_b085_2026-06-16T12-41-25.jpg",
        "leg": "leg05",
        "mark_index": 46,
        "along_track_m": 46.0,
        "achieved_heading": 85.07803371884313,
        "target_bearing": 85.29662519035821,
        "fix_type": 6,
        "hacc_m": 0.014,
        "corrupt": false,
        "position_interpolated": true,
        "captured_at_utc": "2026-06-16T18:41:24.877783+00:00"
      },
      "geometry": {
        "type": "Point",
        "coordinates": [
          -114.00620065310915,
          46.675054071603945
        ]
      }
    },
    {
      "type": "Feature",
      "properties": {
        "file": "leg05_m047_b085_2026-06-16T12-41-25.jpg",
        "leg": "leg05",
        "mark_index": 47,
        "along_track_m": 47.0,
        "achieved_heading": 82.5292981843136,
        "target_bearing": 85.29662519035821,
        "fix_type": 6,
        "hacc_m": 0.014,
        "corrupt": false,
        "position_interpolated": true,
        "captured_at_utc": "2026-06-16T18:41:25.922045+00:00"
      },
      "geometry": {
        "type": "Point",
        "coordinates": [
          -114.00618881334283,
          46.67505488583215
        ]
      }
    },
    {
      "type": "Feature",
      "properties": {
        "file": "leg05_m048_b085_2026-06-16T12-41-27.jpg",
        "leg": "leg05",
        "mark_index": 48,
        "along_track_m": 48.0,
        "achieved_heading": 81.39997345637687,
        "target_bearing": 85.29662519035821,
        "fix_type": 6,
        "hacc_m": 0.014,
        "corrupt": false,
        "position_interpolated": true,
        "captured_at_utc": "2026-06-16T18:41:27.257341+00:00"
      },
      "geometry": {
        "type": "Point",
        "coordinates": [
          -114.00617539999999,
          46.6750563
        ]
      }
    },
    {
      "type": "Feature",
      "properties": {
        "file": "leg05_m049_b085_2026-06-16T12-41-28.jpg",
        "leg": "leg05",
        "mark_index": 49,
        "along_track_m": 49.0,
        "achieved_heading": 83.91922815384433,
        "target_bearing": 85.29662519035821,
        "fix_type": 6,
        "hacc_m": 0.014,
        "corrupt": false,
        "position_interpolated": true,
        "captured_at_utc": "2026-06-16T18:41:28.373916+00:00"
      },
      "geometry": {
        "type": "Point",
        "coordinates": [
          -114.00616129999999,
          46.6750575
        ]
      }
    },
    {
      "type": "Feature",
      "properties": {
        "file": "leg05_m050_b085_2026-06-16T12-41-29.jpg",
        "leg": "leg05",
        "mark_index": 50,
        "along_track_m": 50.0,
        "achieved_heading": 87.52420408065511,
        "target_bearing": 85.29662519035821,
        "fix_type": 6,
        "hacc_m": 0.014,
        "corrupt": false,
        "position_interpolated": true,
        "captured_at_utc": "2026-06-16T18:41:29.499689+00:00"
      },
      "geometry": {
        "type": "Point",
        "coordinates": [
          -114.00614797269955,
          46.6750582689417
        ]
      }
    },
    {
      "type": "Feature",
      "properties": {
        "file": "leg05_m051_b085_2026-06-16T12-41-30.jpg",
        "leg": "leg05",
        "mark_index": 51,
        "along_track_m": 51.0,
        "achieved_heading": 89.03989938355417,
        "target_bearing": 85.29662519035821,
        "fix_type": 6,
        "hacc_m": 0.014,
        "corrupt": false,
        "position_interpolated": true,
        "captured_at_utc": "2026-06-16T18:41:30.548308+00:00"
      },
      "geometry": {
        "type": "Point",
        "coordinates": [
          -114.0061355,
          46.6750584
        ]
      }
    },
    {
      "type": "Feature",
      "properties": {
        "file": "leg05_m052_b085_2026-06-16T12-41-31.jpg",
        "leg": "leg05",
        "mark_index": 52,
        "along_track_m": 52.0,
        "achieved_heading": 86.0271199154048,
        "target_bearing": 85.29662519035821,
        "fix_type": 6,
        "hacc_m": 0.014,
        "corrupt": false,
        "position_interpolated": true,
        "captured_at_utc": "2026-06-16T18:41:31.593639+00:00"
      },
      "geometry": {
        "type": "Point",
        "coordinates": [
          -114.0061236,
          46.6750587
        ]
      }
    },
    {
      "type": "Feature",
      "properties": {
        "file": "leg05_m053_b085_2026-06-16T12-41-32.jpg",
        "leg": "leg05",
        "mark_index": 53,
        "along_track_m": 53.0,
        "achieved_heading": 85.80158708129963,
        "target_bearing": 85.29662519035821,
        "fix_type": 6,
        "hacc_m": 0.014,
        "corrupt": false,
        "position_interpolated": true,
        "captured_at_utc": "2026-06-16T18:41:32.783000+00:00"
      },
      "geometry": {
        "type": "Point",
        "coordinates": [
          -114.0061097,
          46.6750597
        ]
      }
    },
    {
      "type": "Feature",
      "properties": {
        "file": "leg05_m054_b085_2026-06-16T12-41-34.jpg",
        "leg": "leg05",
        "mark_index": 54,
        "along_track_m": 54.0,
        "achieved_heading": 85.765251257095,
        "target_bearing": 85.29662519035821,
        "fix_type": 6,
        "hacc_m": 0.014,
        "corrupt": false,
        "position_interpolated": true,
        "captured_at_utc": "2026-06-16T18:41:33.902732+00:00"
      },
      "geometry": {
        "type": "Point",
        "coordinates": [
          -114.006095689343,
          46.67506058377737
        ]
      }
    },
    {
      "type": "Feature",
      "properties": {
        "file": "leg05_m055_b085_2026-06-16T12-41-34.jpg",
        "leg": "leg05",
        "mark_index": 55,
        "along_track_m": 55.0,
        "achieved_heading": 85.43208151654396,
        "target_bearing": 85.29662519035821,
        "fix_type": 6,
        "hacc_m": 0.014,
        "corrupt": false,
        "position_interpolated": true,
        "captured_at_utc": "2026-06-16T18:41:34.887839+00:00"
      },
      "geometry": {
        "type": "Point",
        "coordinates": [
          -114.00608379375187,
          46.675061299999996
        ]
      }
    },
    {
      "type": "Feature",
      "properties": {
        "file": "leg05_m056_b085_2026-06-16T12-41-36.jpg",
        "leg": "leg05",
        "mark_index": 56,
        "along_track_m": 56.0,
        "achieved_heading": 86.23720917396048,
        "target_bearing": 85.29662519035821,
        "fix_type": 6,
        "hacc_m": 0.014,
        "corrupt": false,
        "position_interpolated": true,
        "captured_at_utc": "2026-06-16T18:41:36.008793+00:00"
      },
      "geometry": {
        "type": "Point",
        "coordinates": [
          -114.00607129999999,
          46.675061899999996
        ]
      }
    },
    {
      "type": "Feature",
      "properties": {
        "file": "leg05_m057_b085_2026-06-16T12-41-37.jpg",
        "leg": "leg05",
        "mark_index": 57,
        "along_track_m": 57.0,
        "achieved_heading": 85.17269575769723,
        "target_bearing": 85.29662519035821,
        "fix_type": 6,
        "hacc_m": 0.014,
        "corrupt": false,
        "position_interpolated": true,
        "captured_at_utc": "2026-06-16T18:41:37.122400+00:00"
      },
      "geometry": {
        "type": "Point",
        "coordinates": [
          -114.00605731842646,
          46.6750622908989
        ]
      }
    },
    {
      "type": "Feature",
      "properties": {
        "file": "leg05_m058_b085_2026-06-16T12-41-38.jpg",
        "leg": "leg05",
        "mark_index": 58,
        "along_track_m": 58.0,
        "achieved_heading": 85.02754281075931,
        "target_bearing": 85.29662519035821,
        "fix_type": 6,
        "hacc_m": 0.014,
        "corrupt": false,
        "position_interpolated": true,
        "captured_at_utc": "2026-06-16T18:41:38.245458+00:00"
      },
      "geometry": {
        "type": "Point",
        "coordinates": [
          -114.00604519999999,
          46.6750629
        ]
      }
    },
    {
      "type": "Feature",
      "properties": {
        "file": "leg05_m059_b085_2026-06-16T12-41-39.jpg",
        "leg": "leg05",
        "mark_index": 59,
        "along_track_m": 59.0,
        "achieved_heading": 83.13142000803501,
        "target_bearing": 85.29662519035821,
        "fix_type": 6,
        "hacc_m": 0.014,
        "corrupt": false,
        "position_interpolated": true,
        "captured_at_utc": "2026-06-16T18:41:39.364768+00:00"
      },
      "geometry": {
        "type": "Point",
        "coordinates": [
          -114.00603129999999,
          46.6750638
        ]
      }
    },
    {
      "type": "Feature",
      "properties": {
        "file": "leg05_m060_b085_2026-06-16T12-41-40.jpg",
        "leg": "leg05",
        "mark_index": 60,
        "along_track_m": 60.0,
        "achieved_heading": 85.16926958502235,
        "target_bearing": 85.29662519035821,
        "fix_type": 6,
        "hacc_m": 0.014,
        "corrupt": false,
        "position_interpolated": true,
        "captured_at_utc": "2026-06-16T18:41:40.561274+00:00"
      },
      "geometry": {
        "type": "Point",
        "coordinates": [
          -114.0060173,
          46.6750648
        ]
      }
    },
    {
      "type": "Feature",
      "properties": {
        "file": "leg05_m061_b085_2026-06-16T12-41-41.jpg",
        "leg": "leg05",
        "mark_index": 61,
        "along_track_m": 61.0,
        "achieved_heading": 85.74479754810021,
        "target_bearing": 85.29662519035821,
        "fix_type": 6,
        "hacc_m": 0.014,
        "corrupt": false,
        "position_interpolated": true,
        "captured_at_utc": "2026-06-16T18:41:41.543835+00:00"
      },
      "geometry": {
        "type": "Point",
        "coordinates": [
          -114.0060058,
          46.6750653
        ]
      }
    },
    {
      "type": "Feature",
      "properties": {
        "file": "leg05_m062_b085_2026-06-16T12-41-42.jpg",
        "leg": "leg05",
        "mark_index": 62,
        "along_track_m": 62.0,
        "achieved_heading": 86.35293454675075,
        "target_bearing": 85.29662519035821,
        "fix_type": 6,
        "hacc_m": 0.014,
        "corrupt": false,
        "position_interpolated": true,
        "captured_at_utc": "2026-06-16T18:41:42.659296+00:00"
      },
      "geometry": {
        "type": "Point",
        "coordinates": [
          -114.00599248000556,
          46.6750658
        ]
      }
    },
    {
      "type": "Feature",
      "properties": {
        "file": "leg05_m063_b085_2026-06-16T12-41-43.jpg",
        "leg": "leg05",
        "mark_index": 63,
        "along_track_m": 63.0,
        "achieved_heading": 83.85062106857947,
        "target_bearing": 85.29662519035821,
        "fix_type": 6,
        "hacc_m": 0.014,
        "corrupt": false,
        "position_interpolated": true,
        "captured_at_utc": "2026-06-16T18:41:43.845900+00:00"
      },
      "geometry": {
        "type": "Point",
        "coordinates": [
          -114.0059799,
          46.6750663
        ]
      }
    },
    {
      "type": "Feature",
      "properties": {
        "file": "leg05_m064_b085_2026-06-16T12-41-45.jpg",
        "leg": "leg05",
        "mark_index": 64,
        "along_track_m": 64.0,
        "achieved_heading": 82.49246549616936,
        "target_bearing": 85.29662519035821,
        "fix_type": 6,
        "hacc_m": 0.014,
        "corrupt": false,
        "position_interpolated": true,
        "captured_at_utc": "2026-06-16T18:41:44.961690+00:00"
      },
      "geometry": {
        "type": "Point",
        "coordinates": [
          -114.00596689999999,
          46.6750676
        ]
      }
    },
    {
      "type": "Feature",
      "properties": {
        "file": "leg05_m065_b085_2026-06-16T12-41-46.jpg",
        "leg": "leg05",
        "mark_index": 65,
        "along_track_m": 65.0,
        "achieved_heading": 84.57077516929402,
        "target_bearing": 85.29662519035821,
        "fix_type": 6,
        "hacc_m": 0.014,
        "corrupt": false,
        "position_interpolated": true,
        "captured_at_utc": "2026-06-16T18:41:46.090456+00:00"
      },
      "geometry": {
        "type": "Point",
        "coordinates": [
          -114.00595334292255,
          46.6750687742831
        ]
      }
    },
    {
      "type": "Feature",
      "properties": {
        "file": "leg05_m066_b085_2026-06-16T12-41-47.jpg",
        "leg": "leg05",
        "mark_index": 66,
        "along_track_m": 66.0,
        "achieved_heading": 86.9444503498728,
        "target_bearing": 85.29662519035821,
        "fix_type": 6,
        "hacc_m": 0.014,
        "corrupt": false,
        "position_interpolated": true,
        "captured_at_utc": "2026-06-16T18:41:47.212236+00:00"
      },
      "geometry": {
        "type": "Point",
        "coordinates": [
          -114.0059405662949,
          46.6750694
        ]
      }
    },
    {
      "type": "Feature",
      "properties": {
        "file": "leg05_m067_b085_2026-06-16T12-41-48.jpg",
        "leg": "leg05",
        "mark_index": 67,
        "along_track_m": 67.0,
        "achieved_heading": 86.20874292156127,
        "target_bearing": 85.29662519035821,
        "fix_type": 6,
        "hacc_m": 0.014,
        "corrupt": false,
        "position_interpolated": true,
        "captured_at_utc": "2026-06-16T18:41:48.392326+00:00"
      },
      "geometry": {
        "type": "Point",
        "coordinates": [
          -114.0059273,
          46.67507
        ]
      }
    },
    {
      "type": "Feature",
      "properties": {
        "file": "leg05_m068_b085_2026-06-16T12-41-49.jpg",
        "leg": "leg05",
        "mark_index": 68,
        "along_track_m": 68.0,
        "achieved_heading": 83.54446740337026,
        "target_bearing": 85.29662519035821,
        "fix_type": 6,
        "hacc_m": 0.014,
        "corrupt": false,
        "position_interpolated": true,
        "captured_at_utc": "2026-06-16T18:41:49.441326+00:00"
      },
      "geometry": {
        "type": "Point",
        "coordinates": [
          -114.00591361501361,
          46.675070707726036
        ]
      }
    },
    {
      "type": "Feature",
      "properties": {
        "file": "leg05_m069_b085_2026-06-16T12-41-50.jpg",
        "leg": "leg05",
        "mark_index": 69,
        "along_track_m": 69.0,
        "achieved_heading": 85.84632970157642,
        "target_bearing": 85.29662519035821,
        "fix_type": 6,
        "hacc_m": 0.014,
        "corrupt": false,
        "position_interpolated": true,
        "captured_at_utc": "2026-06-16T18:41:50.569394+00:00"
      },
      "geometry": {
        "type": "Point",
        "coordinates": [
          -114.00590059999999,
          46.6750715
        ]
      }
    },
    {
      "type": "Feature",
      "properties": {
        "file": "leg05_m070_b085_2026-06-16T12-41-51.jpg",
        "leg": "leg05",
        "mark_index": 70,
        "along_track_m": 69.634,
        "achieved_heading": 89.07688519576058,
        "target_bearing": 85.29662519035821,
        "fix_type": 6,
        "hacc_m": 0.014,
        "corrupt": false,
        "position_interpolated": true,
        "captured_at_utc": "2026-06-16T18:41:51.272010+00:00"
      },
      "geometry": {
        "type": "Point",
        "coordinates": [
          -114.00589339999999,
          46.6750718
        ]
      }
    },
    {
      "type": "Feature",
      "properties": {
        "file": "leg06_m000_b355_2026-06-16T12-41-56.jpg",
        "leg": "leg06",
        "mark_index": 0,
        "along_track_m": 0.0,
        "achieved_heading": 353.74919856592544,
        "target_bearing": 355.32685963220445,
        "fix_type": 6,
        "hacc_m": 0.014,
        "corrupt": false,
        "position_interpolated": true,
        "captured_at_utc": "2026-06-16T18:41:56.023205+00:00"
      },
      "geometry": {
        "type": "Point",
        "coordinates": [
          -114.0058909,
          46.6750732
        ]
      }
    },
    {
      "type": "Feature",
      "properties": {
        "file": "leg06_m001_b355_2026-06-16T12-41-57.jpg",
        "leg": "leg06",
        "mark_index": 1,
        "along_track_m": 1.0,
        "achieved_heading": 348.1241854122286,
        "target_bearing": 355.32685963220445,
        "fix_type": 6,
        "hacc_m": 0.014,
        "corrupt": false,
        "position_interpolated": true,
        "captured_at_utc": "2026-06-16T18:41:57.289278+00:00"
      },
      "geometry": {
        "type": "Point",
        "coordinates": [
          -114.00589273261522,
          46.67508054061451
        ]
      }
    },
    {
      "type": "Feature",
      "properties": {
        "file": "leg06_m002_b355_2026-06-16T12-41-58.jpg",
        "leg": "leg06",
        "mark_index": 2,
        "along_track_m": 2.0,
        "achieved_heading": 348.9962844721972,
        "target_bearing": 355.32685963220445,
        "fix_type": 6,
        "hacc_m": 0.014,
        "corrupt": false,
        "position_interpolated": true,
        "captured_at_utc": "2026-06-16T18:41:58.410277+00:00"
      },
      "geometry": {
        "type": "Point",
        "coordinates": [
          -114.0058957,
          46.6750896
        ]
      }
    },
    {
      "type": "Feature",
      "properties": {
        "file": "leg06_m003_b355_2026-06-16T12-41-59.jpg",
        "leg": "leg06",
        "mark_index": 3,
        "along_track_m": 3.0,
        "achieved_heading": 355.4842293611406,
        "target_bearing": 355.32685963220445,
        "fix_type": 6,
        "hacc_m": 0.014,
        "corrupt": false,
        "position_interpolated": true,
        "captured_at_utc": "2026-06-16T18:41:59.453574+00:00"
      },
      "geometry": {
        "type": "Point",
        "coordinates": [
          -114.0058974,
          46.675098399999996
        ]
      }
    },
    {
      "type": "Feature",
      "properties": {
        "file": "leg06_m004_b355_2026-06-16T12-42-00.jpg",
        "leg": "leg06",
        "mark_index": 4,
        "along_track_m": 4.0,
        "achieved_heading": 0.0715979137161078,
        "target_bearing": 355.32685963220445,
        "fix_type": 6,
        "hacc_m": 0.014,
        "corrupt": false,
        "position_interpolated": true,
        "captured_at_utc": "2026-06-16T18:42:00.369650+00:00"
      },
      "geometry": {
        "type": "Point",
        "coordinates": [
          -114.0058979,
          46.675107399999995
        ]
      }
    },
    {
      "type": "Feature",
      "properties": {
        "file": "leg06_m005_b355_2026-06-16T12-42-01.jpg",
        "leg": "leg06",
        "mark_index": 5,
        "along_track_m": 4.849,
        "achieved_heading": 3.2819377356136243,
        "target_bearing": 355.32685963220445,
        "fix_type": 6,
        "hacc_m": 0.014,
        "corrupt": false,
        "position_interpolated": true,
        "captured_at_utc": "2026-06-16T18:42:01.211596+00:00"
      },
      "geometry": {
        "type": "Point",
        "coordinates": [
          -114.00589819999999,
          46.6751145
        ]
      }
    },
    {
      "type": "Feature",
      "properties": {
        "file": "leg07_m000_b265_2026-06-16T12-42-06.jpg",
        "leg": "leg07",
        "mark_index": 0,
        "along_track_m": 0.0,
        "achieved_heading": 268.18486661831867,
        "target_bearing": 265.297284471224,
        "fix_type": 6,
        "hacc_m": 0.014,
        "corrupt": false,
        "position_interpolated": true,
        "captured_at_utc": "2026-06-16T18:42:05.968561+00:00"
      },
      "geometry": {
        "type": "Point",
        "coordinates": [
          -114.00589989999999,
          46.6751174
        ]
      }
    },
    {
      "type": "Feature",
      "properties": {
        "file": "leg07_m001_b265_2026-06-16T12-42-07.jpg",
        "leg": "leg07",
        "mark_index": 1,
        "along_track_m": 1.0,
        "achieved_heading": 265.69800060433283,
        "target_bearing": 265.297284471224,
        "fix_type": 6,
        "hacc_m": 0.014,
        "corrupt": false,
        "position_interpolated": true,
        "captured_at_utc": "2026-06-16T18:42:07.390892+00:00"
      },
      "geometry": {
        "type": "Point",
        "coordinates": [
          -114.0059112,
          46.6751173
        ]
      }
    },
    {
      "type": "Feature",
      "properties": {
        "file": "leg07_m002_b265_2026-06-16T12-42-08.jpg",
        "leg": "leg07",
        "mark_index": 2,
        "along_track_m": 2.0,
        "achieved_heading": 260.71269482889954,
        "target_bearing": 265.297284471224,
        "fix_type": 6,
        "hacc_m": 0.014,
        "corrupt": false,
        "position_interpolated": true,
        "captured_at_utc": "2026-06-16T18:42:08.283554+00:00"
      },
      "geometry": {
        "type": "Point",
        "coordinates": [
          -114.00592333957056,
          46.675117155035785
        ]
      }
    },
    {
      "type": "Feature",
      "properties": {
        "file": "leg07_m003_b265_2026-06-16T12-42-09.jpg",
        "leg": "leg07",
        "mark_index": 3,
        "along_track_m": 3.0,
        "achieved_heading": 254.00845837229423,
        "target_bearing": 265.297284471224,
        "fix_type": 6,
        "hacc_m": 0.014,
        "corrupt": false,
        "position_interpolated": true,
        "captured_at_utc": "2026-06-16T18:42:09.401624+00:00"
      },
      "geometry": {
        "type": "Point",
        "coordinates": [
          -114.0059363,
          46.675115999999996
        ]
      }
    },
    {
      "type": "Feature",
      "properties": {
        "file": "leg07_m004_b265_2026-06-16T12-42-10.jpg",
        "leg": "leg07",
        "mark_index": 4,
        "along_track_m": 4.0,
        "achieved_heading": 255.33846530213145,
        "target_bearing": 265.297284471224,
        "fix_type": 6,
        "hacc_m": 0.014,
        "corrupt": false,
        "position_interpolated": true,
        "captured_at_utc": "2026-06-16T18:42:10.456933+00:00"
      },
      "geometry": {
        "type": "Point",
        "coordinates": [
          -114.00595059330536,
          46.67511365857742
        ]
      }
    },
    {
      "type": "Feature",
      "properties": {
        "file": "leg07_m005_b265_2026-06-16T12-42-11.jpg",
        "leg": "leg07",
        "mark_index": 5,
        "along_track_m": 5.0,
        "achieved_heading": 259.3096825714159,
        "target_bearing": 265.297284471224,
        "fix_type": 6,
        "hacc_m": 0.014,
        "corrupt": false,
        "position_interpolated": true,
        "captured_at_utc": "2026-06-16T18:42:11.365782+00:00"
      },
      "geometry": {
        "type": "Point",
        "coordinates": [
          -114.005962,
          46.675112299999995
        ]
      }
    },
    {
      "type": "Feature",
      "properties": {
        "file": "leg07_m006_b265_2026-06-16T12-42-12.jpg",
        "leg": "leg07",
        "mark_index": 6,
        "along_track_m": 6.0,
        "achieved_heading": 260.8262389573373,
        "target_bearing": 265.297284471224,
        "fix_type": 6,
        "hacc_m": 0.014,
        "corrupt": false,
        "position_interpolated": true,
        "captured_at_utc": "2026-06-16T18:42:12.414933+00:00"
      },
      "geometry": {
        "type": "Point",
        "coordinates": [
          -114.00597499999999,
          46.675111099999995
        ]
      }
    },
    {
      "type": "Feature",
      "properties": {
        "file": "leg07_m007_b265_2026-06-16T12-42-13.jpg",
        "leg": "leg07",
        "mark_index": 7,
        "along_track_m": 7.0,
        "achieved_heading": 260.9990709006133,
        "target_bearing": 265.297284471224,
        "fix_type": 6,
        "hacc_m": 0.014,
        "corrupt": false,
        "position_interpolated": true,
        "captured_at_utc": "2026-06-16T18:42:13.466851+00:00"
      },
      "geometry": {
        "type": "Point",
        "coordinates": [
          -114.00598954540693,
          46.6751103
        ]
      }
    },
    {
      "type": "Feature",
      "properties": {
        "file": "leg07_m008_b265_2026-06-16T12-42-14.jpg",
        "leg": "leg07",
        "mark_index": 8,
        "along_track_m": 8.0,
        "achieved_heading": 259.8120490064964,
        "target_bearing": 265.297284471224,
        "fix_type": 6,
        "hacc_m": 0.014,
        "corrupt": false,
        "position_interpolated": true,
        "captured_at_utc": "2026-06-16T18:42:14.512712+00:00"
      },
      "geometry": {
        "type": "Point",
        "coordinates": [
          -114.00600309220192,
          46.6751094
        ]
      }
    },
    {
      "type": "Feature",
      "properties": {
        "file": "leg07_m009_b265_2026-06-16T12-42-15.jpg",
        "leg": "leg07",
        "mark_index": 9,
        "along_track_m": 9.0,
        "achieved_heading": 258.57304516898387,
        "target_bearing": 265.297284471224,
        "fix_type": 6,
        "hacc_m": 0.014,
        "corrupt": false,
        "position_interpolated": true,
        "captured_at_utc": "2026-06-16T18:42:15.428914+00:00"
      },
      "geometry": {
        "type": "Point",
        "coordinates": [
          -114.0060142,
          46.6751083
        ]
      }
    },
    {
      "type": "Feature",
      "properties": {
        "file": "leg07_m010_b265_2026-06-16T12-42-16.jpg",
        "leg": "leg07",
        "mark_index": 10,
        "along_track_m": 10.0,
        "achieved_heading": 262.11848401901204,
        "target_bearing": 265.297284471224,
        "fix_type": 6,
        "hacc_m": 0.014,
        "corrupt": false,
        "position_interpolated": true,
        "captured_at_utc": "2026-06-16T18:42:16.397008+00:00"
      },
      "geometry": {
        "type": "Point",
        "coordinates": [
          -114.00602763587317,
          46.67510727056507
        ]
      }
    },
    {
      "type": "Feature",
      "properties": {
        "file": "leg07_m011_b265_2026-06-16T12-42-17.jpg",
        "leg": "leg07",
        "mark_index": 11,
        "along_track_m": 11.0,
        "achieved_heading": 262.7026194988625,
        "target_bearing": 265.297284471224,
        "fix_type": 6,
        "hacc_m": 0.014,
        "corrupt": false,
        "position_interpolated": true,
        "captured_at_utc": "2026-06-16T18:42:17.455947+00:00"
      },
      "geometry": {
        "type": "Point",
        "coordinates": [
          -114.00604159451834,
          46.67510654021927
        ]
      }
    },
    {
      "type": "Feature",
      "properties": {
        "file": "leg07_m012_b265_2026-06-16T12-42-18.jpg",
        "leg": "leg07",
        "mark_index": 12,
        "along_track_m": 12.0,
        "achieved_heading": 266.1030765126054,
        "target_bearing": 265.297284471224,
        "fix_type": 6,
        "hacc_m": 0.014,
        "corrupt": false,
        "position_interpolated": true,
        "captured_at_utc": "2026-06-16T18:42:18.573507+00:00"
      },
      "geometry": {
        "type": "Point",
        "coordinates": [
          -114.0060546,
          46.6751061
        ]
      }
    },
    {
      "type": "Feature",
      "properties": {
        "file": "leg07_m013_b265_2026-06-16T12-42-19.jpg",
        "leg": "leg07",
        "mark_index": 13,
        "along_track_m": 13.0,
        "achieved_heading": 263.1602570810768,
        "target_bearing": 265.297284471224,
        "fix_type": 6,
        "hacc_m": 0.014,
        "corrupt": false,
        "position_interpolated": true,
        "captured_at_utc": "2026-06-16T18:42:19.558074+00:00"
      },
      "geometry": {
        "type": "Point",
        "coordinates": [
          -114.0060671,
          46.6751058
        ]
      }
    },
    {
      "type": "Feature",
      "properties": {
        "file": "leg07_m014_b265_2026-06-16T12-42-20.jpg",
        "leg": "leg07",
        "mark_index": 14,
        "along_track_m": 14.0,
        "achieved_heading": 260.6752545328195,
        "target_bearing": 265.297284471224,
        "fix_type": 6,
        "hacc_m": 0.014,
        "corrupt": false,
        "position_interpolated": true,
        "captured_at_utc": "2026-06-16T18:42:20.554047+00:00"
      },
      "geometry": {
        "type": "Point",
        "coordinates": [
          -114.0060804,
          46.6751049
        ]
      }
    },
    {
      "type": "Feature",
      "properties": {
        "file": "leg07_m015_b265_2026-06-16T12-42-21.jpg",
        "leg": "leg07",
        "mark_index": 15,
        "along_track_m": 15.0,
        "achieved_heading": 259.39788439218836,
        "target_bearing": 265.297284471224,
        "fix_type": 6,
        "hacc_m": 0.014,
        "corrupt": false,
        "position_interpolated": true,
        "captured_at_utc": "2026-06-16T18:42:21.523460+00:00"
      },
      "geometry": {
        "type": "Point",
        "coordinates": [
          -114.00609327250422,
          46.67510411471105
        ]
      }
    },
    {
      "type": "Feature",
      "properties": {
        "file": "leg07_m016_b265_2026-06-16T12-42-22.jpg",
        "leg": "leg07",
        "mark_index": 16,
        "along_track_m": 16.0,
        "achieved_heading": 258.972186270845,
        "target_bearing": 265.297284471224,
        "fix_type": 6,
        "hacc_m": 0.014,
        "corrupt": false,
        "position_interpolated": true,
        "captured_at_utc": "2026-06-16T18:42:22.567946+00:00"
      },
      "geometry": {
        "type": "Point",
        "coordinates": [
          -114.00610619999999,
          46.675103
        ]
      }
    },
    {
      "type": "Feature",
      "properties": {
        "file": "leg07_m017_b265_2026-06-16T12-42-23.jpg",
        "leg": "leg07",
        "mark_index": 17,
        "along_track_m": 17.0,
        "achieved_heading": 262.0989637648952,
        "target_bearing": 265.297284471224,
        "fix_type": 6,
        "hacc_m": 0.014,
        "corrupt": false,
        "position_interpolated": true,
        "captured_at_utc": "2026-06-16T18:42:23.620425+00:00"
      },
      "geometry": {
        "type": "Point",
        "coordinates": [
          -114.006119,
          46.6751019
        ]
      }
    },
    {
      "type": "Feature",
      "properties": {
        "file": "leg07_m018_b265_2026-06-16T12-42-24.jpg",
        "leg": "leg07",
        "mark_index": 18,
        "along_track_m": 18.0,
        "achieved_heading": 264.56217808039344,
        "target_bearing": 265.297284471224,
        "fix_type": 6,
        "hacc_m": 0.014,
        "corrupt": false,
        "position_interpolated": true,
        "captured_at_utc": "2026-06-16T18:42:24.669677+00:00"
      },
      "geometry": {
        "type": "Point",
        "coordinates": [
          -114.0061322,
          46.675101399999996
        ]
      }
    },
    {
      "type": "Feature",
      "properties": {
        "file": "leg07_m019_b265_2026-06-16T12-42-25.jpg",
        "leg": "leg07",
        "mark_index": 19,
        "along_track_m": 19.0,
        "achieved_heading": 263.4917524603371,
        "target_bearing": 265.297284471224,
        "fix_type": 6,
        "hacc_m": 0.014,
        "corrupt": false,
        "position_interpolated": true,
        "captured_at_utc": "2026-06-16T18:42:25.513680+00:00"
      },
      "geometry": {
        "type": "Point",
        "coordinates": [
          -114.00614529200041,
          46.675101
        ]
      }
    },
    {
      "type": "Feature",
      "properties": {
        "file": "leg07_m020_b265_2026-06-16T12-42-26.jpg",
        "leg": "leg07",
        "mark_index": 20,
        "along_track_m": 20.0,
        "achieved_heading": 259.53994135923506,
        "target_bearing": 265.297284471224,
        "fix_type": 6,
        "hacc_m": 0.014,
        "corrupt": false,
        "position_interpolated": true,
        "captured_at_utc": "2026-06-16T18:42:26.624036+00:00"
      },
      "geometry": {
        "type": "Point",
        "coordinates": [
          -114.00615889999999,
          46.675100099999995
        ]
      }
    },
    {
      "type": "Feature",
      "properties": {
        "file": "leg07_m021_b265_2026-06-16T12-42-27.jpg",
        "leg": "leg07",
        "mark_index": 21,
        "along_track_m": 21.0,
        "achieved_heading": 262.2295813563889,
        "target_bearing": 265.297284471224,
        "fix_type": 6,
        "hacc_m": 0.014,
        "corrupt": false,
        "position_interpolated": true,
        "captured_at_utc": "2026-06-16T18:42:27.545078+00:00"
      },
      "geometry": {
        "type": "Point",
        "coordinates": [
          -114.00617179999999,
          46.675098899999995
        ]
      }
    },
    {
      "type": "Feature",
      "properties": {
        "file": "leg07_m022_b265_2026-06-16T12-42-28.jpg",
        "leg": "leg07",
        "mark_index": 22,
        "along_track_m": 22.0,
        "achieved_heading": 263.9307852917781,
        "target_bearing": 265.297284471224,
        "fix_type": 6,
        "hacc_m": 0.014,
        "corrupt": false,
        "position_interpolated": true,
        "captured_at_utc": "2026-06-16T18:42:28.593619+00:00"
      },
      "geometry": {
        "type": "Point",
        "coordinates": [
          -114.0061848,
          46.6750982
        ]
      }
    },
    {
      "type": "Feature",
      "properties": {
        "file": "leg07_m023_b265_2026-06-16T12-42-29.jpg",
        "leg": "leg07",
        "mark_index": 23,
        "along_track_m": 23.0,
        "achieved_heading": 264.3424903044522,
        "target_bearing": 265.297284471224,
        "fix_type": 6,
        "hacc_m": 0.014,
        "corrupt": false,
        "position_interpolated": true,
        "captured_at_utc": "2026-06-16T18:42:29.578674+00:00"
      },
      "geometry": {
        "type": "Point",
        "coordinates": [
          -114.0061982,
          46.675097799999996
        ]
      }
    },
    {
      "type": "Feature",
      "properties": {
        "file": "leg07_m024_b265_2026-06-16T12-42-30.jpg",
        "leg": "leg07",
        "mark_index": 24,
        "along_track_m": 24.0,
        "achieved_heading": 262.77459539758087,
        "target_bearing": 265.297284471224,
        "fix_type": 6,
        "hacc_m": 0.014,
        "corrupt": false,
        "position_interpolated": true,
        "captured_at_utc": "2026-06-16T18:42:30.557796+00:00"
      },
      "geometry": {
        "type": "Point",
        "coordinates": [
          -114.006211,
          46.675097
        ]
      }
    },
    {
      "type": "Feature",
      "properties": {
        "file": "leg07_m025_b265_2026-06-16T12-42-31.jpg",
        "leg": "leg07",
        "mark_index": 25,
        "along_track_m": 25.0,
        "achieved_heading": 262.0618929624251,
        "target_bearing": 265.297284471224,
        "fix_type": 6,
        "hacc_m": 0.014,
        "corrupt": false,
        "position_interpolated": true,
        "captured_at_utc": "2026-06-16T18:42:31.598586+00:00"
      },
      "geometry": {
        "type": "Point",
        "coordinates": [
          -114.00622399999999,
          46.6750963
        ]
      }
    },
    {
      "type": "Feature",
      "properties": {
        "file": "leg07_m026_b265_2026-06-16T12-42-32.jpg",
        "leg": "leg07",
        "mark_index": 26,
        "along_track_m": 26.0,
        "achieved_heading": 262.5344305495827,
        "target_bearing": 265.297284471224,
        "fix_type": 6,
        "hacc_m": 0.014,
        "corrupt": false,
        "position_interpolated": true,
        "captured_at_utc": "2026-06-16T18:42:32.576653+00:00"
      },
      "geometry": {
        "type": "Point",
        "coordinates": [
          -114.00623709999999,
          46.6750955
        ]
      }
    },
    {
      "type": "Feature",
      "properties": {
        "file": "leg07_m027_b265_2026-06-16T12-42-33.jpg",
        "leg": "leg07",
        "mark_index": 27,
        "along_track_m": 27.0,
        "achieved_heading": 261.53598499359214,
        "target_bearing": 265.297284471224,
        "fix_type": 6,
        "hacc_m": 0.014,
        "corrupt": false,
        "position_interpolated": true,
        "captured_at_utc": "2026-06-16T18:42:33.563478+00:00"
      },
      "geometry": {
        "type": "Point",
        "coordinates": [
          -114.0062499,
          46.6750946
        ]
      }
    },
    {
      "type": "Feature",
      "properties": {
        "file": "leg07_m028_b265_2026-06-16T12-42-34.jpg",
        "leg": "leg07",
        "mark_index": 28,
        "along_track_m": 28.0,
        "achieved_heading": 263.32877734480047,
        "target_bearing": 265.297284471224,
        "fix_type": 6,
        "hacc_m": 0.014,
        "corrupt": false,
        "position_interpolated": true,
        "captured_at_utc": "2026-06-16T18:42:34.606548+00:00"
      },
      "geometry": {
        "type": "Point",
        "coordinates": [
          -114.00626319999999,
          46.6750936
        ]
      }
    },
    {
      "type": "Feature",
      "properties": {
        "file": "leg07_m029_b265_2026-06-16T12-42-35.jpg",
        "leg": "leg07",
        "mark_index": 29,
        "along_track_m": 29.0,
        "achieved_heading": 265.10416375591467,
        "target_bearing": 265.297284471224,
        "fix_type": 6,
        "hacc_m": 0.014,
        "corrupt": false,
        "position_interpolated": true,
        "captured_at_utc": "2026-06-16T18:42:35.521303+00:00"
      },
      "geometry": {
        "type": "Point",
        "coordinates": [
          -114.00627581373922,
          46.67509301490086
        ]
      }
    },
    {
      "type": "Feature",
      "properties": {
        "file": "leg07_m030_b265_2026-06-16T12-42-36.jpg",
        "leg": "leg07",
        "mark_index": 30,
        "along_track_m": 30.0,
        "achieved_heading": 263.3405868190815,
        "target_bearing": 265.297284471224,
        "fix_type": 6,
        "hacc_m": 0.014,
        "corrupt": false,
        "position_interpolated": true,
        "captured_at_utc": "2026-06-16T18:42:36.569320+00:00"
      },
      "geometry": {
        "type": "Point",
        "coordinates": [
          -114.0062888,
          46.675092199999995
        ]
      }
    },
    {
      "type": "Feature",
      "properties": {
        "file": "leg07_m031_b265_2026-06-16T12-42-37.jpg",
        "leg": "leg07",
        "mark_index": 31,
        "along_track_m": 31.0,
        "achieved_heading": 264.1050315503153,
        "target_bearing": 265.297284471224,
        "fix_type": 6,
        "hacc_m": 0.014,
        "corrupt": false,
        "position_interpolated": true,
        "captured_at_utc": "2026-06-16T18:42:37.555635+00:00"
      },
      "geometry": {
        "type": "Point",
        "coordinates": [
          -114.00630199999999,
          46.6750913
        ]
      }
    },
    {
      "type": "Feature",
      "properties": {
        "file": "leg07_m032_b265_2026-06-16T12-42-38.jpg",
        "leg": "leg07",
        "mark_index": 32,
        "along_track_m": 32.0,
        "achieved_heading": 265.38937897140096,
        "target_bearing": 265.297284471224,
        "fix_type": 6,
        "hacc_m": 0.014,
        "corrupt": false,
        "position_interpolated": true,
        "captured_at_utc": "2026-06-16T18:42:38.609452+00:00"
      },
      "geometry": {
        "type": "Point",
        "coordinates": [
          -114.006315,
          46.6750907
        ]
      }
    },
    {
      "type": "Feature",
      "properties": {
        "file": "leg07_m033_b265_2026-06-16T12-42-39.jpg",
        "leg": "leg07",
        "mark_index": 33,
        "along_track_m": 33.0,
        "achieved_heading": 264.9649056972964,
        "target_bearing": 265.297284471224,
        "fix_type": 6,
        "hacc_m": 0.014,
        "corrupt": false,
        "position_interpolated": true,
        "captured_at_utc": "2026-06-16T18:42:39.523522+00:00"
      },
      "geometry": {
        "type": "Point",
        "coordinates": [
          -114.00632809207724,
          46.675090103997135
        ]
      }
    },
    {
      "type": "Feature",
      "properties": {
        "file": "leg07_m034_b265_2026-06-16T12-42-40.jpg",
        "leg": "leg07",
        "mark_index": 34,
        "along_track_m": 34.0,
        "achieved_heading": 265.64408773941443,
        "target_bearing": 265.297284471224,
        "fix_type": 6,
        "hacc_m": 0.014,
        "corrupt": false,
        "position_interpolated": true,
        "captured_at_utc": "2026-06-16T18:42:40.566186+00:00"
      },
      "geometry": {
        "type": "Point",
        "coordinates": [
          -114.00634099999999,
          46.6750896
        ]
      }
    },
    {
      "type": "Feature",
      "properties": {
        "file": "leg07_m035_b265_2026-06-16T12-42-41.jpg",
        "leg": "leg07",
        "mark_index": 35,
        "along_track_m": 35.0,
        "achieved_heading": 264.79232700153943,
        "target_bearing": 265.297284471224,
        "fix_type": 6,
        "hacc_m": 0.014,
        "corrupt": false,
        "position_interpolated": true,
        "captured_at_utc": "2026-06-16T18:42:41.615308+00:00"
      },
      "geometry": {
        "type": "Point",
        "coordinates": [
          -114.0063539,
          46.675089199999995
        ]
      }
    },
    {
      "type": "Feature",
      "properties": {
        "file": "leg07_m036_b265_2026-06-16T12-42-42.jpg",
        "leg": "leg07",
        "mark_index": 36,
        "along_track_m": 36.0,
        "achieved_heading": 263.1925791682247,
        "target_bearing": 265.297284471224,
        "fix_type": 6,
        "hacc_m": 0.014,
        "corrupt": false,
        "position_interpolated": true,
        "captured_at_utc": "2026-06-16T18:42:42.530408+00:00"
      },
      "geometry": {
        "type": "Point",
        "coordinates": [
          -114.0063668394304,
          46.67508840242279
        ]
      }
    },
    {
      "type": "Feature",
      "properties": {
        "file": "leg07_m037_b265_2026-06-16T12-42-43.jpg",
        "leg": "leg07",
        "mark_index": 37,
        "along_track_m": 37.0,
        "achieved_heading": 262.6421630783766,
        "target_bearing": 265.297284471224,
        "fix_type": 6,
        "hacc_m": 0.014,
        "corrupt": false,
        "position_interpolated": true,
        "captured_at_utc": "2026-06-16T18:42:43.571451+00:00"
      },
      "geometry": {
        "type": "Point",
        "coordinates": [
          -114.00638,
          46.6750877
        ]
      }
    },
    {
      "type": "Feature",
      "properties": {
        "file": "leg07_m038_b265_2026-06-16T12-42-44.jpg",
        "leg": "leg07",
        "mark_index": 38,
        "along_track_m": 38.0,
        "achieved_heading": 263.46013478824705,
        "target_bearing": 265.297284471224,
        "fix_type": 6,
        "hacc_m": 0.014,
        "corrupt": false,
        "position_interpolated": true,
        "captured_at_utc": "2026-06-16T18:42:44.624569+00:00"
      },
      "geometry": {
        "type": "Point",
        "coordinates": [
          -114.00639399982698,
          46.67508663706266
        ]
      }
    },
    {
      "type": "Feature",
      "properties": {
        "file": "leg07_m039_b265_2026-06-16T12-42-45.jpg",
        "leg": "leg07",
        "mark_index": 39,
        "along_track_m": 39.0,
        "achieved_heading": 264.53287702544594,
        "target_bearing": 265.297284471224,
        "fix_type": 6,
        "hacc_m": 0.014,
        "corrupt": false,
        "position_interpolated": true,
        "captured_at_utc": "2026-06-16T18:42:45.689576+00:00"
      },
      "geometry": {
        "type": "Point",
        "coordinates": [
          -114.00640807106885,
          46.67508586738548
        ]
      }
    },
    {
      "type": "Feature",
      "properties": {
        "file": "leg07_m040_b265_2026-06-16T12-42-46.jpg",
        "leg": "leg07",
        "mark_index": 40,
        "along_track_m": 40.0,
        "achieved_heading": 263.8724984984806,
        "target_bearing": 265.297284471224,
        "fix_type": 6,
        "hacc_m": 0.014,
        "corrupt": false,
        "position_interpolated": true,
        "captured_at_utc": "2026-06-16T18:42:46.582666+00:00"
      },
      "geometry": {
        "type": "Point",
        "coordinates": [
          -114.00641909999999,
          46.6750853
        ]
      }
    },
    {
      "type": "Feature",
      "properties": {
        "file": "leg07_m041_b265_2026-06-16T12-42-47.jpg",
        "leg": "leg07",
        "mark_index": 41,
        "along_track_m": 41.0,
        "achieved_heading": 265.0278308002436,
        "target_bearing": 265.297284471224,
        "fix_type": 6,
        "hacc_m": 0.014,
        "corrupt": false,
        "position_interpolated": true,
        "captured_at_utc": "2026-06-16T18:42:47.638029+00:00"
      },
      "geometry": {
        "type": "Point",
        "coordinates": [
          -114.00643219999999,
          46.675084399999996
        ]
      }
    },
    {
      "type": "Feature",
      "properties": {
        "file": "leg07_m042_b265_2026-06-16T12-42-48.jpg",
        "leg": "leg07",
        "mark_index": 42,
        "along_track_m": 42.0,
        "achieved_heading": 264.7535517265611,
        "target_bearing": 265.297284471224,
        "fix_type": 6,
        "hacc_m": 0.014,
        "corrupt": false,
        "position_interpolated": true,
        "captured_at_utc": "2026-06-16T18:42:48.544124+00:00"
      },
      "geometry": {
        "type": "Point",
        "coordinates": [
          -114.00644536984652,
          46.67508380107691
        ]
      }
    },
    {
      "type": "Feature",
      "properties": {
        "file": "leg07_m043_b265_2026-06-16T12-42-49.jpg",
        "leg": "leg07",
        "mark_index": 43,
        "along_track_m": 43.0,
        "achieved_heading": 263.47296337558424,
        "target_bearing": 265.297284471224,
        "fix_type": 6,
        "hacc_m": 0.014,
        "corrupt": false,
        "position_interpolated": true,
        "captured_at_utc": "2026-06-16T18:42:49.592303+00:00"
      },
      "geometry": {
        "type": "Point",
        "coordinates": [
          -114.00645859999999,
          46.675083099999995
        ]
      }
    },
    {
      "type": "Feature",
      "properties": {
        "file": "leg07_m044_b265_2026-06-16T12-42-50.jpg",
        "leg": "leg07",
        "mark_index": 44,
        "along_track_m": 44.0,
        "achieved_heading": 263.5895256211751,
        "target_bearing": 265.297284471224,
        "fix_type": 6,
        "hacc_m": 0.014,
        "corrupt": false,
        "position_interpolated": true,
        "captured_at_utc": "2026-06-16T18:42:50.644019+00:00"
      },
      "geometry": {
        "type": "Point",
        "coordinates": [
          -114.0064718,
          46.6750823
        ]
      }
    },
    {
      "type": "Feature",
      "properties": {
        "file": "leg07_m045_b265_2026-06-16T12-42-51.jpg",
        "leg": "leg07",
        "mark_index": 45,
        "along_track_m": 45.0,
        "achieved_heading": 263.6405840031307,
        "target_bearing": 265.297284471224,
        "fix_type": 6,
        "hacc_m": 0.014,
        "corrupt": false,
        "position_interpolated": true,
        "captured_at_utc": "2026-06-16T18:42:51.558877+00:00"
      },
      "geometry": {
        "type": "Point",
        "coordinates": [
          -114.0064847,
          46.6750815
        ]
      }
    },
    {
      "type": "Feature",
      "properties": {
        "file": "leg07_m046_b265_2026-06-16T12-42-52.jpg",
        "leg": "leg07",
        "mark_index": 46,
        "along_track_m": 46.0,
        "achieved_heading": 263.98675554937597,
        "target_bearing": 265.297284471224,
        "fix_type": 6,
        "hacc_m": 0.014,
        "corrupt": false,
        "position_interpolated": true,
        "captured_at_utc": "2026-06-16T18:42:52.553257+00:00"
      },
      "geometry": {
        "type": "Point",
        "coordinates": [
          -114.006498,
          46.675080699999995
        ]
      }
    },
    {
      "type": "Feature",
      "properties": {
        "file": "leg07_m047_b265_2026-06-16T12-42-53.jpg",
        "leg": "leg07",
        "mark_index": 47,
        "along_track_m": 47.0,
        "achieved_heading": 263.75992789845884,
        "target_bearing": 265.297284471224,
        "fix_type": 6,
        "hacc_m": 0.014,
        "corrupt": false,
        "position_interpolated": true,
        "captured_at_utc": "2026-06-16T18:42:53.588784+00:00"
      },
      "geometry": {
        "type": "Point",
        "coordinates": [
          -114.0065108,
          46.675080099999995
        ]
      }
    },
    {
      "type": "Feature",
      "properties": {
        "file": "leg07_m048_b265_2026-06-16T12-42-54.jpg",
        "leg": "leg07",
        "mark_index": 48,
        "along_track_m": 48.0,
        "achieved_heading": 263.7189575029738,
        "target_bearing": 265.297284471224,
        "fix_type": 6,
        "hacc_m": 0.014,
        "corrupt": false,
        "position_interpolated": true,
        "captured_at_utc": "2026-06-16T18:42:54.631456+00:00"
      },
      "geometry": {
        "type": "Point",
        "coordinates": [
          -114.006524,
          46.6750792
        ]
      }
    },
    {
      "type": "Feature",
      "properties": {
        "file": "leg07_m049_b265_2026-06-16T12-42-55.jpg",
        "leg": "leg07",
        "mark_index": 49,
        "along_track_m": 49.0,
        "achieved_heading": 263.00099386983794,
        "target_bearing": 265.297284471224,
        "fix_type": 6,
        "hacc_m": 0.014,
        "corrupt": false,
        "position_interpolated": true,
        "captured_at_utc": "2026-06-16T18:42:55.546875+00:00"
      },
      "geometry": {
        "type": "Point",
        "coordinates": [
          -114.006537,
          46.6750785
        ]
      }
    },
    {
      "type": "Feature",
      "properties": {
        "file": "leg07_m050_b265_2026-06-16T12-42-56.jpg",
        "leg": "leg07",
        "mark_index": 50,
        "along_track_m": 50.0,
        "achieved_heading": 263.54721800225377,
        "target_bearing": 265.297284471224,
        "fix_type": 6,
        "hacc_m": 0.014,
        "corrupt": false,
        "position_interpolated": true,
        "captured_at_utc": "2026-06-16T18:42:56.595030+00:00"
      },
      "geometry": {
        "type": "Point",
        "coordinates": [
          -114.0065503,
          46.675077599999995
        ]
      }
    },
    {
      "type": "Feature",
      "properties": {
        "file": "leg07_m051_b265_2026-06-16T12-42-57.jpg",
        "leg": "leg07",
        "mark_index": 51,
        "along_track_m": 51.0,
        "achieved_heading": 263.9451813530926,
        "target_bearing": 265.297284471224,
        "fix_type": 6,
        "hacc_m": 0.014,
        "corrupt": false,
        "position_interpolated": true,
        "captured_at_utc": "2026-06-16T18:42:57.649729+00:00"
      },
      "geometry": {
        "type": "Point",
        "coordinates": [
          -114.0065631,
          46.6750769
        ]
      }
    },
    {
      "type": "Feature",
      "properties": {
        "file": "leg07_m052_b265_2026-06-16T12-42-58.jpg",
        "leg": "leg07",
        "mark_index": 52,
        "along_track_m": 52.0,
        "achieved_heading": 263.95430791574165,
        "target_bearing": 265.297284471224,
        "fix_type": 6,
        "hacc_m": 0.014,
        "corrupt": false,
        "position_interpolated": true,
        "captured_at_utc": "2026-06-16T18:42:58.557576+00:00"
      },
      "geometry": {
        "type": "Point",
        "coordinates": [
          -114.00657629999999,
          46.6750763
        ]
      }
    },
    {
      "type": "Feature",
      "properties": {
        "file": "leg07_m053_b265_2026-06-16T12-42-59.jpg",
        "leg": "leg07",
        "mark_index": 53,
        "along_track_m": 53.0,
        "achieved_heading": 263.52936255817286,
        "target_bearing": 265.297284471224,
        "fix_type": 6,
        "hacc_m": 0.014,
        "corrupt": false,
        "position_interpolated": true,
        "captured_at_utc": "2026-06-16T18:42:59.605764+00:00"
      },
      "geometry": {
        "type": "Point",
        "coordinates": [
          -114.0065894,
          46.6750754
        ]
      }
    },
    {
      "type": "Feature",
      "properties": {
        "file": "leg07_m054_b265_2026-06-16T12-43-00.jpg",
        "leg": "leg07",
        "mark_index": 54,
        "along_track_m": 54.0,
        "achieved_heading": 264.3905527396304,
        "target_bearing": 265.297284471224,
        "fix_type": 6,
        "hacc_m": 0.014,
        "corrupt": false,
        "position_interpolated": true,
        "captured_at_utc": "2026-06-16T18:43:00.518765+00:00"
      },
      "geometry": {
        "type": "Point",
        "coordinates": [
          -114.00660246218415,
          46.675074725480265
        ]
      }
    },
    {
      "type": "Feature",
      "properties": {
        "file": "leg07_m055_b265_2026-06-16T12-43-01.jpg",
        "leg": "leg07",
        "mark_index": 55,
        "along_track_m": 55.0,
        "achieved_heading": 264.47659321610115,
        "target_bearing": 265.297284471224,
        "fix_type": 6,
        "hacc_m": 0.014,
        "corrupt": false,
        "position_interpolated": true,
        "captured_at_utc": "2026-06-16T18:43:01.507261+00:00"
      },
      "geometry": {
        "type": "Point",
        "coordinates": [
          -114.00661578247409,
          46.67507394319234
        ]
      }
    },
    {
      "type": "Feature",
      "properties": {
        "file": "leg07_m056_b265_2026-06-16T12-43-02.jpg",
        "leg": "leg07",
        "mark_index": 56,
        "along_track_m": 56.0,
        "achieved_heading": 264.64651342301624,
        "target_bearing": 265.297284471224,
        "fix_type": 6,
        "hacc_m": 0.014,
        "corrupt": false,
        "position_interpolated": true,
        "captured_at_utc": "2026-06-16T18:43:02.553076+00:00"
      },
      "geometry": {
        "type": "Point",
        "coordinates": [
          -114.00662919999999,
          46.6750732
        ]
      }
    },
    {
      "type": "Feature",
      "properties": {
        "file": "leg07_m057_b265_2026-06-16T12-43-03.jpg",
        "leg": "leg07",
        "mark_index": 57,
        "along_track_m": 57.0,
        "achieved_heading": 263.94678056528915,
        "target_bearing": 265.297284471224,
        "fix_type": 6,
        "hacc_m": 0.014,
        "corrupt": false,
        "position_interpolated": true,
        "captured_at_utc": "2026-06-16T18:43:03.470034+00:00"
      },
      "geometry": {
        "type": "Point",
        "coordinates": [
          -114.0066413038151,
          46.67507266638407
        ]
      }
    },
    {
      "type": "Feature",
      "properties": {
        "file": "leg07_m058_b265_2026-06-16T12-43-04.jpg",
        "leg": "leg07",
        "mark_index": 58,
        "along_track_m": 58.0,
        "achieved_heading": 264.0942441788694,
        "target_bearing": 265.297284471224,
        "fix_type": 6,
        "hacc_m": 0.014,
        "corrupt": false,
        "position_interpolated": true,
        "captured_at_utc": "2026-06-16T18:43:04.502635+00:00"
      },
      "geometry": {
        "type": "Point",
        "coordinates": [
          -114.00665461717226,
          46.67507182241645
        ]
      }
    },
    {
      "type": "Feature",
      "properties": {
        "file": "leg07_m059_b265_2026-06-16T12-43-05.jpg",
        "leg": "leg07",
        "mark_index": 59,
        "along_track_m": 59.0,
        "achieved_heading": 264.7434537819255,
        "target_bearing": 265.297284471224,
        "fix_type": 6,
        "hacc_m": 0.014,
        "corrupt": false,
        "position_interpolated": true,
        "captured_at_utc": "2026-06-16T18:43:05.551864+00:00"
      },
      "geometry": {
        "type": "Point",
        "coordinates": [
          -114.0066679,
          46.675070899999994
        ]
      }
    },
    {
      "type": "Feature",
      "properties": {
        "file": "leg07_m060_b265_2026-06-16T12-43-06.jpg",
        "leg": "leg07",
        "mark_index": 60,
        "along_track_m": 60.0,
        "achieved_heading": 264.8797999667865,
        "target_bearing": 265.297284471224,
        "fix_type": 6,
        "hacc_m": 0.014,
        "corrupt": false,
        "position_interpolated": true,
        "captured_at_utc": "2026-06-16T18:43:06.611728+00:00"
      },
      "geometry": {
        "type": "Point",
        "coordinates": [
          -114.0066806,
          46.6750702
        ]
      }
    },
    {
      "type": "Feature",
      "properties": {
        "file": "leg07_m061_b265_2026-06-16T12-43-07.jpg",
        "leg": "leg07",
        "mark_index": 61,
        "along_track_m": 61.0,
        "achieved_heading": 265.1996187215026,
        "target_bearing": 265.297284471224,
        "fix_type": 6,
        "hacc_m": 0.014,
        "corrupt": false,
        "position_interpolated": true,
        "captured_at_utc": "2026-06-16T18:43:07.590708+00:00"
      },
      "geometry": {
        "type": "Point",
        "coordinates": [
          -114.0066937,
          46.6750693
        ]
      }
    },
    {
      "type": "Feature",
      "properties": {
        "file": "leg07_m062_b265_2026-06-16T12-43-08.jpg",
        "leg": "leg07",
        "mark_index": 62,
        "along_track_m": 62.0,
        "achieved_heading": 265.93205735009735,
        "target_bearing": 265.297284471224,
        "fix_type": 6,
        "hacc_m": 0.014,
        "corrupt": false,
        "position_interpolated": true,
        "captured_at_utc": "2026-06-16T18:43:08.645190+00:00"
      },
      "geometry": {
        "type": "Point",
        "coordinates": [
          -114.0067067,
          46.675068499999995
        ]
      }
    },
    {
      "type": "Feature",
      "properties": {
        "file": "leg07_m063_b265_2026-06-16T12-43-09.jpg",
        "leg": "leg07",
        "mark_index": 63,
        "along_track_m": 63.0,
        "achieved_heading": 265.5950151851963,
        "target_bearing": 265.297284471224,
        "fix_type": 6,
        "hacc_m": 0.014,
        "corrupt": false,
        "position_interpolated": true,
        "captured_at_utc": "2026-06-16T18:43:09.553965+00:00"
      },
      "geometry": {
        "type": "Point",
        "coordinates": [
          -114.0067199,
          46.6750678
        ]
      }
    },
    {
      "type": "Feature",
      "properties": {
        "file": "leg07_m064_b265_2026-06-16T12-43-10.jpg",
        "leg": "leg07",
        "mark_index": 64,
        "along_track_m": 64.0,
        "achieved_heading": 265.29848206511906,
        "target_bearing": 265.297284471224,
        "fix_type": 6,
        "hacc_m": 0.014,
        "corrupt": false,
        "position_interpolated": true,
        "captured_at_utc": "2026-06-16T18:43:10.603406+00:00"
      },
      "geometry": {
        "type": "Point",
        "coordinates": [
          -114.0067328,
          46.6750671
        ]
      }
    },
    {
      "type": "Feature",
      "properties": {
        "file": "leg07_m065_b265_2026-06-16T12-43-11.jpg",
        "leg": "leg07",
        "mark_index": 65,
        "along_track_m": 65.0,
        "achieved_heading": 264.96258674385626,
        "target_bearing": 265.297284471224,
        "fix_type": 6,
        "hacc_m": 0.014,
        "corrupt": false,
        "position_interpolated": true,
        "captured_at_utc": "2026-06-16T18:43:11.653414+00:00"
      },
      "geometry": {
        "type": "Point",
        "coordinates": [
          -114.0067457,
          46.6750663
        ]
      }
    },
    {
      "type": "Feature",
      "properties": {
        "file": "leg07_m066_b265_2026-06-16T12-43-12.jpg",
        "leg": "leg07",
        "mark_index": 66,
        "along_track_m": 66.0,
        "achieved_heading": 265.2331431067064,
        "target_bearing": 265.297284471224,
        "fix_type": 6,
        "hacc_m": 0.014,
        "corrupt": false,
        "position_interpolated": true,
        "captured_at_utc": "2026-06-16T18:43:12.691349+00:00"
      },
      "geometry": {
        "type": "Point",
        "coordinates": [
          -114.00676005462373,
          46.675065499999995
        ]
      }
    },
    {
      "type": "Feature",
      "properties": {
        "file": "leg07_m067_b265_2026-06-16T12-43-13.jpg",
        "leg": "leg07",
        "mark_index": 67,
        "along_track_m": 67.0,
        "achieved_heading": 267.1629110631277,
        "target_bearing": 265.297284471224,
        "fix_type": 6,
        "hacc_m": 0.014,
        "corrupt": false,
        "position_interpolated": true,
        "captured_at_utc": "2026-06-16T18:43:13.672155+00:00"
      },
      "geometry": {
        "type": "Point",
        "coordinates": [
          -114.00677313072484,
          46.6750647
        ]
      }
    },
    {
      "type": "Feature",
      "properties": {
        "file": "leg07_m068_b265_2026-06-16T12-43-14.jpg",
        "leg": "leg07",
        "mark_index": 68,
        "along_track_m": 68.0,
        "achieved_heading": 268.0642119723194,
        "target_bearing": 265.297284471224,
        "fix_type": 6,
        "hacc_m": 0.014,
        "corrupt": false,
        "position_interpolated": true,
        "captured_at_utc": "2026-06-16T18:43:14.656698+00:00"
      },
      "geometry": {
        "type": "Point",
        "coordinates": [
          -114.00678622140248,
          46.675064299999995
        ]
      }
    },
    {
      "type": "Feature",
      "properties": {
        "file": "leg07_m069_b265_2026-06-16T12-43-15.jpg",
        "leg": "leg07",
        "mark_index": 69,
        "along_track_m": 69.0,
        "achieved_heading": 268.52026820191935,
        "target_bearing": 265.297284471224,
        "fix_type": 6,
        "hacc_m": 0.014,
        "corrupt": false,
        "position_interpolated": true,
        "captured_at_utc": "2026-06-16T18:43:15.711379+00:00"
      },
      "geometry": {
        "type": "Point",
        "coordinates": [
          -114.0067999000869,
          46.6750641
        ]
      }
    },
    {
      "type": "Feature",
      "properties": {
        "file": "leg07_m070_b265_2026-06-16T12-43-16.jpg",
        "leg": "leg07",
        "mark_index": 70,
        "along_track_m": 69.566,
        "achieved_heading": 269.26529015881124,
        "target_bearing": 265.297284471224,
        "fix_type": 6,
        "hacc_m": 0.014,
        "corrupt": false,
        "position_interpolated": true,
        "captured_at_utc": "2026-06-16T18:43:16.197941+00:00"
      },
      "geometry": {
        "type": "Point",
        "coordinates": [
          -114.0068053,
          46.6750639
        ]
      }
    },
    {
      "type": "Feature",
      "properties": {
        "file": "leg08_m000_b355_2026-06-16T12-43-20.jpg",
        "leg": "leg08",
        "mark_index": 0,
        "along_track_m": 0.0,
        "achieved_heading": 353.6474775493647,
        "target_bearing": 355.3261909669881,
        "fix_type": 6,
        "hacc_m": 0.014,
        "corrupt": false,
        "position_interpolated": true,
        "captured_at_utc": "2026-06-16T18:43:19.977462+00:00"
      },
      "geometry": {
        "type": "Point",
        "coordinates": [
          -114.00681189999999,
          46.6750636
        ]
      }
    },
    {
      "type": "Feature",
      "properties": {
        "file": "leg08_m001_b355_2026-06-16T12-43-21.jpg",
        "leg": "leg08",
        "mark_index": 1,
        "along_track_m": 1.0,
        "achieved_heading": 347.65508385742993,
        "target_bearing": 355.3261909669881,
        "fix_type": 6,
        "hacc_m": 0.014,
        "corrupt": false,
        "position_interpolated": true,
        "captured_at_utc": "2026-06-16T18:43:21.586383+00:00"
      },
      "geometry": {
        "type": "Point",
        "coordinates": [
          -114.00681519999999,
          46.675073499999996
        ]
      }
    },
    {
      "type": "Feature",
      "properties": {
        "file": "leg08_m002_b355_2026-06-16T12-43-22.jpg",
        "leg": "leg08",
        "mark_index": 2,
        "along_track_m": 2.0,
        "achieved_heading": 356.8091732544556,
        "target_bearing": 355.3261909669881,
        "fix_type": 6,
        "hacc_m": 0.014,
        "corrupt": false,
        "position_interpolated": true,
        "captured_at_utc": "2026-06-16T18:43:22.637268+00:00"
      },
      "geometry": {
        "type": "Point",
        "coordinates": [
          -114.0068175,
          46.6750821
        ]
      }
    },
    {
      "type": "Feature",
      "properties": {
        "file": "leg08_m003_b355_2026-06-16T12-43-23.jpg",
        "leg": "leg08",
        "mark_index": 3,
        "along_track_m": 3.0,
        "achieved_heading": 5.91725414053224,
        "target_bearing": 355.3261909669881,
        "fix_type": 6,
        "hacc_m": 0.014,
        "corrupt": false,
        "position_interpolated": true,
        "captured_at_utc": "2026-06-16T18:43:23.685488+00:00"
      },
      "geometry": {
        "type": "Point",
        "coordinates": [
          -114.00681792522589,
          46.67509177115984
        ]
      }
    },
    {
      "type": "Feature",
      "properties": {
        "file": "leg08_m004_b355_2026-06-16T12-43-24.jpg",
        "leg": "leg08",
        "mark_index": 4,
        "along_track_m": 4.0,
        "achieved_heading": 10.984779359566806,
        "target_bearing": 355.3261909669881,
        "fix_type": 6,
        "hacc_m": 0.014,
        "corrupt": false,
        "position_interpolated": true,
        "captured_at_utc": "2026-06-16T18:43:24.741012+00:00"
      },
      "geometry": {
        "type": "Point",
        "coordinates": [
          -114.0068165,
          46.675101
        ]
      }
    },
    {
      "type": "Feature",
      "properties": {
        "file": "leg08_m005_b355_2026-06-16T12-43-25.jpg",
        "leg": "leg08",
        "mark_index": 5,
        "along_track_m": 4.848,
        "achieved_heading": 15.045216662099923,
        "target_bearing": 355.3261909669881,
        "fix_type": 6,
        "hacc_m": 0.014,
        "corrupt": false,
        "position_interpolated": true,
        "captured_at_utc": "2026-06-16T18:43:25.653352+00:00"
      },
      "geometry": {
        "type": "Point",
        "coordinates": [
          -114.0068148,
          46.6751079
        ]
      }
    },
    {
      "type": "Feature",
      "properties": {
        "file": "leg09_m000_b085_2026-06-16T12-43-28.jpg",
        "leg": "leg09",
        "mark_index": 0,
        "along_track_m": 0.0,
        "achieved_heading": 84.15212005134758,
        "target_bearing": 85.2966173947774,
        "fix_type": 6,
        "hacc_m": 0.014,
        "corrupt": false,
        "position_interpolated": true,
        "captured_at_utc": "2026-06-16T18:43:28.807564+00:00"
      },
      "geometry": {
        "type": "Point",
        "coordinates": [
          -114.00681399999999,
          46.675112
        ]
      }
    },
    {
      "type": "Feature",
      "properties": {
        "file": "leg09_m001_b085_2026-06-16T12-43-30.jpg",
        "leg": "leg09",
        "mark_index": 1,
        "along_track_m": 1.0,
        "achieved_heading": 78.32680085247299,
        "target_bearing": 85.2966173947774,
        "fix_type": 6,
        "hacc_m": 0.014,
        "corrupt": false,
        "position_interpolated": true,
        "captured_at_utc": "2026-06-16T18:43:30.479889+00:00"
      },
      "geometry": {
        "type": "Point",
        "coordinates": [
          -114.0068000379113,
          46.675114184016124
        ]
      }
    },
    {
      "type": "Feature",
      "properties": {
        "file": "leg09_m002_b085_2026-06-16T12-43-31.jpg",
        "leg": "leg09",
        "mark_index": 2,
        "along_track_m": 2.0,
        "achieved_heading": 88.5428102269941,
        "target_bearing": 85.2966173947774,
        "fix_type": 6,
        "hacc_m": 0.014,
        "corrupt": false,
        "position_interpolated": true,
        "captured_at_utc": "2026-06-16T18:43:31.602225+00:00"
      },
      "geometry": {
        "type": "Point",
        "coordinates": [
          -114.0067875,
          46.6751157
        ]
      }
    },
    {
      "type": "Feature",
      "properties": {
        "file": "leg09_m003_b085_2026-06-16T12-43-32.jpg",
        "leg": "leg09",
        "mark_index": 3,
        "along_track_m": 3.0,
        "achieved_heading": 95.66903009971323,
        "target_bearing": 85.2966173947774,
        "fix_type": 6,
        "hacc_m": 0.014,
        "corrupt": false,
        "position_interpolated": true,
        "captured_at_utc": "2026-06-16T18:43:32.731138+00:00"
      },
      "geometry": {
        "type": "Point",
        "coordinates": [
          -114.00677379914882,
          46.6751156
        ]
      }
    },
    {
      "type": "Feature",
      "properties": {
        "file": "leg09_m004_b085_2026-06-16T12-43-33.jpg",
        "leg": "leg09",
        "mark_index": 4,
        "along_track_m": 4.0,
        "achieved_heading": 93.5644988224182,
        "target_bearing": 85.2966173947774,
        "fix_type": 6,
        "hacc_m": 0.014,
        "corrupt": false,
        "position_interpolated": true,
        "captured_at_utc": "2026-06-16T18:43:33.846654+00:00"
      },
      "geometry": {
        "type": "Point",
        "coordinates": [
          -114.00676047282334,
          46.675115299999995
        ]
      }
    },
    {
      "type": "Feature",
      "properties": {
        "file": "leg09_m005_b085_2026-06-16T12-43-35.jpg",
        "leg": "leg09",
        "mark_index": 5,
        "along_track_m": 5.0,
        "achieved_heading": 91.53579378634663,
        "target_bearing": 85.2966173947774,
        "fix_type": 6,
        "hacc_m": 0.014,
        "corrupt": false,
        "position_interpolated": true,
        "captured_at_utc": "2026-06-16T18:43:34.962545+00:00"
      },
      "geometry": {
        "type": "Point",
        "coordinates": [
          -114.0067478,
          46.6751152
        ]
      }
    },
    {
      "type": "Feature",
      "properties": {
        "file": "leg09_m006_b085_2026-06-16T12-43-36.jpg",
        "leg": "leg09",
        "mark_index": 6,
        "along_track_m": 6.0,
        "achieved_heading": 89.16283070346051,
        "target_bearing": 85.2966173947774,
        "fix_type": 6,
        "hacc_m": 0.014,
        "corrupt": false,
        "position_interpolated": true,
        "captured_at_utc": "2026-06-16T18:43:36.082259+00:00"
      },
      "geometry": {
        "type": "Point",
        "coordinates": [
          -114.00673417048661,
          46.67511576807207
        ]
      }
    },
    {
      "type": "Feature",
      "properties": {
        "file": "leg09_m007_b085_2026-06-16T12-43-37.jpg",
        "leg": "leg09",
        "mark_index": 7,
        "along_track_m": 7.0,
        "achieved_heading": 87.65018592099055,
        "target_bearing": 85.2966173947774,
        "fix_type": 6,
        "hacc_m": 0.014,
        "corrupt": false,
        "position_interpolated": true,
        "captured_at_utc": "2026-06-16T18:43:37.074100+00:00"
      },
      "geometry": {
        "type": "Point",
        "coordinates": [
          -114.00672211825946,
          46.67511616726962
        ]
      }
    },
    {
      "type": "Feature",
      "properties": {
        "file": "leg09_m008_b085_2026-06-16T12-43-38.jpg",
        "leg": "leg09",
        "mark_index": 8,
        "along_track_m": 8.0,
        "achieved_heading": 86.99759010932073,
        "target_bearing": 85.2966173947774,
        "fix_type": 6,
        "hacc_m": 0.014,
        "corrupt": false,
        "position_interpolated": true,
        "captured_at_utc": "2026-06-16T18:43:38.194133+00:00"
      },
      "geometry": {
        "type": "Point",
        "coordinates": [
          -114.00670881846828,
          46.67511692326127
        ]
      }
    },
    {
      "type": "Feature",
      "properties": {
        "file": "leg09_m009_b085_2026-06-16T12-43-39.jpg",
        "leg": "leg09",
        "mark_index": 9,
        "along_track_m": 9.0,
        "achieved_heading": 88.2103783869124,
        "target_bearing": 85.2966173947774,
        "fix_type": 6,
        "hacc_m": 0.014,
        "corrupt": false,
        "position_interpolated": true,
        "captured_at_utc": "2026-06-16T18:43:39.310450+00:00"
      },
      "geometry": {
        "type": "Point",
        "coordinates": [
          -114.00669499984595,
          46.67511758696322
        ]
      }
    },
    {
      "type": "Feature",
      "properties": {
        "file": "leg09_m010_b085_2026-06-16T12-43-40.jpg",
        "leg": "leg09",
        "mark_index": 10,
        "along_track_m": 10.0,
        "achieved_heading": 88.02516402215757,
        "target_bearing": 85.2966173947774,
        "fix_type": 6,
        "hacc_m": 0.014,
        "corrupt": false,
        "position_interpolated": true,
        "captured_at_utc": "2026-06-16T18:43:40.436028+00:00"
      },
      "geometry": {
        "type": "Point",
        "coordinates": [
          -114.0066829,
          46.6751181
        ]
      }
    },
    {
      "type": "Feature",
      "properties": {
        "file": "leg09_m011_b085_2026-06-16T12-43-41.jpg",
        "leg": "leg09",
        "mark_index": 11,
        "along_track_m": 11.0,
        "achieved_heading": 88.04686567704188,
        "target_bearing": 85.2966173947774,
        "fix_type": 6,
        "hacc_m": 0.014,
        "corrupt": false,
        "position_interpolated": true,
        "captured_at_utc": "2026-06-16T18:43:41.546033+00:00"
      },
      "geometry": {
        "type": "Point",
        "coordinates": [
          -114.00666919999999,
          46.6751187
        ]
      }
    },
    {
      "type": "Feature",
      "properties": {
        "file": "leg09_m012_b085_2026-06-16T12-43-42.jpg",
        "leg": "leg09",
        "mark_index": 12,
        "along_track_m": 12.0,
        "achieved_heading": 86.87295479542007,
        "target_bearing": 85.2966173947774,
        "fix_type": 6,
        "hacc_m": 0.014,
        "corrupt": false,
        "position_interpolated": true,
        "captured_at_utc": "2026-06-16T18:43:42.680696+00:00"
      },
      "geometry": {
        "type": "Point",
        "coordinates": [
          -114.00665568771711,
          46.67511937134512
        ]
      }
    },
    {
      "type": "Feature",
      "properties": {
        "file": "leg09_m013_b085_2026-06-16T12-43-43.jpg",
        "leg": "leg09",
        "mark_index": 13,
        "along_track_m": 13.0,
        "achieved_heading": 86.93045788765627,
        "target_bearing": 85.2966173947774,
        "fix_type": 6,
        "hacc_m": 0.014,
        "corrupt": false,
        "position_interpolated": true,
        "captured_at_utc": "2026-06-16T18:43:43.718646+00:00"
      },
      "geometry": {
        "type": "Point",
        "coordinates": [
          -114.00664312314558,
          46.67511989070226
        ]
      }
    },
    {
      "type": "Feature",
      "properties": {
        "file": "leg09_m014_b085_2026-06-16T12-43-44.jpg",
        "leg": "leg09",
        "mark_index": 14,
        "along_track_m": 14.0,
        "achieved_heading": 87.05037590389854,
        "target_bearing": 85.2966173947774,
        "fix_type": 6,
        "hacc_m": 0.014,
        "corrupt": false,
        "position_interpolated": true,
        "captured_at_utc": "2026-06-16T18:43:44.834761+00:00"
      },
      "geometry": {
        "type": "Point",
        "coordinates": [
          -114.00662992277026,
          46.675120698102475
        ]
      }
    },
    {
      "type": "Feature",
      "properties": {
        "file": "leg09_m015_b085_2026-06-16T12-43-46.jpg",
        "leg": "leg09",
        "mark_index": 15,
        "along_track_m": 15.0,
        "achieved_heading": 87.9388375089993,
        "target_bearing": 85.2966173947774,
        "fix_type": 6,
        "hacc_m": 0.014,
        "corrupt": false,
        "position_interpolated": true,
        "captured_at_utc": "2026-06-16T18:43:46.026174+00:00"
      },
      "geometry": {
        "type": "Point",
        "coordinates": [
          -114.0066172,
          46.6751213
        ]
      }
    },
    {
      "type": "Feature",
      "properties": {
        "file": "leg09_m016_b085_2026-06-16T12-43-47.jpg",
        "leg": "leg09",
        "mark_index": 16,
        "along_track_m": 16.0,
        "achieved_heading": 87.36850463536976,
        "target_bearing": 85.2966173947774,
        "fix_type": 6,
        "hacc_m": 0.014,
        "corrupt": false,
        "position_interpolated": true,
        "captured_at_utc": "2026-06-16T18:43:47.158700+00:00"
      },
      "geometry": {
        "type": "Point",
        "coordinates": [
          -114.00660309999999,
          46.6751219
        ]
      }
    },
    {
      "type": "Feature",
      "properties": {
        "file": "leg09_m017_b085_2026-06-16T12-43-48.jpg",
        "leg": "leg09",
        "mark_index": 17,
        "along_track_m": 17.0,
        "achieved_heading": 85.38883337961781,
        "target_bearing": 85.2966173947774,
        "fix_type": 6,
        "hacc_m": 0.014,
        "corrupt": false,
        "position_interpolated": true,
        "captured_at_utc": "2026-06-16T18:43:48.204963+00:00"
      },
      "geometry": {
        "type": "Point",
        "coordinates": [
          -114.00659089999999,
          46.6751228
        ]
      }
    },
    {
      "type": "Feature",
      "properties": {
        "file": "leg09_m018_b085_2026-06-16T12-43-49.jpg",
        "leg": "leg09",
        "mark_index": 18,
        "along_track_m": 18.0,
        "achieved_heading": 86.40063535918793,
        "target_bearing": 85.2966173947774,
        "fix_type": 6,
        "hacc_m": 0.014,
        "corrupt": false,
        "position_interpolated": true,
        "captured_at_utc": "2026-06-16T18:43:49.321631+00:00"
      },
      "geometry": {
        "type": "Point",
        "coordinates": [
          -114.00657710159157,
          46.6751235
        ]
      }
    },
    {
      "type": "Feature",
      "properties": {
        "file": "leg09_m019_b085_2026-06-16T12-43-50.jpg",
        "leg": "leg09",
        "mark_index": 19,
        "along_track_m": 19.0,
        "achieved_heading": 86.07844472589248,
        "target_bearing": 85.2966173947774,
        "fix_type": 6,
        "hacc_m": 0.014,
        "corrupt": false,
        "position_interpolated": true,
        "captured_at_utc": "2026-06-16T18:43:50.444207+00:00"
      },
      "geometry": {
        "type": "Point",
        "coordinates": [
          -114.00656439262889,
          46.6751244
        ]
      }
    },
    {
      "type": "Feature",
      "properties": {
        "file": "leg09_m020_b085_2026-06-16T12-43-51.jpg",
        "leg": "leg09",
        "mark_index": 20,
        "along_track_m": 20.0,
        "achieved_heading": 84.69677139136286,
        "target_bearing": 85.2966173947774,
        "fix_type": 6,
        "hacc_m": 0.014,
        "corrupt": false,
        "position_interpolated": true,
        "captured_at_utc": "2026-06-16T18:43:51.565525+00:00"
      },
      "geometry": {
        "type": "Point",
        "coordinates": [
          -114.0065518,
          46.6751252
        ]
      }
    },
    {
      "type": "Feature",
      "properties": {
        "file": "leg09_m021_b085_2026-06-16T12-43-52.jpg",
        "leg": "leg09",
        "mark_index": 21,
        "along_track_m": 21.0,
        "achieved_heading": 86.26928089154566,
        "target_bearing": 85.2966173947774,
        "fix_type": 6,
        "hacc_m": 0.014,
        "corrupt": false,
        "position_interpolated": true,
        "captured_at_utc": "2026-06-16T18:43:52.546230+00:00"
      },
      "geometry": {
        "type": "Point",
        "coordinates": [
          -114.0065394,
          46.6751261
        ]
      }
    },
    {
      "type": "Feature",
      "properties": {
        "file": "leg09_m022_b085_2026-06-16T12-43-53.jpg",
        "leg": "leg09",
        "mark_index": 22,
        "along_track_m": 22.0,
        "achieved_heading": 87.16818066047304,
        "target_bearing": 85.2966173947774,
        "fix_type": 6,
        "hacc_m": 0.014,
        "corrupt": false,
        "position_interpolated": true,
        "captured_at_utc": "2026-06-16T18:43:53.731602+00:00"
      },
      "geometry": {
        "type": "Point",
        "coordinates": [
          -114.00652565682883,
          46.67512699545369
        ]
      }
    },
    {
      "type": "Feature",
      "properties": {
        "file": "leg09_m023_b085_2026-06-16T12-43-54.jpg",
        "leg": "leg09",
        "mark_index": 23,
        "along_track_m": 23.0,
        "achieved_heading": 86.8192739818347,
        "target_bearing": 85.2966173947774,
        "fix_type": 6,
        "hacc_m": 0.014,
        "corrupt": false,
        "position_interpolated": true,
        "captured_at_utc": "2026-06-16T18:43:54.855966+00:00"
      },
      "geometry": {
        "type": "Point",
        "coordinates": [
          -114.0065128378783,
          46.675127618722975
        ]
      }
    },
    {
      "type": "Feature",
      "properties": {
        "file": "leg09_m024_b085_2026-06-16T12-43-55.jpg",
        "leg": "leg09",
        "mark_index": 24,
        "along_track_m": 24.0,
        "achieved_heading": 86.59884642590853,
        "target_bearing": 85.2966173947774,
        "fix_type": 6,
        "hacc_m": 0.014,
        "corrupt": false,
        "position_interpolated": true,
        "captured_at_utc": "2026-06-16T18:43:55.978375+00:00"
      },
      "geometry": {
        "type": "Point",
        "coordinates": [
          -114.00650019999999,
          46.6751284
        ]
      }
    },
    {
      "type": "Feature",
      "properties": {
        "file": "leg09_m025_b085_2026-06-16T12-43-57.jpg",
        "leg": "leg09",
        "mark_index": 25,
        "along_track_m": 25.0,
        "achieved_heading": 87.78319628876909,
        "target_bearing": 85.2966173947774,
        "fix_type": 6,
        "hacc_m": 0.014,
        "corrupt": false,
        "position_interpolated": true,
        "captured_at_utc": "2026-06-16T18:43:57.101868+00:00"
      },
      "geometry": {
        "type": "Point",
        "coordinates": [
          -114.00648613094263,
          46.67512925895784
        ]
      }
    },
    {
      "type": "Feature",
      "properties": {
        "file": "leg09_m026_b085_2026-06-16T12-43-58.jpg",
        "leg": "leg09",
        "mark_index": 26,
        "along_track_m": 26.0,
        "achieved_heading": 87.3332596382615,
        "target_bearing": 85.2966173947774,
        "fix_type": 6,
        "hacc_m": 0.014,
        "corrupt": false,
        "position_interpolated": true,
        "captured_at_utc": "2026-06-16T18:43:58.213374+00:00"
      },
      "geometry": {
        "type": "Point",
        "coordinates": [
          -114.0064735,
          46.6751301
        ]
      }
    },
    {
      "type": "Feature",
      "properties": {
        "file": "leg09_m027_b085_2026-06-16T12-43-59.jpg",
        "leg": "leg09",
        "mark_index": 27,
        "along_track_m": 27.0,
        "achieved_heading": 88.12071379808032,
        "target_bearing": 85.2966173947774,
        "fix_type": 6,
        "hacc_m": 0.014,
        "corrupt": false,
        "position_interpolated": true,
        "captured_at_utc": "2026-06-16T18:43:59.334333+00:00"
      },
      "geometry": {
        "type": "Point",
        "coordinates": [
          -114.00645932356979,
          46.67513049901792
        ]
      }
    },
    {
      "type": "Feature",
      "properties": {
        "file": "leg09_m028_b085_2026-06-16T12-44-00.jpg",
        "leg": "leg09",
        "mark_index": 28,
        "along_track_m": 28.0,
        "achieved_heading": 84.5763514553477,
        "target_bearing": 85.2966173947774,
        "fix_type": 6,
        "hacc_m": 0.014,
        "corrupt": false,
        "position_interpolated": true,
        "captured_at_utc": "2026-06-16T18:44:00.384133+00:00"
      },
      "geometry": {
        "type": "Point",
        "coordinates": [
          -114.0064472,
          46.6751314
        ]
      }
    },
    {
      "type": "Feature",
      "properties": {
        "file": "leg09_m029_b085_2026-06-16T12-44-01.jpg",
        "leg": "leg09",
        "mark_index": 29,
        "along_track_m": 29.0,
        "achieved_heading": 86.3732691912505,
        "target_bearing": 85.2966173947774,
        "fix_type": 6,
        "hacc_m": 0.014,
        "corrupt": false,
        "position_interpolated": true,
        "captured_at_utc": "2026-06-16T18:44:01.576585+00:00"
      },
      "geometry": {
        "type": "Point",
        "coordinates": [
          -114.0064329,
          46.6751322
        ]
      }
    },
    {
      "type": "Feature",
      "properties": {
        "file": "leg09_m030_b085_2026-06-16T12-44-02.jpg",
        "leg": "leg09",
        "mark_index": 30,
        "along_track_m": 30.0,
        "achieved_heading": 87.85125381273241,
        "target_bearing": 85.2966173947774,
        "fix_type": 6,
        "hacc_m": 0.014,
        "corrupt": false,
        "position_interpolated": true,
        "captured_at_utc": "2026-06-16T18:44:02.562581+00:00"
      },
      "geometry": {
        "type": "Point",
        "coordinates": [
          -114.0064213,
          46.6751325
        ]
      }
    },
    {
      "type": "Feature",
      "properties": {
        "file": "leg09_m031_b085_2026-06-16T12-44-03.jpg",
        "leg": "leg09",
        "mark_index": 31,
        "along_track_m": 31.0,
        "achieved_heading": 85.29983599344767,
        "target_bearing": 85.2966173947774,
        "fix_type": 6,
        "hacc_m": 0.014,
        "corrupt": false,
        "position_interpolated": true,
        "captured_at_utc": "2026-06-16T18:44:03.674454+00:00"
      },
      "geometry": {
        "type": "Point",
        "coordinates": [
          -114.00640770426767,
          46.67513306937966
        ]
      }
    },
    {
      "type": "Feature",
      "properties": {
        "file": "leg09_m032_b085_2026-06-16T12-44-04.jpg",
        "leg": "leg09",
        "mark_index": 32,
        "along_track_m": 32.0,
        "achieved_heading": 85.35909059875326,
        "target_bearing": 85.2966173947774,
        "fix_type": 6,
        "hacc_m": 0.014,
        "corrupt": false,
        "position_interpolated": true,
        "captured_at_utc": "2026-06-16T18:44:04.798951+00:00"
      },
      "geometry": {
        "type": "Point",
        "coordinates": [
          -114.00639509999999,
          46.6751338
        ]
      }
    },
    {
      "type": "Feature",
      "properties": {
        "file": "leg09_m033_b085_2026-06-16T12-44-06.jpg",
        "leg": "leg09",
        "mark_index": 33,
        "along_track_m": 33.0,
        "achieved_heading": 85.92871209609567,
        "target_bearing": 85.2966173947774,
        "fix_type": 6,
        "hacc_m": 0.014,
        "corrupt": false,
        "position_interpolated": true,
        "captured_at_utc": "2026-06-16T18:44:05.983521+00:00"
      },
      "geometry": {
        "type": "Point",
        "coordinates": [
          -114.0063809,
          46.6751346
        ]
      }
    },
    {
      "type": "Feature",
      "properties": {
        "file": "leg09_m034_b085_2026-06-16T12-44-07.jpg",
        "leg": "leg09",
        "mark_index": 34,
        "along_track_m": 34.0,
        "achieved_heading": 85.67282358993747,
        "target_bearing": 85.2966173947774,
        "fix_type": 6,
        "hacc_m": 0.014,
        "corrupt": false,
        "position_interpolated": true,
        "captured_at_utc": "2026-06-16T18:44:07.111906+00:00"
      },
      "geometry": {
        "type": "Point",
        "coordinates": [
          -114.00636744248625,
          46.67513506596259
        ]
      }
    },
    {
      "type": "Feature",
      "properties": {
        "file": "leg09_m035_b085_2026-06-16T12-44-08.jpg",
        "leg": "leg09",
        "mark_index": 35,
        "along_track_m": 35.0,
        "achieved_heading": 86.15535811234786,
        "target_bearing": 85.2966173947774,
        "fix_type": 6,
        "hacc_m": 0.014,
        "corrupt": false,
        "position_interpolated": true,
        "captured_at_utc": "2026-06-16T18:44:08.150296+00:00"
      },
      "geometry": {
        "type": "Point",
        "coordinates": [
          -114.00635550576077,
          46.67513549975996
        ]
      }
    },
    {
      "type": "Feature",
      "properties": {
        "file": "leg09_m036_b085_2026-06-16T12-44-09.jpg",
        "leg": "leg09",
        "mark_index": 36,
        "along_track_m": 36.0,
        "achieved_heading": 83.62199249128233,
        "target_bearing": 85.2966173947774,
        "fix_type": 6,
        "hacc_m": 0.014,
        "corrupt": false,
        "position_interpolated": true,
        "captured_at_utc": "2026-06-16T18:44:09.206416+00:00"
      },
      "geometry": {
        "type": "Point",
        "coordinates": [
          -114.00634339999999,
          46.6751363
        ]
      }
    },
    {
      "type": "Feature",
      "properties": {
        "file": "leg09_m037_b085_2026-06-16T12-44-10.jpg",
        "leg": "leg09",
        "mark_index": 37,
        "along_track_m": 37.0,
        "achieved_heading": 83.999160927204,
        "target_bearing": 85.2966173947774,
        "fix_type": 6,
        "hacc_m": 0.014,
        "corrupt": false,
        "position_interpolated": true,
        "captured_at_utc": "2026-06-16T18:44:10.341576+00:00"
      },
      "geometry": {
        "type": "Point",
        "coordinates": [
          -114.0063289,
          46.675137299999996
        ]
      }
    },
    {
      "type": "Feature",
      "properties": {
        "file": "leg09_m038_b085_2026-06-16T12-44-11.jpg",
        "leg": "leg09",
        "mark_index": 38,
        "along_track_m": 38.0,
        "achieved_heading": 84.57975264224591,
        "target_bearing": 85.2966173947774,
        "fix_type": 6,
        "hacc_m": 0.014,
        "corrupt": false,
        "position_interpolated": true,
        "captured_at_utc": "2026-06-16T18:44:11.446283+00:00"
      },
      "geometry": {
        "type": "Point",
        "coordinates": [
          -114.00631729999999,
          46.6751382
        ]
      }
    },
    {
      "type": "Feature",
      "properties": {
        "file": "leg09_m039_b085_2026-06-16T12-44-12.jpg",
        "leg": "leg09",
        "mark_index": 39,
        "along_track_m": 39.0,
        "achieved_heading": 85.48355576149407,
        "target_bearing": 85.2966173947774,
        "fix_type": 6,
        "hacc_m": 0.014,
        "corrupt": false,
        "position_interpolated": true,
        "captured_at_utc": "2026-06-16T18:44:12.564411+00:00"
      },
      "geometry": {
        "type": "Point",
        "coordinates": [
          -114.0063029,
          46.6751392
        ]
      }
    },
    {
      "type": "Feature",
      "properties": {
        "file": "leg09_m040_b085_2026-06-16T12-44-13.jpg",
        "leg": "leg09",
        "mark_index": 40,
        "along_track_m": 40.0,
        "achieved_heading": 87.57708503634228,
        "target_bearing": 85.2966173947774,
        "fix_type": 6,
        "hacc_m": 0.014,
        "corrupt": false,
        "position_interpolated": true,
        "captured_at_utc": "2026-06-16T18:44:13.560078+00:00"
      },
      "geometry": {
        "type": "Point",
        "coordinates": [
          -114.00629119999999,
          46.6751398
        ]
      }
    },
    {
      "type": "Feature",
      "properties": {
        "file": "leg09_m041_b085_2026-06-16T12-44-14.jpg",
        "leg": "leg09",
        "mark_index": 41,
        "along_track_m": 41.0,
        "achieved_heading": 86.54159476973717,
        "target_bearing": 85.2966173947774,
        "fix_type": 6,
        "hacc_m": 0.014,
        "corrupt": false,
        "position_interpolated": true,
        "captured_at_utc": "2026-06-16T18:44:14.672513+00:00"
      },
      "geometry": {
        "type": "Point",
        "coordinates": [
          -114.0062779116142,
          46.675140390606295
        ]
      }
    },
    {
      "type": "Feature",
      "properties": {
        "file": "leg09_m042_b085_2026-06-16T12-44-15.jpg",
        "leg": "leg09",
        "mark_index": 42,
        "along_track_m": 42.0,
        "achieved_heading": 86.70602570844466,
        "target_bearing": 85.2966173947774,
        "fix_type": 6,
        "hacc_m": 0.014,
        "corrupt": false,
        "position_interpolated": true,
        "captured_at_utc": "2026-06-16T18:44:15.783971+00:00"
      },
      "geometry": {
        "type": "Point",
        "coordinates": [
          -114.00626476496478,
          46.6751409465248
        ]
      }
    },
    {
      "type": "Feature",
      "properties": {
        "file": "leg09_m043_b085_2026-06-16T12-44-16.jpg",
        "leg": "leg09",
        "mark_index": 43,
        "along_track_m": 43.0,
        "achieved_heading": 85.80260888601927,
        "target_bearing": 85.2966173947774,
        "fix_type": 6,
        "hacc_m": 0.014,
        "corrupt": false,
        "position_interpolated": true,
        "captured_at_utc": "2026-06-16T18:44:16.979437+00:00"
      },
      "geometry": {
        "type": "Point",
        "coordinates": [
          -114.00625129999999,
          46.675141599999996
        ]
      }
    },
    {
      "type": "Feature",
      "properties": {
        "file": "leg09_m044_b085_2026-06-16T12-44-18.jpg",
        "leg": "leg09",
        "mark_index": 44,
        "along_track_m": 44.0,
        "achieved_heading": 84.47041317350539,
        "target_bearing": 85.2966173947774,
        "fix_type": 6,
        "hacc_m": 0.014,
        "corrupt": false,
        "position_interpolated": true,
        "captured_at_utc": "2026-06-16T18:44:18.036834+00:00"
      },
      "geometry": {
        "type": "Point",
        "coordinates": [
          -114.0062380704912,
          46.6751426411886
        ]
      }
    },
    {
      "type": "Feature",
      "properties": {
        "file": "leg09_m045_b085_2026-06-16T12-44-19.jpg",
        "leg": "leg09",
        "mark_index": 45,
        "along_track_m": 45.0,
        "achieved_heading": 86.98353283339085,
        "target_bearing": 85.2966173947774,
        "fix_type": 6,
        "hacc_m": 0.014,
        "corrupt": false,
        "position_interpolated": true,
        "captured_at_utc": "2026-06-16T18:44:19.218668+00:00"
      },
      "geometry": {
        "type": "Point",
        "coordinates": [
          -114.0062253,
          46.6751435
        ]
      }
    },
    {
      "type": "Feature",
      "properties": {
        "file": "leg09_m046_b085_2026-06-16T12-44-20.jpg",
        "leg": "leg09",
        "mark_index": 46,
        "along_track_m": 46.0,
        "achieved_heading": 86.34284556675124,
        "target_bearing": 85.2966173947774,
        "fix_type": 6,
        "hacc_m": 0.014,
        "corrupt": false,
        "position_interpolated": true,
        "captured_at_utc": "2026-06-16T18:44:20.269377+00:00"
      },
      "geometry": {
        "type": "Point",
        "coordinates": [
          -114.006211989695,
          46.6751443
        ]
      }
    },
    {
      "type": "Feature",
      "properties": {
        "file": "leg09_m047_b085_2026-06-16T12-44-21.jpg",
        "leg": "leg09",
        "mark_index": 47,
        "along_track_m": 47.0,
        "achieved_heading": 85.57488558344103,
        "target_bearing": 85.2966173947774,
        "fix_type": 6,
        "hacc_m": 0.014,
        "corrupt": false,
        "position_interpolated": true,
        "captured_at_utc": "2026-06-16T18:44:21.187572+00:00"
      },
      "geometry": {
        "type": "Point",
        "coordinates": [
          -114.00620119096867,
          46.67514494426359
        ]
      }
    },
    {
      "type": "Feature",
      "properties": {
        "file": "leg09_m048_b085_2026-06-16T12-44-22.jpg",
        "leg": "leg09",
        "mark_index": 48,
        "along_track_m": 48.0,
        "achieved_heading": 85.12130696517187,
        "target_bearing": 85.2966173947774,
        "fix_type": 6,
        "hacc_m": 0.014,
        "corrupt": false,
        "position_interpolated": true,
        "captured_at_utc": "2026-06-16T18:44:22.579308+00:00"
      },
      "geometry": {
        "type": "Point",
        "coordinates": [
          -114.00618519999999,
          46.675145699999995
        ]
      }
    },
    {
      "type": "Feature",
      "properties": {
        "file": "leg09_m049_b085_2026-06-16T12-44-23.jpg",
        "leg": "leg09",
        "mark_index": 49,
        "along_track_m": 49.0,
        "achieved_heading": 84.46618503030541,
        "target_bearing": 85.2966173947774,
        "fix_type": 6,
        "hacc_m": 0.014,
        "corrupt": false,
        "position_interpolated": true,
        "captured_at_utc": "2026-06-16T18:44:23.704798+00:00"
      },
      "geometry": {
        "type": "Point",
        "coordinates": [
          -114.00617186111367,
          46.675146684299406
        ]
      }
    },
    {
      "type": "Feature",
      "properties": {
        "file": "leg09_m050_b085_2026-06-16T12-44-24.jpg",
        "leg": "leg09",
        "mark_index": 50,
        "along_track_m": 50.0,
        "achieved_heading": 85.46093952165293,
        "target_bearing": 85.2966173947774,
        "fix_type": 6,
        "hacc_m": 0.014,
        "corrupt": false,
        "position_interpolated": true,
        "captured_at_utc": "2026-06-16T18:44:24.818441+00:00"
      },
      "geometry": {
        "type": "Point",
        "coordinates": [
          -114.00616,
          46.6751477
        ]
      }
    },
    {
      "type": "Feature",
      "properties": {
        "file": "leg09_m051_b085_2026-06-16T12-44-26.jpg",
        "leg": "leg09",
        "mark_index": 51,
        "along_track_m": 51.0,
        "achieved_heading": 85.32328558464062,
        "target_bearing": 85.2966173947774,
        "fix_type": 6,
        "hacc_m": 0.014,
        "corrupt": false,
        "position_interpolated": true,
        "captured_at_utc": "2026-06-16T18:44:25.942171+00:00"
      },
      "geometry": {
        "type": "Point",
        "coordinates": [
          -114.00614639999999,
          46.6751484
        ]
      }
    },
    {
      "type": "Feature",
      "properties": {
        "file": "leg09_m052_b085_2026-06-16T12-44-27.jpg",
        "leg": "leg09",
        "mark_index": 52,
        "along_track_m": 52.0,
        "achieved_heading": 84.31742481767135,
        "target_bearing": 85.2966173947774,
        "fix_type": 6,
        "hacc_m": 0.014,
        "corrupt": false,
        "position_interpolated": true,
        "captured_at_utc": "2026-06-16T18:44:27.126390+00:00"
      },
      "geometry": {
        "type": "Point",
        "coordinates": [
          -114.00613298697887,
          46.67514908130211
        ]
      }
    },
    {
      "type": "Feature",
      "properties": {
        "file": "leg09_m053_b085_2026-06-16T12-44-28.jpg",
        "leg": "leg09",
        "mark_index": 53,
        "along_track_m": 53.0,
        "achieved_heading": 86.14569779537301,
        "target_bearing": 85.2966173947774,
        "fix_type": 6,
        "hacc_m": 0.014,
        "corrupt": false,
        "position_interpolated": true,
        "captured_at_utc": "2026-06-16T18:44:28.252258+00:00"
      },
      "geometry": {
        "type": "Point",
        "coordinates": [
          -114.0061207,
          46.6751497
        ]
      }
    },
    {
      "type": "Feature",
      "properties": {
        "file": "leg09_m054_b085_2026-06-16T12-44-29.jpg",
        "leg": "leg09",
        "mark_index": 54,
        "along_track_m": 54.0,
        "achieved_heading": 84.47788275397042,
        "target_bearing": 85.2966173947774,
        "fix_type": 6,
        "hacc_m": 0.014,
        "corrupt": false,
        "position_interpolated": true,
        "captured_at_utc": "2026-06-16T18:44:29.369181+00:00"
      },
      "geometry": {
        "type": "Point",
        "coordinates": [
          -114.0061066,
          46.675150599999995
        ]
      }
    },
    {
      "type": "Feature",
      "properties": {
        "file": "leg09_m055_b085_2026-06-16T12-44-30.jpg",
        "leg": "leg09",
        "mark_index": 55,
        "along_track_m": 55.0,
        "achieved_heading": 85.32670636915176,
        "target_bearing": 85.2966173947774,
        "fix_type": 6,
        "hacc_m": 0.014,
        "corrupt": false,
        "position_interpolated": true,
        "captured_at_utc": "2026-06-16T18:44:30.349653+00:00"
      },
      "geometry": {
        "type": "Point",
        "coordinates": [
          -114.0060953,
          46.6751514
        ]
      }
    },
    {
      "type": "Feature",
      "properties": {
        "file": "leg09_m056_b085_2026-06-16T12-44-31.jpg",
        "leg": "leg09",
        "mark_index": 56,
        "along_track_m": 56.0,
        "achieved_heading": 86.58005169748762,
        "target_bearing": 85.2966173947774,
        "fix_type": 6,
        "hacc_m": 0.014,
        "corrupt": false,
        "position_interpolated": true,
        "captured_at_utc": "2026-06-16T18:44:31.469680+00:00"
      },
      "geometry": {
        "type": "Point",
        "coordinates": [
          -114.0060819655575,
          46.6751521
        ]
      }
    },
    {
      "type": "Feature",
      "properties": {
        "file": "leg09_m057_b085_2026-06-16T12-44-32.jpg",
        "leg": "leg09",
        "mark_index": 57,
        "along_track_m": 57.0,
        "achieved_heading": 87.11601865881858,
        "target_bearing": 85.2966173947774,
        "fix_type": 6,
        "hacc_m": 0.014,
        "corrupt": false,
        "position_interpolated": true,
        "captured_at_utc": "2026-06-16T18:44:32.596618+00:00"
      },
      "geometry": {
        "type": "Point",
        "coordinates": [
          -114.00606900823615,
          46.67515292341732
        ]
      }
    },
    {
      "type": "Feature",
      "properties": {
        "file": "leg09_m058_b085_2026-06-16T12-44-33.jpg",
        "leg": "leg09",
        "mark_index": 58,
        "along_track_m": 58.0,
        "achieved_heading": 86.32336415910179,
        "target_bearing": 85.2966173947774,
        "fix_type": 6,
        "hacc_m": 0.014,
        "corrupt": false,
        "position_interpolated": true,
        "captured_at_utc": "2026-06-16T18:44:33.764800+00:00"
      },
      "geometry": {
        "type": "Point",
        "coordinates": [
          -114.0060556,
          46.6751532
        ]
      }
    },
    {
      "type": "Feature",
      "properties": {
        "file": "leg09_m059_b085_2026-06-16T12-44-34.jpg",
        "leg": "leg09",
        "mark_index": 59,
        "along_track_m": 59.0,
        "achieved_heading": 84.57917078348642,
        "target_bearing": 85.2966173947774,
        "fix_type": 6,
        "hacc_m": 0.014,
        "corrupt": false,
        "position_interpolated": true,
        "captured_at_utc": "2026-06-16T18:44:34.904223+00:00"
      },
      "geometry": {
        "type": "Point",
        "coordinates": [
          -114.00604225426062,
          46.67515418182957
        ]
      }
    },
    {
      "type": "Feature",
      "properties": {
        "file": "leg09_m060_b085_2026-06-16T12-44-36.jpg",
        "leg": "leg09",
        "mark_index": 60,
        "along_track_m": 60.0,
        "achieved_heading": 85.95730305719086,
        "target_bearing": 85.2966173947774,
        "fix_type": 6,
        "hacc_m": 0.014,
        "corrupt": false,
        "position_interpolated": true,
        "captured_at_utc": "2026-06-16T18:44:36.089896+00:00"
      },
      "geometry": {
        "type": "Point",
        "coordinates": [
          -114.00602874507383,
          46.67515507134331
        ]
      }
    },
    {
      "type": "Feature",
      "properties": {
        "file": "leg09_m061_b085_2026-06-16T12-44-37.jpg",
        "leg": "leg09",
        "mark_index": 61,
        "along_track_m": 61.0,
        "achieved_heading": 86.50617420786614,
        "target_bearing": 85.2966173947774,
        "fix_type": 6,
        "hacc_m": 0.014,
        "corrupt": false,
        "position_interpolated": true,
        "captured_at_utc": "2026-06-16T18:44:37.221001+00:00"
      },
      "geometry": {
        "type": "Point",
        "coordinates": [
          -114.00601619999999,
          46.6751556
        ]
      }
    },
    {
      "type": "Feature",
      "properties": {
        "file": "leg09_m062_b085_2026-06-16T12-44-38.jpg",
        "leg": "leg09",
        "mark_index": 62,
        "along_track_m": 62.0,
        "achieved_heading": 85.81231812870377,
        "target_bearing": 85.2966173947774,
        "fix_type": 6,
        "hacc_m": 0.014,
        "corrupt": false,
        "position_interpolated": true,
        "captured_at_utc": "2026-06-16T18:44:38.250608+00:00"
      },
      "geometry": {
        "type": "Point",
        "coordinates": [
          -114.00600275498944,
          46.675156
        ]
      }
    },
    {
      "type": "Feature",
      "properties": {
        "file": "leg09_m063_b085_2026-06-16T12-44-39.jpg",
        "leg": "leg09",
        "mark_index": 63,
        "along_track_m": 63.0,
        "achieved_heading": 84.16541178703011,
        "target_bearing": 85.2966173947774,
        "fix_type": 6,
        "hacc_m": 0.014,
        "corrupt": false,
        "position_interpolated": true,
        "captured_at_utc": "2026-06-16T18:44:39.380726+00:00"
      },
      "geometry": {
        "type": "Point",
        "coordinates": [
          -114.0059902,
          46.675156799999996
        ]
      }
    },
    {
      "type": "Feature",
      "properties": {
        "file": "leg09_m064_b085_2026-06-16T12-44-40.jpg",
        "leg": "leg09",
        "mark_index": 64,
        "along_track_m": 64.0,
        "achieved_heading": 84.99898762495658,
        "target_bearing": 85.2966173947774,
        "fix_type": 6,
        "hacc_m": 0.014,
        "corrupt": false,
        "position_interpolated": true,
        "captured_at_utc": "2026-06-16T18:44:40.512934+00:00"
      },
      "geometry": {
        "type": "Point",
        "coordinates": [
          -114.00597651874477,
          46.6751578476569
        ]
      }
    },
    {
      "type": "Feature",
      "properties": {
        "file": "leg09_m065_b085_2026-06-16T12-44-41.jpg",
        "leg": "leg09",
        "mark_index": 65,
        "along_track_m": 65.0,
        "achieved_heading": 86.10130871197676,
        "target_bearing": 85.2966173947774,
        "fix_type": 6,
        "hacc_m": 0.014,
        "corrupt": false,
        "position_interpolated": true,
        "captured_at_utc": "2026-06-16T18:44:41.623655+00:00"
      },
      "geometry": {
        "type": "Point",
        "coordinates": [
          -114.0059644,
          46.6751584
        ]
      }
    },
    {
      "type": "Feature",
      "properties": {
        "file": "leg09_m066_b085_2026-06-16T12-44-42.jpg",
        "leg": "leg09",
        "mark_index": 66,
        "along_track_m": 66.0,
        "achieved_heading": 86.00772376594884,
        "target_bearing": 85.2966173947774,
        "fix_type": 6,
        "hacc_m": 0.014,
        "corrupt": false,
        "position_interpolated": true,
        "captured_at_utc": "2026-06-16T18:44:42.736319+00:00"
      },
      "geometry": {
        "type": "Point",
        "coordinates": [
          -114.00595011118135,
          46.67515919898351
        ]
      }
    },
    {
      "type": "Feature",
      "properties": {
        "file": "leg09_m067_b085_2026-06-16T12-44-43.jpg",
        "leg": "leg09",
        "mark_index": 67,
        "along_track_m": 67.0,
        "achieved_heading": 85.76388158154026,
        "target_bearing": 85.2966173947774,
        "fix_type": 6,
        "hacc_m": 0.014,
        "corrupt": false,
        "position_interpolated": true,
        "captured_at_utc": "2026-06-16T18:44:43.718683+00:00"
      },
      "geometry": {
        "type": "Point",
        "coordinates": [
          -114.00593847186241,
          46.675159699999995
        ]
      }
    },
    {
      "type": "Feature",
      "properties": {
        "file": "leg09_m068_b085_2026-06-16T12-44-45.jpg",
        "leg": "leg09",
        "mark_index": 68,
        "along_track_m": 68.0,
        "achieved_heading": 86.01784071777743,
        "target_bearing": 85.2966173947774,
        "fix_type": 6,
        "hacc_m": 0.014,
        "corrupt": false,
        "position_interpolated": true,
        "captured_at_utc": "2026-06-16T18:44:44.985264+00:00"
      },
      "geometry": {
        "type": "Point",
        "coordinates": [
          -114.0059241,
          46.6751602
        ]
      }
    },
    {
      "type": "Feature",
      "properties": {
        "file": "leg09_m069_b085_2026-06-16T12-44-46.jpg",
        "leg": "leg09",
        "mark_index": 69,
        "along_track_m": 69.0,
        "achieved_heading": 84.57181619921269,
        "target_bearing": 85.2966173947774,
        "fix_type": 6,
        "hacc_m": 0.014,
        "corrupt": false,
        "position_interpolated": true,
        "captured_at_utc": "2026-06-16T18:44:45.984511+00:00"
      },
      "geometry": {
        "type": "Point",
        "coordinates": [
          -114.00591159999999,
          46.675160899999995
        ]
      }
    },
    {
      "type": "Feature",
      "properties": {
        "file": "leg09_m070_b085_2026-06-16T12-44-46.jpg",
        "leg": "leg09",
        "mark_index": 70,
        "along_track_m": 69.6,
        "achieved_heading": 86.87845379064953,
        "target_bearing": 85.2966173947774,
        "fix_type": 6,
        "hacc_m": 0.014,
        "corrupt": false,
        "position_interpolated": true,
        "captured_at_utc": "2026-06-16T18:44:46.602076+00:00"
      },
      "geometry": {
        "type": "Point",
        "coordinates": [
          -114.0059045,
          46.6751612
        ]
      }
    },
    {
      "type": "Feature",
      "properties": {
        "file": "leg10_m000_b355_2026-06-16T12-44-51.jpg",
        "leg": "leg10",
        "mark_index": 0,
        "along_track_m": 0.0,
        "achieved_heading": 353.1096134340268,
        "target_bearing": 355.32685178376335,
        "fix_type": 6,
        "hacc_m": 0.014,
        "corrupt": false,
        "position_interpolated": true,
        "captured_at_utc": "2026-06-16T18:44:51.000757+00:00"
      },
      "geometry": {
        "type": "Point",
        "coordinates": [
          -114.00590079999999,
          46.6751618
        ]
      }
    },
    {
      "type": "Feature",
      "properties": {
        "file": "leg10_m001_b355_2026-06-16T12-44-52.jpg",
        "leg": "leg10",
        "mark_index": 1,
        "along_track_m": 1.0,
        "achieved_heading": 343.0216028309379,
        "target_bearing": 355.32685178376335,
        "fix_type": 6,
        "hacc_m": 0.014,
        "corrupt": false,
        "position_interpolated": true,
        "captured_at_utc": "2026-06-16T18:44:52.541286+00:00"
      },
      "geometry": {
        "type": "Point",
        "coordinates": [
          -114.00590416754953,
          46.675170625827526
        ]
      }
    },
    {
      "type": "Feature",
      "properties": {
        "file": "leg10_m002_b355_2026-06-16T12-44-53.jpg",
        "leg": "leg10",
        "mark_index": 2,
        "along_track_m": 2.0,
        "achieved_heading": 347.6892035089712,
        "target_bearing": 355.32685178376335,
        "fix_type": 6,
        "hacc_m": 0.014,
        "corrupt": false,
        "position_interpolated": true,
        "captured_at_utc": "2026-06-16T18:44:53.600660+00:00"
      },
      "geometry": {
        "type": "Point",
        "coordinates": [
          -114.0059074,
          46.675179299999996
        ]
      }
    },
    {
      "type": "Feature",
      "properties": {
        "file": "leg10_m003_b355_2026-06-16T12-44-54.jpg",
        "leg": "leg10",
        "mark_index": 3,
        "along_track_m": 3.0,
        "achieved_heading": 355.19220042776834,
        "target_bearing": 355.32685178376335,
        "fix_type": 6,
        "hacc_m": 0.014,
        "corrupt": false,
        "position_interpolated": true,
        "captured_at_utc": "2026-06-16T18:44:54.577799+00:00"
      },
      "geometry": {
        "type": "Point",
        "coordinates": [
          -114.0059091,
          46.675188399999996
        ]
      }
    },
    {
      "type": "Feature",
      "properties": {
        "file": "leg10_m004_b355_2026-06-16T12-44-55.jpg",
        "leg": "leg10",
        "mark_index": 4,
        "along_track_m": 4.0,
        "achieved_heading": 1.7746260571288062,
        "target_bearing": 355.32685178376335,
        "fix_type": 6,
        "hacc_m": 0.014,
        "corrupt": false,
        "position_interpolated": true,
        "captured_at_utc": "2026-06-16T18:44:55.486189+00:00"
      },
      "geometry": {
        "type": "Point",
        "coordinates": [
          -114.0059095758383,
          46.67519684092781
        ]
      }
    },
    {
      "type": "Feature",
      "properties": {
        "file": "leg10_m005_b355_2026-06-16T12-44-56.jpg",
        "leg": "leg10",
        "mark_index": 5,
        "along_track_m": 4.858,
        "achieved_heading": 7.185524882785273,
        "target_bearing": 355.32685178376335,
        "fix_type": 6,
        "hacc_m": 0.014,
        "corrupt": false,
        "position_interpolated": true,
        "captured_at_utc": "2026-06-16T18:44:56.324274+00:00"
      },
      "geometry": {
        "type": "Point",
        "coordinates": [
          -114.00590873035586,
          46.675204190718866
        ]
      }
    },
    {
      "type": "Feature",
      "properties": {
        "file": "leg11_m000_b265_2026-06-16T12-45-00.jpg",
        "leg": "leg11",
        "mark_index": 0,
        "along_track_m": 0.0,
        "achieved_heading": 266.5181580812284,
        "target_bearing": 265.29727667875375,
        "fix_type": 6,
        "hacc_m": 0.014,
        "corrupt": false,
        "position_interpolated": true,
        "captured_at_utc": "2026-06-16T18:45:00.880384+00:00"
      },
      "geometry": {
        "type": "Point",
        "coordinates": [
          -114.0059105,
          46.675207799999995
        ]
      }
    },
    {
      "type": "Feature",
      "properties": {
        "file": "leg11_m001_b265_2026-06-16T12-45-02.jpg",
        "leg": "leg11",
        "mark_index": 1,
        "along_track_m": 1.0,
        "achieved_heading": 263.4614282442055,
        "target_bearing": 265.29727667875375,
        "fix_type": 6,
        "hacc_m": 0.014,
        "corrupt": false,
        "position_interpolated": true,
        "captured_at_utc": "2026-06-16T18:45:02.149798+00:00"
      },
      "geometry": {
        "type": "Point",
        "coordinates": [
          -114.00592195866739,
          46.675207501476166
        ]
      }
    },
    {
      "type": "Feature",
      "properties": {
        "file": "leg11_m002_b265_2026-06-16T12-45-03.jpg",
        "leg": "leg11",
        "mark_index": 2,
        "along_track_m": 2.0,
        "achieved_heading": 258.82625697737666,
        "target_bearing": 265.29727667875375,
        "fix_type": 6,
        "hacc_m": 0.014,
        "corrupt": false,
        "position_interpolated": true,
        "captured_at_utc": "2026-06-16T18:45:03.198307+00:00"
      },
      "geometry": {
        "type": "Point",
        "coordinates": [
          -114.0059349,
          46.6752069
        ]
      }
    },
    {
      "type": "Feature",
      "properties": {
        "file": "leg11_m003_b265_2026-06-16T12-45-04.jpg",
        "leg": "leg11",
        "mark_index": 3,
        "along_track_m": 3.0,
        "achieved_heading": 254.6522021440691,
        "target_bearing": 265.29727667875375,
        "fix_type": 6,
        "hacc_m": 0.014,
        "corrupt": false,
        "position_interpolated": true,
        "captured_at_utc": "2026-06-16T18:45:04.179486+00:00"
      },
      "geometry": {
        "type": "Point",
        "coordinates": [
          -114.00594749999999,
          46.675205899999995
        ]
      }
    },
    {
      "type": "Feature",
      "properties": {
        "file": "leg11_m004_b265_2026-06-16T12-45-05.jpg",
        "leg": "leg11",
        "mark_index": 4,
        "along_track_m": 4.0,
        "achieved_heading": 254.51503604791475,
        "target_bearing": 265.29727667875375,
        "fix_type": 6,
        "hacc_m": 0.014,
        "corrupt": false,
        "position_interpolated": true,
        "captured_at_utc": "2026-06-16T18:45:05.217028+00:00"
      },
      "geometry": {
        "type": "Point",
        "coordinates": [
          -114.00596019999999,
          46.675204099999995
        ]
      }
    },
    {
      "type": "Feature",
      "properties": {
        "file": "leg11_m005_b265_2026-06-16T12-45-06.jpg",
        "leg": "leg11",
        "mark_index": 5,
        "along_track_m": 5.0,
        "achieved_heading": 256.8199753480603,
        "target_bearing": 265.29727667875375,
        "fix_type": 6,
        "hacc_m": 0.014,
        "corrupt": false,
        "position_interpolated": true,
        "captured_at_utc": "2026-06-16T18:45:06.201431+00:00"
      },
      "geometry": {
        "type": "Point",
        "coordinates": [
          -114.0059732,
          46.675202299999995
        ]
      }
    },
    {
      "type": "Feature",
      "properties": {
        "file": "leg11_m006_b265_2026-06-16T12-45-07.jpg",
        "leg": "leg11",
        "mark_index": 6,
        "along_track_m": 6.0,
        "achieved_heading": 259.3479813744376,
        "target_bearing": 265.29727667875375,
        "fix_type": 6,
        "hacc_m": 0.014,
        "corrupt": false,
        "position_interpolated": true,
        "captured_at_utc": "2026-06-16T18:45:07.177882+00:00"
      },
      "geometry": {
        "type": "Point",
        "coordinates": [
          -114.0059861,
          46.675201099999995
        ]
      }
    },
    {
      "type": "Feature",
      "properties": {
        "file": "leg11_m007_b265_2026-06-16T12-45-08.jpg",
        "leg": "leg11",
        "mark_index": 7,
        "along_track_m": 7.0,
        "achieved_heading": 259.86733994270816,
        "target_bearing": 265.29727667875375,
        "fix_type": 6,
        "hacc_m": 0.014,
        "corrupt": false,
        "position_interpolated": true,
        "captured_at_utc": "2026-06-16T18:45:08.225281+00:00"
      },
      "geometry": {
        "type": "Point",
        "coordinates": [
          -114.0059989,
          46.6752
        ]
      }
    },
    {
      "type": "Feature",
      "properties": {
        "file": "leg11_m008_b265_2026-06-16T12-45-09.jpg",
        "leg": "leg11",
        "mark_index": 8,
        "along_track_m": 8.0,
        "achieved_heading": 260.1149421705124,
        "target_bearing": 265.29727667875375,
        "fix_type": 6,
        "hacc_m": 0.014,
        "corrupt": false,
        "position_interpolated": true,
        "captured_at_utc": "2026-06-16T18:45:09.136622+00:00"
      },
      "geometry": {
        "type": "Point",
        "coordinates": [
          -114.00601182441625,
          46.67519910302335
        ]
      }
    },
    {
      "type": "Feature",
      "properties": {
        "file": "leg11_m009_b265_2026-06-16T12-45-10.jpg",
        "leg": "leg11",
        "mark_index": 9,
        "along_track_m": 9.0,
        "achieved_heading": 261.5523219489726,
        "target_bearing": 265.29727667875375,
        "fix_type": 6,
        "hacc_m": 0.014,
        "corrupt": false,
        "position_interpolated": true,
        "captured_at_utc": "2026-06-16T18:45:10.197511+00:00"
      },
      "geometry": {
        "type": "Point",
        "coordinates": [
          -114.006025,
          46.675198099999996
        ]
      }
    },
    {
      "type": "Feature",
      "properties": {
        "file": "leg11_m010_b265_2026-06-16T12-45-11.jpg",
        "leg": "leg11",
        "mark_index": 10,
        "along_track_m": 10.0,
        "achieved_heading": 261.31538363886665,
        "target_bearing": 265.29727667875375,
        "fix_type": 6,
        "hacc_m": 0.014,
        "corrupt": false,
        "position_interpolated": true,
        "captured_at_utc": "2026-06-16T18:45:11.238190+00:00"
      },
      "geometry": {
        "type": "Point",
        "coordinates": [
          -114.0060383,
          46.675197499999996
        ]
      }
    },
    {
      "type": "Feature",
      "properties": {
        "file": "leg11_m011_b265_2026-06-16T12-45-12.jpg",
        "leg": "leg11",
        "mark_index": 11,
        "along_track_m": 11.0,
        "achieved_heading": 260.2595717346958,
        "target_bearing": 265.29727667875375,
        "fix_type": 6,
        "hacc_m": 0.014,
        "corrupt": false,
        "position_interpolated": true,
        "captured_at_utc": "2026-06-16T18:45:12.221054+00:00"
      },
      "geometry": {
        "type": "Point",
        "coordinates": [
          -114.0060513,
          46.6751965
        ]
      }
    },
    {
      "type": "Feature",
      "properties": {
        "file": "leg11_m012_b265_2026-06-16T12-45-13.jpg",
        "leg": "leg11",
        "mark_index": 12,
        "along_track_m": 12.0,
        "achieved_heading": 260.7620913922661,
        "target_bearing": 265.29727667875375,
        "fix_type": 6,
        "hacc_m": 0.014,
        "corrupt": false,
        "position_interpolated": true,
        "captured_at_utc": "2026-06-16T18:45:13.198627+00:00"
      },
      "geometry": {
        "type": "Point",
        "coordinates": [
          -114.00606429999999,
          46.675195599999995
        ]
      }
    },
    {
      "type": "Feature",
      "properties": {
        "file": "leg11_m013_b265_2026-06-16T12-45-14.jpg",
        "leg": "leg11",
        "mark_index": 13,
        "along_track_m": 13.0,
        "achieved_heading": 262.4589420555633,
        "target_bearing": 265.29727667875375,
        "fix_type": 6,
        "hacc_m": 0.014,
        "corrupt": false,
        "position_interpolated": true,
        "captured_at_utc": "2026-06-16T18:45:14.180500+00:00"
      },
      "geometry": {
        "type": "Point",
        "coordinates": [
          -114.0060772,
          46.6751947
        ]
      }
    },
    {
      "type": "Feature",
      "properties": {
        "file": "leg11_m014_b265_2026-06-16T12-45-15.jpg",
        "leg": "leg11",
        "mark_index": 14,
        "along_track_m": 14.0,
        "achieved_heading": 264.9251224264654,
        "target_bearing": 265.29727667875375,
        "fix_type": 6,
        "hacc_m": 0.014,
        "corrupt": false,
        "position_interpolated": true,
        "captured_at_utc": "2026-06-16T18:45:15.225534+00:00"
      },
      "geometry": {
        "type": "Point",
        "coordinates": [
          -114.00609019999999,
          46.6751942
        ]
      }
    },
    {
      "type": "Feature",
      "properties": {
        "file": "leg11_m015_b265_2026-06-16T12-45-16.jpg",
        "leg": "leg11",
        "mark_index": 15,
        "along_track_m": 15.0,
        "achieved_heading": 263.57537361878536,
        "target_bearing": 265.29727667875375,
        "fix_type": 6,
        "hacc_m": 0.014,
        "corrupt": false,
        "position_interpolated": true,
        "captured_at_utc": "2026-06-16T18:45:16.152543+00:00"
      },
      "geometry": {
        "type": "Point",
        "coordinates": [
          -114.0061032,
          46.675193799999995
        ]
      }
    },
    {
      "type": "Feature",
      "properties": {
        "file": "leg11_m016_b265_2026-06-16T12-45-17.jpg",
        "leg": "leg11",
        "mark_index": 16,
        "along_track_m": 16.0,
        "achieved_heading": 262.6996474120082,
        "target_bearing": 265.29727667875375,
        "fix_type": 6,
        "hacc_m": 0.014,
        "corrupt": false,
        "position_interpolated": true,
        "captured_at_utc": "2026-06-16T18:45:17.182322+00:00"
      },
      "geometry": {
        "type": "Point",
        "coordinates": [
          -114.00611645624704,
          46.6751931
        ]
      }
    },
    {
      "type": "Feature",
      "properties": {
        "file": "leg11_m017_b265_2026-06-16T12-45-18.jpg",
        "leg": "leg11",
        "mark_index": 17,
        "along_track_m": 17.0,
        "achieved_heading": 261.70054156370304,
        "target_bearing": 265.29727667875375,
        "fix_type": 6,
        "hacc_m": 0.014,
        "corrupt": false,
        "position_interpolated": true,
        "captured_at_utc": "2026-06-16T18:45:18.253663+00:00"
      },
      "geometry": {
        "type": "Point",
        "coordinates": [
          -114.0061303448816,
          46.675192246485864
        ]
      }
    },
    {
      "type": "Feature",
      "properties": {
        "file": "leg11_m018_b265_2026-06-16T12-45-19.jpg",
        "leg": "leg11",
        "mark_index": 18,
        "along_track_m": 18.0,
        "achieved_heading": 261.768675854926,
        "target_bearing": 265.29727667875375,
        "fix_type": 6,
        "hacc_m": 0.014,
        "corrupt": false,
        "position_interpolated": true,
        "captured_at_utc": "2026-06-16T18:45:19.241449+00:00"
      },
      "geometry": {
        "type": "Point",
        "coordinates": [
          -114.00614322392818,
          46.675191299999994
        ]
      }
    },
    {
      "type": "Feature",
      "properties": {
        "file": "leg11_m019_b265_2026-06-16T12-45-20.jpg",
        "leg": "leg11",
        "mark_index": 19,
        "along_track_m": 19.0,
        "achieved_heading": 262.22614521764046,
        "target_bearing": 265.29727667875375,
        "fix_type": 6,
        "hacc_m": 0.014,
        "corrupt": false,
        "position_interpolated": true,
        "captured_at_utc": "2026-06-16T18:45:20.339721+00:00"
      },
      "geometry": {
        "type": "Point",
        "coordinates": [
          -114.00615716766518,
          46.6751906
        ]
      }
    },
    {
      "type": "Feature",
      "properties": {
        "file": "leg11_m020_b265_2026-06-16T12-45-21.jpg",
        "leg": "leg11",
        "mark_index": 20,
        "along_track_m": 20.0,
        "achieved_heading": 262.64314708708315,
        "target_bearing": 265.29727667875375,
        "fix_type": 6,
        "hacc_m": 0.014,
        "corrupt": false,
        "position_interpolated": true,
        "captured_at_utc": "2026-06-16T18:45:21.391847+00:00"
      },
      "geometry": {
        "type": "Point",
        "coordinates": [
          -114.00617009999999,
          46.6751898
        ]
      }
    },
    {
      "type": "Feature",
      "properties": {
        "file": "leg11_m021_b265_2026-06-16T12-45-22.jpg",
        "leg": "leg11",
        "mark_index": 21,
        "along_track_m": 21.0,
        "achieved_heading": 261.731118445148,
        "target_bearing": 265.29727667875375,
        "fix_type": 6,
        "hacc_m": 0.014,
        "corrupt": false,
        "position_interpolated": true,
        "captured_at_utc": "2026-06-16T18:45:22.303978+00:00"
      },
      "geometry": {
        "type": "Point",
        "coordinates": [
          -114.00618270806203,
          46.67518901821992
        ]
      }
    },
    {
      "type": "Feature",
      "properties": {
        "file": "leg11_m022_b265_2026-06-16T12-45-23.jpg",
        "leg": "leg11",
        "mark_index": 22,
        "along_track_m": 22.0,
        "achieved_heading": 261.6947665260319,
        "target_bearing": 265.29727667875375,
        "fix_type": 6,
        "hacc_m": 0.014,
        "corrupt": false,
        "position_interpolated": true,
        "captured_at_utc": "2026-06-16T18:45:23.358112+00:00"
      },
      "geometry": {
        "type": "Point",
        "coordinates": [
          -114.0061965,
          46.675188
        ]
      }
    },
    {
      "type": "Feature",
      "properties": {
        "file": "leg11_m023_b265_2026-06-16T12-45-24.jpg",
        "leg": "leg11",
        "mark_index": 23,
        "along_track_m": 23.0,
        "achieved_heading": 262.5671720253217,
        "target_bearing": 265.29727667875375,
        "fix_type": 6,
        "hacc_m": 0.014,
        "corrupt": false,
        "position_interpolated": true,
        "captured_at_utc": "2026-06-16T18:45:24.258390+00:00"
      },
      "geometry": {
        "type": "Point",
        "coordinates": [
          -114.00620840335489,
          46.67518734217865
        ]
      }
    },
    {
      "type": "Feature",
      "properties": {
        "file": "leg11_m024_b265_2026-06-16T12-45-25.jpg",
        "leg": "leg11",
        "mark_index": 24,
        "along_track_m": 24.0,
        "achieved_heading": 263.08933475707477,
        "target_bearing": 265.29727667875375,
        "fix_type": 6,
        "hacc_m": 0.014,
        "corrupt": false,
        "position_interpolated": true,
        "captured_at_utc": "2026-06-16T18:45:25.379633+00:00"
      },
      "geometry": {
        "type": "Point",
        "coordinates": [
          -114.0062226,
          46.6751864
        ]
      }
    },
    {
      "type": "Feature",
      "properties": {
        "file": "leg11_m025_b265_2026-06-16T12-45-26.jpg",
        "leg": "leg11",
        "mark_index": 25,
        "along_track_m": 25.0,
        "achieved_heading": 263.2246673394812,
        "target_bearing": 265.29727667875375,
        "fix_type": 6,
        "hacc_m": 0.014,
        "corrupt": false,
        "position_interpolated": true,
        "captured_at_utc": "2026-06-16T18:45:26.306081+00:00"
      },
      "geometry": {
        "type": "Point",
        "coordinates": [
          -114.0062352582262,
          46.675185735341906
        ]
      }
    },
    {
      "type": "Feature",
      "properties": {
        "file": "leg11_m026_b265_2026-06-16T12-45-27.jpg",
        "leg": "leg11",
        "mark_index": 26,
        "along_track_m": 26.0,
        "achieved_heading": 263.9262093311314,
        "target_bearing": 265.29727667875375,
        "fix_type": 6,
        "hacc_m": 0.014,
        "corrupt": false,
        "position_interpolated": true,
        "captured_at_utc": "2026-06-16T18:45:27.341435+00:00"
      },
      "geometry": {
        "type": "Point",
        "coordinates": [
          -114.00624859999999,
          46.675185
        ]
      }
    },
    {
      "type": "Feature",
      "properties": {
        "file": "leg11_m027_b265_2026-06-16T12-45-28.jpg",
        "leg": "leg11",
        "mark_index": 27,
        "along_track_m": 27.0,
        "achieved_heading": 263.92092513485306,
        "target_bearing": 265.29727667875375,
        "fix_type": 6,
        "hacc_m": 0.014,
        "corrupt": false,
        "position_interpolated": true,
        "captured_at_utc": "2026-06-16T18:45:28.260599+00:00"
      },
      "geometry": {
        "type": "Point",
        "coordinates": [
          -114.0062608484297,
          46.675184640445
        ]
      }
    },
    {
      "type": "Feature",
      "properties": {
        "file": "leg11_m028_b265_2026-06-16T12-45-29.jpg",
        "leg": "leg11",
        "mark_index": 28,
        "along_track_m": 28.0,
        "achieved_heading": 261.9602114167128,
        "target_bearing": 265.29727667875375,
        "fix_type": 6,
        "hacc_m": 0.014,
        "corrupt": false,
        "position_interpolated": true,
        "captured_at_utc": "2026-06-16T18:45:29.314773+00:00"
      },
      "geometry": {
        "type": "Point",
        "coordinates": [
          -114.00627428362218,
          46.675183836505134
        ]
      }
    },
    {
      "type": "Feature",
      "properties": {
        "file": "leg11_m029_b265_2026-06-16T12-45-30.jpg",
        "leg": "leg11",
        "mark_index": 29,
        "along_track_m": 29.0,
        "achieved_heading": 262.4683604237715,
        "target_bearing": 265.29727667875375,
        "fix_type": 6,
        "hacc_m": 0.014,
        "corrupt": false,
        "position_interpolated": true,
        "captured_at_utc": "2026-06-16T18:45:30.368860+00:00"
      },
      "geometry": {
        "type": "Point",
        "coordinates": [
          -114.00628739999999,
          46.675183
        ]
      }
    },
    {
      "type": "Feature",
      "properties": {
        "file": "leg11_m030_b265_2026-06-16T12-45-31.jpg",
        "leg": "leg11",
        "mark_index": 30,
        "along_track_m": 30.0,
        "achieved_heading": 262.96421653416024,
        "target_bearing": 265.29727667875375,
        "fix_type": 6,
        "hacc_m": 0.014,
        "corrupt": false,
        "position_interpolated": true,
        "captured_at_utc": "2026-06-16T18:45:31.269925+00:00"
      },
      "geometry": {
        "type": "Point",
        "coordinates": [
          -114.00629939903668,
          46.67518210811559
        ]
      }
    },
    {
      "type": "Feature",
      "properties": {
        "file": "leg11_m031_b265_2026-06-16T12-45-32.jpg",
        "leg": "leg11",
        "mark_index": 31,
        "along_track_m": 31.0,
        "achieved_heading": 263.3937930854721,
        "target_bearing": 265.29727667875375,
        "fix_type": 6,
        "hacc_m": 0.014,
        "corrupt": false,
        "position_interpolated": true,
        "captured_at_utc": "2026-06-16T18:45:32.317744+00:00"
      },
      "geometry": {
        "type": "Point",
        "coordinates": [
          -114.00631332566772,
          46.67518132939274
        ]
      }
    },
    {
      "type": "Feature",
      "properties": {
        "file": "leg11_m032_b265_2026-06-16T12-45-33.jpg",
        "leg": "leg11",
        "mark_index": 32,
        "along_track_m": 32.0,
        "achieved_heading": 263.8873054096907,
        "target_bearing": 265.29727667875375,
        "fix_type": 6,
        "hacc_m": 0.014,
        "corrupt": false,
        "position_interpolated": true,
        "captured_at_utc": "2026-06-16T18:45:33.371764+00:00"
      },
      "geometry": {
        "type": "Point",
        "coordinates": [
          -114.00632689999999,
          46.675180499999996
        ]
      }
    },
    {
      "type": "Feature",
      "properties": {
        "file": "leg11_m033_b265_2026-06-16T12-45-34.jpg",
        "leg": "leg11",
        "mark_index": 33,
        "along_track_m": 33.0,
        "achieved_heading": 264.9357157151371,
        "target_bearing": 265.29727667875375,
        "fix_type": 6,
        "hacc_m": 0.014,
        "corrupt": false,
        "position_interpolated": true,
        "captured_at_utc": "2026-06-16T18:45:34.273746+00:00"
      },
      "geometry": {
        "type": "Point",
        "coordinates": [
          -114.00633895168833,
          46.67517999788211
        ]
      }
    },
    {
      "type": "Feature",
      "properties": {
        "file": "leg11_m034_b265_2026-06-16T12-45-35.jpg",
        "leg": "leg11",
        "mark_index": 34,
        "along_track_m": 34.0,
        "achieved_heading": 264.78757586057105,
        "target_bearing": 265.29727667875375,
        "fix_type": 6,
        "hacc_m": 0.014,
        "corrupt": false,
        "position_interpolated": true,
        "captured_at_utc": "2026-06-16T18:45:35.261252+00:00"
      },
      "geometry": {
        "type": "Point",
        "coordinates": [
          -114.00635207555139,
          46.67517952047663
        ]
      }
    },
    {
      "type": "Feature",
      "properties": {
        "file": "leg11_m035_b265_2026-06-16T12-45-36.jpg",
        "leg": "leg11",
        "mark_index": 35,
        "along_track_m": 35.0,
        "achieved_heading": 263.23219319315035,
        "target_bearing": 265.29727667875375,
        "fix_type": 6,
        "hacc_m": 0.014,
        "corrupt": false,
        "position_interpolated": true,
        "captured_at_utc": "2026-06-16T18:45:36.306639+00:00"
      },
      "geometry": {
        "type": "Point",
        "coordinates": [
          -114.00636552828931,
          46.675178650540424
        ]
      }
    },
    {
      "type": "Feature",
      "properties": {
        "file": "leg11_m036_b265_2026-06-16T12-45-37.jpg",
        "leg": "leg11",
        "mark_index": 36,
        "along_track_m": 36.0,
        "achieved_heading": 263.8373853168828,
        "target_bearing": 265.29727667875375,
        "fix_type": 6,
        "hacc_m": 0.014,
        "corrupt": false,
        "position_interpolated": true,
        "captured_at_utc": "2026-06-16T18:45:37.358893+00:00"
      },
      "geometry": {
        "type": "Point",
        "coordinates": [
          -114.0063792,
          46.6751777
        ]
      }
    },
    {
      "type": "Feature",
      "properties": {
        "file": "leg11_m037_b265_2026-06-16T12-45-38.jpg",
        "leg": "leg11",
        "mark_index": 37,
        "along_track_m": 37.0,
        "achieved_heading": 265.2379964250018,
        "target_bearing": 265.29727667875375,
        "fix_type": 6,
        "hacc_m": 0.014,
        "corrupt": false,
        "position_interpolated": true,
        "captured_at_utc": "2026-06-16T18:45:38.264993+00:00"
      },
      "geometry": {
        "type": "Point",
        "coordinates": [
          -114.00639134973498,
          46.67517707779741
        ]
      }
    },
    {
      "type": "Feature",
      "properties": {
        "file": "leg11_m038_b265_2026-06-16T12-45-39.jpg",
        "leg": "leg11",
        "mark_index": 38,
        "along_track_m": 38.0,
        "achieved_heading": 264.94908015632967,
        "target_bearing": 265.29727667875375,
        "fix_type": 6,
        "hacc_m": 0.014,
        "corrupt": false,
        "position_interpolated": true,
        "captured_at_utc": "2026-06-16T18:45:39.326422+00:00"
      },
      "geometry": {
        "type": "Point",
        "coordinates": [
          -114.00640545796175,
          46.67517641052135
        ]
      }
    },
    {
      "type": "Feature",
      "properties": {
        "file": "leg11_m039_b265_2026-06-16T12-45-40.jpg",
        "leg": "leg11",
        "mark_index": 39,
        "along_track_m": 39.0,
        "achieved_heading": 262.4035473924101,
        "target_bearing": 265.29727667875375,
        "fix_type": 6,
        "hacc_m": 0.014,
        "corrupt": false,
        "position_interpolated": true,
        "captured_at_utc": "2026-06-16T18:45:40.364972+00:00"
      },
      "geometry": {
        "type": "Point",
        "coordinates": [
          -114.0064184,
          46.6751757
        ]
      }
    },
    {
      "type": "Feature",
      "properties": {
        "file": "leg11_m040_b265_2026-06-16T12-45-41.jpg",
        "leg": "leg11",
        "mark_index": 40,
        "along_track_m": 40.0,
        "achieved_heading": 262.24185028802776,
        "target_bearing": 265.29727667875375,
        "fix_type": 6,
        "hacc_m": 0.014,
        "corrupt": false,
        "position_interpolated": true,
        "captured_at_utc": "2026-06-16T18:45:41.275901+00:00"
      },
      "geometry": {
        "type": "Point",
        "coordinates": [
          -114.00643065394071,
          46.675174762671055
        ]
      }
    },
    {
      "type": "Feature",
      "properties": {
        "file": "leg11_m041_b265_2026-06-16T12-45-42.jpg",
        "leg": "leg11",
        "mark_index": 41,
        "along_track_m": 41.0,
        "achieved_heading": 263.97893054742127,
        "target_bearing": 265.29727667875375,
        "fix_type": 6,
        "hacc_m": 0.014,
        "corrupt": false,
        "position_interpolated": true,
        "captured_at_utc": "2026-06-16T18:45:42.349028+00:00"
      },
      "geometry": {
        "type": "Point",
        "coordinates": [
          -114.0064446,
          46.675173699999995
        ]
      }
    },
    {
      "type": "Feature",
      "properties": {
        "file": "leg11_m042_b265_2026-06-16T12-45-43.jpg",
        "leg": "leg11",
        "mark_index": 42,
        "along_track_m": 42.0,
        "achieved_heading": 265.8939141372068,
        "target_bearing": 265.29727667875375,
        "fix_type": 6,
        "hacc_m": 0.014,
        "corrupt": false,
        "position_interpolated": true,
        "captured_at_utc": "2026-06-16T18:45:43.384071+00:00"
      },
      "geometry": {
        "type": "Point",
        "coordinates": [
          -114.00645659999999,
          46.675173199999996
        ]
      }
    },
    {
      "type": "Feature",
      "properties": {
        "file": "leg11_m043_b265_2026-06-16T12-45-44.jpg",
        "leg": "leg11",
        "mark_index": 43,
        "along_track_m": 43.0,
        "achieved_heading": 264.7792864895714,
        "target_bearing": 265.29727667875375,
        "fix_type": 6,
        "hacc_m": 0.014,
        "corrupt": false,
        "position_interpolated": true,
        "captured_at_utc": "2026-06-16T18:45:44.434941+00:00"
      },
      "geometry": {
        "type": "Point",
        "coordinates": [
          -114.0064695,
          46.6751727
        ]
      }
    },
    {
      "type": "Feature",
      "properties": {
        "file": "leg11_m044_b265_2026-06-16T12-45-45.jpg",
        "leg": "leg11",
        "mark_index": 44,
        "along_track_m": 44.0,
        "achieved_heading": 263.9272575396235,
        "target_bearing": 265.29727667875375,
        "fix_type": 6,
        "hacc_m": 0.014,
        "corrupt": false,
        "position_interpolated": true,
        "captured_at_utc": "2026-06-16T18:45:45.338439+00:00"
      },
      "geometry": {
        "type": "Point",
        "coordinates": [
          -114.00648269999999,
          46.6751718
        ]
      }
    },
    {
      "type": "Feature",
      "properties": {
        "file": "leg11_m045_b265_2026-06-16T12-45-46.jpg",
        "leg": "leg11",
        "mark_index": 45,
        "along_track_m": 45.0,
        "achieved_heading": 264.7601773867549,
        "target_bearing": 265.29727667875375,
        "fix_type": 6,
        "hacc_m": 0.014,
        "corrupt": false,
        "position_interpolated": true,
        "captured_at_utc": "2026-06-16T18:45:46.391636+00:00"
      },
      "geometry": {
        "type": "Point",
        "coordinates": [
          -114.00649569999999,
          46.6751709
        ]
      }
    },
    {
      "type": "Feature",
      "properties": {
        "file": "leg11_m046_b265_2026-06-16T12-45-47.jpg",
        "leg": "leg11",
        "mark_index": 46,
        "along_track_m": 46.0,
        "achieved_heading": 264.85663884489634,
        "target_bearing": 265.29727667875375,
        "fix_type": 6,
        "hacc_m": 0.014,
        "corrupt": false,
        "position_interpolated": true,
        "captured_at_utc": "2026-06-16T18:45:47.444926+00:00"
      },
      "geometry": {
        "type": "Point",
        "coordinates": [
          -114.0065089,
          46.6751702
        ]
      }
    },
    {
      "type": "Feature",
      "properties": {
        "file": "leg11_m047_b265_2026-06-16T12-45-48.jpg",
        "leg": "leg11",
        "mark_index": 47,
        "along_track_m": 47.0,
        "achieved_heading": 265.0704500355791,
        "target_bearing": 265.29727667875375,
        "fix_type": 6,
        "hacc_m": 0.014,
        "corrupt": false,
        "position_interpolated": true,
        "captured_at_utc": "2026-06-16T18:45:48.351788+00:00"
      },
      "geometry": {
        "type": "Point",
        "coordinates": [
          -114.0065221,
          46.675169399999994
        ]
      }
    },
    {
      "type": "Feature",
      "properties": {
        "file": "leg11_m048_b265_2026-06-16T12-45-49.jpg",
        "leg": "leg11",
        "mark_index": 48,
        "along_track_m": 48.0,
        "achieved_heading": 264.83651723110654,
        "target_bearing": 265.29727667875375,
        "fix_type": 6,
        "hacc_m": 0.014,
        "corrupt": false,
        "position_interpolated": true,
        "captured_at_utc": "2026-06-16T18:45:49.337492+00:00"
      },
      "geometry": {
        "type": "Point",
        "coordinates": [
          -114.00653510310737,
          46.67516870856055
        ]
      }
    },
    {
      "type": "Feature",
      "properties": {
        "file": "leg11_m049_b265_2026-06-16T12-45-50.jpg",
        "leg": "leg11",
        "mark_index": 49,
        "along_track_m": 49.0,
        "achieved_heading": 264.38933882543864,
        "target_bearing": 265.29727667875375,
        "fix_type": 6,
        "hacc_m": 0.014,
        "corrupt": false,
        "position_interpolated": true,
        "captured_at_utc": "2026-06-16T18:45:50.450233+00:00"
      },
      "geometry": {
        "type": "Point",
        "coordinates": [
          -114.0065475,
          46.675168
        ]
      }
    },
    {
      "type": "Feature",
      "properties": {
        "file": "leg11_m050_b265_2026-06-16T12-45-51.jpg",
        "leg": "leg11",
        "mark_index": 50,
        "along_track_m": 50.0,
        "achieved_heading": 265.12994287415773,
        "target_bearing": 265.29727667875375,
        "fix_type": 6,
        "hacc_m": 0.014,
        "corrupt": false,
        "position_interpolated": true,
        "captured_at_utc": "2026-06-16T18:45:51.438129+00:00"
      },
      "geometry": {
        "type": "Point",
        "coordinates": [
          -114.0065604,
          46.6751674
        ]
      }
    },
    {
      "type": "Feature",
      "properties": {
        "file": "leg11_m051_b265_2026-06-16T12-45-52.jpg",
        "leg": "leg11",
        "mark_index": 51,
        "along_track_m": 51.0,
        "achieved_heading": 264.6611284392626,
        "target_bearing": 265.29727667875375,
        "fix_type": 6,
        "hacc_m": 0.014,
        "corrupt": false,
        "position_interpolated": true,
        "captured_at_utc": "2026-06-16T18:45:52.499520+00:00"
      },
      "geometry": {
        "type": "Point",
        "coordinates": [
          -114.00657529040997,
          46.6751669243836
        ]
      }
    },
    {
      "type": "Feature",
      "properties": {
        "file": "leg11_m052_b265_2026-06-16T12-45-53.jpg",
        "leg": "leg11",
        "mark_index": 52,
        "along_track_m": 52.0,
        "achieved_heading": 264.2800716171216,
        "target_bearing": 265.29727667875375,
        "fix_type": 6,
        "hacc_m": 0.014,
        "corrupt": false,
        "position_interpolated": true,
        "captured_at_utc": "2026-06-16T18:45:53.460458+00:00"
      },
      "geometry": {
        "type": "Point",
        "coordinates": [
          -114.00658754671754,
          46.6751662381313
        ]
      }
    },
    {
      "type": "Feature",
      "properties": {
        "file": "leg11_m053_b265_2026-06-16T12-45-54.jpg",
        "leg": "leg11",
        "mark_index": 53,
        "along_track_m": 53.0,
        "achieved_heading": 263.89068885917237,
        "target_bearing": 265.29727667875375,
        "fix_type": 6,
        "hacc_m": 0.014,
        "corrupt": false,
        "position_interpolated": true,
        "captured_at_utc": "2026-06-16T18:45:54.511128+00:00"
      },
      "geometry": {
        "type": "Point",
        "coordinates": [
          -114.00660128914554,
          46.675165519648246
        ]
      }
    },
    {
      "type": "Feature",
      "properties": {
        "file": "leg11_m054_b265_2026-06-16T12-45-55.jpg",
        "leg": "leg11",
        "mark_index": 54,
        "along_track_m": 54.0,
        "achieved_heading": 262.3014100598657,
        "target_bearing": 265.29727667875375,
        "fix_type": 6,
        "hacc_m": 0.014,
        "corrupt": false,
        "position_interpolated": true,
        "captured_at_utc": "2026-06-16T18:45:55.501638+00:00"
      },
      "geometry": {
        "type": "Point",
        "coordinates": [
          -114.0066145441343,
          46.675164736469256
        ]
      }
    },
    {
      "type": "Feature",
      "properties": {
        "file": "leg11_m055_b265_2026-06-16T12-45-56.jpg",
        "leg": "leg11",
        "mark_index": 55,
        "along_track_m": 55.0,
        "achieved_heading": 261.9327198266223,
        "target_bearing": 265.29727667875375,
        "fix_type": 6,
        "hacc_m": 0.014,
        "corrupt": false,
        "position_interpolated": true,
        "captured_at_utc": "2026-06-16T18:45:56.408180+00:00"
      },
      "geometry": {
        "type": "Point",
        "coordinates": [
          -114.00662642049474,
          46.675164036885015
        ]
      }
    },
    {
      "type": "Feature",
      "properties": {
        "file": "leg11_m056_b265_2026-06-16T12-45-57.jpg",
        "leg": "leg11",
        "mark_index": 56,
        "along_track_m": 56.0,
        "achieved_heading": 263.2647667609456,
        "target_bearing": 265.29727667875375,
        "fix_type": 6,
        "hacc_m": 0.014,
        "corrupt": false,
        "position_interpolated": true,
        "captured_at_utc": "2026-06-16T18:45:57.532138+00:00"
      },
      "geometry": {
        "type": "Point",
        "coordinates": [
          -114.00664077736023,
          46.67516280261228
        ]
      }
    },
    {
      "type": "Feature",
      "properties": {
        "file": "leg11_m057_b265_2026-06-16T12-45-58.jpg",
        "leg": "leg11",
        "mark_index": 57,
        "along_track_m": 57.0,
        "achieved_heading": 264.92505656509,
        "target_bearing": 265.29727667875375,
        "fix_type": 6,
        "hacc_m": 0.014,
        "corrupt": false,
        "position_interpolated": true,
        "captured_at_utc": "2026-06-16T18:45:58.570500+00:00"
      },
      "geometry": {
        "type": "Point",
        "coordinates": [
          -114.00665389999999,
          46.675162199999995
        ]
      }
    },
    {
      "type": "Feature",
      "properties": {
        "file": "leg11_m058_b265_2026-06-16T12-45-59.jpg",
        "leg": "leg11",
        "mark_index": 58,
        "along_track_m": 58.0,
        "achieved_heading": 264.4471213344519,
        "target_bearing": 265.29727667875375,
        "fix_type": 6,
        "hacc_m": 0.014,
        "corrupt": false,
        "position_interpolated": true,
        "captured_at_utc": "2026-06-16T18:45:59.417199+00:00"
      },
      "geometry": {
        "type": "Point",
        "coordinates": [
          -114.00666536705504,
          46.67516187687826
        ]
      }
    },
    {
      "type": "Feature",
      "properties": {
        "file": "leg11_m059_b265_2026-06-16T12-46-00.jpg",
        "leg": "leg11",
        "mark_index": 59,
        "along_track_m": 59.0,
        "achieved_heading": 262.85218318564057,
        "target_bearing": 265.29727667875375,
        "fix_type": 6,
        "hacc_m": 0.014,
        "corrupt": false,
        "position_interpolated": true,
        "captured_at_utc": "2026-06-16T18:46:00.604174+00:00"
      },
      "geometry": {
        "type": "Point",
        "coordinates": [
          -114.0066801,
          46.6751608
        ]
      }
    },
    {
      "type": "Feature",
      "properties": {
        "file": "leg11_m060_b265_2026-06-16T12-46-01.jpg",
        "leg": "leg11",
        "mark_index": 60,
        "along_track_m": 60.0,
        "achieved_heading": 264.256699830079,
        "target_bearing": 265.29727667875375,
        "fix_type": 6,
        "hacc_m": 0.014,
        "corrupt": false,
        "position_interpolated": true,
        "captured_at_utc": "2026-06-16T18:46:01.516656+00:00"
      },
      "geometry": {
        "type": "Point",
        "coordinates": [
          -114.00669289364966,
          46.675160022692616
        ]
      }
    },
    {
      "type": "Feature",
      "properties": {
        "file": "leg11_m061_b265_2026-06-16T12-46-02.jpg",
        "leg": "leg11",
        "mark_index": 61,
        "along_track_m": 61.0,
        "achieved_heading": 263.00477326433514,
        "target_bearing": 265.29727667875375,
        "fix_type": 6,
        "hacc_m": 0.014,
        "corrupt": false,
        "position_interpolated": true,
        "captured_at_utc": "2026-06-16T18:46:02.571613+00:00"
      },
      "geometry": {
        "type": "Point",
        "coordinates": [
          -114.0067064,
          46.675159199999996
        ]
      }
    },
    {
      "type": "Feature",
      "properties": {
        "file": "leg11_m062_b265_2026-06-16T12-46-03.jpg",
        "leg": "leg11",
        "mark_index": 62,
        "along_track_m": 62.0,
        "achieved_heading": 263.588910871702,
        "target_bearing": 265.29727667875375,
        "fix_type": 6,
        "hacc_m": 0.014,
        "corrupt": false,
        "position_interpolated": true,
        "captured_at_utc": "2026-06-16T18:46:03.478802+00:00"
      },
      "geometry": {
        "type": "Point",
        "coordinates": [
          -114.00671867821256,
          46.675158385012494
        ]
      }
    },
    {
      "type": "Feature",
      "properties": {
        "file": "leg11_m063_b265_2026-06-16T12-46-04.jpg",
        "leg": "leg11",
        "mark_index": 63,
        "along_track_m": 63.0,
        "achieved_heading": 264.17554607543644,
        "target_bearing": 265.29727667875375,
        "fix_type": 6,
        "hacc_m": 0.014,
        "corrupt": false,
        "position_interpolated": true,
        "captured_at_utc": "2026-06-16T18:46:04.459574+00:00"
      },
      "geometry": {
        "type": "Point",
        "coordinates": [
          -114.00673135807453,
          46.67515758870896
        ]
      }
    },
    {
      "type": "Feature",
      "properties": {
        "file": "leg11_m064_b265_2026-06-16T12-46-05.jpg",
        "leg": "leg11",
        "mark_index": 64,
        "along_track_m": 64.0,
        "achieved_heading": 265.1281254098379,
        "target_bearing": 265.29727667875375,
        "fix_type": 6,
        "hacc_m": 0.014,
        "corrupt": false,
        "position_interpolated": true,
        "captured_at_utc": "2026-06-16T18:46:05.503226+00:00"
      },
      "geometry": {
        "type": "Point",
        "coordinates": [
          -114.00674497115116,
          46.675156799999996
        ]
      }
    },
    {
      "type": "Feature",
      "properties": {
        "file": "leg11_m065_b265_2026-06-16T12-46-06.jpg",
        "leg": "leg11",
        "mark_index": 65,
        "along_track_m": 65.0,
        "achieved_heading": 264.75336453307165,
        "target_bearing": 265.29727667875375,
        "fix_type": 6,
        "hacc_m": 0.014,
        "corrupt": false,
        "position_interpolated": true,
        "captured_at_utc": "2026-06-16T18:46:06.489391+00:00"
      },
      "geometry": {
        "type": "Point",
        "coordinates": [
          -114.0067578337152,
          46.675156199999996
        ]
      }
    },
    {
      "type": "Feature",
      "properties": {
        "file": "leg11_m066_b265_2026-06-16T12-46-07.jpg",
        "leg": "leg11",
        "mark_index": 66,
        "along_track_m": 66.0,
        "achieved_heading": 266.4343419379214,
        "target_bearing": 265.29727667875375,
        "fix_type": 6,
        "hacc_m": 0.014,
        "corrupt": false,
        "position_interpolated": true,
        "captured_at_utc": "2026-06-16T18:46:07.460195+00:00"
      },
      "geometry": {
        "type": "Point",
        "coordinates": [
          -114.00677003762836,
          46.67515546205815
        ]
      }
    },
    {
      "type": "Feature",
      "properties": {
        "file": "leg11_m067_b265_2026-06-16T12-46-08.jpg",
        "leg": "leg11",
        "mark_index": 67,
        "along_track_m": 67.0,
        "achieved_heading": 267.1072722442715,
        "target_bearing": 265.29727667875375,
        "fix_type": 6,
        "hacc_m": 0.014,
        "corrupt": false,
        "position_interpolated": true,
        "captured_at_utc": "2026-06-16T18:46:08.519647+00:00"
      },
      "geometry": {
        "type": "Point",
        "coordinates": [
          -114.00678392194727,
          46.675154899999995
        ]
      }
    },
    {
      "type": "Feature",
      "properties": {
        "file": "leg11_m068_b265_2026-06-16T12-46-09.jpg",
        "leg": "leg11",
        "mark_index": 68,
        "along_track_m": 68.0,
        "achieved_heading": 265.62358489712045,
        "target_bearing": 265.29727667875375,
        "fix_type": 6,
        "hacc_m": 0.014,
        "corrupt": false,
        "position_interpolated": true,
        "captured_at_utc": "2026-06-16T18:46:09.576013+00:00"
      },
      "geometry": {
        "type": "Point",
        "coordinates": [
          -114.00679749999999,
          46.6751545
        ]
      }
    },
    {
      "type": "Feature",
      "properties": {
        "file": "leg11_m069_b265_2026-06-16T12-46-10.jpg",
        "leg": "leg11",
        "mark_index": 69,
        "along_track_m": 69.0,
        "achieved_heading": 264.62903320571286,
        "target_bearing": 265.29727667875375,
        "fix_type": 6,
        "hacc_m": 0.014,
        "corrupt": false,
        "position_interpolated": true,
        "captured_at_utc": "2026-06-16T18:46:10.478025+00:00"
      },
      "geometry": {
        "type": "Point",
        "coordinates": [
          -114.006809402234,
          46.67515373325059
        ]
      }
    },
    {
      "type": "Feature",
      "properties": {
        "file": "leg11_m070_b265_2026-06-16T12-46-11.jpg",
        "leg": "leg11",
        "mark_index": 70,
        "along_track_m": 69.713,
        "achieved_heading": 271.06733789564987,
        "target_bearing": 265.29727667875375,
        "fix_type": 6,
        "hacc_m": 0.014,
        "corrupt": false,
        "position_interpolated": true,
        "captured_at_utc": "2026-06-16T18:46:11.184770+00:00"
      },
      "geometry": {
        "type": "Point",
        "coordinates": [
          -114.0068179,
          46.6751534
        ]
      }
    },
    {
      "type": "Feature",
      "properties": {
        "file": "leg12_m000_b355_2026-06-16T12-46-15.jpg",
        "leg": "leg12",
        "mark_index": 0,
        "along_track_m": 0.0,
        "achieved_heading": 350.6777608810153,
        "target_bearing": 355.3261831186444,
        "fix_type": 6,
        "hacc_m": 0.014,
        "corrupt": false,
        "position_interpolated": true,
        "captured_at_utc": "2026-06-16T18:46:15.088896+00:00"
      },
      "geometry": {
        "type": "Point",
        "coordinates": [
          -114.0068252,
          46.6751535
        ]
      }
    },
    {
      "type": "Feature",
      "properties": {
        "file": "leg12_m001_b355_2026-06-16T12-46-16.jpg",
        "leg": "leg12",
        "mark_index": 1,
        "along_track_m": 1.0,
        "achieved_heading": 347.61495769136394,
        "target_bearing": 355.3261831186444,
        "fix_type": 6,
        "hacc_m": 0.014,
        "corrupt": false,
        "position_interpolated": true,
        "captured_at_utc": "2026-06-16T18:46:16.695224+00:00"
      },
      "geometry": {
        "type": "Point",
        "coordinates": [
          -114.00682923986585,
          46.67516394628657
        ]
      }
    },
    {
      "type": "Feature",
      "properties": {
        "file": "leg12_m002_b355_2026-06-16T12-46-17.jpg",
        "leg": "leg12",
        "mark_index": 2,
        "along_track_m": 2.0,
        "achieved_heading": 357.77882790652814,
        "target_bearing": 355.3261831186444,
        "fix_type": 6,
        "hacc_m": 0.014,
        "corrupt": false,
        "position_interpolated": true,
        "captured_at_utc": "2026-06-16T18:46:17.614458+00:00"
      },
      "geometry": {
        "type": "Point",
        "coordinates": [
          -114.0068316,
          46.6751716
        ]
      }
    },
    {
      "type": "Feature",
      "properties": {
        "file": "leg12_m003_b355_2026-06-16T12-46-18.jpg",
        "leg": "leg12",
        "mark_index": 3,
        "along_track_m": 3.0,
        "achieved_heading": 12.697846750821595,
        "target_bearing": 355.3261831186444,
        "fix_type": 6,
        "hacc_m": 0.014,
        "corrupt": false,
        "position_interpolated": true,
        "captured_at_utc": "2026-06-16T18:46:18.736508+00:00"
      },
      "geometry": {
        "type": "Point",
        "coordinates": [
          -114.0068315021155,
          46.67518188307594
        ]
      }
    },
    {
      "type": "Feature",
      "properties": {
        "file": "leg12_m004_b355_2026-06-16T12-46-19.jpg",
        "leg": "leg12",
        "mark_index": 4,
        "along_track_m": 4.0,
        "achieved_heading": 17.859279752478102,
        "target_bearing": 355.3261831186444,
        "fix_type": 6,
        "hacc_m": 0.014,
        "corrupt": false,
        "position_interpolated": true,
        "captured_at_utc": "2026-06-16T18:46:19.783550+00:00"
      },
      "geometry": {
        "type": "Point",
        "coordinates": [
          -114.0068287,
          46.6751905
        ]
      }
    },
    {
      "type": "Feature",
      "properties": {
        "file": "leg12_m005_b355_2026-06-16T12-46-20.jpg",
        "leg": "leg12",
        "mark_index": 5,
        "along_track_m": 4.804,
        "achieved_heading": 18.553704600176662,
        "target_bearing": 355.3261831186444,
        "fix_type": 6,
        "hacc_m": 0.014,
        "corrupt": false,
        "position_interpolated": true,
        "captured_at_utc": "2026-06-16T18:46:20.560989+00:00"
      },
      "geometry": {
        "type": "Point",
        "coordinates": [
          -114.0068258,
          46.6751972
        ]
      }
    },
    {
      "type": "Feature",
      "properties": {
        "file": "leg13_m000_b085_2026-06-16T12-46-23.jpg",
        "leg": "leg13",
        "mark_index": 0,
        "along_track_m": 0.0,
        "achieved_heading": 83.50780989031611,
        "target_bearing": 85.2966096005336,
        "fix_type": 6,
        "hacc_m": 0.014,
        "corrupt": false,
        "position_interpolated": true,
        "captured_at_utc": "2026-06-16T18:46:23.567916+00:00"
      },
      "geometry": {
        "type": "Point",
        "coordinates": [
          -114.00682479999999,
          46.675201699999995
        ]
      }
    },
    {
      "type": "Feature",
      "properties": {
        "file": "leg13_m001_b085_2026-06-16T12-46-25.jpg",
        "leg": "leg13",
        "mark_index": 1,
        "along_track_m": 1.0,
        "achieved_heading": 82.94298809587613,
        "target_bearing": 85.2966096005336,
        "fix_type": 6,
        "hacc_m": 0.014,
        "corrupt": false,
        "position_interpolated": true,
        "captured_at_utc": "2026-06-16T18:46:25.241738+00:00"
      },
      "geometry": {
        "type": "Point",
        "coordinates": [
          -114.00681066359488,
          46.675203648057874
        ]
      }
    },
    {
      "type": "Feature",
      "properties": {
        "file": "leg13_m002_b085_2026-06-16T12-46-26.jpg",
        "leg": "leg13",
        "mark_index": 2,
        "along_track_m": 2.0,
        "achieved_heading": 90.47996141192455,
        "target_bearing": 85.2966096005336,
        "fix_type": 6,
        "hacc_m": 0.014,
        "corrupt": false,
        "position_interpolated": true,
        "captured_at_utc": "2026-06-16T18:46:26.441508+00:00"
      },
      "geometry": {
        "type": "Point",
        "coordinates": [
          -114.0067979,
          46.6752049
        ]
      }
    },
    {
      "type": "Feature",
      "properties": {
        "file": "leg13_m003_b085_2026-06-16T12-46-27.jpg",
        "leg": "leg13",
        "mark_index": 3,
        "along_track_m": 3.0,
        "achieved_heading": 94.64502080784857,
        "target_bearing": 85.2966096005336,
        "fix_type": 6,
        "hacc_m": 0.014,
        "corrupt": false,
        "position_interpolated": true,
        "captured_at_utc": "2026-06-16T18:46:27.555625+00:00"
      },
      "geometry": {
        "type": "Point",
        "coordinates": [
          -114.0067842,
          46.6752052
        ]
      }
    },
    {
      "type": "Feature",
      "properties": {
        "file": "leg13_m004_b085_2026-06-16T12-46-28.jpg",
        "leg": "leg13",
        "mark_index": 4,
        "along_track_m": 4.0,
        "achieved_heading": 93.78249014305861,
        "target_bearing": 85.2966096005336,
        "fix_type": 6,
        "hacc_m": 0.014,
        "corrupt": false,
        "position_interpolated": true,
        "captured_at_utc": "2026-06-16T18:46:28.601221+00:00"
      },
      "geometry": {
        "type": "Point",
        "coordinates": [
          -114.00677193802379,
          46.6752049470419
        ]
      }
    },
    {
      "type": "Feature",
      "properties": {
        "file": "leg13_m005_b085_2026-06-16T12-46-29.jpg",
        "leg": "leg13",
        "mark_index": 5,
        "along_track_m": 5.0,
        "achieved_heading": 90.84969373663577,
        "target_bearing": 85.2966096005336,
        "fix_type": 6,
        "hacc_m": 0.014,
        "corrupt": false,
        "position_interpolated": true,
        "captured_at_utc": "2026-06-16T18:46:29.522323+00:00"
      },
      "geometry": {
        "type": "Point",
        "coordinates": [
          -114.00676126113267,
          46.675204814648424
        ]
      }
    },
    {
      "type": "Feature",
      "properties": {
        "file": "leg13_m006_b085_2026-06-16T12-46-31.jpg",
        "leg": "leg13",
        "mark_index": 6,
        "along_track_m": 6.0,
        "achieved_heading": 86.36227667867244,
        "target_bearing": 85.2966096005336,
        "fix_type": 6,
        "hacc_m": 0.014,
        "corrupt": false,
        "position_interpolated": true,
        "captured_at_utc": "2026-06-16T18:46:30.921978+00:00"
      },
      "geometry": {
        "type": "Point",
        "coordinates": [
          -114.00674494556873,
          46.67520558544312
        ]
      }
    },
    {
      "type": "Feature",
      "properties": {
        "file": "leg13_m007_b085_2026-06-16T12-46-32.jpg",
        "leg": "leg13",
        "mark_index": 7,
        "along_track_m": 7.0,
        "achieved_heading": 88.31635180901789,
        "target_bearing": 85.2966096005336,
        "fix_type": 6,
        "hacc_m": 0.014,
        "corrupt": false,
        "position_interpolated": true,
        "captured_at_utc": "2026-06-16T18:46:32.037299+00:00"
      },
      "geometry": {
        "type": "Point",
        "coordinates": [
          -114.0067328,
          46.6752064
        ]
      }
    },
    {
      "type": "Feature",
      "properties": {
        "file": "leg13_m008_b085_2026-06-16T12-46-33.jpg",
        "leg": "leg13",
        "mark_index": 8,
        "along_track_m": 8.0,
        "achieved_heading": 89.92350487963917,
        "target_bearing": 85.2966096005336,
        "fix_type": 6,
        "hacc_m": 0.014,
        "corrupt": false,
        "position_interpolated": true,
        "captured_at_utc": "2026-06-16T18:46:33.023553+00:00"
      },
      "geometry": {
        "type": "Point",
        "coordinates": [
          -114.00671985425053,
          46.675207083659956
        ]
      }
    },
    {
      "type": "Feature",
      "properties": {
        "file": "leg13_m009_b085_2026-06-16T12-46-34.jpg",
        "leg": "leg13",
        "mark_index": 9,
        "along_track_m": 9.0,
        "achieved_heading": 91.93350304371474,
        "target_bearing": 85.2966096005336,
        "fix_type": 6,
        "hacc_m": 0.014,
        "corrupt": false,
        "position_interpolated": true,
        "captured_at_utc": "2026-06-16T18:46:34.216377+00:00"
      },
      "geometry": {
        "type": "Point",
        "coordinates": [
          -114.00670645735522,
          46.67520723491277
        ]
      }
    },
    {
      "type": "Feature",
      "properties": {
        "file": "leg13_m010_b085_2026-06-16T12-46-35.jpg",
        "leg": "leg13",
        "mark_index": 10,
        "along_track_m": 10.0,
        "achieved_heading": 89.28745998919332,
        "target_bearing": 85.2966096005336,
        "fix_type": 6,
        "hacc_m": 0.014,
        "corrupt": false,
        "position_interpolated": true,
        "captured_at_utc": "2026-06-16T18:46:35.334158+00:00"
      },
      "geometry": {
        "type": "Point",
        "coordinates": [
          -114.00669359999999,
          46.6752075
        ]
      }
    },
    {
      "type": "Feature",
      "properties": {
        "file": "leg13_m011_b085_2026-06-16T12-46-36.jpg",
        "leg": "leg13",
        "mark_index": 11,
        "along_track_m": 11.0,
        "achieved_heading": 87.94133742150643,
        "target_bearing": 85.2966096005336,
        "fix_type": 6,
        "hacc_m": 0.014,
        "corrupt": false,
        "position_interpolated": true,
        "captured_at_utc": "2026-06-16T18:46:36.519313+00:00"
      },
      "geometry": {
        "type": "Point",
        "coordinates": [
          -114.00667998490107,
          46.67520829119519
        ]
      }
    },
    {
      "type": "Feature",
      "properties": {
        "file": "leg13_m012_b085_2026-06-16T12-46-37.jpg",
        "leg": "leg13",
        "mark_index": 12,
        "along_track_m": 12.0,
        "achieved_heading": 87.80071123495149,
        "target_bearing": 85.2966096005336,
        "fix_type": 6,
        "hacc_m": 0.014,
        "corrupt": false,
        "position_interpolated": true,
        "captured_at_utc": "2026-06-16T18:46:37.708033+00:00"
      },
      "geometry": {
        "type": "Point",
        "coordinates": [
          -114.00666636027103,
          46.67520938433604
        ]
      }
    },
    {
      "type": "Feature",
      "properties": {
        "file": "leg13_m013_b085_2026-06-16T12-46-38.jpg",
        "leg": "leg13",
        "mark_index": 13,
        "along_track_m": 13.0,
        "achieved_heading": 88.54534709150758,
        "target_bearing": 85.2966096005336,
        "fix_type": 6,
        "hacc_m": 0.014,
        "corrupt": false,
        "position_interpolated": true,
        "captured_at_utc": "2026-06-16T18:46:38.822655+00:00"
      },
      "geometry": {
        "type": "Point",
        "coordinates": [
          -114.00665409999999,
          46.675210299999996
        ]
      }
    },
    {
      "type": "Feature",
      "properties": {
        "file": "leg13_m014_b085_2026-06-16T12-46-39.jpg",
        "leg": "leg13",
        "mark_index": 14,
        "along_track_m": 14.0,
        "achieved_heading": 88.18223518724997,
        "target_bearing": 85.2966096005336,
        "fix_type": 6,
        "hacc_m": 0.014,
        "corrupt": false,
        "position_interpolated": true,
        "captured_at_utc": "2026-06-16T18:46:39.885859+00:00"
      },
      "geometry": {
        "type": "Point",
        "coordinates": [
          -114.006641145199,
          46.675210574192036
        ]
      }
    },
    {
      "type": "Feature",
      "properties": {
        "file": "leg13_m015_b085_2026-06-16T12-46-41.jpg",
        "leg": "leg13",
        "mark_index": 15,
        "along_track_m": 15.0,
        "achieved_heading": 85.54613800350765,
        "target_bearing": 85.2966096005336,
        "fix_type": 6,
        "hacc_m": 0.014,
        "corrupt": false,
        "position_interpolated": true,
        "captured_at_utc": "2026-06-16T18:46:41.072229+00:00"
      },
      "geometry": {
        "type": "Point",
        "coordinates": [
          -114.00662762322362,
          46.67521142841534
        ]
      }
    },
    {
      "type": "Feature",
      "properties": {
        "file": "leg13_m016_b085_2026-06-16T12-46-42.jpg",
        "leg": "leg13",
        "mark_index": 16,
        "along_track_m": 16.0,
        "achieved_heading": 86.90304272810653,
        "target_bearing": 85.2966096005336,
        "fix_type": 6,
        "hacc_m": 0.014,
        "corrupt": false,
        "position_interpolated": true,
        "captured_at_utc": "2026-06-16T18:46:42.272763+00:00"
      },
      "geometry": {
        "type": "Point",
        "coordinates": [
          -114.0066154,
          46.6752123
        ]
      }
    },
    {
      "type": "Feature",
      "properties": {
        "file": "leg13_m017_b085_2026-06-16T12-46-43.jpg",
        "leg": "leg13",
        "mark_index": 17,
        "along_track_m": 17.0,
        "achieved_heading": 88.31305481609101,
        "target_bearing": 85.2966096005336,
        "fix_type": 6,
        "hacc_m": 0.014,
        "corrupt": false,
        "position_interpolated": true,
        "captured_at_utc": "2026-06-16T18:46:43.379729+00:00"
      },
      "geometry": {
        "type": "Point",
        "coordinates": [
          -114.0066013,
          46.6752128
        ]
      }
    },
    {
      "type": "Feature",
      "properties": {
        "file": "leg13_m018_b085_2026-06-16T12-46-44.jpg",
        "leg": "leg13",
        "mark_index": 18,
        "along_track_m": 18.0,
        "achieved_heading": 85.96903367262954,
        "target_bearing": 85.2966096005336,
        "fix_type": 6,
        "hacc_m": 0.014,
        "corrupt": false,
        "position_interpolated": true,
        "captured_at_utc": "2026-06-16T18:46:44.569772+00:00"
      },
      "geometry": {
        "type": "Point",
        "coordinates": [
          -114.0065879,
          46.675213299999996
        ]
      }
    },
    {
      "type": "Feature",
      "properties": {
        "file": "leg13_m019_b085_2026-06-16T12-46-45.jpg",
        "leg": "leg13",
        "mark_index": 19,
        "along_track_m": 19.0,
        "achieved_heading": 85.34034443023548,
        "target_bearing": 85.2966096005336,
        "fix_type": 6,
        "hacc_m": 0.014,
        "corrupt": false,
        "position_interpolated": true,
        "captured_at_utc": "2026-06-16T18:46:45.697908+00:00"
      },
      "geometry": {
        "type": "Point",
        "coordinates": [
          -114.00657458429208,
          46.675214139463485
        ]
      }
    },
    {
      "type": "Feature",
      "properties": {
        "file": "leg13_m020_b085_2026-06-16T12-46-46.jpg",
        "leg": "leg13",
        "mark_index": 20,
        "along_track_m": 20.0,
        "achieved_heading": 86.5414127638818,
        "target_bearing": 85.2966096005336,
        "fix_type": 6,
        "hacc_m": 0.014,
        "corrupt": false,
        "position_interpolated": true,
        "captured_at_utc": "2026-06-16T18:46:46.679761+00:00"
      },
      "geometry": {
        "type": "Point",
        "coordinates": [
          -114.00656282392055,
          46.67521496852519
        ]
      }
    },
    {
      "type": "Feature",
      "properties": {
        "file": "leg13_m021_b085_2026-06-16T12-46-48.jpg",
        "leg": "leg13",
        "mark_index": 21,
        "along_track_m": 21.0,
        "achieved_heading": 87.51650511015886,
        "target_bearing": 85.2966096005336,
        "fix_type": 6,
        "hacc_m": 0.014,
        "corrupt": false,
        "position_interpolated": true,
        "captured_at_utc": "2026-06-16T18:46:47.867106+00:00"
      },
      "geometry": {
        "type": "Point",
        "coordinates": [
          -114.00654890935446,
          46.67521553255379
        ]
      }
    },
    {
      "type": "Feature",
      "properties": {
        "file": "leg13_m022_b085_2026-06-16T12-46-48.jpg",
        "leg": "leg13",
        "mark_index": 22,
        "along_track_m": 22.0,
        "achieved_heading": 85.01007252769097,
        "target_bearing": 85.2966096005336,
        "fix_type": 6,
        "hacc_m": 0.014,
        "corrupt": false,
        "position_interpolated": true,
        "captured_at_utc": "2026-06-16T18:46:48.924203+00:00"
      },
      "geometry": {
        "type": "Point",
        "coordinates": [
          -114.0065362489974,
          46.67521629379177
        ]
      }
    },
    {
      "type": "Feature",
      "properties": {
        "file": "leg13_m023_b085_2026-06-16T12-46-49.jpg",
        "leg": "leg13",
        "mark_index": 23,
        "along_track_m": 23.0,
        "achieved_heading": 84.09982787309893,
        "target_bearing": 85.2966096005336,
        "fix_type": 6,
        "hacc_m": 0.014,
        "corrupt": false,
        "position_interpolated": true,
        "captured_at_utc": "2026-06-16T18:46:49.961549+00:00"
      },
      "geometry": {
        "type": "Point",
        "coordinates": [
          -114.006524,
          46.6752173
        ]
      }
    },
    {
      "type": "Feature",
      "properties": {
        "file": "leg13_m024_b085_2026-06-16T12-46-51.jpg",
        "leg": "leg13",
        "mark_index": 24,
        "along_track_m": 24.0,
        "achieved_heading": 84.78631862232427,
        "target_bearing": 85.2966096005336,
        "fix_type": 6,
        "hacc_m": 0.014,
        "corrupt": false,
        "position_interpolated": true,
        "captured_at_utc": "2026-06-16T18:46:51.086971+00:00"
      },
      "geometry": {
        "type": "Point",
        "coordinates": [
          -114.00650997564968,
          46.67521814594802
        ]
      }
    },
    {
      "type": "Feature",
      "properties": {
        "file": "leg13_m025_b085_2026-06-16T12-46-52.jpg",
        "leg": "leg13",
        "mark_index": 25,
        "along_track_m": 25.0,
        "achieved_heading": 85.1250515039521,
        "target_bearing": 85.2966096005336,
        "fix_type": 6,
        "hacc_m": 0.014,
        "corrupt": false,
        "position_interpolated": true,
        "captured_at_utc": "2026-06-16T18:46:52.204971+00:00"
      },
      "geometry": {
        "type": "Point",
        "coordinates": [
          -114.00649759999999,
          46.6752192
        ]
      }
    },
    {
      "type": "Feature",
      "properties": {
        "file": "leg13_m026_b085_2026-06-16T12-46-53.jpg",
        "leg": "leg13",
        "mark_index": 26,
        "along_track_m": 26.0,
        "achieved_heading": 88.85037701387527,
        "target_bearing": 85.2966096005336,
        "fix_type": 6,
        "hacc_m": 0.014,
        "corrupt": false,
        "position_interpolated": true,
        "captured_at_utc": "2026-06-16T18:46:53.318251+00:00"
      },
      "geometry": {
        "type": "Point",
        "coordinates": [
          -114.00648351659086,
          46.67521979015496
        ]
      }
    },
    {
      "type": "Feature",
      "properties": {
        "file": "leg13_m027_b085_2026-06-16T12-46-54.jpg",
        "leg": "leg13",
        "mark_index": 27,
        "along_track_m": 27.0,
        "achieved_heading": 87.70519642744452,
        "target_bearing": 85.2966096005336,
        "fix_type": 6,
        "hacc_m": 0.014,
        "corrupt": false,
        "position_interpolated": true,
        "captured_at_utc": "2026-06-16T18:46:54.447681+00:00"
      },
      "geometry": {
        "type": "Point",
        "coordinates": [
          -114.00647099999999,
          46.6752201
        ]
      }
    },
    {
      "type": "Feature",
      "properties": {
        "file": "leg13_m028_b085_2026-06-16T12-46-55.jpg",
        "leg": "leg13",
        "mark_index": 28,
        "along_track_m": 28.0,
        "achieved_heading": 86.02435116797446,
        "target_bearing": 85.2966096005336,
        "fix_type": 6,
        "hacc_m": 0.014,
        "corrupt": false,
        "position_interpolated": true,
        "captured_at_utc": "2026-06-16T18:46:55.570029+00:00"
      },
      "geometry": {
        "type": "Point",
        "coordinates": [
          -114.006457,
          46.6752209
        ]
      }
    },
    {
      "type": "Feature",
      "properties": {
        "file": "leg13_m029_b085_2026-06-16T12-46-56.jpg",
        "leg": "leg13",
        "mark_index": 29,
        "along_track_m": 29.0,
        "achieved_heading": 88.21491688363118,
        "target_bearing": 85.2966096005336,
        "fix_type": 6,
        "hacc_m": 0.014,
        "corrupt": false,
        "position_interpolated": true,
        "captured_at_utc": "2026-06-16T18:46:56.476170+00:00"
      },
      "geometry": {
        "type": "Point",
        "coordinates": [
          -114.00644548043338,
          46.675221338142414
        ]
      }
    },
    {
      "type": "Feature",
      "properties": {
        "file": "leg13_m030_b085_2026-06-16T12-46-57.jpg",
        "leg": "leg13",
        "mark_index": 30,
        "along_track_m": 30.0,
        "achieved_heading": 87.22278726161014,
        "target_bearing": 85.2966096005336,
        "fix_type": 6,
        "hacc_m": 0.014,
        "corrupt": false,
        "position_interpolated": true,
        "captured_at_utc": "2026-06-16T18:46:57.673833+00:00"
      },
      "geometry": {
        "type": "Point",
        "coordinates": [
          -114.00643108645824,
          46.67522196854167
        ]
      }
    },
    {
      "type": "Feature",
      "properties": {
        "file": "leg13_m031_b085_2026-06-16T12-46-58.jpg",
        "leg": "leg13",
        "mark_index": 31,
        "along_track_m": 31.0,
        "achieved_heading": 85.72465024148244,
        "target_bearing": 85.2966096005336,
        "fix_type": 6,
        "hacc_m": 0.014,
        "corrupt": false,
        "position_interpolated": true,
        "captured_at_utc": "2026-06-16T18:46:58.793984+00:00"
      },
      "geometry": {
        "type": "Point",
        "coordinates": [
          -114.00641859999999,
          46.675222399999996
        ]
      }
    },
    {
      "type": "Feature",
      "properties": {
        "file": "leg13_m032_b085_2026-06-16T12-47-00.jpg",
        "leg": "leg13",
        "mark_index": 32,
        "along_track_m": 32.0,
        "achieved_heading": 84.8872400168604,
        "target_bearing": 85.2966096005336,
        "fix_type": 6,
        "hacc_m": 0.014,
        "corrupt": false,
        "position_interpolated": true,
        "captured_at_utc": "2026-06-16T18:46:59.906282+00:00"
      },
      "geometry": {
        "type": "Point",
        "coordinates": [
          -114.00640456668876,
          46.6752234847213
        ]
      }
    },
    {
      "type": "Feature",
      "properties": {
        "file": "leg13_m033_b085_2026-06-16T12-47-00.jpg",
        "leg": "leg13",
        "mark_index": 33,
        "along_track_m": 33.0,
        "achieved_heading": 84.3671059466589,
        "target_bearing": 85.2966096005336,
        "fix_type": 6,
        "hacc_m": 0.014,
        "corrupt": false,
        "position_interpolated": true,
        "captured_at_utc": "2026-06-16T18:47:00.882119+00:00"
      },
      "geometry": {
        "type": "Point",
        "coordinates": [
          -114.00639302633037,
          46.675224469736236
        ]
      }
    },
    {
      "type": "Feature",
      "properties": {
        "file": "leg13_m034_b085_2026-06-16T12-47-02.jpg",
        "leg": "leg13",
        "mark_index": 34,
        "along_track_m": 34.0,
        "achieved_heading": 87.39667133759649,
        "target_bearing": 85.2966096005336,
        "fix_type": 6,
        "hacc_m": 0.014,
        "corrupt": false,
        "position_interpolated": true,
        "captured_at_utc": "2026-06-16T18:47:02.003596+00:00"
      },
      "geometry": {
        "type": "Point",
        "coordinates": [
          -114.00637975272055,
          46.67522543138072
        ]
      }
    },
    {
      "type": "Feature",
      "properties": {
        "file": "leg13_m035_b085_2026-06-16T12-47-03.jpg",
        "leg": "leg13",
        "mark_index": 35,
        "along_track_m": 35.0,
        "achieved_heading": 87.130911835778,
        "target_bearing": 85.2966096005336,
        "fix_type": 6,
        "hacc_m": 0.014,
        "corrupt": false,
        "position_interpolated": true,
        "captured_at_utc": "2026-06-16T18:47:03.122612+00:00"
      },
      "geometry": {
        "type": "Point",
        "coordinates": [
          -114.00636662120505,
          46.67522597787949
        ]
      }
    },
    {
      "type": "Feature",
      "properties": {
        "file": "leg13_m036_b085_2026-06-16T12-47-04.jpg",
        "leg": "leg13",
        "mark_index": 36,
        "along_track_m": 36.0,
        "achieved_heading": 86.05366196810823,
        "target_bearing": 85.2966096005336,
        "fix_type": 6,
        "hacc_m": 0.014,
        "corrupt": false,
        "position_interpolated": true,
        "captured_at_utc": "2026-06-16T18:47:04.244827+00:00"
      },
      "geometry": {
        "type": "Point",
        "coordinates": [
          -114.006354,
          46.6752264
        ]
      }
    },
    {
      "type": "Feature",
      "properties": {
        "file": "leg13_m037_b085_2026-06-16T12-47-05.jpg",
        "leg": "leg13",
        "mark_index": 37,
        "along_track_m": 37.0,
        "achieved_heading": 84.37908512039877,
        "target_bearing": 85.2966096005336,
        "fix_type": 6,
        "hacc_m": 0.014,
        "corrupt": false,
        "position_interpolated": true,
        "captured_at_utc": "2026-06-16T18:47:05.363986+00:00"
      },
      "geometry": {
        "type": "Point",
        "coordinates": [
          -114.00634,
          46.6752271
        ]
      }
    },
    {
      "type": "Feature",
      "properties": {
        "file": "leg13_m038_b085_2026-06-16T12-47-06.jpg",
        "leg": "leg13",
        "mark_index": 38,
        "along_track_m": 38.0,
        "achieved_heading": 83.48931896861558,
        "target_bearing": 85.2966096005336,
        "fix_type": 6,
        "hacc_m": 0.014,
        "corrupt": false,
        "position_interpolated": true,
        "captured_at_utc": "2026-06-16T18:47:06.488659+00:00"
      },
      "geometry": {
        "type": "Point",
        "coordinates": [
          -114.00632641840053,
          46.67522814846662
        ]
      }
    },
    {
      "type": "Feature",
      "properties": {
        "file": "leg13_m039_b085_2026-06-16T12-47-07.jpg",
        "leg": "leg13",
        "mark_index": 39,
        "along_track_m": 39.0,
        "achieved_heading": 85.82874079665419,
        "target_bearing": 85.2966096005336,
        "fix_type": 6,
        "hacc_m": 0.014,
        "corrupt": false,
        "position_interpolated": true,
        "captured_at_utc": "2026-06-16T18:47:07.463919+00:00"
      },
      "geometry": {
        "type": "Point",
        "coordinates": [
          -114.00631480801964,
          46.67522892654367
        ]
      }
    },
    {
      "type": "Feature",
      "properties": {
        "file": "leg13_m040_b085_2026-06-16T12-47-08.jpg",
        "leg": "leg13",
        "mark_index": 40,
        "along_track_m": 40.0,
        "achieved_heading": 86.88053005421943,
        "target_bearing": 85.2966096005336,
        "fix_type": 6,
        "hacc_m": 0.014,
        "corrupt": false,
        "position_interpolated": true,
        "captured_at_utc": "2026-06-16T18:47:08.724308+00:00"
      },
      "geometry": {
        "type": "Point",
        "coordinates": [
          -114.00630034040117,
          46.675229988552324
        ]
      }
    },
    {
      "type": "Feature",
      "properties": {
        "file": "leg13_m041_b085_2026-06-16T12-47-09.jpg",
        "leg": "leg13",
        "mark_index": 41,
        "along_track_m": 41.0,
        "achieved_heading": 88.65086041135699,
        "target_bearing": 85.2966096005336,
        "fix_type": 6,
        "hacc_m": 0.014,
        "corrupt": false,
        "position_interpolated": true,
        "captured_at_utc": "2026-06-16T18:47:09.779011+00:00"
      },
      "geometry": {
        "type": "Point",
        "coordinates": [
          -114.00628839999999,
          46.6752304
        ]
      }
    },
    {
      "type": "Feature",
      "properties": {
        "file": "leg13_m042_b085_2026-06-16T12-47-10.jpg",
        "leg": "leg13",
        "mark_index": 42,
        "along_track_m": 42.0,
        "achieved_heading": 85.84369087060908,
        "target_bearing": 85.2966096005336,
        "fix_type": 6,
        "hacc_m": 0.014,
        "corrupt": false,
        "position_interpolated": true,
        "captured_at_utc": "2026-06-16T18:47:10.899080+00:00"
      },
      "geometry": {
        "type": "Point",
        "coordinates": [
          -114.0062750962517,
          46.675230680913394
        ]
      }
    },
    {
      "type": "Feature",
      "properties": {
        "file": "leg13_m043_b085_2026-06-16T12-47-12.jpg",
        "leg": "leg13",
        "mark_index": 43,
        "along_track_m": 43.0,
        "achieved_heading": 82.8443335824725,
        "target_bearing": 85.2966096005336,
        "fix_type": 6,
        "hacc_m": 0.014,
        "corrupt": false,
        "position_interpolated": true,
        "captured_at_utc": "2026-06-16T18:47:12.035427+00:00"
      },
      "geometry": {
        "type": "Point",
        "coordinates": [
          -114.00626166382625,
          46.67523174544695
        ]
      }
    },
    {
      "type": "Feature",
      "properties": {
        "file": "leg13_m044_b085_2026-06-16T12-47-13.jpg",
        "leg": "leg13",
        "mark_index": 44,
        "along_track_m": 44.0,
        "achieved_heading": 84.31606055886868,
        "target_bearing": 85.2966096005336,
        "fix_type": 6,
        "hacc_m": 0.014,
        "corrupt": false,
        "position_interpolated": true,
        "captured_at_utc": "2026-06-16T18:47:13.160475+00:00"
      },
      "geometry": {
        "type": "Point",
        "coordinates": [
          -114.00624889999999,
          46.6752329
        ]
      }
    },
    {
      "type": "Feature",
      "properties": {
        "file": "leg13_m045_b085_2026-06-16T12-47-14.jpg",
        "leg": "leg13",
        "mark_index": 45,
        "along_track_m": 45.0,
        "achieved_heading": 85.23684165892288,
        "target_bearing": 85.2966096005336,
        "fix_type": 6,
        "hacc_m": 0.014,
        "corrupt": false,
        "position_interpolated": true,
        "captured_at_utc": "2026-06-16T18:47:14.348188+00:00"
      },
      "geometry": {
        "type": "Point",
        "coordinates": [
          -114.0062358,
          46.6752337
        ]
      }
    },
    {
      "type": "Feature",
      "properties": {
        "file": "leg13_m046_b085_2026-06-16T12-47-15.jpg",
        "leg": "leg13",
        "mark_index": 46,
        "along_track_m": 46.0,
        "achieved_heading": 85.79861165484672,
        "target_bearing": 85.2966096005336,
        "fix_type": 6,
        "hacc_m": 0.014,
        "corrupt": false,
        "position_interpolated": true,
        "captured_at_utc": "2026-06-16T18:47:15.512362+00:00"
      },
      "geometry": {
        "type": "Point",
        "coordinates": [
          -114.00622187840742,
          46.675234374690234
        ]
      }
    },
    {
      "type": "Feature",
      "properties": {
        "file": "leg13_m047_b085_2026-06-16T12-47-16.jpg",
        "leg": "leg13",
        "mark_index": 47,
        "along_track_m": 47.0,
        "achieved_heading": 85.563774988201,
        "target_bearing": 85.2966096005336,
        "fix_type": 6,
        "hacc_m": 0.014,
        "corrupt": false,
        "position_interpolated": true,
        "captured_at_utc": "2026-06-16T18:47:16.635023+00:00"
      },
      "geometry": {
        "type": "Point",
        "coordinates": [
          -114.0062102,
          46.6752348
        ]
      }
    },
    {
      "type": "Feature",
      "properties": {
        "file": "leg13_m048_b085_2026-06-16T12-47-17.jpg",
        "leg": "leg13",
        "mark_index": 48,
        "along_track_m": 48.0,
        "achieved_heading": 85.2886571065575,
        "target_bearing": 85.2966096005336,
        "fix_type": 6,
        "hacc_m": 0.014,
        "corrupt": false,
        "position_interpolated": true,
        "captured_at_utc": "2026-06-16T18:47:17.829557+00:00"
      },
      "geometry": {
        "type": "Point",
        "coordinates": [
          -114.0061968,
          46.6752356
        ]
      }
    },
    {
      "type": "Feature",
      "properties": {
        "file": "leg13_m049_b085_2026-06-16T12-47-19.jpg",
        "leg": "leg13",
        "mark_index": 49,
        "along_track_m": 49.0,
        "achieved_heading": 84.57414736362013,
        "target_bearing": 85.2966096005336,
        "fix_type": 6,
        "hacc_m": 0.014,
        "corrupt": false,
        "position_interpolated": true,
        "captured_at_utc": "2026-06-16T18:47:18.959173+00:00"
      },
      "geometry": {
        "type": "Point",
        "coordinates": [
          -114.0061825,
          46.675236399999996
        ]
      }
    },
    {
      "type": "Feature",
      "properties": {
        "file": "leg13_m050_b085_2026-06-16T12-47-19.jpg",
        "leg": "leg13",
        "mark_index": 50,
        "along_track_m": 50.0,
        "achieved_heading": 85.90111512791388,
        "target_bearing": 85.2966096005336,
        "fix_type": 6,
        "hacc_m": 0.014,
        "corrupt": false,
        "position_interpolated": true,
        "captured_at_utc": "2026-06-16T18:47:19.924826+00:00"
      },
      "geometry": {
        "type": "Point",
        "coordinates": [
          -114.0061710220098,
          46.675236894454095
        ]
      }
    },
    {
      "type": "Feature",
      "properties": {
        "file": "leg13_m051_b085_2026-06-16T12-47-21.jpg",
        "leg": "leg13",
        "mark_index": 51,
        "along_track_m": 51.0,
        "achieved_heading": 84.63585251501266,
        "target_bearing": 85.2966096005336,
        "fix_type": 6,
        "hacc_m": 0.014,
        "corrupt": false,
        "position_interpolated": true,
        "captured_at_utc": "2026-06-16T18:47:21.189228+00:00"
      },
      "geometry": {
        "type": "Point",
        "coordinates": [
          -114.0061571,
          46.675237499999994
        ]
      }
    },
    {
      "type": "Feature",
      "properties": {
        "file": "leg13_m052_b085_2026-06-16T12-47-22.jpg",
        "leg": "leg13",
        "mark_index": 52,
        "along_track_m": 52.0,
        "achieved_heading": 85.29287115996624,
        "target_bearing": 85.2966096005336,
        "fix_type": 6,
        "hacc_m": 0.014,
        "corrupt": false,
        "position_interpolated": true,
        "captured_at_utc": "2026-06-16T18:47:22.307610+00:00"
      },
      "geometry": {
        "type": "Point",
        "coordinates": [
          -114.00614383267998,
          46.67523895247429
        ]
      }
    },
    {
      "type": "Feature",
      "properties": {
        "file": "leg13_m053_b085_2026-06-16T12-47-23.jpg",
        "leg": "leg13",
        "mark_index": 53,
        "along_track_m": 53.0,
        "achieved_heading": 87.97038253901559,
        "target_bearing": 85.2966096005336,
        "fix_type": 6,
        "hacc_m": 0.014,
        "corrupt": false,
        "position_interpolated": true,
        "captured_at_utc": "2026-06-16T18:47:23.422234+00:00"
      },
      "geometry": {
        "type": "Point",
        "coordinates": [
          -114.00613179999999,
          46.6752393
        ]
      }
    },
    {
      "type": "Feature",
      "properties": {
        "file": "leg13_m054_b085_2026-06-16T12-47-24.jpg",
        "leg": "leg13",
        "mark_index": 54,
        "along_track_m": 54.0,
        "achieved_heading": 84.30293581995032,
        "target_bearing": 85.2966096005336,
        "fix_type": 6,
        "hacc_m": 0.014,
        "corrupt": false,
        "position_interpolated": true,
        "captured_at_utc": "2026-06-16T18:47:24.553676+00:00"
      },
      "geometry": {
        "type": "Point",
        "coordinates": [
          -114.00611789999999,
          46.6752399
        ]
      }
    },
    {
      "type": "Feature",
      "properties": {
        "file": "leg13_m055_b085_2026-06-16T12-47-25.jpg",
        "leg": "leg13",
        "mark_index": 55,
        "along_track_m": 55.0,
        "achieved_heading": 83.26236260128985,
        "target_bearing": 85.2966096005336,
        "fix_type": 6,
        "hacc_m": 0.014,
        "corrupt": false,
        "position_interpolated": true,
        "captured_at_utc": "2026-06-16T18:47:25.674069+00:00"
      },
      "geometry": {
        "type": "Point",
        "coordinates": [
          -114.006104287847,
          46.67524077082048
        ]
      }
    },
    {
      "type": "Feature",
      "properties": {
        "file": "leg13_m056_b085_2026-06-16T12-47-26.jpg",
        "leg": "leg13",
        "mark_index": 56,
        "along_track_m": 56.0,
        "achieved_heading": 82.93001074239021,
        "target_bearing": 85.2966096005336,
        "fix_type": 6,
        "hacc_m": 0.014,
        "corrupt": false,
        "position_interpolated": true,
        "captured_at_utc": "2026-06-16T18:47:26.659865+00:00"
      },
      "geometry": {
        "type": "Point",
        "coordinates": [
          -114.0060926848876,
          46.67524171792603
        ]
      }
    },
    {
      "type": "Feature",
      "properties": {
        "file": "leg13_m057_b085_2026-06-16T12-47-28.jpg",
        "leg": "leg13",
        "mark_index": 57,
        "along_track_m": 57.0,
        "achieved_heading": 85.60339323420564,
        "target_bearing": 85.2966096005336,
        "fix_type": 6,
        "hacc_m": 0.014,
        "corrupt": false,
        "position_interpolated": true,
        "captured_at_utc": "2026-06-16T18:47:27.917351+00:00"
      },
      "geometry": {
        "type": "Point",
        "coordinates": [
          -114.00607785584502,
          46.6752425888763
        ]
      }
    },
    {
      "type": "Feature",
      "properties": {
        "file": "leg13_m058_b085_2026-06-16T12-47-28.jpg",
        "leg": "leg13",
        "mark_index": 58,
        "along_track_m": 58.0,
        "achieved_heading": 87.26515498044272,
        "target_bearing": 85.2966096005336,
        "fix_type": 6,
        "hacc_m": 0.014,
        "corrupt": false,
        "position_interpolated": true,
        "captured_at_utc": "2026-06-16T18:47:28.978852+00:00"
      },
      "geometry": {
        "type": "Point",
        "coordinates": [
          -114.0060658,
          46.675243099999996
        ]
      }
    },
    {
      "type": "Feature",
      "properties": {
        "file": "leg13_m059_b085_2026-06-16T12-47-30.jpg",
        "leg": "leg13",
        "mark_index": 59,
        "along_track_m": 59.0,
        "achieved_heading": 88.16601500736705,
        "target_bearing": 85.2966096005336,
        "fix_type": 6,
        "hacc_m": 0.014,
        "corrupt": false,
        "position_interpolated": true,
        "captured_at_utc": "2026-06-16T18:47:30.097459+00:00"
      },
      "geometry": {
        "type": "Point",
        "coordinates": [
          -114.00605290351481,
          46.675243630363674
        ]
      }
    },
    {
      "type": "Feature",
      "properties": {
        "file": "leg13_m060_b085_2026-06-16T12-47-31.jpg",
        "leg": "leg13",
        "mark_index": 60,
        "along_track_m": 60.0,
        "achieved_heading": 82.92128981701345,
        "target_bearing": 85.2966096005336,
        "fix_type": 6,
        "hacc_m": 0.014,
        "corrupt": false,
        "position_interpolated": true,
        "captured_at_utc": "2026-06-16T18:47:31.480455+00:00"
      },
      "geometry": {
        "type": "Point",
        "coordinates": [
          -114.00603941991744,
          46.6752446
        ]
      }
    },
    {
      "type": "Feature",
      "properties": {
        "file": "leg13_m061_b085_2026-06-16T12-47-32.jpg",
        "leg": "leg13",
        "mark_index": 61,
        "along_track_m": 61.0,
        "achieved_heading": 85.27489276028257,
        "target_bearing": 85.2966096005336,
        "fix_type": 6,
        "hacc_m": 0.014,
        "corrupt": false,
        "position_interpolated": true,
        "captured_at_utc": "2026-06-16T18:47:32.550611+00:00"
      },
      "geometry": {
        "type": "Point",
        "coordinates": [
          -114.0060274,
          46.6752457
        ]
      }
    },
    {
      "type": "Feature",
      "properties": {
        "file": "leg13_m062_b085_2026-06-16T12-47-33.jpg",
        "leg": "leg13",
        "mark_index": 62,
        "along_track_m": 62.0,
        "achieved_heading": 88.25120125964902,
        "target_bearing": 85.2966096005336,
        "fix_type": 6,
        "hacc_m": 0.014,
        "corrupt": false,
        "position_interpolated": true,
        "captured_at_utc": "2026-06-16T18:47:33.660309+00:00"
      },
      "geometry": {
        "type": "Point",
        "coordinates": [
          -114.00601452320154,
          46.67524632306653
        ]
      }
    },
    {
      "type": "Feature",
      "properties": {
        "file": "leg13_m063_b085_2026-06-16T12-47-35.jpg",
        "leg": "leg13",
        "mark_index": 63,
        "along_track_m": 63.0,
        "achieved_heading": 85.62099660309082,
        "target_bearing": 85.2966096005336,
        "fix_type": 6,
        "hacc_m": 0.014,
        "corrupt": false,
        "position_interpolated": true,
        "captured_at_utc": "2026-06-16T18:47:34.982385+00:00"
      },
      "geometry": {
        "type": "Point",
        "coordinates": [
          -114.00599969999999,
          46.6752469
        ]
      }
    },
    {
      "type": "Feature",
      "properties": {
        "file": "leg13_m064_b085_2026-06-16T12-47-36.jpg",
        "leg": "leg13",
        "mark_index": 64,
        "along_track_m": 64.0,
        "achieved_heading": 86.04910145237463,
        "target_bearing": 85.2966096005336,
        "fix_type": 6,
        "hacc_m": 0.014,
        "corrupt": false,
        "position_interpolated": true,
        "captured_at_utc": "2026-06-16T18:47:36.100402+00:00"
      },
      "geometry": {
        "type": "Point",
        "coordinates": [
          -114.00598665740192,
          46.67524765354984
        ]
      }
    },
    {
      "type": "Feature",
      "properties": {
        "file": "leg13_m065_b085_2026-06-16T12-47-37.jpg",
        "leg": "leg13",
        "mark_index": 65,
        "along_track_m": 65.0,
        "achieved_heading": 87.8676015249911,
        "target_bearing": 85.2966096005336,
        "fix_type": 6,
        "hacc_m": 0.014,
        "corrupt": false,
        "position_interpolated": true,
        "captured_at_utc": "2026-06-16T18:47:37.153324+00:00"
      },
      "geometry": {
        "type": "Point",
        "coordinates": [
          -114.0059747,
          46.6752481
        ]
      }
    },
    {
      "type": "Feature",
      "properties": {
        "file": "leg13_m066_b085_2026-06-16T12-47-38.jpg",
        "leg": "leg13",
        "mark_index": 66,
        "along_track_m": 66.0,
        "achieved_heading": 86.22740625959027,
        "target_bearing": 85.2966096005336,
        "fix_type": 6,
        "hacc_m": 0.014,
        "corrupt": false,
        "position_interpolated": true,
        "captured_at_utc": "2026-06-16T18:47:38.284713+00:00"
      },
      "geometry": {
        "type": "Point",
        "coordinates": [
          -114.00596144268094,
          46.67524867415805
        ]
      }
    },
    {
      "type": "Feature",
      "properties": {
        "file": "leg13_m067_b085_2026-06-16T12-47-39.jpg",
        "leg": "leg13",
        "mark_index": 67,
        "along_track_m": 67.0,
        "achieved_heading": 85.6935904580003,
        "target_bearing": 85.2966096005336,
        "fix_type": 6,
        "hacc_m": 0.014,
        "corrupt": false,
        "position_interpolated": true,
        "captured_at_utc": "2026-06-16T18:47:39.462342+00:00"
      },
      "geometry": {
        "type": "Point",
        "coordinates": [
          -114.00594873678102,
          46.6752494
        ]
      }
    },
    {
      "type": "Feature",
      "properties": {
        "file": "leg13_m068_b085_2026-06-16T12-47-40.jpg",
        "leg": "leg13",
        "mark_index": 68,
        "along_track_m": 68.0,
        "achieved_heading": 86.36722704302143,
        "target_bearing": 85.2966096005336,
        "fix_type": 6,
        "hacc_m": 0.014,
        "corrupt": false,
        "position_interpolated": true,
        "captured_at_utc": "2026-06-16T18:47:40.580047+00:00"
      },
      "geometry": {
        "type": "Point",
        "coordinates": [
          -114.0059361,
          46.6752502
        ]
      }
    },
    {
      "type": "Feature",
      "properties": {
        "file": "leg13_m069_b085_2026-06-16T12-47-41.jpg",
        "leg": "leg13",
        "mark_index": 69,
        "along_track_m": 69.0,
        "achieved_heading": 86.42524037970705,
        "target_bearing": 85.2966096005336,
        "fix_type": 6,
        "hacc_m": 0.014,
        "corrupt": false,
        "position_interpolated": true,
        "captured_at_utc": "2026-06-16T18:47:41.705334+00:00"
      },
      "geometry": {
        "type": "Point",
        "coordinates": [
          -114.00592267782326,
          46.67525048425736
        ]
      }
    },
    {
      "type": "Feature",
      "properties": {
        "file": "leg13_m070_b085_2026-06-16T12-47-42.jpg",
        "leg": "leg13",
        "mark_index": 70,
        "along_track_m": 69.574,
        "achieved_heading": 86.33395074982238,
        "target_bearing": 85.2966096005336,
        "fix_type": 6,
        "hacc_m": 0.014,
        "corrupt": false,
        "position_interpolated": true,
        "captured_at_utc": "2026-06-16T18:47:42.408944+00:00"
      },
      "geometry": {
        "type": "Point",
        "coordinates": [
          -114.0059155,
          46.6752507
        ]
      }
    }
  ]
}