{
  "type": "FeatureCollection",
  "name": "captures",
  "crs": {
    "type": "name",
    "properties": {
      "name": "urn:ogc:def:crs:OGC:1.3:CRS84"
    }
  },
  "features": [
    {
      "type": "Feature",
      "properties": {
        "file": "leg01_m000_b078_2026-06-17T12-12-46.jpg",
        "leg": "leg01",
        "mark_index": 0,
        "along_track_m": 0.0,
        "achieved_heading": 77.69350821649878,
        "target_bearing": 78.21827232922061,
        "fix_type": 6,
        "hacc_m": 0.014,
        "corrupt": false,
        "position_interpolated": true,
        "captured_at_utc": "2026-06-17T18:12:46.220137+00:00"
      },
      "geometry": {
        "type": "Point",
        "coordinates": [
          -114.0165717,
          46.6977068
        ]
      }
    },
    {
      "type": "Feature",
      "properties": {
        "file": "leg01_m001_b078_2026-06-17T12-12-48.jpg",
        "leg": "leg01",
        "mark_index": 1,
        "along_track_m": 1.0,
        "achieved_heading": 76.60792508206441,
        "target_bearing": 78.21827232922061,
        "fix_type": 6,
        "hacc_m": 0.014,
        "corrupt": false,
        "position_interpolated": true,
        "captured_at_utc": "2026-06-17T18:12:47.991941+00:00"
      },
      "geometry": {
        "type": "Point",
        "coordinates": [
          -114.0165583,
          46.6977106
        ]
      }
    },
    {
      "type": "Feature",
      "properties": {
        "file": "leg01_m002_b078_2026-06-17T12-12-49.jpg",
        "leg": "leg01",
        "mark_index": 2,
        "along_track_m": 2.0,
        "achieved_heading": 90.45253346892854,
        "target_bearing": 78.21827232922061,
        "fix_type": 6,
        "hacc_m": 0.014,
        "corrupt": false,
        "position_interpolated": true,
        "captured_at_utc": "2026-06-17T18:12:49.088337+00:00"
      },
      "geometry": {
        "type": "Point",
        "coordinates": [
          -114.01654550688181,
          46.69771311724339
        ]
      }
    },
    {
      "type": "Feature",
      "properties": {
        "file": "leg01_m003_b078_2026-06-17T12-12-50.jpg",
        "leg": "leg01",
        "mark_index": 3,
        "along_track_m": 3.0,
        "achieved_heading": 96.11536183710403,
        "target_bearing": 78.21827232922061,
        "fix_type": 6,
        "hacc_m": 0.014,
        "corrupt": false,
        "position_interpolated": true,
        "captured_at_utc": "2026-06-17T18:12:50.215025+00:00"
      },
      "geometry": {
        "type": "Point",
        "coordinates": [
          -114.0165329,
          46.6977137
        ]
      }
    },
    {
      "type": "Feature",
      "properties": {
        "file": "leg01_m004_b078_2026-06-17T12-12-51.jpg",
        "leg": "leg01",
        "mark_index": 4,
        "along_track_m": 4.0,
        "achieved_heading": 95.27471816008809,
        "target_bearing": 78.21827232922061,
        "fix_type": 6,
        "hacc_m": 0.014,
        "corrupt": false,
        "position_interpolated": true,
        "captured_at_utc": "2026-06-17T18:12:51.334117+00:00"
      },
      "geometry": {
        "type": "Point",
        "coordinates": [
          -114.01651918200221,
          46.69771399671991
        ]
      }
    },
    {
      "type": "Feature",
      "properties": {
        "file": "leg01_m005_b078_2026-06-17T12-12-52.jpg",
        "leg": "leg01",
        "mark_index": 5,
        "along_track_m": 5.0,
        "achieved_heading": 90.37982512472644,
        "target_bearing": 78.21827232922061,
        "fix_type": 6,
        "hacc_m": 0.014,
        "corrupt": false,
        "position_interpolated": true,
        "captured_at_utc": "2026-06-17T18:12:52.455766+00:00"
      },
      "geometry": {
        "type": "Point",
        "coordinates": [
          -114.0165071,
          46.6977147
        ]
      }
    },
    {
      "type": "Feature",
      "properties": {
        "file": "leg01_m006_b078_2026-06-17T12-12-53.jpg",
        "leg": "leg01",
        "mark_index": 6,
        "along_track_m": 6.0,
        "achieved_heading": 86.17081955684951,
        "target_bearing": 78.21827232922061,
        "fix_type": 6,
        "hacc_m": 0.014,
        "corrupt": false,
        "position_interpolated": true,
        "captured_at_utc": "2026-06-17T18:12:53.573510+00:00"
      },
      "geometry": {
        "type": "Point",
        "coordinates": [
          -114.01649259999999,
          46.6977165
        ]
      }
    },
    {
      "type": "Feature",
      "properties": {
        "file": "leg01_m007_b078_2026-06-17T12-12-54.jpg",
        "leg": "leg01",
        "mark_index": 7,
        "along_track_m": 7.0,
        "achieved_heading": 84.9484141009379,
        "target_bearing": 78.21827232922061,
        "fix_type": 6,
        "hacc_m": 0.014,
        "corrupt": false,
        "position_interpolated": true,
        "captured_at_utc": "2026-06-17T18:12:54.771317+00:00"
      },
      "geometry": {
        "type": "Point",
        "coordinates": [
          -114.01647969999999,
          46.6977185
        ]
      }
    },
    {
      "type": "Feature",
      "properties": {
        "file": "leg01_m008_b078_2026-06-17T12-12-55.jpg",
        "leg": "leg01",
        "mark_index": 8,
        "along_track_m": 8.0,
        "achieved_heading": 85.59325274043444,
        "target_bearing": 78.21827232922061,
        "fix_type": 6,
        "hacc_m": 0.014,
        "corrupt": false,
        "position_interpolated": true,
        "captured_at_utc": "2026-06-17T18:12:55.747264+00:00"
      },
      "geometry": {
        "type": "Point",
        "coordinates": [
          -114.0164684,
          46.697720399999994
        ]
      }
    },
    {
      "type": "Feature",
      "properties": {
        "file": "leg01_m009_b078_2026-06-17T12-12-57.jpg",
        "leg": "leg01",
        "mark_index": 9,
        "along_track_m": 9.0,
        "achieved_heading": 89.69256944726418,
        "target_bearing": 78.21827232922061,
        "fix_type": 6,
        "hacc_m": 0.014,
        "corrupt": false,
        "position_interpolated": true,
        "captured_at_utc": "2026-06-17T18:12:56.932731+00:00"
      },
      "geometry": {
        "type": "Point",
        "coordinates": [
          -114.0164548339187,
          46.69772219515447
        ]
      }
    },
    {
      "type": "Feature",
      "properties": {
        "file": "leg01_m010_b078_2026-06-17T12-12-58.jpg",
        "leg": "leg01",
        "mark_index": 10,
        "along_track_m": 10.0,
        "achieved_heading": 88.02479042929654,
        "target_bearing": 78.21827232922061,
        "fix_type": 6,
        "hacc_m": 0.014,
        "corrupt": false,
        "position_interpolated": true,
        "captured_at_utc": "2026-06-17T18:12:58.115119+00:00"
      },
      "geometry": {
        "type": "Point",
        "coordinates": [
          -114.01644103412859,
          46.69772352764523
        ]
      }
    },
    {
      "type": "Feature",
      "properties": {
        "file": "leg01_m011_b078_2026-06-17T12-12-59.jpg",
        "leg": "leg01",
        "mark_index": 11,
        "along_track_m": 11.0,
        "achieved_heading": 87.22539254148936,
        "target_bearing": 78.21827232922061,
        "fix_type": 6,
        "hacc_m": 0.014,
        "corrupt": false,
        "position_interpolated": true,
        "captured_at_utc": "2026-06-17T18:12:59.167928+00:00"
      },
      "geometry": {
        "type": "Point",
        "coordinates": [
          -114.0164295,
          46.697724799999996
        ]
      }
    },
    {
      "type": "Feature",
      "properties": {
        "file": "leg01_m012_b078_2026-06-17T12-13-00.jpg",
        "leg": "leg01",
        "mark_index": 12,
        "along_track_m": 12.0,
        "achieved_heading": 84.5243148771599,
        "target_bearing": 78.21827232922061,
        "fix_type": 6,
        "hacc_m": 0.014,
        "corrupt": false,
        "position_interpolated": true,
        "captured_at_utc": "2026-06-17T18:13:00.306309+00:00"
      },
      "geometry": {
        "type": "Point",
        "coordinates": [
          -114.01641634711778,
          46.697726808653215
        ]
      }
    },
    {
      "type": "Feature",
      "properties": {
        "file": "leg01_m013_b078_2026-06-17T12-13-01.jpg",
        "leg": "leg01",
        "mark_index": 13,
        "along_track_m": 13.0,
        "achieved_heading": 86.07845522963665,
        "target_bearing": 78.21827232922061,
        "fix_type": 6,
        "hacc_m": 0.014,
        "corrupt": false,
        "position_interpolated": true,
        "captured_at_utc": "2026-06-17T18:13:01.415724+00:00"
      },
      "geometry": {
        "type": "Point",
        "coordinates": [
          -114.01640388347927,
          46.69772905552776
        ]
      }
    },
    {
      "type": "Feature",
      "properties": {
        "file": "leg01_m014_b078_2026-06-17T12-13-02.jpg",
        "leg": "leg01",
        "mark_index": 14,
        "along_track_m": 14.0,
        "achieved_heading": 87.62494597812822,
        "target_bearing": 78.21827232922061,
        "fix_type": 6,
        "hacc_m": 0.014,
        "corrupt": false,
        "position_interpolated": true,
        "captured_at_utc": "2026-06-17T18:13:02.547602+00:00"
      },
      "geometry": {
        "type": "Point",
        "coordinates": [
          -114.0163905,
          46.6977305
        ]
      }
    },
    {
      "type": "Feature",
      "properties": {
        "file": "leg01_m015_b078_2026-06-17T12-13-03.jpg",
        "leg": "leg01",
        "mark_index": 15,
        "along_track_m": 15.0,
        "achieved_heading": 85.63427271392933,
        "target_bearing": 78.21827232922061,
        "fix_type": 6,
        "hacc_m": 0.014,
        "corrupt": false,
        "position_interpolated": true,
        "captured_at_utc": "2026-06-17T18:13:03.644259+00:00"
      },
      "geometry": {
        "type": "Point",
        "coordinates": [
          -114.0163785,
          46.697732099999996
        ]
      }
    },
    {
      "type": "Feature",
      "properties": {
        "file": "leg01_m016_b078_2026-06-17T12-13-04.jpg",
        "leg": "leg01",
        "mark_index": 16,
        "along_track_m": 16.0,
        "achieved_heading": 83.08294589828134,
        "target_bearing": 78.21827232922061,
        "fix_type": 6,
        "hacc_m": 0.014,
        "corrupt": false,
        "position_interpolated": true,
        "captured_at_utc": "2026-06-17T18:13:04.781148+00:00"
      },
      "geometry": {
        "type": "Point",
        "coordinates": [
          -114.0163645,
          46.697734
        ]
      }
    },
    {
      "type": "Feature",
      "properties": {
        "file": "leg01_m017_b078_2026-06-17T12-13-06.jpg",
        "leg": "leg01",
        "mark_index": 17,
        "along_track_m": 17.0,
        "achieved_heading": 83.88252334979896,
        "target_bearing": 78.21827232922061,
        "fix_type": 6,
        "hacc_m": 0.014,
        "corrupt": false,
        "position_interpolated": true,
        "captured_at_utc": "2026-06-17T18:13:05.903310+00:00"
      },
      "geometry": {
        "type": "Point",
        "coordinates": [
          -114.01635099995566,
          46.697736050005545
        ]
      }
    },
    {
      "type": "Feature",
      "properties": {
        "file": "leg01_m018_b078_2026-06-17T12-13-06.jpg",
        "leg": "leg01",
        "mark_index": 18,
        "along_track_m": 18.0,
        "achieved_heading": 83.70725154361462,
        "target_bearing": 78.21827232922061,
        "fix_type": 6,
        "hacc_m": 0.014,
        "corrupt": false,
        "position_interpolated": true,
        "captured_at_utc": "2026-06-17T18:13:06.881860+00:00"
      },
      "geometry": {
        "type": "Point",
        "coordinates": [
          -114.01633979529862,
          46.69773799176388
        ]
      }
    },
    {
      "type": "Feature",
      "properties": {
        "file": "leg01_m019_b078_2026-06-17T12-13-08.jpg",
        "leg": "leg01",
        "mark_index": 19,
        "along_track_m": 19.0,
        "achieved_heading": 85.39358245317887,
        "target_bearing": 78.21827232922061,
        "fix_type": 6,
        "hacc_m": 0.014,
        "corrupt": false,
        "position_interpolated": true,
        "captured_at_utc": "2026-06-17T18:13:08.141228+00:00"
      },
      "geometry": {
        "type": "Point",
        "coordinates": [
          -114.01632513289167,
          46.697740084052995
        ]
      }
    },
    {
      "type": "Feature",
      "properties": {
        "file": "leg01_m020_b078_2026-06-17T12-13-09.jpg",
        "leg": "leg01",
        "mark_index": 20,
        "along_track_m": 20.0,
        "achieved_heading": 83.58360004906989,
        "target_bearing": 78.21827232922061,
        "fix_type": 6,
        "hacc_m": 0.014,
        "corrupt": false,
        "position_interpolated": true,
        "captured_at_utc": "2026-06-17T18:13:09.190865+00:00"
      },
      "geometry": {
        "type": "Point",
        "coordinates": [
          -114.01631409999999,
          46.697741699999995
        ]
      }
    },
    {
      "type": "Feature",
      "properties": {
        "file": "leg01_m021_b078_2026-06-17T12-13-10.jpg",
        "leg": "leg01",
        "mark_index": 21,
        "along_track_m": 21.0,
        "achieved_heading": 83.0324246860669,
        "target_bearing": 78.21827232922061,
        "fix_type": 6,
        "hacc_m": 0.014,
        "corrupt": false,
        "position_interpolated": true,
        "captured_at_utc": "2026-06-17T18:13:10.296484+00:00"
      },
      "geometry": {
        "type": "Point",
        "coordinates": [
          -114.01630106459278,
          46.697743830311076
        ]
      }
    },
    {
      "type": "Feature",
      "properties": {
        "file": "leg01_m022_b078_2026-06-17T12-13-11.jpg",
        "leg": "leg01",
        "mark_index": 22,
        "along_track_m": 22.0,
        "achieved_heading": 85.6819428494674,
        "target_bearing": 78.21827232922061,
        "fix_type": 6,
        "hacc_m": 0.014,
        "corrupt": false,
        "position_interpolated": true,
        "captured_at_utc": "2026-06-17T18:13:11.360187+00:00"
      },
      "geometry": {
        "type": "Point",
        "coordinates": [
          -114.0162885,
          46.697745399999995
        ]
      }
    },
    {
      "type": "Feature",
      "properties": {
        "file": "leg01_m023_b078_2026-06-17T12-13-12.jpg",
        "leg": "leg01",
        "mark_index": 23,
        "along_track_m": 23.0,
        "achieved_heading": 84.12689836869335,
        "target_bearing": 78.21827232922061,
        "fix_type": 6,
        "hacc_m": 0.014,
        "corrupt": false,
        "position_interpolated": true,
        "captured_at_utc": "2026-06-17T18:13:12.479111+00:00"
      },
      "geometry": {
        "type": "Point",
        "coordinates": [
          -114.0162760005617,
          46.6977471332163
        ]
      }
    },
    {
      "type": "Feature",
      "properties": {
        "file": "leg01_m024_b078_2026-06-17T12-13-13.jpg",
        "leg": "leg01",
        "mark_index": 24,
        "along_track_m": 24.0,
        "achieved_heading": 82.51807206399035,
        "target_bearing": 78.21827232922061,
        "fix_type": 6,
        "hacc_m": 0.014,
        "corrupt": false,
        "position_interpolated": true,
        "captured_at_utc": "2026-06-17T18:13:13.596018+00:00"
      },
      "geometry": {
        "type": "Point",
        "coordinates": [
          -114.0162629884516,
          46.697749287364054
        ]
      }
    },
    {
      "type": "Feature",
      "properties": {
        "file": "leg01_m025_b078_2026-06-17T12-13-14.jpg",
        "leg": "leg01",
        "mark_index": 25,
        "along_track_m": 25.0,
        "achieved_heading": 84.51469389528296,
        "target_bearing": 78.21827232922061,
        "fix_type": 6,
        "hacc_m": 0.014,
        "corrupt": false,
        "position_interpolated": true,
        "captured_at_utc": "2026-06-17T18:13:14.795106+00:00"
      },
      "geometry": {
        "type": "Point",
        "coordinates": [
          -114.0162498,
          46.6977512
        ]
      }
    },
    {
      "type": "Feature",
      "properties": {
        "file": "leg01_m026_b078_2026-06-17T12-13-15.jpg",
        "leg": "leg01",
        "mark_index": 26,
        "along_track_m": 26.0,
        "achieved_heading": 84.13773000421057,
        "target_bearing": 78.21827232922061,
        "fix_type": 6,
        "hacc_m": 0.014,
        "corrupt": false,
        "position_interpolated": true,
        "captured_at_utc": "2026-06-17T18:13:15.910908+00:00"
      },
      "geometry": {
        "type": "Point",
        "coordinates": [
          -114.01623602168117,
          46.69775294853101
        ]
      }
    },
    {
      "type": "Feature",
      "properties": {
        "file": "leg01_m027_b078_2026-06-17T12-13-17.jpg",
        "leg": "leg01",
        "mark_index": 27,
        "along_track_m": 27.0,
        "achieved_heading": 84.80344155732045,
        "target_bearing": 78.21827232922061,
        "fix_type": 6,
        "hacc_m": 0.014,
        "corrupt": false,
        "position_interpolated": true,
        "captured_at_utc": "2026-06-17T18:13:17.033760+00:00"
      },
      "geometry": {
        "type": "Point",
        "coordinates": [
          -114.0162242,
          46.697754499999995
        ]
      }
    },
    {
      "type": "Feature",
      "properties": {
        "file": "leg01_m028_b078_2026-06-17T12-13-18.jpg",
        "leg": "leg01",
        "mark_index": 28,
        "along_track_m": 28.0,
        "achieved_heading": 84.3230881867849,
        "target_bearing": 78.21827232922061,
        "fix_type": 6,
        "hacc_m": 0.014,
        "corrupt": false,
        "position_interpolated": true,
        "captured_at_utc": "2026-06-17T18:13:18.150238+00:00"
      },
      "geometry": {
        "type": "Point",
        "coordinates": [
          -114.01621054663116,
          46.69775629300532
        ]
      }
    },
    {
      "type": "Feature",
      "properties": {
        "file": "leg01_m029_b078_2026-06-17T12-13-19.jpg",
        "leg": "leg01",
        "mark_index": 29,
        "along_track_m": 29.0,
        "achieved_heading": 83.15271635505749,
        "target_bearing": 78.21827232922061,
        "fix_type": 6,
        "hacc_m": 0.014,
        "corrupt": false,
        "position_interpolated": true,
        "captured_at_utc": "2026-06-17T18:13:19.135239+00:00"
      },
      "geometry": {
        "type": "Point",
        "coordinates": [
          -114.01619865604938,
          46.6977578819943
        ]
      }
    },
    {
      "type": "Feature",
      "properties": {
        "file": "leg01_m030_b078_2026-06-17T12-13-20.jpg",
        "leg": "leg01",
        "mark_index": 30,
        "along_track_m": 30.0,
        "achieved_heading": 82.47982174602373,
        "target_bearing": 78.21827232922061,
        "fix_type": 6,
        "hacc_m": 0.014,
        "corrupt": false,
        "position_interpolated": true,
        "captured_at_utc": "2026-06-17T18:13:20.380727+00:00"
      },
      "geometry": {
        "type": "Point",
        "coordinates": [
          -114.0161845,
          46.6977597
        ]
      }
    },
    {
      "type": "Feature",
      "properties": {
        "file": "leg01_m031_b078_2026-06-17T12-13-21.jpg",
        "leg": "leg01",
        "mark_index": 31,
        "along_track_m": 31.0,
        "achieved_heading": 81.45935535697987,
        "target_bearing": 78.21827232922061,
        "fix_type": 6,
        "hacc_m": 0.014,
        "corrupt": false,
        "position_interpolated": true,
        "captured_at_utc": "2026-06-17T18:13:21.441841+00:00"
      },
      "geometry": {
        "type": "Point",
        "coordinates": [
          -114.01617209479943,
          46.697761600945555
        ]
      }
    },
    {
      "type": "Feature",
      "properties": {
        "file": "leg01_m032_b078_2026-06-17T12-13-22.jpg",
        "leg": "leg01",
        "mark_index": 32,
        "along_track_m": 32.0,
        "achieved_heading": 81.88396265587478,
        "target_bearing": 78.21827232922061,
        "fix_type": 6,
        "hacc_m": 0.014,
        "corrupt": false,
        "position_interpolated": true,
        "captured_at_utc": "2026-06-17T18:13:22.564250+00:00"
      },
      "geometry": {
        "type": "Point",
        "coordinates": [
          -114.01615939999999,
          46.697763699999996
        ]
      }
    },
    {
      "type": "Feature",
      "properties": {
        "file": "leg01_m033_b078_2026-06-17T12-13-23.jpg",
        "leg": "leg01",
        "mark_index": 33,
        "along_track_m": 33.0,
        "achieved_heading": 82.85633406120863,
        "target_bearing": 78.21827232922061,
        "fix_type": 6,
        "hacc_m": 0.014,
        "corrupt": false,
        "position_interpolated": true,
        "captured_at_utc": "2026-06-17T18:13:23.685724+00:00"
      },
      "geometry": {
        "type": "Point",
        "coordinates": [
          -114.01614619245527,
          46.697765616905365
        ]
      }
    },
    {
      "type": "Feature",
      "properties": {
        "file": "leg01_m034_b078_2026-06-17T12-13-25.jpg",
        "leg": "leg01",
        "mark_index": 34,
        "along_track_m": 34.0,
        "achieved_heading": 83.48196848110264,
        "target_bearing": 78.21827232922061,
        "fix_type": 6,
        "hacc_m": 0.014,
        "corrupt": false,
        "position_interpolated": true,
        "captured_at_utc": "2026-06-17T18:13:24.879186+00:00"
      },
      "geometry": {
        "type": "Point",
        "coordinates": [
          -114.01613319161328,
          46.69776741354834
        ]
      }
    },
    {
      "type": "Feature",
      "properties": {
        "file": "leg01_m035_b078_2026-06-17T12-13-26.jpg",
        "leg": "leg01",
        "mark_index": 35,
        "along_track_m": 35.0,
        "achieved_heading": 83.77877487193331,
        "target_bearing": 78.21827232922061,
        "fix_type": 6,
        "hacc_m": 0.014,
        "corrupt": false,
        "position_interpolated": true,
        "captured_at_utc": "2026-06-17T18:13:26.060026+00:00"
      },
      "geometry": {
        "type": "Point",
        "coordinates": [
          -114.01612159999999,
          46.6977689
        ]
      }
    },
    {
      "type": "Feature",
      "properties": {
        "file": "leg01_m036_b078_2026-06-17T12-13-27.jpg",
        "leg": "leg01",
        "mark_index": 36,
        "along_track_m": 36.0,
        "achieved_heading": 82.10975661711522,
        "target_bearing": 78.21827232922061,
        "fix_type": 6,
        "hacc_m": 0.014,
        "corrupt": false,
        "position_interpolated": true,
        "captured_at_utc": "2026-06-17T18:13:27.113305+00:00"
      },
      "geometry": {
        "type": "Point",
        "coordinates": [
          -114.0161077639465,
          46.69777054800764
        ]
      }
    },
    {
      "type": "Feature",
      "properties": {
        "file": "leg01_m037_b078_2026-06-17T12-13-28.jpg",
        "leg": "leg01",
        "mark_index": 37,
        "along_track_m": 37.0,
        "achieved_heading": 80.82128998725616,
        "target_bearing": 78.21827232922061,
        "fix_type": 6,
        "hacc_m": 0.014,
        "corrupt": false,
        "position_interpolated": true,
        "captured_at_utc": "2026-06-17T18:13:28.242585+00:00"
      },
      "geometry": {
        "type": "Point",
        "coordinates": [
          -114.0160956,
          46.697772199999996
        ]
      }
    },
    {
      "type": "Feature",
      "properties": {
        "file": "leg01_m038_b078_2026-06-17T12-13-29.jpg",
        "leg": "leg01",
        "mark_index": 38,
        "along_track_m": 38.0,
        "achieved_heading": 79.47083974387863,
        "target_bearing": 78.21827232922061,
        "fix_type": 6,
        "hacc_m": 0.014,
        "corrupt": false,
        "position_interpolated": true,
        "captured_at_utc": "2026-06-17T18:13:29.360388+00:00"
      },
      "geometry": {
        "type": "Point",
        "coordinates": [
          -114.01608189999999,
          46.6977742
        ]
      }
    },
    {
      "type": "Feature",
      "properties": {
        "file": "leg01_m039_b078_2026-06-17T12-13-30.jpg",
        "leg": "leg01",
        "mark_index": 39,
        "along_track_m": 39.0,
        "achieved_heading": 79.49001902948204,
        "target_bearing": 78.21827232922061,
        "fix_type": 6,
        "hacc_m": 0.014,
        "corrupt": false,
        "position_interpolated": true,
        "captured_at_utc": "2026-06-17T18:13:30.540164+00:00"
      },
      "geometry": {
        "type": "Point",
        "coordinates": [
          -114.01606865764346,
          46.69777647372609
        ]
      }
    },
    {
      "type": "Feature",
      "properties": {
        "file": "leg01_m040_b078_2026-06-17T12-13-31.jpg",
        "leg": "leg01",
        "mark_index": 40,
        "along_track_m": 40.0,
        "achieved_heading": 81.92511481800001,
        "target_bearing": 78.21827232922061,
        "fix_type": 6,
        "hacc_m": 0.014,
        "corrupt": false,
        "position_interpolated": true,
        "captured_at_utc": "2026-06-17T18:13:31.519302+00:00"
      },
      "geometry": {
        "type": "Point",
        "coordinates": [
          -114.01605789817656,
          46.697778260364686
        ]
      }
    },
    {
      "type": "Feature",
      "properties": {
        "file": "leg01_m041_b078_2026-06-17T12-13-32.jpg",
        "leg": "leg01",
        "mark_index": 41,
        "along_track_m": 41.0,
        "achieved_heading": 81.56171711842974,
        "target_bearing": 78.21827232922061,
        "fix_type": 6,
        "hacc_m": 0.014,
        "corrupt": false,
        "position_interpolated": true,
        "captured_at_utc": "2026-06-17T18:13:32.784311+00:00"
      },
      "geometry": {
        "type": "Point",
        "coordinates": [
          -114.0160447,
          46.6977802
        ]
      }
    },
    {
      "type": "Feature",
      "properties": {
        "file": "leg01_m042_b078_2026-06-17T12-13-34.jpg",
        "leg": "leg01",
        "mark_index": 42,
        "along_track_m": 42.0,
        "achieved_heading": 80.54684782471067,
        "target_bearing": 78.21827232922061,
        "fix_type": 6,
        "hacc_m": 0.014,
        "corrupt": false,
        "position_interpolated": true,
        "captured_at_utc": "2026-06-17T18:13:33.906978+00:00"
      },
      "geometry": {
        "type": "Point",
        "coordinates": [
          -114.01603151308547,
          46.697782340364675
        ]
      }
    },
    {
      "type": "Feature",
      "properties": {
        "file": "leg01_m043_b078_2026-06-17T12-13-35.jpg",
        "leg": "leg01",
        "mark_index": 43,
        "along_track_m": 43.0,
        "achieved_heading": 82.84148869944198,
        "target_bearing": 78.21827232922061,
        "fix_type": 6,
        "hacc_m": 0.014,
        "corrupt": false,
        "position_interpolated": true,
        "captured_at_utc": "2026-06-17T18:13:35.173369+00:00"
      },
      "geometry": {
        "type": "Point",
        "coordinates": [
          -114.01601769999999,
          46.6977845
        ]
      }
    },
    {
      "type": "Feature",
      "properties": {
        "file": "leg01_m044_b078_2026-06-17T12-13-36.jpg",
        "leg": "leg01",
        "mark_index": 44,
        "along_track_m": 44.0,
        "achieved_heading": 82.93139229612933,
        "target_bearing": 78.21827232922061,
        "fix_type": 6,
        "hacc_m": 0.014,
        "corrupt": false,
        "position_interpolated": true,
        "captured_at_utc": "2026-06-17T18:13:36.092251+00:00"
      },
      "geometry": {
        "type": "Point",
        "coordinates": [
          -114.01600637836445,
          46.697785871734816
        ]
      }
    },
    {
      "type": "Feature",
      "properties": {
        "file": "leg01_m045_b078_2026-06-17T12-13-37.jpg",
        "leg": "leg01",
        "mark_index": 45,
        "along_track_m": 45.0,
        "achieved_heading": 80.27865113282961,
        "target_bearing": 78.21827232922061,
        "fix_type": 6,
        "hacc_m": 0.014,
        "corrupt": false,
        "position_interpolated": true,
        "captured_at_utc": "2026-06-17T18:13:37.279584+00:00"
      },
      "geometry": {
        "type": "Point",
        "coordinates": [
          -114.01599309861234,
          46.69778773344897
        ]
      }
    },
    {
      "type": "Feature",
      "properties": {
        "file": "leg01_m046_b078_2026-06-17T12-13-38.jpg",
        "leg": "leg01",
        "mark_index": 46,
        "along_track_m": 46.0,
        "achieved_heading": 79.17423419055935,
        "target_bearing": 78.21827232922061,
        "fix_type": 6,
        "hacc_m": 0.014,
        "corrupt": false,
        "position_interpolated": true,
        "captured_at_utc": "2026-06-17T18:13:38.398525+00:00"
      },
      "geometry": {
        "type": "Point",
        "coordinates": [
          -114.01598039999999,
          46.697789799999995
        ]
      }
    },
    {
      "type": "Feature",
      "properties": {
        "file": "leg01_m047_b078_2026-06-17T12-13-39.jpg",
        "leg": "leg01",
        "mark_index": 47,
        "along_track_m": 47.0,
        "achieved_heading": 81.64807127072955,
        "target_bearing": 78.21827232922061,
        "fix_type": 6,
        "hacc_m": 0.014,
        "corrupt": false,
        "position_interpolated": true,
        "captured_at_utc": "2026-06-17T18:13:39.573028+00:00"
      },
      "geometry": {
        "type": "Point",
        "coordinates": [
          -114.0159668,
          46.6977918
        ]
      }
    },
    {
      "type": "Feature",
      "properties": {
        "file": "leg01_m048_b078_2026-06-17T12-13-40.jpg",
        "leg": "leg01",
        "mark_index": 48,
        "along_track_m": 48.0,
        "achieved_heading": 83.92506488292248,
        "target_bearing": 78.21827232922061,
        "fix_type": 6,
        "hacc_m": 0.014,
        "corrupt": false,
        "position_interpolated": true,
        "captured_at_utc": "2026-06-17T18:13:40.770420+00:00"
      },
      "geometry": {
        "type": "Point",
        "coordinates": [
          -114.0159532,
          46.697793499999996
        ]
      }
    },
    {
      "type": "Feature",
      "properties": {
        "file": "leg01_m049_b078_2026-06-17T12-13-41.jpg",
        "leg": "leg01",
        "mark_index": 49,
        "along_track_m": 49.0,
        "achieved_heading": 82.66328798012921,
        "target_bearing": 78.21827232922061,
        "fix_type": 6,
        "hacc_m": 0.014,
        "corrupt": false,
        "position_interpolated": true,
        "captured_at_utc": "2026-06-17T18:13:41.670013+00:00"
      },
      "geometry": {
        "type": "Point",
        "coordinates": [
          -114.01594236481867,
          46.697794991897666
        ]
      }
    },
    {
      "type": "Feature",
      "properties": {
        "file": "leg01_m050_b078_2026-06-17T12-13-43.jpg",
        "leg": "leg01",
        "mark_index": 50,
        "along_track_m": 50.0,
        "achieved_heading": 85.83728279357908,
        "target_bearing": 78.21827232922061,
        "fix_type": 6,
        "hacc_m": 0.014,
        "corrupt": false,
        "position_interpolated": true,
        "captured_at_utc": "2026-06-17T18:13:42.863690+00:00"
      },
      "geometry": {
        "type": "Point",
        "coordinates": [
          -114.01592810840643,
          46.697796562149726
        ]
      }
    },
    {
      "type": "Feature",
      "properties": {
        "file": "leg01_m051_b078_2026-06-17T12-13-44.jpg",
        "leg": "leg01",
        "mark_index": 51,
        "along_track_m": 51.0,
        "achieved_heading": 87.49673483269028,
        "target_bearing": 78.21827232922061,
        "fix_type": 6,
        "hacc_m": 0.014,
        "corrupt": false,
        "position_interpolated": true,
        "captured_at_utc": "2026-06-17T18:13:44.064597+00:00"
      },
      "geometry": {
        "type": "Point",
        "coordinates": [
          -114.0159157,
          46.6977975
        ]
      }
    },
    {
      "type": "Feature",
      "properties": {
        "file": "leg02_m000_b348_2026-06-17T12-13-48.jpg",
        "leg": "leg02",
        "mark_index": 0,
        "along_track_m": 0.0,
        "achieved_heading": 345.0962279966422,
        "target_bearing": 348.2910371364836,
        "fix_type": 6,
        "hacc_m": 0.014,
        "corrupt": false,
        "position_interpolated": true,
        "captured_at_utc": "2026-06-17T18:13:48.756413+00:00"
      },
      "geometry": {
        "type": "Point",
        "coordinates": [
          -114.0159127,
          46.697798
        ]
      }
    },
    {
      "type": "Feature",
      "properties": {
        "file": "leg02_m001_b348_2026-06-17T12-13-50.jpg",
        "leg": "leg02",
        "mark_index": 1,
        "along_track_m": 1.0,
        "achieved_heading": 338.186528874703,
        "target_bearing": 348.2910371364836,
        "fix_type": 6,
        "hacc_m": 0.014,
        "corrupt": false,
        "position_interpolated": true,
        "captured_at_utc": "2026-06-17T18:13:50.357106+00:00"
      },
      "geometry": {
        "type": "Point",
        "coordinates": [
          -114.015918,
          46.697807
        ]
      }
    },
    {
      "type": "Feature",
      "properties": {
        "file": "leg02_m002_b348_2026-06-17T12-13-51.jpg",
        "leg": "leg02",
        "mark_index": 2,
        "along_track_m": 2.0,
        "achieved_heading": 343.687152891077,
        "target_bearing": 348.2910371364836,
        "fix_type": 6,
        "hacc_m": 0.014,
        "corrupt": false,
        "position_interpolated": true,
        "captured_at_utc": "2026-06-17T18:13:51.338655+00:00"
      },
      "geometry": {
        "type": "Point",
        "coordinates": [
          -114.01592308018878,
          46.69781496698132
        ]
      }
    },
    {
      "type": "Feature",
      "properties": {
        "file": "leg02_m003_b348_2026-06-17T12-13-52.jpg",
        "leg": "leg02",
        "mark_index": 3,
        "along_track_m": 3.0,
        "achieved_heading": 353.89852130745754,
        "target_bearing": 348.2910371364836,
        "fix_type": 6,
        "hacc_m": 0.014,
        "corrupt": false,
        "position_interpolated": true,
        "captured_at_utc": "2026-06-17T18:13:52.388790+00:00"
      },
      "geometry": {
        "type": "Point",
        "coordinates": [
          -114.0159262,
          46.6978237
        ]
      }
    },
    {
      "type": "Feature",
      "properties": {
        "file": "leg02_m004_b348_2026-06-17T12-13-53.jpg",
        "leg": "leg02",
        "mark_index": 4,
        "along_track_m": 4.0,
        "achieved_heading": 0.5938196224587742,
        "target_bearing": 348.2910371364836,
        "fix_type": 6,
        "hacc_m": 0.014,
        "corrupt": false,
        "position_interpolated": true,
        "captured_at_utc": "2026-06-17T18:13:53.441396+00:00"
      },
      "geometry": {
        "type": "Point",
        "coordinates": [
          -114.01592754813026,
          46.69783304065137
        ]
      }
    },
    {
      "type": "Feature",
      "properties": {
        "file": "leg02_m005_b348_2026-06-17T12-13-54.jpg",
        "leg": "leg02",
        "mark_index": 5,
        "along_track_m": 4.919,
        "achieved_heading": 5.0815688486004635,
        "target_bearing": 348.2910371364836,
        "fix_type": 6,
        "hacc_m": 0.014,
        "corrupt": false,
        "position_interpolated": true,
        "captured_at_utc": "2026-06-17T18:13:54.346401+00:00"
      },
      "geometry": {
        "type": "Point",
        "coordinates": [
          -114.0159273,
          46.697840799999994
        ]
      }
    },
    {
      "type": "Feature",
      "properties": {
        "file": "leg03_m001_b258_2026-06-17T12-14-05.jpg",
        "leg": "leg03",
        "mark_index": 1,
        "along_track_m": 1.0,
        "achieved_heading": 257.20455951935344,
        "target_bearing": 258.2187411885399,
        "fix_type": 6,
        "hacc_m": 0.014,
        "corrupt": false,
        "position_interpolated": true,
        "captured_at_utc": "2026-06-17T18:14:05.850208+00:00"
      },
      "geometry": {
        "type": "Point",
        "coordinates": [
          -114.01593989999999,
          46.697841499999996
        ]
      }
    },
    {
      "type": "Feature",
      "properties": {
        "file": "leg03_m002_b258_2026-06-17T12-14-07.jpg",
        "leg": "leg03",
        "mark_index": 2,
        "along_track_m": 2.0,
        "achieved_heading": 252.4203619300111,
        "target_bearing": 258.2187411885399,
        "fix_type": 6,
        "hacc_m": 0.014,
        "corrupt": false,
        "position_interpolated": true,
        "captured_at_utc": "2026-06-17T18:14:06.954353+00:00"
      },
      "geometry": {
        "type": "Point",
        "coordinates": [
          -114.01595434275254,
          46.697839010733894
        ]
      }
    },
    {
      "type": "Feature",
      "properties": {
        "file": "leg03_m003_b258_2026-06-17T12-14-07.jpg",
        "leg": "leg03",
        "mark_index": 3,
        "along_track_m": 3.0,
        "achieved_heading": 253.51734692456853,
        "target_bearing": 258.2187411885399,
        "fix_type": 6,
        "hacc_m": 0.014,
        "corrupt": false,
        "position_interpolated": true,
        "captured_at_utc": "2026-06-17T18:14:07.943527+00:00"
      },
      "geometry": {
        "type": "Point",
        "coordinates": [
          -114.0159659,
          46.6978365
        ]
      }
    },
    {
      "type": "Feature",
      "properties": {
        "file": "leg03_m004_b258_2026-06-17T12-14-08.jpg",
        "leg": "leg03",
        "mark_index": 4,
        "along_track_m": 4.0,
        "achieved_heading": 255.79023062993684,
        "target_bearing": 258.2187411885399,
        "fix_type": 6,
        "hacc_m": 0.014,
        "corrupt": false,
        "position_interpolated": true,
        "captured_at_utc": "2026-06-17T18:14:08.981677+00:00"
      },
      "geometry": {
        "type": "Point",
        "coordinates": [
          -114.01597799999999,
          46.697834199999996
        ]
      }
    },
    {
      "type": "Feature",
      "properties": {
        "file": "leg03_m005_b258_2026-06-17T12-14-10.jpg",
        "leg": "leg03",
        "mark_index": 5,
        "along_track_m": 5.0,
        "achieved_heading": 256.125177397219,
        "target_bearing": 258.2187411885399,
        "fix_type": 6,
        "hacc_m": 0.014,
        "corrupt": false,
        "position_interpolated": true,
        "captured_at_utc": "2026-06-17T18:14:10.038605+00:00"
      },
      "geometry": {
        "type": "Point",
        "coordinates": [
          -114.01599087875421,
          46.69783201239057
        ]
      }
    },
    {
      "type": "Feature",
      "properties": {
        "file": "leg03_m006_b258_2026-06-17T12-14-11.jpg",
        "leg": "leg03",
        "mark_index": 6,
        "along_track_m": 6.0,
        "achieved_heading": 257.49311088864516,
        "target_bearing": 258.2187411885399,
        "fix_type": 6,
        "hacc_m": 0.014,
        "corrupt": false,
        "position_interpolated": true,
        "captured_at_utc": "2026-06-17T18:14:11.155802+00:00"
      },
      "geometry": {
        "type": "Point",
        "coordinates": [
          -114.01600429999999,
          46.6978298
        ]
      }
    },
    {
      "type": "Feature",
      "properties": {
        "file": "leg03_m007_b258_2026-06-17T12-14-12.jpg",
        "leg": "leg03",
        "mark_index": 7,
        "along_track_m": 7.0,
        "achieved_heading": 258.7453976730335,
        "target_bearing": 258.2187411885399,
        "fix_type": 6,
        "hacc_m": 0.014,
        "corrupt": false,
        "position_interpolated": true,
        "captured_at_utc": "2026-06-17T18:14:12.145065+00:00"
      },
      "geometry": {
        "type": "Point",
        "coordinates": [
          -114.01601629353901,
          46.697827921292195
        ]
      }
    },
    {
      "type": "Feature",
      "properties": {
        "file": "leg03_m008_b258_2026-06-17T12-14-13.jpg",
        "leg": "leg03",
        "mark_index": 8,
        "along_track_m": 8.0,
        "achieved_heading": 258.7566527370865,
        "target_bearing": 258.2187411885399,
        "fix_type": 6,
        "hacc_m": 0.014,
        "corrupt": false,
        "position_interpolated": true,
        "captured_at_utc": "2026-06-17T18:14:13.274904+00:00"
      },
      "geometry": {
        "type": "Point",
        "coordinates": [
          -114.01603040462051,
          46.697826007445535
        ]
      }
    },
    {
      "type": "Feature",
      "properties": {
        "file": "leg03_m009_b258_2026-06-17T12-14-14.jpg",
        "leg": "leg03",
        "mark_index": 9,
        "along_track_m": 9.0,
        "achieved_heading": 258.6440057981189,
        "target_bearing": 258.2187411885399,
        "fix_type": 6,
        "hacc_m": 0.014,
        "corrupt": false,
        "position_interpolated": true,
        "captured_at_utc": "2026-06-17T18:14:14.306787+00:00"
      },
      "geometry": {
        "type": "Point",
        "coordinates": [
          -114.0160428721415,
          46.69782436334302
        ]
      }
    },
    {
      "type": "Feature",
      "properties": {
        "file": "leg03_m010_b258_2026-06-17T12-14-15.jpg",
        "leg": "leg03",
        "mark_index": 10,
        "along_track_m": 10.0,
        "achieved_heading": 258.4372403804558,
        "target_bearing": 258.2187411885399,
        "fix_type": 6,
        "hacc_m": 0.014,
        "corrupt": false,
        "position_interpolated": true,
        "captured_at_utc": "2026-06-17T18:14:15.417644+00:00"
      },
      "geometry": {
        "type": "Point",
        "coordinates": [
          -114.0160554,
          46.6978224
        ]
      }
    },
    {
      "type": "Feature",
      "properties": {
        "file": "leg03_m011_b258_2026-06-17T12-14-16.jpg",
        "leg": "leg03",
        "mark_index": 11,
        "along_track_m": 11.0,
        "achieved_heading": 259.9435558370187,
        "target_bearing": 258.2187411885399,
        "fix_type": 6,
        "hacc_m": 0.014,
        "corrupt": false,
        "position_interpolated": true,
        "captured_at_utc": "2026-06-17T18:14:16.337789+00:00"
      },
      "geometry": {
        "type": "Point",
        "coordinates": [
          -114.01606793674576,
          46.697820612650844
        ]
      }
    },
    {
      "type": "Feature",
      "properties": {
        "file": "leg03_m012_b258_2026-06-17T12-14-17.jpg",
        "leg": "leg03",
        "mark_index": 12,
        "along_track_m": 12.0,
        "achieved_heading": 258.56933440681973,
        "target_bearing": 258.2187411885399,
        "fix_type": 6,
        "hacc_m": 0.014,
        "corrupt": false,
        "position_interpolated": true,
        "captured_at_utc": "2026-06-17T18:14:17.392208+00:00"
      },
      "geometry": {
        "type": "Point",
        "coordinates": [
          -114.0160805,
          46.697818999999996
        ]
      }
    },
    {
      "type": "Feature",
      "properties": {
        "file": "leg03_m013_b258_2026-06-17T12-14-18.jpg",
        "leg": "leg03",
        "mark_index": 13,
        "along_track_m": 13.0,
        "achieved_heading": 256.47645142180517,
        "target_bearing": 258.2187411885399,
        "fix_type": 6,
        "hacc_m": 0.014,
        "corrupt": false,
        "position_interpolated": true,
        "captured_at_utc": "2026-06-17T18:14:18.594357+00:00"
      },
      "geometry": {
        "type": "Point",
        "coordinates": [
          -114.01609499999999,
          46.6978168
        ]
      }
    },
    {
      "type": "Feature",
      "properties": {
        "file": "leg03_m014_b258_2026-06-17T12-14-19.jpg",
        "leg": "leg03",
        "mark_index": 14,
        "along_track_m": 14.0,
        "achieved_heading": 256.7523691296841,
        "target_bearing": 258.2187411885399,
        "fix_type": 6,
        "hacc_m": 0.014,
        "corrupt": false,
        "position_interpolated": true,
        "captured_at_utc": "2026-06-17T18:14:19.494518+00:00"
      },
      "geometry": {
        "type": "Point",
        "coordinates": [
          -114.0161065280135,
          46.69781492434489
        ]
      }
    },
    {
      "type": "Feature",
      "properties": {
        "file": "leg03_m015_b258_2026-06-17T12-14-20.jpg",
        "leg": "leg03",
        "mark_index": 15,
        "along_track_m": 15.0,
        "achieved_heading": 258.8422086754488,
        "target_bearing": 258.2187411885399,
        "fix_type": 6,
        "hacc_m": 0.014,
        "corrupt": false,
        "position_interpolated": true,
        "captured_at_utc": "2026-06-17T18:14:20.617227+00:00"
      },
      "geometry": {
        "type": "Point",
        "coordinates": [
          -114.0161193,
          46.6978131
        ]
      }
    },
    {
      "type": "Feature",
      "properties": {
        "file": "leg03_m016_b258_2026-06-17T12-14-21.jpg",
        "leg": "leg03",
        "mark_index": 16,
        "along_track_m": 16.0,
        "achieved_heading": 258.3853730616327,
        "target_bearing": 258.2187411885399,
        "fix_type": 6,
        "hacc_m": 0.014,
        "corrupt": false,
        "position_interpolated": true,
        "captured_at_utc": "2026-06-17T18:14:21.806847+00:00"
      },
      "geometry": {
        "type": "Point",
        "coordinates": [
          -114.0161335,
          46.6978112
        ]
      }
    },
    {
      "type": "Feature",
      "properties": {
        "file": "leg03_m017_b258_2026-06-17T12-14-22.jpg",
        "leg": "leg03",
        "mark_index": 17,
        "along_track_m": 17.0,
        "achieved_heading": 259.01758135491025,
        "target_bearing": 258.2187411885399,
        "fix_type": 6,
        "hacc_m": 0.014,
        "corrupt": false,
        "position_interpolated": true,
        "captured_at_utc": "2026-06-17T18:14:22.801934+00:00"
      },
      "geometry": {
        "type": "Point",
        "coordinates": [
          -114.0161459,
          46.6978094
        ]
      }
    },
    {
      "type": "Feature",
      "properties": {
        "file": "leg03_m018_b258_2026-06-17T12-14-23.jpg",
        "leg": "leg03",
        "mark_index": 18,
        "along_track_m": 18.0,
        "achieved_heading": 259.3378974914673,
        "target_bearing": 258.2187411885399,
        "fix_type": 6,
        "hacc_m": 0.014,
        "corrupt": false,
        "position_interpolated": true,
        "captured_at_utc": "2026-06-17T18:14:23.706505+00:00"
      },
      "geometry": {
        "type": "Point",
        "coordinates": [
          -114.01615726219396,
          46.69780767296767
        ]
      }
    },
    {
      "type": "Feature",
      "properties": {
        "file": "leg03_m019_b258_2026-06-17T12-14-25.jpg",
        "leg": "leg03",
        "mark_index": 19,
        "along_track_m": 19.0,
        "achieved_heading": 259.0723501334784,
        "target_bearing": 258.2187411885399,
        "fix_type": 6,
        "hacc_m": 0.014,
        "corrupt": false,
        "position_interpolated": true,
        "captured_at_utc": "2026-06-17T18:14:24.954771+00:00"
      },
      "geometry": {
        "type": "Point",
        "coordinates": [
          -114.01617139999999,
          46.6978054
        ]
      }
    },
    {
      "type": "Feature",
      "properties": {
        "file": "leg03_m020_b258_2026-06-17T12-14-25.jpg",
        "leg": "leg03",
        "mark_index": 20,
        "along_track_m": 20.0,
        "achieved_heading": 261.07423927301136,
        "target_bearing": 258.2187411885399,
        "fix_type": 6,
        "hacc_m": 0.014,
        "corrupt": false,
        "position_interpolated": true,
        "captured_at_utc": "2026-06-17T18:14:25.877506+00:00"
      },
      "geometry": {
        "type": "Point",
        "coordinates": [
          -114.0161830519538,
          46.69780413046865
        ]
      }
    },
    {
      "type": "Feature",
      "properties": {
        "file": "leg03_m021_b258_2026-06-17T12-14-26.jpg",
        "leg": "leg03",
        "mark_index": 21,
        "along_track_m": 21.0,
        "achieved_heading": 259.4256759158564,
        "target_bearing": 258.2187411885399,
        "fix_type": 6,
        "hacc_m": 0.014,
        "corrupt": false,
        "position_interpolated": true,
        "captured_at_utc": "2026-06-17T18:14:26.988093+00:00"
      },
      "geometry": {
        "type": "Point",
        "coordinates": [
          -114.01619629999999,
          46.697802499999995
        ]
      }
    },
    {
      "type": "Feature",
      "properties": {
        "file": "leg03_m022_b258_2026-06-17T12-14-28.jpg",
        "leg": "leg03",
        "mark_index": 22,
        "along_track_m": 22.0,
        "achieved_heading": 257.85458547313107,
        "target_bearing": 258.2187411885399,
        "fix_type": 6,
        "hacc_m": 0.014,
        "corrupt": false,
        "position_interpolated": true,
        "captured_at_utc": "2026-06-17T18:14:27.893039+00:00"
      },
      "geometry": {
        "type": "Point",
        "coordinates": [
          -114.0162083126407,
          46.69780082236652
        ]
      }
    },
    {
      "type": "Feature",
      "properties": {
        "file": "leg03_m023_b258_2026-06-17T12-14-29.jpg",
        "leg": "leg03",
        "mark_index": 23,
        "along_track_m": 23.0,
        "achieved_heading": 257.76100554370873,
        "target_bearing": 258.2187411885399,
        "fix_type": 6,
        "hacc_m": 0.014,
        "corrupt": false,
        "position_interpolated": true,
        "captured_at_utc": "2026-06-17T18:14:29.077923+00:00"
      },
      "geometry": {
        "type": "Point",
        "coordinates": [
          -114.01622279920909,
          46.69779850015818
        ]
      }
    },
    {
      "type": "Feature",
      "properties": {
        "file": "leg03_m024_b258_2026-06-17T12-14-30.jpg",
        "leg": "leg03",
        "mark_index": 24,
        "along_track_m": 24.0,
        "achieved_heading": 259.0054251209626,
        "target_bearing": 258.2187411885399,
        "fix_type": 6,
        "hacc_m": 0.014,
        "corrupt": false,
        "position_interpolated": true,
        "captured_at_utc": "2026-06-17T18:14:30.132715+00:00"
      },
      "geometry": {
        "type": "Point",
        "coordinates": [
          -114.01623602319408,
          46.69779645323191
        ]
      }
    },
    {
      "type": "Feature",
      "properties": {
        "file": "leg03_m025_b258_2026-06-17T12-14-31.jpg",
        "leg": "leg03",
        "mark_index": 25,
        "along_track_m": 25.0,
        "achieved_heading": 258.85271416246087,
        "target_bearing": 258.2187411885399,
        "fix_type": 6,
        "hacc_m": 0.014,
        "corrupt": false,
        "position_interpolated": true,
        "captured_at_utc": "2026-06-17T18:14:31.188563+00:00"
      },
      "geometry": {
        "type": "Point",
        "coordinates": [
          -114.01624869999999,
          46.697794699999996
        ]
      }
    },
    {
      "type": "Feature",
      "properties": {
        "file": "leg03_m026_b258_2026-06-17T12-14-32.jpg",
        "leg": "leg03",
        "mark_index": 26,
        "along_track_m": 26.0,
        "achieved_heading": 259.66877757146057,
        "target_bearing": 258.2187411885399,
        "fix_type": 6,
        "hacc_m": 0.014,
        "corrupt": false,
        "position_interpolated": true,
        "captured_at_utc": "2026-06-17T18:14:32.154284+00:00"
      },
      "geometry": {
        "type": "Point",
        "coordinates": [
          -114.01626066853139,
          46.6977930041046
        ]
      }
    },
    {
      "type": "Feature",
      "properties": {
        "file": "leg03_m027_b258_2026-06-17T12-14-33.jpg",
        "leg": "leg03",
        "mark_index": 27,
        "along_track_m": 27.0,
        "achieved_heading": 259.7265135035242,
        "target_bearing": 258.2187411885399,
        "fix_type": 6,
        "hacc_m": 0.014,
        "corrupt": false,
        "position_interpolated": true,
        "captured_at_utc": "2026-06-17T18:14:33.287495+00:00"
      },
      "geometry": {
        "type": "Point",
        "coordinates": [
          -114.0162747386447,
          46.69779114099172
        ]
      }
    },
    {
      "type": "Feature",
      "properties": {
        "file": "leg03_m028_b258_2026-06-17T12-14-34.jpg",
        "leg": "leg03",
        "mark_index": 28,
        "along_track_m": 28.0,
        "achieved_heading": 258.4537412413691,
        "target_bearing": 258.2187411885399,
        "fix_type": 6,
        "hacc_m": 0.014,
        "corrupt": false,
        "position_interpolated": true,
        "captured_at_utc": "2026-06-17T18:14:34.334195+00:00"
      },
      "geometry": {
        "type": "Point",
        "coordinates": [
          -114.0162879498729,
          46.697789430025416
        ]
      }
    },
    {
      "type": "Feature",
      "properties": {
        "file": "leg03_m029_b258_2026-06-17T12-14-35.jpg",
        "leg": "leg03",
        "mark_index": 29,
        "along_track_m": 29.0,
        "achieved_heading": 258.9439286749277,
        "target_bearing": 258.2187411885399,
        "fix_type": 6,
        "hacc_m": 0.014,
        "corrupt": false,
        "position_interpolated": true,
        "captured_at_utc": "2026-06-17T18:14:35.318381+00:00"
      },
      "geometry": {
        "type": "Point",
        "coordinates": [
          -114.01629994589983,
          46.69778764426252
        ]
      }
    },
    {
      "type": "Feature",
      "properties": {
        "file": "leg03_m030_b258_2026-06-17T12-14-36.jpg",
        "leg": "leg03",
        "mark_index": 30,
        "along_track_m": 30.0,
        "achieved_heading": 258.98153524308185,
        "target_bearing": 258.2187411885399,
        "fix_type": 6,
        "hacc_m": 0.014,
        "corrupt": false,
        "position_interpolated": true,
        "captured_at_utc": "2026-06-17T18:14:36.359121+00:00"
      },
      "geometry": {
        "type": "Point",
        "coordinates": [
          -114.016313,
          46.6977858
        ]
      }
    },
    {
      "type": "Feature",
      "properties": {
        "file": "leg03_m031_b258_2026-06-17T12-14-37.jpg",
        "leg": "leg03",
        "mark_index": 31,
        "along_track_m": 31.0,
        "achieved_heading": 258.90728912873,
        "target_bearing": 258.2187411885399,
        "fix_type": 6,
        "hacc_m": 0.014,
        "corrupt": false,
        "position_interpolated": true,
        "captured_at_utc": "2026-06-17T18:14:37.274921+00:00"
      },
      "geometry": {
        "type": "Point",
        "coordinates": [
          -114.01632475529435,
          46.69778381336467
        ]
      }
    },
    {
      "type": "Feature",
      "properties": {
        "file": "leg03_m032_b258_2026-06-17T12-14-38.jpg",
        "leg": "leg03",
        "mark_index": 32,
        "along_track_m": 32.0,
        "achieved_heading": 259.13856574516683,
        "target_bearing": 258.2187411885399,
        "fix_type": 6,
        "hacc_m": 0.014,
        "corrupt": false,
        "position_interpolated": true,
        "captured_at_utc": "2026-06-17T18:14:38.391924+00:00"
      },
      "geometry": {
        "type": "Point",
        "coordinates": [
          -114.0163384,
          46.697781899999995
        ]
      }
    },
    {
      "type": "Feature",
      "properties": {
        "file": "leg03_m033_b258_2026-06-17T12-14-39.jpg",
        "leg": "leg03",
        "mark_index": 33,
        "along_track_m": 33.0,
        "achieved_heading": 259.80261888764915,
        "target_bearing": 258.2187411885399,
        "fix_type": 6,
        "hacc_m": 0.014,
        "corrupt": false,
        "position_interpolated": true,
        "captured_at_utc": "2026-06-17T18:14:39.378268+00:00"
      },
      "geometry": {
        "type": "Point",
        "coordinates": [
          -114.01635089999999,
          46.6977799
        ]
      }
    },
    {
      "type": "Feature",
      "properties": {
        "file": "leg03_m034_b258_2026-06-17T12-14-40.jpg",
        "leg": "leg03",
        "mark_index": 34,
        "along_track_m": 34.0,
        "achieved_heading": 259.97755596799925,
        "target_bearing": 258.2187411885399,
        "fix_type": 6,
        "hacc_m": 0.014,
        "corrupt": false,
        "position_interpolated": true,
        "captured_at_utc": "2026-06-17T18:14:40.284343+00:00"
      },
      "geometry": {
        "type": "Point",
        "coordinates": [
          -114.01636283570195,
          46.69777826402207
        ]
      }
    },
    {
      "type": "Feature",
      "properties": {
        "file": "leg03_m035_b258_2026-06-17T12-14-41.jpg",
        "leg": "leg03",
        "mark_index": 35,
        "along_track_m": 35.0,
        "achieved_heading": 258.93287523169596,
        "target_bearing": 258.2187411885399,
        "fix_type": 6,
        "hacc_m": 0.014,
        "corrupt": false,
        "position_interpolated": true,
        "captured_at_utc": "2026-06-17T18:14:41.395325+00:00"
      },
      "geometry": {
        "type": "Point",
        "coordinates": [
          -114.01637629999999,
          46.697776499999996
        ]
      }
    },
    {
      "type": "Feature",
      "properties": {
        "file": "leg03_m036_b258_2026-06-17T12-14-42.jpg",
        "leg": "leg03",
        "mark_index": 36,
        "along_track_m": 36.0,
        "achieved_heading": 257.966107105374,
        "target_bearing": 258.2187411885399,
        "fix_type": 6,
        "hacc_m": 0.014,
        "corrupt": false,
        "position_interpolated": true,
        "captured_at_utc": "2026-06-17T18:14:42.451338+00:00"
      },
      "geometry": {
        "type": "Point",
        "coordinates": [
          -114.0163889,
          46.6977745
        ]
      }
    },
    {
      "type": "Feature",
      "properties": {
        "file": "leg03_m037_b258_2026-06-17T12-14-43.jpg",
        "leg": "leg03",
        "mark_index": 37,
        "along_track_m": 37.0,
        "achieved_heading": 259.0038807008549,
        "target_bearing": 258.2187411885399,
        "fix_type": 6,
        "hacc_m": 0.014,
        "corrupt": false,
        "position_interpolated": true,
        "captured_at_utc": "2026-06-17T18:14:43.376463+00:00"
      },
      "geometry": {
        "type": "Point",
        "coordinates": [
          -114.0164013,
          46.697772699999994
        ]
      }
    },
    {
      "type": "Feature",
      "properties": {
        "file": "leg03_m038_b258_2026-06-17T12-14-44.jpg",
        "leg": "leg03",
        "mark_index": 38,
        "along_track_m": 38.0,
        "achieved_heading": 259.736451921125,
        "target_bearing": 258.2187411885399,
        "fix_type": 6,
        "hacc_m": 0.014,
        "corrupt": false,
        "position_interpolated": true,
        "captured_at_utc": "2026-06-17T18:14:44.411465+00:00"
      },
      "geometry": {
        "type": "Point",
        "coordinates": [
          -114.0164143509004,
          46.69777060989195
        ]
      }
    },
    {
      "type": "Feature",
      "properties": {
        "file": "leg03_m039_b258_2026-06-17T12-14-45.jpg",
        "leg": "leg03",
        "mark_index": 39,
        "along_track_m": 39.0,
        "achieved_heading": 260.23579494302317,
        "target_bearing": 258.2187411885399,
        "fix_type": 6,
        "hacc_m": 0.014,
        "corrupt": false,
        "position_interpolated": true,
        "captured_at_utc": "2026-06-17T18:14:45.528304+00:00"
      },
      "geometry": {
        "type": "Point",
        "coordinates": [
          -114.0164282620922,
          46.69776891982565
        ]
      }
    },
    {
      "type": "Feature",
      "properties": {
        "file": "leg03_m040_b258_2026-06-17T12-14-46.jpg",
        "leg": "leg03",
        "mark_index": 40,
        "along_track_m": 40.0,
        "achieved_heading": 258.7303043283001,
        "target_bearing": 258.2187411885399,
        "fix_type": 6,
        "hacc_m": 0.014,
        "corrupt": false,
        "position_interpolated": true,
        "captured_at_utc": "2026-06-17T18:14:46.641792+00:00"
      },
      "geometry": {
        "type": "Point",
        "coordinates": [
          -114.0164403,
          46.6977672
        ]
      }
    },
    {
      "type": "Feature",
      "properties": {
        "file": "leg03_m041_b258_2026-06-17T12-14-47.jpg",
        "leg": "leg03",
        "mark_index": 41,
        "along_track_m": 41.0,
        "achieved_heading": 258.62946464872016,
        "target_bearing": 258.2187411885399,
        "fix_type": 6,
        "hacc_m": 0.014,
        "corrupt": false,
        "position_interpolated": true,
        "captured_at_utc": "2026-06-17T18:14:47.629017+00:00"
      },
      "geometry": {
        "type": "Point",
        "coordinates": [
          -114.016453,
          46.6977652
        ]
      }
    },
    {
      "type": "Feature",
      "properties": {
        "file": "leg03_m042_b258_2026-06-17T12-14-48.jpg",
        "leg": "leg03",
        "mark_index": 42,
        "along_track_m": 42.0,
        "achieved_heading": 261.4669253339953,
        "target_bearing": 258.2187411885399,
        "fix_type": 6,
        "hacc_m": 0.014,
        "corrupt": false,
        "position_interpolated": true,
        "captured_at_utc": "2026-06-17T18:14:48.738587+00:00"
      },
      "geometry": {
        "type": "Point",
        "coordinates": [
          -114.0164675431515,
          46.69776320494334
        ]
      }
    },
    {
      "type": "Feature",
      "properties": {
        "file": "leg03_m043_b258_2026-06-17T12-14-49.jpg",
        "leg": "leg03",
        "mark_index": 43,
        "along_track_m": 43.0,
        "achieved_heading": 260.3291503561559,
        "target_bearing": 258.2187411885399,
        "fix_type": 6,
        "hacc_m": 0.014,
        "corrupt": false,
        "position_interpolated": true,
        "captured_at_utc": "2026-06-17T18:14:49.717463+00:00"
      },
      "geometry": {
        "type": "Point",
        "coordinates": [
          -114.016479977741,
          46.697761742033784
        ]
      }
    },
    {
      "type": "Feature",
      "properties": {
        "file": "leg03_m044_b258_2026-06-17T12-14-50.jpg",
        "leg": "leg03",
        "mark_index": 44,
        "along_track_m": 44.0,
        "achieved_heading": 257.4561890102074,
        "target_bearing": 258.2187411885399,
        "fix_type": 6,
        "hacc_m": 0.014,
        "corrupt": false,
        "position_interpolated": true,
        "captured_at_utc": "2026-06-17T18:14:50.777651+00:00"
      },
      "geometry": {
        "type": "Point",
        "coordinates": [
          -114.016493,
          46.6977599
        ]
      }
    },
    {
      "type": "Feature",
      "properties": {
        "file": "leg03_m045_b258_2026-06-17T12-14-51.jpg",
        "leg": "leg03",
        "mark_index": 45,
        "along_track_m": 45.0,
        "achieved_heading": 256.71910229735875,
        "target_bearing": 258.2187411885399,
        "fix_type": 6,
        "hacc_m": 0.014,
        "corrupt": false,
        "position_interpolated": true,
        "captured_at_utc": "2026-06-17T18:14:51.772303+00:00"
      },
      "geometry": {
        "type": "Point",
        "coordinates": [
          -114.01650509999999,
          46.6977578
        ]
      }
    },
    {
      "type": "Feature",
      "properties": {
        "file": "leg03_m046_b258_2026-06-17T12-14-52.jpg",
        "leg": "leg03",
        "mark_index": 46,
        "along_track_m": 46.0,
        "achieved_heading": 258.45259457347953,
        "target_bearing": 258.2187411885399,
        "fix_type": 6,
        "hacc_m": 0.014,
        "corrupt": false,
        "position_interpolated": true,
        "captured_at_utc": "2026-06-17T18:14:52.748605+00:00"
      },
      "geometry": {
        "type": "Point",
        "coordinates": [
          -114.01651719617996,
          46.6977558129775
        ]
      }
    },
    {
      "type": "Feature",
      "properties": {
        "file": "leg03_m047_b258_2026-06-17T12-14-53.jpg",
        "leg": "leg03",
        "mark_index": 47,
        "along_track_m": 47.0,
        "achieved_heading": 261.24790808307307,
        "target_bearing": 258.2187411885399,
        "fix_type": 6,
        "hacc_m": 0.014,
        "corrupt": false,
        "position_interpolated": true,
        "captured_at_utc": "2026-06-17T18:14:53.802166+00:00"
      },
      "geometry": {
        "type": "Point",
        "coordinates": [
          -114.01652949999999,
          46.6977541
        ]
      }
    },
    {
      "type": "Feature",
      "properties": {
        "file": "leg03_m048_b258_2026-06-17T12-14-55.jpg",
        "leg": "leg03",
        "mark_index": 48,
        "along_track_m": 48.0,
        "achieved_heading": 261.9972401697228,
        "target_bearing": 258.2187411885399,
        "fix_type": 6,
        "hacc_m": 0.014,
        "corrupt": false,
        "position_interpolated": true,
        "captured_at_utc": "2026-06-17T18:14:54.853653+00:00"
      },
      "geometry": {
        "type": "Point",
        "coordinates": [
          -114.01654334371268,
          46.69775243875448
        ]
      }
    },
    {
      "type": "Feature",
      "properties": {
        "file": "leg03_m049_b258_2026-06-17T12-14-56.jpg",
        "leg": "leg03",
        "mark_index": 49,
        "along_track_m": 49.0,
        "achieved_heading": 261.0711241342954,
        "target_bearing": 258.2187411885399,
        "fix_type": 6,
        "hacc_m": 0.014,
        "corrupt": false,
        "position_interpolated": true,
        "captured_at_utc": "2026-06-17T18:14:55.957261+00:00"
      },
      "geometry": {
        "type": "Point",
        "coordinates": [
          -114.0165569,
          46.697750799999994
        ]
      }
    },
    {
      "type": "Feature",
      "properties": {
        "file": "leg03_m050_b258_2026-06-17T12-14-56.jpg",
        "leg": "leg03",
        "mark_index": 50,
        "along_track_m": 50.0,
        "achieved_heading": 261.1054883310859,
        "target_bearing": 258.2187411885399,
        "fix_type": 6,
        "hacc_m": 0.014,
        "corrupt": false,
        "position_interpolated": true,
        "captured_at_utc": "2026-06-17T18:14:56.953100+00:00"
      },
      "geometry": {
        "type": "Point",
        "coordinates": [
          -114.0165687,
          46.6977494
        ]
      }
    },
    {
      "type": "Feature",
      "properties": {
        "file": "leg03_m051_b258_2026-06-17T12-14-58.jpg",
        "leg": "leg03",
        "mark_index": 51,
        "along_track_m": 50.984,
        "achieved_heading": 262.93492782122894,
        "target_bearing": 258.2187411885399,
        "fix_type": 6,
        "hacc_m": 0.014,
        "corrupt": false,
        "position_interpolated": true,
        "captured_at_utc": "2026-06-17T18:14:57.999023+00:00"
      },
      "geometry": {
        "type": "Point",
        "coordinates": [
          -114.0165809,
          46.697747799999995
        ]
      }
    },
    {
      "type": "Feature",
      "properties": {
        "file": "leg04_m000_b348_2026-06-17T12-15-02.jpg",
        "leg": "leg04",
        "mark_index": 0,
        "along_track_m": 0.0,
        "achieved_heading": 346.0839954451018,
        "target_bearing": 348.2905478594781,
        "fix_type": 6,
        "hacc_m": 0.014,
        "corrupt": false,
        "position_interpolated": true,
        "captured_at_utc": "2026-06-17T18:15:01.988001+00:00"
      },
      "geometry": {
        "type": "Point",
        "coordinates": [
          -114.0165869,
          46.697747799999995
        ]
      }
    },
    {
      "type": "Feature",
      "properties": {
        "file": "leg04_m001_b348_2026-06-17T12-15-03.jpg",
        "leg": "leg04",
        "mark_index": 1,
        "along_track_m": 1.0,
        "achieved_heading": 340.8273368578945,
        "target_bearing": 348.2905478594781,
        "fix_type": 6,
        "hacc_m": 0.014,
        "corrupt": false,
        "position_interpolated": true,
        "captured_at_utc": "2026-06-17T18:15:03.458982+00:00"
      },
      "geometry": {
        "type": "Point",
        "coordinates": [
          -114.01659162116108,
          46.69775644703785
        ]
      }
    },
    {
      "type": "Feature",
      "properties": {
        "file": "leg04_m002_b348_2026-06-17T12-15-04.jpg",
        "leg": "leg04",
        "mark_index": 2,
        "along_track_m": 2.0,
        "achieved_heading": 350.1684396792509,
        "target_bearing": 348.2905478594781,
        "fix_type": 6,
        "hacc_m": 0.014,
        "corrupt": false,
        "position_interpolated": true,
        "captured_at_utc": "2026-06-17T18:15:04.580517+00:00"
      },
      "geometry": {
        "type": "Point",
        "coordinates": [
          -114.0165966,
          46.697765499999996
        ]
      }
    },
    {
      "type": "Feature",
      "properties": {
        "file": "leg04_m003_b348_2026-06-17T12-15-05.jpg",
        "leg": "leg04",
        "mark_index": 3,
        "along_track_m": 3.0,
        "achieved_heading": 0.4764087798905159,
        "target_bearing": 348.2905478594781,
        "fix_type": 6,
        "hacc_m": 0.014,
        "corrupt": false,
        "position_interpolated": true,
        "captured_at_utc": "2026-06-17T18:15:05.488046+00:00"
      },
      "geometry": {
        "type": "Point",
        "coordinates": [
          -114.0165986841341,
          46.69777357860344
        ]
      }
    },
    {
      "type": "Feature",
      "properties": {
        "file": "leg04_m004_b348_2026-06-17T12-15-06.jpg",
        "leg": "leg04",
        "mark_index": 4,
        "along_track_m": 4.0,
        "achieved_heading": 7.631047359248132,
        "target_bearing": 348.2905478594781,
        "fix_type": 6,
        "hacc_m": 0.014,
        "corrupt": false,
        "position_interpolated": true,
        "captured_at_utc": "2026-06-17T18:15:06.542537+00:00"
      },
      "geometry": {
        "type": "Point",
        "coordinates": [
          -114.01659870299612,
          46.69778287603098
        ]
      }
    },
    {
      "type": "Feature",
      "properties": {
        "file": "leg04_m005_b348_2026-06-17T12-15-07.jpg",
        "leg": "leg04",
        "mark_index": 5,
        "along_track_m": 4.82,
        "achieved_heading": 8.007709813767136,
        "target_bearing": 348.2905478594781,
        "fix_type": 6,
        "hacc_m": 0.014,
        "corrupt": false,
        "position_interpolated": true,
        "captured_at_utc": "2026-06-17T18:15:07.379304+00:00"
      },
      "geometry": {
        "type": "Point",
        "coordinates": [
          -114.0165981,
          46.6977899
        ]
      }
    },
    {
      "type": "Feature",
      "properties": {
        "file": "leg05_m000_b078_2026-06-17T12-15-11.jpg",
        "leg": "leg05",
        "mark_index": 0,
        "along_track_m": 0.0,
        "achieved_heading": 78.64355107932138,
        "target_bearing": 78.21825290677964,
        "fix_type": 6,
        "hacc_m": 0.014,
        "corrupt": false,
        "position_interpolated": true,
        "captured_at_utc": "2026-06-17T18:15:11.023800+00:00"
      },
      "geometry": {
        "type": "Point",
        "coordinates": [
          -114.01659769999999,
          46.697794099999996
        ]
      }
    },
    {
      "type": "Feature",
      "properties": {
        "file": "leg05_m001_b078_2026-06-17T12-15-12.jpg",
        "leg": "leg05",
        "mark_index": 1,
        "along_track_m": 1.0,
        "achieved_heading": 78.68698128019231,
        "target_bearing": 78.21825290677964,
        "fix_type": 6,
        "hacc_m": 0.014,
        "corrupt": false,
        "position_interpolated": true,
        "captured_at_utc": "2026-06-17T18:15:12.627385+00:00"
      },
      "geometry": {
        "type": "Point",
        "coordinates": [
          -114.0165854,
          46.697796499999995
        ]
      }
    },
    {
      "type": "Feature",
      "properties": {
        "file": "leg05_m002_b078_2026-06-17T12-15-13.jpg",
        "leg": "leg05",
        "mark_index": 2,
        "along_track_m": 2.0,
        "achieved_heading": 85.12553720719542,
        "target_bearing": 78.21825290677964,
        "fix_type": 6,
        "hacc_m": 0.014,
        "corrupt": false,
        "position_interpolated": true,
        "captured_at_utc": "2026-06-17T18:15:13.756915+00:00"
      },
      "geometry": {
        "type": "Point",
        "coordinates": [
          -114.0165711,
          46.6977991
        ]
      }
    },
    {
      "type": "Feature",
      "properties": {
        "file": "leg05_m003_b078_2026-06-17T12-15-14.jpg",
        "leg": "leg05",
        "mark_index": 3,
        "along_track_m": 3.0,
        "achieved_heading": 88.29703049058307,
        "target_bearing": 78.21825290677964,
        "fix_type": 6,
        "hacc_m": 0.014,
        "corrupt": false,
        "position_interpolated": true,
        "captured_at_utc": "2026-06-17T18:15:14.733439+00:00"
      },
      "geometry": {
        "type": "Point",
        "coordinates": [
          -114.0165593102293,
          46.697800591181654
        ]
      }
    },
    {
      "type": "Feature",
      "properties": {
        "file": "leg05_m004_b078_2026-06-17T12-15-16.jpg",
        "leg": "leg05",
        "mark_index": 4,
        "along_track_m": 4.0,
        "achieved_heading": 88.52443743947049,
        "target_bearing": 78.21825290677964,
        "fix_type": 6,
        "hacc_m": 0.014,
        "corrupt": false,
        "position_interpolated": true,
        "captured_at_utc": "2026-06-17T18:15:15.991262+00:00"
      },
      "geometry": {
        "type": "Point",
        "coordinates": [
          -114.0165452,
          46.6978015
        ]
      }
    },
    {
      "type": "Feature",
      "properties": {
        "file": "leg05_m005_b078_2026-06-17T12-15-17.jpg",
        "leg": "leg05",
        "mark_index": 5,
        "along_track_m": 5.0,
        "achieved_heading": 86.60140677654172,
        "target_bearing": 78.21825290677964,
        "fix_type": 6,
        "hacc_m": 0.014,
        "corrupt": false,
        "position_interpolated": true,
        "captured_at_utc": "2026-06-17T18:15:17.113209+00:00"
      },
      "geometry": {
        "type": "Point",
        "coordinates": [
          -114.01653210970557,
          46.69780285922355
        ]
      }
    },
    {
      "type": "Feature",
      "properties": {
        "file": "leg05_m006_b078_2026-06-17T12-15-18.jpg",
        "leg": "leg05",
        "mark_index": 6,
        "along_track_m": 6.0,
        "achieved_heading": 85.81672545274313,
        "target_bearing": 78.21825290677964,
        "fix_type": 6,
        "hacc_m": 0.014,
        "corrupt": false,
        "position_interpolated": true,
        "captured_at_utc": "2026-06-17T18:15:18.161315+00:00"
      },
      "geometry": {
        "type": "Point",
        "coordinates": [
          -114.01651960729008,
          46.69780419936608
        ]
      }
    },
    {
      "type": "Feature",
      "properties": {
        "file": "leg05_m007_b078_2026-06-17T12-15-19.jpg",
        "leg": "leg05",
        "mark_index": 7,
        "along_track_m": 7.0,
        "achieved_heading": 84.0704987089843,
        "target_bearing": 78.21825290677964,
        "fix_type": 6,
        "hacc_m": 0.014,
        "corrupt": false,
        "position_interpolated": true,
        "captured_at_utc": "2026-06-17T18:15:19.147684+00:00"
      },
      "geometry": {
        "type": "Point",
        "coordinates": [
          -114.01650787738662,
          46.69780569032667
        ]
      }
    },
    {
      "type": "Feature",
      "properties": {
        "file": "leg05_m008_b078_2026-06-17T12-15-20.jpg",
        "leg": "leg05",
        "mark_index": 8,
        "along_track_m": 8.0,
        "achieved_heading": 83.96243075219786,
        "target_bearing": 78.21825290677964,
        "fix_type": 6,
        "hacc_m": 0.014,
        "corrupt": false,
        "position_interpolated": true,
        "captured_at_utc": "2026-06-17T18:15:20.270010+00:00"
      },
      "geometry": {
        "type": "Point",
        "coordinates": [
          -114.01649479362263,
          46.69780773439623
        ]
      }
    },
    {
      "type": "Feature",
      "properties": {
        "file": "leg05_m009_b078_2026-06-17T12-15-21.jpg",
        "leg": "leg05",
        "mark_index": 9,
        "along_track_m": 9.0,
        "achieved_heading": 84.34955424738806,
        "target_bearing": 78.21825290677964,
        "fix_type": 6,
        "hacc_m": 0.014,
        "corrupt": false,
        "position_interpolated": true,
        "captured_at_utc": "2026-06-17T18:15:21.382487+00:00"
      },
      "geometry": {
        "type": "Point",
        "coordinates": [
          -114.016482,
          46.6978095
        ]
      }
    },
    {
      "type": "Feature",
      "properties": {
        "file": "leg05_m010_b078_2026-06-17T12-15-22.jpg",
        "leg": "leg05",
        "mark_index": 10,
        "along_track_m": 10.0,
        "achieved_heading": 83.34971132391601,
        "target_bearing": 78.21825290677964,
        "fix_type": 6,
        "hacc_m": 0.014,
        "corrupt": false,
        "position_interpolated": true,
        "captured_at_utc": "2026-06-17T18:15:22.502887+00:00"
      },
      "geometry": {
        "type": "Point",
        "coordinates": [
          -114.01646863151484,
          46.697811382957624
        ]
      }
    },
    {
      "type": "Feature",
      "properties": {
        "file": "leg05_m011_b078_2026-06-17T12-15-23.jpg",
        "leg": "leg05",
        "mark_index": 11,
        "along_track_m": 11.0,
        "achieved_heading": 82.60841145279527,
        "target_bearing": 78.21825290677964,
        "fix_type": 6,
        "hacc_m": 0.014,
        "corrupt": false,
        "position_interpolated": true,
        "captured_at_utc": "2026-06-17T18:15:23.625315+00:00"
      },
      "geometry": {
        "type": "Point",
        "coordinates": [
          -114.0164564,
          46.6978133
        ]
      }
    },
    {
      "type": "Feature",
      "properties": {
        "file": "leg05_m012_b078_2026-06-17T12-15-24.jpg",
        "leg": "leg05",
        "mark_index": 12,
        "along_track_m": 12.0,
        "achieved_heading": 83.43594884284258,
        "target_bearing": 78.21825290677964,
        "fix_type": 6,
        "hacc_m": 0.014,
        "corrupt": false,
        "position_interpolated": true,
        "captured_at_utc": "2026-06-17T18:15:24.751987+00:00"
      },
      "geometry": {
        "type": "Point",
        "coordinates": [
          -114.0164425,
          46.697815399999996
        ]
      }
    },
    {
      "type": "Feature",
      "properties": {
        "file": "leg05_m013_b078_2026-06-17T12-15-25.jpg",
        "leg": "leg05",
        "mark_index": 13,
        "along_track_m": 13.0,
        "achieved_heading": 83.75222278020658,
        "target_bearing": 78.21825290677964,
        "fix_type": 6,
        "hacc_m": 0.014,
        "corrupt": false,
        "position_interpolated": true,
        "captured_at_utc": "2026-06-17T18:15:25.798709+00:00"
      },
      "geometry": {
        "type": "Point",
        "coordinates": [
          -114.0164308,
          46.6978169
        ]
      }
    },
    {
      "type": "Feature",
      "properties": {
        "file": "leg05_m014_b078_2026-06-17T12-15-26.jpg",
        "leg": "leg05",
        "mark_index": 14,
        "along_track_m": 14.0,
        "achieved_heading": 83.31366885012272,
        "target_bearing": 78.21825290677964,
        "fix_type": 6,
        "hacc_m": 0.014,
        "corrupt": false,
        "position_interpolated": true,
        "captured_at_utc": "2026-06-17T18:15:26.916903+00:00"
      },
      "geometry": {
        "type": "Point",
        "coordinates": [
          -114.01641708524082,
          46.697818883948294
        ]
      }
    },
    {
      "type": "Feature",
      "properties": {
        "file": "leg05_m015_b078_2026-06-17T12-15-28.jpg",
        "leg": "leg05",
        "mark_index": 15,
        "along_track_m": 15.0,
        "achieved_heading": 82.55603726925807,
        "target_bearing": 78.21825290677964,
        "fix_type": 6,
        "hacc_m": 0.014,
        "corrupt": false,
        "position_interpolated": true,
        "captured_at_utc": "2026-06-17T18:15:28.038987+00:00"
      },
      "geometry": {
        "type": "Point",
        "coordinates": [
          -114.01640479999999,
          46.6978206
        ]
      }
    },
    {
      "type": "Feature",
      "properties": {
        "file": "leg05_m016_b078_2026-06-17T12-15-29.jpg",
        "leg": "leg05",
        "mark_index": 16,
        "along_track_m": 16.0,
        "achieved_heading": 82.6128501093949,
        "target_bearing": 78.21825290677964,
        "fix_type": 6,
        "hacc_m": 0.014,
        "corrupt": false,
        "position_interpolated": true,
        "captured_at_utc": "2026-06-17T18:15:29.153560+00:00"
      },
      "geometry": {
        "type": "Point",
        "coordinates": [
          -114.0163906,
          46.697822599999995
        ]
      }
    },
    {
      "type": "Feature",
      "properties": {
        "file": "leg05_m017_b078_2026-06-17T12-15-30.jpg",
        "leg": "leg05",
        "mark_index": 17,
        "along_track_m": 17.0,
        "achieved_heading": 81.52106382858378,
        "target_bearing": 78.21825290677964,
        "fix_type": 6,
        "hacc_m": 0.014,
        "corrupt": false,
        "position_interpolated": true,
        "captured_at_utc": "2026-06-17T18:15:30.207679+00:00"
      },
      "geometry": {
        "type": "Point",
        "coordinates": [
          -114.0163795,
          46.697824499999996
        ]
      }
    },
    {
      "type": "Feature",
      "properties": {
        "file": "leg05_m018_b078_2026-06-17T12-15-31.jpg",
        "leg": "leg05",
        "mark_index": 18,
        "along_track_m": 18.0,
        "achieved_heading": 82.31539736621681,
        "target_bearing": 78.21825290677964,
        "fix_type": 6,
        "hacc_m": 0.014,
        "corrupt": false,
        "position_interpolated": true,
        "captured_at_utc": "2026-06-17T18:15:31.388601+00:00"
      },
      "geometry": {
        "type": "Point",
        "coordinates": [
          -114.0163659,
          46.6978268
        ]
      }
    },
    {
      "type": "Feature",
      "properties": {
        "file": "leg05_m019_b078_2026-06-17T12-15-32.jpg",
        "leg": "leg05",
        "mark_index": 19,
        "along_track_m": 19.0,
        "achieved_heading": 83.75790582465271,
        "target_bearing": 78.21825290677964,
        "fix_type": 6,
        "hacc_m": 0.014,
        "corrupt": false,
        "position_interpolated": true,
        "captured_at_utc": "2026-06-17T18:15:32.516061+00:00"
      },
      "geometry": {
        "type": "Point",
        "coordinates": [
          -114.01635271163686,
          46.69782853023134
        ]
      }
    },
    {
      "type": "Feature",
      "properties": {
        "file": "leg05_m020_b078_2026-06-17T12-15-33.jpg",
        "leg": "leg05",
        "mark_index": 20,
        "along_track_m": 20.0,
        "achieved_heading": 82.97021360948195,
        "target_bearing": 78.21825290677964,
        "fix_type": 6,
        "hacc_m": 0.014,
        "corrupt": false,
        "position_interpolated": true,
        "captured_at_utc": "2026-06-17T18:15:33.638715+00:00"
      },
      "geometry": {
        "type": "Point",
        "coordinates": [
          -114.01634089999999,
          46.697829999999996
        ]
      }
    },
    {
      "type": "Feature",
      "properties": {
        "file": "leg05_m021_b078_2026-06-17T12-15-34.jpg",
        "leg": "leg05",
        "mark_index": 21,
        "along_track_m": 21.0,
        "achieved_heading": 81.56779911902137,
        "target_bearing": 78.21825290677964,
        "fix_type": 6,
        "hacc_m": 0.014,
        "corrupt": false,
        "position_interpolated": true,
        "captured_at_utc": "2026-06-17T18:15:34.774633+00:00"
      },
      "geometry": {
        "type": "Point",
        "coordinates": [
          -114.0163274,
          46.6978316
        ]
      }
    },
    {
      "type": "Feature",
      "properties": {
        "file": "leg05_m022_b078_2026-06-17T12-15-36.jpg",
        "leg": "leg05",
        "mark_index": 22,
        "along_track_m": 22.0,
        "achieved_heading": 81.96528431926257,
        "target_bearing": 78.21825290677964,
        "fix_type": 6,
        "hacc_m": 0.014,
        "corrupt": false,
        "position_interpolated": true,
        "captured_at_utc": "2026-06-17T18:15:35.957708+00:00"
      },
      "geometry": {
        "type": "Point",
        "coordinates": [
          -114.0163142,
          46.6978334
        ]
      }
    },
    {
      "type": "Feature",
      "properties": {
        "file": "leg05_m023_b078_2026-06-17T12-15-36.jpg",
        "leg": "leg05",
        "mark_index": 23,
        "along_track_m": 23.0,
        "achieved_heading": 81.89451553085135,
        "target_bearing": 78.21825290677964,
        "fix_type": 6,
        "hacc_m": 0.014,
        "corrupt": false,
        "position_interpolated": true,
        "captured_at_utc": "2026-06-17T18:15:36.935790+00:00"
      },
      "geometry": {
        "type": "Point",
        "coordinates": [
          -114.01630275511458,
          46.697835367684455
        ]
      }
    },
    {
      "type": "Feature",
      "properties": {
        "file": "leg05_m024_b078_2026-06-17T12-15-38.jpg",
        "leg": "leg05",
        "mark_index": 24,
        "along_track_m": 24.0,
        "achieved_heading": 82.19227173550665,
        "target_bearing": 78.21825290677964,
        "fix_type": 6,
        "hacc_m": 0.014,
        "corrupt": false,
        "position_interpolated": true,
        "captured_at_utc": "2026-06-17T18:15:38.191347+00:00"
      },
      "geometry": {
        "type": "Point",
        "coordinates": [
          -114.01628869999999,
          46.6978374
        ]
      }
    },
    {
      "type": "Feature",
      "properties": {
        "file": "leg05_m025_b078_2026-06-17T12-15-39.jpg",
        "leg": "leg05",
        "mark_index": 25,
        "along_track_m": 25.0,
        "achieved_heading": 82.30532875281348,
        "target_bearing": 78.21825290677964,
        "fix_type": 6,
        "hacc_m": 0.014,
        "corrupt": false,
        "position_interpolated": true,
        "captured_at_utc": "2026-06-17T18:15:39.468305+00:00"
      },
      "geometry": {
        "type": "Point",
        "coordinates": [
          -114.0162749,
          46.6978393
        ]
      }
    },
    {
      "type": "Feature",
      "properties": {
        "file": "leg05_m026_b078_2026-06-17T12-15-40.jpg",
        "leg": "leg05",
        "mark_index": 26,
        "along_track_m": 26.0,
        "achieved_heading": 81.73627319198047,
        "target_bearing": 78.21825290677964,
        "fix_type": 6,
        "hacc_m": 0.014,
        "corrupt": false,
        "position_interpolated": true,
        "captured_at_utc": "2026-06-17T18:15:40.430966+00:00"
      },
      "geometry": {
        "type": "Point",
        "coordinates": [
          -114.01626379999999,
          46.6978407
        ]
      }
    },
    {
      "type": "Feature",
      "properties": {
        "file": "leg05_m027_b078_2026-06-17T12-15-41.jpg",
        "leg": "leg05",
        "mark_index": 27,
        "along_track_m": 27.0,
        "achieved_heading": 80.69400964229209,
        "target_bearing": 78.21825290677964,
        "fix_type": 6,
        "hacc_m": 0.014,
        "corrupt": false,
        "position_interpolated": true,
        "captured_at_utc": "2026-06-17T18:15:41.487047+00:00"
      },
      "geometry": {
        "type": "Point",
        "coordinates": [
          -114.01625011880313,
          46.69784274373845
        ]
      }
    },
    {
      "type": "Feature",
      "properties": {
        "file": "leg05_m028_b078_2026-06-17T12-15-42.jpg",
        "leg": "leg05",
        "mark_index": 28,
        "along_track_m": 28.0,
        "achieved_heading": 80.93442624544093,
        "target_bearing": 78.21825290677964,
        "fix_type": 6,
        "hacc_m": 0.014,
        "corrupt": false,
        "position_interpolated": true,
        "captured_at_utc": "2026-06-17T18:15:42.600857+00:00"
      },
      "geometry": {
        "type": "Point",
        "coordinates": [
          -114.0162381,
          46.6978447
        ]
      }
    },
    {
      "type": "Feature",
      "properties": {
        "file": "leg05_m029_b078_2026-06-17T12-15-43.jpg",
        "leg": "leg05",
        "mark_index": 29,
        "along_track_m": 29.0,
        "achieved_heading": 83.22583549404304,
        "target_bearing": 78.21825290677964,
        "fix_type": 6,
        "hacc_m": 0.014,
        "corrupt": false,
        "position_interpolated": true,
        "captured_at_utc": "2026-06-17T18:15:43.726284+00:00"
      },
      "geometry": {
        "type": "Point",
        "coordinates": [
          -114.01622457689969,
          46.69784658741365
        ]
      }
    },
    {
      "type": "Feature",
      "properties": {
        "file": "leg05_m030_b078_2026-06-17T12-15-44.jpg",
        "leg": "leg05",
        "mark_index": 30,
        "along_track_m": 30.0,
        "achieved_heading": 81.69853658679409,
        "target_bearing": 78.21825290677964,
        "fix_type": 6,
        "hacc_m": 0.014,
        "corrupt": false,
        "position_interpolated": true,
        "captured_at_utc": "2026-06-17T18:15:44.838859+00:00"
      },
      "geometry": {
        "type": "Point",
        "coordinates": [
          -114.0162124,
          46.697848
        ]
      }
    },
    {
      "type": "Feature",
      "properties": {
        "file": "leg05_m031_b078_2026-06-17T12-15-46.jpg",
        "leg": "leg05",
        "mark_index": 31,
        "along_track_m": 31.0,
        "achieved_heading": 80.84559146290765,
        "target_bearing": 78.21825290677964,
        "fix_type": 6,
        "hacc_m": 0.014,
        "corrupt": false,
        "position_interpolated": true,
        "captured_at_utc": "2026-06-17T18:15:46.056165+00:00"
      },
      "geometry": {
        "type": "Point",
        "coordinates": [
          -114.01619819999999,
          46.6978502
        ]
      }
    },
    {
      "type": "Feature",
      "properties": {
        "file": "leg05_m032_b078_2026-06-17T12-15-47.jpg",
        "leg": "leg05",
        "mark_index": 32,
        "along_track_m": 32.0,
        "achieved_heading": 81.87247651974629,
        "target_bearing": 78.21825290677964,
        "fix_type": 6,
        "hacc_m": 0.014,
        "corrupt": false,
        "position_interpolated": true,
        "captured_at_utc": "2026-06-17T18:15:47.086683+00:00"
      },
      "geometry": {
        "type": "Point",
        "coordinates": [
          -114.01618552949746,
          46.6978518336402
        ]
      }
    },
    {
      "type": "Feature",
      "properties": {
        "file": "leg05_m033_b078_2026-06-17T12-15-48.jpg",
        "leg": "leg05",
        "mark_index": 33,
        "along_track_m": 33.0,
        "achieved_heading": 81.30385933229857,
        "target_bearing": 78.21825290677964,
        "fix_type": 6,
        "hacc_m": 0.014,
        "corrupt": false,
        "position_interpolated": true,
        "captured_at_utc": "2026-06-17T18:15:48.196754+00:00"
      },
      "geometry": {
        "type": "Point",
        "coordinates": [
          -114.01617329999999,
          46.697853599999995
        ]
      }
    },
    {
      "type": "Feature",
      "properties": {
        "file": "leg05_m034_b078_2026-06-17T12-15-49.jpg",
        "leg": "leg05",
        "mark_index": 34,
        "along_track_m": 34.0,
        "achieved_heading": 80.27873229426842,
        "target_bearing": 78.21825290677964,
        "fix_type": 6,
        "hacc_m": 0.014,
        "corrupt": false,
        "position_interpolated": true,
        "captured_at_utc": "2026-06-17T18:15:49.324397+00:00"
      },
      "geometry": {
        "type": "Point",
        "coordinates": [
          -114.01615954510497,
          46.697855452940225
        ]
      }
    },
    {
      "type": "Feature",
      "properties": {
        "file": "leg05_m035_b078_2026-06-17T12-15-50.jpg",
        "leg": "leg05",
        "mark_index": 35,
        "along_track_m": 35.0,
        "achieved_heading": 79.10538016923698,
        "target_bearing": 78.21825290677964,
        "fix_type": 6,
        "hacc_m": 0.014,
        "corrupt": false,
        "position_interpolated": true,
        "captured_at_utc": "2026-06-17T18:15:50.307356+00:00"
      },
      "geometry": {
        "type": "Point",
        "coordinates": [
          -114.0161480180092,
          46.69785710492166
        ]
      }
    },
    {
      "type": "Feature",
      "properties": {
        "file": "leg05_m036_b078_2026-06-17T12-15-51.jpg",
        "leg": "leg05",
        "mark_index": 36,
        "along_track_m": 36.0,
        "achieved_heading": 79.76834032218329,
        "target_bearing": 78.21825290677964,
        "fix_type": 6,
        "hacc_m": 0.014,
        "corrupt": false,
        "position_interpolated": true,
        "captured_at_utc": "2026-06-17T18:15:51.426152+00:00"
      },
      "geometry": {
        "type": "Point",
        "coordinates": [
          -114.01613514138005,
          46.69785941708454
        ]
      }
    },
    {
      "type": "Feature",
      "properties": {
        "file": "leg05_m037_b078_2026-06-17T12-15-52.jpg",
        "leg": "leg05",
        "mark_index": 37,
        "along_track_m": 37.0,
        "achieved_heading": 81.96334900593266,
        "target_bearing": 78.21825290677964,
        "fix_type": 6,
        "hacc_m": 0.014,
        "corrupt": false,
        "position_interpolated": true,
        "captured_at_utc": "2026-06-17T18:15:52.553545+00:00"
      },
      "geometry": {
        "type": "Point",
        "coordinates": [
          -114.0161218,
          46.6978611
        ]
      }
    },
    {
      "type": "Feature",
      "properties": {
        "file": "leg05_m038_b078_2026-06-17T12-15-53.jpg",
        "leg": "leg05",
        "mark_index": 38,
        "along_track_m": 38.0,
        "achieved_heading": 81.16534085376134,
        "target_bearing": 78.21825290677964,
        "fix_type": 6,
        "hacc_m": 0.014,
        "corrupt": false,
        "position_interpolated": true,
        "captured_at_utc": "2026-06-17T18:15:53.672722+00:00"
      },
      "geometry": {
        "type": "Point",
        "coordinates": [
          -114.01610860633834,
          46.697862645178716
        ]
      }
    },
    {
      "type": "Feature",
      "properties": {
        "file": "leg05_m039_b078_2026-06-17T12-15-54.jpg",
        "leg": "leg05",
        "mark_index": 39,
        "along_track_m": 39.0,
        "achieved_heading": 80.7411604792486,
        "target_bearing": 78.21825290677964,
        "fix_type": 6,
        "hacc_m": 0.014,
        "corrupt": false,
        "position_interpolated": true,
        "captured_at_utc": "2026-06-17T18:15:54.788916+00:00"
      },
      "geometry": {
        "type": "Point",
        "coordinates": [
          -114.01609599999999,
          46.6978644
        ]
      }
    },
    {
      "type": "Feature",
      "properties": {
        "file": "leg05_m040_b078_2026-06-17T12-15-55.jpg",
        "leg": "leg05",
        "mark_index": 40,
        "along_track_m": 40.0,
        "achieved_heading": 80.19467856813147,
        "target_bearing": 78.21825290677964,
        "fix_type": 6,
        "hacc_m": 0.014,
        "corrupt": false,
        "position_interpolated": true,
        "captured_at_utc": "2026-06-17T18:15:55.830003+00:00"
      },
      "geometry": {
        "type": "Point",
        "coordinates": [
          -114.0160841,
          46.6978661
        ]
      }
    },
    {
      "type": "Feature",
      "properties": {
        "file": "leg05_m041_b078_2026-06-17T12-15-57.jpg",
        "leg": "leg05",
        "mark_index": 41,
        "along_track_m": 41.0,
        "achieved_heading": 80.75597795290523,
        "target_bearing": 78.21825290677964,
        "fix_type": 6,
        "hacc_m": 0.014,
        "corrupt": false,
        "position_interpolated": true,
        "captured_at_utc": "2026-06-17T18:15:56.964317+00:00"
      },
      "geometry": {
        "type": "Point",
        "coordinates": [
          -114.0160701,
          46.6978681
        ]
      }
    },
    {
      "type": "Feature",
      "properties": {
        "file": "leg05_m042_b078_2026-06-17T12-15-57.jpg",
        "leg": "leg05",
        "mark_index": 42,
        "along_track_m": 42.0,
        "achieved_heading": 80.2789068520188,
        "target_bearing": 78.21825290677964,
        "fix_type": 6,
        "hacc_m": 0.014,
        "corrupt": false,
        "position_interpolated": true,
        "captured_at_utc": "2026-06-17T18:15:57.942237+00:00"
      },
      "geometry": {
        "type": "Point",
        "coordinates": [
          -114.01605833766362,
          46.69786999529204
        ]
      }
    },
    {
      "type": "Feature",
      "properties": {
        "file": "leg05_m043_b078_2026-06-17T12-15-59.jpg",
        "leg": "leg05",
        "mark_index": 43,
        "along_track_m": 43.0,
        "achieved_heading": 81.20299918505033,
        "target_bearing": 78.21825290677964,
        "fix_type": 6,
        "hacc_m": 0.014,
        "corrupt": false,
        "position_interpolated": true,
        "captured_at_utc": "2026-06-17T18:15:59.131625+00:00"
      },
      "geometry": {
        "type": "Point",
        "coordinates": [
          -114.01604506502808,
          46.69787195619663
        ]
      }
    },
    {
      "type": "Feature",
      "properties": {
        "file": "leg05_m044_b078_2026-06-17T12-16-00.jpg",
        "leg": "leg05",
        "mark_index": 44,
        "along_track_m": 44.0,
        "achieved_heading": 81.21592604913059,
        "target_bearing": 78.21825290677964,
        "fix_type": 6,
        "hacc_m": 0.014,
        "corrupt": false,
        "position_interpolated": true,
        "captured_at_utc": "2026-06-17T18:16:00.257336+00:00"
      },
      "geometry": {
        "type": "Point",
        "coordinates": [
          -114.01603225154244,
          46.697873849814904
        ]
      }
    },
    {
      "type": "Feature",
      "properties": {
        "file": "leg05_m045_b078_2026-06-17T12-16-01.jpg",
        "leg": "leg05",
        "mark_index": 45,
        "along_track_m": 45.0,
        "achieved_heading": 81.74187206868636,
        "target_bearing": 78.21825290677964,
        "fix_type": 6,
        "hacc_m": 0.014,
        "corrupt": false,
        "position_interpolated": true,
        "captured_at_utc": "2026-06-17T18:16:01.437728+00:00"
      },
      "geometry": {
        "type": "Point",
        "coordinates": [
          -114.0160195,
          46.6978754
        ]
      }
    },
    {
      "type": "Feature",
      "properties": {
        "file": "leg05_m046_b078_2026-06-17T12-16-02.jpg",
        "leg": "leg05",
        "mark_index": 46,
        "along_track_m": 46.0,
        "achieved_heading": 79.94789072158352,
        "target_bearing": 78.21825290677964,
        "fix_type": 6,
        "hacc_m": 0.014,
        "corrupt": false,
        "position_interpolated": true,
        "captured_at_utc": "2026-06-17T18:16:02.565830+00:00"
      },
      "geometry": {
        "type": "Point",
        "coordinates": [
          -114.01600619999999,
          46.6978771
        ]
      }
    },
    {
      "type": "Feature",
      "properties": {
        "file": "leg05_m047_b078_2026-06-17T12-16-03.jpg",
        "leg": "leg05",
        "mark_index": 47,
        "along_track_m": 47.0,
        "achieved_heading": 79.28466123588308,
        "target_bearing": 78.21825290677964,
        "fix_type": 6,
        "hacc_m": 0.014,
        "corrupt": false,
        "position_interpolated": true,
        "captured_at_utc": "2026-06-17T18:16:03.685596+00:00"
      },
      "geometry": {
        "type": "Point",
        "coordinates": [
          -114.015993259359,
          46.69787930508012
        ]
      }
    },
    {
      "type": "Feature",
      "properties": {
        "file": "leg05_m048_b078_2026-06-17T12-16-04.jpg",
        "leg": "leg05",
        "mark_index": 48,
        "along_track_m": 48.0,
        "achieved_heading": 80.62244278311216,
        "target_bearing": 78.21825290677964,
        "fix_type": 6,
        "hacc_m": 0.014,
        "corrupt": false,
        "position_interpolated": true,
        "captured_at_utc": "2026-06-17T18:16:04.868917+00:00"
      },
      "geometry": {
        "type": "Point",
        "coordinates": [
          -114.01598129999999,
          46.6978812
        ]
      }
    },
    {
      "type": "Feature",
      "properties": {
        "file": "leg05_m049_b078_2026-06-17T12-16-06.jpg",
        "leg": "leg05",
        "mark_index": 49,
        "along_track_m": 49.0,
        "achieved_heading": 80.16822958907323,
        "target_bearing": 78.21825290677964,
        "fix_type": 6,
        "hacc_m": 0.014,
        "corrupt": false,
        "position_interpolated": true,
        "captured_at_utc": "2026-06-17T18:16:05.988204+00:00"
      },
      "geometry": {
        "type": "Point",
        "coordinates": [
          -114.0159676,
          46.697882899999996
        ]
      }
    },
    {
      "type": "Feature",
      "properties": {
        "file": "leg05_m050_b078_2026-06-17T12-16-07.jpg",
        "leg": "leg05",
        "mark_index": 50,
        "along_track_m": 50.0,
        "achieved_heading": 79.11720321190114,
        "target_bearing": 78.21825290677964,
        "fix_type": 6,
        "hacc_m": 0.014,
        "corrupt": false,
        "position_interpolated": true,
        "captured_at_utc": "2026-06-17T18:16:07.106226+00:00"
      },
      "geometry": {
        "type": "Point",
        "coordinates": [
          -114.015954636528,
          46.6978848195208
        ]
      }
    },
    {
      "type": "Feature",
      "properties": {
        "file": "leg05_m051_b078_2026-06-17T12-16-08.jpg",
        "leg": "leg05",
        "mark_index": 51,
        "along_track_m": 51.0,
        "achieved_heading": 86.66744516257927,
        "target_bearing": 78.21825290677964,
        "fix_type": 6,
        "hacc_m": 0.014,
        "corrupt": false,
        "position_interpolated": true,
        "captured_at_utc": "2026-06-17T18:16:08.163818+00:00"
      },
      "geometry": {
        "type": "Point",
        "coordinates": [
          -114.01594279999999,
          46.6978866
        ]
      }
    },
    {
      "type": "Feature",
      "properties": {
        "file": "leg06_m000_b348_2026-06-17T12-16-12.jpg",
        "leg": "leg06",
        "mark_index": 0,
        "along_track_m": 0.0,
        "achieved_heading": 348.80407651461314,
        "target_bearing": 348.29101761210546,
        "fix_type": 6,
        "hacc_m": 0.014,
        "corrupt": false,
        "position_interpolated": true,
        "captured_at_utc": "2026-06-17T18:16:12.847583+00:00"
      },
      "geometry": {
        "type": "Point",
        "coordinates": [
          -114.01594159999999,
          46.697888299999995
        ]
      }
    },
    {
      "type": "Feature",
      "properties": {
        "file": "leg06_m001_b348_2026-06-17T12-16-14.jpg",
        "leg": "leg06",
        "mark_index": 1,
        "along_track_m": 1.0,
        "achieved_heading": 346.88627218275127,
        "target_bearing": 348.29101761210546,
        "fix_type": 6,
        "hacc_m": 0.014,
        "corrupt": false,
        "position_interpolated": true,
        "captured_at_utc": "2026-06-17T18:16:14.123324+00:00"
      },
      "geometry": {
        "type": "Point",
        "coordinates": [
          -114.0159441138615,
          46.697894858812205
        ]
      }
    },
    {
      "type": "Feature",
      "properties": {
        "file": "leg06_m002_b348_2026-06-17T12-16-15.jpg",
        "leg": "leg06",
        "mark_index": 2,
        "along_track_m": 2.0,
        "achieved_heading": 346.3984559159769,
        "target_bearing": 348.29101761210546,
        "fix_type": 6,
        "hacc_m": 0.014,
        "corrupt": false,
        "position_interpolated": true,
        "captured_at_utc": "2026-06-17T18:16:15.236720+00:00"
      },
      "geometry": {
        "type": "Point",
        "coordinates": [
          -114.01594759999999,
          46.6979033
        ]
      }
    },
    {
      "type": "Feature",
      "properties": {
        "file": "leg06_m003_b348_2026-06-17T12-16-16.jpg",
        "leg": "leg06",
        "mark_index": 3,
        "along_track_m": 3.0,
        "achieved_heading": 350.23698666445586,
        "target_bearing": 348.29101761210546,
        "fix_type": 6,
        "hacc_m": 0.014,
        "corrupt": false,
        "position_interpolated": true,
        "captured_at_utc": "2026-06-17T18:16:16.283410+00:00"
      },
      "geometry": {
        "type": "Point",
        "coordinates": [
          -114.0159509134341,
          46.69791266567592
        ]
      }
    },
    {
      "type": "Feature",
      "properties": {
        "file": "leg06_m004_b348_2026-06-17T12-16-17.jpg",
        "leg": "leg06",
        "mark_index": 4,
        "along_track_m": 4.0,
        "achieved_heading": 354.56144559980817,
        "target_bearing": 348.29101761210546,
        "fix_type": 6,
        "hacc_m": 0.014,
        "corrupt": false,
        "position_interpolated": true,
        "captured_at_utc": "2026-06-17T18:16:17.332359+00:00"
      },
      "geometry": {
        "type": "Point",
        "coordinates": [
          -114.01595328871132,
          46.69792140809257
        ]
      }
    },
    {
      "type": "Feature",
      "properties": {
        "file": "leg06_m005_b348_2026-06-17T12-16-18.jpg",
        "leg": "leg06",
        "mark_index": 5,
        "along_track_m": 4.889,
        "achieved_heading": 0.8478853896938556,
        "target_bearing": 348.29101761210546,
        "fix_type": 6,
        "hacc_m": 0.014,
        "corrupt": false,
        "position_interpolated": true,
        "captured_at_utc": "2026-06-17T18:16:18.162152+00:00"
      },
      "geometry": {
        "type": "Point",
        "coordinates": [
          -114.01595429440017,
          46.69792856453448
        ]
      }
    },
    {
      "type": "Feature",
      "properties": {
        "file": "leg07_m000_b258_2026-06-17T12-16-24.jpg",
        "leg": "leg07",
        "mark_index": 0,
        "along_track_m": 0.0,
        "achieved_heading": 257.85499748926003,
        "target_bearing": 258.21872176833153,
        "fix_type": 6,
        "hacc_m": 0.014,
        "corrupt": false,
        "position_interpolated": true,
        "captured_at_utc": "2026-06-17T18:16:24.206255+00:00"
      },
      "geometry": {
        "type": "Point",
        "coordinates": [
          -114.0159556,
          46.6979305
        ]
      }
    },
    {
      "type": "Feature",
      "properties": {
        "file": "leg07_m001_b258_2026-06-17T12-16-25.jpg",
        "leg": "leg07",
        "mark_index": 1,
        "along_track_m": 1.0,
        "achieved_heading": 253.8624556854499,
        "target_bearing": 258.21872176833153,
        "fix_type": 6,
        "hacc_m": 0.014,
        "corrupt": false,
        "position_interpolated": true,
        "captured_at_utc": "2026-06-17T18:16:25.672646+00:00"
      },
      "geometry": {
        "type": "Point",
        "coordinates": [
          -114.01596755490351,
          46.69792850545576
        ]
      }
    },
    {
      "type": "Feature",
      "properties": {
        "file": "leg07_m002_b258_2026-06-17T12-16-26.jpg",
        "leg": "leg07",
        "mark_index": 2,
        "along_track_m": 2.0,
        "achieved_heading": 254.79780928600098,
        "target_bearing": 258.21872176833153,
        "fix_type": 6,
        "hacc_m": 0.014,
        "corrupt": false,
        "position_interpolated": true,
        "captured_at_utc": "2026-06-17T18:16:26.791384+00:00"
      },
      "geometry": {
        "type": "Point",
        "coordinates": [
          -114.0159803,
          46.697925999999995
        ]
      }
    },
    {
      "type": "Feature",
      "properties": {
        "file": "leg07_m003_b258_2026-06-17T12-16-27.jpg",
        "leg": "leg07",
        "mark_index": 3,
        "along_track_m": 3.0,
        "achieved_heading": 256.8668171799979,
        "target_bearing": 258.21872176833153,
        "fix_type": 6,
        "hacc_m": 0.014,
        "corrupt": false,
        "position_interpolated": true,
        "captured_at_utc": "2026-06-17T18:16:27.761590+00:00"
      },
      "geometry": {
        "type": "Point",
        "coordinates": [
          -114.01599209999999,
          46.697924
        ]
      }
    },
    {
      "type": "Feature",
      "properties": {
        "file": "leg07_m004_b258_2026-06-17T12-16-28.jpg",
        "leg": "leg07",
        "mark_index": 4,
        "along_track_m": 4.0,
        "achieved_heading": 258.86481302674247,
        "target_bearing": 258.21872176833153,
        "fix_type": 6,
        "hacc_m": 0.014,
        "corrupt": false,
        "position_interpolated": true,
        "captured_at_utc": "2026-06-17T18:16:28.824986+00:00"
      },
      "geometry": {
        "type": "Point",
        "coordinates": [
          -114.01600459999999,
          46.697922
        ]
      }
    },
    {
      "type": "Feature",
      "properties": {
        "file": "leg07_m005_b258_2026-06-17T12-16-30.jpg",
        "leg": "leg07",
        "mark_index": 5,
        "along_track_m": 5.0,
        "achieved_heading": 258.26856519802527,
        "target_bearing": 258.21872176833153,
        "fix_type": 6,
        "hacc_m": 0.014,
        "corrupt": false,
        "position_interpolated": true,
        "captured_at_utc": "2026-06-17T18:16:29.862634+00:00"
      },
      "geometry": {
        "type": "Point",
        "coordinates": [
          -114.01601850907211,
          46.69792023636598
        ]
      }
    },
    {
      "type": "Feature",
      "properties": {
        "file": "leg07_m006_b258_2026-06-17T12-16-31.jpg",
        "leg": "leg07",
        "mark_index": 6,
        "along_track_m": 6.0,
        "achieved_heading": 255.93889115098273,
        "target_bearing": 258.21872176833153,
        "fix_type": 6,
        "hacc_m": 0.014,
        "corrupt": false,
        "position_interpolated": true,
        "captured_at_utc": "2026-06-17T18:16:30.978646+00:00"
      },
      "geometry": {
        "type": "Point",
        "coordinates": [
          -114.016032,
          46.6979183
        ]
      }
    },
    {
      "type": "Feature",
      "properties": {
        "file": "leg07_m007_b258_2026-06-17T12-16-31.jpg",
        "leg": "leg07",
        "mark_index": 7,
        "along_track_m": 7.0,
        "achieved_heading": 256.26243471448447,
        "target_bearing": 258.21872176833153,
        "fix_type": 6,
        "hacc_m": 0.014,
        "corrupt": false,
        "position_interpolated": true,
        "captured_at_utc": "2026-06-17T18:16:31.902351+00:00"
      },
      "geometry": {
        "type": "Point",
        "coordinates": [
          -114.0160436859751,
          46.69791629824398
        ]
      }
    },
    {
      "type": "Feature",
      "properties": {
        "file": "leg07_m008_b258_2026-06-17T12-16-33.jpg",
        "leg": "leg07",
        "mark_index": 8,
        "along_track_m": 8.0,
        "achieved_heading": 258.06700071743836,
        "target_bearing": 258.21872176833153,
        "fix_type": 6,
        "hacc_m": 0.014,
        "corrupt": false,
        "position_interpolated": true,
        "captured_at_utc": "2026-06-17T18:16:32.948950+00:00"
      },
      "geometry": {
        "type": "Point",
        "coordinates": [
          -114.01605638867696,
          46.69791410135876
        ]
      }
    },
    {
      "type": "Feature",
      "properties": {
        "file": "leg07_m009_b258_2026-06-17T12-16-34.jpg",
        "leg": "leg07",
        "mark_index": 9,
        "along_track_m": 9.0,
        "achieved_heading": 258.86944559302606,
        "target_bearing": 258.21872176833153,
        "fix_type": 6,
        "hacc_m": 0.014,
        "corrupt": false,
        "position_interpolated": true,
        "captured_at_utc": "2026-06-17T18:16:34.060815+00:00"
      },
      "geometry": {
        "type": "Point",
        "coordinates": [
          -114.0160688,
          46.6979125
        ]
      }
    },
    {
      "type": "Feature",
      "properties": {
        "file": "leg07_m010_b258_2026-06-17T12-16-35.jpg",
        "leg": "leg07",
        "mark_index": 10,
        "along_track_m": 10.0,
        "achieved_heading": 257.8831245971013,
        "target_bearing": 258.21872176833153,
        "fix_type": 6,
        "hacc_m": 0.014,
        "corrupt": false,
        "position_interpolated": true,
        "captured_at_utc": "2026-06-17T18:16:35.050346+00:00"
      },
      "geometry": {
        "type": "Point",
        "coordinates": [
          -114.01608139999999,
          46.697910799999995
        ]
      }
    },
    {
      "type": "Feature",
      "properties": {
        "file": "leg07_m011_b258_2026-06-17T12-16-36.jpg",
        "leg": "leg07",
        "mark_index": 11,
        "along_track_m": 11.0,
        "achieved_heading": 257.7842357936451,
        "target_bearing": 258.21872176833153,
        "fix_type": 6,
        "hacc_m": 0.014,
        "corrupt": false,
        "position_interpolated": true,
        "captured_at_utc": "2026-06-17T18:16:36.169306+00:00"
      },
      "geometry": {
        "type": "Point",
        "coordinates": [
          -114.0160964,
          46.6979088
        ]
      }
    },
    {
      "type": "Feature",
      "properties": {
        "file": "leg07_m012_b258_2026-06-17T12-16-37.jpg",
        "leg": "leg07",
        "mark_index": 12,
        "along_track_m": 12.0,
        "achieved_heading": 256.91716672736663,
        "target_bearing": 258.21872176833153,
        "fix_type": 6,
        "hacc_m": 0.014,
        "corrupt": false,
        "position_interpolated": true,
        "captured_at_utc": "2026-06-17T18:16:37.157835+00:00"
      },
      "geometry": {
        "type": "Point",
        "coordinates": [
          -114.01610880174725,
          46.69790681091697
        ]
      }
    },
    {
      "type": "Feature",
      "properties": {
        "file": "leg07_m013_b258_2026-06-17T12-16-38.jpg",
        "leg": "leg07",
        "mark_index": 13,
        "along_track_m": 13.0,
        "achieved_heading": 256.5710394282286,
        "target_bearing": 258.21872176833153,
        "fix_type": 6,
        "hacc_m": 0.014,
        "corrupt": false,
        "position_interpolated": true,
        "captured_at_utc": "2026-06-17T18:16:38.205088+00:00"
      },
      "geometry": {
        "type": "Point",
        "coordinates": [
          -114.0161215,
          46.6979049
        ]
      }
    },
    {
      "type": "Feature",
      "properties": {
        "file": "leg07_m014_b258_2026-06-17T12-16-39.jpg",
        "leg": "leg07",
        "mark_index": 14,
        "along_track_m": 14.0,
        "achieved_heading": 256.3298785379627,
        "target_bearing": 258.21872176833153,
        "fix_type": 6,
        "hacc_m": 0.014,
        "corrupt": false,
        "position_interpolated": true,
        "captured_at_utc": "2026-06-17T18:16:39.114003+00:00"
      },
      "geometry": {
        "type": "Point",
        "coordinates": [
          -114.01613321402436,
          46.69790307324695
        ]
      }
    },
    {
      "type": "Feature",
      "properties": {
        "file": "leg07_m015_b258_2026-06-17T12-16-40.jpg",
        "leg": "leg07",
        "mark_index": 15,
        "along_track_m": 15.0,
        "achieved_heading": 257.71409233275836,
        "target_bearing": 258.21872176833153,
        "fix_type": 6,
        "hacc_m": 0.014,
        "corrupt": false,
        "position_interpolated": true,
        "captured_at_utc": "2026-06-17T18:16:40.160383+00:00"
      },
      "geometry": {
        "type": "Point",
        "coordinates": [
          -114.01614666431493,
          46.69790100660834
        ]
      }
    },
    {
      "type": "Feature",
      "properties": {
        "file": "leg07_m016_b258_2026-06-17T12-16-41.jpg",
        "leg": "leg07",
        "mark_index": 16,
        "along_track_m": 16.0,
        "achieved_heading": 257.1652627761383,
        "target_bearing": 258.21872176833153,
        "fix_type": 6,
        "hacc_m": 0.014,
        "corrupt": false,
        "position_interpolated": true,
        "captured_at_utc": "2026-06-17T18:16:41.281738+00:00"
      },
      "geometry": {
        "type": "Point",
        "coordinates": [
          -114.0161591,
          46.697899299999996
        ]
      }
    },
    {
      "type": "Feature",
      "properties": {
        "file": "leg07_m017_b258_2026-06-17T12-16-42.jpg",
        "leg": "leg07",
        "mark_index": 17,
        "along_track_m": 17.0,
        "achieved_heading": 258.3633276782352,
        "target_bearing": 258.21872176833153,
        "fix_type": 6,
        "hacc_m": 0.014,
        "corrupt": false,
        "position_interpolated": true,
        "captured_at_utc": "2026-06-17T18:16:42.200285+00:00"
      },
      "geometry": {
        "type": "Point",
        "coordinates": [
          -114.0161713,
          46.697897399999995
        ]
      }
    },
    {
      "type": "Feature",
      "properties": {
        "file": "leg07_m018_b258_2026-06-17T12-16-43.jpg",
        "leg": "leg07",
        "mark_index": 18,
        "along_track_m": 18.0,
        "achieved_heading": 258.04370372137413,
        "target_bearing": 258.21872176833153,
        "fix_type": 6,
        "hacc_m": 0.014,
        "corrupt": false,
        "position_interpolated": true,
        "captured_at_utc": "2026-06-17T18:16:43.327538+00:00"
      },
      "geometry": {
        "type": "Point",
        "coordinates": [
          -114.01618565269091,
          46.69789526040158
        ]
      }
    },
    {
      "type": "Feature",
      "properties": {
        "file": "leg07_m019_b258_2026-06-17T12-16-44.jpg",
        "leg": "leg07",
        "mark_index": 19,
        "along_track_m": 19.0,
        "achieved_heading": 257.9845860880574,
        "target_bearing": 258.21872176833153,
        "fix_type": 6,
        "hacc_m": 0.014,
        "corrupt": false,
        "position_interpolated": true,
        "captured_at_utc": "2026-06-17T18:16:44.231570+00:00"
      },
      "geometry": {
        "type": "Point",
        "coordinates": [
          -114.01619742005614,
          46.697893863323976
        ]
      }
    },
    {
      "type": "Feature",
      "properties": {
        "file": "leg07_m020_b258_2026-06-17T12-16-45.jpg",
        "leg": "leg07",
        "mark_index": 20,
        "along_track_m": 20.0,
        "achieved_heading": 256.94932035421755,
        "target_bearing": 258.21872176833153,
        "fix_type": 6,
        "hacc_m": 0.014,
        "corrupt": false,
        "position_interpolated": true,
        "captured_at_utc": "2026-06-17T18:16:45.352633+00:00"
      },
      "geometry": {
        "type": "Point",
        "coordinates": [
          -114.01621127334516,
          46.69789170639716
        ]
      }
    },
    {
      "type": "Feature",
      "properties": {
        "file": "leg07_m021_b258_2026-06-17T12-16-46.jpg",
        "leg": "leg07",
        "mark_index": 21,
        "along_track_m": 21.0,
        "achieved_heading": 258.6097285088708,
        "target_bearing": 258.21872176833153,
        "fix_type": 6,
        "hacc_m": 0.014,
        "corrupt": false,
        "position_interpolated": true,
        "captured_at_utc": "2026-06-17T18:16:46.334348+00:00"
      },
      "geometry": {
        "type": "Point",
        "coordinates": [
          -114.01622353834836,
          46.69788994360861
        ]
      }
    },
    {
      "type": "Feature",
      "properties": {
        "file": "leg07_m022_b258_2026-06-17T12-16-47.jpg",
        "leg": "leg07",
        "mark_index": 22,
        "along_track_m": 22.0,
        "achieved_heading": 258.3550764634415,
        "target_bearing": 258.21872176833153,
        "fix_type": 6,
        "hacc_m": 0.014,
        "corrupt": false,
        "position_interpolated": true,
        "captured_at_utc": "2026-06-17T18:16:47.318038+00:00"
      },
      "geometry": {
        "type": "Point",
        "coordinates": [
          -114.01623628543717,
          46.697888279163514
        ]
      }
    },
    {
      "type": "Feature",
      "properties": {
        "file": "leg07_m023_b258_2026-06-17T12-16-48.jpg",
        "leg": "leg07",
        "mark_index": 23,
        "along_track_m": 23.0,
        "achieved_heading": 257.419050650465,
        "target_bearing": 258.21872176833153,
        "fix_type": 6,
        "hacc_m": 0.014,
        "corrupt": false,
        "position_interpolated": true,
        "captured_at_utc": "2026-06-17T18:16:48.304377+00:00"
      },
      "geometry": {
        "type": "Point",
        "coordinates": [
          -114.01624873673732,
          46.69788643265253
        ]
      }
    },
    {
      "type": "Feature",
      "properties": {
        "file": "leg07_m024_b258_2026-06-17T12-16-49.jpg",
        "leg": "leg07",
        "mark_index": 24,
        "along_track_m": 24.0,
        "achieved_heading": 257.8637542634922,
        "target_bearing": 258.21872176833153,
        "fix_type": 6,
        "hacc_m": 0.014,
        "corrupt": false,
        "position_interpolated": true,
        "captured_at_utc": "2026-06-17T18:16:49.343285+00:00"
      },
      "geometry": {
        "type": "Point",
        "coordinates": [
          -114.01626163498143,
          46.69788442869888
        ]
      }
    },
    {
      "type": "Feature",
      "properties": {
        "file": "leg07_m025_b258_2026-06-17T12-16-50.jpg",
        "leg": "leg07",
        "mark_index": 25,
        "along_track_m": 25.0,
        "achieved_heading": 259.65217074522747,
        "target_bearing": 258.21872176833153,
        "fix_type": 6,
        "hacc_m": 0.014,
        "corrupt": false,
        "position_interpolated": true,
        "captured_at_utc": "2026-06-17T18:16:50.455363+00:00"
      },
      "geometry": {
        "type": "Point",
        "coordinates": [
          -114.0162742,
          46.6978826
        ]
      }
    },
    {
      "type": "Feature",
      "properties": {
        "file": "leg07_m026_b258_2026-06-17T12-16-51.jpg",
        "leg": "leg07",
        "mark_index": 26,
        "along_track_m": 26.0,
        "achieved_heading": 259.6738951762883,
        "target_bearing": 258.21872176833153,
        "fix_type": 6,
        "hacc_m": 0.014,
        "corrupt": false,
        "position_interpolated": true,
        "captured_at_utc": "2026-06-17T18:16:51.367316+00:00"
      },
      "geometry": {
        "type": "Point",
        "coordinates": [
          -114.0162873,
          46.6978808
        ]
      }
    },
    {
      "type": "Feature",
      "properties": {
        "file": "leg07_m027_b258_2026-06-17T12-16-52.jpg",
        "leg": "leg07",
        "mark_index": 27,
        "along_track_m": 27.0,
        "achieved_heading": 258.2134095589492,
        "target_bearing": 258.21872176833153,
        "fix_type": 6,
        "hacc_m": 0.014,
        "corrupt": false,
        "position_interpolated": true,
        "captured_at_utc": "2026-06-17T18:16:52.417085+00:00"
      },
      "geometry": {
        "type": "Point",
        "coordinates": [
          -114.0162998,
          46.697879099999994
        ]
      }
    },
    {
      "type": "Feature",
      "properties": {
        "file": "leg07_m028_b258_2026-06-17T12-16-53.jpg",
        "leg": "leg07",
        "mark_index": 28,
        "along_track_m": 28.0,
        "achieved_heading": 257.8800314207311,
        "target_bearing": 258.21872176833153,
        "fix_type": 6,
        "hacc_m": 0.014,
        "corrupt": false,
        "position_interpolated": true,
        "captured_at_utc": "2026-06-17T18:16:53.406718+00:00"
      },
      "geometry": {
        "type": "Point",
        "coordinates": [
          -114.0163122,
          46.6978771
        ]
      }
    },
    {
      "type": "Feature",
      "properties": {
        "file": "leg07_m029_b258_2026-06-17T12-16-54.jpg",
        "leg": "leg07",
        "mark_index": 29,
        "along_track_m": 29.0,
        "achieved_heading": 259.53422784408934,
        "target_bearing": 258.21872176833153,
        "fix_type": 6,
        "hacc_m": 0.014,
        "corrupt": false,
        "position_interpolated": true,
        "captured_at_utc": "2026-06-17T18:16:54.453843+00:00"
      },
      "geometry": {
        "type": "Point",
        "coordinates": [
          -114.01632581024899,
          46.69787490747925
        ]
      }
    },
    {
      "type": "Feature",
      "properties": {
        "file": "leg07_m030_b258_2026-06-17T12-16-55.jpg",
        "leg": "leg07",
        "mark_index": 30,
        "along_track_m": 30.0,
        "achieved_heading": 261.76744513437,
        "target_bearing": 258.21872176833153,
        "fix_type": 6,
        "hacc_m": 0.014,
        "corrupt": false,
        "position_interpolated": true,
        "captured_at_utc": "2026-06-17T18:16:55.086291+00:00"
      },
      "geometry": {
        "type": "Point",
        "coordinates": [
          -114.01633370118572,
          46.69787364980238
        ]
      }
    },
    {
      "type": "Feature",
      "properties": {
        "file": "leg07_m034_b258_2026-06-17T12-17-12.jpg",
        "leg": "leg07",
        "mark_index": 34,
        "along_track_m": 34.0,
        "achieved_heading": 265.48380229887664,
        "target_bearing": 258.21872176833153,
        "fix_type": 6,
        "hacc_m": 0.014,
        "corrupt": false,
        "position_interpolated": true,
        "captured_at_utc": "2026-06-17T18:17:12.378801+00:00"
      },
      "geometry": {
        "type": "Point",
        "coordinates": [
          -114.0163901,
          46.6978638
        ]
      }
    },
    {
      "type": "Feature",
      "properties": {
        "file": "leg07_m035_b258_2026-06-17T12-17-13.jpg",
        "leg": "leg07",
        "mark_index": 35,
        "along_track_m": 35.0,
        "achieved_heading": 263.51116537105315,
        "target_bearing": 258.21872176833153,
        "fix_type": 6,
        "hacc_m": 0.014,
        "corrupt": false,
        "position_interpolated": true,
        "captured_at_utc": "2026-06-17T18:17:13.290026+00:00"
      },
      "geometry": {
        "type": "Point",
        "coordinates": [
          -114.01640185504678,
          46.697863175596254
        ]
      }
    },
    {
      "type": "Feature",
      "properties": {
        "file": "leg07_m036_b258_2026-06-17T12-17-14.jpg",
        "leg": "leg07",
        "mark_index": 36,
        "along_track_m": 36.0,
        "achieved_heading": 259.50131757884645,
        "target_bearing": 258.21872176833153,
        "fix_type": 6,
        "hacc_m": 0.014,
        "corrupt": false,
        "position_interpolated": true,
        "captured_at_utc": "2026-06-17T18:17:14.339630+00:00"
      },
      "geometry": {
        "type": "Point",
        "coordinates": [
          -114.01641506982185,
          46.69786192001549
        ]
      }
    },
    {
      "type": "Feature",
      "properties": {
        "file": "leg07_m037_b258_2026-06-17T12-17-15.jpg",
        "leg": "leg07",
        "mark_index": 37,
        "along_track_m": 37.0,
        "achieved_heading": 257.45378333872566,
        "target_bearing": 258.21872176833153,
        "fix_type": 6,
        "hacc_m": 0.014,
        "corrupt": false,
        "position_interpolated": true,
        "captured_at_utc": "2026-06-17T18:17:15.339053+00:00"
      },
      "geometry": {
        "type": "Point",
        "coordinates": [
          -114.01642779346265,
          46.69786032478448
        ]
      }
    },
    {
      "type": "Feature",
      "properties": {
        "file": "leg07_m038_b258_2026-06-17T12-17-16.jpg",
        "leg": "leg07",
        "mark_index": 38,
        "along_track_m": 38.0,
        "achieved_heading": 257.61632413795337,
        "target_bearing": 258.21872176833153,
        "fix_type": 6,
        "hacc_m": 0.014,
        "corrupt": false,
        "position_interpolated": true,
        "captured_at_utc": "2026-06-17T18:17:16.518144+00:00"
      },
      "geometry": {
        "type": "Point",
        "coordinates": [
          -114.01644219844498,
          46.69785832532396
        ]
      }
    },
    {
      "type": "Feature",
      "properties": {
        "file": "leg07_m039_b258_2026-06-17T12-17-17.jpg",
        "leg": "leg07",
        "mark_index": 39,
        "along_track_m": 39.0,
        "achieved_heading": 257.1024324644695,
        "target_bearing": 258.21872176833153,
        "fix_type": 6,
        "hacc_m": 0.014,
        "corrupt": false,
        "position_interpolated": true,
        "captured_at_utc": "2026-06-17T18:17:17.417974+00:00"
      },
      "geometry": {
        "type": "Point",
        "coordinates": [
          -114.01645371062254,
          46.697857014725294
        ]
      }
    },
    {
      "type": "Feature",
      "properties": {
        "file": "leg07_m040_b258_2026-06-17T12-17-18.jpg",
        "leg": "leg07",
        "mark_index": 40,
        "along_track_m": 40.0,
        "achieved_heading": 256.85903042551695,
        "target_bearing": 258.21872176833153,
        "fix_type": 6,
        "hacc_m": 0.014,
        "corrupt": false,
        "position_interpolated": true,
        "captured_at_utc": "2026-06-17T18:17:18.536010+00:00"
      },
      "geometry": {
        "type": "Point",
        "coordinates": [
          -114.01646734183306,
          46.69785515498003
        ]
      }
    },
    {
      "type": "Feature",
      "properties": {
        "file": "leg07_m041_b258_2026-06-17T12-17-19.jpg",
        "leg": "leg07",
        "mark_index": 41,
        "along_track_m": 41.0,
        "achieved_heading": 255.4115963197793,
        "target_bearing": 258.21872176833153,
        "fix_type": 6,
        "hacc_m": 0.014,
        "corrupt": false,
        "position_interpolated": true,
        "captured_at_utc": "2026-06-17T18:17:19.581977+00:00"
      },
      "geometry": {
        "type": "Point",
        "coordinates": [
          -114.0164803,
          46.6978532
        ]
      }
    },
    {
      "type": "Feature",
      "properties": {
        "file": "leg07_m042_b258_2026-06-17T12-17-20.jpg",
        "leg": "leg07",
        "mark_index": 42,
        "along_track_m": 42.0,
        "achieved_heading": 255.52016023227327,
        "target_bearing": 258.21872176833153,
        "fix_type": 6,
        "hacc_m": 0.014,
        "corrupt": false,
        "position_interpolated": true,
        "captured_at_utc": "2026-06-17T18:17:20.569214+00:00"
      },
      "geometry": {
        "type": "Point",
        "coordinates": [
          -114.01649284470803,
          46.697851206911494
        ]
      }
    },
    {
      "type": "Feature",
      "properties": {
        "file": "leg07_m043_b258_2026-06-17T12-17-21.jpg",
        "leg": "leg07",
        "mark_index": 43,
        "along_track_m": 43.0,
        "achieved_heading": 256.85889964468424,
        "target_bearing": 258.21872176833153,
        "fix_type": 6,
        "hacc_m": 0.014,
        "corrupt": false,
        "position_interpolated": true,
        "captured_at_utc": "2026-06-17T18:17:21.563756+00:00"
      },
      "geometry": {
        "type": "Point",
        "coordinates": [
          -114.0165057,
          46.6978491
        ]
      }
    },
    {
      "type": "Feature",
      "properties": {
        "file": "leg07_m044_b258_2026-06-17T12-17-22.jpg",
        "leg": "leg07",
        "mark_index": 44,
        "along_track_m": 44.0,
        "achieved_heading": 257.99512640037887,
        "target_bearing": 258.21872176833153,
        "fix_type": 6,
        "hacc_m": 0.014,
        "corrupt": false,
        "position_interpolated": true,
        "captured_at_utc": "2026-06-17T18:17:22.667615+00:00"
      },
      "geometry": {
        "type": "Point",
        "coordinates": [
          -114.01651799999999,
          46.6978473
        ]
      }
    },
    {
      "type": "Feature",
      "properties": {
        "file": "leg07_m045_b258_2026-06-17T12-17-23.jpg",
        "leg": "leg07",
        "mark_index": 45,
        "along_track_m": 45.0,
        "achieved_heading": 258.6691129055142,
        "target_bearing": 258.21872176833153,
        "fix_type": 6,
        "hacc_m": 0.014,
        "corrupt": false,
        "position_interpolated": true,
        "captured_at_utc": "2026-06-17T18:17:23.592130+00:00"
      },
      "geometry": {
        "type": "Point",
        "coordinates": [
          -114.0165311,
          46.697845799999996
        ]
      }
    },
    {
      "type": "Feature",
      "properties": {
        "file": "leg07_m046_b258_2026-06-17T12-17-24.jpg",
        "leg": "leg07",
        "mark_index": 46,
        "along_track_m": 46.0,
        "achieved_heading": 255.62994713940705,
        "target_bearing": 258.21872176833153,
        "fix_type": 6,
        "hacc_m": 0.014,
        "corrupt": false,
        "position_interpolated": true,
        "captured_at_utc": "2026-06-17T18:17:24.692795+00:00"
      },
      "geometry": {
        "type": "Point",
        "coordinates": [
          -114.0165435,
          46.6978442
        ]
      }
    },
    {
      "type": "Feature",
      "properties": {
        "file": "leg07_m047_b258_2026-06-17T12-17-25.jpg",
        "leg": "leg07",
        "mark_index": 47,
        "along_track_m": 47.0,
        "achieved_heading": 256.020772906282,
        "target_bearing": 258.21872176833153,
        "fix_type": 6,
        "hacc_m": 0.014,
        "corrupt": false,
        "position_interpolated": true,
        "captured_at_utc": "2026-06-17T18:17:25.544652+00:00"
      },
      "geometry": {
        "type": "Point",
        "coordinates": [
          -114.01655613290671,
          46.69784232673492
        ]
      }
    },
    {
      "type": "Feature",
      "properties": {
        "file": "leg07_m048_b258_2026-06-17T12-17-26.jpg",
        "leg": "leg07",
        "mark_index": 48,
        "along_track_m": 48.0,
        "achieved_heading": 256.8063772736639,
        "target_bearing": 258.21872176833153,
        "fix_type": 6,
        "hacc_m": 0.014,
        "corrupt": false,
        "position_interpolated": true,
        "captured_at_utc": "2026-06-17T18:17:26.651297+00:00"
      },
      "geometry": {
        "type": "Point",
        "coordinates": [
          -114.01656899999999,
          46.6978406
        ]
      }
    },
    {
      "type": "Feature",
      "properties": {
        "file": "leg07_m049_b258_2026-06-17T12-17-27.jpg",
        "leg": "leg07",
        "mark_index": 49,
        "along_track_m": 49.0,
        "achieved_heading": 256.94401117953225,
        "target_bearing": 258.21872176833153,
        "fix_type": 6,
        "hacc_m": 0.014,
        "corrupt": false,
        "position_interpolated": true,
        "captured_at_utc": "2026-06-17T18:17:27.572401+00:00"
      },
      "geometry": {
        "type": "Point",
        "coordinates": [
          -114.01658189999999,
          46.6978387
        ]
      }
    },
    {
      "type": "Feature",
      "properties": {
        "file": "leg07_m050_b258_2026-06-17T12-17-28.jpg",
        "leg": "leg07",
        "mark_index": 50,
        "along_track_m": 50.0,
        "achieved_heading": 259.01148679252407,
        "target_bearing": 258.21872176833153,
        "fix_type": 6,
        "hacc_m": 0.014,
        "corrupt": false,
        "position_interpolated": true,
        "captured_at_utc": "2026-06-17T18:17:28.614379+00:00"
      },
      "geometry": {
        "type": "Point",
        "coordinates": [
          -114.01659486963882,
          46.697836812363256
        ]
      }
    },
    {
      "type": "Feature",
      "properties": {
        "file": "leg07_m051_b258_2026-06-17T12-17-29.jpg",
        "leg": "leg07",
        "mark_index": 51,
        "along_track_m": 51.0,
        "achieved_heading": 266.2246439902969,
        "target_bearing": 258.21872176833153,
        "fix_type": 6,
        "hacc_m": 0.014,
        "corrupt": false,
        "position_interpolated": true,
        "captured_at_utc": "2026-06-17T18:17:29.741734+00:00"
      },
      "geometry": {
        "type": "Point",
        "coordinates": [
          -114.01660909174696,
          46.697834923139226
        ]
      }
    },
    {
      "type": "Feature",
      "properties": {
        "file": "leg08_m000_b348_2026-06-17T12-17-33.jpg",
        "leg": "leg08",
        "mark_index": 0,
        "along_track_m": 0.0,
        "achieved_heading": 347.18071565330655,
        "target_bearing": 348.290528300129,
        "fix_type": 6,
        "hacc_m": 0.014,
        "corrupt": false,
        "position_interpolated": true,
        "captured_at_utc": "2026-06-17T18:17:33.519390+00:00"
      },
      "geometry": {
        "type": "Point",
        "coordinates": [
          -114.01661641930394,
          46.6978349
        ]
      }
    },
    {
      "type": "Feature",
      "properties": {
        "file": "leg08_m001_b348_2026-06-17T12-17-35.jpg",
        "leg": "leg08",
        "mark_index": 1,
        "along_track_m": 1.0,
        "achieved_heading": 341.8385144672863,
        "target_bearing": 348.290528300129,
        "fix_type": 6,
        "hacc_m": 0.014,
        "corrupt": false,
        "position_interpolated": true,
        "captured_at_utc": "2026-06-17T18:17:35.198726+00:00"
      },
      "geometry": {
        "type": "Point",
        "coordinates": [
          -114.01662069999999,
          46.6978438
        ]
      }
    },
    {
      "type": "Feature",
      "properties": {
        "file": "leg08_m002_b348_2026-06-17T12-17-36.jpg",
        "leg": "leg08",
        "mark_index": 2,
        "along_track_m": 2.0,
        "achieved_heading": 351.75085621038806,
        "target_bearing": 348.290528300129,
        "fix_type": 6,
        "hacc_m": 0.014,
        "corrupt": false,
        "position_interpolated": true,
        "captured_at_utc": "2026-06-17T18:17:36.244674+00:00"
      },
      "geometry": {
        "type": "Point",
        "coordinates": [
          -114.01662449999999,
          46.697852499999996
        ]
      }
    },
    {
      "type": "Feature",
      "properties": {
        "file": "leg08_m003_b348_2026-06-17T12-17-37.jpg",
        "leg": "leg08",
        "mark_index": 3,
        "along_track_m": 3.0,
        "achieved_heading": 0.6080961737564312,
        "target_bearing": 348.290528300129,
        "fix_type": 6,
        "hacc_m": 0.014,
        "corrupt": false,
        "position_interpolated": true,
        "captured_at_utc": "2026-06-17T18:17:37.311558+00:00"
      },
      "geometry": {
        "type": "Point",
        "coordinates": [
          -114.01662614743054,
          46.69786222687494
        ]
      }
    },
    {
      "type": "Feature",
      "properties": {
        "file": "leg08_m004_b348_2026-06-17T12-17-38.jpg",
        "leg": "leg08",
        "mark_index": 4,
        "along_track_m": 4.0,
        "achieved_heading": 6.688381591464241,
        "target_bearing": 348.290528300129,
        "fix_type": 6,
        "hacc_m": 0.014,
        "corrupt": false,
        "position_interpolated": true,
        "captured_at_utc": "2026-06-17T18:17:38.284030+00:00"
      },
      "geometry": {
        "type": "Point",
        "coordinates": [
          -114.01662574192126,
          46.69787070349597
        ]
      }
    },
    {
      "type": "Feature",
      "properties": {
        "file": "leg08_m005_b348_2026-06-17T12-17-39.jpg",
        "leg": "leg08",
        "mark_index": 5,
        "along_track_m": 4.88,
        "achieved_heading": 9.080308498796889,
        "target_bearing": 348.290528300129,
        "fix_type": 6,
        "hacc_m": 0.014,
        "corrupt": false,
        "position_interpolated": true,
        "captured_at_utc": "2026-06-17T18:17:39.355877+00:00"
      },
      "geometry": {
        "type": "Point",
        "coordinates": [
          -114.01662440645165,
          46.69788024516094
        ]
      }
    },
    {
      "type": "Feature",
      "properties": {
        "file": "leg09_m001_b078_2026-06-17T12-17-49.jpg",
        "leg": "leg09",
        "mark_index": 1,
        "along_track_m": 1.0,
        "achieved_heading": 65.63290445581502,
        "target_bearing": 78.21823349003074,
        "fix_type": 6,
        "hacc_m": 0.014,
        "corrupt": false,
        "position_interpolated": true,
        "captured_at_utc": "2026-06-17T18:17:49.616868+00:00"
      },
      "geometry": {
        "type": "Point",
        "coordinates": [
          -114.0166125,
          46.6978884
        ]
      }
    },
    {
      "type": "Feature",
      "properties": {
        "file": "leg09_m002_b078_2026-06-17T12-17-50.jpg",
        "leg": "leg09",
        "mark_index": 2,
        "along_track_m": 2.0,
        "achieved_heading": 86.52351862407997,
        "target_bearing": 78.21823349003074,
        "fix_type": 6,
        "hacc_m": 0.014,
        "corrupt": false,
        "position_interpolated": true,
        "captured_at_utc": "2026-06-17T18:17:50.755066+00:00"
      },
      "geometry": {
        "type": "Point",
        "coordinates": [
          -114.01659997139933,
          46.69789178640013
        ]
      }
    },
    {
      "type": "Feature",
      "properties": {
        "file": "leg09_m003_b078_2026-06-17T12-17-52.jpg",
        "leg": "leg09",
        "mark_index": 3,
        "along_track_m": 3.0,
        "achieved_heading": 96.97822221605259,
        "target_bearing": 78.21823349003074,
        "fix_type": 6,
        "hacc_m": 0.014,
        "corrupt": false,
        "position_interpolated": true,
        "captured_at_utc": "2026-06-17T18:17:52.013166+00:00"
      },
      "geometry": {
        "type": "Point",
        "coordinates": [
          -114.0165873,
          46.6978921
        ]
      }
    },
    {
      "type": "Feature",
      "properties": {
        "file": "leg09_m004_b078_2026-06-17T12-17-53.jpg",
        "leg": "leg09",
        "mark_index": 4,
        "along_track_m": 4.0,
        "achieved_heading": 92.80502681943771,
        "target_bearing": 78.21823349003074,
        "fix_type": 6,
        "hacc_m": 0.014,
        "corrupt": false,
        "position_interpolated": true,
        "captured_at_utc": "2026-06-17T18:17:53.188934+00:00"
      },
      "geometry": {
        "type": "Point",
        "coordinates": [
          -114.0165737,
          46.697891299999995
        ]
      }
    },
    {
      "type": "Feature",
      "properties": {
        "file": "leg09_m005_b078_2026-06-17T12-17-54.jpg",
        "leg": "leg09",
        "mark_index": 5,
        "along_track_m": 5.0,
        "achieved_heading": 83.52024474784106,
        "target_bearing": 78.21823349003074,
        "fix_type": 6,
        "hacc_m": 0.014,
        "corrupt": false,
        "position_interpolated": true,
        "captured_at_utc": "2026-06-17T18:17:54.323196+00:00"
      },
      "geometry": {
        "type": "Point",
        "coordinates": [
          -114.01656042969307,
          46.69789213861527
        ]
      }
    },
    {
      "type": "Feature",
      "properties": {
        "file": "leg09_m006_b078_2026-06-17T12-17-55.jpg",
        "leg": "leg09",
        "mark_index": 6,
        "along_track_m": 6.0,
        "achieved_heading": 83.5267262559577,
        "target_bearing": 78.21823349003074,
        "fix_type": 6,
        "hacc_m": 0.014,
        "corrupt": false,
        "position_interpolated": true,
        "captured_at_utc": "2026-06-17T18:17:55.434734+00:00"
      },
      "geometry": {
        "type": "Point",
        "coordinates": [
          -114.01654711726563,
          46.69789377675951
        ]
      }
    },
    {
      "type": "Feature",
      "properties": {
        "file": "leg09_m007_b078_2026-06-17T12-17-56.jpg",
        "leg": "leg09",
        "mark_index": 7,
        "along_track_m": 7.0,
        "achieved_heading": 85.35199790390595,
        "target_bearing": 78.21823349003074,
        "fix_type": 6,
        "hacc_m": 0.014,
        "corrupt": false,
        "position_interpolated": true,
        "captured_at_utc": "2026-06-17T18:17:56.635870+00:00"
      },
      "geometry": {
        "type": "Point",
        "coordinates": [
          -114.0165344,
          46.6978952
        ]
      }
    },
    {
      "type": "Feature",
      "properties": {
        "file": "leg09_m008_b078_2026-06-17T12-17-57.jpg",
        "leg": "leg09",
        "mark_index": 8,
        "along_track_m": 8.0,
        "achieved_heading": 84.81861212136909,
        "target_bearing": 78.21823349003074,
        "fix_type": 6,
        "hacc_m": 0.014,
        "corrupt": false,
        "position_interpolated": true,
        "captured_at_utc": "2026-06-17T18:17:57.752293+00:00"
      },
      "geometry": {
        "type": "Point",
        "coordinates": [
          -114.0165209034711,
          46.697896582754815
        ]
      }
    },
    {
      "type": "Feature",
      "properties": {
        "file": "leg09_m009_b078_2026-06-17T12-17-59.jpg",
        "leg": "leg09",
        "mark_index": 9,
        "along_track_m": 9.0,
        "achieved_heading": 83.24723357953891,
        "target_bearing": 78.21823349003074,
        "fix_type": 6,
        "hacc_m": 0.014,
        "corrupt": false,
        "position_interpolated": true,
        "captured_at_utc": "2026-06-17T18:17:58.869119+00:00"
      },
      "geometry": {
        "type": "Point",
        "coordinates": [
          -114.01650833919547,
          46.697898258291524
        ]
      }
    },
    {
      "type": "Feature",
      "properties": {
        "file": "leg09_m010_b078_2026-06-17T12-18-00.jpg",
        "leg": "leg09",
        "mark_index": 10,
        "along_track_m": 10.0,
        "achieved_heading": 82.63719310476577,
        "target_bearing": 78.21823349003074,
        "fix_type": 6,
        "hacc_m": 0.014,
        "corrupt": false,
        "position_interpolated": true,
        "captured_at_utc": "2026-06-17T18:18:00.050575+00:00"
      },
      "geometry": {
        "type": "Point",
        "coordinates": [
          -114.01649549999999,
          46.6979
        ]
      }
    },
    {
      "type": "Feature",
      "properties": {
        "file": "leg09_m011_b078_2026-06-17T12-18-01.jpg",
        "leg": "leg09",
        "mark_index": 11,
        "along_track_m": 11.0,
        "achieved_heading": 81.10998235836614,
        "target_bearing": 78.21823349003074,
        "fix_type": 6,
        "hacc_m": 0.014,
        "corrupt": false,
        "position_interpolated": true,
        "captured_at_utc": "2026-06-17T18:18:01.181362+00:00"
      },
      "geometry": {
        "type": "Point",
        "coordinates": [
          -114.016482,
          46.697902
        ]
      }
    },
    {
      "type": "Feature",
      "properties": {
        "file": "leg09_m012_b078_2026-06-17T12-18-02.jpg",
        "leg": "leg09",
        "mark_index": 12,
        "along_track_m": 12.0,
        "achieved_heading": 81.96080774687789,
        "target_bearing": 78.21823349003074,
        "fix_type": 6,
        "hacc_m": 0.014,
        "corrupt": false,
        "position_interpolated": true,
        "captured_at_utc": "2026-06-17T18:18:02.303609+00:00"
      },
      "geometry": {
        "type": "Point",
        "coordinates": [
          -114.01646932882848,
          46.6979040406099
        ]
      }
    },
    {
      "type": "Feature",
      "properties": {
        "file": "leg09_m013_b078_2026-06-17T12-18-03.jpg",
        "leg": "leg09",
        "mark_index": 13,
        "along_track_m": 13.0,
        "achieved_heading": 83.44764762064514,
        "target_bearing": 78.21823349003074,
        "fix_type": 6,
        "hacc_m": 0.014,
        "corrupt": false,
        "position_interpolated": true,
        "captured_at_utc": "2026-06-17T18:18:03.488597+00:00"
      },
      "geometry": {
        "type": "Point",
        "coordinates": [
          -114.01645719999999,
          46.6979056
        ]
      }
    },
    {
      "type": "Feature",
      "properties": {
        "file": "leg09_m014_b078_2026-06-17T12-18-04.jpg",
        "leg": "leg09",
        "mark_index": 14,
        "along_track_m": 14.0,
        "achieved_heading": 82.8088203100675,
        "target_bearing": 78.21823349003074,
        "fix_type": 6,
        "hacc_m": 0.014,
        "corrupt": false,
        "position_interpolated": true,
        "captured_at_utc": "2026-06-17T18:18:04.532472+00:00"
      },
      "geometry": {
        "type": "Point",
        "coordinates": [
          -114.01644335350507,
          46.6979075381584
        ]
      }
    },
    {
      "type": "Feature",
      "properties": {
        "file": "leg09_m015_b078_2026-06-17T12-18-05.jpg",
        "leg": "leg09",
        "mark_index": 15,
        "along_track_m": 15.0,
        "achieved_heading": 82.07801365168733,
        "target_bearing": 78.21823349003074,
        "fix_type": 6,
        "hacc_m": 0.014,
        "corrupt": false,
        "position_interpolated": true,
        "captured_at_utc": "2026-06-17T18:18:05.596435+00:00"
      },
      "geometry": {
        "type": "Point",
        "coordinates": [
          -114.0164314,
          46.6979091
        ]
      }
    },
    {
      "type": "Feature",
      "properties": {
        "file": "leg09_m016_b078_2026-06-17T12-18-06.jpg",
        "leg": "leg09",
        "mark_index": 16,
        "along_track_m": 16.0,
        "achieved_heading": 80.69498632547723,
        "target_bearing": 78.21823349003074,
        "fix_type": 6,
        "hacc_m": 0.014,
        "corrupt": false,
        "position_interpolated": true,
        "captured_at_utc": "2026-06-17T18:18:06.714009+00:00"
      },
      "geometry": {
        "type": "Point",
        "coordinates": [
          -114.01641860136287,
          46.69791124533065
        ]
      }
    },
    {
      "type": "Feature",
      "properties": {
        "file": "leg09_m017_b078_2026-06-17T12-18-07.jpg",
        "leg": "leg09",
        "mark_index": 17,
        "along_track_m": 17.0,
        "achieved_heading": 83.3549894918545,
        "target_bearing": 78.21823349003074,
        "fix_type": 6,
        "hacc_m": 0.014,
        "corrupt": false,
        "position_interpolated": true,
        "captured_at_utc": "2026-06-17T18:18:07.827440+00:00"
      },
      "geometry": {
        "type": "Point",
        "coordinates": [
          -114.0164064,
          46.6979131
        ]
      }
    },
    {
      "type": "Feature",
      "properties": {
        "file": "leg09_m018_b078_2026-06-17T12-18-09.jpg",
        "leg": "leg09",
        "mark_index": 18,
        "along_track_m": 18.0,
        "achieved_heading": 83.17035749659654,
        "target_bearing": 78.21823349003074,
        "fix_type": 6,
        "hacc_m": 0.014,
        "corrupt": false,
        "position_interpolated": true,
        "captured_at_utc": "2026-06-17T18:18:09.019580+00:00"
      },
      "geometry": {
        "type": "Point",
        "coordinates": [
          -114.016393,
          46.6979148
        ]
      }
    },
    {
      "type": "Feature",
      "properties": {
        "file": "leg09_m019_b078_2026-06-17T12-18-10.jpg",
        "leg": "leg09",
        "mark_index": 19,
        "along_track_m": 19.0,
        "achieved_heading": 82.65178403556601,
        "target_bearing": 78.21823349003074,
        "fix_type": 6,
        "hacc_m": 0.014,
        "corrupt": false,
        "position_interpolated": true,
        "captured_at_utc": "2026-06-17T18:18:10.067845+00:00"
      },
      "geometry": {
        "type": "Point",
        "coordinates": [
          -114.01637993808062,
          46.6979164515547
        ]
      }
    },
    {
      "type": "Feature",
      "properties": {
        "file": "leg09_m020_b078_2026-06-17T12-18-11.jpg",
        "leg": "leg09",
        "mark_index": 20,
        "along_track_m": 20.0,
        "achieved_heading": 79.65417652950724,
        "target_bearing": 78.21823349003074,
        "fix_type": 6,
        "hacc_m": 0.014,
        "corrupt": false,
        "position_interpolated": true,
        "captured_at_utc": "2026-06-17T18:18:11.259282+00:00"
      },
      "geometry": {
        "type": "Point",
        "coordinates": [
          -114.0163673,
          46.697918099999995
        ]
      }
    },
    {
      "type": "Feature",
      "properties": {
        "file": "leg09_m021_b078_2026-06-17T12-18-12.jpg",
        "leg": "leg09",
        "mark_index": 21,
        "along_track_m": 21.0,
        "achieved_heading": 79.8181906278215,
        "target_bearing": 78.21823349003074,
        "fix_type": 6,
        "hacc_m": 0.014,
        "corrupt": false,
        "position_interpolated": true,
        "captured_at_utc": "2026-06-17T18:18:12.314329+00:00"
      },
      "geometry": {
        "type": "Point",
        "coordinates": [
          -114.01635368783397,
          46.69792029312109
        ]
      }
    },
    {
      "type": "Feature",
      "properties": {
        "file": "leg09_m022_b078_2026-06-17T12-18-13.jpg",
        "leg": "leg09",
        "mark_index": 22,
        "along_track_m": 22.0,
        "achieved_heading": 80.6534802144029,
        "target_bearing": 78.21823349003074,
        "fix_type": 6,
        "hacc_m": 0.014,
        "corrupt": false,
        "position_interpolated": true,
        "captured_at_utc": "2026-06-17T18:18:13.303237+00:00"
      },
      "geometry": {
        "type": "Point",
        "coordinates": [
          -114.01634213655639,
          46.69792213912376
        ]
      }
    },
    {
      "type": "Feature",
      "properties": {
        "file": "leg09_m023_b078_2026-06-17T12-18-14.jpg",
        "leg": "leg09",
        "mark_index": 23,
        "along_track_m": 23.0,
        "achieved_heading": 81.8658725282531,
        "target_bearing": 78.21823349003074,
        "fix_type": 6,
        "hacc_m": 0.014,
        "corrupt": false,
        "position_interpolated": true,
        "captured_at_utc": "2026-06-17T18:18:14.576582+00:00"
      },
      "geometry": {
        "type": "Point",
        "coordinates": [
          -114.01632749999999,
          46.6979243
        ]
      }
    },
    {
      "type": "Feature",
      "properties": {
        "file": "leg09_m024_b078_2026-06-17T12-18-15.jpg",
        "leg": "leg09",
        "mark_index": 24,
        "along_track_m": 24.0,
        "achieved_heading": 83.25184180356683,
        "target_bearing": 78.21823349003074,
        "fix_type": 6,
        "hacc_m": 0.014,
        "corrupt": false,
        "position_interpolated": true,
        "captured_at_utc": "2026-06-17T18:18:15.689016+00:00"
      },
      "geometry": {
        "type": "Point",
        "coordinates": [
          -114.0163158,
          46.6979257
        ]
      }
    },
    {
      "type": "Feature",
      "properties": {
        "file": "leg09_m025_b078_2026-06-17T12-18-16.jpg",
        "leg": "leg09",
        "mark_index": 25,
        "along_track_m": 25.0,
        "achieved_heading": 83.04443448028124,
        "target_bearing": 78.21823349003074,
        "fix_type": 6,
        "hacc_m": 0.014,
        "corrupt": false,
        "position_interpolated": true,
        "captured_at_utc": "2026-06-17T18:18:16.730719+00:00"
      },
      "geometry": {
        "type": "Point",
        "coordinates": [
          -114.01630238781058,
          46.6979270321757
        ]
      }
    },
    {
      "type": "Feature",
      "properties": {
        "file": "leg09_m026_b078_2026-06-17T12-18-18.jpg",
        "leg": "leg09",
        "mark_index": 26,
        "along_track_m": 26.0,
        "achieved_heading": 79.11913242297324,
        "target_bearing": 78.21823349003074,
        "fix_type": 6,
        "hacc_m": 0.014,
        "corrupt": false,
        "position_interpolated": true,
        "captured_at_utc": "2026-06-17T18:18:17.851275+00:00"
      },
      "geometry": {
        "type": "Point",
        "coordinates": [
          -114.01628963877589,
          46.69792872108835
        ]
      }
    },
    {
      "type": "Feature",
      "properties": {
        "file": "leg09_m027_b078_2026-06-17T12-18-19.jpg",
        "leg": "leg09",
        "mark_index": 27,
        "along_track_m": 27.0,
        "achieved_heading": 78.90543454231502,
        "target_bearing": 78.21823349003074,
        "fix_type": 6,
        "hacc_m": 0.014,
        "corrupt": false,
        "position_interpolated": true,
        "captured_at_utc": "2026-06-17T18:18:18.965164+00:00"
      },
      "geometry": {
        "type": "Point",
        "coordinates": [
          -114.01627699999999,
          46.6979307
        ]
      }
    },
    {
      "type": "Feature",
      "properties": {
        "file": "leg09_m028_b078_2026-06-17T12-18-20.jpg",
        "leg": "leg09",
        "mark_index": 28,
        "along_track_m": 28.0,
        "achieved_heading": 81.20880440273636,
        "target_bearing": 78.21823349003074,
        "fix_type": 6,
        "hacc_m": 0.014,
        "corrupt": false,
        "position_interpolated": true,
        "captured_at_utc": "2026-06-17T18:18:20.159076+00:00"
      },
      "geometry": {
        "type": "Point",
        "coordinates": [
          -114.01626355197912,
          46.697932678288694
        ]
      }
    },
    {
      "type": "Feature",
      "properties": {
        "file": "leg09_m029_b078_2026-06-17T12-18-21.jpg",
        "leg": "leg09",
        "mark_index": 29,
        "along_track_m": 29.0,
        "achieved_heading": 81.78984254565685,
        "target_bearing": 78.21823349003074,
        "fix_type": 6,
        "hacc_m": 0.014,
        "corrupt": false,
        "position_interpolated": true,
        "captured_at_utc": "2026-06-17T18:18:21.269151+00:00"
      },
      "geometry": {
        "type": "Point",
        "coordinates": [
          -114.0162519,
          46.697934499999995
        ]
      }
    },
    {
      "type": "Feature",
      "properties": {
        "file": "leg09_m030_b078_2026-06-17T12-18-22.jpg",
        "leg": "leg09",
        "mark_index": 30,
        "along_track_m": 30.0,
        "achieved_heading": 80.75375856810942,
        "target_bearing": 78.21823349003074,
        "fix_type": 6,
        "hacc_m": 0.014,
        "corrupt": false,
        "position_interpolated": true,
        "captured_at_utc": "2026-06-17T18:18:22.397381+00:00"
      },
      "geometry": {
        "type": "Point",
        "coordinates": [
          -114.0162378,
          46.697936399999996
        ]
      }
    },
    {
      "type": "Feature",
      "properties": {
        "file": "leg09_m031_b078_2026-06-17T12-18-23.jpg",
        "leg": "leg09",
        "mark_index": 31,
        "along_track_m": 31.0,
        "achieved_heading": 79.41861309271584,
        "target_bearing": 78.21823349003074,
        "fix_type": 6,
        "hacc_m": 0.014,
        "corrupt": false,
        "position_interpolated": true,
        "captured_at_utc": "2026-06-17T18:18:23.386692+00:00"
      },
      "geometry": {
        "type": "Point",
        "coordinates": [
          -114.0162263,
          46.6979384
        ]
      }
    },
    {
      "type": "Feature",
      "properties": {
        "file": "leg09_m032_b078_2026-06-17T12-18-24.jpg",
        "leg": "leg09",
        "mark_index": 32,
        "along_track_m": 32.0,
        "achieved_heading": 82.59078055342371,
        "target_bearing": 78.21823349003074,
        "fix_type": 6,
        "hacc_m": 0.014,
        "corrupt": false,
        "position_interpolated": true,
        "captured_at_utc": "2026-06-17T18:18:24.630560+00:00"
      },
      "geometry": {
        "type": "Point",
        "coordinates": [
          -114.01621229999999,
          46.6979405
        ]
      }
    },
    {
      "type": "Feature",
      "properties": {
        "file": "leg09_m033_b078_2026-06-17T12-18-25.jpg",
        "leg": "leg09",
        "mark_index": 33,
        "along_track_m": 33.0,
        "achieved_heading": 82.35859134236178,
        "target_bearing": 78.21823349003074,
        "fix_type": 6,
        "hacc_m": 0.014,
        "corrupt": false,
        "position_interpolated": true,
        "captured_at_utc": "2026-06-17T18:18:25.693841+00:00"
      },
      "geometry": {
        "type": "Point",
        "coordinates": [
          -114.01619958322891,
          46.69794256467084
        ]
      }
    },
    {
      "type": "Feature",
      "properties": {
        "file": "leg09_m034_b078_2026-06-17T12-18-26.jpg",
        "leg": "leg09",
        "mark_index": 34,
        "along_track_m": 34.0,
        "achieved_heading": 81.97818732104238,
        "target_bearing": 78.21823349003074,
        "fix_type": 6,
        "hacc_m": 0.014,
        "corrupt": false,
        "position_interpolated": true,
        "captured_at_utc": "2026-06-17T18:18:26.812486+00:00"
      },
      "geometry": {
        "type": "Point",
        "coordinates": [
          -114.01618719999999,
          46.6979444
        ]
      }
    },
    {
      "type": "Feature",
      "properties": {
        "file": "leg09_m035_b078_2026-06-17T12-18-27.jpg",
        "leg": "leg09",
        "mark_index": 35,
        "along_track_m": 35.0,
        "achieved_heading": 82.01004955795914,
        "target_bearing": 78.21823349003074,
        "fix_type": 6,
        "hacc_m": 0.014,
        "corrupt": false,
        "position_interpolated": true,
        "captured_at_utc": "2026-06-17T18:18:27.762478+00:00"
      },
      "geometry": {
        "type": "Point",
        "coordinates": [
          -114.0161753,
          46.6979459
        ]
      }
    },
    {
      "type": "Feature",
      "properties": {
        "file": "leg09_m036_b078_2026-06-17T12-18-28.jpg",
        "leg": "leg09",
        "mark_index": 36,
        "along_track_m": 36.0,
        "achieved_heading": 81.24257603194665,
        "target_bearing": 78.21823349003074,
        "fix_type": 6,
        "hacc_m": 0.014,
        "corrupt": false,
        "position_interpolated": true,
        "captured_at_utc": "2026-06-17T18:18:28.977479+00:00"
      },
      "geometry": {
        "type": "Point",
        "coordinates": [
          -114.0161619,
          46.6979477
        ]
      }
    },
    {
      "type": "Feature",
      "properties": {
        "file": "leg09_m037_b078_2026-06-17T12-18-30.jpg",
        "leg": "leg09",
        "mark_index": 37,
        "along_track_m": 37.0,
        "achieved_heading": 82.28300712758471,
        "target_bearing": 78.21823349003074,
        "fix_type": 6,
        "hacc_m": 0.014,
        "corrupt": false,
        "position_interpolated": true,
        "captured_at_utc": "2026-06-17T18:18:30.106980+00:00"
      },
      "geometry": {
        "type": "Point",
        "coordinates": [
          -114.01614941233419,
          46.69794966431729
        ]
      }
    },
    {
      "type": "Feature",
      "properties": {
        "file": "leg09_m038_b078_2026-06-17T12-18-31.jpg",
        "leg": "leg09",
        "mark_index": 38,
        "along_track_m": 38.0,
        "achieved_heading": 81.27366222820939,
        "target_bearing": 78.21823349003074,
        "fix_type": 6,
        "hacc_m": 0.014,
        "corrupt": false,
        "position_interpolated": true,
        "captured_at_utc": "2026-06-17T18:18:31.286263+00:00"
      },
      "geometry": {
        "type": "Point",
        "coordinates": [
          -114.0161359795785,
          46.69795167222889
        ]
      }
    },
    {
      "type": "Feature",
      "properties": {
        "file": "leg09_m039_b078_2026-06-17T12-18-32.jpg",
        "leg": "leg09",
        "mark_index": 39,
        "along_track_m": 39.0,
        "achieved_heading": 81.06106489318204,
        "target_bearing": 78.21823349003074,
        "fix_type": 6,
        "hacc_m": 0.014,
        "corrupt": false,
        "position_interpolated": true,
        "captured_at_utc": "2026-06-17T18:18:32.407060+00:00"
      },
      "geometry": {
        "type": "Point",
        "coordinates": [
          -114.01612349999999,
          46.697953399999996
        ]
      }
    },
    {
      "type": "Feature",
      "properties": {
        "file": "leg09_m040_b078_2026-06-17T12-18-33.jpg",
        "leg": "leg09",
        "mark_index": 40,
        "along_track_m": 40.0,
        "achieved_heading": 81.54546376437419,
        "target_bearing": 78.21823349003074,
        "fix_type": 6,
        "hacc_m": 0.014,
        "corrupt": false,
        "position_interpolated": true,
        "captured_at_utc": "2026-06-17T18:18:33.535122+00:00"
      },
      "geometry": {
        "type": "Point",
        "coordinates": [
          -114.01610959354255,
          46.697955227121746
        ]
      }
    },
    {
      "type": "Feature",
      "properties": {
        "file": "leg09_m041_b078_2026-06-17T12-18-34.jpg",
        "leg": "leg09",
        "mark_index": 41,
        "along_track_m": 41.0,
        "achieved_heading": 80.83039467835938,
        "target_bearing": 78.21823349003074,
        "fix_type": 6,
        "hacc_m": 0.014,
        "corrupt": false,
        "position_interpolated": true,
        "captured_at_utc": "2026-06-17T18:18:34.655377+00:00"
      },
      "geometry": {
        "type": "Point",
        "coordinates": [
          -114.01609721945188,
          46.69795666623817
        ]
      }
    },
    {
      "type": "Feature",
      "properties": {
        "file": "leg09_m042_b078_2026-06-17T12-18-35.jpg",
        "leg": "leg09",
        "mark_index": 42,
        "along_track_m": 42.0,
        "achieved_heading": 80.08404454078601,
        "target_bearing": 78.21823349003074,
        "fix_type": 6,
        "hacc_m": 0.014,
        "corrupt": false,
        "position_interpolated": true,
        "captured_at_utc": "2026-06-17T18:18:35.773264+00:00"
      },
      "geometry": {
        "type": "Point",
        "coordinates": [
          -114.0160846,
          46.6979585
        ]
      }
    },
    {
      "type": "Feature",
      "properties": {
        "file": "leg09_m043_b078_2026-06-17T12-18-37.jpg",
        "leg": "leg09",
        "mark_index": 43,
        "along_track_m": 43.0,
        "achieved_heading": 81.52250359296964,
        "target_bearing": 78.21823349003074,
        "fix_type": 6,
        "hacc_m": 0.014,
        "corrupt": false,
        "position_interpolated": true,
        "captured_at_utc": "2026-06-17T18:18:36.892524+00:00"
      },
      "geometry": {
        "type": "Point",
        "coordinates": [
          -114.01607141203522,
          46.69796038103888
        ]
      }
    },
    {
      "type": "Feature",
      "properties": {
        "file": "leg09_m044_b078_2026-06-17T12-18-37.jpg",
        "leg": "leg09",
        "mark_index": 44,
        "along_track_m": 44.0,
        "achieved_heading": 78.68794497755975,
        "target_bearing": 78.21823349003074,
        "fix_type": 6,
        "hacc_m": 0.014,
        "corrupt": false,
        "position_interpolated": true,
        "captured_at_utc": "2026-06-17T18:18:37.816705+00:00"
      },
      "geometry": {
        "type": "Point",
        "coordinates": [
          -114.01606099684636,
          46.69796174825229
        ]
      }
    },
    {
      "type": "Feature",
      "properties": {
        "file": "leg09_m045_b078_2026-06-17T12-18-39.jpg",
        "leg": "leg09",
        "mark_index": 45,
        "along_track_m": 45.0,
        "achieved_heading": 79.24462040371279,
        "target_bearing": 78.21823349003074,
        "fix_type": 6,
        "hacc_m": 0.014,
        "corrupt": false,
        "position_interpolated": true,
        "captured_at_utc": "2026-06-17T18:18:39.199283+00:00"
      },
      "geometry": {
        "type": "Point",
        "coordinates": [
          -114.01604569999999,
          46.6979645
        ]
      }
    },
    {
      "type": "Feature",
      "properties": {
        "file": "leg09_m046_b078_2026-06-17T12-18-40.jpg",
        "leg": "leg09",
        "mark_index": 46,
        "along_track_m": 46.0,
        "achieved_heading": 81.2042978664417,
        "target_bearing": 78.21823349003074,
        "fix_type": 6,
        "hacc_m": 0.014,
        "corrupt": false,
        "position_interpolated": true,
        "captured_at_utc": "2026-06-17T18:18:40.385049+00:00"
      },
      "geometry": {
        "type": "Point",
        "coordinates": [
          -114.01603229999999,
          46.697966699999995
        ]
      }
    },
    {
      "type": "Feature",
      "properties": {
        "file": "leg09_m047_b078_2026-06-17T12-18-41.jpg",
        "leg": "leg09",
        "mark_index": 47,
        "along_track_m": 47.0,
        "achieved_heading": 83.59932568438,
        "target_bearing": 78.21823349003074,
        "fix_type": 6,
        "hacc_m": 0.014,
        "corrupt": false,
        "position_interpolated": true,
        "captured_at_utc": "2026-06-17T18:18:41.367110+00:00"
      },
      "geometry": {
        "type": "Point",
        "coordinates": [
          -114.01602117455933,
          46.69796819351658
        ]
      }
    },
    {
      "type": "Feature",
      "properties": {
        "file": "leg09_m048_b078_2026-06-17T12-18-42.jpg",
        "leg": "leg09",
        "mark_index": 48,
        "along_track_m": 48.0,
        "achieved_heading": 82.67497740873374,
        "target_bearing": 78.21823349003074,
        "fix_type": 6,
        "hacc_m": 0.014,
        "corrupt": false,
        "position_interpolated": true,
        "captured_at_utc": "2026-06-17T18:18:42.700703+00:00"
      },
      "geometry": {
        "type": "Point",
        "coordinates": [
          -114.0160078,
          46.697969699999994
        ]
      }
    },
    {
      "type": "Feature",
      "properties": {
        "file": "leg09_m049_b078_2026-06-17T12-18-43.jpg",
        "leg": "leg09",
        "mark_index": 49,
        "along_track_m": 49.0,
        "achieved_heading": 82.65445249966022,
        "target_bearing": 78.21823349003074,
        "fix_type": 6,
        "hacc_m": 0.014,
        "corrupt": false,
        "position_interpolated": true,
        "captured_at_utc": "2026-06-17T18:18:43.688695+00:00"
      },
      "geometry": {
        "type": "Point",
        "coordinates": [
          -114.01599503929351,
          46.69797102005435
        ]
      }
    },
    {
      "type": "Feature",
      "properties": {
        "file": "leg09_m050_b078_2026-06-17T12-18-44.jpg",
        "leg": "leg09",
        "mark_index": 50,
        "along_track_m": 50.0,
        "achieved_heading": 81.30991816480152,
        "target_bearing": 78.21823349003074,
        "fix_type": 6,
        "hacc_m": 0.014,
        "corrupt": false,
        "position_interpolated": true,
        "captured_at_utc": "2026-06-17T18:18:44.803823+00:00"
      },
      "geometry": {
        "type": "Point",
        "coordinates": [
          -114.01598249999999,
          46.6979726
        ]
      }
    },
    {
      "type": "Feature",
      "properties": {
        "file": "leg09_m051_b078_2026-06-17T12-18-46.jpg",
        "leg": "leg09",
        "mark_index": 51,
        "along_track_m": 51.0,
        "achieved_heading": 83.44102209595354,
        "target_bearing": 78.21823349003074,
        "fix_type": 6,
        "hacc_m": 0.014,
        "corrupt": false,
        "position_interpolated": true,
        "captured_at_utc": "2026-06-17T18:18:45.936888+00:00"
      },
      "geometry": {
        "type": "Point",
        "coordinates": [
          -114.01596861886782,
          46.69797425651802
        ]
      }
    },
    {
      "type": "Feature",
      "properties": {
        "file": "leg10_m000_b348_2026-06-17T12-18-51.jpg",
        "leg": "leg10",
        "mark_index": 0,
        "along_track_m": 0.0,
        "achieved_heading": 350.13261062349795,
        "target_bearing": 348.29099805799405,
        "fix_type": 6,
        "hacc_m": 0.014,
        "corrupt": false,
        "position_interpolated": true,
        "captured_at_utc": "2026-06-17T18:18:51.092077+00:00"
      },
      "geometry": {
        "type": "Point",
        "coordinates": [
          -114.0159671,
          46.6979756
        ]
      }
    },
    {
      "type": "Feature",
      "properties": {
        "file": "leg10_m001_b348_2026-06-17T12-18-52.jpg",
        "leg": "leg10",
        "mark_index": 1,
        "along_track_m": 1.0,
        "achieved_heading": 347.6087888317262,
        "target_bearing": 348.29099805799405,
        "fix_type": 6,
        "hacc_m": 0.014,
        "corrupt": false,
        "position_interpolated": true,
        "captured_at_utc": "2026-06-17T18:18:52.437937+00:00"
      },
      "geometry": {
        "type": "Point",
        "coordinates": [
          -114.0159695,
          46.6979828
        ]
      }
    },
    {
      "type": "Feature",
      "properties": {
        "file": "leg10_m002_b348_2026-06-17T12-18-53.jpg",
        "leg": "leg10",
        "mark_index": 2,
        "along_track_m": 2.0,
        "achieved_heading": 345.37230537421254,
        "target_bearing": 348.29099805799405,
        "fix_type": 6,
        "hacc_m": 0.014,
        "corrupt": false,
        "position_interpolated": true,
        "captured_at_utc": "2026-06-17T18:18:53.626138+00:00"
      },
      "geometry": {
        "type": "Point",
        "coordinates": [
          -114.0159733,
          46.6979925
        ]
      }
    },
    {
      "type": "Feature",
      "properties": {
        "file": "leg10_m003_b348_2026-06-17T12-18-54.jpg",
        "leg": "leg10",
        "mark_index": 3,
        "along_track_m": 3.0,
        "achieved_heading": 347.1594753287846,
        "target_bearing": 348.29099805799405,
        "fix_type": 6,
        "hacc_m": 0.014,
        "corrupt": false,
        "position_interpolated": true,
        "captured_at_utc": "2026-06-17T18:18:54.538209+00:00"
      },
      "geometry": {
        "type": "Point",
        "coordinates": [
          -114.01597657687225,
          46.69800039218063
        ]
      }
    },
    {
      "type": "Feature",
      "properties": {
        "file": "leg10_m004_b348_2026-06-17T12-18-55.jpg",
        "leg": "leg10",
        "mark_index": 4,
        "along_track_m": 4.0,
        "achieved_heading": 351.4199210274162,
        "target_bearing": 348.29099805799405,
        "fix_type": 6,
        "hacc_m": 0.014,
        "corrupt": false,
        "position_interpolated": true,
        "captured_at_utc": "2026-06-17T18:18:55.660791+00:00"
      },
      "geometry": {
        "type": "Point",
        "coordinates": [
          -114.01597939999999,
          46.6980088
        ]
      }
    },
    {
      "type": "Feature",
      "properties": {
        "file": "leg10_m005_b348_2026-06-17T12-18-56.jpg",
        "leg": "leg10",
        "mark_index": 5,
        "along_track_m": 4.786,
        "achieved_heading": 355.6549078365902,
        "target_bearing": 348.29099805799405,
        "fix_type": 6,
        "hacc_m": 0.014,
        "corrupt": false,
        "position_interpolated": true,
        "captured_at_utc": "2026-06-17T18:18:56.418209+00:00"
      },
      "geometry": {
        "type": "Point",
        "coordinates": [
          -114.0159808,
          46.6980158
        ]
      }
    },
    {
      "type": "Feature",
      "properties": {
        "file": "leg11_m000_b258_2026-06-17T12-19-01.jpg",
        "leg": "leg11",
        "mark_index": 0,
        "along_track_m": 0.0,
        "achieved_heading": 258.87826823864873,
        "target_bearing": 258.2187023503624,
        "fix_type": 6,
        "hacc_m": 0.014,
        "corrupt": false,
        "position_interpolated": true,
        "captured_at_utc": "2026-06-17T18:19:01.755445+00:00"
      },
      "geometry": {
        "type": "Point",
        "coordinates": [
          -114.0159824,
          46.698018399999995
        ]
      }
    },
    {
      "type": "Feature",
      "properties": {
        "file": "leg11_m001_b258_2026-06-17T12-19-03.jpg",
        "leg": "leg11",
        "mark_index": 1,
        "along_track_m": 1.0,
        "achieved_heading": 258.3391149534307,
        "target_bearing": 258.2187023503624,
        "fix_type": 6,
        "hacc_m": 0.014,
        "corrupt": false,
        "position_interpolated": true,
        "captured_at_utc": "2026-06-17T18:19:03.155375+00:00"
      },
      "geometry": {
        "type": "Point",
        "coordinates": [
          -114.01599446222428,
          46.6980167734295
        ]
      }
    },
    {
      "type": "Feature",
      "properties": {
        "file": "leg11_m002_b258_2026-06-17T12-19-04.jpg",
        "leg": "leg11",
        "mark_index": 2,
        "along_track_m": 2.0,
        "achieved_heading": 254.58286094433248,
        "target_bearing": 258.2187023503624,
        "fix_type": 6,
        "hacc_m": 0.014,
        "corrupt": false,
        "position_interpolated": true,
        "captured_at_utc": "2026-06-17T18:19:04.273264+00:00"
      },
      "geometry": {
        "type": "Point",
        "coordinates": [
          -114.0160066,
          46.698015299999994
        ]
      }
    },
    {
      "type": "Feature",
      "properties": {
        "file": "leg11_m003_b258_2026-06-17T12-19-05.jpg",
        "leg": "leg11",
        "mark_index": 3,
        "along_track_m": 3.0,
        "achieved_heading": 253.07483602754814,
        "target_bearing": 258.2187023503624,
        "fix_type": 6,
        "hacc_m": 0.014,
        "corrupt": false,
        "position_interpolated": true,
        "captured_at_utc": "2026-06-17T18:19:05.178251+00:00"
      },
      "geometry": {
        "type": "Point",
        "coordinates": [
          -114.01601869999999,
          46.6980132
        ]
      }
    },
    {
      "type": "Feature",
      "properties": {
        "file": "leg11_m004_b258_2026-06-17T12-19-06.jpg",
        "leg": "leg11",
        "mark_index": 4,
        "along_track_m": 4.0,
        "achieved_heading": 254.72551578401573,
        "target_bearing": 258.2187023503624,
        "fix_type": 6,
        "hacc_m": 0.014,
        "corrupt": false,
        "position_interpolated": true,
        "captured_at_utc": "2026-06-17T18:19:06.305950+00:00"
      },
      "geometry": {
        "type": "Point",
        "coordinates": [
          -114.01603221739552,
          46.69801038387593
        ]
      }
    },
    {
      "type": "Feature",
      "properties": {
        "file": "leg11_m005_b258_2026-06-17T12-19-07.jpg",
        "leg": "leg11",
        "mark_index": 5,
        "along_track_m": 5.0,
        "achieved_heading": 258.2360654928151,
        "target_bearing": 258.2187023503624,
        "fix_type": 6,
        "hacc_m": 0.014,
        "corrupt": false,
        "position_interpolated": true,
        "captured_at_utc": "2026-06-17T18:19:07.352822+00:00"
      },
      "geometry": {
        "type": "Point",
        "coordinates": [
          -114.01604481275498,
          46.69800832674929
        ]
      }
    },
    {
      "type": "Feature",
      "properties": {
        "file": "leg11_m006_b258_2026-06-17T12-19-08.jpg",
        "leg": "leg11",
        "mark_index": 6,
        "along_track_m": 6.0,
        "achieved_heading": 258.3971755368249,
        "target_bearing": 258.2187023503624,
        "fix_type": 6,
        "hacc_m": 0.014,
        "corrupt": false,
        "position_interpolated": true,
        "captured_at_utc": "2026-06-17T18:19:08.466640+00:00"
      },
      "geometry": {
        "type": "Point",
        "coordinates": [
          -114.01605719999999,
          46.6980065
        ]
      }
    },
    {
      "type": "Feature",
      "properties": {
        "file": "leg11_m007_b258_2026-06-17T12-19-09.jpg",
        "leg": "leg11",
        "mark_index": 7,
        "along_track_m": 7.0,
        "achieved_heading": 258.06890398455903,
        "target_bearing": 258.2187023503624,
        "fix_type": 6,
        "hacc_m": 0.014,
        "corrupt": false,
        "position_interpolated": true,
        "captured_at_utc": "2026-06-17T18:19:09.387810+00:00"
      },
      "geometry": {
        "type": "Point",
        "coordinates": [
          -114.0160698,
          46.6980046
        ]
      }
    },
    {
      "type": "Feature",
      "properties": {
        "file": "leg11_m008_b258_2026-06-17T12-19-10.jpg",
        "leg": "leg11",
        "mark_index": 8,
        "along_track_m": 8.0,
        "achieved_heading": 258.2070278131528,
        "target_bearing": 258.2187023503624,
        "fix_type": 6,
        "hacc_m": 0.014,
        "corrupt": false,
        "position_interpolated": true,
        "captured_at_utc": "2026-06-17T18:19:10.426527+00:00"
      },
      "geometry": {
        "type": "Point",
        "coordinates": [
          -114.0160824,
          46.6980029
        ]
      }
    },
    {
      "type": "Feature",
      "properties": {
        "file": "leg11_m009_b258_2026-06-17T12-19-11.jpg",
        "leg": "leg11",
        "mark_index": 9,
        "along_track_m": 9.0,
        "achieved_heading": 257.419503752472,
        "target_bearing": 258.2187023503624,
        "fix_type": 6,
        "hacc_m": 0.014,
        "corrupt": false,
        "position_interpolated": true,
        "captured_at_utc": "2026-06-17T18:19:11.484413+00:00"
      },
      "geometry": {
        "type": "Point",
        "coordinates": [
          -114.01609642137649,
          46.69800108297104
        ]
      }
    },
    {
      "type": "Feature",
      "properties": {
        "file": "leg11_m010_b258_2026-06-17T12-19-12.jpg",
        "leg": "leg11",
        "mark_index": 10,
        "along_track_m": 10.0,
        "achieved_heading": 255.22800459305864,
        "target_bearing": 258.2187023503624,
        "fix_type": 6,
        "hacc_m": 0.014,
        "corrupt": false,
        "position_interpolated": true,
        "captured_at_utc": "2026-06-17T18:19:12.600567+00:00"
      },
      "geometry": {
        "type": "Point",
        "coordinates": [
          -114.01611,
          46.6979988
        ]
      }
    },
    {
      "type": "Feature",
      "properties": {
        "file": "leg11_m011_b258_2026-06-17T12-19-13.jpg",
        "leg": "leg11",
        "mark_index": 11,
        "along_track_m": 11.0,
        "achieved_heading": 255.53056148985132,
        "target_bearing": 258.2187023503624,
        "fix_type": 6,
        "hacc_m": 0.014,
        "corrupt": false,
        "position_interpolated": true,
        "captured_at_utc": "2026-06-17T18:19:13.508646+00:00"
      },
      "geometry": {
        "type": "Point",
        "coordinates": [
          -114.01612184667306,
          46.69799689039923
        ]
      }
    },
    {
      "type": "Feature",
      "properties": {
        "file": "leg11_m012_b258_2026-06-17T12-19-14.jpg",
        "leg": "leg11",
        "mark_index": 12,
        "along_track_m": 12.0,
        "achieved_heading": 258.0884276118435,
        "target_bearing": 258.2187023503624,
        "fix_type": 6,
        "hacc_m": 0.014,
        "corrupt": false,
        "position_interpolated": true,
        "captured_at_utc": "2026-06-17T18:19:14.565223+00:00"
      },
      "geometry": {
        "type": "Point",
        "coordinates": [
          -114.01613472465773,
          46.69799490941778
        ]
      }
    },
    {
      "type": "Feature",
      "properties": {
        "file": "leg11_m013_b258_2026-06-17T12-19-15.jpg",
        "leg": "leg11",
        "mark_index": 13,
        "along_track_m": 13.0,
        "achieved_heading": 258.45440357494374,
        "target_bearing": 258.2187023503624,
        "fix_type": 6,
        "hacc_m": 0.014,
        "corrupt": false,
        "position_interpolated": true,
        "captured_at_utc": "2026-06-17T18:19:15.691678+00:00"
      },
      "geometry": {
        "type": "Point",
        "coordinates": [
          -114.0161469,
          46.6979933
        ]
      }
    },
    {
      "type": "Feature",
      "properties": {
        "file": "leg11_m014_b258_2026-06-17T12-19-16.jpg",
        "leg": "leg11",
        "mark_index": 14,
        "along_track_m": 14.0,
        "achieved_heading": 257.1032881937421,
        "target_bearing": 258.2187023503624,
        "fix_type": 6,
        "hacc_m": 0.014,
        "corrupt": false,
        "position_interpolated": true,
        "captured_at_utc": "2026-06-17T18:19:16.585456+00:00"
      },
      "geometry": {
        "type": "Point",
        "coordinates": [
          -114.0161598,
          46.6979918
        ]
      }
    },
    {
      "type": "Feature",
      "properties": {
        "file": "leg11_m015_b258_2026-06-17T12-19-17.jpg",
        "leg": "leg11",
        "mark_index": 15,
        "along_track_m": 15.0,
        "achieved_heading": 255.41650261362938,
        "target_bearing": 258.2187023503624,
        "fix_type": 6,
        "hacc_m": 0.014,
        "corrupt": false,
        "position_interpolated": true,
        "captured_at_utc": "2026-06-17T18:19:17.640446+00:00"
      },
      "geometry": {
        "type": "Point",
        "coordinates": [
          -114.0161725,
          46.697989899999996
        ]
      }
    },
    {
      "type": "Feature",
      "properties": {
        "file": "leg11_m016_b258_2026-06-17T12-19-18.jpg",
        "leg": "leg11",
        "mark_index": 16,
        "along_track_m": 16.0,
        "achieved_heading": 256.01605569191327,
        "target_bearing": 258.2187023503624,
        "fix_type": 6,
        "hacc_m": 0.014,
        "corrupt": false,
        "position_interpolated": true,
        "captured_at_utc": "2026-06-17T18:19:18.752403+00:00"
      },
      "geometry": {
        "type": "Point",
        "coordinates": [
          -114.01618658372217,
          46.697987334604456
        ]
      }
    },
    {
      "type": "Feature",
      "properties": {
        "file": "leg11_m017_b258_2026-06-17T12-19-19.jpg",
        "leg": "leg11",
        "mark_index": 17,
        "along_track_m": 17.0,
        "achieved_heading": 258.23277541335676,
        "target_bearing": 258.2187023503624,
        "fix_type": 6,
        "hacc_m": 0.014,
        "corrupt": false,
        "position_interpolated": true,
        "captured_at_utc": "2026-06-17T18:19:19.748267+00:00"
      },
      "geometry": {
        "type": "Point",
        "coordinates": [
          -114.0161989050962,
          46.69798523538845
        ]
      }
    },
    {
      "type": "Feature",
      "properties": {
        "file": "leg11_m018_b258_2026-06-17T12-19-20.jpg",
        "leg": "leg11",
        "mark_index": 18,
        "along_track_m": 18.0,
        "achieved_heading": 257.8453337200155,
        "target_bearing": 258.2187023503624,
        "fix_type": 6,
        "hacc_m": 0.014,
        "corrupt": false,
        "position_interpolated": true,
        "captured_at_utc": "2026-06-17T18:19:20.808404+00:00"
      },
      "geometry": {
        "type": "Point",
        "coordinates": [
          -114.0162119,
          46.6979836
        ]
      }
    },
    {
      "type": "Feature",
      "properties": {
        "file": "leg11_m019_b258_2026-06-17T12-19-21.jpg",
        "leg": "leg11",
        "mark_index": 19,
        "along_track_m": 19.0,
        "achieved_heading": 258.7493996612218,
        "target_bearing": 258.2187023503624,
        "fix_type": 6,
        "hacc_m": 0.014,
        "corrupt": false,
        "position_interpolated": true,
        "captured_at_utc": "2026-06-17T18:19:21.706349+00:00"
      },
      "geometry": {
        "type": "Point",
        "coordinates": [
          -114.0162236023156,
          46.69798195340085
        ]
      }
    },
    {
      "type": "Feature",
      "properties": {
        "file": "leg11_m020_b258_2026-06-17T12-19-22.jpg",
        "leg": "leg11",
        "mark_index": 20,
        "along_track_m": 20.0,
        "achieved_heading": 257.9334503688688,
        "target_bearing": 258.2187023503624,
        "fix_type": 6,
        "hacc_m": 0.014,
        "corrupt": false,
        "position_interpolated": true,
        "captured_at_utc": "2026-06-17T18:19:22.824545+00:00"
      },
      "geometry": {
        "type": "Point",
        "coordinates": [
          -114.0162368,
          46.6979799
        ]
      }
    },
    {
      "type": "Feature",
      "properties": {
        "file": "leg11_m021_b258_2026-06-17T12-19-23.jpg",
        "leg": "leg11",
        "mark_index": 21,
        "along_track_m": 21.0,
        "achieved_heading": 259.07640235391983,
        "target_bearing": 258.2187023503624,
        "fix_type": 6,
        "hacc_m": 0.014,
        "corrupt": false,
        "position_interpolated": true,
        "captured_at_utc": "2026-06-17T18:19:23.875818+00:00"
      },
      "geometry": {
        "type": "Point",
        "coordinates": [
          -114.01624919999999,
          46.6979781
        ]
      }
    },
    {
      "type": "Feature",
      "properties": {
        "file": "leg11_m022_b258_2026-06-17T12-19-24.jpg",
        "leg": "leg11",
        "mark_index": 22,
        "along_track_m": 22.0,
        "achieved_heading": 259.4840305733118,
        "target_bearing": 258.2187023503624,
        "fix_type": 6,
        "hacc_m": 0.014,
        "corrupt": false,
        "position_interpolated": true,
        "captured_at_utc": "2026-06-17T18:19:24.786635+00:00"
      },
      "geometry": {
        "type": "Point",
        "coordinates": [
          -114.016262,
          46.697976499999996
        ]
      }
    },
    {
      "type": "Feature",
      "properties": {
        "file": "leg11_m023_b258_2026-06-17T12-19-26.jpg",
        "leg": "leg11",
        "mark_index": 23,
        "along_track_m": 23.0,
        "achieved_heading": 257.36414461471236,
        "target_bearing": 258.2187023503624,
        "fix_type": 6,
        "hacc_m": 0.014,
        "corrupt": false,
        "position_interpolated": true,
        "captured_at_utc": "2026-06-17T18:19:25.901200+00:00"
      },
      "geometry": {
        "type": "Point",
        "coordinates": [
          -114.01627623140888,
          46.69797456703675
        ]
      }
    },
    {
      "type": "Feature",
      "properties": {
        "file": "leg11_m024_b258_2026-06-17T12-19-26.jpg",
        "leg": "leg11",
        "mark_index": 24,
        "along_track_m": 24.0,
        "achieved_heading": 258.00815727339887,
        "target_bearing": 258.2187023503624,
        "fix_type": 6,
        "hacc_m": 0.014,
        "corrupt": false,
        "position_interpolated": true,
        "captured_at_utc": "2026-06-17T18:19:26.821294+00:00"
      },
      "geometry": {
        "type": "Point",
        "coordinates": [
          -114.01628787681348,
          46.69797283079663
        ]
      }
    },
    {
      "type": "Feature",
      "properties": {
        "file": "leg11_m025_b258_2026-06-17T12-19-28.jpg",
        "leg": "leg11",
        "mark_index": 25,
        "along_track_m": 25.0,
        "achieved_heading": 258.58595272553333,
        "target_bearing": 258.2187023503624,
        "fix_type": 6,
        "hacc_m": 0.014,
        "corrupt": false,
        "position_interpolated": true,
        "captured_at_utc": "2026-06-17T18:19:27.867210+00:00"
      },
      "geometry": {
        "type": "Point",
        "coordinates": [
          -114.01630108570572,
          46.697970852748895
        ]
      }
    },
    {
      "type": "Feature",
      "properties": {
        "file": "leg11_m026_b258_2026-06-17T12-19-29.jpg",
        "leg": "leg11",
        "mark_index": 26,
        "along_track_m": 26.0,
        "achieved_heading": 259.18994477709373,
        "target_bearing": 258.2187023503624,
        "fix_type": 6,
        "hacc_m": 0.014,
        "corrupt": false,
        "position_interpolated": true,
        "captured_at_utc": "2026-06-17T18:19:28.929669+00:00"
      },
      "geometry": {
        "type": "Point",
        "coordinates": [
          -114.01631426978172,
          46.69796890196505
        ]
      }
    },
    {
      "type": "Feature",
      "properties": {
        "file": "leg11_m028_b258_2026-06-17T12-19-35.jpg",
        "leg": "leg11",
        "mark_index": 28,
        "along_track_m": 28.0,
        "achieved_heading": 259.17959017496594,
        "target_bearing": 258.2187023503624,
        "fix_type": 6,
        "hacc_m": 0.014,
        "corrupt": false,
        "position_interpolated": true,
        "captured_at_utc": "2026-06-17T18:19:33.897892+00:00"
      },
      "geometry": {
        "type": "Point",
        "coordinates": [
          -114.01634179999999,
          46.697965499999995
        ]
      }
    },
    {
      "type": "Feature",
      "properties": {
        "file": "leg11_m029_b258_2026-06-17T12-19-36.jpg",
        "leg": "leg11",
        "mark_index": 29,
        "along_track_m": 29.0,
        "achieved_heading": 258.38052149854474,
        "target_bearing": 258.2187023503624,
        "fix_type": 6,
        "hacc_m": 0.014,
        "corrupt": false,
        "position_interpolated": true,
        "captured_at_utc": "2026-06-17T18:19:36.206238+00:00"
      },
      "geometry": {
        "type": "Point",
        "coordinates": [
          -114.01635209999999,
          46.6979639
        ]
      }
    },
    {
      "type": "Feature",
      "properties": {
        "file": "leg11_m030_b258_2026-06-17T12-19-37.jpg",
        "leg": "leg11",
        "mark_index": 30,
        "along_track_m": 30.0,
        "achieved_heading": 259.4898074379192,
        "target_bearing": 258.2187023503624,
        "fix_type": 6,
        "hacc_m": 0.014,
        "corrupt": false,
        "position_interpolated": true,
        "captured_at_utc": "2026-06-17T18:19:37.319333+00:00"
      },
      "geometry": {
        "type": "Point",
        "coordinates": [
          -114.01636589390642,
          46.697961584731225
        ]
      }
    },
    {
      "type": "Feature",
      "properties": {
        "file": "leg11_m031_b258_2026-06-17T12-19-38.jpg",
        "leg": "leg11",
        "mark_index": 31,
        "along_track_m": 31.0,
        "achieved_heading": 259.8565415619188,
        "target_bearing": 258.2187023503624,
        "fix_type": 6,
        "hacc_m": 0.014,
        "corrupt": false,
        "position_interpolated": true,
        "captured_at_utc": "2026-06-17T18:19:38.369855+00:00"
      },
      "geometry": {
        "type": "Point",
        "coordinates": [
          -114.016379,
          46.697959999999995
        ]
      }
    },
    {
      "type": "Feature",
      "properties": {
        "file": "leg11_m032_b258_2026-06-17T12-19-39.jpg",
        "leg": "leg11",
        "mark_index": 32,
        "along_track_m": 32.0,
        "achieved_heading": 259.21118659034386,
        "target_bearing": 258.2187023503624,
        "fix_type": 6,
        "hacc_m": 0.014,
        "corrupt": false,
        "position_interpolated": true,
        "captured_at_utc": "2026-06-17T18:19:39.419137+00:00"
      },
      "geometry": {
        "type": "Point",
        "coordinates": [
          -114.0163913,
          46.697958199999995
        ]
      }
    },
    {
      "type": "Feature",
      "properties": {
        "file": "leg11_m033_b258_2026-06-17T12-19-40.jpg",
        "leg": "leg11",
        "mark_index": 33,
        "along_track_m": 33.0,
        "achieved_heading": 258.6560950642246,
        "target_bearing": 258.2187023503624,
        "fix_type": 6,
        "hacc_m": 0.014,
        "corrupt": false,
        "position_interpolated": true,
        "captured_at_utc": "2026-06-17T18:19:39.998129+00:00"
      },
      "geometry": {
        "type": "Point",
        "coordinates": [
          -114.01639906516648,
          46.697956943820536
        ]
      }
    },
    {
      "type": "Feature",
      "properties": {
        "file": "leg11_m034_b258_2026-06-17T12-19-41.jpg",
        "leg": "leg11",
        "mark_index": 34,
        "along_track_m": 34.0,
        "achieved_heading": 257.84392228538997,
        "target_bearing": 258.2187023503624,
        "fix_type": 6,
        "hacc_m": 0.014,
        "corrupt": false,
        "position_interpolated": true,
        "captured_at_utc": "2026-06-17T18:19:41.463253+00:00"
      },
      "geometry": {
        "type": "Point",
        "coordinates": [
          -114.0164162,
          46.6979542
        ]
      }
    },
    {
      "type": "Feature",
      "properties": {
        "file": "leg11_m035_b258_2026-06-17T12-19-42.jpg",
        "leg": "leg11",
        "mark_index": 35,
        "along_track_m": 35.0,
        "achieved_heading": 260.39310985195453,
        "target_bearing": 258.2187023503624,
        "fix_type": 6,
        "hacc_m": 0.014,
        "corrupt": false,
        "position_interpolated": true,
        "captured_at_utc": "2026-06-17T18:19:42.566366+00:00"
      },
      "geometry": {
        "type": "Point",
        "coordinates": [
          -114.01643015187996,
          46.69795201908616
        ]
      }
    },
    {
      "type": "Feature",
      "properties": {
        "file": "leg11_m036_b258_2026-06-17T12-19-43.jpg",
        "leg": "leg11",
        "mark_index": 36,
        "along_track_m": 36.0,
        "achieved_heading": 260.3912005138083,
        "target_bearing": 258.2187023503624,
        "fix_type": 6,
        "hacc_m": 0.014,
        "corrupt": false,
        "position_interpolated": true,
        "captured_at_utc": "2026-06-17T18:19:43.561751+00:00"
      },
      "geometry": {
        "type": "Point",
        "coordinates": [
          -114.01644266145605,
          46.69795041539377
        ]
      }
    },
    {
      "type": "Feature",
      "properties": {
        "file": "leg11_m037_b258_2026-06-17T12-19-44.jpg",
        "leg": "leg11",
        "mark_index": 37,
        "along_track_m": 37.0,
        "achieved_heading": 259.4771379842092,
        "target_bearing": 258.2187023503624,
        "fix_type": 6,
        "hacc_m": 0.014,
        "corrupt": false,
        "position_interpolated": true,
        "captured_at_utc": "2026-06-17T18:19:44.681385+00:00"
      },
      "geometry": {
        "type": "Point",
        "coordinates": [
          -114.0164551,
          46.6979488
        ]
      }
    },
    {
      "type": "Feature",
      "properties": {
        "file": "leg11_m038_b258_2026-06-17T12-19-45.jpg",
        "leg": "leg11",
        "mark_index": 38,
        "along_track_m": 38.0,
        "achieved_heading": 260.99574057070083,
        "target_bearing": 258.2187023503624,
        "fix_type": 6,
        "hacc_m": 0.014,
        "corrupt": false,
        "position_interpolated": true,
        "captured_at_utc": "2026-06-17T18:19:45.788368+00:00"
      },
      "geometry": {
        "type": "Point",
        "coordinates": [
          -114.01646869999999,
          46.697946599999995
        ]
      }
    },
    {
      "type": "Feature",
      "properties": {
        "file": "leg11_m039_b258_2026-06-17T12-19-46.jpg",
        "leg": "leg11",
        "mark_index": 39,
        "along_track_m": 39.0,
        "achieved_heading": 260.62012691614365,
        "target_bearing": 258.2187023503624,
        "fix_type": 6,
        "hacc_m": 0.014,
        "corrupt": false,
        "position_interpolated": true,
        "captured_at_utc": "2026-06-17T18:19:46.709311+00:00"
      },
      "geometry": {
        "type": "Point",
        "coordinates": [
          -114.01648046591777,
          46.69794536416017
        ]
      }
    },
    {
      "type": "Feature",
      "properties": {
        "file": "leg11_m040_b258_2026-06-17T12-19-47.jpg",
        "leg": "leg11",
        "mark_index": 40,
        "along_track_m": 40.0,
        "achieved_heading": 259.72557392445106,
        "target_bearing": 258.2187023503624,
        "fix_type": 6,
        "hacc_m": 0.014,
        "corrupt": false,
        "position_interpolated": true,
        "captured_at_utc": "2026-06-17T18:19:47.689600+00:00"
      },
      "geometry": {
        "type": "Point",
        "coordinates": [
          -114.01649287102893,
          46.69794362117014
        ]
      }
    },
    {
      "type": "Feature",
      "properties": {
        "file": "leg11_m042_b258_2026-06-17T12-19-54.jpg",
        "leg": "leg11",
        "mark_index": 42,
        "along_track_m": 42.0,
        "achieved_heading": 258.71733503350015,
        "target_bearing": 258.2187023503624,
        "fix_type": 6,
        "hacc_m": 0.014,
        "corrupt": false,
        "position_interpolated": true,
        "captured_at_utc": "2026-06-17T18:19:53.076020+00:00"
      },
      "geometry": {
        "type": "Point",
        "coordinates": [
          -114.0165215,
          46.697939399999996
        ]
      }
    },
    {
      "type": "Feature",
      "properties": {
        "file": "leg11_m043_b258_2026-06-17T12-19-55.jpg",
        "leg": "leg11",
        "mark_index": 43,
        "along_track_m": 43.0,
        "achieved_heading": 258.2498209930066,
        "target_bearing": 258.2187023503624,
        "fix_type": 6,
        "hacc_m": 0.014,
        "corrupt": false,
        "position_interpolated": true,
        "captured_at_utc": "2026-06-17T18:19:55.114736+00:00"
      },
      "geometry": {
        "type": "Point",
        "coordinates": [
          -114.01653222577521,
          46.69793769066707
        ]
      }
    },
    {
      "type": "Feature",
      "properties": {
        "file": "leg11_m044_b258_2026-06-17T12-19-56.jpg",
        "leg": "leg11",
        "mark_index": 44,
        "along_track_m": 44.0,
        "achieved_heading": 260.53667301634346,
        "target_bearing": 258.2187023503624,
        "fix_type": 6,
        "hacc_m": 0.014,
        "corrupt": false,
        "position_interpolated": true,
        "captured_at_utc": "2026-06-17T18:19:56.291420+00:00"
      },
      "geometry": {
        "type": "Point",
        "coordinates": [
          -114.01654428024248,
          46.69793567227038
        ]
      }
    },
    {
      "type": "Feature",
      "properties": {
        "file": "leg11_m045_b258_2026-06-17T12-19-57.jpg",
        "leg": "leg11",
        "mark_index": 45,
        "along_track_m": 45.0,
        "achieved_heading": 261.1684723920538,
        "target_bearing": 258.2187023503624,
        "fix_type": 6,
        "hacc_m": 0.014,
        "corrupt": false,
        "position_interpolated": true,
        "captured_at_utc": "2026-06-17T18:19:57.407582+00:00"
      },
      "geometry": {
        "type": "Point",
        "coordinates": [
          -114.0165579,
          46.6979338
        ]
      }
    },
    {
      "type": "Feature",
      "properties": {
        "file": "leg11_m046_b258_2026-06-17T12-19-58.jpg",
        "leg": "leg11",
        "mark_index": 46,
        "along_track_m": 46.0,
        "achieved_heading": 260.39784909176865,
        "target_bearing": 258.2187023503624,
        "fix_type": 6,
        "hacc_m": 0.014,
        "corrupt": false,
        "position_interpolated": true,
        "captured_at_utc": "2026-06-17T18:19:58.467479+00:00"
      },
      "geometry": {
        "type": "Point",
        "coordinates": [
          -114.0165703,
          46.6979323
        ]
      }
    },
    {
      "type": "Feature",
      "properties": {
        "file": "leg11_m047_b258_2026-06-17T12-19-59.jpg",
        "leg": "leg11",
        "mark_index": 47,
        "along_track_m": 47.0,
        "achieved_heading": 259.0962878507213,
        "target_bearing": 258.2187023503624,
        "fix_type": 6,
        "hacc_m": 0.014,
        "corrupt": false,
        "position_interpolated": true,
        "captured_at_utc": "2026-06-17T18:19:59.451877+00:00"
      },
      "geometry": {
        "type": "Point",
        "coordinates": [
          -114.01658379346306,
          46.697930541045906
        ]
      }
    },
    {
      "type": "Feature",
      "properties": {
        "file": "leg11_m048_b258_2026-06-17T12-20-00.jpg",
        "leg": "leg11",
        "mark_index": 48,
        "along_track_m": 48.0,
        "achieved_heading": 258.56345875393237,
        "target_bearing": 258.2187023503624,
        "fix_type": 6,
        "hacc_m": 0.014,
        "corrupt": false,
        "position_interpolated": true,
        "captured_at_utc": "2026-06-17T18:20:00.569226+00:00"
      },
      "geometry": {
        "type": "Point",
        "coordinates": [
          -114.01659783743176,
          46.69792871203235
        ]
      }
    },
    {
      "type": "Feature",
      "properties": {
        "file": "leg11_m049_b258_2026-06-17T12-20-01.jpg",
        "leg": "leg11",
        "mark_index": 49,
        "along_track_m": 49.0,
        "achieved_heading": 259.226669039938,
        "target_bearing": 258.2187023503624,
        "fix_type": 6,
        "hacc_m": 0.014,
        "corrupt": false,
        "position_interpolated": true,
        "captured_at_utc": "2026-06-17T18:20:01.558002+00:00"
      },
      "geometry": {
        "type": "Point",
        "coordinates": [
          -114.01661005804759,
          46.69792682271238
        ]
      }
    },
    {
      "type": "Feature",
      "properties": {
        "file": "leg11_m050_b258_2026-06-17T12-20-02.jpg",
        "leg": "leg11",
        "mark_index": 50,
        "along_track_m": 50.0,
        "achieved_heading": 260.4675162849487,
        "target_bearing": 258.2187023503624,
        "fix_type": 6,
        "hacc_m": 0.014,
        "corrupt": false,
        "position_interpolated": true,
        "captured_at_utc": "2026-06-17T18:20:02.601469+00:00"
      },
      "geometry": {
        "type": "Point",
        "coordinates": [
          -114.0166227,
          46.697925
        ]
      }
    },
    {
      "type": "Feature",
      "properties": {
        "file": "leg11_m051_b258_2026-06-17T12-20-03.jpg",
        "leg": "leg11",
        "mark_index": 51,
        "along_track_m": 51.0,
        "achieved_heading": 264.2803798602041,
        "target_bearing": 258.2187023503624,
        "fix_type": 6,
        "hacc_m": 0.014,
        "corrupt": false,
        "position_interpolated": true,
        "captured_at_utc": "2026-06-17T18:20:03.503191+00:00"
      },
      "geometry": {
        "type": "Point",
        "coordinates": [
          -114.01663432523561,
          46.6979237645637
        ]
      }
    }
  ]
}