2026-06-17 11:28:13,027 [INFO] go2_survey.cli: go2-survey v0.34.0 | git 62b70f8 | run dir: /media/mpg-robodog/KINGSTON1/multimodal_survey/missions/site_2/strip_3/runs/strip_3_2026-06-17_11-28-13
2026-06-17 11:28:13,028 [INFO] go2_survey.cli: Logging to: /media/mpg-robodog/KINGSTON1/multimodal_survey/missions/site_2/strip_3/runs/strip_3_2026-06-17_11-28-13/main.log (+ imu.log, gps.log)
2026-06-17 11:28:13,028 [INFO] go2_survey.cli: Mission dir: /media/mpg-robodog/KINGSTON1/multimodal_survey/missions/site_2/strip_3
2026-06-17 11:28:13,030 [INFO] go2_survey.mission_runner: ============================================================
2026-06-17 11:28:13,031 [INFO] go2_survey.mission_runner: ================= MISSION: site_2_strip_3 ==================
2026-06-17 11:28:13,031 [INFO] go2_survey.mission_runner: ============================================================
2026-06-17 11:28:13,031 [INFO] go2_survey.mission_runner: Lawnmower line survey of site 2, strip 3: the strip polygon boxified to a 51 m × 35 m grid (7 legs), then hand-reduced to 6 legs during field planning to clear a sagebrush at the east edge — 6 identical 50.7 m legs at exact 5 m spacing along the strip axis (auto bearing 80.2°), starting at the southern corner, walked at 1 m/s, capturing a clean frame every 1 m of along-track travel (~300 frames over ~304 m of survey legs), steered by cross_track (GPS-course pure pursuit). Waypoints generated from seed_poly.geojson (QGIS polygon, EPSG:6514), then hand-edited.
2026-06-17 11:28:13,031 [INFO] go2_survey.mission_runner: ------------------------------------------------------------
2026-06-17 11:28:13,031 [INFO] go2_survey.mission_runner: ------------------------ MODE: nav -------------------------
2026-06-17 11:28:13,031 [INFO] go2_survey.mission_runner: ------------------------------------------------------------
2026-06-17 11:28:13,032 [INFO] go2_survey.waypoints: Loaded 12 waypoints from /media/mpg-robodog/KINGSTON1/multimodal_survey/missions/site_2/strip_3/waypoints.geojson
2026-06-17 11:28:13,032 [INFO] go2_survey.mission_runner: Loaded 12 waypoint(s):
2026-06-17 11:28:13,032 [INFO] go2_survey.mission_runner:   1. wp_001: (46.69712492, -114.01579520)
2026-06-17 11:28:13,032 [INFO] go2_survey.mission_runner:   2. wp_002: (46.69756909, -114.01594579)
2026-06-17 11:28:13,032 [INFO] go2_survey.mission_runner:   3. wp_003: (46.69757931, -114.01588209)
2026-06-17 11:28:13,033 [INFO] go2_survey.mission_runner:   4. wp_004: (46.69713514, -114.01573150)
2026-06-17 11:28:13,033 [INFO] go2_survey.mission_runner:   5. wp_005: (46.69714536, -114.01566780)
2026-06-17 11:28:13,033 [INFO] go2_survey.mission_runner:   6. wp_006: (46.69758953, -114.01581839)
2026-06-17 11:28:13,033 [INFO] go2_survey.mission_runner:   7. wp_007: (46.69759976, -114.01575468)
2026-06-17 11:28:13,033 [INFO] go2_survey.mission_runner:   8. wp_008: (46.69715559, -114.01560410)
2026-06-17 11:28:13,033 [INFO] go2_survey.mission_runner:   9. wp_009: (46.69716581, -114.01554040)
2026-06-17 11:28:13,033 [INFO] go2_survey.mission_runner:   10. wp_010: (46.69760998, -114.01569098)
2026-06-17 11:28:13,033 [INFO] go2_survey.mission_runner:   11. wp_011: (46.69762020, -114.01562728)
2026-06-17 11:28:13,033 [INFO] go2_survey.mission_runner:   12. wp_012: (46.69717603, -114.01547670)
2026-06-17 11:28:13,033 [INFO] go2_survey.mission_runner: GPS: /dev/ttyACM0 @ 38400 | NTRIP: caster.emlid.com:2101 mountpoints=['MP22385', 'MP22385a'] | Robot: LocalSTA
2026-06-17 11:28:13,034 [INFO] go2_survey.mission_runner: Nav: tol=0.25m vmax=1.0m/s rot=0.8rad/s minFix=4 maxHacc=0.1m
2026-06-17 11:28:13,034 [INFO] go2_survey.mission_runner: ------------------------------------------------------------
2026-06-17 11:28:13,034 [INFO] go2_survey.mission_runner:  AUTO-DISCOVERING ROBOT IP (up to 4 attempts, 10s between) -
2026-06-17 11:28:13,034 [INFO] go2_survey.mission_runner: ------------------------------------------------------------
2026-06-17 11:28:13,034 [INFO] go2_survey.mission_runner: robot.ip not set in mission.toml and ROBOT_IP env var not set; scanning local network for a Go2 (nmap ports 8081/9991)...
2026-06-17 11:28:13,034 [INFO] go2_survey.mission_runner: Discovery attempt 1/4: scanning for Go2 on ports 8081/9991...
2026-06-17 11:28:13,042 [INFO] go2_survey.discovery: Scanning 10.255.106.241/24 for Go2 ports 8081/9991...
2026-06-17 11:28:17,756 [INFO] go2_survey.mission_runner: Discovery attempt 1: found Go2 at 10.255.106.5
2026-06-17 11:28:17,757 [INFO] go2_survey.mission_runner: ------------------------------------------------------------
2026-06-17 11:28:17,757 [INFO] go2_survey.mission_runner: ------------ ROBOT IP DISCOVERED | 10.255.106.5 ------------
2026-06-17 11:28:17,758 [INFO] go2_survey.mission_runner: ------------------------------------------------------------
2026-06-17 11:28:17,758 [INFO] go2_survey.mission_runner: ------------------------------------------------------------
2026-06-17 11:28:17,758 [INFO] go2_survey.mission_runner: ----------------------- PHASE 1: GPS -----------------------
2026-06-17 11:28:17,758 [INFO] go2_survey.mission_runner: ------------------------------------------------------------
2026-06-17 11:28:17,760 [INFO] go2_survey.gps: Connected to GPS on /dev/ttyACM0 @ 38400 baud
2026-06-17 11:28:17,762 [INFO] go2_survey.gps: NTRIP: trying primary mountpoint MP22385 (1/2, attempt 1/3)
2026-06-17 11:28:17,762 [INFO] go2_survey.ntrip: Connecting to NTRIP caster at caster.emlid.com:2101
2026-06-17 11:28:18,234 [INFO] go2_survey.ntrip: Connected to NTRIP mountpoint: MP22385
2026-06-17 11:28:18,235 [INFO] go2_survey.gps: NTRIP: connected via primary mountpoint MP22385 (took 0s, 1 attempt(s))
2026-06-17 11:28:18,237 [INFO] go2_survey.ntrip: Started RTCM correction stream
2026-06-17 11:28:18,237 [INFO] go2_survey.gps: Waiting for GPS fix (min type 4, NTRIP state=connected)...
2026-06-17 11:28:18,238 [WARNING] go2_survey.gps: wait_for_fix: RTCM stalled (state=connected, rtcm_age=∞, alive=True) — firing reconnect_ntrip_async()
2026-06-17 11:28:18,240 [WARNING] go2_survey.gps: Receiver reports type 6 (RTK Fixed) but NTRIP stream died (worker exited) — treating as coasting; will not accept this fix
2026-06-17 11:28:18,241 [INFO] go2_survey.ntrip: RTCM correction worker stopped
2026-06-17 11:28:18,241 [WARNING] go2_survey.gps: !!!!!!!!!!!!!!!!!!!!!!!!!!!!!!!!!!!!!!!!!!!!!!!!!!!!!!!!!!!!
2026-06-17 11:28:18,242 [WARNING] go2_survey.gps:  RTK FLOAT SUSPECT | NTRIP stream died (worker exited) | NTRIP state=reconnecting 
2026-06-17 11:28:18,242 [INFO] go2_survey.ntrip: Disconnected from NTRIP. Forwarded 0 messages.
2026-06-17 11:28:18,242 [WARNING] go2_survey.gps: !!!!!!!!!!!!!!!!!!!!!!!!!!!!!!!!!!!!!!!!!!!!!!!!!!!!!!!!!!!!
2026-06-17 11:28:18,242 [INFO] go2_survey.gps: NTRIP reconnect: starting retry loop
2026-06-17 11:28:18,243 [INFO] go2_survey.gps: NTRIP: trying primary mountpoint MP22385 (1/2, attempt 1/3)
2026-06-17 11:28:18,244 [INFO] go2_survey.ntrip: Connecting to NTRIP caster at caster.emlid.com:2101
2026-06-17 11:28:18,749 [INFO] go2_survey.ntrip: Connected to NTRIP mountpoint: MP22385
2026-06-17 11:28:18,750 [INFO] go2_survey.gps: NTRIP: connected via primary mountpoint MP22385 (took 1s, 1 attempt(s))
2026-06-17 11:28:18,751 [INFO] go2_survey.ntrip: Started RTCM correction stream
2026-06-17 11:28:18,751 [INFO] go2_survey.gps: NTRIP reconnect: stream restored
2026-06-17 11:28:21,252 [INFO] go2_survey.gps: RTK Fixed achieved! Lat: 46.69714170, Lon: -114.01565100, h: 1190.62m, hMSL: 1208.34m hAcc: 0.014m pDOP: 1.01
2026-06-17 11:28:21,252 [INFO] go2_survey.gps: ============================================================
2026-06-17 11:28:21,252 [INFO] go2_survey.gps:  GPS RTK Fixed ACHIEVED | hAcc: 0.014m pDOP: 1.01 | rtcm_age=0.8s msgs=4 
2026-06-17 11:28:21,253 [INFO] go2_survey.gps: ============================================================
2026-06-17 11:28:21,253 [INFO] go2_survey.mission_runner: Start position: (46.69714170, -114.01565100) hAcc: 0.014m
2026-06-17 11:28:21,253 [INFO] go2_survey.mission_runner: ------------------------------------------------------------
2026-06-17 11:28:21,253 [INFO] go2_survey.mission_runner: ------------- PHASE 2: GPS STABILIZATION (60s) -------------
2026-06-17 11:28:21,253 [INFO] go2_survey.mission_runner: ------------------------------------------------------------
2026-06-17 11:28:21,254 [INFO] go2_survey.gps: ------------------------------------------------------------
2026-06-17 11:28:21,254 [INFO] go2_survey.gps:  DWELL: 60s — robot stationary, RTK soaking (early-exit on 3s trusted Fixed) 
2026-06-17 11:28:21,254 [INFO] go2_survey.gps: ------------------------------------------------------------
2026-06-17 11:28:24,265 [INFO] go2_survey.gps: ============================================================
2026-06-17 11:28:24,265 [INFO] go2_survey.gps:  DWELL EARLY EXIT | best=RTK Fixed min_hAcc=0.014m | mean hAcc=0.014m sats=30.0 | TTFloat=0s TTFixed=0s | early@3s/60s (held trusted Fixed 3s) 
2026-06-17 11:28:24,266 [INFO] go2_survey.gps: ============================================================
2026-06-17 11:28:24,266 [INFO] go2_survey.mission_runner: ------------------------------------------------------------
2026-06-17 11:28:24,266 [INFO] go2_survey.mission_runner: ---------------------- PHASE 3: ROBOT ----------------------
2026-06-17 11:28:24,266 [INFO] go2_survey.mission_runner: ------------------------------------------------------------
2026-06-17 11:28:24,267 [INFO] go2_survey.robot: Connecting via LocalSTA (IP: 10.255.106.5)
2026-06-17 11:28:24,365 [INFO] root: Creating offer...
2026-06-17 11:28:24,941 [INFO] root: Track received: audio
2026-06-17 11:28:24,942 [INFO] root: Track received: video
2026-06-17 11:28:25,165 [INFO] root: Received message on data channel: {"type":"validation","data":"hHSPwdreJGlpjFiDu0S"}
2026-06-17 11:28:25,167 [INFO] root: Data channel opened
2026-06-17 11:28:25,168 [INFO] root: > message sent: {"type": "validation", "topic": "", "data": "GpZbcX6Gydc0W+t6lu9Hjw=="}
2026-06-17 11:28:25,175 [INFO] root: Received message on data channel: {"type":"validation", "data":"Validation Ok."}
2026-06-17 11:28:25,175 [INFO] root: Validation succeed
2026-06-17 11:28:25,176 [INFO] root: Received message on data channel: {"type":"errors","data":[]}
2026-06-17 11:28:25,244 [INFO] go2_survey.robot: WebRTC connected
2026-06-17 11:28:25,244 [INFO] root: > message sent: {"type": "req", "topic": "rt/api/motion_switcher/request", "data": {"header": {"identity": {"id": 1453361098, "api_id": 1001}}, "parameter": ""}}
2026-06-17 11:28:25,268 [INFO] root: Received message on data channel: {"type":"res","topic":"rt/api/motion_switcher/response","data":{"header":{"identity":{"api_id":1001,"id":1453361098},"status":{"code":0}},"data":"{\"form\":\"0\",\"name\":\"mcf\"}"}}
2026-06-17 11:28:25,269 [INFO] go2_survey.robot: Robot API ready
2026-06-17 11:28:25,270 [INFO] go2_survey.robot: Subscribed to sport mode state (IMU)
2026-06-17 11:28:25,271 [INFO] go2_survey.robot: Subscribed to low state (battery)
2026-06-17 11:28:25,271 [INFO] root: > message sent: {"type": "req", "topic": "rt/api/motion_switcher/request", "data": {"header": {"identity": {"id": 1453361155, "api_id": 1001}}, "parameter": ""}}
2026-06-17 11:28:25,293 [INFO] root: Received message on data channel: {"type":"res","topic":"rt/api/motion_switcher/response","data":{"header":{"identity":{"api_id":1001,"id":1453361155},"status":{"code":0}},"data":"{\"form\":\"0\",\"name\":\"mcf\"}"}}
2026-06-17 11:28:25,295 [INFO] go2_survey.robot: Current motion mode: mcf
2026-06-17 11:28:25,295 [INFO] go2_survey.robot: Switching to normal mode...
2026-06-17 11:28:25,296 [INFO] root: > message sent: {"type": "req", "topic": "rt/api/motion_switcher/request", "data": {"header": {"identity": {"id": 1453361575, "api_id": 1002}}, "parameter": "{\"name\": \"normal\"}"}}
2026-06-17 11:28:25,305 [INFO] root: Received message on data channel: {"type":"res","topic":"rt/api/motion_switcher/response","data":{"header":{"identity":{"api_id":1002,"id":1453361575},"status":{"code":7004}},"data":""}}
2026-06-17 11:28:26,177 [INFO] root: > message sent: {"type": "rtc_inner_req", "topic": "", "data": {"req_type": "public_network_status", "uuid": "77c2d53f-b36e-43f6-b1f5-414c854bdecb"}}
2026-06-17 11:28:26,186 [INFO] root: Received message on data channel: {"type":"rtc_inner_req","info":{"req_type":"public_network_status","status":"Undefined","uuid":"77c2d53f-b36e-43f6-b1f5-414c854bdecb"}}
2026-06-17 11:28:26,186 [INFO] root: Network status message received.
2026-06-17 11:28:26,688 [INFO] root: > message sent: {"type": "rtc_inner_req", "topic": "", "data": {"req_type": "public_network_status", "uuid": "bb033dc2-cc80-480c-ac38-7fc713d3ffa3"}}
2026-06-17 11:28:26,698 [INFO] root: Received message on data channel: {"type":"rtc_inner_req","info":{"req_type":"public_network_status","status":"Undefined","uuid":"bb033dc2-cc80-480c-ac38-7fc713d3ffa3"}}
2026-06-17 11:28:26,698 [INFO] root: Network status message received.
2026-06-17 11:28:27,177 [INFO] root: > message sent: {"type": "heartbeat", "topic": "", "data": {"timeInStr": "2026-06-17 11:28:27", "timeInNum": 1781717307}}
2026-06-17 11:28:27,185 [INFO] root: Received message on data channel: {"type":"heartbeat"}
2026-06-17 11:28:27,186 [INFO] root: Heartbeat response received.
2026-06-17 11:28:27,200 [INFO] root: > message sent: {"type": "rtc_inner_req", "topic": "", "data": {"req_type": "public_network_status", "uuid": "8ff1f4d0-4b6f-4a2e-a53b-987fe320b647"}}
2026-06-17 11:28:27,210 [INFO] root: Received message on data channel: {"type":"rtc_inner_req","info":{"req_type":"public_network_status","status":"Undefined","uuid":"8ff1f4d0-4b6f-4a2e-a53b-987fe320b647"}}
2026-06-17 11:28:27,211 [INFO] root: Network status message received.
2026-06-17 11:28:27,713 [INFO] root: > message sent: {"type": "rtc_inner_req", "topic": "", "data": {"req_type": "public_network_status", "uuid": "ffa52ac5-e8fa-4b87-abe5-bac063b112e3"}}
2026-06-17 11:28:27,722 [INFO] root: Received message on data channel: {"type":"rtc_inner_req","info":{"req_type":"public_network_status","status":"Undefined","uuid":"ffa52ac5-e8fa-4b87-abe5-bac063b112e3"}}
2026-06-17 11:28:27,722 [INFO] root: Network status message received.
2026-06-17 11:28:28,224 [INFO] root: > message sent: {"type": "rtc_inner_req", "topic": "", "data": {"req_type": "public_network_status", "uuid": "1b73cc2a-7c7c-4d66-b1db-d8a7134d95e0"}}
2026-06-17 11:28:28,232 [INFO] root: Received message on data channel: {"type":"rtc_inner_req","info":{"req_type":"public_network_status","status":"Undefined","uuid":"1b73cc2a-7c7c-4d66-b1db-d8a7134d95e0"}}
2026-06-17 11:28:28,232 [INFO] root: Network status message received.
2026-06-17 11:28:28,733 [INFO] root: > message sent: {"type": "rtc_inner_req", "topic": "", "data": {"req_type": "public_network_status", "uuid": "713d8ff8-c19e-4773-975b-d414e49e125c"}}
2026-06-17 11:28:28,784 [INFO] root: Received message on data channel: {"type":"rtc_inner_req","info":{"req_type":"public_network_status","status":"NetworkStatus.ON_WIFI_CONNECTED","uuid":"713d8ff8-c19e-4773-975b-d414e49e125c"}}
2026-06-17 11:28:28,784 [INFO] root: Network status message received.
2026-06-17 11:28:29,179 [INFO] root: > message sent: {"type": "heartbeat", "topic": "", "data": {"timeInStr": "2026-06-17 11:28:29", "timeInNum": 1781717309}}
2026-06-17 11:28:29,187 [INFO] root: Received message on data channel: {"type":"heartbeat"}
2026-06-17 11:28:29,187 [INFO] root: Heartbeat response received.
2026-06-17 11:28:30,306 [INFO] go2_survey.robot: BalanceStand...
2026-06-17 11:28:30,307 [INFO] root: > message sent: {"type": "req", "topic": "rt/api/sport/request", "data": {"header": {"identity": {"id": 1453366611, "api_id": 1002}}, "parameter": ""}}
2026-06-17 11:28:30,318 [INFO] root: Received message on data channel: {"type":"res","topic":"rt/api/sport/response","data":{"header":{"identity":{"api_id":1002,"id":1453366611},"status":{"code":0}},"data":""}}
2026-06-17 11:28:31,181 [INFO] root: > message sent: {"type": "heartbeat", "topic": "", "data": {"timeInStr": "2026-06-17 11:28:31", "timeInNum": 1781717311}}
2026-06-17 11:28:31,189 [INFO] root: Received message on data channel: {"type":"heartbeat"}
2026-06-17 11:28:31,189 [INFO] root: Heartbeat response received.
2026-06-17 11:28:31,320 [INFO] go2_survey.health: ──────────────────── HEALTH AT START ─────────────────────
2026-06-17 11:28:31,320 [INFO] go2_survey.health:   BATTERY  93% │ 31.2V │ batt 23°C
2026-06-17 11:28:31,321 [INFO] go2_survey.health:   THIGHS   FR40 FL38 RR50▲ RL45 °C (hot diag FL+RR)
2026-06-17 11:28:31,321 [INFO] go2_survey.health:   STATUS   ok │ thighs ≤ 70°C — clear to run
2026-06-17 11:28:31,321 [INFO] go2_survey.health: ──────────────────────────────────────────────────────────
2026-06-17 11:28:31,322 [INFO] go2_survey.mission_runner: ------------------------------------------------------------
2026-06-17 11:28:31,322 [INFO] go2_survey.mission_runner: -------------- CAPTURE STRATEGY: line_survey ---------------
2026-06-17 11:28:31,322 [INFO] go2_survey.mission_runner: ------------------------------------------------------------
2026-06-17 11:28:31,323 [INFO] go2_survey.robot: ------------------------------------------------------------
2026-06-17 11:28:31,323 [INFO] go2_survey.robot: ------------------ ENABLING VIDEO CHANNEL ------------------
2026-06-17 11:28:31,323 [INFO] go2_survey.robot: ------------------------------------------------------------
2026-06-17 11:28:31,324 [INFO] root: > message sent: {"type": "vid", "topic": "", "data": "on"}
2026-06-17 11:28:31,324 [INFO] go2_survey.robot: Video channel turned on; waiting for first frame
2026-06-17 11:28:31,324 [INFO] go2_survey.mission_runner: ------------------------------------------------------------
2026-06-17 11:28:31,324 [INFO] go2_survey.mission_runner: ------------- PHASE 4: NAVIGATE 12 WAYPOINT(S) -------------
2026-06-17 11:28:31,324 [INFO] go2_survey.mission_runner: ------------------------------------------------------------
2026-06-17 11:28:31,325 [INFO] go2_survey.navigator: ============================================================
2026-06-17 11:28:31,325 [INFO] go2_survey.navigator:  LINE SURVEY | 12 corners / 11 legs | 1.00m/s | capture every 1.0m 
2026-06-17 11:28:31,325 [INFO] go2_survey.navigator: ============================================================
2026-06-17 11:28:31,326 [INFO] go2_survey.robot: Stopping robot
2026-06-17 11:28:31,327 [INFO] root: > message sent: {"type": "req", "topic": "rt/api/sport/request", "data": {"header": {"identity": {"id": 1453367457, "api_id": 1003}}, "parameter": ""}}
2026-06-17 11:28:31,336 [INFO] root: Received message on data channel: {"type":"res","topic":"rt/api/sport/response","data":{"header":{"identity":{"api_id":1003,"id":1453367457},"status":{"code":0}},"data":""}}
2026-06-17 11:28:31,337 [INFO] go2_survey.navigator: approach: uncalibrated start — cross_track converges onto the line
2026-06-17 11:28:31,338 [INFO] root: > message sent: {"type": "req", "topic": "rt/api/sport/request", "data": {"header": {"identity": {"id": 1453367866, "api_id": 1008}}, "parameter": "{\"x\": 1.0, \"y\": 0, \"z\": -0.0}"}}
2026-06-17 11:28:31,405 [INFO] root: Received message on data channel: {"type":"res","topic":"rt/api/sport/response","data":{"header":{"identity":{"api_id":1008,"id":1453367866},"status":{"code":0}},"data":""}}
2026-06-17 11:28:31,406 [INFO] go2_survey.navigator: NAV [cross_track] approach | along=-0.0/11.2m cross=0.00m hdg_err=0.0° cog=— fix=6
2026-06-17 11:28:31,489 [WARNING] aiortc.codecs.h264: H264Decoder() failed to decode, skipping package: [Errno 1094995529] Invalid data found when processing input: 'avcodec_send_packet()'
2026-06-17 11:28:31,498 [WARNING] aiortc.codecs.h264: H264Decoder() failed to decode, skipping package: [Errno 1094995529] Invalid data found when processing input: 'avcodec_send_packet()'
2026-06-17 11:28:31,507 [INFO] root: > message sent: {"type": "req", "topic": "rt/api/sport/request", "data": {"header": {"identity": {"id": 1453367797, "api_id": 1008}}, "parameter": "{\"x\": 1.0, \"y\": 0, \"z\": -0.0}"}}
2026-06-17 11:28:31,518 [INFO] root: Received message on data channel: {"type":"res","topic":"rt/api/sport/response","data":{"header":{"identity":{"api_id":1008,"id":1453367797},"status":{"code":0}},"data":""}}
2026-06-17 11:28:31,565 [WARNING] aiortc.codecs.h264: H264Decoder() failed to decode, skipping package: [Errno 1094995529] Invalid data found when processing input: 'avcodec_send_packet()'
2026-06-17 11:28:31,621 [INFO] root: > message sent: {"type": "req", "topic": "rt/api/sport/request", "data": {"header": {"identity": {"id": 1453368291, "api_id": 1008}}, "parameter": "{\"x\": 1.0, \"y\": 0, \"z\": -0.0}"}}
2026-06-17 11:28:31,635 [WARNING] aiortc.codecs.h264: H264Decoder() failed to decode, skipping package: [Errno 1094995529] Invalid data found when processing input: 'avcodec_send_packet()'
2026-06-17 11:28:31,654 [INFO] root: Received message on data channel: {"type":"res","topic":"rt/api/sport/response","data":{"header":{"identity":{"api_id":1008,"id":1453368291},"status":{"code":0}},"data":""}}
2026-06-17 11:28:31,706 [WARNING] aiortc.codecs.h264: H264Decoder() failed to decode, skipping package: [Errno 1094995529] Invalid data found when processing input: 'avcodec_send_packet()'
2026-06-17 11:28:31,757 [INFO] root: > message sent: {"type": "req", "topic": "rt/api/sport/request", "data": {"header": {"identity": {"id": 1453368167, "api_id": 1008}}, "parameter": "{\"x\": 1.0, \"y\": 0, \"z\": -0.0}"}}
2026-06-17 11:28:31,771 [WARNING] aiortc.codecs.h264: H264Decoder() failed to decode, skipping package: [Errno 1094995529] Invalid data found when processing input: 'avcodec_send_packet()'
2026-06-17 11:28:31,795 [INFO] root: Received message on data channel: {"type":"res","topic":"rt/api/sport/response","data":{"header":{"identity":{"api_id":1008,"id":1453368167},"status":{"code":0}},"data":""}}
2026-06-17 11:28:31,845 [WARNING] aiortc.codecs.h264: H264Decoder() failed to decode, skipping package: [Errno 1094995529] Invalid data found when processing input: 'avcodec_send_packet()'
2026-06-17 11:28:31,897 [INFO] root: > message sent: {"type": "req", "topic": "rt/api/sport/request", "data": {"header": {"identity": {"id": 1453368208, "api_id": 1008}}, "parameter": "{\"x\": 1.0, \"y\": 0, \"z\": -0.0}"}}
2026-06-17 11:28:31,931 [WARNING] aiortc.codecs.h264: H264Decoder() failed to decode, skipping package: [Errno 1094995529] Invalid data found when processing input: 'avcodec_send_packet()'
2026-06-17 11:28:31,950 [INFO] root: Received message on data channel: {"type":"res","topic":"rt/api/sport/response","data":{"header":{"identity":{"api_id":1008,"id":1453368208},"status":{"code":0}},"data":""}}
2026-06-17 11:28:31,986 [WARNING] aiortc.codecs.h264: H264Decoder() failed to decode, skipping package: [Errno 1094995529] Invalid data found when processing input: 'avcodec_send_packet()'
2026-06-17 11:28:32,051 [INFO] root: > message sent: {"type": "req", "topic": "rt/api/sport/request", "data": {"header": {"identity": {"id": 1453368019, "api_id": 1008}}, "parameter": "{\"x\": 1.0, \"y\": 0, \"z\": -0.0}"}}
2026-06-17 11:28:32,054 [WARNING] aiortc.codecs.h264: H264Decoder() failed to decode, skipping package: [Errno 1094995529] Invalid data found when processing input: 'avcodec_send_packet()'
2026-06-17 11:28:32,074 [INFO] root: Received message on data channel: {"type":"res","topic":"rt/api/sport/response","data":{"header":{"identity":{"api_id":1008,"id":1453368019},"status":{"code":0}},"data":""}}
2026-06-17 11:28:32,122 [WARNING] aiortc.codecs.h264: H264Decoder() failed to decode, skipping package: [Errno 1094995529] Invalid data found when processing input: 'avcodec_send_packet()'
2026-06-17 11:28:32,176 [INFO] root: > message sent: {"type": "req", "topic": "rt/api/sport/request", "data": {"header": {"identity": {"id": 1453368013, "api_id": 1008}}, "parameter": "{\"x\": 1.0, \"y\": 0, \"z\": -0.0}"}}
2026-06-17 11:28:32,191 [WARNING] aiortc.codecs.h264: H264Decoder() failed to decode, skipping package: [Errno 1094995529] Invalid data found when processing input: 'avcodec_send_packet()'
2026-06-17 11:28:32,213 [INFO] root: Received message on data channel: {"type":"res","topic":"rt/api/sport/response","data":{"header":{"identity":{"api_id":1008,"id":1453368013},"status":{"code":0}},"data":""}}
2026-06-17 11:28:32,283 [WARNING] aiortc.codecs.h264: H264Decoder() failed to decode, skipping package: [Errno 1094995529] Invalid data found when processing input: 'avcodec_send_packet()'
2026-06-17 11:28:32,315 [INFO] root: > message sent: {"type": "req", "topic": "rt/api/sport/request", "data": {"header": {"identity": {"id": 1453368915, "api_id": 1008}}, "parameter": "{\"x\": 1.0, \"y\": 0, \"z\": -0.0}"}}
2026-06-17 11:28:32,340 [WARNING] aiortc.codecs.h264: H264Decoder() failed to decode, skipping package: [Errno 1094995529] Invalid data found when processing input: 'avcodec_send_packet()'
2026-06-17 11:28:32,361 [INFO] root: Received message on data channel: {"type":"res","topic":"rt/api/sport/response","data":{"header":{"identity":{"api_id":1008,"id":1453368915},"status":{"code":0}},"data":""}}
2026-06-17 11:28:32,410 [WARNING] aiortc.codecs.h264: H264Decoder() failed to decode, skipping package: [Errno 1094995529] Invalid data found when processing input: 'avcodec_send_packet()'
2026-06-17 11:28:32,464 [INFO] root: > message sent: {"type": "req", "topic": "rt/api/sport/request", "data": {"header": {"identity": {"id": 1453368801, "api_id": 1008}}, "parameter": "{\"x\": 1.0, \"y\": 0, \"z\": -0.0}"}}
2026-06-17 11:28:32,474 [WARNING] aiortc.codecs.h264: H264Decoder() failed to decode, skipping package: [Errno 1094995529] Invalid data found when processing input: 'avcodec_send_packet()'
2026-06-17 11:28:32,498 [INFO] root: Received message on data channel: {"type":"res","topic":"rt/api/sport/response","data":{"header":{"identity":{"api_id":1008,"id":1453368801},"status":{"code":0}},"data":""}}
2026-06-17 11:28:32,563 [WARNING] aiortc.codecs.h264: H264Decoder() failed to decode, skipping package: [Errno 1094995529] Invalid data found when processing input: 'avcodec_send_packet()'
2026-06-17 11:28:32,601 [INFO] root: > message sent: {"type": "req", "topic": "rt/api/sport/request", "data": {"header": {"identity": {"id": 1453368902, "api_id": 1008}}, "parameter": "{\"x\": 1.0, \"y\": 0, \"z\": -0.0}"}}
2026-06-17 11:28:32,616 [WARNING] aiortc.codecs.h264: H264Decoder() failed to decode, skipping package: [Errno 1094995529] Invalid data found when processing input: 'avcodec_send_packet()'
2026-06-17 11:28:32,641 [INFO] root: Received message on data channel: {"type":"res","topic":"rt/api/sport/response","data":{"header":{"identity":{"api_id":1008,"id":1453368902},"status":{"code":0}},"data":""}}
2026-06-17 11:28:32,685 [WARNING] aiortc.codecs.h264: H264Decoder() failed to decode, skipping package: [Errno 1094995529] Invalid data found when processing input: 'avcodec_send_packet()'
2026-06-17 11:28:32,743 [INFO] root: > message sent: {"type": "req", "topic": "rt/api/sport/request", "data": {"header": {"identity": {"id": 1453369014, "api_id": 1008}}, "parameter": "{\"x\": 1.0, \"y\": 0, \"z\": -0.0}"}}
2026-06-17 11:28:32,756 [WARNING] aiortc.codecs.h264: H264Decoder() failed to decode, skipping package: [Errno 1094995529] Invalid data found when processing input: 'avcodec_send_packet()'
2026-06-17 11:28:32,783 [INFO] root: Received message on data channel: {"type":"res","topic":"rt/api/sport/response","data":{"header":{"identity":{"api_id":1008,"id":1453369014},"status":{"code":0}},"data":""}}
2026-06-17 11:28:32,832 [WARNING] aiortc.codecs.h264: H264Decoder() failed to decode, skipping package: [Errno 1094995529] Invalid data found when processing input: 'avcodec_send_packet()'
2026-06-17 11:28:32,886 [INFO] root: > message sent: {"type": "req", "topic": "rt/api/sport/request", "data": {"header": {"identity": {"id": 1453369678, "api_id": 1008}}, "parameter": "{\"x\": 1.0, \"y\": 0, \"z\": 0.8}"}}
2026-06-17 11:28:32,920 [INFO] root: Received message on data channel: {"type":"res","topic":"rt/api/sport/response","data":{"header":{"identity":{"api_id":1008,"id":1453369678},"status":{"code":0}},"data":""}}
2026-06-17 11:28:32,957 [INFO] root: Receiving video frame
2026-06-17 11:28:32,957 [INFO] go2_survey.robot: Video track attached; starting frame consumer
2026-06-17 11:28:33,019 [INFO] go2_survey.robot: First video frame decoded | 1280x720 BGR
2026-06-17 11:28:33,022 [INFO] root: > message sent: {"type": "req", "topic": "rt/api/sport/request", "data": {"header": {"identity": {"id": 1453369543, "api_id": 1008}}, "parameter": "{\"x\": 1.0, \"y\": 0, \"z\": 0.8}"}}
2026-06-17 11:28:33,049 [INFO] root: Received message on data channel: {"type":"res","topic":"rt/api/sport/response","data":{"header":{"identity":{"api_id":1008,"id":1453369543},"status":{"code":0}},"data":""}}
2026-06-17 11:28:33,152 [INFO] root: > message sent: {"type": "req", "topic": "rt/api/sport/request", "data": {"header": {"identity": {"id": 1453369225, "api_id": 1008}}, "parameter": "{\"x\": 1.0, \"y\": 0, \"z\": 0.8}"}}
2026-06-17 11:28:33,183 [INFO] root: > message sent: {"type": "heartbeat", "topic": "", "data": {"timeInStr": "2026-06-17 11:28:33", "timeInNum": 1781717313}}
2026-06-17 11:28:33,258 [INFO] root: Received message on data channel: {"type":"res","topic":"rt/api/sport/response","data":{"header":{"identity":{"api_id":1008,"id":1453369225},"status":{"code":0}},"data":""}}
2026-06-17 11:28:33,259 [INFO] root: Received message on data channel: {"type":"heartbeat"}
2026-06-17 11:28:33,259 [INFO] root: Heartbeat response received.
2026-06-17 11:28:33,361 [INFO] root: > message sent: {"type": "req", "topic": "rt/api/sport/request", "data": {"header": {"identity": {"id": 1453369399, "api_id": 1008}}, "parameter": "{\"x\": 1.0, \"y\": 0, \"z\": 0.8}"}}
2026-06-17 11:28:33,373 [INFO] root: Received message on data channel: {"type":"res","topic":"rt/api/sport/response","data":{"header":{"identity":{"api_id":1008,"id":1453369399},"status":{"code":0}},"data":""}}
2026-06-17 11:28:33,373 [INFO] go2_survey.navigator: NAV [cross_track] approach | along=0.7/11.2m cross=1.27m hdg_err=-80.0° cog=323° fix=6
2026-06-17 11:28:33,477 [INFO] root: > message sent: {"type": "req", "topic": "rt/api/sport/request", "data": {"header": {"identity": {"id": 1453370196, "api_id": 1008}}, "parameter": "{\"x\": 1.0, \"y\": 0, \"z\": 0.8}"}}
2026-06-17 11:28:33,488 [INFO] root: Received message on data channel: {"type":"res","topic":"rt/api/sport/response","data":{"header":{"identity":{"api_id":1008,"id":1453370196},"status":{"code":0}},"data":""}}
2026-06-17 11:28:33,592 [INFO] root: > message sent: {"type": "req", "topic": "rt/api/sport/request", "data": {"header": {"identity": {"id": 1453369521, "api_id": 1008}}, "parameter": "{\"x\": 1.0, \"y\": 0, \"z\": 0.8}"}}
2026-06-17 11:28:33,610 [INFO] root: Received message on data channel: {"type":"res","topic":"rt/api/sport/response","data":{"header":{"identity":{"api_id":1008,"id":1453369521},"status":{"code":0}},"data":""}}
2026-06-17 11:28:33,712 [INFO] root: > message sent: {"type": "req", "topic": "rt/api/sport/request", "data": {"header": {"identity": {"id": 1453369767, "api_id": 1008}}, "parameter": "{\"x\": 1.0, \"y\": 0, \"z\": 0.8}"}}
2026-06-17 11:28:33,743 [INFO] root: Received message on data channel: {"type":"res","topic":"rt/api/sport/response","data":{"header":{"identity":{"api_id":1008,"id":1453369767},"status":{"code":0}},"data":""}}
2026-06-17 11:28:33,850 [INFO] root: > message sent: {"type": "req", "topic": "rt/api/sport/request", "data": {"header": {"identity": {"id": 1453369721, "api_id": 1008}}, "parameter": "{\"x\": 1.0, \"y\": 0, \"z\": 0.8}"}}
2026-06-17 11:28:33,860 [INFO] root: Received message on data channel: {"type":"res","topic":"rt/api/sport/response","data":{"header":{"identity":{"api_id":1008,"id":1453369721},"status":{"code":0}},"data":""}}
2026-06-17 11:28:33,963 [INFO] root: > message sent: {"type": "req", "topic": "rt/api/sport/request", "data": {"header": {"identity": {"id": 1453369940, "api_id": 1008}}, "parameter": "{\"x\": 1.0, \"y\": 0, \"z\": 0.8}"}}
2026-06-17 11:28:34,046 [INFO] root: Received message on data channel: {"type":"res","topic":"rt/api/sport/response","data":{"header":{"identity":{"api_id":1008,"id":1453369940},"status":{"code":0}},"data":""}}
2026-06-17 11:28:34,148 [INFO] root: > message sent: {"type": "req", "topic": "rt/api/sport/request", "data": {"header": {"identity": {"id": 1453370106, "api_id": 1008}}, "parameter": "{\"x\": 1.0, \"y\": 0, \"z\": 0.8}"}}
2026-06-17 11:28:34,181 [INFO] root: Received message on data channel: {"type":"res","topic":"rt/api/sport/response","data":{"header":{"identity":{"api_id":1008,"id":1453370106},"status":{"code":0}},"data":""}}
2026-06-17 11:28:34,285 [INFO] root: > message sent: {"type": "req", "topic": "rt/api/sport/request", "data": {"header": {"identity": {"id": 1453370931, "api_id": 1008}}, "parameter": "{\"x\": 1.0, \"y\": 0, \"z\": 0.8}"}}
2026-06-17 11:28:34,330 [INFO] root: Received message on data channel: {"type":"res","topic":"rt/api/sport/response","data":{"header":{"identity":{"api_id":1008,"id":1453370931},"status":{"code":0}},"data":""}}
2026-06-17 11:28:34,434 [INFO] root: > message sent: {"type": "req", "topic": "rt/api/sport/request", "data": {"header": {"identity": {"id": 1453370601, "api_id": 1008}}, "parameter": "{\"x\": 1.0, \"y\": 0, \"z\": 0.7897896064020702}"}}
2026-06-17 11:28:34,450 [INFO] root: Received message on data channel: {"type":"res","topic":"rt/api/sport/response","data":{"header":{"identity":{"api_id":1008,"id":1453370601},"status":{"code":0}},"data":""}}
2026-06-17 11:28:34,553 [INFO] root: > message sent: {"type": "req", "topic": "rt/api/sport/request", "data": {"header": {"identity": {"id": 1453371320, "api_id": 1008}}, "parameter": "{\"x\": 1.0, \"y\": 0, \"z\": 0.7897896064020702}"}}
2026-06-17 11:28:34,591 [INFO] root: Received message on data channel: {"type":"res","topic":"rt/api/sport/response","data":{"header":{"identity":{"api_id":1008,"id":1453371320},"status":{"code":0}},"data":""}}
2026-06-17 11:28:34,700 [INFO] root: > message sent: {"type": "req", "topic": "rt/api/sport/request", "data": {"header": {"identity": {"id": 1453371289, "api_id": 1008}}, "parameter": "{\"x\": 1.0, \"y\": 0, \"z\": 0.6951962431670244}"}}
2026-06-17 11:28:34,742 [INFO] root: Received message on data channel: {"type":"res","topic":"rt/api/sport/response","data":{"header":{"identity":{"api_id":1008,"id":1453371289},"status":{"code":0}},"data":""}}
2026-06-17 11:28:34,846 [INFO] root: > message sent: {"type": "req", "topic": "rt/api/sport/request", "data": {"header": {"identity": {"id": 1453371576, "api_id": 1008}}, "parameter": "{\"x\": 1.0, \"y\": 0, \"z\": 0.5700437588869873}"}}
2026-06-17 11:28:34,876 [INFO] root: Received message on data channel: {"type":"res","topic":"rt/api/sport/response","data":{"header":{"identity":{"api_id":1008,"id":1453371576},"status":{"code":0}},"data":""}}
2026-06-17 11:28:34,990 [INFO] root: > message sent: {"type": "req", "topic": "rt/api/sport/request", "data": {"header": {"identity": {"id": 1453370990, "api_id": 1008}}, "parameter": "{\"x\": 1.0, \"y\": 0, \"z\": 0.4349129183828043}"}}
2026-06-17 11:28:35,021 [INFO] root: Received message on data channel: {"type":"res","topic":"rt/api/sport/response","data":{"header":{"identity":{"api_id":1008,"id":1453370990},"status":{"code":0}},"data":""}}
2026-06-17 11:28:35,125 [INFO] root: > message sent: {"type": "req", "topic": "rt/api/sport/request", "data": {"header": {"identity": {"id": 1453371311, "api_id": 1008}}, "parameter": "{\"x\": 1.0, \"y\": 0, \"z\": 0.4349129183828043}"}}
2026-06-17 11:28:35,155 [INFO] root: Received message on data channel: {"type":"res","topic":"rt/api/sport/response","data":{"header":{"identity":{"api_id":1008,"id":1453371311},"status":{"code":0}},"data":""}}
2026-06-17 11:28:35,185 [INFO] root: > message sent: {"type": "heartbeat", "topic": "", "data": {"timeInStr": "2026-06-17 11:28:35", "timeInNum": 1781717315}}
2026-06-17 11:28:35,197 [INFO] root: Received message on data channel: {"type":"heartbeat"}
2026-06-17 11:28:35,198 [INFO] root: Heartbeat response received.
2026-06-17 11:28:35,261 [INFO] root: > message sent: {"type": "req", "topic": "rt/api/sport/request", "data": {"header": {"identity": {"id": 1453371925, "api_id": 1008}}, "parameter": "{\"x\": 1.0, \"y\": 0, \"z\": 0.29624084634083514}"}}
2026-06-17 11:28:35,299 [INFO] root: Received message on data channel: {"type":"res","topic":"rt/api/sport/response","data":{"header":{"identity":{"api_id":1008,"id":1453371925},"status":{"code":0}},"data":""}}
2026-06-17 11:28:35,403 [INFO] root: > message sent: {"type": "req", "topic": "rt/api/sport/request", "data": {"header": {"identity": {"id": 1453371372, "api_id": 1008}}, "parameter": "{\"x\": 1.0, \"y\": 0, \"z\": 0.14713638558877135}"}}
2026-06-17 11:28:35,448 [INFO] root: Received message on data channel: {"type":"res","topic":"rt/api/sport/response","data":{"header":{"identity":{"api_id":1008,"id":1453371372},"status":{"code":0}},"data":""}}
2026-06-17 11:28:35,450 [INFO] go2_survey.navigator: NAV [cross_track] approach | along=2.5/11.2m cross=1.56m hdg_err=-9.8° cog=249° fix=6
2026-06-17 11:28:35,552 [INFO] root: > message sent: {"type": "req", "topic": "rt/api/sport/request", "data": {"header": {"identity": {"id": 1453371550, "api_id": 1008}}, "parameter": "{\"x\": 1.0, \"y\": 0, \"z\": 0.14713638558877135}"}}
2026-06-17 11:28:35,580 [INFO] root: Received message on data channel: {"type":"res","topic":"rt/api/sport/response","data":{"header":{"identity":{"api_id":1008,"id":1453371550},"status":{"code":0}},"data":""}}
2026-06-17 11:28:35,683 [INFO] root: > message sent: {"type": "req", "topic": "rt/api/sport/request", "data": {"header": {"identity": {"id": 1453372257, "api_id": 1008}}, "parameter": "{\"x\": 1.0, \"y\": 0, \"z\": 0.04464719726276868}"}}
2026-06-17 11:28:35,724 [INFO] root: Received message on data channel: {"type":"res","topic":"rt/api/sport/response","data":{"header":{"identity":{"api_id":1008,"id":1453372257},"status":{"code":0}},"data":""}}
2026-06-17 11:28:35,828 [INFO] root: > message sent: {"type": "req", "topic": "rt/api/sport/request", "data": {"header": {"identity": {"id": 1453371637, "api_id": 1008}}, "parameter": "{\"x\": 1.0, \"y\": 0, \"z\": -0.05098754359751908}"}}
2026-06-17 11:28:35,905 [INFO] root: Received message on data channel: {"type":"res","topic":"rt/api/sport/response","data":{"header":{"identity":{"api_id":1008,"id":1453371637},"status":{"code":0}},"data":""}}
2026-06-17 11:28:35,939 [INFO] root: Received message on data channel: {"type":"rtc_inner_req","info":{"req_type":"rtt_probe_send_from_mechine","send_time_stamp":1781717315,"uuid":"597dcd5d-ea34-49f2-b0d5-2b628c46576e"}}
2026-06-17 11:28:35,940 [INFO] root: > message sent: {"type": "rtc_inner_req", "topic": "", "data": {"req_type": "rtt_probe_send_from_mechine", "send_time_stamp": 1781717315, "uuid": "597dcd5d-ea34-49f2-b0d5-2b628c46576e"}}
2026-06-17 11:28:36,007 [INFO] root: > message sent: {"type": "req", "topic": "rt/api/sport/request", "data": {"header": {"identity": {"id": 1453372189, "api_id": 1008}}, "parameter": "{\"x\": 1.0, \"y\": 0, \"z\": -0.13724678250068648}"}}
2026-06-17 11:28:36,017 [INFO] root: Received message on data channel: {"type":"res","topic":"rt/api/sport/response","data":{"header":{"identity":{"api_id":1008,"id":1453372189},"status":{"code":0}},"data":""}}
2026-06-17 11:28:36,119 [INFO] root: > message sent: {"type": "req", "topic": "rt/api/sport/request", "data": {"header": {"identity": {"id": 1453372916, "api_id": 1008}}, "parameter": "{\"x\": 1.0, \"y\": 0, \"z\": -0.13724678250068648}"}}
2026-06-17 11:28:36,134 [INFO] root: Received message on data channel: {"type":"res","topic":"rt/api/sport/response","data":{"header":{"identity":{"api_id":1008,"id":1453372916},"status":{"code":0}},"data":""}}
2026-06-17 11:28:36,237 [INFO] root: > message sent: {"type": "req", "topic": "rt/api/sport/request", "data": {"header": {"identity": {"id": 1453372548, "api_id": 1008}}, "parameter": "{\"x\": 1.0, \"y\": 0, \"z\": -0.19404463054696422}"}}
2026-06-17 11:28:36,263 [INFO] root: Received message on data channel: {"type":"res","topic":"rt/api/sport/response","data":{"header":{"identity":{"api_id":1008,"id":1453372548},"status":{"code":0}},"data":""}}
2026-06-17 11:28:36,366 [INFO] root: > message sent: {"type": "req", "topic": "rt/api/sport/request", "data": {"header": {"identity": {"id": 1453372900, "api_id": 1008}}, "parameter": "{\"x\": 1.0, \"y\": 0, \"z\": -0.19404463054696422}"}}
2026-06-17 11:28:36,412 [INFO] root: Received message on data channel: {"type":"res","topic":"rt/api/sport/response","data":{"header":{"identity":{"api_id":1008,"id":1453372900},"status":{"code":0}},"data":""}}
2026-06-17 11:28:36,518 [INFO] root: > message sent: {"type": "req", "topic": "rt/api/sport/request", "data": {"header": {"identity": {"id": 1453372561, "api_id": 1008}}, "parameter": "{\"x\": 1.0, \"y\": 0, \"z\": -0.24220713069648012}"}}
2026-06-17 11:28:36,549 [INFO] root: Received message on data channel: {"type":"res","topic":"rt/api/sport/response","data":{"header":{"identity":{"api_id":1008,"id":1453372561},"status":{"code":0}},"data":""}}
2026-06-17 11:28:36,653 [INFO] root: > message sent: {"type": "req", "topic": "rt/api/sport/request", "data": {"header": {"identity": {"id": 1453372655, "api_id": 1008}}, "parameter": "{\"x\": 1.0, \"y\": 0, \"z\": -0.2692145002887686}"}}
2026-06-17 11:28:36,677 [INFO] root: Received message on data channel: {"type":"res","topic":"rt/api/sport/response","data":{"header":{"identity":{"api_id":1008,"id":1453372655},"status":{"code":0}},"data":""}}
2026-06-17 11:28:36,780 [INFO] root: > message sent: {"type": "req", "topic": "rt/api/sport/request", "data": {"header": {"identity": {"id": 1453372830, "api_id": 1008}}, "parameter": "{\"x\": 1.0, \"y\": 0, \"z\": -0.2692145002887686}"}}
2026-06-17 11:28:36,835 [INFO] root: Received message on data channel: {"type":"res","topic":"rt/api/sport/response","data":{"header":{"identity":{"api_id":1008,"id":1453372830},"status":{"code":0}},"data":""}}
2026-06-17 11:28:36,938 [INFO] root: > message sent: {"type": "req", "topic": "rt/api/sport/request", "data": {"header": {"identity": {"id": 1453373377, "api_id": 1008}}, "parameter": "{\"x\": 1.0, \"y\": 0, \"z\": -0.30000588703672093}"}}
2026-06-17 11:28:36,976 [INFO] root: Received message on data channel: {"type":"res","topic":"rt/api/sport/response","data":{"header":{"identity":{"api_id":1008,"id":1453373377},"status":{"code":0}},"data":""}}
2026-06-17 11:28:37,079 [INFO] root: > message sent: {"type": "req", "topic": "rt/api/sport/request", "data": {"header": {"identity": {"id": 1453373015, "api_id": 1008}}, "parameter": "{\"x\": 1.0, \"y\": 0, \"z\": -0.32999702385343366}"}}
2026-06-17 11:28:37,122 [INFO] root: Received message on data channel: {"type":"res","topic":"rt/api/sport/response","data":{"header":{"identity":{"api_id":1008,"id":1453373015},"status":{"code":0}},"data":""}}
2026-06-17 11:28:37,186 [INFO] root: > message sent: {"type": "heartbeat", "topic": "", "data": {"timeInStr": "2026-06-17 11:28:37", "timeInNum": 1781717317}}
2026-06-17 11:28:37,193 [INFO] root: Received message on data channel: {"type":"heartbeat"}
2026-06-17 11:28:37,194 [INFO] root: Heartbeat response received.
2026-06-17 11:28:37,225 [INFO] root: > message sent: {"type": "req", "topic": "rt/api/sport/request", "data": {"header": {"identity": {"id": 1453373400, "api_id": 1008}}, "parameter": "{\"x\": 1.0, \"y\": 0, \"z\": -0.31627871398679375}"}}
2026-06-17 11:28:37,255 [INFO] root: Received message on data channel: {"type":"res","topic":"rt/api/sport/response","data":{"header":{"identity":{"api_id":1008,"id":1453373400},"status":{"code":0}},"data":""}}
2026-06-17 11:28:37,358 [INFO] root: > message sent: {"type": "req", "topic": "rt/api/sport/request", "data": {"header": {"identity": {"id": 1453373457, "api_id": 1008}}, "parameter": "{\"x\": 1.0, \"y\": 0, \"z\": -0.31627871398679375}"}}
2026-06-17 11:28:37,397 [INFO] root: Received message on data channel: {"type":"res","topic":"rt/api/sport/response","data":{"header":{"identity":{"api_id":1008,"id":1453373457},"status":{"code":0}},"data":""}}
2026-06-17 11:28:37,502 [INFO] root: > message sent: {"type": "req", "topic": "rt/api/sport/request", "data": {"header": {"identity": {"id": 1453374266, "api_id": 1008}}, "parameter": "{\"x\": 1.0, \"y\": 0, \"z\": -0.3054444404606002}"}}
2026-06-17 11:28:38,138 [INFO] root: Received message on data channel: {"type":"res","topic":"rt/api/sport/response","data":{"header":{"identity":{"api_id":1008,"id":1453374266},"status":{"code":0}},"data":""}}
2026-06-17 11:28:38,139 [INFO] go2_survey.navigator: NAV [cross_track] approach | along=4.2/11.2m cross=0.60m hdg_err=20.4° cog=231° fix=6
2026-06-17 11:28:38,243 [INFO] go2_survey.navigator: IMU RUNNING RECAL | seed offset 45.0°
2026-06-17 11:28:38,244 [INFO] go2_survey.navigator: IMU RUNNING RECAL | offset 45.0° (fresh 45.2°, Δ +0.00°)
2026-06-17 11:28:38,246 [INFO] root: > message sent: {"type": "req", "topic": "rt/api/sport/request", "data": {"header": {"identity": {"id": 1453374182, "api_id": 1008}}, "parameter": "{\"x\": 1.0, \"y\": 0, \"z\": -0.20446995416317376}"}}
2026-06-17 11:28:38,254 [INFO] root: Received message on data channel: {"type":"res","topic":"rt/api/sport/response","data":{"header":{"identity":{"api_id":1008,"id":1453374182},"status":{"code":0}},"data":""}}
2026-06-17 11:28:38,356 [INFO] root: > message sent: {"type": "req", "topic": "rt/api/sport/request", "data": {"header": {"identity": {"id": 1453374641, "api_id": 1008}}, "parameter": "{\"x\": 1.0, \"y\": 0, \"z\": -0.20446995416317376}"}}
2026-06-17 11:28:38,381 [INFO] root: Received message on data channel: {"type":"res","topic":"rt/api/sport/response","data":{"header":{"identity":{"api_id":1008,"id":1453374641},"status":{"code":0}},"data":""}}
2026-06-17 11:28:38,483 [INFO] root: > message sent: {"type": "req", "topic": "rt/api/sport/request", "data": {"header": {"identity": {"id": 1453374981, "api_id": 1008}}, "parameter": "{\"x\": 1.0, \"y\": 0, \"z\": -0.1736329888814717}"}}
2026-06-17 11:28:39,188 [INFO] root: > message sent: {"type": "heartbeat", "topic": "", "data": {"timeInStr": "2026-06-17 11:28:39", "timeInNum": 1781717319}}
2026-06-17 11:28:39,244 [INFO] root: Received message on data channel: {"type":"heartbeat"}
2026-06-17 11:28:39,245 [INFO] root: Heartbeat response received.
2026-06-17 11:28:39,246 [INFO] root: Received message on data channel: {"type":"res","topic":"rt/api/sport/response","data":{"header":{"identity":{"api_id":1008,"id":1453374981},"status":{"code":0}},"data":""}}
2026-06-17 11:28:39,351 [INFO] root: > message sent: {"type": "req", "topic": "rt/api/sport/request", "data": {"header": {"identity": {"id": 1453376103, "api_id": 1008}}, "parameter": "{\"x\": 1.0, \"y\": 0, \"z\": -0.09591293946209248}"}}
2026-06-17 11:28:39,372 [INFO] root: Received message on data channel: {"type":"res","topic":"rt/api/sport/response","data":{"header":{"identity":{"api_id":1008,"id":1453376103},"status":{"code":0}},"data":""}}
2026-06-17 11:28:39,475 [INFO] root: > message sent: {"type": "req", "topic": "rt/api/sport/request", "data": {"header": {"identity": {"id": 1453375682, "api_id": 1008}}, "parameter": "{\"x\": 1.0, \"y\": 0, \"z\": -0.0018027173782644468}"}}
2026-06-17 11:28:39,528 [INFO] root: Received message on data channel: {"type":"res","topic":"rt/api/sport/response","data":{"header":{"identity":{"api_id":1008,"id":1453375682},"status":{"code":0}},"data":""}}
2026-06-17 11:28:39,631 [INFO] root: > message sent: {"type": "req", "topic": "rt/api/sport/request", "data": {"header": {"identity": {"id": 1453375576, "api_id": 1008}}, "parameter": "{\"x\": 1.0, \"y\": 0, \"z\": 0.007840014119161083}"}}
2026-06-17 11:28:39,653 [INFO] root: Received message on data channel: {"type":"res","topic":"rt/api/sport/response","data":{"header":{"identity":{"api_id":1008,"id":1453375576},"status":{"code":0}},"data":""}}
2026-06-17 11:28:39,653 [INFO] go2_survey.navigator: NAV [cross_track] approach | along=6.3/11.2m cross=0.28m hdg_err=-0.5° cog=257° fix=6
2026-06-17 11:28:39,755 [INFO] root: > message sent: {"type": "req", "topic": "rt/api/sport/request", "data": {"header": {"identity": {"id": 1453375738, "api_id": 1008}}, "parameter": "{\"x\": 1.0, \"y\": 0, \"z\": 0.007840014119161083}"}}
2026-06-17 11:28:39,791 [INFO] root: Received message on data channel: {"type":"res","topic":"rt/api/sport/response","data":{"header":{"identity":{"api_id":1008,"id":1453375738},"status":{"code":0}},"data":""}}
2026-06-17 11:28:39,894 [INFO] root: > message sent: {"type": "req", "topic": "rt/api/sport/request", "data": {"header": {"identity": {"id": 1453376374, "api_id": 1008}}, "parameter": "{\"x\": 1.0, \"y\": 0, \"z\": 0.026158103326485216}"}}
2026-06-17 11:28:39,961 [INFO] root: Received message on data channel: {"type":"res","topic":"rt/api/sport/response","data":{"header":{"identity":{"api_id":1008,"id":1453376374},"status":{"code":0}},"data":""}}
2026-06-17 11:28:40,065 [INFO] root: > message sent: {"type": "req", "topic": "rt/api/sport/request", "data": {"header": {"identity": {"id": 1453376046, "api_id": 1008}}, "parameter": "{\"x\": 1.0, \"y\": 0, \"z\": 0.022808761047143376}"}}
2026-06-17 11:28:40,079 [INFO] root: Received message on data channel: {"type":"res","topic":"rt/api/sport/response","data":{"header":{"identity":{"api_id":1008,"id":1453376046},"status":{"code":0}},"data":""}}
2026-06-17 11:28:40,181 [INFO] root: > message sent: {"type": "req", "topic": "rt/api/sport/request", "data": {"header": {"identity": {"id": 1453376297, "api_id": 1008}}, "parameter": "{\"x\": 1.0, \"y\": 0, \"z\": 0.022808761047143376}"}}
2026-06-17 11:28:40,214 [INFO] root: Received message on data channel: {"type":"res","topic":"rt/api/sport/response","data":{"header":{"identity":{"api_id":1008,"id":1453376297},"status":{"code":0}},"data":""}}
2026-06-17 11:28:40,316 [INFO] root: > message sent: {"type": "req", "topic": "rt/api/sport/request", "data": {"header": {"identity": {"id": 1453376367, "api_id": 1008}}, "parameter": "{\"x\": 1.0, \"y\": 0, \"z\": 0.03284363798569473}"}}
2026-06-17 11:28:40,381 [INFO] root: Received message on data channel: {"type":"res","topic":"rt/api/sport/response","data":{"header":{"identity":{"api_id":1008,"id":1453376367},"status":{"code":0}},"data":""}}
2026-06-17 11:28:40,484 [INFO] root: > message sent: {"type": "req", "topic": "rt/api/sport/request", "data": {"header": {"identity": {"id": 1453376813, "api_id": 1008}}, "parameter": "{\"x\": 1.0, \"y\": 0, \"z\": 0.08600842836681025}"}}
2026-06-17 11:28:40,503 [INFO] root: Received message on data channel: {"type":"res","topic":"rt/api/sport/response","data":{"header":{"identity":{"api_id":1008,"id":1453376813},"status":{"code":0}},"data":""}}
2026-06-17 11:28:40,606 [INFO] root: > message sent: {"type": "req", "topic": "rt/api/sport/request", "data": {"header": {"identity": {"id": 1453377119, "api_id": 1008}}, "parameter": "{\"x\": 1.0, \"y\": 0, \"z\": 0.08600842836681025}"}}
2026-06-17 11:28:40,627 [INFO] root: Received message on data channel: {"type":"res","topic":"rt/api/sport/response","data":{"header":{"identity":{"api_id":1008,"id":1453377119},"status":{"code":0}},"data":""}}
2026-06-17 11:28:40,729 [INFO] root: > message sent: {"type": "req", "topic": "rt/api/sport/request", "data": {"header": {"identity": {"id": 1453376655, "api_id": 1008}}, "parameter": "{\"x\": 1.0, \"y\": 0, \"z\": 0.0744914402454718}"}}
2026-06-17 11:28:40,760 [INFO] root: Received message on data channel: {"type":"res","topic":"rt/api/sport/response","data":{"header":{"identity":{"api_id":1008,"id":1453376655},"status":{"code":0}},"data":""}}
2026-06-17 11:28:40,862 [INFO] root: > message sent: {"type": "req", "topic": "rt/api/sport/request", "data": {"header": {"identity": {"id": 1453377283, "api_id": 1008}}, "parameter": "{\"x\": 1.0, \"y\": 0, \"z\": 0.08490535102185447}"}}
2026-06-17 11:28:40,946 [INFO] root: Received message on data channel: {"type":"res","topic":"rt/api/sport/response","data":{"header":{"identity":{"api_id":1008,"id":1453377283},"status":{"code":0}},"data":""}}
2026-06-17 11:28:41,049 [INFO] root: > message sent: {"type": "req", "topic": "rt/api/sport/request", "data": {"header": {"identity": {"id": 1453376989, "api_id": 1008}}, "parameter": "{\"x\": 1.0, \"y\": 0, \"z\": 0.07878506922135813}"}}
2026-06-17 11:28:41,058 [INFO] root: Received message on data channel: {"type":"res","topic":"rt/api/sport/response","data":{"header":{"identity":{"api_id":1008,"id":1453376989},"status":{"code":0}},"data":""}}
2026-06-17 11:28:41,160 [INFO] root: > message sent: {"type": "req", "topic": "rt/api/sport/request", "data": {"header": {"identity": {"id": 1453377037, "api_id": 1008}}, "parameter": "{\"x\": 1.0, \"y\": 0, \"z\": 0.07878506922135813}"}}
2026-06-17 11:28:41,190 [INFO] root: > message sent: {"type": "heartbeat", "topic": "", "data": {"timeInStr": "2026-06-17 11:28:41", "timeInNum": 1781717321}}
2026-06-17 11:28:41,224 [INFO] root: Received message on data channel: {"type":"heartbeat"}
2026-06-17 11:28:41,225 [INFO] root: Heartbeat response received.
2026-06-17 11:28:41,226 [INFO] root: Received message on data channel: {"type":"res","topic":"rt/api/sport/response","data":{"header":{"identity":{"api_id":1008,"id":1453377037},"status":{"code":0}},"data":""}}
2026-06-17 11:28:41,328 [INFO] root: > message sent: {"type": "req", "topic": "rt/api/sport/request", "data": {"header": {"identity": {"id": 1453377419, "api_id": 1008}}, "parameter": "{\"x\": 1.0, \"y\": 0, \"z\": 0.06822451153272226}"}}
2026-06-17 11:28:41,331 [INFO] go2_survey.health: HEALTH  batt 93% -8.0A est… · motors 50°C max RR_thigh
2026-06-17 11:28:41,400 [INFO] root: Received message on data channel: {"type":"res","topic":"rt/api/sport/response","data":{"header":{"identity":{"api_id":1008,"id":1453377419},"status":{"code":0}},"data":""}}
2026-06-17 11:28:41,505 [INFO] root: > message sent: {"type": "req", "topic": "rt/api/sport/request", "data": {"header": {"identity": {"id": 1453377838, "api_id": 1008}}, "parameter": "{\"x\": 1.0, \"y\": 0, \"z\": 0.05281103807475645}"}}
2026-06-17 11:28:41,556 [INFO] root: Received message on data channel: {"type":"res","topic":"rt/api/sport/response","data":{"header":{"identity":{"api_id":1008,"id":1453377838},"status":{"code":0}},"data":""}}
2026-06-17 11:28:41,659 [INFO] root: > message sent: {"type": "req", "topic": "rt/api/sport/request", "data": {"header": {"identity": {"id": 1453377849, "api_id": 1008}}, "parameter": "{\"x\": 1.0, \"y\": 0, \"z\": 0.009280180663385523}"}}
2026-06-17 11:28:41,679 [INFO] root: Received message on data channel: {"type":"res","topic":"rt/api/sport/response","data":{"header":{"identity":{"api_id":1008,"id":1453377849},"status":{"code":0}},"data":""}}
2026-06-17 11:28:41,680 [INFO] go2_survey.navigator: NAV [cross_track] approach | along=8.3/11.2m cross=0.23m hdg_err=-0.6° cog=256° fix=6
2026-06-17 11:28:41,782 [INFO] root: > message sent: {"type": "req", "topic": "rt/api/sport/request", "data": {"header": {"identity": {"id": 1453378081, "api_id": 1008}}, "parameter": "{\"x\": 1.0, \"y\": 0, \"z\": 0.009280180663385523}"}}
2026-06-17 11:28:41,809 [INFO] root: Received message on data channel: {"type":"res","topic":"rt/api/sport/response","data":{"header":{"identity":{"api_id":1008,"id":1453378081},"status":{"code":0}},"data":""}}
2026-06-17 11:28:41,913 [INFO] root: > message sent: {"type": "req", "topic": "rt/api/sport/request", "data": {"header": {"identity": {"id": 1453378250, "api_id": 1008}}, "parameter": "{\"x\": 1.0, \"y\": 0, \"z\": -0.003549257718890004}"}}
2026-06-17 11:28:41,955 [INFO] root: Received message on data channel: {"type":"res","topic":"rt/api/sport/response","data":{"header":{"identity":{"api_id":1008,"id":1453378250},"status":{"code":0}},"data":""}}
2026-06-17 11:28:42,058 [INFO] root: > message sent: {"type": "req", "topic": "rt/api/sport/request", "data": {"header": {"identity": {"id": 1453378114, "api_id": 1008}}, "parameter": "{\"x\": 1.0, \"y\": 0, \"z\": -0.012435446660264518}"}}
2026-06-17 11:28:42,118 [INFO] root: Received message on data channel: {"type":"res","topic":"rt/api/sport/response","data":{"header":{"identity":{"api_id":1008,"id":1453378114},"status":{"code":0}},"data":""}}
2026-06-17 11:28:42,221 [INFO] root: > message sent: {"type": "req", "topic": "rt/api/sport/request", "data": {"header": {"identity": {"id": 1453378200, "api_id": 1008}}, "parameter": "{\"x\": 1.0, \"y\": 0, \"z\": -0.04507927980720851}"}}
2026-06-17 11:28:42,267 [INFO] root: Received message on data channel: {"type":"res","topic":"rt/api/sport/response","data":{"header":{"identity":{"api_id":1008,"id":1453378200},"status":{"code":0}},"data":""}}
2026-06-17 11:28:42,370 [INFO] root: > message sent: {"type": "req", "topic": "rt/api/sport/request", "data": {"header": {"identity": {"id": 1453378203, "api_id": 1008}}, "parameter": "{\"x\": 1.0, \"y\": 0, \"z\": -0.04507927980720851}"}}
2026-06-17 11:28:42,381 [INFO] root: Received message on data channel: {"type":"res","topic":"rt/api/sport/response","data":{"header":{"identity":{"api_id":1008,"id":1453378203},"status":{"code":0}},"data":""}}
2026-06-17 11:28:42,484 [INFO] root: > message sent: {"type": "req", "topic": "rt/api/sport/request", "data": {"header": {"identity": {"id": 1453379203, "api_id": 1008}}, "parameter": "{\"x\": 1.0, \"y\": 0, \"z\": -0.03435175467150259}"}}
2026-06-17 11:28:42,523 [INFO] root: Received message on data channel: {"type":"res","topic":"rt/api/sport/response","data":{"header":{"identity":{"api_id":1008,"id":1453379203},"status":{"code":0}},"data":""}}
2026-06-17 11:28:42,628 [INFO] root: > message sent: {"type": "req", "topic": "rt/api/sport/request", "data": {"header": {"identity": {"id": 1453378580, "api_id": 1008}}, "parameter": "{\"x\": 1.0, \"y\": 0, \"z\": -0.06739496727868839}"}}
2026-06-17 11:28:42,654 [INFO] root: Received message on data channel: {"type":"res","topic":"rt/api/sport/response","data":{"header":{"identity":{"api_id":1008,"id":1453378580},"status":{"code":0}},"data":""}}
2026-06-17 11:28:42,757 [INFO] root: > message sent: {"type": "req", "topic": "rt/api/sport/request", "data": {"header": {"identity": {"id": 1453379543, "api_id": 1008}}, "parameter": "{\"x\": 1.0, \"y\": 0, \"z\": -0.06739496727868839}"}}
2026-06-17 11:28:42,798 [INFO] root: Received message on data channel: {"type":"res","topic":"rt/api/sport/response","data":{"header":{"identity":{"api_id":1008,"id":1453379543},"status":{"code":0}},"data":""}}
2026-06-17 11:28:42,902 [INFO] root: > message sent: {"type": "req", "topic": "rt/api/sport/request", "data": {"header": {"identity": {"id": 1453379474, "api_id": 1008}}, "parameter": "{\"x\": 1.0, \"y\": 0, \"z\": -0.05267462127714026}"}}
2026-06-17 11:28:42,958 [INFO] root: Received message on data channel: {"type":"res","topic":"rt/api/sport/response","data":{"header":{"identity":{"api_id":1008,"id":1453379474},"status":{"code":0}},"data":""}}
2026-06-17 11:28:43,067 [INFO] root: > message sent: {"type": "req", "topic": "rt/api/sport/request", "data": {"header": {"identity": {"id": 1453378942, "api_id": 1008}}, "parameter": "{\"x\": 1.0, \"y\": 0, \"z\": -0.06456485833277015}"}}
2026-06-17 11:28:43,117 [INFO] root: Received message on data channel: {"type":"res","topic":"rt/api/sport/response","data":{"header":{"identity":{"api_id":1008,"id":1453378942},"status":{"code":0}},"data":""}}
2026-06-17 11:28:43,192 [INFO] root: > message sent: {"type": "heartbeat", "topic": "", "data": {"timeInStr": "2026-06-17 11:28:43", "timeInNum": 1781717323}}
2026-06-17 11:28:43,212 [INFO] root: Received message on data channel: {"type":"heartbeat"}
2026-06-17 11:28:43,213 [INFO] root: Heartbeat response received.
2026-06-17 11:28:43,220 [INFO] root: > message sent: {"type": "req", "topic": "rt/api/sport/request", "data": {"header": {"identity": {"id": 1453379354, "api_id": 1008}}, "parameter": "{\"x\": 1.0, \"y\": 0, \"z\": -0.09730040275024762}"}}
2026-06-17 11:28:43,237 [INFO] root: Received message on data channel: {"type":"res","topic":"rt/api/sport/response","data":{"header":{"identity":{"api_id":1008,"id":1453379354},"status":{"code":0}},"data":""}}
2026-06-17 11:28:43,339 [INFO] root: > message sent: {"type": "req", "topic": "rt/api/sport/request", "data": {"header": {"identity": {"id": 1453379262, "api_id": 1008}}, "parameter": "{\"x\": 1.0, \"y\": 0, \"z\": -0.09730040275024762}"}}
2026-06-17 11:28:43,355 [INFO] root: Received message on data channel: {"type":"res","topic":"rt/api/sport/response","data":{"header":{"identity":{"api_id":1008,"id":1453379262},"status":{"code":0}},"data":""}}
2026-06-17 11:28:43,457 [INFO] go2_survey.navigator: IMU RUNNING RECAL | offset 44.4° (fresh 35.9°, Δ -0.04°)
2026-06-17 11:28:43,458 [INFO] root: > message sent: {"type": "req", "topic": "rt/api/sport/request", "data": {"header": {"identity": {"id": 1453379938, "api_id": 1008}}, "parameter": "{\"x\": 1.0, \"y\": 0, \"z\": -0.08573763725817371}"}}
2026-06-17 11:28:43,489 [INFO] root: Received message on data channel: {"type":"res","topic":"rt/api/sport/response","data":{"header":{"identity":{"api_id":1008,"id":1453379938},"status":{"code":0}},"data":""}}
2026-06-17 11:28:43,601 [INFO] root: > message sent: {"type": "req", "topic": "rt/api/sport/request", "data": {"header": {"identity": {"id": 1453380307, "api_id": 1008}}, "parameter": "{\"x\": 1.0, \"y\": 0, \"z\": -0.11568695149045893}"}}
2026-06-17 11:28:43,640 [INFO] root: Received message on data channel: {"type":"res","topic":"rt/api/sport/response","data":{"header":{"identity":{"api_id":1008,"id":1453380307},"status":{"code":0}},"data":""}}
2026-06-17 11:28:43,744 [INFO] root: > message sent: {"type": "req", "topic": "rt/api/sport/request", "data": {"header": {"identity": {"id": 1453380527, "api_id": 1008}}, "parameter": "{\"x\": 1.0, \"y\": 0, \"z\": -0.11568695149045893}"}}
2026-06-17 11:28:43,768 [INFO] root: Received message on data channel: {"type":"res","topic":"rt/api/sport/response","data":{"header":{"identity":{"api_id":1008,"id":1453380527},"status":{"code":0}},"data":""}}
2026-06-17 11:28:43,769 [INFO] go2_survey.navigator: NAV [cross_track] approach | along=10.2/11.2m cross=0.00m hdg_err=7.7° cog=253° fix=6
2026-06-17 11:28:43,871 [INFO] root: > message sent: {"type": "req", "topic": "rt/api/sport/request", "data": {"header": {"identity": {"id": 1453380038, "api_id": 1008}}, "parameter": "{\"x\": 1.0, \"y\": 0, \"z\": -0.12897686258134883}"}}
2026-06-17 11:28:44,010 [INFO] root: Received message on data channel: {"type":"res","topic":"rt/api/sport/response","data":{"header":{"identity":{"api_id":1008,"id":1453380038},"status":{"code":0}},"data":""}}
2026-06-17 11:28:44,115 [INFO] root: > message sent: {"type": "req", "topic": "rt/api/sport/request", "data": {"header": {"identity": {"id": 1453380846, "api_id": 1008}}, "parameter": "{\"x\": 1.0, \"y\": 0, \"z\": -0.1613388084830865}"}}
2026-06-17 11:28:44,139 [INFO] root: Received message on data channel: {"type":"res","topic":"rt/api/sport/response","data":{"header":{"identity":{"api_id":1008,"id":1453380846},"status":{"code":0}},"data":""}}
2026-06-17 11:28:44,244 [INFO] root: > message sent: {"type": "req", "topic": "rt/api/sport/request", "data": {"header": {"identity": {"id": 1453380105, "api_id": 1008}}, "parameter": "{\"x\": 1.0, \"y\": 0, \"z\": -0.24677790042742187}"}}
2026-06-17 11:28:44,270 [INFO] root: Received message on data channel: {"type":"res","topic":"rt/api/sport/response","data":{"header":{"identity":{"api_id":1008,"id":1453380105},"status":{"code":0}},"data":""}}
2026-06-17 11:28:44,373 [INFO] root: > message sent: {"type": "req", "topic": "rt/api/sport/request", "data": {"header": {"identity": {"id": 1453381024, "api_id": 1008}}, "parameter": "{\"x\": 1.0, \"y\": 0, \"z\": -0.24677790042742187}"}}
2026-06-17 11:28:44,405 [INFO] root: Received message on data channel: {"type":"res","topic":"rt/api/sport/response","data":{"header":{"identity":{"api_id":1008,"id":1453381024},"status":{"code":0}},"data":""}}
2026-06-17 11:28:44,507 [INFO] go2_survey.robot: Stopping robot
2026-06-17 11:28:44,508 [INFO] root: > message sent: {"type": "req", "topic": "rt/api/sport/request", "data": {"header": {"identity": {"id": 1453381218, "api_id": 1003}}, "parameter": ""}}
2026-06-17 11:28:44,540 [INFO] root: Received message on data channel: {"type":"res","topic":"rt/api/sport/response","data":{"header":{"identity":{"api_id":1003,"id":1453381218},"status":{"code":0}},"data":""}}
2026-06-17 11:28:44,541 [INFO] go2_survey.navigator: ------------------------------------------------------------
2026-06-17 11:28:44,542 [INFO] go2_survey.navigator: - LINE SURVEY leg01 (1/11) -> wp_002 | brg=347° len=50.7m --
2026-06-17 11:28:44,542 [INFO] go2_survey.navigator: ------------------------------------------------------------
2026-06-17 11:28:44,542 [INFO] go2_survey.robot: Stopping robot
2026-06-17 11:28:44,543 [INFO] root: > message sent: {"type": "req", "topic": "rt/api/sport/request", "data": {"header": {"identity": {"id": 1453380683, "api_id": 1003}}, "parameter": ""}}
2026-06-17 11:28:44,551 [INFO] root: Received message on data channel: {"type":"res","topic":"rt/api/sport/response","data":{"header":{"identity":{"api_id":1003,"id":1453380683},"status":{"code":0}},"data":""}}
2026-06-17 11:28:44,552 [INFO] go2_survey.robot: BalanceStand...
2026-06-17 11:28:44,552 [INFO] root: > message sent: {"type": "req", "topic": "rt/api/sport/request", "data": {"header": {"identity": {"id": 1453380822, "api_id": 1002}}, "parameter": ""}}
2026-06-17 11:28:44,570 [INFO] root: Received message on data channel: {"type":"res","topic":"rt/api/sport/response","data":{"header":{"identity":{"api_id":1002,"id":1453380822},"status":{"code":0}},"data":""}}
2026-06-17 11:28:45,072 [INFO] go2_survey.navigator: [turn→347°] hdg=269.9° err=77.0° rate=0.80rad/s
2026-06-17 11:28:45,073 [INFO] root: > message sent: {"type": "req", "topic": "rt/api/sport/request", "data": {"header": {"identity": {"id": 1453381708, "api_id": 1008}}, "parameter": "{\"x\": 0, \"y\": 0, \"z\": -0.8}"}}
2026-06-17 11:28:45,111 [INFO] root: Received message on data channel: {"type":"res","topic":"rt/api/sport/response","data":{"header":{"identity":{"api_id":1008,"id":1453381708},"status":{"code":0}},"data":""}}
2026-06-17 11:28:45,193 [INFO] root: > message sent: {"type": "heartbeat", "topic": "", "data": {"timeInStr": "2026-06-17 11:28:45", "timeInNum": 1781717325}}
2026-06-17 11:28:45,206 [INFO] root: Received message on data channel: {"type":"heartbeat"}
2026-06-17 11:28:45,206 [INFO] root: Heartbeat response received.
2026-06-17 11:28:45,214 [INFO] root: > message sent: {"type": "req", "topic": "rt/api/sport/request", "data": {"header": {"identity": {"id": 1453381786, "api_id": 1008}}, "parameter": "{\"x\": 0, \"y\": 0, \"z\": -0.8}"}}
2026-06-17 11:28:45,245 [INFO] root: Received message on data channel: {"type":"res","topic":"rt/api/sport/response","data":{"header":{"identity":{"api_id":1008,"id":1453381786},"status":{"code":0}},"data":""}}
2026-06-17 11:28:45,347 [INFO] root: > message sent: {"type": "req", "topic": "rt/api/sport/request", "data": {"header": {"identity": {"id": 1453381647, "api_id": 1008}}, "parameter": "{\"x\": 0, \"y\": 0, \"z\": -0.8}"}}
2026-06-17 11:28:45,395 [INFO] root: Received message on data channel: {"type":"res","topic":"rt/api/sport/response","data":{"header":{"identity":{"api_id":1008,"id":1453381647},"status":{"code":0}},"data":""}}
2026-06-17 11:28:45,498 [INFO] root: > message sent: {"type": "req", "topic": "rt/api/sport/request", "data": {"header": {"identity": {"id": 1453381439, "api_id": 1008}}, "parameter": "{\"x\": 0, \"y\": 0, \"z\": -0.8}"}}
2026-06-17 11:28:45,518 [INFO] root: Received message on data channel: {"type":"res","topic":"rt/api/sport/response","data":{"header":{"identity":{"api_id":1008,"id":1453381439},"status":{"code":0}},"data":""}}
2026-06-17 11:28:45,621 [INFO] root: > message sent: {"type": "req", "topic": "rt/api/sport/request", "data": {"header": {"identity": {"id": 1453381876, "api_id": 1008}}, "parameter": "{\"x\": 0, \"y\": 0, \"z\": -0.8}"}}
2026-06-17 11:28:45,663 [INFO] root: Received message on data channel: {"type":"res","topic":"rt/api/sport/response","data":{"header":{"identity":{"api_id":1008,"id":1453381876},"status":{"code":0}},"data":""}}
2026-06-17 11:28:45,765 [INFO] root: > message sent: {"type": "req", "topic": "rt/api/sport/request", "data": {"header": {"identity": {"id": 1453382532, "api_id": 1008}}, "parameter": "{\"x\": 0, \"y\": 0, \"z\": -0.8}"}}
2026-06-17 11:28:45,833 [INFO] root: Received message on data channel: {"type":"res","topic":"rt/api/sport/response","data":{"header":{"identity":{"api_id":1008,"id":1453382532},"status":{"code":0}},"data":""}}
2026-06-17 11:28:45,936 [INFO] root: > message sent: {"type": "req", "topic": "rt/api/sport/request", "data": {"header": {"identity": {"id": 1453382426, "api_id": 1008}}, "parameter": "{\"x\": 0, \"y\": 0, \"z\": -0.8}"}}
2026-06-17 11:28:45,952 [INFO] root: Received message on data channel: {"type":"res","topic":"rt/api/sport/response","data":{"header":{"identity":{"api_id":1008,"id":1453382426},"status":{"code":0}},"data":""}}
2026-06-17 11:28:46,059 [INFO] root: > message sent: {"type": "req", "topic": "rt/api/sport/request", "data": {"header": {"identity": {"id": 1453382461, "api_id": 1008}}, "parameter": "{\"x\": 0, \"y\": 0, \"z\": -0.8}"}}
2026-06-17 11:28:46,097 [INFO] root: Received message on data channel: {"type":"res","topic":"rt/api/sport/response","data":{"header":{"identity":{"api_id":1008,"id":1453382461},"status":{"code":0}},"data":""}}
2026-06-17 11:28:46,198 [INFO] go2_survey.navigator: [turn→347°] hdg=308.6° err=38.3° rate=0.80rad/s
2026-06-17 11:28:46,199 [INFO] root: > message sent: {"type": "req", "topic": "rt/api/sport/request", "data": {"header": {"identity": {"id": 1453382822, "api_id": 1008}}, "parameter": "{\"x\": 0, \"y\": 0, \"z\": -0.8}"}}
2026-06-17 11:28:46,227 [INFO] root: Received message on data channel: {"type":"res","topic":"rt/api/sport/response","data":{"header":{"identity":{"api_id":1008,"id":1453382822},"status":{"code":0}},"data":""}}
2026-06-17 11:28:46,330 [INFO] root: > message sent: {"type": "req", "topic": "rt/api/sport/request", "data": {"header": {"identity": {"id": 1453383039, "api_id": 1008}}, "parameter": "{\"x\": 0, \"y\": 0, \"z\": -0.8}"}}
2026-06-17 11:28:46,367 [INFO] root: Received message on data channel: {"type":"res","topic":"rt/api/sport/response","data":{"header":{"identity":{"api_id":1008,"id":1453383039},"status":{"code":0}},"data":""}}
2026-06-17 11:28:46,469 [INFO] root: > message sent: {"type": "req", "topic": "rt/api/sport/request", "data": {"header": {"identity": {"id": 1453382349, "api_id": 1008}}, "parameter": "{\"x\": 0, \"y\": 0, \"z\": -0.8}"}}
2026-06-17 11:28:46,533 [INFO] root: Received message on data channel: {"type":"res","topic":"rt/api/sport/response","data":{"header":{"identity":{"api_id":1008,"id":1453382349},"status":{"code":0}},"data":""}}
2026-06-17 11:28:46,636 [INFO] root: > message sent: {"type": "req", "topic": "rt/api/sport/request", "data": {"header": {"identity": {"id": 1453383208, "api_id": 1008}}, "parameter": "{\"x\": 0, \"y\": 0, \"z\": -0.8}"}}
2026-06-17 11:28:46,764 [INFO] root: Received message on data channel: {"type":"res","topic":"rt/api/sport/response","data":{"header":{"identity":{"api_id":1008,"id":1453383208},"status":{"code":0}},"data":""}}
2026-06-17 11:28:46,866 [INFO] root: > message sent: {"type": "req", "topic": "rt/api/sport/request", "data": {"header": {"identity": {"id": 1453383467, "api_id": 1008}}, "parameter": "{\"x\": 0, \"y\": 0, \"z\": -0.5029858987446232}"}}
2026-06-17 11:28:46,878 [INFO] root: Received message on data channel: {"type":"res","topic":"rt/api/sport/response","data":{"header":{"identity":{"api_id":1008,"id":1453383467},"status":{"code":0}},"data":""}}
2026-06-17 11:28:46,980 [INFO] root: > message sent: {"type": "req", "topic": "rt/api/sport/request", "data": {"header": {"identity": {"id": 1453383521, "api_id": 1008}}, "parameter": "{\"x\": 0, \"y\": 0, \"z\": -0.45}"}}
2026-06-17 11:28:47,013 [INFO] root: Received message on data channel: {"type":"res","topic":"rt/api/sport/response","data":{"header":{"identity":{"api_id":1008,"id":1453383521},"status":{"code":0}},"data":""}}
2026-06-17 11:28:47,115 [INFO] root: > message sent: {"type": "req", "topic": "rt/api/sport/request", "data": {"header": {"identity": {"id": 1453383379, "api_id": 1008}}, "parameter": "{\"x\": 0, \"y\": 0, \"z\": -0.45}"}}
2026-06-17 11:28:47,144 [INFO] root: Received message on data channel: {"type":"res","topic":"rt/api/sport/response","data":{"header":{"identity":{"api_id":1008,"id":1453383379},"status":{"code":0}},"data":""}}
2026-06-17 11:28:47,194 [INFO] root: > message sent: {"type": "heartbeat", "topic": "", "data": {"timeInStr": "2026-06-17 11:28:47", "timeInNum": 1781717327}}
2026-06-17 11:28:47,215 [INFO] root: Received message on data channel: {"type":"heartbeat"}
2026-06-17 11:28:47,216 [INFO] root: Heartbeat response received.
2026-06-17 11:28:47,245 [INFO] go2_survey.navigator: [turn→347°] hdg=344.2° err=2.7° rate=0.45rad/s
2026-06-17 11:28:47,246 [INFO] root: > message sent: {"type": "req", "topic": "rt/api/sport/request", "data": {"header": {"identity": {"id": 1453383068, "api_id": 1008}}, "parameter": "{\"x\": 0, \"y\": 0, \"z\": -0.45}"}}
2026-06-17 11:28:47,316 [INFO] root: Received message on data channel: {"type":"res","topic":"rt/api/sport/response","data":{"header":{"identity":{"api_id":1008,"id":1453383068},"status":{"code":0}},"data":""}}
2026-06-17 11:28:47,419 [INFO] go2_survey.robot: Stopping robot
2026-06-17 11:28:47,420 [INFO] root: > message sent: {"type": "req", "topic": "rt/api/sport/request", "data": {"header": {"identity": {"id": 1453383329, "api_id": 1003}}, "parameter": ""}}
2026-06-17 11:28:47,428 [INFO] root: Received message on data channel: {"type":"res","topic":"rt/api/sport/response","data":{"header":{"identity":{"api_id":1003,"id":1453383329},"status":{"code":0}},"data":""}}
2026-06-17 11:28:47,428 [INFO] go2_survey.navigator: Aligned to 346.9° (heading=346.3°, err=0.6°)
2026-06-17 11:28:47,429 [INFO] go2_survey.robot: BalanceStand...
2026-06-17 11:28:47,429 [INFO] root: > message sent: {"type": "req", "topic": "rt/api/sport/request", "data": {"header": {"identity": {"id": 1453383930, "api_id": 1002}}, "parameter": ""}}
2026-06-17 11:28:47,441 [INFO] root: Received message on data channel: {"type":"res","topic":"rt/api/sport/response","data":{"header":{"identity":{"api_id":1002,"id":1453383930},"status":{"code":0}},"data":""}}
2026-06-17 11:28:47,944 [INFO] go2_survey.vision.frames: Captured frame | 1280x720 | age=0.022s | corrupt=False Δtarget=-0.021s
2026-06-17 11:28:48,078 [INFO] go2_survey.vision.geotag: Wrote geotagged capture: leg01_m000_b346_2026-06-17T11-28-47.jpg + leg01_m000_b346_2026-06-17T11-28-47.json
2026-06-17 11:28:48,080 [INFO] go2_survey.navigator: ------------------------------------------------------------
2026-06-17 11:28:48,080 [INFO] go2_survey.navigator: ------------- CAPTURE leg01 start corner | n=1 -------------
2026-06-17 11:28:48,080 [INFO] go2_survey.navigator: ------------------------------------------------------------
2026-06-17 11:28:48,081 [INFO] root: > message sent: {"type": "req", "topic": "rt/api/sport/request", "data": {"header": {"identity": {"id": 1453384271, "api_id": 1008}}, "parameter": "{\"x\": 1.0, \"y\": 0, \"z\": -0.0}"}}
2026-06-17 11:28:48,146 [INFO] root: Received message on data channel: {"type":"res","topic":"rt/api/sport/response","data":{"header":{"identity":{"api_id":1008,"id":1453384271},"status":{"code":0}},"data":""}}
2026-06-17 11:28:48,147 [INFO] go2_survey.navigator: NAV [cross_track] leg01 | along=-0.0/50.7m cross=0.31m hdg_err=0.0° cog=— fix=6
2026-06-17 11:28:48,248 [INFO] root: > message sent: {"type": "req", "topic": "rt/api/sport/request", "data": {"header": {"identity": {"id": 1453385004, "api_id": 1008}}, "parameter": "{\"x\": 1.0, \"y\": 0, \"z\": -0.0}"}}
2026-06-17 11:28:48,257 [INFO] root: Received message on data channel: {"type":"res","topic":"rt/api/sport/response","data":{"header":{"identity":{"api_id":1008,"id":1453385004},"status":{"code":0}},"data":""}}
2026-06-17 11:28:48,359 [INFO] root: > message sent: {"type": "req", "topic": "rt/api/sport/request", "data": {"header": {"identity": {"id": 1453385019, "api_id": 1008}}, "parameter": "{\"x\": 1.0, \"y\": 0, \"z\": -0.0}"}}
2026-06-17 11:28:48,443 [INFO] root: Received message on data channel: {"type":"res","topic":"rt/api/sport/response","data":{"header":{"identity":{"api_id":1008,"id":1453385019},"status":{"code":0}},"data":""}}
2026-06-17 11:28:48,546 [INFO] root: > message sent: {"type": "req", "topic": "rt/api/sport/request", "data": {"header": {"identity": {"id": 1453384803, "api_id": 1008}}, "parameter": "{\"x\": 1.0, \"y\": 0, \"z\": -0.0}"}}
2026-06-17 11:28:48,616 [INFO] root: Received message on data channel: {"type":"res","topic":"rt/api/sport/response","data":{"header":{"identity":{"api_id":1008,"id":1453384803},"status":{"code":0}},"data":""}}
2026-06-17 11:28:48,718 [INFO] root: > message sent: {"type": "req", "topic": "rt/api/sport/request", "data": {"header": {"identity": {"id": 1453384791, "api_id": 1008}}, "parameter": "{\"x\": 1.0, \"y\": 0, \"z\": -0.0}"}}
2026-06-17 11:28:48,750 [INFO] root: Received message on data channel: {"type":"res","topic":"rt/api/sport/response","data":{"header":{"identity":{"api_id":1008,"id":1453384791},"status":{"code":0}},"data":""}}
2026-06-17 11:28:48,853 [INFO] root: > message sent: {"type": "req", "topic": "rt/api/sport/request", "data": {"header": {"identity": {"id": 1453384768, "api_id": 1008}}, "parameter": "{\"x\": 1.0, \"y\": 0, \"z\": -0.0}"}}
2026-06-17 11:28:48,884 [INFO] root: Received message on data channel: {"type":"res","topic":"rt/api/sport/response","data":{"header":{"identity":{"api_id":1008,"id":1453384768},"status":{"code":0}},"data":""}}
2026-06-17 11:28:48,989 [INFO] root: > message sent: {"type": "req", "topic": "rt/api/sport/request", "data": {"header": {"identity": {"id": 1453385378, "api_id": 1008}}, "parameter": "{\"x\": 1.0, \"y\": 0, \"z\": -0.0}"}}
2026-06-17 11:28:49,030 [INFO] root: Received message on data channel: {"type":"res","topic":"rt/api/sport/response","data":{"header":{"identity":{"api_id":1008,"id":1453385378},"status":{"code":0}},"data":""}}
2026-06-17 11:28:49,133 [INFO] root: > message sent: {"type": "req", "topic": "rt/api/sport/request", "data": {"header": {"identity": {"id": 1453385536, "api_id": 1008}}, "parameter": "{\"x\": 1.0, \"y\": 0, \"z\": -0.0}"}}
2026-06-17 11:28:49,163 [INFO] root: Received message on data channel: {"type":"res","topic":"rt/api/sport/response","data":{"header":{"identity":{"api_id":1008,"id":1453385536},"status":{"code":0}},"data":""}}
2026-06-17 11:28:49,196 [INFO] root: > message sent: {"type": "heartbeat", "topic": "", "data": {"timeInStr": "2026-06-17 11:28:49", "timeInNum": 1781717329}}
2026-06-17 11:28:49,245 [INFO] root: Received message on data channel: {"type":"heartbeat"}
2026-06-17 11:28:49,246 [INFO] root: Heartbeat response received.
2026-06-17 11:28:49,272 [INFO] root: > message sent: {"type": "req", "topic": "rt/api/sport/request", "data": {"header": {"identity": {"id": 1453385837, "api_id": 1008}}, "parameter": "{\"x\": 1.0, \"y\": 0, \"z\": -0.0}"}}
2026-06-17 11:28:49,349 [INFO] root: Received message on data channel: {"type":"res","topic":"rt/api/sport/response","data":{"header":{"identity":{"api_id":1008,"id":1453385837},"status":{"code":0}},"data":""}}
2026-06-17 11:28:49,451 [INFO] root: > message sent: {"type": "req", "topic": "rt/api/sport/request", "data": {"header": {"identity": {"id": 1453386055, "api_id": 1008}}, "parameter": "{\"x\": 1.0, \"y\": 0, \"z\": -0.0}"}}
2026-06-17 11:28:49,462 [INFO] root: Received message on data channel: {"type":"res","topic":"rt/api/sport/response","data":{"header":{"identity":{"api_id":1008,"id":1453386055},"status":{"code":0}},"data":""}}
2026-06-17 11:28:49,566 [INFO] root: > message sent: {"type": "req", "topic": "rt/api/sport/request", "data": {"header": {"identity": {"id": 1453385996, "api_id": 1008}}, "parameter": "{\"x\": 1.0, \"y\": 0, \"z\": -0.0}"}}
2026-06-17 11:28:49,598 [INFO] root: Received message on data channel: {"type":"res","topic":"rt/api/sport/response","data":{"header":{"identity":{"api_id":1008,"id":1453385996},"status":{"code":0}},"data":""}}
2026-06-17 11:28:49,706 [INFO] go2_survey.vision.frames: Captured frame | 1280x720 | age=0.091s | corrupt=False Δtarget=-0.023s
2026-06-17 11:28:49,767 [INFO] go2_survey.vision.geotag: Wrote geotagged capture: leg01_m001_b346_2026-06-17T11-28-49.jpg + leg01_m001_b346_2026-06-17T11-28-49.json
2026-06-17 11:28:49,768 [INFO] go2_survey.navigator: ------------------------------------------------------------
2026-06-17 11:28:49,768 [INFO] go2_survey.navigator: ------------ CAPTURE leg01 mark 1 @ 1.0m | n=1 -------------
2026-06-17 11:28:49,768 [INFO] go2_survey.navigator: ------------------------------------------------------------
2026-06-17 11:28:49,769 [INFO] root: > message sent: {"type": "req", "topic": "rt/api/sport/request", "data": {"header": {"identity": {"id": 1453385707, "api_id": 1008}}, "parameter": "{\"x\": 1.0, \"y\": 0, \"z\": -0.36466057635792964}"}}
2026-06-17 11:28:49,820 [INFO] root: Received message on data channel: {"type":"res","topic":"rt/api/sport/response","data":{"header":{"identity":{"api_id":1008,"id":1453385707},"status":{"code":0}},"data":""}}
2026-06-17 11:28:49,923 [INFO] root: > message sent: {"type": "req", "topic": "rt/api/sport/request", "data": {"header": {"identity": {"id": 1453386171, "api_id": 1008}}, "parameter": "{\"x\": 1.0, \"y\": 0, \"z\": -0.3927362408255803}"}}
2026-06-17 11:28:49,959 [INFO] root: Received message on data channel: {"type":"res","topic":"rt/api/sport/response","data":{"header":{"identity":{"api_id":1008,"id":1453386171},"status":{"code":0}},"data":""}}
2026-06-17 11:28:50,062 [INFO] root: > message sent: {"type": "req", "topic": "rt/api/sport/request", "data": {"header": {"identity": {"id": 1453386000, "api_id": 1008}}, "parameter": "{\"x\": 1.0, \"y\": 0, \"z\": -0.4153474697798424}"}}
2026-06-17 11:28:50,088 [INFO] root: Received message on data channel: {"type":"res","topic":"rt/api/sport/response","data":{"header":{"identity":{"api_id":1008,"id":1453386000},"status":{"code":0}},"data":""}}
2026-06-17 11:28:50,190 [INFO] root: > message sent: {"type": "req", "topic": "rt/api/sport/request", "data": {"header": {"identity": {"id": 1453386767, "api_id": 1008}}, "parameter": "{\"x\": 1.0, \"y\": 0, \"z\": -0.4153474697798424}"}}
2026-06-17 11:28:50,240 [INFO] root: Received message on data channel: {"type":"res","topic":"rt/api/sport/response","data":{"header":{"identity":{"api_id":1008,"id":1453386767},"status":{"code":0}},"data":""}}
2026-06-17 11:28:50,242 [INFO] go2_survey.navigator: NAV [cross_track] leg01 | along=1.4/50.7m cross=0.74m hdg_err=27.7° cog=330° fix=6
2026-06-17 11:28:50,346 [INFO] root: > message sent: {"type": "req", "topic": "rt/api/sport/request", "data": {"header": {"identity": {"id": 1453386469, "api_id": 1008}}, "parameter": "{\"x\": 1.0, \"y\": 0, \"z\": -0.42854355339313854}"}}
2026-06-17 11:28:50,389 [INFO] root: Received message on data channel: {"type":"res","topic":"rt/api/sport/response","data":{"header":{"identity":{"api_id":1008,"id":1453386469},"status":{"code":0}},"data":""}}
2026-06-17 11:28:50,491 [INFO] root: > message sent: {"type": "req", "topic": "rt/api/sport/request", "data": {"header": {"identity": {"id": 1453386859, "api_id": 1008}}, "parameter": "{\"x\": 1.0, \"y\": 0, \"z\": -0.44470028837913106}"}}
2026-06-17 11:28:50,556 [INFO] root: Received message on data channel: {"type":"res","topic":"rt/api/sport/response","data":{"header":{"identity":{"api_id":1008,"id":1453386859},"status":{"code":0}},"data":""}}
2026-06-17 11:28:50,609 [WARNING] aiortc.codecs.h264: H264Decoder() failed to decode, skipping package: [Errno 1094995529] Invalid data found when processing input: 'avcodec_send_packet()'
2026-06-17 11:28:50,660 [INFO] go2_survey.vision.frames: Captured frame | 1280x720 | age=0.061s | corrupt=False Δtarget=-0.051s
2026-06-17 11:28:50,712 [INFO] go2_survey.vision.geotag: Wrote geotagged capture: leg01_m002_b346_2026-06-17T11-28-50.jpg + leg01_m002_b346_2026-06-17T11-28-50.json
2026-06-17 11:28:50,712 [INFO] go2_survey.navigator: ------------------------------------------------------------
2026-06-17 11:28:50,713 [INFO] go2_survey.navigator: ------------ CAPTURE leg01 mark 2 @ 2.0m | n=1 -------------
2026-06-17 11:28:50,713 [INFO] go2_survey.navigator: ------------------------------------------------------------
2026-06-17 11:28:50,714 [INFO] root: > message sent: {"type": "req", "topic": "rt/api/sport/request", "data": {"header": {"identity": {"id": 1453387405, "api_id": 1008}}, "parameter": "{\"x\": 1.0, \"y\": 0, \"z\": -0.4349665810739151}"}}
2026-06-17 11:28:50,748 [INFO] root: Received message on data channel: {"type":"res","topic":"rt/api/sport/response","data":{"header":{"identity":{"api_id":1008,"id":1453387405},"status":{"code":0}},"data":""}}
2026-06-17 11:28:50,850 [INFO] root: > message sent: {"type": "req", "topic": "rt/api/sport/request", "data": {"header": {"identity": {"id": 1453386810, "api_id": 1008}}, "parameter": "{\"x\": 1.0, \"y\": 0, \"z\": -0.4163508489323718}"}}
2026-06-17 11:28:50,867 [INFO] root: Received message on data channel: {"type":"res","topic":"rt/api/sport/response","data":{"header":{"identity":{"api_id":1008,"id":1453386810},"status":{"code":0}},"data":""}}
2026-06-17 11:28:50,969 [INFO] root: > message sent: {"type": "req", "topic": "rt/api/sport/request", "data": {"header": {"identity": {"id": 1453386777, "api_id": 1008}}, "parameter": "{\"x\": 1.0, \"y\": 0, \"z\": -0.4163508489323718}"}}
2026-06-17 11:28:51,000 [INFO] root: Received message on data channel: {"type":"res","topic":"rt/api/sport/response","data":{"header":{"identity":{"api_id":1008,"id":1453386777},"status":{"code":0}},"data":""}}
2026-06-17 11:28:51,104 [INFO] root: > message sent: {"type": "req", "topic": "rt/api/sport/request", "data": {"header": {"identity": {"id": 1453387276, "api_id": 1008}}, "parameter": "{\"x\": 1.0, \"y\": 0, \"z\": -0.3853830255429463}"}}
2026-06-17 11:28:51,201 [INFO] root: > message sent: {"type": "heartbeat", "topic": "", "data": {"timeInStr": "2026-06-17 11:28:51", "timeInNum": 1781717331}}
2026-06-17 11:28:51,263 [INFO] root: Received message on data channel: {"type":"res","topic":"rt/api/sport/response","data":{"header":{"identity":{"api_id":1008,"id":1453387276},"status":{"code":0}},"data":""}}
2026-06-17 11:28:51,266 [INFO] root: Received message on data channel: {"type":"heartbeat"}
2026-06-17 11:28:51,266 [INFO] root: Heartbeat response received.
2026-06-17 11:28:51,333 [INFO] go2_survey.health: HEALTH  batt 93% -7.7A est… · motors 50°C max RR_thigh
2026-06-17 11:28:51,367 [INFO] root: > message sent: {"type": "req", "topic": "rt/api/sport/request", "data": {"header": {"identity": {"id": 1453387804, "api_id": 1008}}, "parameter": "{\"x\": 1.0, \"y\": 0, \"z\": -0.3161660930406722}"}}
2026-06-17 11:28:51,420 [INFO] root: Received message on data channel: {"type":"res","topic":"rt/api/sport/response","data":{"header":{"identity":{"api_id":1008,"id":1453387804},"status":{"code":0}},"data":""}}
2026-06-17 11:28:51,523 [INFO] root: > message sent: {"type": "req", "topic": "rt/api/sport/request", "data": {"header": {"identity": {"id": 1453388202, "api_id": 1008}}, "parameter": "{\"x\": 1.0, \"y\": 0, \"z\": -0.24686695352324847}"}}
2026-06-17 11:28:51,547 [INFO] root: Received message on data channel: {"type":"res","topic":"rt/api/sport/response","data":{"header":{"identity":{"api_id":1008,"id":1453388202},"status":{"code":0}},"data":""}}
2026-06-17 11:28:51,651 [INFO] root: > message sent: {"type": "req", "topic": "rt/api/sport/request", "data": {"header": {"identity": {"id": 1453388437, "api_id": 1008}}, "parameter": "{\"x\": 1.0, \"y\": 0, \"z\": -0.17367064582137487}"}}
2026-06-17 11:28:51,693 [INFO] root: Received message on data channel: {"type":"res","topic":"rt/api/sport/response","data":{"header":{"identity":{"api_id":1008,"id":1453388437},"status":{"code":0}},"data":""}}
2026-06-17 11:28:51,796 [INFO] go2_survey.vision.frames: Captured frame | 1280x720 | age=0.090s | corrupt=False Δtarget=+0.004s
2026-06-17 11:28:51,857 [INFO] go2_survey.vision.geotag: Wrote geotagged capture: leg01_m003_b346_2026-06-17T11-28-51.jpg + leg01_m003_b346_2026-06-17T11-28-51.json
2026-06-17 11:28:51,858 [INFO] go2_survey.navigator: ------------------------------------------------------------
2026-06-17 11:28:51,858 [INFO] go2_survey.navigator: ------------ CAPTURE leg01 mark 3 @ 3.0m | n=1 -------------
2026-06-17 11:28:51,858 [INFO] go2_survey.navigator: ------------------------------------------------------------
2026-06-17 11:28:51,859 [INFO] root: > message sent: {"type": "req", "topic": "rt/api/sport/request", "data": {"header": {"identity": {"id": 1453388220, "api_id": 1008}}, "parameter": "{\"x\": 1.0, \"y\": 0, \"z\": -0.09040050114461451}"}}
2026-06-17 11:28:51,913 [INFO] root: Received message on data channel: {"type":"res","topic":"rt/api/sport/response","data":{"header":{"identity":{"api_id":1008,"id":1453388220},"status":{"code":0}},"data":""}}
2026-06-17 11:28:52,015 [INFO] root: > message sent: {"type": "req", "topic": "rt/api/sport/request", "data": {"header": {"identity": {"id": 1453387981, "api_id": 1008}}, "parameter": "{\"x\": 1.0, \"y\": 0, \"z\": -0.045685290673163764}"}}
2026-06-17 11:28:52,139 [INFO] root: Received message on data channel: {"type":"res","topic":"rt/api/sport/response","data":{"header":{"identity":{"api_id":1008,"id":1453387981},"status":{"code":0}},"data":""}}
2026-06-17 11:28:52,243 [INFO] root: > message sent: {"type": "req", "topic": "rt/api/sport/request", "data": {"header": {"identity": {"id": 1453388877, "api_id": 1008}}, "parameter": "{\"x\": 1.0, \"y\": 0, \"z\": 0.011566625728850113}"}}
2026-06-17 11:28:52,264 [INFO] root: Received message on data channel: {"type":"res","topic":"rt/api/sport/response","data":{"header":{"identity":{"api_id":1008,"id":1453388877},"status":{"code":0}},"data":""}}
2026-06-17 11:28:52,264 [INFO] go2_survey.navigator: NAV [cross_track] leg01 | along=3.5/50.7m cross=0.71m hdg_err=-0.8° cog=358° fix=6
2026-06-17 11:28:52,366 [INFO] root: > message sent: {"type": "req", "topic": "rt/api/sport/request", "data": {"header": {"identity": {"id": 1453388330, "api_id": 1008}}, "parameter": "{\"x\": 1.0, \"y\": 0, \"z\": 0.011566625728850113}"}}
2026-06-17 11:28:52,382 [INFO] root: Received message on data channel: {"type":"res","topic":"rt/api/sport/response","data":{"header":{"identity":{"api_id":1008,"id":1453388330},"status":{"code":0}},"data":""}}
2026-06-17 11:28:52,485 [INFO] root: > message sent: {"type": "req", "topic": "rt/api/sport/request", "data": {"header": {"identity": {"id": 1453388426, "api_id": 1008}}, "parameter": "{\"x\": 1.0, \"y\": 0, \"z\": 0.05773944065727278}"}}
2026-06-17 11:28:52,539 [INFO] root: Received message on data channel: {"type":"res","topic":"rt/api/sport/response","data":{"header":{"identity":{"api_id":1008,"id":1453388426},"status":{"code":0}},"data":""}}
2026-06-17 11:28:52,644 [INFO] root: > message sent: {"type": "req", "topic": "rt/api/sport/request", "data": {"header": {"identity": {"id": 1453388894, "api_id": 1008}}, "parameter": "{\"x\": 1.0, \"y\": 0, \"z\": 0.058875559926930804}"}}
2026-06-17 11:28:52,672 [INFO] root: Received message on data channel: {"type":"res","topic":"rt/api/sport/response","data":{"header":{"identity":{"api_id":1008,"id":1453388894},"status":{"code":0}},"data":""}}
2026-06-17 11:28:52,774 [INFO] root: > message sent: {"type": "req", "topic": "rt/api/sport/request", "data": {"header": {"identity": {"id": 1453389503, "api_id": 1008}}, "parameter": "{\"x\": 1.0, \"y\": 0, \"z\": 0.058875559926930804}"}}
2026-06-17 11:28:52,836 [INFO] root: Received message on data channel: {"type":"res","topic":"rt/api/sport/response","data":{"header":{"identity":{"api_id":1008,"id":1453389503},"status":{"code":0}},"data":""}}
2026-06-17 11:28:52,859 [WARNING] aiortc.codecs.h264: H264Decoder() failed to decode, skipping package: [Errno 1094995529] Invalid data found when processing input: 'avcodec_send_packet()'
2026-06-17 11:28:52,938 [INFO] go2_survey.vision.frames: Captured frame | 1280x720 | age=0.110s | corrupt=False Δtarget=-0.059s
2026-06-17 11:28:53,000 [INFO] go2_survey.vision.geotag: Wrote geotagged capture: leg01_m004_b346_2026-06-17T11-28-52.jpg + leg01_m004_b346_2026-06-17T11-28-52.json
2026-06-17 11:28:53,000 [INFO] go2_survey.navigator: ------------------------------------------------------------
2026-06-17 11:28:53,001 [INFO] go2_survey.navigator: ------------ CAPTURE leg01 mark 4 @ 4.0m | n=1 -------------
2026-06-17 11:28:53,001 [INFO] go2_survey.navigator: ------------------------------------------------------------
2026-06-17 11:28:53,001 [INFO] root: > message sent: {"type": "req", "topic": "rt/api/sport/request", "data": {"header": {"identity": {"id": 1453389276, "api_id": 1008}}, "parameter": "{\"x\": 1.0, \"y\": 0, \"z\": 0.09378306873567424}"}}
2026-06-17 11:28:53,090 [INFO] root: Received message on data channel: {"type":"res","topic":"rt/api/sport/response","data":{"header":{"identity":{"api_id":1008,"id":1453389276},"status":{"code":0}},"data":""}}
2026-06-17 11:28:53,139 [WARNING] aiortc.codecs.h264: H264Decoder() failed to decode, skipping package: [Errno 1094995529] Invalid data found when processing input: 'avcodec_send_packet()'
2026-06-17 11:28:53,193 [INFO] root: > message sent: {"type": "req", "topic": "rt/api/sport/request", "data": {"header": {"identity": {"id": 1453389728, "api_id": 1008}}, "parameter": "{\"x\": 1.0, \"y\": 0, \"z\": 0.10329579782707299}"}}
2026-06-17 11:28:53,198 [WARNING] aiortc.codecs.h264: H264Decoder() failed to decode, skipping package: [Errno 1094995529] Invalid data found when processing input: 'avcodec_send_packet()'
2026-06-17 11:28:53,203 [INFO] root: > message sent: {"type": "heartbeat", "topic": "", "data": {"timeInStr": "2026-06-17 11:28:53", "timeInNum": 1781717333}}
2026-06-17 11:28:53,243 [INFO] root: Received message on data channel: {"type":"res","topic":"rt/api/sport/response","data":{"header":{"identity":{"api_id":1008,"id":1453389728},"status":{"code":0}},"data":""}}
2026-06-17 11:28:53,245 [INFO] root: Received message on data channel: {"type":"heartbeat"}
2026-06-17 11:28:53,245 [INFO] root: Heartbeat response received.
2026-06-17 11:28:53,281 [WARNING] aiortc.codecs.h264: H264Decoder() failed to decode, skipping package: [Errno 1094995529] Invalid data found when processing input: 'avcodec_send_packet()'
2026-06-17 11:28:53,346 [INFO] root: > message sent: {"type": "req", "topic": "rt/api/sport/request", "data": {"header": {"identity": {"id": 1453389433, "api_id": 1008}}, "parameter": "{\"x\": 1.0, \"y\": 0, \"z\": 0.11902651129806145}"}}
2026-06-17 11:28:53,349 [WARNING] aiortc.codecs.h264: H264Decoder() failed to decode, skipping package: [Errno 1094995529] Invalid data found when processing input: 'avcodec_send_packet()'
2026-06-17 11:28:53,372 [INFO] root: Received message on data channel: {"type":"res","topic":"rt/api/sport/response","data":{"header":{"identity":{"api_id":1008,"id":1453389433},"status":{"code":0}},"data":""}}
2026-06-17 11:28:53,480 [INFO] root: > message sent: {"type": "req", "topic": "rt/api/sport/request", "data": {"header": {"identity": {"id": 1453390010, "api_id": 1008}}, "parameter": "{\"x\": 1.0, \"y\": 0, \"z\": 0.12270216198916443}"}}
2026-06-17 11:28:53,540 [INFO] root: Received message on data channel: {"type":"res","topic":"rt/api/sport/response","data":{"header":{"identity":{"api_id":1008,"id":1453390010},"status":{"code":0}},"data":""}}
2026-06-17 11:28:53,644 [INFO] root: > message sent: {"type": "req", "topic": "rt/api/sport/request", "data": {"header": {"identity": {"id": 1453390254, "api_id": 1008}}, "parameter": "{\"x\": 1.0, \"y\": 0, \"z\": 0.09131920939678309}"}}
2026-06-17 11:28:53,672 [INFO] root: Received message on data channel: {"type":"res","topic":"rt/api/sport/response","data":{"header":{"identity":{"api_id":1008,"id":1453390254},"status":{"code":0}},"data":""}}
2026-06-17 11:28:53,765 [WARNING] aiortc.codecs.h264: H264Decoder() failed to decode, skipping package: [Errno 1094995529] Invalid data found when processing input: 'avcodec_send_packet()'
2026-06-17 11:28:53,774 [INFO] root: > message sent: {"type": "req", "topic": "rt/api/sport/request", "data": {"header": {"identity": {"id": 1453390202, "api_id": 1008}}, "parameter": "{\"x\": 1.0, \"y\": 0, \"z\": 0.09131920939678309}"}}
2026-06-17 11:28:53,843 [INFO] root: Received message on data channel: {"type":"res","topic":"rt/api/sport/response","data":{"header":{"identity":{"api_id":1008,"id":1453390202},"status":{"code":0}},"data":""}}
2026-06-17 11:28:53,876 [WARNING] aiortc.codecs.h264: H264Decoder() failed to decode, skipping package: [Errno 1094995529] Invalid data found when processing input: 'avcodec_send_packet()'
2026-06-17 11:28:53,934 [WARNING] aiortc.codecs.h264: H264Decoder() failed to decode, skipping package: [Errno 1094995529] Invalid data found when processing input: 'avcodec_send_packet()'
2026-06-17 11:28:53,946 [INFO] root: > message sent: {"type": "req", "topic": "rt/api/sport/request", "data": {"header": {"identity": {"id": 1453389912, "api_id": 1008}}, "parameter": "{\"x\": 1.0, \"y\": 0, \"z\": 0.10429295329459137}"}}
2026-06-17 11:28:53,984 [WARNING] aiortc.codecs.h264: H264Decoder() failed to decode, skipping package: [Errno 1094995529] Invalid data found when processing input: 'avcodec_send_packet()'
2026-06-17 11:28:54,016 [INFO] root: Received message on data channel: {"type":"res","topic":"rt/api/sport/response","data":{"header":{"identity":{"api_id":1008,"id":1453389912},"status":{"code":0}},"data":""}}
2026-06-17 11:28:54,050 [WARNING] aiortc.codecs.h264: H264Decoder() failed to decode, skipping package: [Errno 1094995529] Invalid data found when processing input: 'avcodec_send_packet()'
2026-06-17 11:28:54,113 [WARNING] aiortc.codecs.h264: H264Decoder() failed to decode, skipping package: [Errno 1094995529] Invalid data found when processing input: 'avcodec_send_packet()'
2026-06-17 11:28:54,118 [INFO] go2_survey.vision.frames: Captured frame | 1280x720 | age=0.370s | corrupt=False Δtarget=-0.213s
2026-06-17 11:28:54,185 [INFO] go2_survey.vision.geotag: Wrote geotagged capture: leg01_m005_b346_2026-06-17T11-28-54.jpg + leg01_m005_b346_2026-06-17T11-28-54.json
2026-06-17 11:28:54,185 [INFO] go2_survey.navigator: ------------------------------------------------------------
2026-06-17 11:28:54,185 [INFO] go2_survey.navigator: ------------ CAPTURE leg01 mark 5 @ 5.0m | n=1 -------------
2026-06-17 11:28:54,186 [INFO] go2_survey.navigator: ------------------------------------------------------------
2026-06-17 11:28:54,186 [INFO] root: > message sent: {"type": "req", "topic": "rt/api/sport/request", "data": {"header": {"identity": {"id": 1453390760, "api_id": 1008}}, "parameter": "{\"x\": 1.0, \"y\": 0, \"z\": 0.10186697297659719}"}}
2026-06-17 11:28:54,224 [INFO] root: Received message on data channel: {"type":"res","topic":"rt/api/sport/response","data":{"header":{"identity":{"api_id":1008,"id":1453390760},"status":{"code":0}},"data":""}}
2026-06-17 11:28:54,327 [INFO] go2_survey.navigator: IMU RUNNING RECAL | offset 44.1° (fresh 27.9°, Δ -0.08°)
2026-06-17 11:28:54,328 [INFO] root: > message sent: {"type": "req", "topic": "rt/api/sport/request", "data": {"header": {"identity": {"id": 1453390868, "api_id": 1008}}, "parameter": "{\"x\": 1.0, \"y\": 0, \"z\": 0.08544997893460618}"}}
2026-06-17 11:28:54,931 [INFO] root: Received message on data channel: {"type":"res","topic":"rt/api/sport/response","data":{"header":{"identity":{"api_id":1008,"id":1453390868},"status":{"code":0}},"data":""}}
2026-06-17 11:28:54,932 [INFO] go2_survey.navigator: NAV [cross_track] leg01 | along=5.4/50.7m cross=0.31m hdg_err=-5.7° cog=357° fix=6
2026-06-17 11:28:55,034 [INFO] go2_survey.vision.frames: Captured frame | 1280x720 | age=0.116s | corrupt=False Δtarget=-0.023s
2026-06-17 11:28:55,095 [INFO] go2_survey.vision.geotag: Wrote geotagged capture: leg01_m006_b346_2026-06-17T11-28-55.jpg + leg01_m006_b346_2026-06-17T11-28-55.json
2026-06-17 11:28:55,095 [INFO] go2_survey.navigator: ------------------------------------------------------------
2026-06-17 11:28:55,095 [INFO] go2_survey.navigator: ------------ CAPTURE leg01 mark 6 @ 6.0m | n=1 -------------
2026-06-17 11:28:55,096 [INFO] go2_survey.navigator: ------------------------------------------------------------
2026-06-17 11:28:55,100 [INFO] root: > message sent: {"type": "req", "topic": "rt/api/sport/request", "data": {"header": {"identity": {"id": 1453391632, "api_id": 1008}}, "parameter": "{\"x\": 1.0, \"y\": 0, \"z\": 0.042905624073346756}"}}
2026-06-17 11:28:55,135 [INFO] root: Received message on data channel: {"type":"res","topic":"rt/api/sport/response","data":{"header":{"identity":{"api_id":1008,"id":1453391632},"status":{"code":0}},"data":""}}
2026-06-17 11:28:55,205 [INFO] root: > message sent: {"type": "heartbeat", "topic": "", "data": {"timeInStr": "2026-06-17 11:28:55", "timeInNum": 1781717335}}
2026-06-17 11:28:55,221 [INFO] root: Received message on data channel: {"type":"heartbeat"}
2026-06-17 11:28:55,222 [INFO] root: Heartbeat response received.
2026-06-17 11:28:55,239 [INFO] root: > message sent: {"type": "req", "topic": "rt/api/sport/request", "data": {"header": {"identity": {"id": 1453391550, "api_id": 1008}}, "parameter": "{\"x\": 1.0, \"y\": 0, \"z\": 0.0021156793789043602}"}}
2026-06-17 11:28:55,259 [INFO] root: Received message on data channel: {"type":"res","topic":"rt/api/sport/response","data":{"header":{"identity":{"api_id":1008,"id":1453391550},"status":{"code":0}},"data":""}}
2026-06-17 11:28:55,362 [INFO] root: > message sent: {"type": "req", "topic": "rt/api/sport/request", "data": {"header": {"identity": {"id": 1453391893, "api_id": 1008}}, "parameter": "{\"x\": 1.0, \"y\": 0, \"z\": 0.0021156793789043602}"}}
2026-06-17 11:28:55,397 [INFO] root: Received message on data channel: {"type":"res","topic":"rt/api/sport/response","data":{"header":{"identity":{"api_id":1008,"id":1453391893},"status":{"code":0}},"data":""}}
2026-06-17 11:28:55,501 [INFO] root: > message sent: {"type": "req", "topic": "rt/api/sport/request", "data": {"header": {"identity": {"id": 1453392055, "api_id": 1008}}, "parameter": "{\"x\": 1.0, \"y\": 0, \"z\": -0.027287330548325883}"}}
2026-06-17 11:28:55,531 [INFO] root: Received message on data channel: {"type":"res","topic":"rt/api/sport/response","data":{"header":{"identity":{"api_id":1008,"id":1453392055},"status":{"code":0}},"data":""}}
2026-06-17 11:28:55,636 [INFO] root: > message sent: {"type": "req", "topic": "rt/api/sport/request", "data": {"header": {"identity": {"id": 1453391801, "api_id": 1008}}, "parameter": "{\"x\": 1.0, \"y\": 0, \"z\": -0.013589538108456622}"}}
2026-06-17 11:28:55,732 [INFO] root: Received message on data channel: {"type":"res","topic":"rt/api/sport/response","data":{"header":{"identity":{"api_id":1008,"id":1453391801},"status":{"code":0}},"data":""}}
2026-06-17 11:28:55,836 [INFO] root: > message sent: {"type": "req", "topic": "rt/api/sport/request", "data": {"header": {"identity": {"id": 1453392127, "api_id": 1008}}, "parameter": "{\"x\": 1.0, \"y\": 0, \"z\": -0.02212838323844153}"}}
2026-06-17 11:28:55,855 [INFO] root: Received message on data channel: {"type":"res","topic":"rt/api/sport/response","data":{"header":{"identity":{"api_id":1008,"id":1453392127},"status":{"code":0}},"data":""}}
2026-06-17 11:28:55,903 [INFO] root: Received message on data channel: {"type":"rtc_inner_req","info":{"req_type":"rtt_probe_send_from_mechine","send_time_stamp":1781717335,"uuid":"6a6d2d5f-3eba-4cd1-ae0d-7d73b330947c"}}
2026-06-17 11:28:55,904 [INFO] root: > message sent: {"type": "rtc_inner_req", "topic": "", "data": {"req_type": "rtt_probe_send_from_mechine", "send_time_stamp": 1781717335, "uuid": "6a6d2d5f-3eba-4cd1-ae0d-7d73b330947c"}}
2026-06-17 11:28:55,957 [INFO] root: > message sent: {"type": "req", "topic": "rt/api/sport/request", "data": {"header": {"identity": {"id": 1453392568, "api_id": 1008}}, "parameter": "{\"x\": 1.0, \"y\": 0, \"z\": -0.02212838323844153}"}}
2026-06-17 11:28:55,967 [INFO] root: Received message on data channel: {"type":"res","topic":"rt/api/sport/response","data":{"header":{"identity":{"api_id":1008,"id":1453392568},"status":{"code":0}},"data":""}}
2026-06-17 11:28:56,070 [INFO] go2_survey.vision.frames: Captured frame | 1280x720 | age=0.018s | corrupt=False Δtarget=-0.017s
2026-06-17 11:28:56,146 [INFO] go2_survey.vision.geotag: Wrote geotagged capture: leg01_m007_b346_2026-06-17T11-28-56.jpg + leg01_m007_b346_2026-06-17T11-28-56.json
2026-06-17 11:28:56,146 [INFO] go2_survey.navigator: ------------------------------------------------------------
2026-06-17 11:28:56,147 [INFO] go2_survey.navigator: ------------ CAPTURE leg01 mark 7 @ 7.0m | n=1 -------------
2026-06-17 11:28:56,147 [INFO] go2_survey.navigator: ------------------------------------------------------------
2026-06-17 11:28:56,148 [INFO] root: > message sent: {"type": "req", "topic": "rt/api/sport/request", "data": {"header": {"identity": {"id": 1453392402, "api_id": 1008}}, "parameter": "{\"x\": 1.0, \"y\": 0, \"z\": -0.03447635741924813}"}}
2026-06-17 11:28:56,180 [INFO] root: Received message on data channel: {"type":"res","topic":"rt/api/sport/response","data":{"header":{"identity":{"api_id":1008,"id":1453392402},"status":{"code":0}},"data":""}}
2026-06-17 11:28:56,283 [INFO] root: > message sent: {"type": "req", "topic": "rt/api/sport/request", "data": {"header": {"identity": {"id": 1453392126, "api_id": 1008}}, "parameter": "{\"x\": 1.0, \"y\": 0, \"z\": -0.05704769364191577}"}}
2026-06-17 11:28:56,309 [INFO] root: Received message on data channel: {"type":"res","topic":"rt/api/sport/response","data":{"header":{"identity":{"api_id":1008,"id":1453392126},"status":{"code":0}},"data":""}}
2026-06-17 11:28:56,413 [INFO] root: > message sent: {"type": "req", "topic": "rt/api/sport/request", "data": {"header": {"identity": {"id": 1453392878, "api_id": 1008}}, "parameter": "{\"x\": 1.0, \"y\": 0, \"z\": -0.06354989924285291}"}}
2026-06-17 11:28:56,441 [INFO] root: Received message on data channel: {"type":"res","topic":"rt/api/sport/response","data":{"header":{"identity":{"api_id":1008,"id":1453392878},"status":{"code":0}},"data":""}}
2026-06-17 11:28:56,442 [INFO] go2_survey.navigator: NAV [cross_track] leg01 | along=7.4/50.7m cross=0.27m hdg_err=4.2° cog=347° fix=6
2026-06-17 11:28:56,544 [INFO] root: > message sent: {"type": "req", "topic": "rt/api/sport/request", "data": {"header": {"identity": {"id": 1453392543, "api_id": 1008}}, "parameter": "{\"x\": 1.0, \"y\": 0, \"z\": -0.06354989924285291}"}}
2026-06-17 11:28:56,599 [INFO] root: Received message on data channel: {"type":"res","topic":"rt/api/sport/response","data":{"header":{"identity":{"api_id":1008,"id":1453392543},"status":{"code":0}},"data":""}}
2026-06-17 11:28:56,702 [INFO] root: > message sent: {"type": "req", "topic": "rt/api/sport/request", "data": {"header": {"identity": {"id": 1453392578, "api_id": 1008}}, "parameter": "{\"x\": 1.0, \"y\": 0, \"z\": -0.07110603472454784}"}}
2026-06-17 11:28:56,730 [INFO] root: Received message on data channel: {"type":"res","topic":"rt/api/sport/response","data":{"header":{"identity":{"api_id":1008,"id":1453392578},"status":{"code":0}},"data":""}}
2026-06-17 11:28:56,832 [INFO] root: > message sent: {"type": "req", "topic": "rt/api/sport/request", "data": {"header": {"identity": {"id": 1453393345, "api_id": 1008}}, "parameter": "{\"x\": 1.0, \"y\": 0, \"z\": -0.07660634510448176}"}}
2026-06-17 11:28:56,870 [INFO] root: Received message on data channel: {"type":"res","topic":"rt/api/sport/response","data":{"header":{"identity":{"api_id":1008,"id":1453393345},"status":{"code":0}},"data":""}}
2026-06-17 11:28:56,974 [INFO] root: > message sent: {"type": "req", "topic": "rt/api/sport/request", "data": {"header": {"identity": {"id": 1453393108, "api_id": 1008}}, "parameter": "{\"x\": 1.0, \"y\": 0, \"z\": -0.07660634510448176}"}}
2026-06-17 11:28:57,010 [INFO] root: Received message on data channel: {"type":"res","topic":"rt/api/sport/response","data":{"header":{"identity":{"api_id":1008,"id":1453393108},"status":{"code":0}},"data":""}}
2026-06-17 11:28:57,114 [INFO] root: > message sent: {"type": "req", "topic": "rt/api/sport/request", "data": {"header": {"identity": {"id": 1453393770, "api_id": 1008}}, "parameter": "{\"x\": 1.0, \"y\": 0, \"z\": -0.0866378992554678}"}}
2026-06-17 11:28:57,146 [INFO] root: Received message on data channel: {"type":"res","topic":"rt/api/sport/response","data":{"header":{"identity":{"api_id":1008,"id":1453393770},"status":{"code":0}},"data":""}}
2026-06-17 11:28:57,207 [INFO] root: > message sent: {"type": "heartbeat", "topic": "", "data": {"timeInStr": "2026-06-17 11:28:57", "timeInNum": 1781717337}}
2026-06-17 11:28:57,216 [INFO] root: Received message on data channel: {"type":"heartbeat"}
2026-06-17 11:28:57,217 [INFO] root: Heartbeat response received.
2026-06-17 11:28:57,248 [INFO] go2_survey.vision.frames: Captured frame | 1280x720 | age=0.077s | corrupt=False Δtarget=+0.026s
2026-06-17 11:28:57,322 [INFO] go2_survey.vision.geotag: Wrote geotagged capture: leg01_m008_b346_2026-06-17T11-28-57.jpg + leg01_m008_b346_2026-06-17T11-28-57.json
2026-06-17 11:28:57,323 [INFO] go2_survey.navigator: ------------------------------------------------------------
2026-06-17 11:28:57,323 [INFO] go2_survey.navigator: ------------ CAPTURE leg01 mark 8 @ 8.0m | n=1 -------------
2026-06-17 11:28:57,323 [INFO] go2_survey.navigator: ------------------------------------------------------------
2026-06-17 11:28:57,325 [INFO] root: > message sent: {"type": "req", "topic": "rt/api/sport/request", "data": {"header": {"identity": {"id": 1453394095, "api_id": 1008}}, "parameter": "{\"x\": 1.0, \"y\": 0, \"z\": -0.07936732901959175}"}}
2026-06-17 11:28:57,362 [INFO] root: Received message on data channel: {"type":"res","topic":"rt/api/sport/response","data":{"header":{"identity":{"api_id":1008,"id":1453394095},"status":{"code":0}},"data":""}}
2026-06-17 11:28:57,465 [INFO] root: > message sent: {"type": "req", "topic": "rt/api/sport/request", "data": {"header": {"identity": {"id": 1453394026, "api_id": 1008}}, "parameter": "{\"x\": 1.0, \"y\": 0, \"z\": -0.09786053528837214}"}}
2026-06-17 11:28:57,561 [INFO] root: Received message on data channel: {"type":"res","topic":"rt/api/sport/response","data":{"header":{"identity":{"api_id":1008,"id":1453394026},"status":{"code":0}},"data":""}}
2026-06-17 11:28:57,665 [INFO] root: > message sent: {"type": "req", "topic": "rt/api/sport/request", "data": {"header": {"identity": {"id": 1453394016, "api_id": 1008}}, "parameter": "{\"x\": 1.0, \"y\": 0, \"z\": -0.08751961374899053}"}}
2026-06-17 11:28:57,719 [INFO] root: Received message on data channel: {"type":"res","topic":"rt/api/sport/response","data":{"header":{"identity":{"api_id":1008,"id":1453394016},"status":{"code":0}},"data":""}}
2026-06-17 11:28:57,823 [INFO] root: > message sent: {"type": "req", "topic": "rt/api/sport/request", "data": {"header": {"identity": {"id": 1453393821, "api_id": 1008}}, "parameter": "{\"x\": 1.0, \"y\": 0, \"z\": -0.06170130996035794}"}}
2026-06-17 11:28:57,869 [INFO] root: Received message on data channel: {"type":"res","topic":"rt/api/sport/response","data":{"header":{"identity":{"api_id":1008,"id":1453393821},"status":{"code":0}},"data":""}}
2026-06-17 11:28:57,973 [INFO] root: > message sent: {"type": "req", "topic": "rt/api/sport/request", "data": {"header": {"identity": {"id": 1453394491, "api_id": 1008}}, "parameter": "{\"x\": 1.0, \"y\": 0, \"z\": -0.06170130996035794}"}}
2026-06-17 11:28:58,003 [INFO] root: Received message on data channel: {"type":"res","topic":"rt/api/sport/response","data":{"header":{"identity":{"api_id":1008,"id":1453394491},"status":{"code":0}},"data":""}}
2026-06-17 11:28:58,105 [INFO] root: > message sent: {"type": "req", "topic": "rt/api/sport/request", "data": {"header": {"identity": {"id": 1453394619, "api_id": 1008}}, "parameter": "{\"x\": 1.0, \"y\": 0, \"z\": -0.06413827261950615}"}}
2026-06-17 11:28:58,125 [INFO] root: Received message on data channel: {"type":"res","topic":"rt/api/sport/response","data":{"header":{"identity":{"api_id":1008,"id":1453394619},"status":{"code":0}},"data":""}}
2026-06-17 11:28:58,229 [INFO] go2_survey.vision.frames: Captured frame | 1280x720 | age=0.078s | corrupt=False Δtarget=-0.023s
2026-06-17 11:28:58,296 [INFO] go2_survey.vision.geotag: Wrote geotagged capture: leg01_m009_b346_2026-06-17T11-28-58.jpg + leg01_m009_b346_2026-06-17T11-28-58.json
2026-06-17 11:28:58,297 [INFO] go2_survey.navigator: ------------------------------------------------------------
2026-06-17 11:28:58,297 [INFO] go2_survey.navigator: ------------ CAPTURE leg01 mark 9 @ 9.0m | n=1 -------------
2026-06-17 11:28:58,297 [INFO] go2_survey.navigator: ------------------------------------------------------------
2026-06-17 11:28:58,298 [INFO] root: > message sent: {"type": "req", "topic": "rt/api/sport/request", "data": {"header": {"identity": {"id": 1453394180, "api_id": 1008}}, "parameter": "{\"x\": 1.0, \"y\": 0, \"z\": -0.04314501016423577}"}}
2026-06-17 11:28:58,334 [INFO] root: Received message on data channel: {"type":"res","topic":"rt/api/sport/response","data":{"header":{"identity":{"api_id":1008,"id":1453394180},"status":{"code":0}},"data":""}}
2026-06-17 11:28:58,438 [INFO] root: > message sent: {"type": "req", "topic": "rt/api/sport/request", "data": {"header": {"identity": {"id": 1453394847, "api_id": 1008}}, "parameter": "{\"x\": 1.0, \"y\": 0, \"z\": -0.01639530422479112}"}}
2026-06-17 11:28:58,480 [INFO] root: Received message on data channel: {"type":"res","topic":"rt/api/sport/response","data":{"header":{"identity":{"api_id":1008,"id":1453394847},"status":{"code":0}},"data":""}}
2026-06-17 11:28:58,481 [INFO] go2_survey.navigator: NAV [cross_track] leg01 | along=9.3/50.7m cross=0.24m hdg_err=1.1° cog=349° fix=6
2026-06-17 11:28:58,584 [INFO] root: > message sent: {"type": "req", "topic": "rt/api/sport/request", "data": {"header": {"identity": {"id": 1453395273, "api_id": 1008}}, "parameter": "{\"x\": 1.0, \"y\": 0, \"z\": -0.01639530422479112}"}}
2026-06-17 11:28:58,614 [INFO] root: Received message on data channel: {"type":"res","topic":"rt/api/sport/response","data":{"header":{"identity":{"api_id":1008,"id":1453395273},"status":{"code":0}},"data":""}}
2026-06-17 11:28:58,718 [INFO] root: > message sent: {"type": "req", "topic": "rt/api/sport/request", "data": {"header": {"identity": {"id": 1453395405, "api_id": 1008}}, "parameter": "{\"x\": 1.0, \"y\": 0, \"z\": -0.008887936183892008}"}}
2026-06-17 11:28:58,750 [INFO] root: Received message on data channel: {"type":"res","topic":"rt/api/sport/response","data":{"header":{"identity":{"api_id":1008,"id":1453395405},"status":{"code":0}},"data":""}}
2026-06-17 11:28:58,854 [INFO] root: > message sent: {"type": "req", "topic": "rt/api/sport/request", "data": {"header": {"identity": {"id": 1453394981, "api_id": 1008}}, "parameter": "{\"x\": 1.0, \"y\": 0, \"z\": 0.002554059590854649}"}}
2026-06-17 11:28:58,890 [INFO] root: Received message on data channel: {"type":"res","topic":"rt/api/sport/response","data":{"header":{"identity":{"api_id":1008,"id":1453394981},"status":{"code":0}},"data":""}}
2026-06-17 11:28:58,994 [INFO] root: > message sent: {"type": "req", "topic": "rt/api/sport/request", "data": {"header": {"identity": {"id": 1453395133, "api_id": 1008}}, "parameter": "{\"x\": 1.0, \"y\": 0, \"z\": 0.002554059590854649}"}}
2026-06-17 11:28:59,032 [INFO] root: Received message on data channel: {"type":"res","topic":"rt/api/sport/response","data":{"header":{"identity":{"api_id":1008,"id":1453395133},"status":{"code":0}},"data":""}}
2026-06-17 11:28:59,137 [INFO] root: > message sent: {"type": "req", "topic": "rt/api/sport/request", "data": {"header": {"identity": {"id": 1453395526, "api_id": 1008}}, "parameter": "{\"x\": 1.0, \"y\": 0, \"z\": -0.011204597321580535}"}}
2026-06-17 11:28:59,172 [INFO] root: Received message on data channel: {"type":"res","topic":"rt/api/sport/response","data":{"header":{"identity":{"api_id":1008,"id":1453395526},"status":{"code":0}},"data":""}}
2026-06-17 11:28:59,209 [INFO] root: > message sent: {"type": "heartbeat", "topic": "", "data": {"timeInStr": "2026-06-17 11:28:59", "timeInNum": 1781717339}}
2026-06-17 11:28:59,217 [INFO] root: Received message on data channel: {"type":"heartbeat"}
2026-06-17 11:28:59,218 [INFO] root: Heartbeat response received.
2026-06-17 11:28:59,278 [INFO] go2_survey.vision.frames: Captured frame | 1280x720 | age=0.003s | corrupt=False Δtarget=+0.014s
2026-06-17 11:28:59,356 [INFO] go2_survey.vision.geotag: Wrote geotagged capture: leg01_m010_b346_2026-06-17T11-28-59.jpg + leg01_m010_b346_2026-06-17T11-28-59.json
2026-06-17 11:28:59,356 [INFO] go2_survey.navigator: ------------------------------------------------------------
2026-06-17 11:28:59,357 [INFO] go2_survey.navigator: ----------- CAPTURE leg01 mark 10 @ 10.0m | n=1 ------------
2026-06-17 11:28:59,357 [INFO] go2_survey.navigator: ------------------------------------------------------------
2026-06-17 11:28:59,358 [INFO] go2_survey.navigator: IMU RUNNING RECAL | offset 43.2° (fresh 31.4°, Δ -0.05°)
2026-06-17 11:28:59,359 [INFO] root: > message sent: {"type": "req", "topic": "rt/api/sport/request", "data": {"header": {"identity": {"id": 1453395590, "api_id": 1008}}, "parameter": "{\"x\": 1.0, \"y\": 0, \"z\": -0.026739918376542843}"}}
2026-06-17 11:28:59,398 [INFO] root: Received message on data channel: {"type":"res","topic":"rt/api/sport/response","data":{"header":{"identity":{"api_id":1008,"id":1453395590},"status":{"code":0}},"data":""}}
2026-06-17 11:28:59,500 [INFO] root: > message sent: {"type": "req", "topic": "rt/api/sport/request", "data": {"header": {"identity": {"id": 1453395947, "api_id": 1008}}, "parameter": "{\"x\": 1.0, \"y\": 0, \"z\": -0.01289068964273298}"}}
2026-06-17 11:28:59,529 [INFO] root: Received message on data channel: {"type":"res","topic":"rt/api/sport/response","data":{"header":{"identity":{"api_id":1008,"id":1453395947},"status":{"code":0}},"data":""}}
2026-06-17 11:28:59,634 [INFO] root: > message sent: {"type": "req", "topic": "rt/api/sport/request", "data": {"header": {"identity": {"id": 1453395654, "api_id": 1008}}, "parameter": "{\"x\": 1.0, \"y\": 0, \"z\": -0.03393088529704784}"}}
2026-06-17 11:28:59,664 [INFO] root: Received message on data channel: {"type":"res","topic":"rt/api/sport/response","data":{"header":{"identity":{"api_id":1008,"id":1453395654},"status":{"code":0}},"data":""}}
2026-06-17 11:28:59,766 [INFO] root: > message sent: {"type": "req", "topic": "rt/api/sport/request", "data": {"header": {"identity": {"id": 1453395934, "api_id": 1008}}, "parameter": "{\"x\": 1.0, \"y\": 0, \"z\": -0.03393088529704784}"}}
2026-06-17 11:28:59,813 [INFO] root: Received message on data channel: {"type":"res","topic":"rt/api/sport/response","data":{"header":{"identity":{"api_id":1008,"id":1453395934},"status":{"code":0}},"data":""}}
2026-06-17 11:28:59,916 [INFO] root: > message sent: {"type": "req", "topic": "rt/api/sport/request", "data": {"header": {"identity": {"id": 1453396002, "api_id": 1008}}, "parameter": "{\"x\": 1.0, \"y\": 0, \"z\": -0.00727683419335591}"}}
2026-06-17 11:28:59,945 [INFO] root: Received message on data channel: {"type":"res","topic":"rt/api/sport/response","data":{"header":{"identity":{"api_id":1008,"id":1453396002},"status":{"code":0}},"data":""}}
2026-06-17 11:29:00,049 [INFO] root: > message sent: {"type": "req", "topic": "rt/api/sport/request", "data": {"header": {"identity": {"id": 1453396552, "api_id": 1008}}, "parameter": "{\"x\": 1.0, \"y\": 0, \"z\": -0.0013941091041166941}"}}
2026-06-17 11:29:00,257 [INFO] root: Received message on data channel: {"type":"res","topic":"rt/api/sport/response","data":{"header":{"identity":{"api_id":1008,"id":1453396552},"status":{"code":0}},"data":""}}
2026-06-17 11:29:00,360 [INFO] root: > message sent: {"type": "req", "topic": "rt/api/sport/request", "data": {"header": {"identity": {"id": 1453396727, "api_id": 1008}}, "parameter": "{\"x\": 1.0, \"y\": 0, \"z\": 0.0018470391622750525}"}}
2026-06-17 11:29:00,374 [INFO] root: Received message on data channel: {"type":"res","topic":"rt/api/sport/response","data":{"header":{"identity":{"api_id":1008,"id":1453396727},"status":{"code":0}},"data":""}}
2026-06-17 11:29:00,478 [INFO] go2_survey.vision.frames: Captured frame | 1280x720 | age=0.107s | corrupt=False Δtarget=-0.003s
2026-06-17 11:29:00,560 [INFO] go2_survey.vision.geotag: Wrote geotagged capture: leg01_m011_b346_2026-06-17T11-29-00.jpg + leg01_m011_b346_2026-06-17T11-29-00.json
2026-06-17 11:29:00,561 [INFO] go2_survey.navigator: ------------------------------------------------------------
2026-06-17 11:29:00,561 [INFO] go2_survey.navigator: ----------- CAPTURE leg01 mark 11 @ 11.0m | n=1 ------------
2026-06-17 11:29:00,561 [INFO] go2_survey.navigator: ------------------------------------------------------------
2026-06-17 11:29:00,563 [INFO] root: > message sent: {"type": "req", "topic": "rt/api/sport/request", "data": {"header": {"identity": {"id": 1453397155, "api_id": 1008}}, "parameter": "{\"x\": 1.0, \"y\": 0, \"z\": 0.01577323883802933}"}}
2026-06-17 11:29:00,600 [INFO] root: Received message on data channel: {"type":"res","topic":"rt/api/sport/response","data":{"header":{"identity":{"api_id":1008,"id":1453397155},"status":{"code":0}},"data":""}}
2026-06-17 11:29:00,601 [INFO] go2_survey.navigator: NAV [cross_track] leg01 | along=11.2/50.7m cross=0.17m hdg_err=-1.1° cog=350° fix=6
2026-06-17 11:29:00,704 [INFO] root: > message sent: {"type": "req", "topic": "rt/api/sport/request", "data": {"header": {"identity": {"id": 1453396751, "api_id": 1008}}, "parameter": "{\"x\": 1.0, \"y\": 0, \"z\": -0.010171012809824447}"}}
2026-06-17 11:29:00,734 [INFO] root: Received message on data channel: {"type":"res","topic":"rt/api/sport/response","data":{"header":{"identity":{"api_id":1008,"id":1453396751},"status":{"code":0}},"data":""}}
2026-06-17 11:29:00,838 [INFO] root: > message sent: {"type": "req", "topic": "rt/api/sport/request", "data": {"header": {"identity": {"id": 1453396920, "api_id": 1008}}, "parameter": "{\"x\": 1.0, \"y\": 0, \"z\": -0.027210617063865922}"}}
2026-06-17 11:29:00,862 [INFO] root: Received message on data channel: {"type":"res","topic":"rt/api/sport/response","data":{"header":{"identity":{"api_id":1008,"id":1453396920},"status":{"code":0}},"data":""}}
2026-06-17 11:29:00,966 [INFO] root: > message sent: {"type": "req", "topic": "rt/api/sport/request", "data": {"header": {"identity": {"id": 1453397666, "api_id": 1008}}, "parameter": "{\"x\": 1.0, \"y\": 0, \"z\": -0.027210617063865922}"}}
2026-06-17 11:29:00,999 [INFO] root: Received message on data channel: {"type":"res","topic":"rt/api/sport/response","data":{"header":{"identity":{"api_id":1008,"id":1453397666},"status":{"code":0}},"data":""}}
2026-06-17 11:29:01,102 [INFO] root: > message sent: {"type": "req", "topic": "rt/api/sport/request", "data": {"header": {"identity": {"id": 1453397735, "api_id": 1008}}, "parameter": "{\"x\": 1.0, \"y\": 0, \"z\": -0.038057824564351674}"}}
2026-06-17 11:29:01,151 [INFO] root: Received message on data channel: {"type":"res","topic":"rt/api/sport/response","data":{"header":{"identity":{"api_id":1008,"id":1453397735},"status":{"code":0}},"data":""}}
2026-06-17 11:29:01,211 [INFO] root: > message sent: {"type": "heartbeat", "topic": "", "data": {"timeInStr": "2026-06-17 11:29:01", "timeInNum": 1781717341}}
2026-06-17 11:29:01,220 [INFO] root: Received message on data channel: {"type":"heartbeat"}
2026-06-17 11:29:01,221 [INFO] root: Heartbeat response received.
2026-06-17 11:29:01,256 [INFO] root: > message sent: {"type": "req", "topic": "rt/api/sport/request", "data": {"header": {"identity": {"id": 1453397388, "api_id": 1008}}, "parameter": "{\"x\": 1.0, \"y\": 0, \"z\": -0.06549315179223839}"}}
2026-06-17 11:29:01,277 [INFO] root: Received message on data channel: {"type":"res","topic":"rt/api/sport/response","data":{"header":{"identity":{"api_id":1008,"id":1453397388},"status":{"code":0}},"data":""}}
2026-06-17 11:29:01,336 [INFO] go2_survey.health: HEALTH  batt 93% -8.4A est… · motors 51°C max RR_thigh ▲2.0°/min
2026-06-17 11:29:01,385 [INFO] root: > message sent: {"type": "req", "topic": "rt/api/sport/request", "data": {"header": {"identity": {"id": 1453397870, "api_id": 1008}}, "parameter": "{\"x\": 1.0, \"y\": 0, \"z\": -0.06549315179223839}"}}
2026-06-17 11:29:01,414 [INFO] root: Received message on data channel: {"type":"res","topic":"rt/api/sport/response","data":{"header":{"identity":{"api_id":1008,"id":1453397870},"status":{"code":0}},"data":""}}
2026-06-17 11:29:01,516 [INFO] go2_survey.vision.frames: Captured frame | 1280x720 | age=0.076s | corrupt=False Δtarget=-0.001s
2026-06-17 11:29:01,588 [INFO] go2_survey.vision.geotag: Wrote geotagged capture: leg01_m012_b346_2026-06-17T11-29-01.jpg + leg01_m012_b346_2026-06-17T11-29-01.json
2026-06-17 11:29:01,589 [INFO] go2_survey.navigator: ------------------------------------------------------------
2026-06-17 11:29:01,589 [INFO] go2_survey.navigator: ----------- CAPTURE leg01 mark 12 @ 12.0m | n=1 ------------
2026-06-17 11:29:01,589 [INFO] go2_survey.navigator: ------------------------------------------------------------
2026-06-17 11:29:01,590 [INFO] root: > message sent: {"type": "req", "topic": "rt/api/sport/request", "data": {"header": {"identity": {"id": 1453398029, "api_id": 1008}}, "parameter": "{\"x\": 1.0, \"y\": 0, \"z\": -0.0614820853988374}"}}
2026-06-17 11:29:01,624 [INFO] root: Received message on data channel: {"type":"res","topic":"rt/api/sport/response","data":{"header":{"identity":{"api_id":1008,"id":1453398029},"status":{"code":0}},"data":""}}
2026-06-17 11:29:01,727 [INFO] root: > message sent: {"type": "req", "topic": "rt/api/sport/request", "data": {"header": {"identity": {"id": 1453398443, "api_id": 1008}}, "parameter": "{\"x\": 1.0, \"y\": 0, \"z\": -0.0408028976595088}"}}
2026-06-17 11:29:02,356 [INFO] root: Received message on data channel: {"type":"res","topic":"rt/api/sport/response","data":{"header":{"identity":{"api_id":1008,"id":1453398443},"status":{"code":0}},"data":""}}
2026-06-17 11:29:02,460 [INFO] go2_survey.vision.frames: Captured frame | 1280x720 | age=0.046s | corrupt=False Δtarget=-0.009s
2026-06-17 11:29:02,528 [INFO] go2_survey.vision.geotag: Wrote geotagged capture: leg01_m013_b346_2026-06-17T11-29-02.jpg + leg01_m013_b346_2026-06-17T11-29-02.json
2026-06-17 11:29:02,529 [INFO] go2_survey.navigator: ------------------------------------------------------------
2026-06-17 11:29:02,529 [INFO] go2_survey.navigator: ----------- CAPTURE leg01 mark 13 @ 13.0m | n=1 ------------
2026-06-17 11:29:02,529 [INFO] go2_survey.navigator: ------------------------------------------------------------
2026-06-17 11:29:02,532 [INFO] root: > message sent: {"type": "req", "topic": "rt/api/sport/request", "data": {"header": {"identity": {"id": 1453398457, "api_id": 1008}}, "parameter": "{\"x\": 1.0, \"y\": 0, \"z\": 0.0009521793750914753}"}}
2026-06-17 11:29:02,554 [INFO] root: Received message on data channel: {"type":"res","topic":"rt/api/sport/response","data":{"header":{"identity":{"api_id":1008,"id":1453398457},"status":{"code":0}},"data":""}}
2026-06-17 11:29:02,659 [INFO] root: > message sent: {"type": "req", "topic": "rt/api/sport/request", "data": {"header": {"identity": {"id": 1453398833, "api_id": 1008}}, "parameter": "{\"x\": 1.0, \"y\": 0, \"z\": 0.006360356376230811}"}}
2026-06-17 11:29:02,681 [INFO] root: Received message on data channel: {"type":"res","topic":"rt/api/sport/response","data":{"header":{"identity":{"api_id":1008,"id":1453398833},"status":{"code":0}},"data":""}}
2026-06-17 11:29:02,682 [INFO] go2_survey.navigator: NAV [cross_track] leg01 | along=13.2/50.7m cross=0.15m hdg_err=-0.4° cog=350° fix=6
2026-06-17 11:29:02,785 [INFO] root: > message sent: {"type": "req", "topic": "rt/api/sport/request", "data": {"header": {"identity": {"id": 1453398655, "api_id": 1008}}, "parameter": "{\"x\": 1.0, \"y\": 0, \"z\": 0.006360356376230811}"}}
2026-06-17 11:29:02,821 [INFO] root: Received message on data channel: {"type":"res","topic":"rt/api/sport/response","data":{"header":{"identity":{"api_id":1008,"id":1453398655},"status":{"code":0}},"data":""}}
2026-06-17 11:29:02,925 [INFO] root: > message sent: {"type": "req", "topic": "rt/api/sport/request", "data": {"header": {"identity": {"id": 1453399493, "api_id": 1008}}, "parameter": "{\"x\": 1.0, \"y\": 0, \"z\": 0.002385252990057154}"}}
2026-06-17 11:29:02,973 [INFO] root: Received message on data channel: {"type":"res","topic":"rt/api/sport/response","data":{"header":{"identity":{"api_id":1008,"id":1453399493},"status":{"code":0}},"data":""}}
2026-06-17 11:29:03,082 [INFO] root: > message sent: {"type": "req", "topic": "rt/api/sport/request", "data": {"header": {"identity": {"id": 1453399608, "api_id": 1008}}, "parameter": "{\"x\": 1.0, \"y\": 0, \"z\": -0.0018607199920160156}"}}
2026-06-17 11:29:03,104 [INFO] root: Received message on data channel: {"type":"res","topic":"rt/api/sport/response","data":{"header":{"identity":{"api_id":1008,"id":1453399608},"status":{"code":0}},"data":""}}
2026-06-17 11:29:03,207 [INFO] root: > message sent: {"type": "req", "topic": "rt/api/sport/request", "data": {"header": {"identity": {"id": 1453399753, "api_id": 1008}}, "parameter": "{\"x\": 1.0, \"y\": 0, \"z\": -0.0008965510433495183}"}}
2026-06-17 11:29:03,212 [INFO] root: > message sent: {"type": "heartbeat", "topic": "", "data": {"timeInStr": "2026-06-17 11:29:03", "timeInNum": 1781717343}}
2026-06-17 11:29:03,240 [INFO] root: Received message on data channel: {"type":"res","topic":"rt/api/sport/response","data":{"header":{"identity":{"api_id":1008,"id":1453399753},"status":{"code":0}},"data":""}}
2026-06-17 11:29:03,243 [INFO] root: Received message on data channel: {"type":"heartbeat"}
2026-06-17 11:29:03,243 [INFO] root: Heartbeat response received.
2026-06-17 11:29:03,343 [INFO] root: > message sent: {"type": "req", "topic": "rt/api/sport/request", "data": {"header": {"identity": {"id": 1453399498, "api_id": 1008}}, "parameter": "{\"x\": 1.0, \"y\": 0, \"z\": -0.0008965510433495183}"}}
2026-06-17 11:29:03,376 [INFO] root: Received message on data channel: {"type":"res","topic":"rt/api/sport/response","data":{"header":{"identity":{"api_id":1008,"id":1453399498},"status":{"code":0}},"data":""}}
2026-06-17 11:29:03,481 [INFO] root: > message sent: {"type": "req", "topic": "rt/api/sport/request", "data": {"header": {"identity": {"id": 1453400218, "api_id": 1008}}, "parameter": "{\"x\": 1.0, \"y\": 0, \"z\": 0.0022257878884801127}"}}
2026-06-17 11:29:04,433 [INFO] root: Received message on data channel: {"type":"res","topic":"rt/api/sport/response","data":{"header":{"identity":{"api_id":1008,"id":1453400218},"status":{"code":0}},"data":""}}
2026-06-17 11:29:04,536 [INFO] go2_survey.vision.frames: Captured frame | 1280x720 | age=0.993s | corrupt=False Δtarget=+0.012s
2026-06-17 11:29:04,602 [INFO] go2_survey.vision.geotag: Wrote geotagged capture: leg01_m014_b346_2026-06-17T11-29-04.jpg + leg01_m014_b346_2026-06-17T11-29-04.json
2026-06-17 11:29:04,602 [INFO] go2_survey.navigator: ------------------------------------------------------------
2026-06-17 11:29:04,603 [INFO] go2_survey.navigator: ----------- CAPTURE leg01 mark 14 @ 14.0m | n=1 ------------
2026-06-17 11:29:04,603 [INFO] go2_survey.navigator: ------------------------------------------------------------
2026-06-17 11:29:04,603 [INFO] go2_survey.navigator: IMU RUNNING RECAL | offset 41.5° (fresh 30.7°, Δ -0.29°)
2026-06-17 11:29:04,604 [INFO] root: > message sent: {"type": "req", "topic": "rt/api/sport/request", "data": {"header": {"identity": {"id": 1453400771, "api_id": 1008}}, "parameter": "{\"x\": 1.0, \"y\": 0, \"z\": -0.018961505932957153}"}}
2026-06-17 11:29:04,698 [INFO] root: Received message on data channel: {"type":"res","topic":"rt/api/sport/response","data":{"header":{"identity":{"api_id":1008,"id":1453400771},"status":{"code":0}},"data":""}}
2026-06-17 11:29:04,801 [INFO] go2_survey.vision.frames: Captured frame | 1280x720 | age=0.147s | corrupt=False Δtarget=+0.046s
2026-06-17 11:29:04,859 [INFO] go2_survey.vision.geotag: Wrote geotagged capture: leg01_m015_b346_2026-06-17T11-29-04.jpg + leg01_m015_b346_2026-06-17T11-29-04.json
2026-06-17 11:29:04,860 [INFO] go2_survey.navigator: ------------------------------------------------------------
2026-06-17 11:29:04,860 [INFO] go2_survey.navigator: ----------- CAPTURE leg01 mark 15 @ 15.0m | n=1 ------------
2026-06-17 11:29:04,860 [INFO] go2_survey.navigator: ------------------------------------------------------------
2026-06-17 11:29:04,861 [INFO] root: > message sent: {"type": "req", "topic": "rt/api/sport/request", "data": {"header": {"identity": {"id": 1453401268, "api_id": 1008}}, "parameter": "{\"x\": 1.0, \"y\": 0, \"z\": -0.04788932496349844}"}}
2026-06-17 11:29:04,880 [INFO] root: Received message on data channel: {"type":"res","topic":"rt/api/sport/response","data":{"header":{"identity":{"api_id":1008,"id":1453401268},"status":{"code":0}},"data":""}}
2026-06-17 11:29:04,880 [INFO] go2_survey.navigator: NAV [cross_track] leg01 | along=15.3/50.7m cross=0.15m hdg_err=3.2° cog=346° fix=6
2026-06-17 11:29:04,982 [INFO] root: > message sent: {"type": "req", "topic": "rt/api/sport/request", "data": {"header": {"identity": {"id": 1453401424, "api_id": 1008}}, "parameter": "{\"x\": 1.0, \"y\": 0, \"z\": -0.04788932496349844}"}}
2026-06-17 11:29:04,991 [INFO] root: Received message on data channel: {"type":"res","topic":"rt/api/sport/response","data":{"header":{"identity":{"api_id":1008,"id":1453401424},"status":{"code":0}},"data":""}}
2026-06-17 11:29:05,095 [INFO] root: > message sent: {"type": "req", "topic": "rt/api/sport/request", "data": {"header": {"identity": {"id": 1453400991, "api_id": 1008}}, "parameter": "{\"x\": 1.0, \"y\": 0, \"z\": -0.033456205864087846}"}}
2026-06-17 11:29:05,133 [INFO] root: Received message on data channel: {"type":"res","topic":"rt/api/sport/response","data":{"header":{"identity":{"api_id":1008,"id":1453400991},"status":{"code":0}},"data":""}}
2026-06-17 11:29:05,214 [INFO] root: > message sent: {"type": "heartbeat", "topic": "", "data": {"timeInStr": "2026-06-17 11:29:05", "timeInNum": 1781717345}}
2026-06-17 11:29:05,226 [INFO] root: Received message on data channel: {"type":"heartbeat"}
2026-06-17 11:29:05,226 [INFO] root: Heartbeat response received.
2026-06-17 11:29:05,237 [INFO] root: > message sent: {"type": "req", "topic": "rt/api/sport/request", "data": {"header": {"identity": {"id": 1453401673, "api_id": 1008}}, "parameter": "{\"x\": 1.0, \"y\": 0, \"z\": -0.04629675470033419}"}}
2026-06-17 11:29:05,262 [INFO] root: Received message on data channel: {"type":"res","topic":"rt/api/sport/response","data":{"header":{"identity":{"api_id":1008,"id":1453401673},"status":{"code":0}},"data":""}}
2026-06-17 11:29:05,365 [INFO] root: > message sent: {"type": "req", "topic": "rt/api/sport/request", "data": {"header": {"identity": {"id": 1453401667, "api_id": 1008}}, "parameter": "{\"x\": 1.0, \"y\": 0, \"z\": -0.04629675470033419}"}}
2026-06-17 11:29:05,401 [INFO] root: Received message on data channel: {"type":"res","topic":"rt/api/sport/response","data":{"header":{"identity":{"api_id":1008,"id":1453401667},"status":{"code":0}},"data":""}}
2026-06-17 11:29:05,503 [INFO] root: > message sent: {"type": "req", "topic": "rt/api/sport/request", "data": {"header": {"identity": {"id": 1453402275, "api_id": 1008}}, "parameter": "{\"x\": 1.0, \"y\": 0, \"z\": -0.05269733257094884}"}}
2026-06-17 11:29:05,594 [INFO] root: Received message on data channel: {"type":"res","topic":"rt/api/sport/response","data":{"header":{"identity":{"api_id":1008,"id":1453402275},"status":{"code":0}},"data":""}}
2026-06-17 11:29:05,704 [INFO] go2_survey.vision.frames: Captured frame | 1280x720 | age=0.064s | corrupt=False Δtarget=-0.014s
2026-06-17 11:29:05,778 [INFO] go2_survey.vision.geotag: Wrote geotagged capture: leg01_m016_b346_2026-06-17T11-29-05.jpg + leg01_m016_b346_2026-06-17T11-29-05.json
2026-06-17 11:29:05,778 [INFO] go2_survey.navigator: ------------------------------------------------------------
2026-06-17 11:29:05,779 [INFO] go2_survey.navigator: ----------- CAPTURE leg01 mark 16 @ 16.0m | n=1 ------------
2026-06-17 11:29:05,779 [INFO] go2_survey.navigator: ------------------------------------------------------------
2026-06-17 11:29:05,780 [INFO] root: > message sent: {"type": "req", "topic": "rt/api/sport/request", "data": {"header": {"identity": {"id": 1453402322, "api_id": 1008}}, "parameter": "{\"x\": 1.0, \"y\": 0, \"z\": -0.07220194515471803}"}}
2026-06-17 11:29:05,799 [INFO] root: Received message on data channel: {"type":"res","topic":"rt/api/sport/response","data":{"header":{"identity":{"api_id":1008,"id":1453402322},"status":{"code":0}},"data":""}}
2026-06-17 11:29:05,901 [INFO] root: > message sent: {"type": "req", "topic": "rt/api/sport/request", "data": {"header": {"identity": {"id": 1453402054, "api_id": 1008}}, "parameter": "{\"x\": 1.0, \"y\": 0, \"z\": -0.0899176003270199}"}}
2026-06-17 11:29:05,916 [INFO] root: Received message on data channel: {"type":"res","topic":"rt/api/sport/response","data":{"header":{"identity":{"api_id":1008,"id":1453402054},"status":{"code":0}},"data":""}}
2026-06-17 11:29:06,019 [INFO] root: > message sent: {"type": "req", "topic": "rt/api/sport/request", "data": {"header": {"identity": {"id": 1453402207, "api_id": 1008}}, "parameter": "{\"x\": 1.0, \"y\": 0, \"z\": -0.06698806993027943}"}}
2026-06-17 11:29:06,042 [INFO] root: Received message on data channel: {"type":"res","topic":"rt/api/sport/response","data":{"header":{"identity":{"api_id":1008,"id":1453402207},"status":{"code":0}},"data":""}}
2026-06-17 11:29:06,144 [INFO] root: > message sent: {"type": "req", "topic": "rt/api/sport/request", "data": {"header": {"identity": {"id": 1453402147, "api_id": 1008}}, "parameter": "{\"x\": 1.0, \"y\": 0, \"z\": -0.06698806993027943}"}}
2026-06-17 11:29:06,181 [INFO] root: Received message on data channel: {"type":"res","topic":"rt/api/sport/response","data":{"header":{"identity":{"api_id":1008,"id":1453402147},"status":{"code":0}},"data":""}}
2026-06-17 11:29:06,284 [INFO] root: > message sent: {"type": "req", "topic": "rt/api/sport/request", "data": {"header": {"identity": {"id": 1453402167, "api_id": 1008}}, "parameter": "{\"x\": 1.0, \"y\": 0, \"z\": -0.0884679781224051}"}}
2026-06-17 11:29:06,332 [INFO] root: Received message on data channel: {"type":"res","topic":"rt/api/sport/response","data":{"header":{"identity":{"api_id":1008,"id":1453402167},"status":{"code":0}},"data":""}}
2026-06-17 11:29:06,437 [INFO] root: > message sent: {"type": "req", "topic": "rt/api/sport/request", "data": {"header": {"identity": {"id": 1453402708, "api_id": 1008}}, "parameter": "{\"x\": 1.0, \"y\": 0, \"z\": -0.09401615426840124}"}}
2026-06-17 11:29:06,462 [INFO] root: Received message on data channel: {"type":"res","topic":"rt/api/sport/response","data":{"header":{"identity":{"api_id":1008,"id":1453402708},"status":{"code":0}},"data":""}}
2026-06-17 11:29:06,564 [INFO] root: > message sent: {"type": "req", "topic": "rt/api/sport/request", "data": {"header": {"identity": {"id": 1453402643, "api_id": 1008}}, "parameter": "{\"x\": 1.0, \"y\": 0, \"z\": -0.09401615426840124}"}}
2026-06-17 11:29:06,600 [INFO] root: Received message on data channel: {"type":"res","topic":"rt/api/sport/response","data":{"header":{"identity":{"api_id":1008,"id":1453402643},"status":{"code":0}},"data":""}}
2026-06-17 11:29:06,701 [INFO] go2_survey.vision.frames: Captured frame | 1280x720 | age=0.025s | corrupt=False Δtarget=-0.025s
2026-06-17 11:29:06,784 [INFO] go2_survey.vision.geotag: Wrote geotagged capture: leg01_m017_b346_2026-06-17T11-29-06.jpg + leg01_m017_b346_2026-06-17T11-29-06.json
2026-06-17 11:29:06,785 [INFO] go2_survey.navigator: ------------------------------------------------------------
2026-06-17 11:29:06,785 [INFO] go2_survey.navigator: ----------- CAPTURE leg01 mark 17 @ 17.0m | n=1 ------------
2026-06-17 11:29:06,785 [INFO] go2_survey.navigator: ------------------------------------------------------------
2026-06-17 11:29:06,788 [INFO] root: > message sent: {"type": "req", "topic": "rt/api/sport/request", "data": {"header": {"identity": {"id": 1453402708, "api_id": 1008}}, "parameter": "{\"x\": 1.0, \"y\": 0, \"z\": -0.0837890962330752}"}}
2026-06-17 11:29:06,819 [INFO] root: Received message on data channel: {"type":"res","topic":"rt/api/sport/response","data":{"header":{"identity":{"api_id":1008,"id":1453402708},"status":{"code":0}},"data":""}}
2026-06-17 11:29:06,924 [INFO] root: > message sent: {"type": "req", "topic": "rt/api/sport/request", "data": {"header": {"identity": {"id": 1453403049, "api_id": 1008}}, "parameter": "{\"x\": 1.0, \"y\": 0, \"z\": -0.0938040355667573}"}}
2026-06-17 11:29:06,944 [INFO] root: Received message on data channel: {"type":"res","topic":"rt/api/sport/response","data":{"header":{"identity":{"api_id":1008,"id":1453403049},"status":{"code":0}},"data":""}}
2026-06-17 11:29:06,945 [INFO] go2_survey.navigator: NAV [cross_track] leg01 | along=17.2/50.7m cross=0.23m hdg_err=6.3° cog=344° fix=6
2026-06-17 11:29:07,047 [INFO] root: > message sent: {"type": "req", "topic": "rt/api/sport/request", "data": {"header": {"identity": {"id": 1453403391, "api_id": 1008}}, "parameter": "{\"x\": 1.0, \"y\": 0, \"z\": -0.08813740821769983}"}}
2026-06-17 11:29:07,081 [INFO] root: Received message on data channel: {"type":"res","topic":"rt/api/sport/response","data":{"header":{"identity":{"api_id":1008,"id":1453403391},"status":{"code":0}},"data":""}}
2026-06-17 11:29:07,191 [INFO] root: > message sent: {"type": "req", "topic": "rt/api/sport/request", "data": {"header": {"identity": {"id": 1453403943, "api_id": 1008}}, "parameter": "{\"x\": 1.0, \"y\": 0, \"z\": -0.08813740821769983}"}}
2026-06-17 11:29:07,215 [INFO] root: > message sent: {"type": "heartbeat", "topic": "", "data": {"timeInStr": "2026-06-17 11:29:07", "timeInNum": 1781717347}}
2026-06-17 11:29:07,224 [INFO] root: Received message on data channel: {"type":"res","topic":"rt/api/sport/response","data":{"header":{"identity":{"api_id":1008,"id":1453403943},"status":{"code":0}},"data":""}}
2026-06-17 11:29:07,227 [INFO] root: Received message on data channel: {"type":"heartbeat"}
2026-06-17 11:29:07,227 [INFO] root: Heartbeat response received.
2026-06-17 11:29:07,327 [INFO] root: > message sent: {"type": "req", "topic": "rt/api/sport/request", "data": {"header": {"identity": {"id": 1453403926, "api_id": 1008}}, "parameter": "{\"x\": 1.0, \"y\": 0, \"z\": -0.08146076617650294}"}}
2026-06-17 11:29:07,408 [INFO] root: Received message on data channel: {"type":"res","topic":"rt/api/sport/response","data":{"header":{"identity":{"api_id":1008,"id":1453403926},"status":{"code":0}},"data":""}}
2026-06-17 11:29:07,512 [INFO] root: > message sent: {"type": "req", "topic": "rt/api/sport/request", "data": {"header": {"identity": {"id": 1453403602, "api_id": 1008}}, "parameter": "{\"x\": 1.0, \"y\": 0, \"z\": -0.08955937314219284}"}}
2026-06-17 11:29:07,523 [INFO] root: Received message on data channel: {"type":"res","topic":"rt/api/sport/response","data":{"header":{"identity":{"api_id":1008,"id":1453403602},"status":{"code":0}},"data":""}}
2026-06-17 11:29:07,627 [INFO] root: > message sent: {"type": "req", "topic": "rt/api/sport/request", "data": {"header": {"identity": {"id": 1453403777, "api_id": 1008}}, "parameter": "{\"x\": 1.0, \"y\": 0, \"z\": -0.0663832707217972}"}}
2026-06-17 11:29:07,642 [INFO] root: Received message on data channel: {"type":"res","topic":"rt/api/sport/response","data":{"header":{"identity":{"api_id":1008,"id":1453403777},"status":{"code":0}},"data":""}}
2026-06-17 11:29:07,745 [INFO] root: > message sent: {"type": "req", "topic": "rt/api/sport/request", "data": {"header": {"identity": {"id": 1453404345, "api_id": 1008}}, "parameter": "{\"x\": 1.0, \"y\": 0, \"z\": -0.0663832707217972}"}}
2026-06-17 11:29:07,787 [INFO] root: Received message on data channel: {"type":"res","topic":"rt/api/sport/response","data":{"header":{"identity":{"api_id":1008,"id":1453404345},"status":{"code":0}},"data":""}}
2026-06-17 11:29:07,889 [INFO] go2_survey.vision.frames: Captured frame | 1280x720 | age=0.162s | corrupt=False Δtarget=-0.037s
2026-06-17 11:29:07,959 [INFO] go2_survey.vision.geotag: Wrote geotagged capture: leg01_m018_b346_2026-06-17T11-29-07.jpg + leg01_m018_b346_2026-06-17T11-29-07.json
2026-06-17 11:29:07,960 [INFO] go2_survey.navigator: ------------------------------------------------------------
2026-06-17 11:29:07,960 [INFO] go2_survey.navigator: ----------- CAPTURE leg01 mark 18 @ 18.0m | n=1 ------------
2026-06-17 11:29:07,960 [INFO] go2_survey.navigator: ------------------------------------------------------------
2026-06-17 11:29:07,961 [INFO] root: > message sent: {"type": "req", "topic": "rt/api/sport/request", "data": {"header": {"identity": {"id": 1453404425, "api_id": 1008}}, "parameter": "{\"x\": 1.0, \"y\": 0, \"z\": -0.06057965610453862}"}}
2026-06-17 11:29:07,994 [INFO] root: Received message on data channel: {"type":"res","topic":"rt/api/sport/response","data":{"header":{"identity":{"api_id":1008,"id":1453404425},"status":{"code":0}},"data":""}}
2026-06-17 11:29:08,099 [INFO] root: > message sent: {"type": "req", "topic": "rt/api/sport/request", "data": {"header": {"identity": {"id": 1453403934, "api_id": 1008}}, "parameter": "{\"x\": 1.0, \"y\": 0, \"z\": -0.056981830682219084}"}}
2026-06-17 11:29:08,130 [INFO] root: Received message on data channel: {"type":"res","topic":"rt/api/sport/response","data":{"header":{"identity":{"api_id":1008,"id":1453403934},"status":{"code":0}},"data":""}}
2026-06-17 11:29:08,235 [INFO] root: > message sent: {"type": "req", "topic": "rt/api/sport/request", "data": {"header": {"identity": {"id": 1453404178, "api_id": 1008}}, "parameter": "{\"x\": 1.0, \"y\": 0, \"z\": -0.03384856070522204}"}}
2026-06-17 11:29:08,274 [INFO] root: Received message on data channel: {"type":"res","topic":"rt/api/sport/response","data":{"header":{"identity":{"api_id":1008,"id":1453404178},"status":{"code":0}},"data":""}}
2026-06-17 11:29:08,377 [INFO] root: > message sent: {"type": "req", "topic": "rt/api/sport/request", "data": {"header": {"identity": {"id": 1453404336, "api_id": 1008}}, "parameter": "{\"x\": 1.0, \"y\": 0, \"z\": -0.03384856070522204}"}}
2026-06-17 11:29:08,424 [INFO] root: Received message on data channel: {"type":"res","topic":"rt/api/sport/response","data":{"header":{"identity":{"api_id":1008,"id":1453404336},"status":{"code":0}},"data":""}}
2026-06-17 11:29:08,527 [INFO] root: > message sent: {"type": "req", "topic": "rt/api/sport/request", "data": {"header": {"identity": {"id": 1453404365, "api_id": 1008}}, "parameter": "{\"x\": 1.0, \"y\": 0, \"z\": -0.05421110025235606}"}}
2026-06-17 11:29:08,554 [INFO] root: Received message on data channel: {"type":"res","topic":"rt/api/sport/response","data":{"header":{"identity":{"api_id":1008,"id":1453404365},"status":{"code":0}},"data":""}}
2026-06-17 11:29:08,658 [INFO] root: > message sent: {"type": "req", "topic": "rt/api/sport/request", "data": {"header": {"identity": {"id": 1453404651, "api_id": 1008}}, "parameter": "{\"x\": 1.0, \"y\": 0, \"z\": -0.038671963267812255}"}}
2026-06-17 11:29:08,691 [INFO] root: Received message on data channel: {"type":"res","topic":"rt/api/sport/response","data":{"header":{"identity":{"api_id":1008,"id":1453404651},"status":{"code":0}},"data":""}}
2026-06-17 11:29:08,794 [INFO] go2_survey.vision.frames: Captured frame | 1280x720 | age=0.075s | corrupt=False Δtarget=-0.001s
2026-06-17 11:29:08,868 [INFO] go2_survey.vision.geotag: Wrote geotagged capture: leg01_m019_b346_2026-06-17T11-29-08.jpg + leg01_m019_b346_2026-06-17T11-29-08.json
2026-06-17 11:29:08,868 [INFO] go2_survey.navigator: ------------------------------------------------------------
2026-06-17 11:29:08,868 [INFO] go2_survey.navigator: ----------- CAPTURE leg01 mark 19 @ 19.0m | n=1 ------------
2026-06-17 11:29:08,869 [INFO] go2_survey.navigator: ------------------------------------------------------------
2026-06-17 11:29:08,870 [INFO] root: > message sent: {"type": "req", "topic": "rt/api/sport/request", "data": {"header": {"identity": {"id": 1453405405, "api_id": 1008}}, "parameter": "{\"x\": 1.0, \"y\": 0, \"z\": -0.02470861727749309}"}}
2026-06-17 11:29:08,912 [INFO] root: Received message on data channel: {"type":"res","topic":"rt/api/sport/response","data":{"header":{"identity":{"api_id":1008,"id":1453405405},"status":{"code":0}},"data":""}}
2026-06-17 11:29:09,017 [INFO] root: > message sent: {"type": "req", "topic": "rt/api/sport/request", "data": {"header": {"identity": {"id": 1453405170, "api_id": 1008}}, "parameter": "{\"x\": 1.0, \"y\": 0, \"z\": -0.042424508561397546}"}}
2026-06-17 11:29:09,063 [INFO] root: Received message on data channel: {"type":"res","topic":"rt/api/sport/response","data":{"header":{"identity":{"api_id":1008,"id":1453405170},"status":{"code":0}},"data":""}}
2026-06-17 11:29:09,064 [INFO] go2_survey.navigator: NAV [cross_track] leg01 | along=19.3/50.7m cross=0.22m hdg_err=2.8° cog=347° fix=6
2026-06-17 11:29:09,167 [INFO] root: > message sent: {"type": "req", "topic": "rt/api/sport/request", "data": {"header": {"identity": {"id": 1453405340, "api_id": 1008}}, "parameter": "{\"x\": 1.0, \"y\": 0, \"z\": -0.042424508561397546}"}}
2026-06-17 11:29:09,219 [INFO] root: > message sent: {"type": "heartbeat", "topic": "", "data": {"timeInStr": "2026-06-17 11:29:09", "timeInNum": 1781717349}}
2026-06-17 11:29:09,227 [INFO] root: Received message on data channel: {"type":"res","topic":"rt/api/sport/response","data":{"header":{"identity":{"api_id":1008,"id":1453405340},"status":{"code":0}},"data":""}}
2026-06-17 11:29:09,239 [INFO] root: Received message on data channel: {"type":"heartbeat"}
2026-06-17 11:29:09,240 [INFO] root: Heartbeat response received.
2026-06-17 11:29:09,330 [INFO] root: > message sent: {"type": "req", "topic": "rt/api/sport/request", "data": {"header": {"identity": {"id": 1453405913, "api_id": 1008}}, "parameter": "{\"x\": 1.0, \"y\": 0, \"z\": -0.030291251450528307}"}}
2026-06-17 11:29:09,350 [INFO] root: Received message on data channel: {"type":"res","topic":"rt/api/sport/response","data":{"header":{"identity":{"api_id":1008,"id":1453405913},"status":{"code":0}},"data":""}}
2026-06-17 11:29:09,454 [INFO] root: > message sent: {"type": "req", "topic": "rt/api/sport/request", "data": {"header": {"identity": {"id": 1453405363, "api_id": 1008}}, "parameter": "{\"x\": 1.0, \"y\": 0, \"z\": -0.032029463264909734}"}}
2026-06-17 11:29:09,467 [INFO] root: Received message on data channel: {"type":"res","topic":"rt/api/sport/response","data":{"header":{"identity":{"api_id":1008,"id":1453405363},"status":{"code":0}},"data":""}}
2026-06-17 11:29:09,570 [INFO] root: > message sent: {"type": "req", "topic": "rt/api/sport/request", "data": {"header": {"identity": {"id": 1453406102, "api_id": 1008}}, "parameter": "{\"x\": 1.0, \"y\": 0, \"z\": -0.032029463264909734}"}}
2026-06-17 11:29:09,597 [INFO] root: Received message on data channel: {"type":"res","topic":"rt/api/sport/response","data":{"header":{"identity":{"api_id":1008,"id":1453406102},"status":{"code":0}},"data":""}}
2026-06-17 11:29:09,701 [INFO] go2_survey.navigator: IMU RUNNING RECAL | offset 39.7° (fresh 30.4°, Δ -0.04°)
2026-06-17 11:29:09,703 [INFO] root: > message sent: {"type": "req", "topic": "rt/api/sport/request", "data": {"header": {"identity": {"id": 1453405775, "api_id": 1008}}, "parameter": "{\"x\": 1.0, \"y\": 0, \"z\": -0.02185733691380051}"}}
2026-06-17 11:29:09,716 [INFO] root: Received message on data channel: {"type":"res","topic":"rt/api/sport/response","data":{"header":{"identity":{"api_id":1008,"id":1453405775},"status":{"code":0}},"data":""}}
2026-06-17 11:29:09,819 [INFO] go2_survey.vision.frames: Captured frame | 1280x720 | age=0.056s | corrupt=False Δtarget=-0.017s
2026-06-17 11:29:09,885 [INFO] go2_survey.vision.geotag: Wrote geotagged capture: leg01_m020_b346_2026-06-17T11-29-09.jpg + leg01_m020_b346_2026-06-17T11-29-09.json
2026-06-17 11:29:09,885 [INFO] go2_survey.navigator: ------------------------------------------------------------
2026-06-17 11:29:09,886 [INFO] go2_survey.navigator: ----------- CAPTURE leg01 mark 20 @ 20.0m | n=1 ------------
2026-06-17 11:29:09,886 [INFO] go2_survey.navigator: ------------------------------------------------------------
2026-06-17 11:29:09,887 [INFO] root: > message sent: {"type": "req", "topic": "rt/api/sport/request", "data": {"header": {"identity": {"id": 1453406654, "api_id": 1008}}, "parameter": "{\"x\": 1.0, \"y\": 0, \"z\": -0.009620433086484468}"}}
2026-06-17 11:29:09,917 [INFO] root: Received message on data channel: {"type":"res","topic":"rt/api/sport/response","data":{"header":{"identity":{"api_id":1008,"id":1453406654},"status":{"code":0}},"data":""}}
2026-06-17 11:29:10,020 [INFO] root: > message sent: {"type": "req", "topic": "rt/api/sport/request", "data": {"header": {"identity": {"id": 1453405967, "api_id": 1008}}, "parameter": "{\"x\": 1.0, \"y\": 0, \"z\": -0.02174927684718881}"}}
2026-06-17 11:29:10,078 [INFO] root: Received message on data channel: {"type":"res","topic":"rt/api/sport/response","data":{"header":{"identity":{"api_id":1008,"id":1453405967},"status":{"code":0}},"data":""}}
2026-06-17 11:29:10,183 [INFO] root: > message sent: {"type": "req", "topic": "rt/api/sport/request", "data": {"header": {"identity": {"id": 1453406028, "api_id": 1008}}, "parameter": "{\"x\": 1.0, \"y\": 0, \"z\": -0.02174927684718881}"}}
2026-06-17 11:29:10,196 [INFO] root: Received message on data channel: {"type":"res","topic":"rt/api/sport/response","data":{"header":{"identity":{"api_id":1008,"id":1453406028},"status":{"code":0}},"data":""}}
2026-06-17 11:29:10,300 [INFO] root: > message sent: {"type": "req", "topic": "rt/api/sport/request", "data": {"header": {"identity": {"id": 1453407057, "api_id": 1008}}, "parameter": "{\"x\": 1.0, \"y\": 0, \"z\": -0.014207870412501222}"}}
2026-06-17 11:29:10,335 [INFO] root: Received message on data channel: {"type":"res","topic":"rt/api/sport/response","data":{"header":{"identity":{"api_id":1008,"id":1453407057},"status":{"code":0}},"data":""}}
2026-06-17 11:29:10,440 [INFO] root: > message sent: {"type": "req", "topic": "rt/api/sport/request", "data": {"header": {"identity": {"id": 1453407232, "api_id": 1008}}, "parameter": "{\"x\": 1.0, \"y\": 0, \"z\": -0.020299704477751278}"}}
2026-06-17 11:29:10,450 [INFO] root: Received message on data channel: {"type":"res","topic":"rt/api/sport/response","data":{"header":{"identity":{"api_id":1008,"id":1453407232},"status":{"code":0}},"data":""}}
2026-06-17 11:29:10,553 [INFO] root: > message sent: {"type": "req", "topic": "rt/api/sport/request", "data": {"header": {"identity": {"id": 1453406789, "api_id": 1008}}, "parameter": "{\"x\": 1.0, \"y\": 0, \"z\": -0.020299704477751278}"}}
2026-06-17 11:29:10,576 [INFO] root: Received message on data channel: {"type":"res","topic":"rt/api/sport/response","data":{"header":{"identity":{"api_id":1008,"id":1453406789},"status":{"code":0}},"data":""}}
2026-06-17 11:29:10,683 [INFO] root: > message sent: {"type": "req", "topic": "rt/api/sport/request", "data": {"header": {"identity": {"id": 1453406778, "api_id": 1008}}, "parameter": "{\"x\": 1.0, \"y\": 0, \"z\": -0.0451804152686293}"}}
2026-06-17 11:29:10,697 [INFO] root: Received message on data channel: {"type":"res","topic":"rt/api/sport/response","data":{"header":{"identity":{"api_id":1008,"id":1453406778},"status":{"code":0}},"data":""}}
2026-06-17 11:29:10,800 [INFO] root: > message sent: {"type": "req", "topic": "rt/api/sport/request", "data": {"header": {"identity": {"id": 1453406733, "api_id": 1008}}, "parameter": "{\"x\": 1.0, \"y\": 0, \"z\": -0.05418713500481772}"}}
2026-06-17 11:29:10,812 [INFO] root: Received message on data channel: {"type":"res","topic":"rt/api/sport/response","data":{"header":{"identity":{"api_id":1008,"id":1453406733},"status":{"code":0}},"data":""}}
2026-06-17 11:29:10,917 [INFO] root: > message sent: {"type": "req", "topic": "rt/api/sport/request", "data": {"header": {"identity": {"id": 1453407318, "api_id": 1008}}, "parameter": "{\"x\": 1.0, \"y\": 0, \"z\": -0.05418713500481772}"}}
2026-06-17 11:29:10,986 [INFO] root: Received message on data channel: {"type":"res","topic":"rt/api/sport/response","data":{"header":{"identity":{"api_id":1008,"id":1453407318},"status":{"code":0}},"data":""}}
2026-06-17 11:29:11,089 [INFO] go2_survey.vision.frames: Captured frame | 1280x720 | age=0.205s | corrupt=False Δtarget=-0.033s
2026-06-17 11:29:11,161 [INFO] go2_survey.vision.geotag: Wrote geotagged capture: leg01_m021_b346_2026-06-17T11-29-11.jpg + leg01_m021_b346_2026-06-17T11-29-11.json
2026-06-17 11:29:11,162 [INFO] go2_survey.navigator: ------------------------------------------------------------
2026-06-17 11:29:11,162 [INFO] go2_survey.navigator: ----------- CAPTURE leg01 mark 21 @ 21.0m | n=1 ------------
2026-06-17 11:29:11,162 [INFO] go2_survey.navigator: ------------------------------------------------------------
2026-06-17 11:29:11,164 [INFO] root: > message sent: {"type": "req", "topic": "rt/api/sport/request", "data": {"header": {"identity": {"id": 1453407382, "api_id": 1008}}, "parameter": "{\"x\": 1.0, \"y\": 0, \"z\": -0.05121901721274355}"}}
2026-06-17 11:29:11,181 [INFO] root: Received message on data channel: {"type":"res","topic":"rt/api/sport/response","data":{"header":{"identity":{"api_id":1008,"id":1453407382},"status":{"code":0}},"data":""}}
2026-06-17 11:29:11,182 [INFO] go2_survey.navigator: NAV [cross_track] leg01 | along=21.2/50.7m cross=0.20m hdg_err=3.4° cog=346° fix=6
2026-06-17 11:29:11,221 [INFO] root: > message sent: {"type": "heartbeat", "topic": "", "data": {"timeInStr": "2026-06-17 11:29:11", "timeInNum": 1781717351}}
2026-06-17 11:29:11,228 [INFO] root: Received message on data channel: {"type":"heartbeat"}
2026-06-17 11:29:11,229 [INFO] root: Heartbeat response received.
2026-06-17 11:29:11,286 [INFO] root: > message sent: {"type": "req", "topic": "rt/api/sport/request", "data": {"header": {"identity": {"id": 1453407582, "api_id": 1008}}, "parameter": "{\"x\": 1.0, \"y\": 0, \"z\": -0.059968497084082056}"}}
2026-06-17 11:29:11,298 [INFO] root: Received message on data channel: {"type":"res","topic":"rt/api/sport/response","data":{"header":{"identity":{"api_id":1008,"id":1453407582},"status":{"code":0}},"data":""}}
2026-06-17 11:29:11,338 [INFO] go2_survey.health: HEALTH  batt 92% -8.8A est… · motors 51°C max RR_thigh ▲1.5°/min
2026-06-17 11:29:11,402 [INFO] root: > message sent: {"type": "req", "topic": "rt/api/sport/request", "data": {"header": {"identity": {"id": 1453407949, "api_id": 1008}}, "parameter": "{\"x\": 1.0, \"y\": 0, \"z\": -0.06566060308630994}"}}
2026-06-17 11:29:11,427 [INFO] root: Received message on data channel: {"type":"res","topic":"rt/api/sport/response","data":{"header":{"identity":{"api_id":1008,"id":1453407949},"status":{"code":0}},"data":""}}
2026-06-17 11:29:11,531 [INFO] root: > message sent: {"type": "req", "topic": "rt/api/sport/request", "data": {"header": {"identity": {"id": 1453408058, "api_id": 1008}}, "parameter": "{\"x\": 1.0, \"y\": 0, \"z\": -0.06566060308630994}"}}
2026-06-17 11:29:11,540 [INFO] root: Received message on data channel: {"type":"res","topic":"rt/api/sport/response","data":{"header":{"identity":{"api_id":1008,"id":1453408058},"status":{"code":0}},"data":""}}
2026-06-17 11:29:11,642 [INFO] root: > message sent: {"type": "req", "topic": "rt/api/sport/request", "data": {"header": {"identity": {"id": 1453407628, "api_id": 1008}}, "parameter": "{\"x\": 1.0, \"y\": 0, \"z\": -0.03647805541453266}"}}
2026-06-17 11:29:11,660 [INFO] root: Received message on data channel: {"type":"res","topic":"rt/api/sport/response","data":{"header":{"identity":{"api_id":1008,"id":1453407628},"status":{"code":0}},"data":""}}
2026-06-17 11:29:11,763 [INFO] root: > message sent: {"type": "req", "topic": "rt/api/sport/request", "data": {"header": {"identity": {"id": 1453408043, "api_id": 1008}}, "parameter": "{\"x\": 1.0, \"y\": 0, \"z\": -0.03647805541453266}"}}
2026-06-17 11:29:11,792 [INFO] root: Received message on data channel: {"type":"res","topic":"rt/api/sport/response","data":{"header":{"identity":{"api_id":1008,"id":1453408043},"status":{"code":0}},"data":""}}
2026-06-17 11:29:11,906 [INFO] root: > message sent: {"type": "req", "topic": "rt/api/sport/request", "data": {"header": {"identity": {"id": 1453407892, "api_id": 1008}}, "parameter": "{\"x\": 1.0, \"y\": 0, \"z\": -0.028356696002458645}"}}
2026-06-17 11:29:11,942 [INFO] root: Received message on data channel: {"type":"res","topic":"rt/api/sport/response","data":{"header":{"identity":{"api_id":1008,"id":1453407892},"status":{"code":0}},"data":""}}
2026-06-17 11:29:12,044 [INFO] go2_survey.vision.frames: Captured frame | 1280x720 | age=0.075s | corrupt=False Δtarget=+0.020s
2026-06-17 11:29:12,120 [INFO] go2_survey.vision.geotag: Wrote geotagged capture: leg01_m022_b346_2026-06-17T11-29-12.jpg + leg01_m022_b346_2026-06-17T11-29-12.json
2026-06-17 11:29:12,121 [INFO] go2_survey.navigator: ------------------------------------------------------------
2026-06-17 11:29:12,121 [INFO] go2_survey.navigator: ----------- CAPTURE leg01 mark 22 @ 22.0m | n=1 ------------
2026-06-17 11:29:12,121 [INFO] go2_survey.navigator: ------------------------------------------------------------
2026-06-17 11:29:12,123 [INFO] root: > message sent: {"type": "req", "topic": "rt/api/sport/request", "data": {"header": {"identity": {"id": 1453407970, "api_id": 1008}}, "parameter": "{\"x\": 1.0, \"y\": 0, \"z\": -0.017928746375653757}"}}
2026-06-17 11:29:12,149 [INFO] root: Received message on data channel: {"type":"res","topic":"rt/api/sport/response","data":{"header":{"identity":{"api_id":1008,"id":1453407970},"status":{"code":0}},"data":""}}
2026-06-17 11:29:12,253 [INFO] root: > message sent: {"type": "req", "topic": "rt/api/sport/request", "data": {"header": {"identity": {"id": 1453408166, "api_id": 1008}}, "parameter": "{\"x\": 1.0, \"y\": 0, \"z\": -0.02445990778758272}"}}
2026-06-17 11:29:12,284 [INFO] root: Received message on data channel: {"type":"res","topic":"rt/api/sport/response","data":{"header":{"identity":{"api_id":1008,"id":1453408166},"status":{"code":0}},"data":""}}
2026-06-17 11:29:12,388 [INFO] root: > message sent: {"type": "req", "topic": "rt/api/sport/request", "data": {"header": {"identity": {"id": 1453408773, "api_id": 1008}}, "parameter": "{\"x\": 1.0, \"y\": 0, \"z\": -0.02445990778758272}"}}
2026-06-17 11:29:13,222 [INFO] root: > message sent: {"type": "heartbeat", "topic": "", "data": {"timeInStr": "2026-06-17 11:29:13", "timeInNum": 1781717353}}
2026-06-17 11:29:13,266 [INFO] root: Received message on data channel: {"type":"heartbeat"}
2026-06-17 11:29:13,267 [INFO] root: Heartbeat response received.
2026-06-17 11:29:13,267 [INFO] root: Received message on data channel: {"type":"res","topic":"rt/api/sport/response","data":{"header":{"identity":{"api_id":1008,"id":1453408773},"status":{"code":0}},"data":""}}
2026-06-17 11:29:13,369 [INFO] go2_survey.vision.frames: Captured frame | 1280x720 | age=0.304s | corrupt=False Δtarget=-0.033s
2026-06-17 11:29:13,445 [INFO] go2_survey.vision.geotag: Wrote geotagged capture: leg01_m023_b346_2026-06-17T11-29-13.jpg + leg01_m023_b346_2026-06-17T11-29-13.json
2026-06-17 11:29:13,446 [INFO] go2_survey.navigator: ------------------------------------------------------------
2026-06-17 11:29:13,446 [INFO] go2_survey.navigator: ----------- CAPTURE leg01 mark 23 @ 23.0m | n=1 ------------
2026-06-17 11:29:13,447 [INFO] go2_survey.navigator: ------------------------------------------------------------
2026-06-17 11:29:13,451 [INFO] root: > message sent: {"type": "req", "topic": "rt/api/sport/request", "data": {"header": {"identity": {"id": 1453409469, "api_id": 1008}}, "parameter": "{\"x\": 1.0, \"y\": 0, \"z\": -0.02125673291430701}"}}
2026-06-17 11:29:13,482 [INFO] root: Received message on data channel: {"type":"res","topic":"rt/api/sport/response","data":{"header":{"identity":{"api_id":1008,"id":1453409469},"status":{"code":0}},"data":""}}
2026-06-17 11:29:13,482 [INFO] go2_survey.navigator: NAV [cross_track] leg01 | along=23.3/50.7m cross=0.17m hdg_err=1.4° cog=348° fix=6
2026-06-17 11:29:13,586 [INFO] root: > message sent: {"type": "req", "topic": "rt/api/sport/request", "data": {"header": {"identity": {"id": 1453410265, "api_id": 1008}}, "parameter": "{\"x\": 1.0, \"y\": 0, \"z\": -0.03216834059734736}"}}
2026-06-17 11:29:13,679 [INFO] root: Received message on data channel: {"type":"res","topic":"rt/api/sport/response","data":{"header":{"identity":{"api_id":1008,"id":1453410265},"status":{"code":0}},"data":""}}
2026-06-17 11:29:13,785 [INFO] root: > message sent: {"type": "req", "topic": "rt/api/sport/request", "data": {"header": {"identity": {"id": 1453410570, "api_id": 1008}}, "parameter": "{\"x\": 1.0, \"y\": 0, \"z\": -0.0365622020360621}"}}
2026-06-17 11:29:13,811 [INFO] root: Received message on data channel: {"type":"res","topic":"rt/api/sport/response","data":{"header":{"identity":{"api_id":1008,"id":1453410570},"status":{"code":0}},"data":""}}
2026-06-17 11:29:13,914 [INFO] root: > message sent: {"type": "req", "topic": "rt/api/sport/request", "data": {"header": {"identity": {"id": 1453409839, "api_id": 1008}}, "parameter": "{\"x\": 1.0, \"y\": 0, \"z\": -0.022584217381568975}"}}
2026-06-17 11:29:13,944 [INFO] root: Received message on data channel: {"type":"res","topic":"rt/api/sport/response","data":{"header":{"identity":{"api_id":1008,"id":1453409839},"status":{"code":0}},"data":""}}
2026-06-17 11:29:14,046 [INFO] go2_survey.vision.frames: Captured frame | 1280x720 | age=0.005s | corrupt=False Δtarget=+0.012s
2026-06-17 11:29:14,118 [INFO] go2_survey.vision.geotag: Wrote geotagged capture: leg01_m024_b346_2026-06-17T11-29-14.jpg + leg01_m024_b346_2026-06-17T11-29-14.json
2026-06-17 11:29:14,119 [INFO] go2_survey.navigator: ------------------------------------------------------------
2026-06-17 11:29:14,120 [INFO] go2_survey.navigator: ----------- CAPTURE leg01 mark 24 @ 24.0m | n=1 ------------
2026-06-17 11:29:14,120 [INFO] go2_survey.navigator: ------------------------------------------------------------
2026-06-17 11:29:14,122 [INFO] root: > message sent: {"type": "req", "topic": "rt/api/sport/request", "data": {"header": {"identity": {"id": 1453410882, "api_id": 1008}}, "parameter": "{\"x\": 1.0, \"y\": 0, \"z\": -0.04125240534920152}"}}
2026-06-17 11:29:14,166 [INFO] root: Received message on data channel: {"type":"res","topic":"rt/api/sport/response","data":{"header":{"identity":{"api_id":1008,"id":1453410882},"status":{"code":0}},"data":""}}
2026-06-17 11:29:14,269 [INFO] root: > message sent: {"type": "req", "topic": "rt/api/sport/request", "data": {"header": {"identity": {"id": 1453410133, "api_id": 1008}}, "parameter": "{\"x\": 1.0, \"y\": 0, \"z\": -0.04055012272379486}"}}
2026-06-17 11:29:14,293 [INFO] root: Received message on data channel: {"type":"res","topic":"rt/api/sport/response","data":{"header":{"identity":{"api_id":1008,"id":1453410133},"status":{"code":0}},"data":""}}
2026-06-17 11:29:14,395 [INFO] root: > message sent: {"type": "req", "topic": "rt/api/sport/request", "data": {"header": {"identity": {"id": 1453411106, "api_id": 1008}}, "parameter": "{\"x\": 1.0, \"y\": 0, \"z\": -0.04055012272379486}"}}
2026-06-17 11:29:14,410 [INFO] root: Received message on data channel: {"type":"res","topic":"rt/api/sport/response","data":{"header":{"identity":{"api_id":1008,"id":1453411106},"status":{"code":0}},"data":""}}
2026-06-17 11:29:14,512 [INFO] root: > message sent: {"type": "req", "topic": "rt/api/sport/request", "data": {"header": {"identity": {"id": 1453411013, "api_id": 1008}}, "parameter": "{\"x\": 1.0, \"y\": 0, \"z\": -0.05082415577864566}"}}
2026-06-17 11:29:14,537 [INFO] root: Received message on data channel: {"type":"res","topic":"rt/api/sport/response","data":{"header":{"identity":{"api_id":1008,"id":1453411013},"status":{"code":0}},"data":""}}
2026-06-17 11:29:14,640 [INFO] root: > message sent: {"type": "req", "topic": "rt/api/sport/request", "data": {"header": {"identity": {"id": 1453410608, "api_id": 1008}}, "parameter": "{\"x\": 1.0, \"y\": 0, \"z\": -0.06464849273261138}"}}
2026-06-17 11:29:14,658 [INFO] root: Received message on data channel: {"type":"res","topic":"rt/api/sport/response","data":{"header":{"identity":{"api_id":1008,"id":1453410608},"status":{"code":0}},"data":""}}
2026-06-17 11:29:14,760 [INFO] root: > message sent: {"type": "req", "topic": "rt/api/sport/request", "data": {"header": {"identity": {"id": 1453410754, "api_id": 1008}}, "parameter": "{\"x\": 1.0, \"y\": 0, \"z\": -0.06464849273261138}"}}
2026-06-17 11:29:14,783 [INFO] root: Received message on data channel: {"type":"res","topic":"rt/api/sport/response","data":{"header":{"identity":{"api_id":1008,"id":1453410754},"status":{"code":0}},"data":""}}
2026-06-17 11:29:14,885 [INFO] go2_survey.navigator: IMU RUNNING RECAL | offset 38.2° (fresh 30.9°, Δ -0.26°)
2026-06-17 11:29:14,887 [INFO] root: > message sent: {"type": "req", "topic": "rt/api/sport/request", "data": {"header": {"identity": {"id": 1453410749, "api_id": 1008}}, "parameter": "{\"x\": 1.0, \"y\": 0, \"z\": -0.05572868556677235}"}}
2026-06-17 11:29:14,896 [INFO] root: Received message on data channel: {"type":"res","topic":"rt/api/sport/response","data":{"header":{"identity":{"api_id":1008,"id":1453410749},"status":{"code":0}},"data":""}}
2026-06-17 11:29:15,000 [INFO] root: > message sent: {"type": "req", "topic": "rt/api/sport/request", "data": {"header": {"identity": {"id": 1453411075, "api_id": 1008}}, "parameter": "{\"x\": 1.0, \"y\": 0, \"z\": -0.07067187403557966}"}}
2026-06-17 11:29:15,011 [INFO] root: Received message on data channel: {"type":"res","topic":"rt/api/sport/response","data":{"header":{"identity":{"api_id":1008,"id":1453411075},"status":{"code":0}},"data":""}}
2026-06-17 11:29:15,114 [INFO] root: > message sent: {"type": "req", "topic": "rt/api/sport/request", "data": {"header": {"identity": {"id": 1453411560, "api_id": 1008}}, "parameter": "{\"x\": 1.0, \"y\": 0, \"z\": -0.07067187403557966}"}}
2026-06-17 11:29:15,143 [INFO] root: Received message on data channel: {"type":"res","topic":"rt/api/sport/response","data":{"header":{"identity":{"api_id":1008,"id":1453411560},"status":{"code":0}},"data":""}}
2026-06-17 11:29:15,224 [INFO] root: > message sent: {"type": "heartbeat", "topic": "", "data": {"timeInStr": "2026-06-17 11:29:15", "timeInNum": 1781717355}}
2026-06-17 11:29:15,229 [INFO] root: Received message on data channel: {"type":"heartbeat"}
2026-06-17 11:29:15,230 [INFO] root: Heartbeat response received.
2026-06-17 11:29:15,249 [INFO] go2_survey.vision.frames: Captured frame | 1280x720 | age=0.154s | corrupt=False Δtarget=-0.034s
2026-06-17 11:29:15,318 [INFO] go2_survey.vision.geotag: Wrote geotagged capture: leg01_m025_b346_2026-06-17T11-29-15.jpg + leg01_m025_b346_2026-06-17T11-29-15.json
2026-06-17 11:29:15,318 [INFO] go2_survey.navigator: ------------------------------------------------------------
2026-06-17 11:29:15,318 [INFO] go2_survey.navigator: ----------- CAPTURE leg01 mark 25 @ 25.0m | n=1 ------------
2026-06-17 11:29:15,319 [INFO] go2_survey.navigator: ------------------------------------------------------------
2026-06-17 11:29:15,320 [INFO] root: > message sent: {"type": "req", "topic": "rt/api/sport/request", "data": {"header": {"identity": {"id": 1453412123, "api_id": 1008}}, "parameter": "{\"x\": 1.0, \"y\": 0, \"z\": -0.06420932776602029}"}}
2026-06-17 11:29:15,348 [INFO] root: Received message on data channel: {"type":"res","topic":"rt/api/sport/response","data":{"header":{"identity":{"api_id":1008,"id":1453412123},"status":{"code":0}},"data":""}}
2026-06-17 11:29:15,453 [INFO] root: > message sent: {"type": "req", "topic": "rt/api/sport/request", "data": {"header": {"identity": {"id": 1453412150, "api_id": 1008}}, "parameter": "{\"x\": 1.0, \"y\": 0, \"z\": -0.04242687132802416}"}}
2026-06-17 11:29:15,592 [INFO] root: Received message on data channel: {"type":"res","topic":"rt/api/sport/response","data":{"header":{"identity":{"api_id":1008,"id":1453412150},"status":{"code":0}},"data":""}}
2026-06-17 11:29:15,593 [INFO] go2_survey.navigator: NAV [cross_track] leg01 | along=25.4/50.7m cross=0.19m hdg_err=2.8° cog=347° fix=6
2026-06-17 11:29:15,696 [INFO] root: > message sent: {"type": "req", "topic": "rt/api/sport/request", "data": {"header": {"identity": {"id": 1453411729, "api_id": 1008}}, "parameter": "{\"x\": 1.0, \"y\": 0, \"z\": -0.05873229360671388}"}}
2026-06-17 11:29:15,710 [INFO] root: Received message on data channel: {"type":"res","topic":"rt/api/sport/response","data":{"header":{"identity":{"api_id":1008,"id":1453411729},"status":{"code":0}},"data":""}}
2026-06-17 11:29:15,814 [INFO] root: > message sent: {"type": "req", "topic": "rt/api/sport/request", "data": {"header": {"identity": {"id": 1453412065, "api_id": 1008}}, "parameter": "{\"x\": 1.0, \"y\": 0, \"z\": -0.048634503066937215}"}}
2026-06-17 11:29:15,836 [INFO] root: Received message on data channel: {"type":"res","topic":"rt/api/sport/response","data":{"header":{"identity":{"api_id":1008,"id":1453412065},"status":{"code":0}},"data":""}}
2026-06-17 11:29:15,907 [INFO] root: Received message on data channel: {"type":"rtc_inner_req","info":{"req_type":"rtt_probe_send_from_mechine","send_time_stamp":1781717355,"uuid":"1beb2d6b-da2f-45aa-a695-dad77cce84c3"}}
2026-06-17 11:29:15,908 [INFO] root: > message sent: {"type": "rtc_inner_req", "topic": "", "data": {"req_type": "rtt_probe_send_from_mechine", "send_time_stamp": 1781717355, "uuid": "1beb2d6b-da2f-45aa-a695-dad77cce84c3"}}
2026-06-17 11:29:15,938 [INFO] root: > message sent: {"type": "req", "topic": "rt/api/sport/request", "data": {"header": {"identity": {"id": 1453412327, "api_id": 1008}}, "parameter": "{\"x\": 1.0, \"y\": 0, \"z\": -0.048634503066937215}"}}
2026-06-17 11:29:15,977 [INFO] root: Received message on data channel: {"type":"res","topic":"rt/api/sport/response","data":{"header":{"identity":{"api_id":1008,"id":1453412327},"status":{"code":0}},"data":""}}
2026-06-17 11:29:16,081 [INFO] root: > message sent: {"type": "req", "topic": "rt/api/sport/request", "data": {"header": {"identity": {"id": 1453412124, "api_id": 1008}}, "parameter": "{\"x\": 1.0, \"y\": 0, \"z\": -0.03552601942681207}"}}
2026-06-17 11:29:16,115 [INFO] root: Received message on data channel: {"type":"res","topic":"rt/api/sport/response","data":{"header":{"identity":{"api_id":1008,"id":1453412124},"status":{"code":0}},"data":""}}
2026-06-17 11:29:16,217 [INFO] go2_survey.vision.frames: Captured frame | 1280x720 | age=0.078s | corrupt=False Δtarget=+0.005s
2026-06-17 11:29:16,289 [INFO] go2_survey.vision.geotag: Wrote geotagged capture: leg01_m026_b346_2026-06-17T11-29-16.jpg + leg01_m026_b346_2026-06-17T11-29-16.json
2026-06-17 11:29:16,290 [INFO] go2_survey.navigator: ------------------------------------------------------------
2026-06-17 11:29:16,290 [INFO] go2_survey.navigator: ----------- CAPTURE leg01 mark 26 @ 26.0m | n=1 ------------
2026-06-17 11:29:16,290 [INFO] go2_survey.navigator: ------------------------------------------------------------
2026-06-17 11:29:16,292 [INFO] root: > message sent: {"type": "req", "topic": "rt/api/sport/request", "data": {"header": {"identity": {"id": 1453412888, "api_id": 1008}}, "parameter": "{\"x\": 1.0, \"y\": 0, \"z\": -0.035902556779155076}"}}
2026-06-17 11:29:16,340 [INFO] root: Received message on data channel: {"type":"res","topic":"rt/api/sport/response","data":{"header":{"identity":{"api_id":1008,"id":1453412888},"status":{"code":0}},"data":""}}
2026-06-17 11:29:16,446 [INFO] root: > message sent: {"type": "req", "topic": "rt/api/sport/request", "data": {"header": {"identity": {"id": 1453413201, "api_id": 1008}}, "parameter": "{\"x\": 1.0, \"y\": 0, \"z\": -0.012330351437342414}"}}
2026-06-17 11:29:16,463 [INFO] root: Received message on data channel: {"type":"res","topic":"rt/api/sport/response","data":{"header":{"identity":{"api_id":1008,"id":1453413201},"status":{"code":0}},"data":""}}
2026-06-17 11:29:16,565 [INFO] root: > message sent: {"type": "req", "topic": "rt/api/sport/request", "data": {"header": {"identity": {"id": 1453412967, "api_id": 1008}}, "parameter": "{\"x\": 1.0, \"y\": 0, \"z\": -0.012330351437342414}"}}
2026-06-17 11:29:16,578 [INFO] root: Received message on data channel: {"type":"res","topic":"rt/api/sport/response","data":{"header":{"identity":{"api_id":1008,"id":1453412967},"status":{"code":0}},"data":""}}
2026-06-17 11:29:16,682 [INFO] root: > message sent: {"type": "req", "topic": "rt/api/sport/request", "data": {"header": {"identity": {"id": 1453412668, "api_id": 1008}}, "parameter": "{\"x\": 1.0, \"y\": 0, \"z\": -0.03347052891199524}"}}
2026-06-17 11:29:16,699 [INFO] root: Received message on data channel: {"type":"res","topic":"rt/api/sport/response","data":{"header":{"identity":{"api_id":1008,"id":1453412668},"status":{"code":0}},"data":""}}
2026-06-17 11:29:16,805 [INFO] root: > message sent: {"type": "req", "topic": "rt/api/sport/request", "data": {"header": {"identity": {"id": 1453413065, "api_id": 1008}}, "parameter": "{\"x\": 1.0, \"y\": 0, \"z\": -0.002980746564996082}"}}
2026-06-17 11:29:16,818 [INFO] root: Received message on data channel: {"type":"res","topic":"rt/api/sport/response","data":{"header":{"identity":{"api_id":1008,"id":1453413065},"status":{"code":0}},"data":""}}
2026-06-17 11:29:16,924 [INFO] root: > message sent: {"type": "req", "topic": "rt/api/sport/request", "data": {"header": {"identity": {"id": 1453413631, "api_id": 1008}}, "parameter": "{\"x\": 1.0, \"y\": 0, \"z\": -0.002980746564996082}"}}
2026-06-17 11:29:16,959 [INFO] root: Received message on data channel: {"type":"res","topic":"rt/api/sport/response","data":{"header":{"identity":{"api_id":1008,"id":1453413631},"status":{"code":0}},"data":""}}
2026-06-17 11:29:17,063 [INFO] root: > message sent: {"type": "req", "topic": "rt/api/sport/request", "data": {"header": {"identity": {"id": 1453413765, "api_id": 1008}}, "parameter": "{\"x\": 1.0, \"y\": 0, \"z\": 0.024037622462690533}"}}
2026-06-17 11:29:17,100 [INFO] root: Received message on data channel: {"type":"res","topic":"rt/api/sport/response","data":{"header":{"identity":{"api_id":1008,"id":1453413765},"status":{"code":0}},"data":""}}
2026-06-17 11:29:17,202 [INFO] go2_survey.vision.frames: Captured frame | 1280x720 | age=0.082s | corrupt=False Δtarget=-0.013s
2026-06-17 11:29:17,273 [INFO] go2_survey.vision.geotag: Wrote geotagged capture: leg01_m027_b346_2026-06-17T11-29-17.jpg + leg01_m027_b346_2026-06-17T11-29-17.json
2026-06-17 11:29:17,274 [INFO] go2_survey.navigator: ------------------------------------------------------------
2026-06-17 11:29:17,274 [INFO] go2_survey.navigator: ----------- CAPTURE leg01 mark 27 @ 27.0m | n=1 ------------
2026-06-17 11:29:17,274 [INFO] go2_survey.navigator: ------------------------------------------------------------
2026-06-17 11:29:17,275 [INFO] root: > message sent: {"type": "req", "topic": "rt/api/sport/request", "data": {"header": {"identity": {"id": 1453413997, "api_id": 1008}}, "parameter": "{\"x\": 1.0, \"y\": 0, \"z\": -0.0037177224857330767}"}}
2026-06-17 11:29:17,276 [INFO] root: > message sent: {"type": "heartbeat", "topic": "", "data": {"timeInStr": "2026-06-17 11:29:17", "timeInNum": 1781717357}}
2026-06-17 11:29:17,329 [INFO] root: Received message on data channel: {"type":"heartbeat"}
2026-06-17 11:29:17,330 [INFO] root: Heartbeat response received.
2026-06-17 11:29:17,331 [INFO] root: Received message on data channel: {"type":"res","topic":"rt/api/sport/response","data":{"header":{"identity":{"api_id":1008,"id":1453413997},"status":{"code":0}},"data":""}}
2026-06-17 11:29:17,436 [INFO] root: > message sent: {"type": "req", "topic": "rt/api/sport/request", "data": {"header": {"identity": {"id": 1453414209, "api_id": 1008}}, "parameter": "{\"x\": 1.0, \"y\": 0, \"z\": 0.010028684046650084}"}}
2026-06-17 11:29:17,453 [INFO] root: Received message on data channel: {"type":"res","topic":"rt/api/sport/response","data":{"header":{"identity":{"api_id":1008,"id":1453414209},"status":{"code":0}},"data":""}}
2026-06-17 11:29:17,556 [INFO] root: > message sent: {"type": "req", "topic": "rt/api/sport/request", "data": {"header": {"identity": {"id": 1453413397, "api_id": 1008}}, "parameter": "{\"x\": 1.0, \"y\": 0, \"z\": 0.010028684046650084}"}}
2026-06-17 11:29:17,589 [INFO] root: Received message on data channel: {"type":"res","topic":"rt/api/sport/response","data":{"header":{"identity":{"api_id":1008,"id":1453413397},"status":{"code":0}},"data":""}}
2026-06-17 11:29:17,590 [INFO] go2_survey.navigator: NAV [cross_track] leg01 | along=27.3/50.7m cross=0.14m hdg_err=-0.7° cog=350° fix=6
2026-06-17 11:29:17,693 [INFO] root: > message sent: {"type": "req", "topic": "rt/api/sport/request", "data": {"header": {"identity": {"id": 1453413553, "api_id": 1008}}, "parameter": "{\"x\": 1.0, \"y\": 0, \"z\": 0.025627203649607678}"}}
2026-06-17 11:29:17,732 [INFO] root: Received message on data channel: {"type":"res","topic":"rt/api/sport/response","data":{"header":{"identity":{"api_id":1008,"id":1453413553},"status":{"code":0}},"data":""}}
2026-06-17 11:29:17,838 [INFO] root: > message sent: {"type": "req", "topic": "rt/api/sport/request", "data": {"header": {"identity": {"id": 1453413825, "api_id": 1008}}, "parameter": "{\"x\": 1.0, \"y\": 0, \"z\": 0.014352139650927426}"}}
2026-06-17 11:29:17,869 [INFO] root: Received message on data channel: {"type":"res","topic":"rt/api/sport/response","data":{"header":{"identity":{"api_id":1008,"id":1453413825},"status":{"code":0}},"data":""}}
2026-06-17 11:29:17,973 [INFO] root: > message sent: {"type": "req", "topic": "rt/api/sport/request", "data": {"header": {"identity": {"id": 1453414088, "api_id": 1008}}, "parameter": "{\"x\": 1.0, \"y\": 0, \"z\": 0.014352139650927426}"}}
2026-06-17 11:29:18,031 [INFO] root: Received message on data channel: {"type":"res","topic":"rt/api/sport/response","data":{"header":{"identity":{"api_id":1008,"id":1453414088},"status":{"code":0}},"data":""}}
2026-06-17 11:29:18,136 [INFO] root: > message sent: {"type": "req", "topic": "rt/api/sport/request", "data": {"header": {"identity": {"id": 1453414282, "api_id": 1008}}, "parameter": "{\"x\": 1.0, \"y\": 0, \"z\": 0.015332568642627109}"}}
2026-06-17 11:29:18,202 [INFO] root: Received message on data channel: {"type":"res","topic":"rt/api/sport/response","data":{"header":{"identity":{"api_id":1008,"id":1453414282},"status":{"code":0}},"data":""}}
2026-06-17 11:29:18,305 [INFO] go2_survey.vision.frames: Captured frame | 1280x720 | age=0.077s | corrupt=False Δtarget=-0.010s
2026-06-17 11:29:18,371 [INFO] go2_survey.vision.geotag: Wrote geotagged capture: leg01_m028_b346_2026-06-17T11-29-18.jpg + leg01_m028_b346_2026-06-17T11-29-18.json
2026-06-17 11:29:18,372 [INFO] go2_survey.navigator: ------------------------------------------------------------
2026-06-17 11:29:18,372 [INFO] go2_survey.navigator: ----------- CAPTURE leg01 mark 28 @ 28.0m | n=1 ------------
2026-06-17 11:29:18,372 [INFO] go2_survey.navigator: ------------------------------------------------------------
2026-06-17 11:29:18,374 [INFO] root: > message sent: {"type": "req", "topic": "rt/api/sport/request", "data": {"header": {"identity": {"id": 1453414614, "api_id": 1008}}, "parameter": "{\"x\": 1.0, \"y\": 0, \"z\": 0.007693448732853767}"}}
2026-06-17 11:29:18,396 [INFO] root: Received message on data channel: {"type":"res","topic":"rt/api/sport/response","data":{"header":{"identity":{"api_id":1008,"id":1453414614},"status":{"code":0}},"data":""}}
2026-06-17 11:29:18,499 [INFO] root: > message sent: {"type": "req", "topic": "rt/api/sport/request", "data": {"header": {"identity": {"id": 1453414805, "api_id": 1008}}, "parameter": "{\"x\": 1.0, \"y\": 0, \"z\": 0.011723099322340147}"}}
2026-06-17 11:29:18,518 [INFO] root: Received message on data channel: {"type":"res","topic":"rt/api/sport/response","data":{"header":{"identity":{"api_id":1008,"id":1453414805},"status":{"code":0}},"data":""}}
2026-06-17 11:29:18,621 [INFO] root: > message sent: {"type": "req", "topic": "rt/api/sport/request", "data": {"header": {"identity": {"id": 1453415133, "api_id": 1008}}, "parameter": "{\"x\": 1.0, \"y\": 0, \"z\": 0.0103474984841543}"}}
2026-06-17 11:29:18,663 [INFO] root: Received message on data channel: {"type":"res","topic":"rt/api/sport/response","data":{"header":{"identity":{"api_id":1008,"id":1453415133},"status":{"code":0}},"data":""}}
2026-06-17 11:29:18,766 [INFO] root: > message sent: {"type": "req", "topic": "rt/api/sport/request", "data": {"header": {"identity": {"id": 1453414715, "api_id": 1008}}, "parameter": "{\"x\": 1.0, \"y\": 0, \"z\": 0.0103474984841543}"}}
2026-06-17 11:29:18,790 [INFO] root: Received message on data channel: {"type":"res","topic":"rt/api/sport/response","data":{"header":{"identity":{"api_id":1008,"id":1453414715},"status":{"code":0}},"data":""}}
2026-06-17 11:29:18,894 [INFO] root: > message sent: {"type": "req", "topic": "rt/api/sport/request", "data": {"header": {"identity": {"id": 1453414951, "api_id": 1008}}, "parameter": "{\"x\": 1.0, \"y\": 0, \"z\": -0.012181602311963502}"}}
2026-06-17 11:29:18,923 [INFO] root: Received message on data channel: {"type":"res","topic":"rt/api/sport/response","data":{"header":{"identity":{"api_id":1008,"id":1453414951},"status":{"code":0}},"data":""}}
2026-06-17 11:29:19,028 [INFO] root: > message sent: {"type": "req", "topic": "rt/api/sport/request", "data": {"header": {"identity": {"id": 1453415748, "api_id": 1008}}, "parameter": "{\"x\": 1.0, \"y\": 0, \"z\": 0.0033534223166418542}"}}
2026-06-17 11:29:19,097 [INFO] root: Received message on data channel: {"type":"res","topic":"rt/api/sport/response","data":{"header":{"identity":{"api_id":1008,"id":1453415748},"status":{"code":0}},"data":""}}
2026-06-17 11:29:19,201 [INFO] root: > message sent: {"type": "req", "topic": "rt/api/sport/request", "data": {"header": {"identity": {"id": 1453415108, "api_id": 1008}}, "parameter": "{\"x\": 1.0, \"y\": 0, \"z\": 0.0033534223166418542}"}}
2026-06-17 11:29:19,218 [INFO] root: Received message on data channel: {"type":"res","topic":"rt/api/sport/response","data":{"header":{"identity":{"api_id":1008,"id":1453415108},"status":{"code":0}},"data":""}}
2026-06-17 11:29:19,277 [INFO] root: > message sent: {"type": "heartbeat", "topic": "", "data": {"timeInStr": "2026-06-17 11:29:19", "timeInNum": 1781717359}}
2026-06-17 11:29:19,313 [INFO] root: Received message on data channel: {"type":"heartbeat"}
2026-06-17 11:29:19,313 [INFO] root: Heartbeat response received.
2026-06-17 11:29:19,320 [INFO] go2_survey.vision.frames: Captured frame | 1280x720 | age=0.024s | corrupt=False Δtarget=-0.016s
2026-06-17 11:29:19,386 [INFO] go2_survey.vision.geotag: Wrote geotagged capture: leg01_m029_b346_2026-06-17T11-29-19.jpg + leg01_m029_b346_2026-06-17T11-29-19.json
2026-06-17 11:29:19,387 [INFO] go2_survey.navigator: ------------------------------------------------------------
2026-06-17 11:29:19,387 [INFO] go2_survey.navigator: ----------- CAPTURE leg01 mark 29 @ 29.0m | n=1 ------------
2026-06-17 11:29:19,387 [INFO] go2_survey.navigator: ------------------------------------------------------------
2026-06-17 11:29:19,388 [INFO] root: > message sent: {"type": "req", "topic": "rt/api/sport/request", "data": {"header": {"identity": {"id": 1453415385, "api_id": 1008}}, "parameter": "{\"x\": 1.0, \"y\": 0, \"z\": 0.010169237511444464}"}}
2026-06-17 11:29:19,440 [INFO] root: Received message on data channel: {"type":"res","topic":"rt/api/sport/response","data":{"header":{"identity":{"api_id":1008,"id":1453415385},"status":{"code":0}},"data":""}}
2026-06-17 11:29:19,545 [INFO] root: > message sent: {"type": "req", "topic": "rt/api/sport/request", "data": {"header": {"identity": {"id": 1453415700, "api_id": 1008}}, "parameter": "{\"x\": 1.0, \"y\": 0, \"z\": -0.014295334939558585}"}}
2026-06-17 11:29:19,586 [INFO] root: Received message on data channel: {"type":"res","topic":"rt/api/sport/response","data":{"header":{"identity":{"api_id":1008,"id":1453415700},"status":{"code":0}},"data":""}}
2026-06-17 11:29:19,690 [INFO] root: > message sent: {"type": "req", "topic": "rt/api/sport/request", "data": {"header": {"identity": {"id": 1453416387, "api_id": 1008}}, "parameter": "{\"x\": 1.0, \"y\": 0, \"z\": -0.008516268268246278}"}}
2026-06-17 11:29:19,705 [INFO] root: Received message on data channel: {"type":"res","topic":"rt/api/sport/response","data":{"header":{"identity":{"api_id":1008,"id":1453416387},"status":{"code":0}},"data":""}}
2026-06-17 11:29:19,706 [INFO] go2_survey.navigator: NAV [cross_track] leg01 | along=29.4/50.7m cross=0.09m hdg_err=0.6° cog=348° fix=6
2026-06-17 11:29:19,810 [INFO] root: > message sent: {"type": "req", "topic": "rt/api/sport/request", "data": {"header": {"identity": {"id": 1453416175, "api_id": 1008}}, "parameter": "{\"x\": 1.0, \"y\": 0, \"z\": -0.030518223047820356}"}}
2026-06-17 11:29:19,857 [INFO] root: Received message on data channel: {"type":"res","topic":"rt/api/sport/response","data":{"header":{"identity":{"api_id":1008,"id":1453416175},"status":{"code":0}},"data":""}}
2026-06-17 11:29:19,945 [WARNING] aiortc.codecs.h264: H264Decoder() failed to decode, skipping package: [Errno 1094995529] Invalid data found when processing input: 'avcodec_send_packet()'
2026-06-17 11:29:19,962 [INFO] root: > message sent: {"type": "req", "topic": "rt/api/sport/request", "data": {"header": {"identity": {"id": 1453416085, "api_id": 1008}}, "parameter": "{\"x\": 1.0, \"y\": 0, \"z\": -0.030518223047820356}"}}
2026-06-17 11:29:20,171 [INFO] root: Received message on data channel: {"type":"res","topic":"rt/api/sport/response","data":{"header":{"identity":{"api_id":1008,"id":1453416085},"status":{"code":0}},"data":""}}
2026-06-17 11:29:20,275 [INFO] go2_survey.navigator: IMU RUNNING RECAL | offset 37.2° (fresh 32.6°, Δ -0.02°)
2026-06-17 11:29:20,278 [INFO] root: > message sent: {"type": "req", "topic": "rt/api/sport/request", "data": {"header": {"identity": {"id": 1453416823, "api_id": 1008}}, "parameter": "{\"x\": 1.0, \"y\": 0, \"z\": -0.038202031461559614}"}}
2026-06-17 11:29:20,288 [INFO] root: Received message on data channel: {"type":"res","topic":"rt/api/sport/response","data":{"header":{"identity":{"api_id":1008,"id":1453416823},"status":{"code":0}},"data":""}}
2026-06-17 11:29:20,390 [INFO] root: > message sent: {"type": "req", "topic": "rt/api/sport/request", "data": {"header": {"identity": {"id": 1453416799, "api_id": 1008}}, "parameter": "{\"x\": 1.0, \"y\": 0, \"z\": -0.038202031461559614}"}}
2026-06-17 11:29:20,403 [INFO] root: Received message on data channel: {"type":"res","topic":"rt/api/sport/response","data":{"header":{"identity":{"api_id":1008,"id":1453416799},"status":{"code":0}},"data":""}}
2026-06-17 11:29:20,505 [INFO] go2_survey.vision.frames: Captured frame | 1280x720 | age=0.091s | corrupt=False Δtarget=+0.012s
2026-06-17 11:29:20,589 [INFO] go2_survey.vision.geotag: Wrote geotagged capture: leg01_m030_b346_2026-06-17T11-29-20.jpg + leg01_m030_b346_2026-06-17T11-29-20.json
2026-06-17 11:29:20,590 [INFO] go2_survey.navigator: ------------------------------------------------------------
2026-06-17 11:29:20,590 [INFO] go2_survey.navigator: ----------- CAPTURE leg01 mark 30 @ 30.0m | n=1 ------------
2026-06-17 11:29:20,590 [INFO] go2_survey.navigator: ------------------------------------------------------------
2026-06-17 11:29:20,593 [INFO] root: > message sent: {"type": "req", "topic": "rt/api/sport/request", "data": {"header": {"identity": {"id": 1453417060, "api_id": 1008}}, "parameter": "{\"x\": 1.0, \"y\": 0, \"z\": -0.053888157946473426}"}}
2026-06-17 11:29:21,239 [INFO] root: Received message on data channel: {"type":"res","topic":"rt/api/sport/response","data":{"header":{"identity":{"api_id":1008,"id":1453417060},"status":{"code":0}},"data":""}}
2026-06-17 11:29:21,279 [INFO] root: > message sent: {"type": "heartbeat", "topic": "", "data": {"timeInStr": "2026-06-17 11:29:21", "timeInNum": 1781717361}}
2026-06-17 11:29:21,308 [INFO] root: Received message on data channel: {"type":"heartbeat"}
2026-06-17 11:29:21,309 [INFO] root: Heartbeat response received.
2026-06-17 11:29:21,340 [INFO] go2_survey.health: HEALTH  batt 92% -10.5A est… · motors 51°C max RR_thigh ▲1.2°/min
2026-06-17 11:29:21,346 [INFO] root: > message sent: {"type": "req", "topic": "rt/api/sport/request", "data": {"header": {"identity": {"id": 1453417271, "api_id": 1008}}, "parameter": "{\"x\": 1.0, \"y\": 0, \"z\": -0.04214252026189456}"}}
2026-06-17 11:29:21,368 [INFO] root: Received message on data channel: {"type":"res","topic":"rt/api/sport/response","data":{"header":{"identity":{"api_id":1008,"id":1453417271},"status":{"code":0}},"data":""}}
2026-06-17 11:29:21,471 [INFO] go2_survey.vision.frames: Captured frame | 1280x720 | age=0.080s | corrupt=False Δtarget=+0.004s
2026-06-17 11:29:21,539 [INFO] go2_survey.vision.geotag: Wrote geotagged capture: leg01_m031_b346_2026-06-17T11-29-21.jpg + leg01_m031_b346_2026-06-17T11-29-21.json
2026-06-17 11:29:21,541 [INFO] go2_survey.navigator: ------------------------------------------------------------
2026-06-17 11:29:21,541 [INFO] go2_survey.navigator: ----------- CAPTURE leg01 mark 31 @ 31.0m | n=1 ------------
2026-06-17 11:29:21,541 [INFO] go2_survey.navigator: ------------------------------------------------------------
2026-06-17 11:29:21,543 [INFO] root: > message sent: {"type": "req", "topic": "rt/api/sport/request", "data": {"header": {"identity": {"id": 1453417875, "api_id": 1008}}, "parameter": "{\"x\": 1.0, \"y\": 0, \"z\": -0.0380288644357563}"}}
2026-06-17 11:29:21,581 [INFO] root: Received message on data channel: {"type":"res","topic":"rt/api/sport/response","data":{"header":{"identity":{"api_id":1008,"id":1453417875},"status":{"code":0}},"data":""}}
2026-06-17 11:29:21,684 [INFO] root: > message sent: {"type": "req", "topic": "rt/api/sport/request", "data": {"header": {"identity": {"id": 1453417664, "api_id": 1008}}, "parameter": "{\"x\": 1.0, \"y\": 0, \"z\": -0.04920969112372944}"}}
2026-06-17 11:29:21,743 [INFO] root: Received message on data channel: {"type":"res","topic":"rt/api/sport/response","data":{"header":{"identity":{"api_id":1008,"id":1453417664},"status":{"code":0}},"data":""}}
2026-06-17 11:29:21,848 [INFO] root: > message sent: {"type": "req", "topic": "rt/api/sport/request", "data": {"header": {"identity": {"id": 1453418160, "api_id": 1008}}, "parameter": "{\"x\": 1.0, \"y\": 0, \"z\": -0.035139133053251045}"}}
2026-06-17 11:29:21,876 [INFO] root: Received message on data channel: {"type":"res","topic":"rt/api/sport/response","data":{"header":{"identity":{"api_id":1008,"id":1453418160},"status":{"code":0}},"data":""}}
2026-06-17 11:29:21,876 [INFO] go2_survey.navigator: NAV [cross_track] leg01 | along=31.5/50.7m cross=0.13m hdg_err=2.3° cog=346° fix=6
2026-06-17 11:29:21,979 [INFO] root: > message sent: {"type": "req", "topic": "rt/api/sport/request", "data": {"header": {"identity": {"id": 1453418128, "api_id": 1008}}, "parameter": "{\"x\": 1.0, \"y\": 0, \"z\": -0.035139133053251045}"}}
2026-06-17 11:29:22,009 [INFO] root: Received message on data channel: {"type":"res","topic":"rt/api/sport/response","data":{"header":{"identity":{"api_id":1008,"id":1453418128},"status":{"code":0}},"data":""}}
2026-06-17 11:29:22,114 [INFO] root: > message sent: {"type": "req", "topic": "rt/api/sport/request", "data": {"header": {"identity": {"id": 1453417931, "api_id": 1008}}, "parameter": "{\"x\": 1.0, \"y\": 0, \"z\": -0.052775142901672324}"}}
2026-06-17 11:29:22,142 [INFO] root: Received message on data channel: {"type":"res","topic":"rt/api/sport/response","data":{"header":{"identity":{"api_id":1008,"id":1453417931},"status":{"code":0}},"data":""}}
2026-06-17 11:29:22,244 [INFO] root: > message sent: {"type": "req", "topic": "rt/api/sport/request", "data": {"header": {"identity": {"id": 1453418554, "api_id": 1008}}, "parameter": "{\"x\": 1.0, \"y\": 0, \"z\": -0.05363651166548095}"}}
2026-06-17 11:29:22,278 [INFO] root: Received message on data channel: {"type":"res","topic":"rt/api/sport/response","data":{"header":{"identity":{"api_id":1008,"id":1453418554},"status":{"code":0}},"data":""}}
2026-06-17 11:29:22,383 [INFO] root: > message sent: {"type": "req", "topic": "rt/api/sport/request", "data": {"header": {"identity": {"id": 1453418828, "api_id": 1008}}, "parameter": "{\"x\": 1.0, \"y\": 0, \"z\": -0.05363651166548095}"}}
2026-06-17 11:29:22,420 [INFO] root: Received message on data channel: {"type":"res","topic":"rt/api/sport/response","data":{"header":{"identity":{"api_id":1008,"id":1453418828},"status":{"code":0}},"data":""}}
2026-06-17 11:29:22,522 [INFO] go2_survey.vision.frames: Captured frame | 1280x720 | age=0.075s | corrupt=False Δtarget=-0.014s
2026-06-17 11:29:22,589 [INFO] go2_survey.vision.geotag: Wrote geotagged capture: leg01_m032_b346_2026-06-17T11-29-22.jpg + leg01_m032_b346_2026-06-17T11-29-22.json
2026-06-17 11:29:22,590 [INFO] go2_survey.navigator: ------------------------------------------------------------
2026-06-17 11:29:22,590 [INFO] go2_survey.navigator: ----------- CAPTURE leg01 mark 32 @ 32.0m | n=1 ------------
2026-06-17 11:29:22,590 [INFO] go2_survey.navigator: ------------------------------------------------------------
2026-06-17 11:29:22,591 [INFO] root: > message sent: {"type": "req", "topic": "rt/api/sport/request", "data": {"header": {"identity": {"id": 1453418721, "api_id": 1008}}, "parameter": "{\"x\": 1.0, \"y\": 0, \"z\": -0.04972957464722867}"}}
2026-06-17 11:29:22,702 [INFO] root: Received message on data channel: {"type":"res","topic":"rt/api/sport/response","data":{"header":{"identity":{"api_id":1008,"id":1453418721},"status":{"code":0}},"data":""}}
2026-06-17 11:29:22,805 [INFO] root: > message sent: {"type": "req", "topic": "rt/api/sport/request", "data": {"header": {"identity": {"id": 1453418908, "api_id": 1008}}, "parameter": "{\"x\": 1.0, \"y\": 0, \"z\": -0.05919871829795255}"}}
2026-06-17 11:29:22,840 [INFO] root: Received message on data channel: {"type":"res","topic":"rt/api/sport/response","data":{"header":{"identity":{"api_id":1008,"id":1453418908},"status":{"code":0}},"data":""}}
2026-06-17 11:29:22,943 [INFO] root: > message sent: {"type": "req", "topic": "rt/api/sport/request", "data": {"header": {"identity": {"id": 1453419519, "api_id": 1008}}, "parameter": "{\"x\": 1.0, \"y\": 0, \"z\": -0.05919871829795255}"}}
2026-06-17 11:29:22,983 [INFO] root: Received message on data channel: {"type":"res","topic":"rt/api/sport/response","data":{"header":{"identity":{"api_id":1008,"id":1453419519},"status":{"code":0}},"data":""}}
2026-06-17 11:29:23,087 [INFO] root: > message sent: {"type": "req", "topic": "rt/api/sport/request", "data": {"header": {"identity": {"id": 1453419639, "api_id": 1008}}, "parameter": "{\"x\": 1.0, \"y\": 0, \"z\": -0.07057707400163792}"}}
2026-06-17 11:29:23,145 [INFO] root: Received message on data channel: {"type":"res","topic":"rt/api/sport/response","data":{"header":{"identity":{"api_id":1008,"id":1453419639},"status":{"code":0}},"data":""}}
2026-06-17 11:29:23,250 [INFO] root: > message sent: {"type": "req", "topic": "rt/api/sport/request", "data": {"header": {"identity": {"id": 1453419758, "api_id": 1008}}, "parameter": "{\"x\": 1.0, \"y\": 0, \"z\": -0.07848472460121457}"}}
2026-06-17 11:29:23,269 [INFO] root: Received message on data channel: {"type":"res","topic":"rt/api/sport/response","data":{"header":{"identity":{"api_id":1008,"id":1453419758},"status":{"code":0}},"data":""}}
2026-06-17 11:29:23,281 [INFO] root: > message sent: {"type": "heartbeat", "topic": "", "data": {"timeInStr": "2026-06-17 11:29:23", "timeInNum": 1781717363}}
2026-06-17 11:29:23,295 [INFO] root: Received message on data channel: {"type":"heartbeat"}
2026-06-17 11:29:23,295 [INFO] root: Heartbeat response received.
2026-06-17 11:29:23,372 [INFO] root: > message sent: {"type": "req", "topic": "rt/api/sport/request", "data": {"header": {"identity": {"id": 1453419667, "api_id": 1008}}, "parameter": "{\"x\": 1.0, \"y\": 0, \"z\": -0.07848472460121457}"}}
2026-06-17 11:29:23,406 [INFO] root: Received message on data channel: {"type":"res","topic":"rt/api/sport/response","data":{"header":{"identity":{"api_id":1008,"id":1453419667},"status":{"code":0}},"data":""}}
2026-06-17 11:29:23,509 [INFO] go2_survey.vision.frames: Captured frame | 1280x720 | age=0.011s | corrupt=False Δtarget=+0.028s
2026-06-17 11:29:23,585 [INFO] go2_survey.vision.geotag: Wrote geotagged capture: leg01_m033_b346_2026-06-17T11-29-23.jpg + leg01_m033_b346_2026-06-17T11-29-23.json
2026-06-17 11:29:23,586 [INFO] go2_survey.navigator: ------------------------------------------------------------
2026-06-17 11:29:23,586 [INFO] go2_survey.navigator: ----------- CAPTURE leg01 mark 33 @ 33.0m | n=1 ------------
2026-06-17 11:29:23,586 [INFO] go2_survey.navigator: ------------------------------------------------------------
2026-06-17 11:29:23,589 [INFO] root: > message sent: {"type": "req", "topic": "rt/api/sport/request", "data": {"header": {"identity": {"id": 1453420163, "api_id": 1008}}, "parameter": "{\"x\": 1.0, \"y\": 0, \"z\": -0.059843631755287556}"}}
2026-06-17 11:29:23,639 [INFO] root: Received message on data channel: {"type":"res","topic":"rt/api/sport/response","data":{"header":{"identity":{"api_id":1008,"id":1453420163},"status":{"code":0}},"data":""}}
2026-06-17 11:29:23,742 [INFO] root: > message sent: {"type": "req", "topic": "rt/api/sport/request", "data": {"header": {"identity": {"id": 1453419810, "api_id": 1008}}, "parameter": "{\"x\": 1.0, \"y\": 0, \"z\": -0.06795287979068688}"}}
2026-06-17 11:29:23,775 [INFO] root: Received message on data channel: {"type":"res","topic":"rt/api/sport/response","data":{"header":{"identity":{"api_id":1008,"id":1453419810},"status":{"code":0}},"data":""}}
2026-06-17 11:29:23,880 [INFO] root: > message sent: {"type": "req", "topic": "rt/api/sport/request", "data": {"header": {"identity": {"id": 1453420036, "api_id": 1008}}, "parameter": "{\"x\": 1.0, \"y\": 0, \"z\": -0.06556615840380033}"}}
2026-06-17 11:29:23,910 [INFO] root: Received message on data channel: {"type":"res","topic":"rt/api/sport/response","data":{"header":{"identity":{"api_id":1008,"id":1453420036},"status":{"code":0}},"data":""}}
2026-06-17 11:29:23,911 [INFO] go2_survey.navigator: NAV [cross_track] leg01 | along=33.5/50.7m cross=0.19m hdg_err=4.4° cog=345° fix=6
2026-06-17 11:29:24,015 [INFO] root: > message sent: {"type": "req", "topic": "rt/api/sport/request", "data": {"header": {"identity": {"id": 1453419885, "api_id": 1008}}, "parameter": "{\"x\": 1.0, \"y\": 0, \"z\": -0.04854380260118887}"}}
2026-06-17 11:29:24,042 [INFO] root: Received message on data channel: {"type":"res","topic":"rt/api/sport/response","data":{"header":{"identity":{"api_id":1008,"id":1453419885},"status":{"code":0}},"data":""}}
2026-06-17 11:29:24,144 [INFO] root: > message sent: {"type": "req", "topic": "rt/api/sport/request", "data": {"header": {"identity": {"id": 1453419991, "api_id": 1008}}, "parameter": "{\"x\": 1.0, \"y\": 0, \"z\": -0.04854380260118887}"}}
2026-06-17 11:29:24,181 [INFO] root: Received message on data channel: {"type":"res","topic":"rt/api/sport/response","data":{"header":{"identity":{"api_id":1008,"id":1453419991},"status":{"code":0}},"data":""}}
2026-06-17 11:29:24,284 [INFO] root: > message sent: {"type": "req", "topic": "rt/api/sport/request", "data": {"header": {"identity": {"id": 1453420340, "api_id": 1008}}, "parameter": "{\"x\": 1.0, \"y\": 0, \"z\": -0.043818840614038096}"}}
2026-06-17 11:29:24,327 [INFO] root: Received message on data channel: {"type":"res","topic":"rt/api/sport/response","data":{"header":{"identity":{"api_id":1008,"id":1453420340},"status":{"code":0}},"data":""}}
2026-06-17 11:29:24,429 [INFO] go2_survey.vision.frames: Captured frame | 1280x720 | age=0.016s | corrupt=False Δtarget=+0.022s
2026-06-17 11:29:24,515 [INFO] go2_survey.vision.geotag: Wrote geotagged capture: leg01_m034_b346_2026-06-17T11-29-24.jpg + leg01_m034_b346_2026-06-17T11-29-24.json
2026-06-17 11:29:24,516 [INFO] go2_survey.navigator: ------------------------------------------------------------
2026-06-17 11:29:24,516 [INFO] go2_survey.navigator: ----------- CAPTURE leg01 mark 34 @ 34.0m | n=1 ------------
2026-06-17 11:29:24,516 [INFO] go2_survey.navigator: ------------------------------------------------------------
2026-06-17 11:29:24,518 [INFO] root: > message sent: {"type": "req", "topic": "rt/api/sport/request", "data": {"header": {"identity": {"id": 1453420524, "api_id": 1008}}, "parameter": "{\"x\": 1.0, \"y\": 0, \"z\": -0.03142941669125463}"}}
2026-06-17 11:29:24,614 [INFO] root: Received message on data channel: {"type":"res","topic":"rt/api/sport/response","data":{"header":{"identity":{"api_id":1008,"id":1453420524},"status":{"code":0}},"data":""}}
2026-06-17 11:29:24,719 [INFO] root: > message sent: {"type": "req", "topic": "rt/api/sport/request", "data": {"header": {"identity": {"id": 1453421310, "api_id": 1008}}, "parameter": "{\"x\": 1.0, \"y\": 0, \"z\": -0.04917926389326965}"}}
2026-06-17 11:29:24,754 [INFO] root: Received message on data channel: {"type":"res","topic":"rt/api/sport/response","data":{"header":{"identity":{"api_id":1008,"id":1453421310},"status":{"code":0}},"data":""}}
2026-06-17 11:29:24,864 [INFO] root: > message sent: {"type": "req", "topic": "rt/api/sport/request", "data": {"header": {"identity": {"id": 1453421466, "api_id": 1008}}, "parameter": "{\"x\": 1.0, \"y\": 0, \"z\": -0.055613658498593}"}}
2026-06-17 11:29:24,883 [INFO] root: Received message on data channel: {"type":"res","topic":"rt/api/sport/response","data":{"header":{"identity":{"api_id":1008,"id":1453421466},"status":{"code":0}},"data":""}}
2026-06-17 11:29:24,986 [INFO] root: > message sent: {"type": "req", "topic": "rt/api/sport/request", "data": {"header": {"identity": {"id": 1453420990, "api_id": 1008}}, "parameter": "{\"x\": 1.0, \"y\": 0, \"z\": -0.055613658498593}"}}
2026-06-17 11:29:25,017 [INFO] root: Received message on data channel: {"type":"res","topic":"rt/api/sport/response","data":{"header":{"identity":{"api_id":1008,"id":1453420990},"status":{"code":0}},"data":""}}
2026-06-17 11:29:25,125 [INFO] root: > message sent: {"type": "req", "topic": "rt/api/sport/request", "data": {"header": {"identity": {"id": 1453421093, "api_id": 1008}}, "parameter": "{\"x\": 1.0, \"y\": 0, \"z\": -0.04165944636004497}"}}
2026-06-17 11:29:25,153 [INFO] root: Received message on data channel: {"type":"res","topic":"rt/api/sport/response","data":{"header":{"identity":{"api_id":1008,"id":1453421093},"status":{"code":0}},"data":""}}
2026-06-17 11:29:25,257 [INFO] root: > message sent: {"type": "req", "topic": "rt/api/sport/request", "data": {"header": {"identity": {"id": 1453421990, "api_id": 1008}}, "parameter": "{\"x\": 1.0, \"y\": 0, \"z\": -0.06398168199953459}"}}
2026-06-17 11:29:25,283 [INFO] root: > message sent: {"type": "heartbeat", "topic": "", "data": {"timeInStr": "2026-06-17 11:29:25", "timeInNum": 1781717365}}
2026-06-17 11:29:25,328 [INFO] root: Received message on data channel: {"type":"res","topic":"rt/api/sport/response","data":{"header":{"identity":{"api_id":1008,"id":1453421990},"status":{"code":0}},"data":""}}
2026-06-17 11:29:25,333 [INFO] root: Received message on data channel: {"type":"heartbeat"}
2026-06-17 11:29:25,333 [INFO] root: Heartbeat response received.
2026-06-17 11:29:25,432 [INFO] go2_survey.navigator: IMU RUNNING RECAL | offset 36.2° (fresh 30.6°, Δ -0.03°)
2026-06-17 11:29:25,434 [INFO] root: > message sent: {"type": "req", "topic": "rt/api/sport/request", "data": {"header": {"identity": {"id": 1453421971, "api_id": 1008}}, "parameter": "{\"x\": 1.0, \"y\": 0, \"z\": -0.053526124655250557}"}}
2026-06-17 11:29:25,475 [INFO] root: Received message on data channel: {"type":"res","topic":"rt/api/sport/response","data":{"header":{"identity":{"api_id":1008,"id":1453421971},"status":{"code":0}},"data":""}}
2026-06-17 11:29:25,577 [INFO] root: > message sent: {"type": "req", "topic": "rt/api/sport/request", "data": {"header": {"identity": {"id": 1453421792, "api_id": 1008}}, "parameter": "{\"x\": 1.0, \"y\": 0, \"z\": -0.053526124655250557}"}}
2026-06-17 11:29:25,585 [INFO] root: Received message on data channel: {"type":"res","topic":"rt/api/sport/response","data":{"header":{"identity":{"api_id":1008,"id":1453421792},"status":{"code":0}},"data":""}}
2026-06-17 11:29:25,688 [INFO] go2_survey.vision.frames: Captured frame | 1280x720 | age=0.084s | corrupt=False Δtarget=+0.004s
2026-06-17 11:29:25,771 [INFO] go2_survey.vision.geotag: Wrote geotagged capture: leg01_m035_b346_2026-06-17T11-29-25.jpg + leg01_m035_b346_2026-06-17T11-29-25.json
2026-06-17 11:29:25,772 [INFO] go2_survey.navigator: ------------------------------------------------------------
2026-06-17 11:29:25,772 [INFO] go2_survey.navigator: ----------- CAPTURE leg01 mark 35 @ 35.0m | n=1 ------------
2026-06-17 11:29:25,772 [INFO] go2_survey.navigator: ------------------------------------------------------------
2026-06-17 11:29:25,774 [INFO] root: > message sent: {"type": "req", "topic": "rt/api/sport/request", "data": {"header": {"identity": {"id": 1453422462, "api_id": 1008}}, "parameter": "{\"x\": 1.0, \"y\": 0, \"z\": -0.04814552909174722}"}}
2026-06-17 11:29:25,805 [INFO] root: Received message on data channel: {"type":"res","topic":"rt/api/sport/response","data":{"header":{"identity":{"api_id":1008,"id":1453422462},"status":{"code":0}},"data":""}}
2026-06-17 11:29:25,911 [INFO] root: > message sent: {"type": "req", "topic": "rt/api/sport/request", "data": {"header": {"identity": {"id": 1453422697, "api_id": 1008}}, "parameter": "{\"x\": 1.0, \"y\": 0, \"z\": -0.05392241739291734}"}}
2026-06-17 11:29:25,945 [INFO] root: Received message on data channel: {"type":"res","topic":"rt/api/sport/response","data":{"header":{"identity":{"api_id":1008,"id":1453422697},"status":{"code":0}},"data":""}}
2026-06-17 11:29:25,947 [INFO] go2_survey.navigator: NAV [cross_track] leg01 | along=35.4/50.7m cross=0.21m hdg_err=3.6° cog=346° fix=6
2026-06-17 11:29:26,050 [INFO] root: > message sent: {"type": "req", "topic": "rt/api/sport/request", "data": {"header": {"identity": {"id": 1453422708, "api_id": 1008}}, "parameter": "{\"x\": 1.0, \"y\": 0, \"z\": -0.04219868089847353}"}}
2026-06-17 11:29:26,062 [INFO] root: Received message on data channel: {"type":"res","topic":"rt/api/sport/response","data":{"header":{"identity":{"api_id":1008,"id":1453422708},"status":{"code":0}},"data":""}}
2026-06-17 11:29:26,165 [INFO] root: > message sent: {"type": "req", "topic": "rt/api/sport/request", "data": {"header": {"identity": {"id": 1453422920, "api_id": 1008}}, "parameter": "{\"x\": 1.0, \"y\": 0, \"z\": -0.04219868089847353}"}}
2026-06-17 11:29:26,281 [INFO] root: Received message on data channel: {"type":"res","topic":"rt/api/sport/response","data":{"header":{"identity":{"api_id":1008,"id":1453422920},"status":{"code":0}},"data":""}}
2026-06-17 11:29:26,385 [INFO] root: > message sent: {"type": "req", "topic": "rt/api/sport/request", "data": {"header": {"identity": {"id": 1453422443, "api_id": 1008}}, "parameter": "{\"x\": 1.0, \"y\": 0, \"z\": -0.048987680434472054}"}}
2026-06-17 11:29:26,414 [INFO] root: Received message on data channel: {"type":"res","topic":"rt/api/sport/response","data":{"header":{"identity":{"api_id":1008,"id":1453422443},"status":{"code":0}},"data":""}}
2026-06-17 11:29:26,519 [INFO] root: > message sent: {"type": "req", "topic": "rt/api/sport/request", "data": {"header": {"identity": {"id": 1453423208, "api_id": 1008}}, "parameter": "{\"x\": 1.0, \"y\": 0, \"z\": -0.04783257620572783}"}}
2026-06-17 11:29:26,546 [INFO] root: Received message on data channel: {"type":"res","topic":"rt/api/sport/response","data":{"header":{"identity":{"api_id":1008,"id":1453423208},"status":{"code":0}},"data":""}}
2026-06-17 11:29:26,648 [INFO] go2_survey.vision.frames: Captured frame | 1280x720 | age=0.077s | corrupt=False Δtarget=+0.011s
2026-06-17 11:29:26,721 [INFO] go2_survey.vision.geotag: Wrote geotagged capture: leg01_m036_b346_2026-06-17T11-29-26.jpg + leg01_m036_b346_2026-06-17T11-29-26.json
2026-06-17 11:29:26,721 [INFO] go2_survey.navigator: ------------------------------------------------------------
2026-06-17 11:29:26,721 [INFO] go2_survey.navigator: ----------- CAPTURE leg01 mark 36 @ 36.0m | n=1 ------------
2026-06-17 11:29:26,722 [INFO] go2_survey.navigator: ------------------------------------------------------------
2026-06-17 11:29:26,723 [INFO] root: > message sent: {"type": "req", "topic": "rt/api/sport/request", "data": {"header": {"identity": {"id": 1453423136, "api_id": 1008}}, "parameter": "{\"x\": 1.0, \"y\": 0, \"z\": -0.029297832592552878}"}}
2026-06-17 11:29:26,741 [INFO] root: Received message on data channel: {"type":"res","topic":"rt/api/sport/response","data":{"header":{"identity":{"api_id":1008,"id":1453423136},"status":{"code":0}},"data":""}}
2026-06-17 11:29:26,851 [INFO] root: > message sent: {"type": "req", "topic": "rt/api/sport/request", "data": {"header": {"identity": {"id": 1453423276, "api_id": 1008}}, "parameter": "{\"x\": 1.0, \"y\": 0, \"z\": -0.0376200714192538}"}}
2026-06-17 11:29:26,863 [INFO] root: Received message on data channel: {"type":"res","topic":"rt/api/sport/response","data":{"header":{"identity":{"api_id":1008,"id":1453423276},"status":{"code":0}},"data":""}}
2026-06-17 11:29:26,966 [INFO] root: > message sent: {"type": "req", "topic": "rt/api/sport/request", "data": {"header": {"identity": {"id": 1453422787, "api_id": 1008}}, "parameter": "{\"x\": 1.0, \"y\": 0, \"z\": -0.0376200714192538}"}}
2026-06-17 11:29:26,989 [INFO] root: Received message on data channel: {"type":"res","topic":"rt/api/sport/response","data":{"header":{"identity":{"api_id":1008,"id":1453422787},"status":{"code":0}},"data":""}}
2026-06-17 11:29:27,093 [INFO] root: > message sent: {"type": "req", "topic": "rt/api/sport/request", "data": {"header": {"identity": {"id": 1453423307, "api_id": 1008}}, "parameter": "{\"x\": 1.0, \"y\": 0, \"z\": -0.03051301443453525}"}}
2026-06-17 11:29:27,139 [INFO] root: Received message on data channel: {"type":"res","topic":"rt/api/sport/response","data":{"header":{"identity":{"api_id":1008,"id":1453423307},"status":{"code":0}},"data":""}}
2026-06-17 11:29:27,242 [INFO] root: > message sent: {"type": "req", "topic": "rt/api/sport/request", "data": {"header": {"identity": {"id": 1453423305, "api_id": 1008}}, "parameter": "{\"x\": 1.0, \"y\": 0, \"z\": -0.013152183614954538}"}}
2026-06-17 11:29:27,262 [INFO] root: Received message on data channel: {"type":"res","topic":"rt/api/sport/response","data":{"header":{"identity":{"api_id":1008,"id":1453423305},"status":{"code":0}},"data":""}}
2026-06-17 11:29:27,284 [INFO] root: > message sent: {"type": "heartbeat", "topic": "", "data": {"timeInStr": "2026-06-17 11:29:27", "timeInNum": 1781717367}}
2026-06-17 11:29:27,295 [INFO] root: Received message on data channel: {"type":"heartbeat"}
2026-06-17 11:29:27,296 [INFO] root: Heartbeat response received.
2026-06-17 11:29:27,365 [INFO] root: > message sent: {"type": "req", "topic": "rt/api/sport/request", "data": {"header": {"identity": {"id": 1453423971, "api_id": 1008}}, "parameter": "{\"x\": 1.0, \"y\": 0, \"z\": -0.013152183614954538}"}}
2026-06-17 11:29:27,390 [INFO] root: Received message on data channel: {"type":"res","topic":"rt/api/sport/response","data":{"header":{"identity":{"api_id":1008,"id":1453423971},"status":{"code":0}},"data":""}}
2026-06-17 11:29:27,494 [INFO] root: > message sent: {"type": "req", "topic": "rt/api/sport/request", "data": {"header": {"identity": {"id": 1453424187, "api_id": 1008}}, "parameter": "{\"x\": 1.0, \"y\": 0, \"z\": -0.027079180311853576}"}}
2026-06-17 11:29:27,508 [INFO] root: Received message on data channel: {"type":"res","topic":"rt/api/sport/response","data":{"header":{"identity":{"api_id":1008,"id":1453424187},"status":{"code":0}},"data":""}}
2026-06-17 11:29:27,610 [INFO] go2_survey.vision.frames: Captured frame | 1280x720 | age=0.048s | corrupt=False Δtarget=+0.021s
2026-06-17 11:29:27,693 [INFO] go2_survey.vision.geotag: Wrote geotagged capture: leg01_m037_b346_2026-06-17T11-29-27.jpg + leg01_m037_b346_2026-06-17T11-29-27.json
2026-06-17 11:29:27,694 [INFO] go2_survey.navigator: ------------------------------------------------------------
2026-06-17 11:29:27,694 [INFO] go2_survey.navigator: ----------- CAPTURE leg01 mark 37 @ 37.0m | n=1 ------------
2026-06-17 11:29:27,695 [INFO] go2_survey.navigator: ------------------------------------------------------------
2026-06-17 11:29:27,698 [INFO] root: > message sent: {"type": "req", "topic": "rt/api/sport/request", "data": {"header": {"identity": {"id": 1453423625, "api_id": 1008}}, "parameter": "{\"x\": 1.0, \"y\": 0, \"z\": -0.008510719790131134}"}}
2026-06-17 11:29:27,749 [INFO] root: Received message on data channel: {"type":"res","topic":"rt/api/sport/response","data":{"header":{"identity":{"api_id":1008,"id":1453423625},"status":{"code":0}},"data":""}}
2026-06-17 11:29:27,852 [INFO] root: > message sent: {"type": "req", "topic": "rt/api/sport/request", "data": {"header": {"identity": {"id": 1453423671, "api_id": 1008}}, "parameter": "{\"x\": 1.0, \"y\": 0, \"z\": -0.027781521266285265}"}}
2026-06-17 11:29:28,667 [INFO] root: Received message on data channel: {"type":"res","topic":"rt/api/sport/response","data":{"header":{"identity":{"api_id":1008,"id":1453423671},"status":{"code":0}},"data":""}}
2026-06-17 11:29:28,770 [INFO] go2_survey.vision.frames: Captured frame | 1280x720 | age=0.023s | corrupt=False Δtarget=+0.018s
2026-06-17 11:29:28,846 [INFO] go2_survey.vision.geotag: Wrote geotagged capture: leg01_m038_b346_2026-06-17T11-29-28.jpg + leg01_m038_b346_2026-06-17T11-29-28.json
2026-06-17 11:29:28,846 [INFO] go2_survey.navigator: ------------------------------------------------------------
2026-06-17 11:29:28,846 [INFO] go2_survey.navigator: ----------- CAPTURE leg01 mark 38 @ 38.0m | n=1 ------------
2026-06-17 11:29:28,846 [INFO] go2_survey.navigator: ------------------------------------------------------------
2026-06-17 11:29:28,850 [INFO] root: > message sent: {"type": "req", "topic": "rt/api/sport/request", "data": {"header": {"identity": {"id": 1453424887, "api_id": 1008}}, "parameter": "{\"x\": 1.0, \"y\": 0, \"z\": -0.04010477034673073}"}}
2026-06-17 11:29:28,881 [INFO] root: Received message on data channel: {"type":"res","topic":"rt/api/sport/response","data":{"header":{"identity":{"api_id":1008,"id":1453424887},"status":{"code":0}},"data":""}}
2026-06-17 11:29:28,882 [INFO] go2_survey.navigator: NAV [cross_track] leg01 | along=38.0/50.7m cross=0.18m hdg_err=2.7° cog=347° fix=6
2026-06-17 11:29:28,986 [INFO] root: > message sent: {"type": "req", "topic": "rt/api/sport/request", "data": {"header": {"identity": {"id": 1453425212, "api_id": 1008}}, "parameter": "{\"x\": 1.0, \"y\": 0, \"z\": -0.032909557365298665}"}}
2026-06-17 11:29:29,099 [INFO] root: Received message on data channel: {"type":"res","topic":"rt/api/sport/response","data":{"header":{"identity":{"api_id":1008,"id":1453425212},"status":{"code":0}},"data":""}}
2026-06-17 11:29:29,204 [INFO] root: > message sent: {"type": "req", "topic": "rt/api/sport/request", "data": {"header": {"identity": {"id": 1453425024, "api_id": 1008}}, "parameter": "{\"x\": 1.0, \"y\": 0, \"z\": -0.051056741664257284}"}}
2026-06-17 11:29:29,219 [INFO] root: Received message on data channel: {"type":"res","topic":"rt/api/sport/response","data":{"header":{"identity":{"api_id":1008,"id":1453425024},"status":{"code":0}},"data":""}}
2026-06-17 11:29:29,287 [INFO] root: > message sent: {"type": "heartbeat", "topic": "", "data": {"timeInStr": "2026-06-17 11:29:29", "timeInNum": 1781717369}}
2026-06-17 11:29:29,293 [INFO] root: Received message on data channel: {"type":"heartbeat"}
2026-06-17 11:29:29,294 [INFO] root: Heartbeat response received.
2026-06-17 11:29:29,322 [INFO] root: > message sent: {"type": "req", "topic": "rt/api/sport/request", "data": {"header": {"identity": {"id": 1453425525, "api_id": 1008}}, "parameter": "{\"x\": 1.0, \"y\": 0, \"z\": -0.051056741664257284}"}}
2026-06-17 11:29:29,359 [INFO] root: Received message on data channel: {"type":"res","topic":"rt/api/sport/response","data":{"header":{"identity":{"api_id":1008,"id":1453425525},"status":{"code":0}},"data":""}}
2026-06-17 11:29:29,463 [INFO] root: > message sent: {"type": "req", "topic": "rt/api/sport/request", "data": {"header": {"identity": {"id": 1453425496, "api_id": 1008}}, "parameter": "{\"x\": 1.0, \"y\": 0, \"z\": -0.05323910672777032}"}}
2026-06-17 11:29:29,509 [INFO] root: Received message on data channel: {"type":"res","topic":"rt/api/sport/response","data":{"header":{"identity":{"api_id":1008,"id":1453425496},"status":{"code":0}},"data":""}}
2026-06-17 11:29:29,611 [INFO] go2_survey.vision.frames: Captured frame | 1280x720 | age=0.012s | corrupt=False Δtarget=-0.012s
2026-06-17 11:29:29,679 [INFO] go2_survey.vision.geotag: Wrote geotagged capture: leg01_m039_b346_2026-06-17T11-29-29.jpg + leg01_m039_b346_2026-06-17T11-29-29.json
2026-06-17 11:29:29,680 [INFO] go2_survey.navigator: ------------------------------------------------------------
2026-06-17 11:29:29,680 [INFO] go2_survey.navigator: ----------- CAPTURE leg01 mark 39 @ 39.0m | n=1 ------------
2026-06-17 11:29:29,680 [INFO] go2_survey.navigator: ------------------------------------------------------------
2026-06-17 11:29:29,681 [INFO] root: > message sent: {"type": "req", "topic": "rt/api/sport/request", "data": {"header": {"identity": {"id": 1453426404, "api_id": 1008}}, "parameter": "{\"x\": 1.0, \"y\": 0, \"z\": -0.06572562635725461}"}}
2026-06-17 11:29:29,740 [INFO] root: Received message on data channel: {"type":"res","topic":"rt/api/sport/response","data":{"header":{"identity":{"api_id":1008,"id":1453426404},"status":{"code":0}},"data":""}}
2026-06-17 11:29:29,844 [INFO] root: > message sent: {"type": "req", "topic": "rt/api/sport/request", "data": {"header": {"identity": {"id": 1453426107, "api_id": 1008}}, "parameter": "{\"x\": 1.0, \"y\": 0, \"z\": -0.059043947047740915}"}}
2026-06-17 11:29:29,861 [INFO] root: Received message on data channel: {"type":"res","topic":"rt/api/sport/response","data":{"header":{"identity":{"api_id":1008,"id":1453426107},"status":{"code":0}},"data":""}}
2026-06-17 11:29:29,967 [INFO] root: > message sent: {"type": "req", "topic": "rt/api/sport/request", "data": {"header": {"identity": {"id": 1453426453, "api_id": 1008}}, "parameter": "{\"x\": 1.0, \"y\": 0, \"z\": -0.059043947047740915}"}}
2026-06-17 11:29:29,993 [INFO] root: Received message on data channel: {"type":"res","topic":"rt/api/sport/response","data":{"header":{"identity":{"api_id":1008,"id":1453426453},"status":{"code":0}},"data":""}}
2026-06-17 11:29:30,096 [INFO] root: > message sent: {"type": "req", "topic": "rt/api/sport/request", "data": {"header": {"identity": {"id": 1453426219, "api_id": 1008}}, "parameter": "{\"x\": 1.0, \"y\": 0, \"z\": -0.07248922095405078}"}}
2026-06-17 11:29:30,127 [INFO] root: Received message on data channel: {"type":"res","topic":"rt/api/sport/response","data":{"header":{"identity":{"api_id":1008,"id":1453426219},"status":{"code":0}},"data":""}}
2026-06-17 11:29:30,233 [INFO] root: > message sent: {"type": "req", "topic": "rt/api/sport/request", "data": {"header": {"identity": {"id": 1453426841, "api_id": 1008}}, "parameter": "{\"x\": 1.0, \"y\": 0, \"z\": -0.07226670328521635}"}}
2026-06-17 11:29:30,254 [INFO] root: Received message on data channel: {"type":"res","topic":"rt/api/sport/response","data":{"header":{"identity":{"api_id":1008,"id":1453426841},"status":{"code":0}},"data":""}}
2026-06-17 11:29:30,363 [INFO] root: > message sent: {"type": "req", "topic": "rt/api/sport/request", "data": {"header": {"identity": {"id": 1453426588, "api_id": 1008}}, "parameter": "{\"x\": 1.0, \"y\": 0, \"z\": -0.07226670328521635}"}}
2026-06-17 11:29:30,406 [INFO] root: Received message on data channel: {"type":"res","topic":"rt/api/sport/response","data":{"header":{"identity":{"api_id":1008,"id":1453426588},"status":{"code":0}},"data":""}}
2026-06-17 11:29:30,510 [INFO] go2_survey.navigator: IMU RUNNING RECAL | offset 35.3° (fresh 30.7°, Δ -0.02°)
2026-06-17 11:29:30,511 [INFO] root: > message sent: {"type": "req", "topic": "rt/api/sport/request", "data": {"header": {"identity": {"id": 1453426332, "api_id": 1008}}, "parameter": "{\"x\": 1.0, \"y\": 0, \"z\": -0.04232583119072018}"}}
2026-06-17 11:29:30,544 [INFO] root: Received message on data channel: {"type":"res","topic":"rt/api/sport/response","data":{"header":{"identity":{"api_id":1008,"id":1453426332},"status":{"code":0}},"data":""}}
2026-06-17 11:29:30,648 [INFO] root: > message sent: {"type": "req", "topic": "rt/api/sport/request", "data": {"header": {"identity": {"id": 1453427363, "api_id": 1008}}, "parameter": "{\"x\": 1.0, \"y\": 0, \"z\": -0.04794385968508436}"}}
2026-06-17 11:29:30,682 [INFO] root: Received message on data channel: {"type":"res","topic":"rt/api/sport/response","data":{"header":{"identity":{"api_id":1008,"id":1453427363},"status":{"code":0}},"data":""}}
2026-06-17 11:29:30,786 [INFO] root: > message sent: {"type": "req", "topic": "rt/api/sport/request", "data": {"header": {"identity": {"id": 1453427314, "api_id": 1008}}, "parameter": "{\"x\": 1.0, \"y\": 0, \"z\": -0.04794385968508436}"}}
2026-06-17 11:29:30,864 [INFO] root: Received message on data channel: {"type":"res","topic":"rt/api/sport/response","data":{"header":{"identity":{"api_id":1008,"id":1453427314},"status":{"code":0}},"data":""}}
2026-06-17 11:29:30,865 [INFO] go2_survey.navigator: NAV [cross_track] leg01 | along=40.0/50.7m cross=0.20m hdg_err=3.2° cog=347° fix=6
2026-06-17 11:29:30,968 [INFO] go2_survey.vision.frames: Captured frame | 1280x720 | age=0.191s | corrupt=False Δtarget=-0.042s
2026-06-17 11:29:31,032 [INFO] go2_survey.vision.geotag: Wrote geotagged capture: leg01_m040_b346_2026-06-17T11-29-30.jpg + leg01_m040_b346_2026-06-17T11-29-30.json
2026-06-17 11:29:31,033 [INFO] go2_survey.navigator: ------------------------------------------------------------
2026-06-17 11:29:31,033 [INFO] go2_survey.navigator: ----------- CAPTURE leg01 mark 40 @ 40.0m | n=1 ------------
2026-06-17 11:29:31,033 [INFO] go2_survey.navigator: ------------------------------------------------------------
2026-06-17 11:29:31,035 [INFO] root: > message sent: {"type": "req", "topic": "rt/api/sport/request", "data": {"header": {"identity": {"id": 1453427273, "api_id": 1008}}, "parameter": "{\"x\": 1.0, \"y\": 0, \"z\": -0.040151126732572776}"}}
2026-06-17 11:29:31,056 [INFO] root: Received message on data channel: {"type":"res","topic":"rt/api/sport/response","data":{"header":{"identity":{"api_id":1008,"id":1453427273},"status":{"code":0}},"data":""}}
2026-06-17 11:29:31,161 [INFO] root: > message sent: {"type": "req", "topic": "rt/api/sport/request", "data": {"header": {"identity": {"id": 1453427022, "api_id": 1008}}, "parameter": "{\"x\": 1.0, \"y\": 0, \"z\": -0.022912007143155222}"}}
2026-06-17 11:29:31,181 [INFO] root: Received message on data channel: {"type":"res","topic":"rt/api/sport/response","data":{"header":{"identity":{"api_id":1008,"id":1453427022},"status":{"code":0}},"data":""}}
2026-06-17 11:29:31,286 [INFO] root: > message sent: {"type": "req", "topic": "rt/api/sport/request", "data": {"header": {"identity": {"id": 1453428078, "api_id": 1008}}, "parameter": "{\"x\": 1.0, \"y\": 0, \"z\": -0.04248848254081025}"}}
2026-06-17 11:29:31,288 [INFO] root: > message sent: {"type": "heartbeat", "topic": "", "data": {"timeInStr": "2026-06-17 11:29:31", "timeInNum": 1781717371}}
2026-06-17 11:29:31,329 [INFO] root: Received message on data channel: {"type":"heartbeat"}
2026-06-17 11:29:31,330 [INFO] root: Heartbeat response received.
2026-06-17 11:29:31,332 [INFO] root: Received message on data channel: {"type":"res","topic":"rt/api/sport/response","data":{"header":{"identity":{"api_id":1008,"id":1453428078},"status":{"code":0}},"data":""}}
2026-06-17 11:29:31,342 [INFO] go2_survey.health: HEALTH  batt 92% -8.6A ~92min · motors 51°C max RR_thigh ▲1.0°/min
2026-06-17 11:29:31,438 [INFO] root: > message sent: {"type": "req", "topic": "rt/api/sport/request", "data": {"header": {"identity": {"id": 1453427513, "api_id": 1008}}, "parameter": "{\"x\": 1.0, \"y\": 0, \"z\": -0.03626377696195874}"}}
2026-06-17 11:29:31,483 [INFO] root: Received message on data channel: {"type":"res","topic":"rt/api/sport/response","data":{"header":{"identity":{"api_id":1008,"id":1453427513},"status":{"code":0}},"data":""}}
2026-06-17 11:29:31,586 [INFO] root: > message sent: {"type": "req", "topic": "rt/api/sport/request", "data": {"header": {"identity": {"id": 1453427522, "api_id": 1008}}, "parameter": "{\"x\": 1.0, \"y\": 0, \"z\": -0.03626377696195874}"}}
2026-06-17 11:29:31,631 [INFO] root: Received message on data channel: {"type":"res","topic":"rt/api/sport/response","data":{"header":{"identity":{"api_id":1008,"id":1453427522},"status":{"code":0}},"data":""}}
2026-06-17 11:29:31,734 [INFO] root: > message sent: {"type": "req", "topic": "rt/api/sport/request", "data": {"header": {"identity": {"id": 1453427873, "api_id": 1008}}, "parameter": "{\"x\": 1.0, \"y\": 0, \"z\": -0.044938700201196294}"}}
2026-06-17 11:29:31,777 [INFO] root: Received message on data channel: {"type":"res","topic":"rt/api/sport/response","data":{"header":{"identity":{"api_id":1008,"id":1453427873},"status":{"code":0}},"data":""}}
2026-06-17 11:29:31,879 [INFO] go2_survey.vision.frames: Captured frame | 1280x720 | age=0.071s | corrupt=False Δtarget=+0.007s
2026-06-17 11:29:31,947 [INFO] go2_survey.vision.geotag: Wrote geotagged capture: leg01_m041_b346_2026-06-17T11-29-31.jpg + leg01_m041_b346_2026-06-17T11-29-31.json
2026-06-17 11:29:31,948 [INFO] go2_survey.navigator: ------------------------------------------------------------
2026-06-17 11:29:31,948 [INFO] go2_survey.navigator: ----------- CAPTURE leg01 mark 41 @ 41.0m | n=1 ------------
2026-06-17 11:29:31,949 [INFO] go2_survey.navigator: ------------------------------------------------------------
2026-06-17 11:29:31,952 [INFO] root: > message sent: {"type": "req", "topic": "rt/api/sport/request", "data": {"header": {"identity": {"id": 1453428595, "api_id": 1008}}, "parameter": "{\"x\": 1.0, \"y\": 0, \"z\": -0.051622016893806515}"}}
2026-06-17 11:29:31,979 [INFO] root: Received message on data channel: {"type":"res","topic":"rt/api/sport/response","data":{"header":{"identity":{"api_id":1008,"id":1453428595},"status":{"code":0}},"data":""}}
2026-06-17 11:29:32,083 [INFO] root: > message sent: {"type": "req", "topic": "rt/api/sport/request", "data": {"header": {"identity": {"id": 1453428690, "api_id": 1008}}, "parameter": "{\"x\": 1.0, \"y\": 0, \"z\": -0.036340829148904276}"}}
2026-06-17 11:29:32,109 [INFO] root: Received message on data channel: {"type":"res","topic":"rt/api/sport/response","data":{"header":{"identity":{"api_id":1008,"id":1453428690},"status":{"code":0}},"data":""}}
2026-06-17 11:29:32,214 [INFO] root: > message sent: {"type": "req", "topic": "rt/api/sport/request", "data": {"header": {"identity": {"id": 1453428436, "api_id": 1008}}, "parameter": "{\"x\": 1.0, \"y\": 0, \"z\": -0.06138204113871808}"}}
2026-06-17 11:29:32,232 [INFO] root: Received message on data channel: {"type":"res","topic":"rt/api/sport/response","data":{"header":{"identity":{"api_id":1008,"id":1453428436},"status":{"code":0}},"data":""}}
2026-06-17 11:29:32,335 [INFO] root: > message sent: {"type": "req", "topic": "rt/api/sport/request", "data": {"header": {"identity": {"id": 1453429038, "api_id": 1008}}, "parameter": "{\"x\": 1.0, \"y\": 0, \"z\": -0.06138204113871808}"}}
2026-06-17 11:29:32,367 [INFO] root: Received message on data channel: {"type":"res","topic":"rt/api/sport/response","data":{"header":{"identity":{"api_id":1008,"id":1453429038},"status":{"code":0}},"data":""}}
2026-06-17 11:29:32,472 [INFO] root: > message sent: {"type": "req", "topic": "rt/api/sport/request", "data": {"header": {"identity": {"id": 1453429180, "api_id": 1008}}, "parameter": "{\"x\": 1.0, \"y\": 0, \"z\": -0.05169904545051082}"}}
2026-06-17 11:29:32,528 [INFO] root: Received message on data channel: {"type":"res","topic":"rt/api/sport/response","data":{"header":{"identity":{"api_id":1008,"id":1453429180},"status":{"code":0}},"data":""}}
2026-06-17 11:29:32,632 [INFO] root: > message sent: {"type": "req", "topic": "rt/api/sport/request", "data": {"header": {"identity": {"id": 1453428912, "api_id": 1008}}, "parameter": "{\"x\": 1.0, \"y\": 0, \"z\": -0.039039460672705674}"}}
2026-06-17 11:29:32,663 [INFO] root: Received message on data channel: {"type":"res","topic":"rt/api/sport/response","data":{"header":{"identity":{"api_id":1008,"id":1453428912},"status":{"code":0}},"data":""}}
2026-06-17 11:29:32,768 [INFO] root: > message sent: {"type": "req", "topic": "rt/api/sport/request", "data": {"header": {"identity": {"id": 1453428596, "api_id": 1008}}, "parameter": "{\"x\": 1.0, \"y\": 0, \"z\": -0.039039460672705674}"}}
2026-06-17 11:29:32,790 [INFO] root: Received message on data channel: {"type":"res","topic":"rt/api/sport/response","data":{"header":{"identity":{"api_id":1008,"id":1453428596},"status":{"code":0}},"data":""}}
2026-06-17 11:29:32,892 [INFO] go2_survey.vision.frames: Captured frame | 1280x720 | age=0.077s | corrupt=False Δtarget=-0.024s
2026-06-17 11:29:32,971 [INFO] go2_survey.vision.geotag: Wrote geotagged capture: leg01_m042_b346_2026-06-17T11-29-32.jpg + leg01_m042_b346_2026-06-17T11-29-32.json
2026-06-17 11:29:32,972 [INFO] go2_survey.navigator: ------------------------------------------------------------
2026-06-17 11:29:32,972 [INFO] go2_survey.navigator: ----------- CAPTURE leg01 mark 42 @ 42.0m | n=1 ------------
2026-06-17 11:29:32,972 [INFO] go2_survey.navigator: ------------------------------------------------------------
2026-06-17 11:29:32,975 [INFO] root: > message sent: {"type": "req", "topic": "rt/api/sport/request", "data": {"header": {"identity": {"id": 1453429253, "api_id": 1008}}, "parameter": "{\"x\": 1.0, \"y\": 0, \"z\": -0.06402328941414566}"}}
2026-06-17 11:29:33,014 [INFO] root: Received message on data channel: {"type":"res","topic":"rt/api/sport/response","data":{"header":{"identity":{"api_id":1008,"id":1453429253},"status":{"code":0}},"data":""}}
2026-06-17 11:29:33,014 [INFO] go2_survey.navigator: NAV [cross_track] leg01 | along=42.1/50.7m cross=0.22m hdg_err=4.3° cog=346° fix=6
2026-06-17 11:29:33,123 [INFO] root: > message sent: {"type": "req", "topic": "rt/api/sport/request", "data": {"header": {"identity": {"id": 1453429209, "api_id": 1008}}, "parameter": "{\"x\": 1.0, \"y\": 0, \"z\": -0.04377168339759208}"}}
2026-06-17 11:29:33,149 [INFO] root: Received message on data channel: {"type":"res","topic":"rt/api/sport/response","data":{"header":{"identity":{"api_id":1008,"id":1453429209},"status":{"code":0}},"data":""}}
2026-06-17 11:29:33,253 [INFO] root: > message sent: {"type": "req", "topic": "rt/api/sport/request", "data": {"header": {"identity": {"id": 1453429544, "api_id": 1008}}, "parameter": "{\"x\": 1.0, \"y\": 0, \"z\": -0.058256469154898696}"}}
2026-06-17 11:29:33,280 [INFO] root: Received message on data channel: {"type":"res","topic":"rt/api/sport/response","data":{"header":{"identity":{"api_id":1008,"id":1453429544},"status":{"code":0}},"data":""}}
2026-06-17 11:29:33,289 [INFO] root: > message sent: {"type": "heartbeat", "topic": "", "data": {"timeInStr": "2026-06-17 11:29:33", "timeInNum": 1781717373}}
2026-06-17 11:29:33,297 [INFO] root: Received message on data channel: {"type":"heartbeat"}
2026-06-17 11:29:33,298 [INFO] root: Heartbeat response received.
2026-06-17 11:29:33,384 [INFO] root: > message sent: {"type": "req", "topic": "rt/api/sport/request", "data": {"header": {"identity": {"id": 1453429440, "api_id": 1008}}, "parameter": "{\"x\": 1.0, \"y\": 0, \"z\": -0.058256469154898696}"}}
2026-06-17 11:29:33,433 [INFO] root: Received message on data channel: {"type":"res","topic":"rt/api/sport/response","data":{"header":{"identity":{"api_id":1008,"id":1453429440},"status":{"code":0}},"data":""}}
2026-06-17 11:29:33,538 [INFO] root: > message sent: {"type": "req", "topic": "rt/api/sport/request", "data": {"header": {"identity": {"id": 1453429565, "api_id": 1008}}, "parameter": "{\"x\": 1.0, \"y\": 0, \"z\": -0.05201634879458652}"}}
2026-06-17 11:29:33,558 [INFO] root: Received message on data channel: {"type":"res","topic":"rt/api/sport/response","data":{"header":{"identity":{"api_id":1008,"id":1453429565},"status":{"code":0}},"data":""}}
2026-06-17 11:29:33,662 [INFO] root: > message sent: {"type": "req", "topic": "rt/api/sport/request", "data": {"header": {"identity": {"id": 1453429908, "api_id": 1008}}, "parameter": "{\"x\": 1.0, \"y\": 0, \"z\": -0.019662561935068084}"}}
2026-06-17 11:29:33,707 [INFO] root: Received message on data channel: {"type":"res","topic":"rt/api/sport/response","data":{"header":{"identity":{"api_id":1008,"id":1453429908},"status":{"code":0}},"data":""}}
2026-06-17 11:29:33,813 [INFO] root: > message sent: {"type": "req", "topic": "rt/api/sport/request", "data": {"header": {"identity": {"id": 1453429904, "api_id": 1008}}, "parameter": "{\"x\": 1.0, \"y\": 0, \"z\": -0.006071666976312997}"}}
2026-06-17 11:29:33,845 [INFO] root: Received message on data channel: {"type":"res","topic":"rt/api/sport/response","data":{"header":{"identity":{"api_id":1008,"id":1453429904},"status":{"code":0}},"data":""}}
2026-06-17 11:29:33,948 [INFO] root: > message sent: {"type": "req", "topic": "rt/api/sport/request", "data": {"header": {"identity": {"id": 1453430720, "api_id": 1008}}, "parameter": "{\"x\": 1.0, \"y\": 0, \"z\": -0.006071666976312997}"}}
2026-06-17 11:29:33,986 [INFO] root: Received message on data channel: {"type":"res","topic":"rt/api/sport/response","data":{"header":{"identity":{"api_id":1008,"id":1453430720},"status":{"code":0}},"data":""}}
2026-06-17 11:29:34,089 [INFO] go2_survey.vision.frames: Captured frame | 1280x720 | age=0.131s | corrupt=False Δtarget=-0.003s
2026-06-17 11:29:34,173 [INFO] go2_survey.vision.geotag: Wrote geotagged capture: leg01_m043_b346_2026-06-17T11-29-34.jpg + leg01_m043_b346_2026-06-17T11-29-34.json
2026-06-17 11:29:34,173 [INFO] go2_survey.navigator: ------------------------------------------------------------
2026-06-17 11:29:34,174 [INFO] go2_survey.navigator: ----------- CAPTURE leg01 mark 43 @ 43.0m | n=1 ------------
2026-06-17 11:29:34,174 [INFO] go2_survey.navigator: ------------------------------------------------------------
2026-06-17 11:29:34,176 [INFO] root: > message sent: {"type": "req", "topic": "rt/api/sport/request", "data": {"header": {"identity": {"id": 1453430838, "api_id": 1008}}, "parameter": "{\"x\": 1.0, \"y\": 0, \"z\": 0.029856536748491747}"}}
2026-06-17 11:29:34,206 [INFO] root: Received message on data channel: {"type":"res","topic":"rt/api/sport/response","data":{"header":{"identity":{"api_id":1008,"id":1453430838},"status":{"code":0}},"data":""}}
2026-06-17 11:29:34,313 [INFO] root: > message sent: {"type": "req", "topic": "rt/api/sport/request", "data": {"header": {"identity": {"id": 1453430520, "api_id": 1008}}, "parameter": "{\"x\": 1.0, \"y\": 0, \"z\": 0.04164791722977924}"}}
2026-06-17 11:29:34,345 [INFO] root: Received message on data channel: {"type":"res","topic":"rt/api/sport/response","data":{"header":{"identity":{"api_id":1008,"id":1453430520},"status":{"code":0}},"data":""}}
2026-06-17 11:29:34,450 [INFO] root: > message sent: {"type": "req", "topic": "rt/api/sport/request", "data": {"header": {"identity": {"id": 1453430889, "api_id": 1008}}, "parameter": "{\"x\": 1.0, \"y\": 0, \"z\": 0.04003711654861291}"}}
2026-06-17 11:29:34,470 [INFO] root: Received message on data channel: {"type":"res","topic":"rt/api/sport/response","data":{"header":{"identity":{"api_id":1008,"id":1453430889},"status":{"code":0}},"data":""}}
2026-06-17 11:29:34,572 [INFO] root: > message sent: {"type": "req", "topic": "rt/api/sport/request", "data": {"header": {"identity": {"id": 1453430446, "api_id": 1008}}, "parameter": "{\"x\": 1.0, \"y\": 0, \"z\": 0.04003711654861291}"}}
2026-06-17 11:29:34,601 [INFO] root: Received message on data channel: {"type":"res","topic":"rt/api/sport/response","data":{"header":{"identity":{"api_id":1008,"id":1453430446},"status":{"code":0}},"data":""}}
2026-06-17 11:29:34,705 [INFO] root: > message sent: {"type": "req", "topic": "rt/api/sport/request", "data": {"header": {"identity": {"id": 1453431071, "api_id": 1008}}, "parameter": "{\"x\": 1.0, \"y\": 0, \"z\": 0.031485964799866505}"}}
2026-06-17 11:29:34,740 [INFO] root: Received message on data channel: {"type":"res","topic":"rt/api/sport/response","data":{"header":{"identity":{"api_id":1008,"id":1453431071},"status":{"code":0}},"data":""}}
2026-06-17 11:29:34,845 [INFO] root: > message sent: {"type": "req", "topic": "rt/api/sport/request", "data": {"header": {"identity": {"id": 1453431461, "api_id": 1008}}, "parameter": "{\"x\": 1.0, \"y\": 0, \"z\": 0.024696349672870495}"}}
2026-06-17 11:29:34,887 [INFO] root: Received message on data channel: {"type":"res","topic":"rt/api/sport/response","data":{"header":{"identity":{"api_id":1008,"id":1453431461},"status":{"code":0}},"data":""}}
2026-06-17 11:29:34,991 [INFO] root: > message sent: {"type": "req", "topic": "rt/api/sport/request", "data": {"header": {"identity": {"id": 1453431456, "api_id": 1008}}, "parameter": "{\"x\": 1.0, \"y\": 0, \"z\": 0.024696349672870495}"}}
2026-06-17 11:29:35,023 [INFO] root: Received message on data channel: {"type":"res","topic":"rt/api/sport/response","data":{"header":{"identity":{"api_id":1008,"id":1453431456},"status":{"code":0}},"data":""}}
2026-06-17 11:29:35,024 [INFO] go2_survey.navigator: NAV [cross_track] leg01 | along=43.9/50.7m cross=0.12m hdg_err=-1.6° cog=350° fix=6
2026-06-17 11:29:35,125 [INFO] go2_survey.vision.frames: Captured frame | 1280x720 | age=0.075s | corrupt=False Δtarget=+0.017s
2026-06-17 11:29:35,198 [INFO] go2_survey.vision.geotag: Wrote geotagged capture: leg01_m044_b346_2026-06-17T11-29-35.jpg + leg01_m044_b346_2026-06-17T11-29-35.json
2026-06-17 11:29:35,198 [INFO] go2_survey.navigator: ------------------------------------------------------------
2026-06-17 11:29:35,198 [INFO] go2_survey.navigator: ----------- CAPTURE leg01 mark 44 @ 44.0m | n=1 ------------
2026-06-17 11:29:35,199 [INFO] go2_survey.navigator: ------------------------------------------------------------
2026-06-17 11:29:35,201 [INFO] root: > message sent: {"type": "req", "topic": "rt/api/sport/request", "data": {"header": {"identity": {"id": 1453431184, "api_id": 1008}}, "parameter": "{\"x\": 1.0, \"y\": 0, \"z\": -0.009002876803426431}"}}
2026-06-17 11:29:35,244 [INFO] root: Received message on data channel: {"type":"res","topic":"rt/api/sport/response","data":{"header":{"identity":{"api_id":1008,"id":1453431184},"status":{"code":0}},"data":""}}
2026-06-17 11:29:35,291 [INFO] root: > message sent: {"type": "heartbeat", "topic": "", "data": {"timeInStr": "2026-06-17 11:29:35", "timeInNum": 1781717375}}
2026-06-17 11:29:35,333 [INFO] root: Received message on data channel: {"type":"heartbeat"}
2026-06-17 11:29:35,334 [INFO] root: Heartbeat response received.
2026-06-17 11:29:35,354 [INFO] root: > message sent: {"type": "req", "topic": "rt/api/sport/request", "data": {"header": {"identity": {"id": 1453432003, "api_id": 1008}}, "parameter": "{\"x\": 1.0, \"y\": 0, \"z\": -0.022331590737277907}"}}
2026-06-17 11:29:35,375 [INFO] root: Received message on data channel: {"type":"res","topic":"rt/api/sport/response","data":{"header":{"identity":{"api_id":1008,"id":1453432003},"status":{"code":0}},"data":""}}
2026-06-17 11:29:35,481 [INFO] root: > message sent: {"type": "req", "topic": "rt/api/sport/request", "data": {"header": {"identity": {"id": 1453431434, "api_id": 1008}}, "parameter": "{\"x\": 1.0, \"y\": 0, \"z\": -0.048269637021945186}"}}
2026-06-17 11:29:35,545 [INFO] root: Received message on data channel: {"type":"res","topic":"rt/api/sport/response","data":{"header":{"identity":{"api_id":1008,"id":1453431434},"status":{"code":0}},"data":""}}
2026-06-17 11:29:35,651 [INFO] go2_survey.navigator: IMU RUNNING RECAL | offset 34.4° (fresh 28.4°, Δ -0.05°)
2026-06-17 11:29:35,652 [INFO] root: > message sent: {"type": "req", "topic": "rt/api/sport/request", "data": {"header": {"identity": {"id": 1453431861, "api_id": 1008}}, "parameter": "{\"x\": 1.0, \"y\": 0, \"z\": -0.05428245105323839}"}}
2026-06-17 11:29:35,671 [INFO] root: Received message on data channel: {"type":"res","topic":"rt/api/sport/response","data":{"header":{"identity":{"api_id":1008,"id":1453431861},"status":{"code":0}},"data":""}}
2026-06-17 11:29:35,774 [INFO] root: > message sent: {"type": "req", "topic": "rt/api/sport/request", "data": {"header": {"identity": {"id": 1453432282, "api_id": 1008}}, "parameter": "{\"x\": 1.0, \"y\": 0, \"z\": -0.05428245105323839}"}}
2026-06-17 11:29:35,799 [INFO] root: Received message on data channel: {"type":"res","topic":"rt/api/sport/response","data":{"header":{"identity":{"api_id":1008,"id":1453432282},"status":{"code":0}},"data":""}}
2026-06-17 11:29:35,903 [INFO] root: > message sent: {"type": "req", "topic": "rt/api/sport/request", "data": {"header": {"identity": {"id": 1453432298, "api_id": 1008}}, "parameter": "{\"x\": 1.0, \"y\": 0, \"z\": -0.04363648946733377}"}}
2026-06-17 11:29:36,033 [INFO] root: Received message on data channel: {"type":"rtc_inner_req","info":{"req_type":"rtt_probe_send_from_mechine","send_time_stamp":1781717375,"uuid":"ce74b36a-90d6-4ca7-a82c-397600c784f9"}}
2026-06-17 11:29:36,034 [INFO] root: > message sent: {"type": "rtc_inner_req", "topic": "", "data": {"req_type": "rtt_probe_send_from_mechine", "send_time_stamp": 1781717375, "uuid": "ce74b36a-90d6-4ca7-a82c-397600c784f9"}}
2026-06-17 11:29:36,035 [INFO] root: Received message on data channel: {"type":"res","topic":"rt/api/sport/response","data":{"header":{"identity":{"api_id":1008,"id":1453432298},"status":{"code":0}},"data":""}}
2026-06-17 11:29:36,138 [INFO] go2_survey.vision.frames: Captured frame | 1280x720 | age=0.138s | corrupt=False Δtarget=+0.003s
2026-06-17 11:29:36,215 [INFO] go2_survey.vision.geotag: Wrote geotagged capture: leg01_m045_b346_2026-06-17T11-29-36.jpg + leg01_m045_b346_2026-06-17T11-29-36.json
2026-06-17 11:29:36,215 [INFO] go2_survey.navigator: ------------------------------------------------------------
2026-06-17 11:29:36,215 [INFO] go2_survey.navigator: ----------- CAPTURE leg01 mark 45 @ 45.0m | n=1 ------------
2026-06-17 11:29:36,216 [INFO] go2_survey.navigator: ------------------------------------------------------------
2026-06-17 11:29:36,217 [INFO] root: > message sent: {"type": "req", "topic": "rt/api/sport/request", "data": {"header": {"identity": {"id": 1453432637, "api_id": 1008}}, "parameter": "{\"x\": 1.0, \"y\": 0, \"z\": -0.06546281604437865}"}}
2026-06-17 11:29:36,252 [INFO] root: Received message on data channel: {"type":"res","topic":"rt/api/sport/response","data":{"header":{"identity":{"api_id":1008,"id":1453432637},"status":{"code":0}},"data":""}}
2026-06-17 11:29:36,355 [INFO] root: > message sent: {"type": "req", "topic": "rt/api/sport/request", "data": {"header": {"identity": {"id": 1453432200, "api_id": 1008}}, "parameter": "{\"x\": 1.0, \"y\": 0, \"z\": -0.05725333370806027}"}}
2026-06-17 11:29:37,246 [INFO] root: Received message on data channel: {"type":"res","topic":"rt/api/sport/response","data":{"header":{"identity":{"api_id":1008,"id":1453432200},"status":{"code":0}},"data":""}}
2026-06-17 11:29:37,297 [INFO] root: > message sent: {"type": "heartbeat", "topic": "", "data": {"timeInStr": "2026-06-17 11:29:37", "timeInNum": 1781717377}}
2026-06-17 11:29:37,349 [INFO] go2_survey.vision.frames: Captured frame | 1280x720 | age=0.258s | corrupt=False Δtarget=+0.022s
2026-06-17 11:29:37,417 [INFO] go2_survey.vision.geotag: Wrote geotagged capture: leg01_m046_b346_2026-06-17T11-29-37.jpg + leg01_m046_b346_2026-06-17T11-29-37.json
2026-06-17 11:29:37,417 [INFO] go2_survey.navigator: ------------------------------------------------------------
2026-06-17 11:29:37,417 [INFO] go2_survey.navigator: ----------- CAPTURE leg01 mark 46 @ 46.0m | n=1 ------------
2026-06-17 11:29:37,417 [INFO] go2_survey.navigator: ------------------------------------------------------------
2026-06-17 11:29:37,422 [INFO] root: > message sent: {"type": "req", "topic": "rt/api/sport/request", "data": {"header": {"identity": {"id": 1453434034, "api_id": 1008}}, "parameter": "{\"x\": 1.0, \"y\": 0, \"z\": -0.05245098988468243}"}}
2026-06-17 11:29:38,329 [INFO] root: Received message on data channel: {"type":"heartbeat"}
2026-06-17 11:29:38,330 [INFO] root: Heartbeat response received.
2026-06-17 11:29:38,333 [INFO] root: Received message on data channel: {"type":"res","topic":"rt/api/sport/response","data":{"header":{"identity":{"api_id":1008,"id":1453434034},"status":{"code":0}},"data":""}}
2026-06-17 11:29:38,335 [INFO] go2_survey.navigator: NAV [cross_track] leg01 | along=46.3/50.7m cross=0.18m hdg_err=3.5° cog=346° fix=6
2026-06-17 11:29:38,437 [INFO] go2_survey.vision.frames: Captured frame | 1280x720 | age=0.418s | corrupt=False Δtarget=-0.015s
2026-06-17 11:29:38,510 [INFO] go2_survey.vision.geotag: Wrote geotagged capture: leg01_m047_b346_2026-06-17T11-29-38.jpg + leg01_m047_b346_2026-06-17T11-29-38.json
2026-06-17 11:29:38,510 [INFO] go2_survey.navigator: ------------------------------------------------------------
2026-06-17 11:29:38,510 [INFO] go2_survey.navigator: ----------- CAPTURE leg01 mark 47 @ 47.0m | n=1 ------------
2026-06-17 11:29:38,510 [INFO] go2_survey.navigator: ------------------------------------------------------------
2026-06-17 11:29:38,513 [INFO] root: > message sent: {"type": "req", "topic": "rt/api/sport/request", "data": {"header": {"identity": {"id": 1453435083, "api_id": 1008}}, "parameter": "{\"x\": 1.0, \"y\": 0, \"z\": -0.01829458209678677}"}}
2026-06-17 11:29:38,543 [INFO] root: Received message on data channel: {"type":"res","topic":"rt/api/sport/response","data":{"header":{"identity":{"api_id":1008,"id":1453435083},"status":{"code":0}},"data":""}}
2026-06-17 11:29:38,647 [INFO] root: > message sent: {"type": "req", "topic": "rt/api/sport/request", "data": {"header": {"identity": {"id": 1453434473, "api_id": 1008}}, "parameter": "{\"x\": 1.0, \"y\": 0, \"z\": -0.051024465343308234}"}}
2026-06-17 11:29:38,662 [INFO] root: Received message on data channel: {"type":"res","topic":"rt/api/sport/response","data":{"header":{"identity":{"api_id":1008,"id":1453434473},"status":{"code":0}},"data":""}}
2026-06-17 11:29:38,766 [INFO] root: > message sent: {"type": "req", "topic": "rt/api/sport/request", "data": {"header": {"identity": {"id": 1453434767, "api_id": 1008}}, "parameter": "{\"x\": 1.0, \"y\": 0, \"z\": -0.051024465343308234}"}}
2026-06-17 11:29:38,824 [INFO] root: Received message on data channel: {"type":"res","topic":"rt/api/sport/response","data":{"header":{"identity":{"api_id":1008,"id":1453434767},"status":{"code":0}},"data":""}}
2026-06-17 11:29:38,928 [INFO] root: > message sent: {"type": "req", "topic": "rt/api/sport/request", "data": {"header": {"identity": {"id": 1453435416, "api_id": 1008}}, "parameter": "{\"x\": 1.0, \"y\": 0, \"z\": -0.05254498107804778}"}}
2026-06-17 11:29:38,952 [INFO] root: Received message on data channel: {"type":"res","topic":"rt/api/sport/response","data":{"header":{"identity":{"api_id":1008,"id":1453435416},"status":{"code":0}},"data":""}}
2026-06-17 11:29:39,055 [INFO] root: > message sent: {"type": "req", "topic": "rt/api/sport/request", "data": {"header": {"identity": {"id": 1453435366, "api_id": 1008}}, "parameter": "{\"x\": 1.0, \"y\": 0, \"z\": -0.04463934751715442}"}}
2026-06-17 11:29:39,087 [INFO] root: Received message on data channel: {"type":"res","topic":"rt/api/sport/response","data":{"header":{"identity":{"api_id":1008,"id":1453435366},"status":{"code":0}},"data":""}}
2026-06-17 11:29:39,191 [INFO] root: > message sent: {"type": "req", "topic": "rt/api/sport/request", "data": {"header": {"identity": {"id": 1453435358, "api_id": 1008}}, "parameter": "{\"x\": 1.0, \"y\": 0, \"z\": -0.04463934751715442}"}}
2026-06-17 11:29:39,228 [INFO] root: Received message on data channel: {"type":"res","topic":"rt/api/sport/response","data":{"header":{"identity":{"api_id":1008,"id":1453435358},"status":{"code":0}},"data":""}}
2026-06-17 11:29:39,299 [INFO] root: > message sent: {"type": "heartbeat", "topic": "", "data": {"timeInStr": "2026-06-17 11:29:39", "timeInNum": 1781717379}}
2026-06-17 11:29:39,309 [INFO] root: Received message on data channel: {"type":"heartbeat"}
2026-06-17 11:29:39,310 [INFO] root: Heartbeat response received.
2026-06-17 11:29:39,333 [INFO] root: > message sent: {"type": "req", "topic": "rt/api/sport/request", "data": {"header": {"identity": {"id": 1453436044, "api_id": 1008}}, "parameter": "{\"x\": 1.0, \"y\": 0, \"z\": -0.04789159534584968}"}}
2026-06-17 11:29:39,370 [INFO] root: Received message on data channel: {"type":"res","topic":"rt/api/sport/response","data":{"header":{"identity":{"api_id":1008,"id":1453436044},"status":{"code":0}},"data":""}}
2026-06-17 11:29:39,474 [INFO] go2_survey.vision.frames: Captured frame | 1280x720 | age=0.147s | corrupt=False Δtarget=-0.008s
2026-06-17 11:29:39,549 [INFO] go2_survey.vision.geotag: Wrote geotagged capture: leg01_m048_b346_2026-06-17T11-29-39.jpg + leg01_m048_b346_2026-06-17T11-29-39.json
2026-06-17 11:29:39,550 [INFO] go2_survey.navigator: ------------------------------------------------------------
2026-06-17 11:29:39,550 [INFO] go2_survey.navigator: ----------- CAPTURE leg01 mark 48 @ 48.0m | n=1 ------------
2026-06-17 11:29:39,550 [INFO] go2_survey.navigator: ------------------------------------------------------------
2026-06-17 11:29:39,552 [INFO] root: > message sent: {"type": "req", "topic": "rt/api/sport/request", "data": {"header": {"identity": {"id": 1453436117, "api_id": 1008}}, "parameter": "{\"x\": 1.0, \"y\": 0, \"z\": -0.05567788475401869}"}}
2026-06-17 11:29:39,583 [INFO] root: Received message on data channel: {"type":"res","topic":"rt/api/sport/response","data":{"header":{"identity":{"api_id":1008,"id":1453436117},"status":{"code":0}},"data":""}}
2026-06-17 11:29:39,584 [INFO] go2_survey.navigator: NAV [cross_track] leg01 | along=48.2/50.7m cross=0.17m hdg_err=3.7° cog=347° fix=6
2026-06-17 11:29:39,687 [INFO] root: > message sent: {"type": "req", "topic": "rt/api/sport/request", "data": {"header": {"identity": {"id": 1453435637, "api_id": 1008}}, "parameter": "{\"x\": 1.0, \"y\": 0, \"z\": -0.05062650705052789}"}}
2026-06-17 11:29:40,138 [INFO] root: Received message on data channel: {"type":"res","topic":"rt/api/sport/response","data":{"header":{"identity":{"api_id":1008,"id":1453435637},"status":{"code":0}},"data":""}}
2026-06-17 11:29:40,245 [INFO] root: > message sent: {"type": "req", "topic": "rt/api/sport/request", "data": {"header": {"identity": {"id": 1453436470, "api_id": 1008}}, "parameter": "{\"x\": 1.0, \"y\": 0, \"z\": -0.059027342814547405}"}}
2026-06-17 11:29:40,275 [INFO] root: Received message on data channel: {"type":"res","topic":"rt/api/sport/response","data":{"header":{"identity":{"api_id":1008,"id":1453436470},"status":{"code":0}},"data":""}}
2026-06-17 11:29:40,380 [INFO] root: > message sent: {"type": "req", "topic": "rt/api/sport/request", "data": {"header": {"identity": {"id": 1453436204, "api_id": 1008}}, "parameter": "{\"x\": 1.0, \"y\": 0, \"z\": -0.059027342814547405}"}}
2026-06-17 11:29:40,444 [INFO] root: Received message on data channel: {"type":"res","topic":"rt/api/sport/response","data":{"header":{"identity":{"api_id":1008,"id":1453436204},"status":{"code":0}},"data":""}}
2026-06-17 11:29:40,548 [INFO] go2_survey.vision.frames: Captured frame | 1280x720 | age=0.170s | corrupt=False Δtarget=-0.043s
2026-06-17 11:29:40,613 [INFO] go2_survey.vision.geotag: Wrote geotagged capture: leg01_m049_b346_2026-06-17T11-29-40.jpg + leg01_m049_b346_2026-06-17T11-29-40.json
2026-06-17 11:29:40,614 [INFO] go2_survey.navigator: ------------------------------------------------------------
2026-06-17 11:29:40,614 [INFO] go2_survey.navigator: ----------- CAPTURE leg01 mark 49 @ 49.0m | n=1 ------------
2026-06-17 11:29:40,614 [INFO] go2_survey.navigator: ------------------------------------------------------------
2026-06-17 11:29:40,617 [INFO] root: > message sent: {"type": "req", "topic": "rt/api/sport/request", "data": {"header": {"identity": {"id": 1453436585, "api_id": 1008}}, "parameter": "{\"x\": 1.0, \"y\": 0, \"z\": -0.07118057693359532}"}}
2026-06-17 11:29:40,643 [INFO] root: Received message on data channel: {"type":"res","topic":"rt/api/sport/response","data":{"header":{"identity":{"api_id":1008,"id":1453436585},"status":{"code":0}},"data":""}}
2026-06-17 11:29:40,746 [INFO] root: > message sent: {"type": "req", "topic": "rt/api/sport/request", "data": {"header": {"identity": {"id": 1453436765, "api_id": 1008}}, "parameter": "{\"x\": 1.0, \"y\": 0, \"z\": -0.09003977142217139}"}}
2026-06-17 11:29:40,764 [INFO] root: Received message on data channel: {"type":"res","topic":"rt/api/sport/response","data":{"header":{"identity":{"api_id":1008,"id":1453436765},"status":{"code":0}},"data":""}}
2026-06-17 11:29:40,869 [INFO] go2_survey.navigator: IMU RUNNING RECAL | offset 33.7° (fresh 30.1°, Δ -0.02°)
2026-06-17 11:29:40,872 [INFO] root: > message sent: {"type": "req", "topic": "rt/api/sport/request", "data": {"header": {"identity": {"id": 1453437368, "api_id": 1008}}, "parameter": "{\"x\": 1.0, \"y\": 0, \"z\": -0.07161277232212057}"}}
2026-06-17 11:29:40,909 [INFO] root: Received message on data channel: {"type":"res","topic":"rt/api/sport/response","data":{"header":{"identity":{"api_id":1008,"id":1453437368},"status":{"code":0}},"data":""}}
2026-06-17 11:29:41,013 [INFO] root: > message sent: {"type": "req", "topic": "rt/api/sport/request", "data": {"header": {"identity": {"id": 1453437062, "api_id": 1008}}, "parameter": "{\"x\": 1.0, \"y\": 0, \"z\": -0.09533043750549552}"}}
2026-06-17 11:29:41,081 [INFO] root: Received message on data channel: {"type":"res","topic":"rt/api/sport/response","data":{"header":{"identity":{"api_id":1008,"id":1453437062},"status":{"code":0}},"data":""}}
2026-06-17 11:29:41,186 [INFO] root: > message sent: {"type": "req", "topic": "rt/api/sport/request", "data": {"header": {"identity": {"id": 1453437212, "api_id": 1008}}, "parameter": "{\"x\": 1.0, \"y\": 0, \"z\": -0.09533043750549552}"}}
2026-06-17 11:29:41,196 [INFO] root: Received message on data channel: {"type":"res","topic":"rt/api/sport/response","data":{"header":{"identity":{"api_id":1008,"id":1453437212},"status":{"code":0}},"data":""}}
2026-06-17 11:29:41,301 [INFO] root: > message sent: {"type": "req", "topic": "rt/api/sport/request", "data": {"header": {"identity": {"id": 1453437830, "api_id": 1008}}, "parameter": "{\"x\": 1.0, \"y\": 0, \"z\": -0.11485331360185114}"}}
2026-06-17 11:29:41,303 [INFO] root: > message sent: {"type": "heartbeat", "topic": "", "data": {"timeInStr": "2026-06-17 11:29:41", "timeInNum": 1781717381}}
2026-06-17 11:29:41,337 [INFO] root: Received message on data channel: {"type":"heartbeat"}
2026-06-17 11:29:41,337 [INFO] root: Heartbeat response received.
2026-06-17 11:29:41,339 [INFO] root: Received message on data channel: {"type":"res","topic":"rt/api/sport/response","data":{"header":{"identity":{"api_id":1008,"id":1453437830},"status":{"code":0}},"data":""}}
2026-06-17 11:29:41,344 [INFO] go2_survey.health: HEALTH  batt 91% -6.1A ~53min · motors 51°C max RR_thigh ▲0.9°/min
2026-06-17 11:29:41,443 [INFO] go2_survey.vision.frames: Captured frame | 1280x720 | age=0.084s | corrupt=False Δtarget=-0.019s
2026-06-17 11:29:41,519 [INFO] go2_survey.vision.geotag: Wrote geotagged capture: leg01_m050_b346_2026-06-17T11-29-41.jpg + leg01_m050_b346_2026-06-17T11-29-41.json
2026-06-17 11:29:41,520 [INFO] go2_survey.navigator: ------------------------------------------------------------
2026-06-17 11:29:41,520 [INFO] go2_survey.navigator: ----------- CAPTURE leg01 mark 50 @ 50.0m | n=1 ------------
2026-06-17 11:29:41,520 [INFO] go2_survey.navigator: ------------------------------------------------------------
2026-06-17 11:29:41,522 [INFO] root: > message sent: {"type": "req", "topic": "rt/api/sport/request", "data": {"header": {"identity": {"id": 1453437709, "api_id": 1008}}, "parameter": "{\"x\": 1.0, \"y\": 0, \"z\": -0.16037769660852916}"}}
2026-06-17 11:29:41,559 [INFO] root: Received message on data channel: {"type":"res","topic":"rt/api/sport/response","data":{"header":{"identity":{"api_id":1008,"id":1453437709},"status":{"code":0}},"data":""}}
2026-06-17 11:29:41,663 [INFO] root: > message sent: {"type": "req", "topic": "rt/api/sport/request", "data": {"header": {"identity": {"id": 1453438274, "api_id": 1008}}, "parameter": "{\"x\": 1.0, \"y\": 0, \"z\": -0.24062532034515613}"}}
2026-06-17 11:29:41,715 [INFO] root: Received message on data channel: {"type":"res","topic":"rt/api/sport/response","data":{"header":{"identity":{"api_id":1008,"id":1453438274},"status":{"code":0}},"data":""}}
2026-06-17 11:29:41,716 [INFO] go2_survey.navigator: NAV [cross_track] leg01 | along=50.3/50.7m cross=0.13m hdg_err=16.0° cog=348° fix=6
2026-06-17 11:29:41,818 [INFO] go2_survey.robot: Stopping robot
2026-06-17 11:29:41,819 [INFO] root: > message sent: {"type": "req", "topic": "rt/api/sport/request", "data": {"header": {"identity": {"id": 1453437983, "api_id": 1003}}, "parameter": ""}}
2026-06-17 11:29:42,276 [INFO] root: Received message on data channel: {"type":"res","topic":"rt/api/sport/response","data":{"header":{"identity":{"api_id":1003,"id":1453437983},"status":{"code":0}},"data":""}}
2026-06-17 11:29:42,277 [INFO] go2_survey.health: ═══════════════ LEG 1/11 ✓ · HEALTH CHECK ════════════════
2026-06-17 11:29:42,278 [INFO] go2_survey.health:   BATTERY  91% │ -7.6A │ ~53min
2026-06-17 11:29:42,278 [INFO] go2_survey.health:   THIGHS   FR41 FL40 RR51▲ RL46 °C (hot diag FL+RR)
2026-06-17 11:29:42,278 [INFO] go2_survey.health:   HOTTEST  RR_thigh 51°C (+0.9°/min)
2026-06-17 11:29:42,278 [INFO] go2_survey.health:   OTHER    8 motors ≤ 53°C
2026-06-17 11:29:42,278 [INFO] go2_survey.health:   STATUS   ok │ thighs ≤ 70°C
2026-06-17 11:29:42,279 [INFO] go2_survey.health: ══════════════════════════════════════════════════════════
2026-06-17 11:29:42,279 [INFO] go2_survey.navigator: ------------------------------------------------------------
2026-06-17 11:29:42,279 [INFO] go2_survey.navigator: -- LINE SURVEY leg02 (2/11) -> wp_003 | brg=77° len=5.0m ---
2026-06-17 11:29:42,279 [INFO] go2_survey.navigator: ------------------------------------------------------------
2026-06-17 11:29:42,280 [INFO] go2_survey.robot: Stopping robot
2026-06-17 11:29:42,280 [INFO] root: > message sent: {"type": "req", "topic": "rt/api/sport/request", "data": {"header": {"identity": {"id": 1453439076, "api_id": 1003}}, "parameter": ""}}
2026-06-17 11:29:42,880 [INFO] root: Received message on data channel: {"type":"res","topic":"rt/api/sport/response","data":{"header":{"identity":{"api_id":1003,"id":1453439076},"status":{"code":0}},"data":""}}
2026-06-17 11:29:42,881 [INFO] go2_survey.robot: BalanceStand...
2026-06-17 11:29:42,882 [INFO] root: > message sent: {"type": "req", "topic": "rt/api/sport/request", "data": {"header": {"identity": {"id": 1453438837, "api_id": 1002}}, "parameter": ""}}
2026-06-17 11:29:43,305 [INFO] root: > message sent: {"type": "heartbeat", "topic": "", "data": {"timeInStr": "2026-06-17 11:29:43", "timeInNum": 1781717383}}
2026-06-17 11:29:43,608 [INFO] root: Received message on data channel: {"type":"heartbeat"}
2026-06-17 11:29:43,609 [INFO] root: Heartbeat response received.
2026-06-17 11:29:43,610 [INFO] root: Received message on data channel: {"type":"res","topic":"rt/api/sport/response","data":{"header":{"identity":{"api_id":1002,"id":1453438837},"status":{"code":0}},"data":""}}
2026-06-17 11:29:44,112 [INFO] go2_survey.navigator: [turn→77°] hdg=3.0° err=73.8° rate=0.80rad/s
2026-06-17 11:29:44,113 [INFO] root: > message sent: {"type": "req", "topic": "rt/api/sport/request", "data": {"header": {"identity": {"id": 1453440779, "api_id": 1008}}, "parameter": "{\"x\": 0, \"y\": 0, \"z\": -0.8}"}}
2026-06-17 11:29:44,126 [INFO] root: Received message on data channel: {"type":"res","topic":"rt/api/sport/response","data":{"header":{"identity":{"api_id":1008,"id":1453440779},"status":{"code":0}},"data":""}}
2026-06-17 11:29:44,233 [INFO] root: > message sent: {"type": "req", "topic": "rt/api/sport/request", "data": {"header": {"identity": {"id": 1453440546, "api_id": 1008}}, "parameter": "{\"x\": 0, \"y\": 0, \"z\": -0.8}"}}
2026-06-17 11:29:44,328 [INFO] root: Received message on data channel: {"type":"res","topic":"rt/api/sport/response","data":{"header":{"identity":{"api_id":1008,"id":1453440546},"status":{"code":0}},"data":""}}
2026-06-17 11:29:44,431 [INFO] root: > message sent: {"type": "req", "topic": "rt/api/sport/request", "data": {"header": {"identity": {"id": 1453440684, "api_id": 1008}}, "parameter": "{\"x\": 0, \"y\": 0, \"z\": -0.8}"}}
2026-06-17 11:29:44,450 [INFO] root: Received message on data channel: {"type":"res","topic":"rt/api/sport/response","data":{"header":{"identity":{"api_id":1008,"id":1453440684},"status":{"code":0}},"data":""}}
2026-06-17 11:29:44,552 [INFO] root: > message sent: {"type": "req", "topic": "rt/api/sport/request", "data": {"header": {"identity": {"id": 1453440656, "api_id": 1008}}, "parameter": "{\"x\": 0, \"y\": 0, \"z\": -0.8}"}}
2026-06-17 11:29:44,565 [INFO] root: Received message on data channel: {"type":"res","topic":"rt/api/sport/response","data":{"header":{"identity":{"api_id":1008,"id":1453440656},"status":{"code":0}},"data":""}}
2026-06-17 11:29:44,668 [INFO] root: > message sent: {"type": "req", "topic": "rt/api/sport/request", "data": {"header": {"identity": {"id": 1453440606, "api_id": 1008}}, "parameter": "{\"x\": 0, \"y\": 0, \"z\": -0.8}"}}
2026-06-17 11:29:45,298 [INFO] root: Received message on data channel: {"type":"res","topic":"rt/api/sport/response","data":{"header":{"identity":{"api_id":1008,"id":1453440606},"status":{"code":0}},"data":""}}
2026-06-17 11:29:45,307 [INFO] root: > message sent: {"type": "heartbeat", "topic": "", "data": {"timeInStr": "2026-06-17 11:29:45", "timeInNum": 1781717385}}
2026-06-17 11:29:45,337 [INFO] root: Received message on data channel: {"type":"heartbeat"}
2026-06-17 11:29:45,337 [INFO] root: Heartbeat response received.
2026-06-17 11:29:45,399 [INFO] go2_survey.navigator: [turn→77°] hdg=45.3° err=31.5° rate=0.80rad/s
2026-06-17 11:29:45,399 [INFO] root: > message sent: {"type": "req", "topic": "rt/api/sport/request", "data": {"header": {"identity": {"id": 1453441565, "api_id": 1008}}, "parameter": "{\"x\": 0, \"y\": 0, \"z\": -0.8}"}}
2026-06-17 11:29:45,416 [INFO] root: Received message on data channel: {"type":"res","topic":"rt/api/sport/response","data":{"header":{"identity":{"api_id":1008,"id":1453441565},"status":{"code":0}},"data":""}}
2026-06-17 11:29:45,518 [INFO] root: > message sent: {"type": "req", "topic": "rt/api/sport/request", "data": {"header": {"identity": {"id": 1453442139, "api_id": 1008}}, "parameter": "{\"x\": 0, \"y\": 0, \"z\": -0.8}"}}
2026-06-17 11:29:45,555 [INFO] root: Received message on data channel: {"type":"res","topic":"rt/api/sport/response","data":{"header":{"identity":{"api_id":1008,"id":1453442139},"status":{"code":0}},"data":""}}
2026-06-17 11:29:45,657 [INFO] root: > message sent: {"type": "req", "topic": "rt/api/sport/request", "data": {"header": {"identity": {"id": 1453442126, "api_id": 1008}}, "parameter": "{\"x\": 0, \"y\": 0, \"z\": -0.8}"}}
2026-06-17 11:29:45,673 [INFO] root: Received message on data channel: {"type":"res","topic":"rt/api/sport/response","data":{"header":{"identity":{"api_id":1008,"id":1453442126},"status":{"code":0}},"data":""}}
2026-06-17 11:29:45,775 [INFO] root: > message sent: {"type": "req", "topic": "rt/api/sport/request", "data": {"header": {"identity": {"id": 1453442552, "api_id": 1008}}, "parameter": "{\"x\": 0, \"y\": 0, \"z\": -0.6810852422326081}"}}
2026-06-17 11:29:46,349 [INFO] root: Received message on data channel: {"type":"res","topic":"rt/api/sport/response","data":{"header":{"identity":{"api_id":1008,"id":1453442552},"status":{"code":0}},"data":""}}
2026-06-17 11:29:46,451 [INFO] go2_survey.navigator: [turn→77°] hdg=82.0° err=-5.2° rate=0.45rad/s
2026-06-17 11:29:46,452 [INFO] root: > message sent: {"type": "req", "topic": "rt/api/sport/request", "data": {"header": {"identity": {"id": 1453443145, "api_id": 1008}}, "parameter": "{\"x\": 0, \"y\": 0, \"z\": 0.45}"}}
2026-06-17 11:29:46,474 [INFO] root: Received message on data channel: {"type":"res","topic":"rt/api/sport/response","data":{"header":{"identity":{"api_id":1008,"id":1453443145},"status":{"code":0}},"data":""}}
2026-06-17 11:29:46,576 [INFO] root: > message sent: {"type": "req", "topic": "rt/api/sport/request", "data": {"header": {"identity": {"id": 1453443142, "api_id": 1008}}, "parameter": "{\"x\": 0, \"y\": 0, \"z\": 0.45}"}}
2026-06-17 11:29:46,588 [INFO] root: Received message on data channel: {"type":"res","topic":"rt/api/sport/response","data":{"header":{"identity":{"api_id":1008,"id":1453443142},"status":{"code":0}},"data":""}}
2026-06-17 11:29:46,690 [INFO] go2_survey.robot: Stopping robot
2026-06-17 11:29:46,691 [INFO] root: > message sent: {"type": "req", "topic": "rt/api/sport/request", "data": {"header": {"identity": {"id": 1453443013, "api_id": 1003}}, "parameter": ""}}
2026-06-17 11:29:46,731 [INFO] root: Received message on data channel: {"type":"res","topic":"rt/api/sport/response","data":{"header":{"identity":{"api_id":1003,"id":1453443013},"status":{"code":0}},"data":""}}
2026-06-17 11:29:46,733 [INFO] go2_survey.navigator: Aligned to 76.8° (heading=78.7°, err=-1.8°)
2026-06-17 11:29:46,734 [INFO] go2_survey.robot: BalanceStand...
2026-06-17 11:29:46,735 [INFO] root: > message sent: {"type": "req", "topic": "rt/api/sport/request", "data": {"header": {"identity": {"id": 1453443379, "api_id": 1002}}, "parameter": ""}}
2026-06-17 11:29:46,754 [INFO] root: Received message on data channel: {"type":"res","topic":"rt/api/sport/response","data":{"header":{"identity":{"api_id":1002,"id":1453443379},"status":{"code":0}},"data":""}}
2026-06-17 11:29:47,257 [INFO] go2_survey.vision.frames: Captured frame | 1280x720 | age=0.030s | corrupt=False Δtarget=-0.030s
2026-06-17 11:29:47,339 [INFO] go2_survey.vision.geotag: Wrote geotagged capture: leg02_m000_b076_2026-06-17T11-29-47.jpg + leg02_m000_b076_2026-06-17T11-29-47.json
2026-06-17 11:29:47,340 [INFO] go2_survey.navigator: ------------------------------------------------------------
2026-06-17 11:29:47,340 [INFO] go2_survey.navigator: ------------- CAPTURE leg02 start corner | n=1 -------------
2026-06-17 11:29:47,340 [INFO] go2_survey.navigator: ------------------------------------------------------------
2026-06-17 11:29:47,341 [INFO] root: > message sent: {"type": "req", "topic": "rt/api/sport/request", "data": {"header": {"identity": {"id": 1453443974, "api_id": 1008}}, "parameter": "{\"x\": 1.0, \"y\": 0, \"z\": -0.0}"}}
2026-06-17 11:29:47,343 [INFO] root: > message sent: {"type": "heartbeat", "topic": "", "data": {"timeInStr": "2026-06-17 11:29:47", "timeInNum": 1781717387}}
2026-06-17 11:29:47,375 [INFO] root: Received message on data channel: {"type":"res","topic":"rt/api/sport/response","data":{"header":{"identity":{"api_id":1008,"id":1453443974},"status":{"code":0}},"data":""}}
2026-06-17 11:29:47,380 [INFO] go2_survey.navigator: NAV [cross_track] leg02 | along=-0.0/5.0m cross=0.52m hdg_err=0.0° cog=— fix=6
2026-06-17 11:29:47,380 [INFO] root: Received message on data channel: {"type":"heartbeat"}
2026-06-17 11:29:47,381 [INFO] root: Heartbeat response received.
2026-06-17 11:29:47,481 [INFO] root: > message sent: {"type": "req", "topic": "rt/api/sport/request", "data": {"header": {"identity": {"id": 1453443346, "api_id": 1008}}, "parameter": "{\"x\": 1.0, \"y\": 0, \"z\": -0.0}"}}
2026-06-17 11:29:47,491 [INFO] root: Received message on data channel: {"type":"res","topic":"rt/api/sport/response","data":{"header":{"identity":{"api_id":1008,"id":1453443346},"status":{"code":0}},"data":""}}
2026-06-17 11:29:47,593 [INFO] root: > message sent: {"type": "req", "topic": "rt/api/sport/request", "data": {"header": {"identity": {"id": 1453444099, "api_id": 1008}}, "parameter": "{\"x\": 1.0, \"y\": 0, \"z\": -0.0}"}}
2026-06-17 11:29:47,638 [INFO] root: Received message on data channel: {"type":"res","topic":"rt/api/sport/response","data":{"header":{"identity":{"api_id":1008,"id":1453444099},"status":{"code":0}},"data":""}}
2026-06-17 11:29:47,741 [INFO] root: > message sent: {"type": "req", "topic": "rt/api/sport/request", "data": {"header": {"identity": {"id": 1453443936, "api_id": 1008}}, "parameter": "{\"x\": 1.0, \"y\": 0, \"z\": -0.0}"}}
2026-06-17 11:29:48,553 [INFO] root: Received message on data channel: {"type":"res","topic":"rt/api/sport/response","data":{"header":{"identity":{"api_id":1008,"id":1453443936},"status":{"code":0}},"data":""}}
2026-06-17 11:29:48,657 [INFO] root: > message sent: {"type": "req", "topic": "rt/api/sport/request", "data": {"header": {"identity": {"id": 1453444773, "api_id": 1008}}, "parameter": "{\"x\": 1.0, \"y\": 0, \"z\": -0.0}"}}
2026-06-17 11:29:48,687 [INFO] root: Received message on data channel: {"type":"res","topic":"rt/api/sport/response","data":{"header":{"identity":{"api_id":1008,"id":1453444773},"status":{"code":0}},"data":""}}
2026-06-17 11:29:48,789 [INFO] root: > message sent: {"type": "req", "topic": "rt/api/sport/request", "data": {"header": {"identity": {"id": 1453445045, "api_id": 1008}}, "parameter": "{\"x\": 1.0, \"y\": 0, \"z\": -0.0}"}}
2026-06-17 11:29:48,846 [INFO] root: Received message on data channel: {"type":"res","topic":"rt/api/sport/response","data":{"header":{"identity":{"api_id":1008,"id":1453445045},"status":{"code":0}},"data":""}}
2026-06-17 11:29:48,949 [INFO] root: > message sent: {"type": "req", "topic": "rt/api/sport/request", "data": {"header": {"identity": {"id": 1453444789, "api_id": 1008}}, "parameter": "{\"x\": 1.0, \"y\": 0, \"z\": -0.2410894859773873}"}}
2026-06-17 11:29:49,344 [INFO] root: > message sent: {"type": "heartbeat", "topic": "", "data": {"timeInStr": "2026-06-17 11:29:49", "timeInNum": 1781717389}}
2026-06-17 11:29:49,777 [INFO] root: Received message on data channel: {"type":"heartbeat"}
2026-06-17 11:29:49,777 [INFO] root: Heartbeat response received.
2026-06-17 11:29:49,778 [INFO] root: Received message on data channel: {"type":"res","topic":"rt/api/sport/response","data":{"header":{"identity":{"api_id":1008,"id":1453444789},"status":{"code":0}},"data":""}}
2026-06-17 11:29:49,881 [INFO] go2_survey.vision.frames: Captured frame | 1280x720 | age=0.899s | corrupt=False Δtarget=+0.030s
2026-06-17 11:29:49,953 [INFO] go2_survey.vision.geotag: Wrote geotagged capture: leg02_m001_b076_2026-06-17T11-29-49.jpg + leg02_m001_b076_2026-06-17T11-29-49.json
2026-06-17 11:29:49,954 [INFO] go2_survey.navigator: ------------------------------------------------------------
2026-06-17 11:29:49,954 [INFO] go2_survey.navigator: ------------ CAPTURE leg02 mark 1 @ 1.0m | n=1 -------------
2026-06-17 11:29:49,954 [INFO] go2_survey.navigator: ------------------------------------------------------------
2026-06-17 11:29:49,955 [INFO] root: > message sent: {"type": "req", "topic": "rt/api/sport/request", "data": {"header": {"identity": {"id": 1453446707, "api_id": 1008}}, "parameter": "{\"x\": 1.0, \"y\": 0, \"z\": -0.3144629767615146}"}}
2026-06-17 11:29:49,976 [INFO] root: Received message on data channel: {"type":"res","topic":"rt/api/sport/response","data":{"header":{"identity":{"api_id":1008,"id":1453446707},"status":{"code":0}},"data":""}}
2026-06-17 11:29:49,976 [INFO] go2_survey.navigator: NAV [cross_track] leg02 | along=1.9/5.0m cross=0.75m hdg_err=21.0° cog=69° fix=6
2026-06-17 11:29:50,078 [INFO] go2_survey.vision.frames: Captured frame | 1280x720 | age=0.087s | corrupt=False Δtarget=-0.011s
2026-06-17 11:29:50,147 [INFO] go2_survey.vision.geotag: Wrote geotagged capture: leg02_m002_b076_2026-06-17T11-29-50.jpg + leg02_m002_b076_2026-06-17T11-29-50.json
2026-06-17 11:29:50,149 [INFO] go2_survey.navigator: ------------------------------------------------------------
2026-06-17 11:29:50,149 [INFO] go2_survey.navigator: ------------ CAPTURE leg02 mark 2 @ 2.0m | n=1 -------------
2026-06-17 11:29:50,149 [INFO] go2_survey.navigator: ------------------------------------------------------------
2026-06-17 11:29:50,150 [INFO] root: > message sent: {"type": "req", "topic": "rt/api/sport/request", "data": {"header": {"identity": {"id": 1453446496, "api_id": 1008}}, "parameter": "{\"x\": 1.0, \"y\": 0, \"z\": -0.33278407424864725}"}}
2026-06-17 11:29:50,177 [INFO] root: Received message on data channel: {"type":"res","topic":"rt/api/sport/response","data":{"header":{"identity":{"api_id":1008,"id":1453446496},"status":{"code":0}},"data":""}}
2026-06-17 11:29:50,279 [INFO] root: > message sent: {"type": "req", "topic": "rt/api/sport/request", "data": {"header": {"identity": {"id": 1453446793, "api_id": 1008}}, "parameter": "{\"x\": 1.0, \"y\": 0, \"z\": -0.333423085504524}"}}
2026-06-17 11:29:50,291 [INFO] root: Received message on data channel: {"type":"res","topic":"rt/api/sport/response","data":{"header":{"identity":{"api_id":1008,"id":1453446793},"status":{"code":0}},"data":""}}
2026-06-17 11:29:50,394 [INFO] root: > message sent: {"type": "req", "topic": "rt/api/sport/request", "data": {"header": {"identity": {"id": 1453447007, "api_id": 1008}}, "parameter": "{\"x\": 1.0, \"y\": 0, \"z\": -0.333423085504524}"}}
2026-06-17 11:29:50,432 [INFO] root: Received message on data channel: {"type":"res","topic":"rt/api/sport/response","data":{"header":{"identity":{"api_id":1008,"id":1453447007},"status":{"code":0}},"data":""}}
2026-06-17 11:29:50,535 [INFO] root: > message sent: {"type": "req", "topic": "rt/api/sport/request", "data": {"header": {"identity": {"id": 1453446759, "api_id": 1008}}, "parameter": "{\"x\": 1.0, \"y\": 0, \"z\": -0.33260683248050754}"}}
2026-06-17 11:29:50,684 [INFO] root: Received message on data channel: {"type":"res","topic":"rt/api/sport/response","data":{"header":{"identity":{"api_id":1008,"id":1453446759},"status":{"code":0}},"data":""}}
2026-06-17 11:29:50,787 [INFO] root: > message sent: {"type": "req", "topic": "rt/api/sport/request", "data": {"header": {"identity": {"id": 1453446688, "api_id": 1008}}, "parameter": "{\"x\": 1.0, \"y\": 0, \"z\": -0.3513750870567108}"}}
2026-06-17 11:29:51,347 [INFO] go2_survey.health: HEALTH  batt 91% -9.2A ~60min · motors 53°C max RR_thigh ▲2.3°/min
2026-06-17 11:29:51,349 [INFO] root: > message sent: {"type": "heartbeat", "topic": "", "data": {"timeInStr": "2026-06-17 11:29:51", "timeInNum": 1781717391}}
2026-06-17 11:29:51,380 [INFO] root: Received message on data channel: {"type":"heartbeat"}
2026-06-17 11:29:51,381 [INFO] root: Heartbeat response received.
2026-06-17 11:29:51,382 [INFO] root: Received message on data channel: {"type":"res","topic":"rt/api/sport/response","data":{"header":{"identity":{"api_id":1008,"id":1453446688},"status":{"code":0}},"data":""}}
2026-06-17 11:29:51,485 [INFO] go2_survey.vision.frames: Captured frame | 1280x720 | age=0.328s | corrupt=False Δtarget=+0.029s
2026-06-17 11:29:51,561 [INFO] go2_survey.vision.geotag: Wrote geotagged capture: leg02_m003_b076_2026-06-17T11-29-51.jpg + leg02_m003_b076_2026-06-17T11-29-51.json
2026-06-17 11:29:51,561 [INFO] go2_survey.navigator: ------------------------------------------------------------
2026-06-17 11:29:51,562 [INFO] go2_survey.navigator: ------------ CAPTURE leg02 mark 3 @ 3.0m | n=1 -------------
2026-06-17 11:29:51,562 [INFO] go2_survey.navigator: ------------------------------------------------------------
2026-06-17 11:29:51,562 [INFO] root: > message sent: {"type": "req", "topic": "rt/api/sport/request", "data": {"header": {"identity": {"id": 1453447425, "api_id": 1008}}, "parameter": "{\"x\": 1.0, \"y\": 0, \"z\": -0.24009169567291705}"}}
2026-06-17 11:29:51,590 [INFO] root: Received message on data channel: {"type":"res","topic":"rt/api/sport/response","data":{"header":{"identity":{"api_id":1008,"id":1453447425},"status":{"code":0}},"data":""}}
2026-06-17 11:29:51,692 [INFO] root: > message sent: {"type": "req", "topic": "rt/api/sport/request", "data": {"header": {"identity": {"id": 1453447836, "api_id": 1008}}, "parameter": "{\"x\": 1.0, \"y\": 0, \"z\": -0.2148570693761627}"}}
2026-06-17 11:29:51,838 [INFO] root: Received message on data channel: {"type":"res","topic":"rt/api/sport/response","data":{"header":{"identity":{"api_id":1008,"id":1453447836},"status":{"code":0}},"data":""}}
2026-06-17 11:29:51,942 [INFO] root: > message sent: {"type": "req", "topic": "rt/api/sport/request", "data": {"header": {"identity": {"id": 1453448222, "api_id": 1008}}, "parameter": "{\"x\": 1.0, \"y\": 0, \"z\": -0.15963507275157637}"}}
2026-06-17 11:29:51,958 [INFO] root: Received message on data channel: {"type":"res","topic":"rt/api/sport/response","data":{"header":{"identity":{"api_id":1008,"id":1453448222},"status":{"code":0}},"data":""}}
2026-06-17 11:29:51,959 [INFO] go2_survey.navigator: NAV [cross_track] leg02 | along=3.7/5.0m cross=0.55m hdg_err=10.6° cog=89° fix=6
2026-06-17 11:29:52,062 [INFO] root: > message sent: {"type": "req", "topic": "rt/api/sport/request", "data": {"header": {"identity": {"id": 1453448269, "api_id": 1008}}, "parameter": "{\"x\": 1.0, \"y\": 0, \"z\": -0.1149074275006697}"}}
2026-06-17 11:29:53,171 [INFO] root: Received message on data channel: {"type":"res","topic":"rt/api/sport/response","data":{"header":{"identity":{"api_id":1008,"id":1453448269},"status":{"code":0}},"data":""}}
2026-06-17 11:29:53,274 [INFO] go2_survey.vision.frames: Captured frame | 1280x720 | age=1.000s | corrupt=False Δtarget=+0.000s
2026-06-17 11:29:53,361 [INFO] go2_survey.vision.geotag: Wrote geotagged capture: leg02_m004_b076_2026-06-17T11-29-53.jpg + leg02_m004_b076_2026-06-17T11-29-53.json
2026-06-17 11:29:53,362 [INFO] go2_survey.navigator: ------------------------------------------------------------
2026-06-17 11:29:53,362 [INFO] go2_survey.navigator: ------------ CAPTURE leg02 mark 4 @ 4.0m | n=1 -------------
2026-06-17 11:29:53,363 [INFO] go2_survey.navigator: ------------------------------------------------------------
2026-06-17 11:29:53,363 [INFO] go2_survey.vision.frames: Captured frame | 1280x720 | age=0.178s | corrupt=False Δtarget=-0.178s
2026-06-17 11:29:53,411 [INFO] go2_survey.vision.geotag: Wrote geotagged capture: leg02_m005_b076_2026-06-17T11-29-53.jpg + leg02_m005_b076_2026-06-17T11-29-53.json
2026-06-17 11:29:53,411 [INFO] go2_survey.navigator: ------------------------------------------------------------
2026-06-17 11:29:53,411 [INFO] go2_survey.navigator: ---------- CAPTURE leg02 end corner @ 4.8m | n=1 -----------
2026-06-17 11:29:53,412 [INFO] go2_survey.navigator: ------------------------------------------------------------
2026-06-17 11:29:53,412 [INFO] go2_survey.robot: Stopping robot
2026-06-17 11:29:53,412 [INFO] root: > message sent: {"type": "req", "topic": "rt/api/sport/request", "data": {"header": {"identity": {"id": 1453449815, "api_id": 1003}}, "parameter": ""}}
2026-06-17 11:29:53,413 [INFO] root: > message sent: {"type": "heartbeat", "topic": "", "data": {"timeInStr": "2026-06-17 11:29:53", "timeInNum": 1781717393}}
2026-06-17 11:29:53,471 [INFO] root: Received message on data channel: {"type":"heartbeat"}
2026-06-17 11:29:53,472 [INFO] root: Heartbeat response received.
2026-06-17 11:29:53,472 [INFO] root: Received message on data channel: {"type":"res","topic":"rt/api/sport/response","data":{"header":{"identity":{"api_id":1003,"id":1453449815},"status":{"code":0}},"data":""}}
2026-06-17 11:29:53,473 [INFO] go2_survey.health: ═══════════════ LEG 2/11 ✓ · HEALTH CHECK ════════════════
2026-06-17 11:29:53,473 [INFO] go2_survey.health:   BATTERY  91% │ -11.2A │ ~60min │ +0% since leg01
2026-06-17 11:29:53,473 [INFO] go2_survey.health:   THIGHS   FR42 FL40 RR53▲ RL47 °C (hot diag FL+RR)
2026-06-17 11:29:53,473 [INFO] go2_survey.health:   HOTTEST  RR_thigh 53°C ▲+2° this leg (+2.3°/min)
2026-06-17 11:29:53,473 [INFO] go2_survey.health:   OTHER    8 motors ≤ 53°C
2026-06-17 11:29:53,473 [INFO] go2_survey.health:   STATUS   ok │ thighs ≤ 70°C
2026-06-17 11:29:53,473 [INFO] go2_survey.health: ══════════════════════════════════════════════════════════
2026-06-17 11:29:53,474 [INFO] go2_survey.navigator: ------------------------------------------------------------
2026-06-17 11:29:53,474 [INFO] go2_survey.navigator: - LINE SURVEY leg03 (3/11) -> wp_004 | brg=167° len=50.7m --
2026-06-17 11:29:53,474 [INFO] go2_survey.navigator: ------------------------------------------------------------
2026-06-17 11:29:53,474 [INFO] go2_survey.robot: Stopping robot
2026-06-17 11:29:53,474 [INFO] root: > message sent: {"type": "req", "topic": "rt/api/sport/request", "data": {"header": {"identity": {"id": 1453449425, "api_id": 1003}}, "parameter": ""}}
2026-06-17 11:29:53,507 [INFO] root: Received message on data channel: {"type":"res","topic":"rt/api/sport/response","data":{"header":{"identity":{"api_id":1003,"id":1453449425},"status":{"code":0}},"data":""}}
2026-06-17 11:29:53,508 [INFO] go2_survey.robot: BalanceStand...
2026-06-17 11:29:53,509 [INFO] root: > message sent: {"type": "req", "topic": "rt/api/sport/request", "data": {"header": {"identity": {"id": 1453449702, "api_id": 1002}}, "parameter": ""}}
2026-06-17 11:29:53,517 [INFO] root: Received message on data channel: {"type":"res","topic":"rt/api/sport/response","data":{"header":{"identity":{"api_id":1002,"id":1453449702},"status":{"code":0}},"data":""}}
2026-06-17 11:29:54,019 [INFO] go2_survey.navigator: [turn→167°] hdg=118.3° err=48.6° rate=0.80rad/s
2026-06-17 11:29:54,020 [INFO] root: > message sent: {"type": "req", "topic": "rt/api/sport/request", "data": {"header": {"identity": {"id": 1453450772, "api_id": 1008}}, "parameter": "{\"x\": 0, \"y\": 0, \"z\": -0.8}"}}
2026-06-17 11:29:54,031 [INFO] root: Received message on data channel: {"type":"res","topic":"rt/api/sport/response","data":{"header":{"identity":{"api_id":1008,"id":1453450772},"status":{"code":0}},"data":""}}
2026-06-17 11:29:54,133 [INFO] root: > message sent: {"type": "req", "topic": "rt/api/sport/request", "data": {"header": {"identity": {"id": 1453450206, "api_id": 1008}}, "parameter": "{\"x\": 0, \"y\": 0, \"z\": -0.8}"}}
2026-06-17 11:29:54,183 [INFO] root: Received message on data channel: {"type":"res","topic":"rt/api/sport/response","data":{"header":{"identity":{"api_id":1008,"id":1453450206},"status":{"code":0}},"data":""}}
2026-06-17 11:29:54,285 [INFO] root: > message sent: {"type": "req", "topic": "rt/api/sport/request", "data": {"header": {"identity": {"id": 1453450359, "api_id": 1008}}, "parameter": "{\"x\": 0, \"y\": 0, \"z\": -0.8}"}}
2026-06-17 11:29:54,302 [INFO] root: Received message on data channel: {"type":"res","topic":"rt/api/sport/response","data":{"header":{"identity":{"api_id":1008,"id":1453450359},"status":{"code":0}},"data":""}}
2026-06-17 11:29:54,404 [INFO] root: > message sent: {"type": "req", "topic": "rt/api/sport/request", "data": {"header": {"identity": {"id": 1453451033, "api_id": 1008}}, "parameter": "{\"x\": 0, \"y\": 0, \"z\": -0.8}"}}
2026-06-17 11:29:54,415 [INFO] root: Received message on data channel: {"type":"res","topic":"rt/api/sport/response","data":{"header":{"identity":{"api_id":1008,"id":1453451033},"status":{"code":0}},"data":""}}
2026-06-17 11:29:54,517 [INFO] root: > message sent: {"type": "req", "topic": "rt/api/sport/request", "data": {"header": {"identity": {"id": 1453450466, "api_id": 1008}}, "parameter": "{\"x\": 0, \"y\": 0, \"z\": -0.8}"}}
2026-06-17 11:29:54,538 [INFO] root: Received message on data channel: {"type":"res","topic":"rt/api/sport/response","data":{"header":{"identity":{"api_id":1008,"id":1453450466},"status":{"code":0}},"data":""}}
2026-06-17 11:29:54,643 [INFO] root: > message sent: {"type": "req", "topic": "rt/api/sport/request", "data": {"header": {"identity": {"id": 1453451145, "api_id": 1008}}, "parameter": "{\"x\": 0, \"y\": 0, \"z\": -0.8}"}}
2026-06-17 11:29:54,654 [INFO] root: Received message on data channel: {"type":"res","topic":"rt/api/sport/response","data":{"header":{"identity":{"api_id":1008,"id":1453451145},"status":{"code":0}},"data":""}}
2026-06-17 11:29:54,756 [INFO] root: > message sent: {"type": "req", "topic": "rt/api/sport/request", "data": {"header": {"identity": {"id": 1453451483, "api_id": 1008}}, "parameter": "{\"x\": 0, \"y\": 0, \"z\": -0.8}"}}
2026-06-17 11:29:54,770 [INFO] root: Received message on data channel: {"type":"res","topic":"rt/api/sport/response","data":{"header":{"identity":{"api_id":1008,"id":1453451483},"status":{"code":0}},"data":""}}
2026-06-17 11:29:54,872 [INFO] root: > message sent: {"type": "req", "topic": "rt/api/sport/request", "data": {"header": {"identity": {"id": 1453451680, "api_id": 1008}}, "parameter": "{\"x\": 0, \"y\": 0, \"z\": -0.8}"}}
2026-06-17 11:29:54,885 [INFO] root: Received message on data channel: {"type":"res","topic":"rt/api/sport/response","data":{"header":{"identity":{"api_id":1008,"id":1453451680},"status":{"code":0}},"data":""}}
2026-06-17 11:29:54,987 [INFO] root: > message sent: {"type": "req", "topic": "rt/api/sport/request", "data": {"header": {"identity": {"id": 1453451745, "api_id": 1008}}, "parameter": "{\"x\": 0, \"y\": 0, \"z\": -0.8}"}}
2026-06-17 11:29:55,021 [INFO] root: Received message on data channel: {"type":"res","topic":"rt/api/sport/response","data":{"header":{"identity":{"api_id":1008,"id":1453451745},"status":{"code":0}},"data":""}}
2026-06-17 11:29:55,122 [INFO] go2_survey.navigator: [turn→167°] hdg=151.4° err=15.5° rate=0.62rad/s
2026-06-17 11:29:55,123 [INFO] root: > message sent: {"type": "req", "topic": "rt/api/sport/request", "data": {"header": {"identity": {"id": 1453451587, "api_id": 1008}}, "parameter": "{\"x\": 0, \"y\": 0, \"z\": -0.6219642105306992}"}}
2026-06-17 11:29:55,184 [INFO] root: Received message on data channel: {"type":"res","topic":"rt/api/sport/response","data":{"header":{"identity":{"api_id":1008,"id":1453451587},"status":{"code":0}},"data":""}}
2026-06-17 11:29:55,287 [INFO] root: > message sent: {"type": "req", "topic": "rt/api/sport/request", "data": {"header": {"identity": {"id": 1453451939, "api_id": 1008}}, "parameter": "{\"x\": 0, \"y\": 0, \"z\": -0.45}"}}
2026-06-17 11:29:55,300 [INFO] root: Received message on data channel: {"type":"res","topic":"rt/api/sport/response","data":{"header":{"identity":{"api_id":1008,"id":1453451939},"status":{"code":0}},"data":""}}
2026-06-17 11:29:55,402 [INFO] root: > message sent: {"type": "req", "topic": "rt/api/sport/request", "data": {"header": {"identity": {"id": 1453451606, "api_id": 1008}}, "parameter": "{\"x\": 0, \"y\": 0, \"z\": -0.45}"}}
2026-06-17 11:29:55,423 [INFO] root: Received message on data channel: {"type":"res","topic":"rt/api/sport/response","data":{"header":{"identity":{"api_id":1008,"id":1453451606},"status":{"code":0}},"data":""}}
2026-06-17 11:29:55,424 [INFO] root: > message sent: {"type": "heartbeat", "topic": "", "data": {"timeInStr": "2026-06-17 11:29:55", "timeInNum": 1781717395}}
2026-06-17 11:29:55,432 [INFO] root: Received message on data channel: {"type":"heartbeat"}
2026-06-17 11:29:55,432 [INFO] root: Heartbeat response received.
2026-06-17 11:29:55,526 [INFO] go2_survey.robot: Stopping robot
2026-06-17 11:29:55,527 [INFO] root: > message sent: {"type": "req", "topic": "rt/api/sport/request", "data": {"header": {"identity": {"id": 1453451509, "api_id": 1003}}, "parameter": ""}}
2026-06-17 11:29:55,545 [INFO] root: Received message on data channel: {"type":"res","topic":"rt/api/sport/response","data":{"header":{"identity":{"api_id":1003,"id":1453451509},"status":{"code":0}},"data":""}}
2026-06-17 11:29:55,545 [INFO] go2_survey.navigator: Aligned to 166.9° (heading=165.1°, err=1.8°)
2026-06-17 11:29:55,546 [INFO] go2_survey.robot: BalanceStand...
2026-06-17 11:29:55,546 [INFO] root: > message sent: {"type": "req", "topic": "rt/api/sport/request", "data": {"header": {"identity": {"id": 1453452021, "api_id": 1002}}, "parameter": ""}}
2026-06-17 11:29:55,567 [INFO] root: Received message on data channel: {"type":"res","topic":"rt/api/sport/response","data":{"header":{"identity":{"api_id":1002,"id":1453452021},"status":{"code":0}},"data":""}}
2026-06-17 11:29:55,924 [INFO] root: Received message on data channel: {"type":"rtc_inner_req","info":{"req_type":"rtt_probe_send_from_mechine","send_time_stamp":1781717395,"uuid":"b7ada97d-72b9-43e9-89c6-e20f92e61169"}}
2026-06-17 11:29:55,925 [INFO] root: > message sent: {"type": "rtc_inner_req", "topic": "", "data": {"req_type": "rtt_probe_send_from_mechine", "send_time_stamp": 1781717395, "uuid": "b7ada97d-72b9-43e9-89c6-e20f92e61169"}}
2026-06-17 11:29:56,069 [INFO] go2_survey.vision.frames: Captured frame | 1280x720 | age=0.046s | corrupt=False Δtarget=-0.046s
2026-06-17 11:29:56,153 [INFO] go2_survey.vision.geotag: Wrote geotagged capture: leg03_m000_b166_2026-06-17T11-29-56.jpg + leg03_m000_b166_2026-06-17T11-29-56.json
2026-06-17 11:29:56,156 [INFO] go2_survey.navigator: ------------------------------------------------------------
2026-06-17 11:29:56,156 [INFO] go2_survey.navigator: ------------- CAPTURE leg03 start corner | n=1 -------------
2026-06-17 11:29:56,157 [INFO] go2_survey.navigator: ------------------------------------------------------------
2026-06-17 11:29:56,158 [INFO] root: > message sent: {"type": "req", "topic": "rt/api/sport/request", "data": {"header": {"identity": {"id": 1453452200, "api_id": 1008}}, "parameter": "{\"x\": 1.0, \"y\": 0, \"z\": -0.0}"}}
2026-06-17 11:29:56,193 [INFO] root: Received message on data channel: {"type":"res","topic":"rt/api/sport/response","data":{"header":{"identity":{"api_id":1008,"id":1453452200},"status":{"code":0}},"data":""}}
2026-06-17 11:29:56,194 [INFO] go2_survey.navigator: NAV [cross_track] leg03 | along=0.4/50.7m cross=0.14m hdg_err=0.0° cog=— fix=6
2026-06-17 11:29:56,296 [INFO] root: > message sent: {"type": "req", "topic": "rt/api/sport/request", "data": {"header": {"identity": {"id": 1453452264, "api_id": 1008}}, "parameter": "{\"x\": 1.0, \"y\": 0, \"z\": -0.0}"}}
2026-06-17 11:29:56,306 [INFO] root: Received message on data channel: {"type":"res","topic":"rt/api/sport/response","data":{"header":{"identity":{"api_id":1008,"id":1453452264},"status":{"code":0}},"data":""}}
2026-06-17 11:29:56,408 [INFO] root: > message sent: {"type": "req", "topic": "rt/api/sport/request", "data": {"header": {"identity": {"id": 1453452244, "api_id": 1008}}, "parameter": "{\"x\": 1.0, \"y\": 0, \"z\": -0.0}"}}
2026-06-17 11:29:56,427 [INFO] root: Received message on data channel: {"type":"res","topic":"rt/api/sport/response","data":{"header":{"identity":{"api_id":1008,"id":1453452244},"status":{"code":0}},"data":""}}
2026-06-17 11:29:56,530 [INFO] root: > message sent: {"type": "req", "topic": "rt/api/sport/request", "data": {"header": {"identity": {"id": 1453452910, "api_id": 1008}}, "parameter": "{\"x\": 1.0, \"y\": 0, \"z\": -0.0}"}}
2026-06-17 11:29:56,542 [INFO] root: Received message on data channel: {"type":"res","topic":"rt/api/sport/response","data":{"header":{"identity":{"api_id":1008,"id":1453452910},"status":{"code":0}},"data":""}}
2026-06-17 11:29:56,645 [INFO] root: > message sent: {"type": "req", "topic": "rt/api/sport/request", "data": {"header": {"identity": {"id": 1453452471, "api_id": 1008}}, "parameter": "{\"x\": 1.0, \"y\": 0, \"z\": -0.0}"}}
2026-06-17 11:29:56,657 [INFO] root: Received message on data channel: {"type":"res","topic":"rt/api/sport/response","data":{"header":{"identity":{"api_id":1008,"id":1453452471},"status":{"code":0}},"data":""}}
2026-06-17 11:29:56,759 [INFO] root: > message sent: {"type": "req", "topic": "rt/api/sport/request", "data": {"header": {"identity": {"id": 1453453366, "api_id": 1008}}, "parameter": "{\"x\": 1.0, \"y\": 0, \"z\": -0.0}"}}
2026-06-17 11:29:57,440 [INFO] root: > message sent: {"type": "heartbeat", "topic": "", "data": {"timeInStr": "2026-06-17 11:29:57", "timeInNum": 1781717397}}
2026-06-17 11:29:57,503 [INFO] root: Received message on data channel: {"type":"heartbeat"}
2026-06-17 11:29:57,503 [INFO] root: Heartbeat response received.
2026-06-17 11:29:57,504 [INFO] root: Received message on data channel: {"type":"res","topic":"rt/api/sport/response","data":{"header":{"identity":{"api_id":1008,"id":1453453366},"status":{"code":0}},"data":""}}
2026-06-17 11:29:57,607 [INFO] go2_survey.vision.frames: Captured frame | 1280x720 | age=0.366s | corrupt=False Δtarget=-0.053s
2026-06-17 11:29:57,670 [INFO] go2_survey.vision.geotag: Wrote geotagged capture: leg03_m001_b166_2026-06-17T11-29-57.jpg + leg03_m001_b166_2026-06-17T11-29-57.json
2026-06-17 11:29:57,670 [INFO] go2_survey.navigator: ------------------------------------------------------------
2026-06-17 11:29:57,670 [INFO] go2_survey.navigator: ------------ CAPTURE leg03 mark 1 @ 1.0m | n=1 -------------
2026-06-17 11:29:57,670 [INFO] go2_survey.navigator: ------------------------------------------------------------
2026-06-17 11:29:57,671 [INFO] root: > message sent: {"type": "req", "topic": "rt/api/sport/request", "data": {"header": {"identity": {"id": 1453453532, "api_id": 1008}}, "parameter": "{\"x\": 1.0, \"y\": 0, \"z\": -0.19887269665600626}"}}
2026-06-17 11:29:57,815 [INFO] root: Received message on data channel: {"type":"res","topic":"rt/api/sport/response","data":{"header":{"identity":{"api_id":1008,"id":1453453532},"status":{"code":0}},"data":""}}
2026-06-17 11:29:57,919 [INFO] root: > message sent: {"type": "req", "topic": "rt/api/sport/request", "data": {"header": {"identity": {"id": 1453453899, "api_id": 1008}}, "parameter": "{\"x\": 1.0, \"y\": 0, \"z\": -0.20454049937795843}"}}
2026-06-17 11:29:57,939 [INFO] root: Received message on data channel: {"type":"res","topic":"rt/api/sport/response","data":{"header":{"identity":{"api_id":1008,"id":1453453899},"status":{"code":0}},"data":""}}
2026-06-17 11:29:58,041 [INFO] root: > message sent: {"type": "req", "topic": "rt/api/sport/request", "data": {"header": {"identity": {"id": 1453454175, "api_id": 1008}}, "parameter": "{\"x\": 1.0, \"y\": 0, \"z\": -0.215069740710083}"}}
2026-06-17 11:29:58,076 [INFO] root: Received message on data channel: {"type":"res","topic":"rt/api/sport/response","data":{"header":{"identity":{"api_id":1008,"id":1453454175},"status":{"code":0}},"data":""}}
2026-06-17 11:29:58,179 [INFO] root: > message sent: {"type": "req", "topic": "rt/api/sport/request", "data": {"header": {"identity": {"id": 1453454207, "api_id": 1008}}, "parameter": "{\"x\": 1.0, \"y\": 0, \"z\": -0.215069740710083}"}}
2026-06-17 11:29:58,203 [INFO] root: Received message on data channel: {"type":"res","topic":"rt/api/sport/response","data":{"header":{"identity":{"api_id":1008,"id":1453454207},"status":{"code":0}},"data":""}}
2026-06-17 11:29:58,204 [INFO] go2_survey.navigator: NAV [cross_track] leg03 | along=1.7/50.7m cross=0.37m hdg_err=14.3° cog=158° fix=6
2026-06-17 11:29:58,307 [INFO] root: > message sent: {"type": "req", "topic": "rt/api/sport/request", "data": {"header": {"identity": {"id": 1453454978, "api_id": 1008}}, "parameter": "{\"x\": 1.0, \"y\": 0, \"z\": -0.21875774730305012}"}}
2026-06-17 11:29:58,361 [INFO] root: Received message on data channel: {"type":"res","topic":"rt/api/sport/response","data":{"header":{"identity":{"api_id":1008,"id":1453454978},"status":{"code":0}},"data":""}}
2026-06-17 11:29:58,462 [INFO] go2_survey.vision.frames: Captured frame | 1280x720 | age=0.080s | corrupt=False Δtarget=-0.014s
2026-06-17 11:29:58,546 [INFO] go2_survey.vision.geotag: Wrote geotagged capture: leg03_m002_b166_2026-06-17T11-29-58.jpg + leg03_m002_b166_2026-06-17T11-29-58.json
2026-06-17 11:29:58,547 [INFO] go2_survey.navigator: ------------------------------------------------------------
2026-06-17 11:29:58,548 [INFO] go2_survey.navigator: ------------ CAPTURE leg03 mark 2 @ 2.0m | n=1 -------------
2026-06-17 11:29:58,548 [INFO] go2_survey.navigator: ------------------------------------------------------------
2026-06-17 11:29:58,549 [INFO] root: > message sent: {"type": "req", "topic": "rt/api/sport/request", "data": {"header": {"identity": {"id": 1453454391, "api_id": 1008}}, "parameter": "{\"x\": 1.0, \"y\": 0, \"z\": -0.2098443616926653}"}}
2026-06-17 11:29:58,588 [INFO] root: Received message on data channel: {"type":"res","topic":"rt/api/sport/response","data":{"header":{"identity":{"api_id":1008,"id":1453454391},"status":{"code":0}},"data":""}}
2026-06-17 11:29:58,691 [INFO] root: > message sent: {"type": "req", "topic": "rt/api/sport/request", "data": {"header": {"identity": {"id": 1453455014, "api_id": 1008}}, "parameter": "{\"x\": 1.0, \"y\": 0, \"z\": -0.19579725541033952}"}}
2026-06-17 11:29:58,769 [INFO] root: Received message on data channel: {"type":"res","topic":"rt/api/sport/response","data":{"header":{"identity":{"api_id":1008,"id":1453455014},"status":{"code":0}},"data":""}}
2026-06-17 11:29:58,872 [INFO] root: > message sent: {"type": "req", "topic": "rt/api/sport/request", "data": {"header": {"identity": {"id": 1453455365, "api_id": 1008}}, "parameter": "{\"x\": 1.0, \"y\": 0, \"z\": -0.1523237205564328}"}}
2026-06-17 11:29:58,905 [INFO] root: Received message on data channel: {"type":"res","topic":"rt/api/sport/response","data":{"header":{"identity":{"api_id":1008,"id":1453455365},"status":{"code":0}},"data":""}}
2026-06-17 11:29:59,008 [INFO] root: > message sent: {"type": "req", "topic": "rt/api/sport/request", "data": {"header": {"identity": {"id": 1453455688, "api_id": 1008}}, "parameter": "{\"x\": 1.0, \"y\": 0, \"z\": -0.12031333565915588}"}}
2026-06-17 11:29:59,053 [INFO] root: Received message on data channel: {"type":"res","topic":"rt/api/sport/response","data":{"header":{"identity":{"api_id":1008,"id":1453455688},"status":{"code":0}},"data":""}}
2026-06-17 11:29:59,157 [INFO] root: > message sent: {"type": "req", "topic": "rt/api/sport/request", "data": {"header": {"identity": {"id": 1453455381, "api_id": 1008}}, "parameter": "{\"x\": 1.0, \"y\": 0, \"z\": -0.12031333565915588}"}}
2026-06-17 11:29:59,199 [INFO] root: Received message on data channel: {"type":"res","topic":"rt/api/sport/response","data":{"header":{"identity":{"api_id":1008,"id":1453455381},"status":{"code":0}},"data":""}}
2026-06-17 11:29:59,302 [INFO] root: > message sent: {"type": "req", "topic": "rt/api/sport/request", "data": {"header": {"identity": {"id": 1453455154, "api_id": 1008}}, "parameter": "{\"x\": 1.0, \"y\": 0, \"z\": -0.08750561306690144}"}}
2026-06-17 11:29:59,325 [INFO] root: Received message on data channel: {"type":"res","topic":"rt/api/sport/response","data":{"header":{"identity":{"api_id":1008,"id":1453455154},"status":{"code":0}},"data":""}}
2026-06-17 11:29:59,427 [INFO] go2_survey.vision.frames: Captured frame | 1280x720 | age=0.007s | corrupt=False Δtarget=-0.003s
2026-06-17 11:29:59,495 [INFO] go2_survey.vision.geotag: Wrote geotagged capture: leg03_m003_b166_2026-06-17T11-29-59.jpg + leg03_m003_b166_2026-06-17T11-29-59.json
2026-06-17 11:29:59,495 [INFO] go2_survey.navigator: ------------------------------------------------------------
2026-06-17 11:29:59,496 [INFO] go2_survey.navigator: ------------ CAPTURE leg03 mark 3 @ 3.0m | n=1 -------------
2026-06-17 11:29:59,496 [INFO] go2_survey.navigator: ------------------------------------------------------------
2026-06-17 11:29:59,496 [INFO] root: > message sent: {"type": "req", "topic": "rt/api/sport/request", "data": {"header": {"identity": {"id": 1453455798, "api_id": 1008}}, "parameter": "{\"x\": 1.0, \"y\": 0, \"z\": -0.03748562055827733}"}}
2026-06-17 11:29:59,498 [INFO] root: > message sent: {"type": "heartbeat", "topic": "", "data": {"timeInStr": "2026-06-17 11:29:59", "timeInNum": 1781717399}}
2026-06-17 11:29:59,564 [INFO] root: Received message on data channel: {"type":"heartbeat"}
2026-06-17 11:29:59,564 [INFO] root: Heartbeat response received.
2026-06-17 11:29:59,565 [INFO] root: Received message on data channel: {"type":"res","topic":"rt/api/sport/response","data":{"header":{"identity":{"api_id":1008,"id":1453455798},"status":{"code":0}},"data":""}}
2026-06-17 11:29:59,667 [INFO] root: > message sent: {"type": "req", "topic": "rt/api/sport/request", "data": {"header": {"identity": {"id": 1453455693, "api_id": 1008}}, "parameter": "{\"x\": 1.0, \"y\": 0, \"z\": 0.012246188560087034}"}}
2026-06-17 11:29:59,684 [INFO] root: Received message on data channel: {"type":"res","topic":"rt/api/sport/response","data":{"header":{"identity":{"api_id":1008,"id":1453455693},"status":{"code":0}},"data":""}}
2026-06-17 11:29:59,788 [INFO] root: > message sent: {"type": "req", "topic": "rt/api/sport/request", "data": {"header": {"identity": {"id": 1453456370, "api_id": 1008}}, "parameter": "{\"x\": 1.0, \"y\": 0, \"z\": 0.012246188560087034}"}}
2026-06-17 11:29:59,814 [INFO] root: Received message on data channel: {"type":"res","topic":"rt/api/sport/response","data":{"header":{"identity":{"api_id":1008,"id":1453456370},"status":{"code":0}},"data":""}}
2026-06-17 11:29:59,918 [INFO] root: > message sent: {"type": "req", "topic": "rt/api/sport/request", "data": {"header": {"identity": {"id": 1453455747, "api_id": 1008}}, "parameter": "{\"x\": 1.0, \"y\": 0, \"z\": 0.030966370911380634}"}}
2026-06-17 11:29:59,951 [INFO] root: Received message on data channel: {"type":"res","topic":"rt/api/sport/response","data":{"header":{"identity":{"api_id":1008,"id":1453455747},"status":{"code":0}},"data":""}}
2026-06-17 11:30:00,055 [INFO] root: > message sent: {"type": "req", "topic": "rt/api/sport/request", "data": {"header": {"identity": {"id": 1453455949, "api_id": 1008}}, "parameter": "{\"x\": 1.0, \"y\": 0, \"z\": 0.047925382993227}"}}
2026-06-17 11:30:00,090 [INFO] root: Received message on data channel: {"type":"res","topic":"rt/api/sport/response","data":{"header":{"identity":{"api_id":1008,"id":1453455949},"status":{"code":0}},"data":""}}
2026-06-17 11:30:00,193 [INFO] root: > message sent: {"type": "req", "topic": "rt/api/sport/request", "data": {"header": {"identity": {"id": 1453456907, "api_id": 1008}}, "parameter": "{\"x\": 1.0, \"y\": 0, \"z\": 0.047925382993227}"}}
2026-06-17 11:30:00,203 [INFO] root: Received message on data channel: {"type":"res","topic":"rt/api/sport/response","data":{"header":{"identity":{"api_id":1008,"id":1453456907},"status":{"code":0}},"data":""}}
2026-06-17 11:30:00,203 [INFO] go2_survey.navigator: NAV [cross_track] leg03 | along=3.6/50.7m cross=0.26m hdg_err=-3.2° cog=174° fix=6
2026-06-17 11:30:00,305 [INFO] root: > message sent: {"type": "req", "topic": "rt/api/sport/request", "data": {"header": {"identity": {"id": 1453456766, "api_id": 1008}}, "parameter": "{\"x\": 1.0, \"y\": 0, \"z\": 0.06865004554132496}"}}
2026-06-17 11:30:00,318 [INFO] root: Received message on data channel: {"type":"res","topic":"rt/api/sport/response","data":{"header":{"identity":{"api_id":1008,"id":1453456766},"status":{"code":0}},"data":""}}
2026-06-17 11:30:00,422 [INFO] root: > message sent: {"type": "req", "topic": "rt/api/sport/request", "data": {"header": {"identity": {"id": 1453456411, "api_id": 1008}}, "parameter": "{\"x\": 1.0, \"y\": 0, \"z\": 0.0842083532999527}"}}
2026-06-17 11:30:00,441 [INFO] root: Received message on data channel: {"type":"res","topic":"rt/api/sport/response","data":{"header":{"identity":{"api_id":1008,"id":1453456411},"status":{"code":0}},"data":""}}
2026-06-17 11:30:00,545 [INFO] root: > message sent: {"type": "req", "topic": "rt/api/sport/request", "data": {"header": {"identity": {"id": 1453457235, "api_id": 1008}}, "parameter": "{\"x\": 1.0, \"y\": 0, \"z\": 0.0842083532999527}"}}
2026-06-17 11:30:00,586 [INFO] root: Received message on data channel: {"type":"res","topic":"rt/api/sport/response","data":{"header":{"identity":{"api_id":1008,"id":1453457235},"status":{"code":0}},"data":""}}
2026-06-17 11:30:00,690 [INFO] go2_survey.vision.frames: Captured frame | 1280x720 | age=0.073s | corrupt=False Δtarget=+0.012s
2026-06-17 11:30:00,773 [INFO] go2_survey.vision.geotag: Wrote geotagged capture: leg03_m004_b166_2026-06-17T11-30-00.jpg + leg03_m004_b166_2026-06-17T11-30-00.json
2026-06-17 11:30:00,773 [INFO] go2_survey.navigator: ------------------------------------------------------------
2026-06-17 11:30:00,774 [INFO] go2_survey.navigator: ------------ CAPTURE leg03 mark 4 @ 4.0m | n=1 -------------
2026-06-17 11:30:00,774 [INFO] go2_survey.navigator: ------------------------------------------------------------
2026-06-17 11:30:00,775 [INFO] root: > message sent: {"type": "req", "topic": "rt/api/sport/request", "data": {"header": {"identity": {"id": 1453457385, "api_id": 1008}}, "parameter": "{\"x\": 1.0, \"y\": 0, \"z\": 0.07821364281260174}"}}
2026-06-17 11:30:00,802 [INFO] root: Received message on data channel: {"type":"res","topic":"rt/api/sport/response","data":{"header":{"identity":{"api_id":1008,"id":1453457385},"status":{"code":0}},"data":""}}
2026-06-17 11:30:00,905 [INFO] root: > message sent: {"type": "req", "topic": "rt/api/sport/request", "data": {"header": {"identity": {"id": 1453457294, "api_id": 1008}}, "parameter": "{\"x\": 1.0, \"y\": 0, \"z\": 0.06510534698234664}"}}
2026-06-17 11:30:00,928 [INFO] root: Received message on data channel: {"type":"res","topic":"rt/api/sport/response","data":{"header":{"identity":{"api_id":1008,"id":1453457294},"status":{"code":0}},"data":""}}
2026-06-17 11:30:01,032 [INFO] root: > message sent: {"type": "req", "topic": "rt/api/sport/request", "data": {"header": {"identity": {"id": 1453457093, "api_id": 1008}}, "parameter": "{\"x\": 1.0, \"y\": 0, \"z\": 0.0670669391797071}"}}
2026-06-17 11:30:01,046 [INFO] root: Received message on data channel: {"type":"res","topic":"rt/api/sport/response","data":{"header":{"identity":{"api_id":1008,"id":1453457093},"status":{"code":0}},"data":""}}
2026-06-17 11:30:01,148 [INFO] root: > message sent: {"type": "req", "topic": "rt/api/sport/request", "data": {"header": {"identity": {"id": 1453457625, "api_id": 1008}}, "parameter": "{\"x\": 1.0, \"y\": 0, \"z\": 0.0670669391797071}"}}
2026-06-17 11:30:01,165 [INFO] root: Received message on data channel: {"type":"res","topic":"rt/api/sport/response","data":{"header":{"identity":{"api_id":1008,"id":1453457625},"status":{"code":0}},"data":""}}
2026-06-17 11:30:01,268 [INFO] root: > message sent: {"type": "req", "topic": "rt/api/sport/request", "data": {"header": {"identity": {"id": 1453457975, "api_id": 1008}}, "parameter": "{\"x\": 1.0, \"y\": 0, \"z\": 0.06655469150044041}"}}
2026-06-17 11:30:01,277 [INFO] root: Received message on data channel: {"type":"res","topic":"rt/api/sport/response","data":{"header":{"identity":{"api_id":1008,"id":1453457975},"status":{"code":0}},"data":""}}
2026-06-17 11:30:01,350 [INFO] go2_survey.health: HEALTH  batt 91% -8.2A ~68min · motors 53°C max RR_thigh ▲2.0°/min
2026-06-17 11:30:01,380 [INFO] root: > message sent: {"type": "req", "topic": "rt/api/sport/request", "data": {"header": {"identity": {"id": 1453457507, "api_id": 1008}}, "parameter": "{\"x\": 1.0, \"y\": 0, \"z\": 0.06655469150044041}"}}
2026-06-17 11:30:01,457 [INFO] root: Received message on data channel: {"type":"res","topic":"rt/api/sport/response","data":{"header":{"identity":{"api_id":1008,"id":1453457507},"status":{"code":0}},"data":""}}
2026-06-17 11:30:01,499 [INFO] root: > message sent: {"type": "heartbeat", "topic": "", "data": {"timeInStr": "2026-06-17 11:30:01", "timeInNum": 1781717401}}
2026-06-17 11:30:01,529 [INFO] root: Received message on data channel: {"type":"heartbeat"}
2026-06-17 11:30:01,530 [INFO] root: Heartbeat response received.
2026-06-17 11:30:01,559 [INFO] root: > message sent: {"type": "req", "topic": "rt/api/sport/request", "data": {"header": {"identity": {"id": 1453458046, "api_id": 1008}}, "parameter": "{\"x\": 1.0, \"y\": 0, \"z\": 0.059843611819531475}"}}
2026-06-17 11:30:01,572 [INFO] root: Received message on data channel: {"type":"res","topic":"rt/api/sport/response","data":{"header":{"identity":{"api_id":1008,"id":1453458046},"status":{"code":0}},"data":""}}
2026-06-17 11:30:01,674 [INFO] go2_survey.vision.frames: Captured frame | 1280x720 | age=0.012s | corrupt=False Δtarget=+0.017s
2026-06-17 11:30:01,758 [INFO] go2_survey.vision.geotag: Wrote geotagged capture: leg03_m005_b166_2026-06-17T11-30-01.jpg + leg03_m005_b166_2026-06-17T11-30-01.json
2026-06-17 11:30:01,758 [INFO] go2_survey.navigator: ------------------------------------------------------------
2026-06-17 11:30:01,759 [INFO] go2_survey.navigator: ------------ CAPTURE leg03 mark 5 @ 5.0m | n=1 -------------
2026-06-17 11:30:01,759 [INFO] go2_survey.navigator: ------------------------------------------------------------
2026-06-17 11:30:01,760 [INFO] go2_survey.navigator: IMU RUNNING RECAL | offset 33.6° (fresh 26.1°, Δ -0.03°)
2026-06-17 11:30:01,761 [INFO] root: > message sent: {"type": "req", "topic": "rt/api/sport/request", "data": {"header": {"identity": {"id": 1453457804, "api_id": 1008}}, "parameter": "{\"x\": 1.0, \"y\": 0, \"z\": 0.07159118878217498}"}}
2026-06-17 11:30:01,790 [INFO] root: Received message on data channel: {"type":"res","topic":"rt/api/sport/response","data":{"header":{"identity":{"api_id":1008,"id":1453457804},"status":{"code":0}},"data":""}}
2026-06-17 11:30:01,893 [INFO] root: > message sent: {"type": "req", "topic": "rt/api/sport/request", "data": {"header": {"identity": {"id": 1453458126, "api_id": 1008}}, "parameter": "{\"x\": 1.0, \"y\": 0, \"z\": 0.06865903966847554}"}}
2026-06-17 11:30:01,919 [INFO] root: Received message on data channel: {"type":"res","topic":"rt/api/sport/response","data":{"header":{"identity":{"api_id":1008,"id":1453458126},"status":{"code":0}},"data":""}}
2026-06-17 11:30:02,023 [INFO] root: > message sent: {"type": "req", "topic": "rt/api/sport/request", "data": {"header": {"identity": {"id": 1453457847, "api_id": 1008}}, "parameter": "{\"x\": 1.0, \"y\": 0, \"z\": 0.05287932153208885}"}}
2026-06-17 11:30:02,049 [INFO] root: Received message on data channel: {"type":"res","topic":"rt/api/sport/response","data":{"header":{"identity":{"api_id":1008,"id":1453457847},"status":{"code":0}},"data":""}}
2026-06-17 11:30:02,151 [INFO] root: > message sent: {"type": "req", "topic": "rt/api/sport/request", "data": {"header": {"identity": {"id": 1453458847, "api_id": 1008}}, "parameter": "{\"x\": 1.0, \"y\": 0, \"z\": 0.05287932153208885}"}}
2026-06-17 11:30:02,191 [INFO] root: Received message on data channel: {"type":"res","topic":"rt/api/sport/response","data":{"header":{"identity":{"api_id":1008,"id":1453458847},"status":{"code":0}},"data":""}}
2026-06-17 11:30:02,300 [INFO] root: > message sent: {"type": "req", "topic": "rt/api/sport/request", "data": {"header": {"identity": {"id": 1453458937, "api_id": 1008}}, "parameter": "{\"x\": 1.0, \"y\": 0, \"z\": 0.04950248086460703}"}}
2026-06-17 11:30:02,338 [INFO] root: Received message on data channel: {"type":"res","topic":"rt/api/sport/response","data":{"header":{"identity":{"api_id":1008,"id":1453458937},"status":{"code":0}},"data":""}}
2026-06-17 11:30:02,338 [INFO] go2_survey.navigator: NAV [cross_track] leg03 | along=5.6/50.7m cross=0.07m hdg_err=-3.3° cog=171° fix=6
2026-06-17 11:30:02,442 [INFO] root: > message sent: {"type": "req", "topic": "rt/api/sport/request", "data": {"header": {"identity": {"id": 1453459109, "api_id": 1008}}, "parameter": "{\"x\": 1.0, \"y\": 0, \"z\": 0.05758819106610019}"}}
2026-06-17 11:30:02,465 [INFO] root: Received message on data channel: {"type":"res","topic":"rt/api/sport/response","data":{"header":{"identity":{"api_id":1008,"id":1453459109},"status":{"code":0}},"data":""}}
2026-06-17 11:30:02,567 [INFO] root: > message sent: {"type": "req", "topic": "rt/api/sport/request", "data": {"header": {"identity": {"id": 1453459232, "api_id": 1008}}, "parameter": "{\"x\": 1.0, \"y\": 0, \"z\": 0.05758819106610019}"}}
2026-06-17 11:30:02,583 [INFO] root: Received message on data channel: {"type":"res","topic":"rt/api/sport/response","data":{"header":{"identity":{"api_id":1008,"id":1453459232},"status":{"code":0}},"data":""}}
2026-06-17 11:30:02,686 [INFO] root: > message sent: {"type": "req", "topic": "rt/api/sport/request", "data": {"header": {"identity": {"id": 1453458843, "api_id": 1008}}, "parameter": "{\"x\": 1.0, \"y\": 0, \"z\": 0.053049309181732264}"}}
2026-06-17 11:30:02,699 [INFO] root: Received message on data channel: {"type":"res","topic":"rt/api/sport/response","data":{"header":{"identity":{"api_id":1008,"id":1453458843},"status":{"code":0}},"data":""}}
2026-06-17 11:30:02,803 [INFO] go2_survey.vision.frames: Captured frame | 1280x720 | age=0.105s | corrupt=False Δtarget=+0.002s
2026-06-17 11:30:02,878 [INFO] go2_survey.vision.geotag: Wrote geotagged capture: leg03_m006_b166_2026-06-17T11-30-02.jpg + leg03_m006_b166_2026-06-17T11-30-02.json
2026-06-17 11:30:02,878 [INFO] go2_survey.navigator: ------------------------------------------------------------
2026-06-17 11:30:02,879 [INFO] go2_survey.navigator: ------------ CAPTURE leg03 mark 6 @ 6.0m | n=1 -------------
2026-06-17 11:30:02,879 [INFO] go2_survey.navigator: ------------------------------------------------------------
2026-06-17 11:30:02,880 [INFO] root: > message sent: {"type": "req", "topic": "rt/api/sport/request", "data": {"header": {"identity": {"id": 1453459204, "api_id": 1008}}, "parameter": "{\"x\": 1.0, \"y\": 0, \"z\": 0.03908267821167783}"}}
2026-06-17 11:30:02,905 [INFO] root: Received message on data channel: {"type":"res","topic":"rt/api/sport/response","data":{"header":{"identity":{"api_id":1008,"id":1453459204},"status":{"code":0}},"data":""}}
2026-06-17 11:30:03,008 [INFO] root: > message sent: {"type": "req", "topic": "rt/api/sport/request", "data": {"header": {"identity": {"id": 1453459227, "api_id": 1008}}, "parameter": "{\"x\": 1.0, \"y\": 0, \"z\": 0.03577349535242149}"}}
2026-06-17 11:30:03,501 [INFO] root: > message sent: {"type": "heartbeat", "topic": "", "data": {"timeInStr": "2026-06-17 11:30:03", "timeInNum": 1781717403}}
2026-06-17 11:30:03,520 [INFO] root: Received message on data channel: {"type":"heartbeat"}
2026-06-17 11:30:03,521 [INFO] root: Heartbeat response received.
2026-06-17 11:30:03,535 [INFO] root: Received message on data channel: {"type":"res","topic":"rt/api/sport/response","data":{"header":{"identity":{"api_id":1008,"id":1453459227},"status":{"code":0}},"data":""}}
2026-06-17 11:30:03,640 [INFO] root: > message sent: {"type": "req", "topic": "rt/api/sport/request", "data": {"header": {"identity": {"id": 1453460139, "api_id": 1008}}, "parameter": "{\"x\": 1.0, \"y\": 0, \"z\": 0.0231817375586985}"}}
2026-06-17 11:30:03,662 [INFO] root: Received message on data channel: {"type":"res","topic":"rt/api/sport/response","data":{"header":{"identity":{"api_id":1008,"id":1453460139},"status":{"code":0}},"data":""}}
2026-06-17 11:30:03,764 [INFO] root: > message sent: {"type": "req", "topic": "rt/api/sport/request", "data": {"header": {"identity": {"id": 1453460090, "api_id": 1008}}, "parameter": "{\"x\": 1.0, \"y\": 0, \"z\": 0.0231817375586985}"}}
2026-06-17 11:30:03,806 [INFO] root: Received message on data channel: {"type":"res","topic":"rt/api/sport/response","data":{"header":{"identity":{"api_id":1008,"id":1453460090},"status":{"code":0}},"data":""}}
2026-06-17 11:30:03,908 [INFO] go2_survey.vision.frames: Captured frame | 1280x720 | age=0.082s | corrupt=False Δtarget=-0.005s
2026-06-17 11:30:03,988 [INFO] go2_survey.vision.geotag: Wrote geotagged capture: leg03_m007_b166_2026-06-17T11-30-03.jpg + leg03_m007_b166_2026-06-17T11-30-03.json
2026-06-17 11:30:03,989 [INFO] go2_survey.navigator: ------------------------------------------------------------
2026-06-17 11:30:03,989 [INFO] go2_survey.navigator: ------------ CAPTURE leg03 mark 7 @ 7.0m | n=1 -------------
2026-06-17 11:30:03,989 [INFO] go2_survey.navigator: ------------------------------------------------------------
2026-06-17 11:30:03,991 [INFO] root: > message sent: {"type": "req", "topic": "rt/api/sport/request", "data": {"header": {"identity": {"id": 1453460250, "api_id": 1008}}, "parameter": "{\"x\": 1.0, \"y\": 0, \"z\": 0.03172689047889207}"}}
2026-06-17 11:30:04,031 [INFO] root: Received message on data channel: {"type":"res","topic":"rt/api/sport/response","data":{"header":{"identity":{"api_id":1008,"id":1453460250},"status":{"code":0}},"data":""}}
2026-06-17 11:30:04,135 [INFO] root: > message sent: {"type": "req", "topic": "rt/api/sport/request", "data": {"header": {"identity": {"id": 1453460707, "api_id": 1008}}, "parameter": "{\"x\": 1.0, \"y\": 0, \"z\": 0.03130663335584018}"}}
2026-06-17 11:30:05,075 [INFO] root: Received message on data channel: {"type":"res","topic":"rt/api/sport/response","data":{"header":{"identity":{"api_id":1008,"id":1453460707},"status":{"code":0}},"data":""}}
2026-06-17 11:30:05,177 [INFO] go2_survey.vision.frames: Captured frame | 1280x720 | age=0.229s | corrupt=False Δtarget=+0.018s
2026-06-17 11:30:05,252 [INFO] go2_survey.vision.geotag: Wrote geotagged capture: leg03_m008_b166_2026-06-17T11-30-05.jpg + leg03_m008_b166_2026-06-17T11-30-05.json
2026-06-17 11:30:05,253 [INFO] go2_survey.navigator: ------------------------------------------------------------
2026-06-17 11:30:05,253 [INFO] go2_survey.navigator: ------------ CAPTURE leg03 mark 8 @ 8.0m | n=1 -------------
2026-06-17 11:30:05,253 [INFO] go2_survey.navigator: ------------------------------------------------------------
2026-06-17 11:30:05,255 [INFO] root: > message sent: {"type": "req", "topic": "rt/api/sport/request", "data": {"header": {"identity": {"id": 1453461244, "api_id": 1008}}, "parameter": "{\"x\": 1.0, \"y\": 0, \"z\": 0.009001169337956298}"}}
2026-06-17 11:30:05,284 [INFO] root: Received message on data channel: {"type":"res","topic":"rt/api/sport/response","data":{"header":{"identity":{"api_id":1008,"id":1453461244},"status":{"code":0}},"data":""}}
2026-06-17 11:30:05,285 [INFO] go2_survey.navigator: NAV [cross_track] leg03 | along=8.2/50.7m cross=0.01m hdg_err=-0.6° cog=167° fix=6
2026-06-17 11:30:05,386 [INFO] root: > message sent: {"type": "req", "topic": "rt/api/sport/request", "data": {"header": {"identity": {"id": 1453461988, "api_id": 1008}}, "parameter": "{\"x\": 1.0, \"y\": 0, \"z\": 0.0202207781534446}"}}
2026-06-17 11:30:05,406 [INFO] root: Received message on data channel: {"type":"res","topic":"rt/api/sport/response","data":{"header":{"identity":{"api_id":1008,"id":1453461988},"status":{"code":0}},"data":""}}
2026-06-17 11:30:05,508 [INFO] root: > message sent: {"type": "heartbeat", "topic": "", "data": {"timeInStr": "2026-06-17 11:30:05", "timeInNum": 1781717405}}
2026-06-17 11:30:05,511 [INFO] root: > message sent: {"type": "req", "topic": "rt/api/sport/request", "data": {"header": {"identity": {"id": 1453461890, "api_id": 1008}}, "parameter": "{\"x\": 1.0, \"y\": 0, \"z\": 0.009912361680438266}"}}
2026-06-17 11:30:05,519 [INFO] root: Received message on data channel: {"type":"heartbeat"}
2026-06-17 11:30:05,520 [INFO] root: Heartbeat response received.
2026-06-17 11:30:05,521 [INFO] root: Received message on data channel: {"type":"res","topic":"rt/api/sport/response","data":{"header":{"identity":{"api_id":1008,"id":1453461890},"status":{"code":0}},"data":""}}
2026-06-17 11:30:05,623 [INFO] root: > message sent: {"type": "req", "topic": "rt/api/sport/request", "data": {"header": {"identity": {"id": 1453461806, "api_id": 1008}}, "parameter": "{\"x\": 1.0, \"y\": 0, \"z\": 0.017519646666238484}"}}
2026-06-17 11:30:05,637 [INFO] root: Received message on data channel: {"type":"res","topic":"rt/api/sport/response","data":{"header":{"identity":{"api_id":1008,"id":1453461806},"status":{"code":0}},"data":""}}
2026-06-17 11:30:05,740 [INFO] root: > message sent: {"type": "req", "topic": "rt/api/sport/request", "data": {"header": {"identity": {"id": 1453462199, "api_id": 1008}}, "parameter": "{\"x\": 1.0, \"y\": 0, \"z\": 0.017519646666238484}"}}
2026-06-17 11:30:06,471 [INFO] root: Received message on data channel: {"type":"res","topic":"rt/api/sport/response","data":{"header":{"identity":{"api_id":1008,"id":1453462199},"status":{"code":0}},"data":""}}
2026-06-17 11:30:06,576 [INFO] go2_survey.vision.frames: Captured frame | 1280x720 | age=0.586s | corrupt=False Δtarget=-0.007s
2026-06-17 11:30:06,644 [INFO] go2_survey.vision.geotag: Wrote geotagged capture: leg03_m009_b166_2026-06-17T11-30-06.jpg + leg03_m009_b166_2026-06-17T11-30-06.json
2026-06-17 11:30:06,645 [INFO] go2_survey.navigator: ------------------------------------------------------------
2026-06-17 11:30:06,645 [INFO] go2_survey.navigator: ------------ CAPTURE leg03 mark 9 @ 9.0m | n=1 -------------
2026-06-17 11:30:06,645 [INFO] go2_survey.navigator: ------------------------------------------------------------
2026-06-17 11:30:06,646 [INFO] root: > message sent: {"type": "req", "topic": "rt/api/sport/request", "data": {"header": {"identity": {"id": 1453462911, "api_id": 1008}}, "parameter": "{\"x\": 1.0, \"y\": 0, \"z\": -0.009708815223042962}"}}
2026-06-17 11:30:06,677 [INFO] root: Received message on data channel: {"type":"res","topic":"rt/api/sport/response","data":{"header":{"identity":{"api_id":1008,"id":1453462911},"status":{"code":0}},"data":""}}
2026-06-17 11:30:06,786 [INFO] root: > message sent: {"type": "req", "topic": "rt/api/sport/request", "data": {"header": {"identity": {"id": 1453462958, "api_id": 1008}}, "parameter": "{\"x\": 1.0, \"y\": 0, \"z\": 0.007441838915414109}"}}
2026-06-17 11:30:06,852 [INFO] root: Received message on data channel: {"type":"res","topic":"rt/api/sport/response","data":{"header":{"identity":{"api_id":1008,"id":1453462958},"status":{"code":0}},"data":""}}
2026-06-17 11:30:06,954 [INFO] go2_survey.navigator: IMU RUNNING RECAL | offset 33.0° (fresh 28.9°, Δ -0.16°)
2026-06-17 11:30:06,956 [INFO] root: > message sent: {"type": "req", "topic": "rt/api/sport/request", "data": {"header": {"identity": {"id": 1453463370, "api_id": 1008}}, "parameter": "{\"x\": 1.0, \"y\": 0, \"z\": -0.014567898144886158}"}}
2026-06-17 11:30:06,971 [INFO] root: Received message on data channel: {"type":"res","topic":"rt/api/sport/response","data":{"header":{"identity":{"api_id":1008,"id":1453463370},"status":{"code":0}},"data":""}}
2026-06-17 11:30:07,074 [INFO] go2_survey.vision.frames: Captured frame | 1280x720 | age=0.021s | corrupt=False Δtarget=+0.025s
2026-06-17 11:30:07,158 [INFO] go2_survey.vision.geotag: Wrote geotagged capture: leg03_m010_b166_2026-06-17T11-30-07.jpg + leg03_m010_b166_2026-06-17T11-30-07.json
2026-06-17 11:30:07,159 [INFO] go2_survey.navigator: ------------------------------------------------------------
2026-06-17 11:30:07,159 [INFO] go2_survey.navigator: ----------- CAPTURE leg03 mark 10 @ 10.0m | n=1 ------------
2026-06-17 11:30:07,159 [INFO] go2_survey.navigator: ------------------------------------------------------------
2026-06-17 11:30:07,161 [INFO] root: > message sent: {"type": "req", "topic": "rt/api/sport/request", "data": {"header": {"identity": {"id": 1453463589, "api_id": 1008}}, "parameter": "{\"x\": 1.0, \"y\": 0, \"z\": -0.016081648365963017}"}}
2026-06-17 11:30:07,205 [INFO] root: Received message on data channel: {"type":"res","topic":"rt/api/sport/response","data":{"header":{"identity":{"api_id":1008,"id":1453463589},"status":{"code":0}},"data":""}}
2026-06-17 11:30:07,308 [INFO] root: > message sent: {"type": "req", "topic": "rt/api/sport/request", "data": {"header": {"identity": {"id": 1453464059, "api_id": 1008}}, "parameter": "{\"x\": 1.0, \"y\": 0, \"z\": -0.011586474019974275}"}}
2026-06-17 11:30:07,334 [INFO] root: Received message on data channel: {"type":"res","topic":"rt/api/sport/response","data":{"header":{"identity":{"api_id":1008,"id":1453464059},"status":{"code":0}},"data":""}}
2026-06-17 11:30:07,336 [INFO] go2_survey.navigator: NAV [cross_track] leg03 | along=10.3/50.7m cross=0.00m hdg_err=0.8° cog=166° fix=6
2026-06-17 11:30:07,439 [INFO] root: > message sent: {"type": "req", "topic": "rt/api/sport/request", "data": {"header": {"identity": {"id": 1453464180, "api_id": 1008}}, "parameter": "{\"x\": 1.0, \"y\": 0, \"z\": -0.01720233937954845}"}}
2026-06-17 11:30:07,450 [INFO] root: Received message on data channel: {"type":"res","topic":"rt/api/sport/response","data":{"header":{"identity":{"api_id":1008,"id":1453464180},"status":{"code":0}},"data":""}}
2026-06-17 11:30:07,510 [INFO] root: > message sent: {"type": "heartbeat", "topic": "", "data": {"timeInStr": "2026-06-17 11:30:07", "timeInNum": 1781717407}}
2026-06-17 11:30:07,551 [INFO] root: > message sent: {"type": "req", "topic": "rt/api/sport/request", "data": {"header": {"identity": {"id": 1453464264, "api_id": 1008}}, "parameter": "{\"x\": 1.0, \"y\": 0, \"z\": -0.01720233937954845}"}}
2026-06-17 11:30:08,619 [INFO] root: Received message on data channel: {"type":"heartbeat"}
2026-06-17 11:30:08,620 [INFO] root: Heartbeat response received.
2026-06-17 11:30:08,650 [INFO] root: Received message on data channel: {"type":"res","topic":"rt/api/sport/response","data":{"header":{"identity":{"api_id":1008,"id":1453464264},"status":{"code":0}},"data":""}}
2026-06-17 11:30:08,754 [INFO] go2_survey.vision.frames: Captured frame | 1280x720 | age=0.583s | corrupt=False Δtarget=-0.023s
2026-06-17 11:30:08,812 [INFO] go2_survey.vision.geotag: Wrote geotagged capture: leg03_m011_b166_2026-06-17T11-30-08.jpg + leg03_m011_b166_2026-06-17T11-30-08.json
2026-06-17 11:30:08,812 [INFO] go2_survey.navigator: ------------------------------------------------------------
2026-06-17 11:30:08,813 [INFO] go2_survey.navigator: ----------- CAPTURE leg03 mark 11 @ 11.0m | n=1 ------------
2026-06-17 11:30:08,813 [INFO] go2_survey.navigator: ------------------------------------------------------------
2026-06-17 11:30:08,814 [INFO] root: > message sent: {"type": "req", "topic": "rt/api/sport/request", "data": {"header": {"identity": {"id": 1453465095, "api_id": 1008}}, "parameter": "{\"x\": 1.0, \"y\": 0, \"z\": 0.0030174726728665743}"}}
2026-06-17 11:30:09,242 [INFO] root: Received message on data channel: {"type":"res","topic":"rt/api/sport/response","data":{"header":{"identity":{"api_id":1008,"id":1453465095},"status":{"code":0}},"data":""}}
2026-06-17 11:30:09,346 [INFO] go2_survey.vision.frames: Captured frame | 1280x720 | age=0.061s | corrupt=False Δtarget=-0.051s
2026-06-17 11:30:09,412 [INFO] go2_survey.vision.geotag: Wrote geotagged capture: leg03_m012_b166_2026-06-17T11-30-09.jpg + leg03_m012_b166_2026-06-17T11-30-09.json
2026-06-17 11:30:09,412 [INFO] go2_survey.navigator: ------------------------------------------------------------
2026-06-17 11:30:09,412 [INFO] go2_survey.navigator: ----------- CAPTURE leg03 mark 12 @ 12.0m | n=1 ------------
2026-06-17 11:30:09,412 [INFO] go2_survey.navigator: ------------------------------------------------------------
2026-06-17 11:30:09,414 [INFO] root: > message sent: {"type": "req", "topic": "rt/api/sport/request", "data": {"header": {"identity": {"id": 1453466135, "api_id": 1008}}, "parameter": "{\"x\": 1.0, \"y\": 0, \"z\": 0.04823241967786884}"}}
2026-06-17 11:30:09,496 [INFO] root: Received message on data channel: {"type":"res","topic":"rt/api/sport/response","data":{"header":{"identity":{"api_id":1008,"id":1453466135},"status":{"code":0}},"data":""}}
2026-06-17 11:30:09,498 [INFO] go2_survey.navigator: NAV [cross_track] leg03 | along=12.0/50.7m cross=0.06m hdg_err=-3.2° cog=169° fix=6
2026-06-17 11:30:09,512 [INFO] root: > message sent: {"type": "heartbeat", "topic": "", "data": {"timeInStr": "2026-06-17 11:30:09", "timeInNum": 1781717409}}
2026-06-17 11:30:09,569 [INFO] root: Received message on data channel: {"type":"heartbeat"}
2026-06-17 11:30:09,569 [INFO] root: Heartbeat response received.
2026-06-17 11:30:09,601 [INFO] root: > message sent: {"type": "req", "topic": "rt/api/sport/request", "data": {"header": {"identity": {"id": 1453465516, "api_id": 1008}}, "parameter": "{\"x\": 1.0, \"y\": 0, \"z\": 0.04923445248940538}"}}
2026-06-17 11:30:09,617 [INFO] root: Received message on data channel: {"type":"res","topic":"rt/api/sport/response","data":{"header":{"identity":{"api_id":1008,"id":1453465516},"status":{"code":0}},"data":""}}
2026-06-17 11:30:09,719 [INFO] root: > message sent: {"type": "req", "topic": "rt/api/sport/request", "data": {"header": {"identity": {"id": 1453466337, "api_id": 1008}}, "parameter": "{\"x\": 1.0, \"y\": 0, \"z\": 0.04923445248940538}"}}
2026-06-17 11:30:09,758 [INFO] root: Received message on data channel: {"type":"res","topic":"rt/api/sport/response","data":{"header":{"identity":{"api_id":1008,"id":1453466337},"status":{"code":0}},"data":""}}
2026-06-17 11:30:09,861 [INFO] root: > message sent: {"type": "req", "topic": "rt/api/sport/request", "data": {"header": {"identity": {"id": 1453466080, "api_id": 1008}}, "parameter": "{\"x\": 1.0, \"y\": 0, \"z\": 0.06700599145858348}"}}
2026-06-17 11:30:09,894 [INFO] root: Received message on data channel: {"type":"res","topic":"rt/api/sport/response","data":{"header":{"identity":{"api_id":1008,"id":1453466080},"status":{"code":0}},"data":""}}
2026-06-17 11:30:09,996 [INFO] root: > message sent: {"type": "req", "topic": "rt/api/sport/request", "data": {"header": {"identity": {"id": 1453466711, "api_id": 1008}}, "parameter": "{\"x\": 1.0, \"y\": 0, \"z\": 0.0739761313675126}"}}
2026-06-17 11:30:10,049 [INFO] root: Received message on data channel: {"type":"res","topic":"rt/api/sport/response","data":{"header":{"identity":{"api_id":1008,"id":1453466711},"status":{"code":0}},"data":""}}
2026-06-17 11:30:10,152 [INFO] root: > message sent: {"type": "req", "topic": "rt/api/sport/request", "data": {"header": {"identity": {"id": 1453466065, "api_id": 1008}}, "parameter": "{\"x\": 1.0, \"y\": 0, \"z\": 0.0739761313675126}"}}
2026-06-17 11:30:10,172 [INFO] root: Received message on data channel: {"type":"res","topic":"rt/api/sport/response","data":{"header":{"identity":{"api_id":1008,"id":1453466065},"status":{"code":0}},"data":""}}
2026-06-17 11:30:10,280 [INFO] root: > message sent: {"type": "req", "topic": "rt/api/sport/request", "data": {"header": {"identity": {"id": 1453466913, "api_id": 1008}}, "parameter": "{\"x\": 1.0, \"y\": 0, \"z\": 0.07240308607558177}"}}
2026-06-17 11:30:10,410 [INFO] root: Received message on data channel: {"type":"res","topic":"rt/api/sport/response","data":{"header":{"identity":{"api_id":1008,"id":1453466913},"status":{"code":0}},"data":""}}
2026-06-17 11:30:10,514 [INFO] go2_survey.vision.frames: Captured frame | 1280x720 | age=0.078s | corrupt=False Δtarget=+0.021s
2026-06-17 11:30:10,592 [INFO] go2_survey.vision.geotag: Wrote geotagged capture: leg03_m013_b166_2026-06-17T11-30-10.jpg + leg03_m013_b166_2026-06-17T11-30-10.json
2026-06-17 11:30:10,592 [INFO] go2_survey.navigator: ------------------------------------------------------------
2026-06-17 11:30:10,593 [INFO] go2_survey.navigator: ----------- CAPTURE leg03 mark 13 @ 13.0m | n=1 ------------
2026-06-17 11:30:10,593 [INFO] go2_survey.navigator: ------------------------------------------------------------
2026-06-17 11:30:10,594 [INFO] root: > message sent: {"type": "req", "topic": "rt/api/sport/request", "data": {"header": {"identity": {"id": 1453466688, "api_id": 1008}}, "parameter": "{\"x\": 1.0, \"y\": 0, \"z\": 0.027137876427990475}"}}
2026-06-17 11:30:10,627 [INFO] root: Received message on data channel: {"type":"res","topic":"rt/api/sport/response","data":{"header":{"identity":{"api_id":1008,"id":1453466688},"status":{"code":0}},"data":""}}
2026-06-17 11:30:10,730 [INFO] root: > message sent: {"type": "req", "topic": "rt/api/sport/request", "data": {"header": {"identity": {"id": 1453467099, "api_id": 1008}}, "parameter": "{\"x\": 1.0, \"y\": 0, \"z\": 0.032936315574877424}"}}
2026-06-17 11:30:10,745 [INFO] root: Received message on data channel: {"type":"res","topic":"rt/api/sport/response","data":{"header":{"identity":{"api_id":1008,"id":1453467099},"status":{"code":0}},"data":""}}
2026-06-17 11:30:10,848 [INFO] root: > message sent: {"type": "req", "topic": "rt/api/sport/request", "data": {"header": {"identity": {"id": 1453467094, "api_id": 1008}}, "parameter": "{\"x\": 1.0, \"y\": 0, \"z\": 0.034372008935369534}"}}
2026-06-17 11:30:10,888 [INFO] root: Received message on data channel: {"type":"res","topic":"rt/api/sport/response","data":{"header":{"identity":{"api_id":1008,"id":1453467094},"status":{"code":0}},"data":""}}
2026-06-17 11:30:10,992 [INFO] root: > message sent: {"type": "req", "topic": "rt/api/sport/request", "data": {"header": {"identity": {"id": 1453467385, "api_id": 1008}}, "parameter": "{\"x\": 1.0, \"y\": 0, \"z\": 0.034372008935369534}"}}
2026-06-17 11:30:11,015 [INFO] root: Received message on data channel: {"type":"res","topic":"rt/api/sport/response","data":{"header":{"identity":{"api_id":1008,"id":1453467385},"status":{"code":0}},"data":""}}
2026-06-17 11:30:11,117 [INFO] root: > message sent: {"type": "req", "topic": "rt/api/sport/request", "data": {"header": {"identity": {"id": 1453467143, "api_id": 1008}}, "parameter": "{\"x\": 1.0, \"y\": 0, \"z\": 0.024765023565439036}"}}
2026-06-17 11:30:11,158 [INFO] root: Received message on data channel: {"type":"res","topic":"rt/api/sport/response","data":{"header":{"identity":{"api_id":1008,"id":1453467143},"status":{"code":0}},"data":""}}
2026-06-17 11:30:11,263 [INFO] root: > message sent: {"type": "req", "topic": "rt/api/sport/request", "data": {"header": {"identity": {"id": 1453467095, "api_id": 1008}}, "parameter": "{\"x\": 1.0, \"y\": 0, \"z\": 0.01358499387663869}"}}
2026-06-17 11:30:11,309 [INFO] root: Received message on data channel: {"type":"res","topic":"rt/api/sport/response","data":{"header":{"identity":{"api_id":1008,"id":1453467095},"status":{"code":0}},"data":""}}
2026-06-17 11:30:11,352 [INFO] go2_survey.health: HEALTH  batt 90% -14.2A ~50min · motors 53°C max RR_thigh ▲1.8°/min
2026-06-17 11:30:11,411 [INFO] go2_survey.vision.frames: Captured frame | 1280x720 | age=0.018s | corrupt=False Δtarget=-0.016s
2026-06-17 11:30:11,480 [INFO] go2_survey.vision.geotag: Wrote geotagged capture: leg03_m014_b166_2026-06-17T11-30-11.jpg + leg03_m014_b166_2026-06-17T11-30-11.json
2026-06-17 11:30:11,481 [INFO] go2_survey.navigator: ------------------------------------------------------------
2026-06-17 11:30:11,481 [INFO] go2_survey.navigator: ----------- CAPTURE leg03 mark 14 @ 14.0m | n=1 ------------
2026-06-17 11:30:11,481 [INFO] go2_survey.navigator: ------------------------------------------------------------
2026-06-17 11:30:11,482 [INFO] root: > message sent: {"type": "req", "topic": "rt/api/sport/request", "data": {"header": {"identity": {"id": 1453467865, "api_id": 1008}}, "parameter": "{\"x\": 1.0, \"y\": 0, \"z\": 0.01031201925604762}"}}
2026-06-17 11:30:11,521 [INFO] root: > message sent: {"type": "heartbeat", "topic": "", "data": {"timeInStr": "2026-06-17 11:30:11", "timeInNum": 1781717411}}
2026-06-17 11:30:11,534 [INFO] root: Received message on data channel: {"type":"res","topic":"rt/api/sport/response","data":{"header":{"identity":{"api_id":1008,"id":1453467865},"status":{"code":0}},"data":""}}
2026-06-17 11:30:11,536 [INFO] go2_survey.navigator: NAV [cross_track] leg03 | along=14.0/50.7m cross=0.08m hdg_err=-0.7° cog=166° fix=6
2026-06-17 11:30:11,538 [INFO] root: Received message on data channel: {"type":"heartbeat"}
2026-06-17 11:30:11,539 [INFO] root: Heartbeat response received.
2026-06-17 11:30:11,639 [INFO] root: > message sent: {"type": "req", "topic": "rt/api/sport/request", "data": {"header": {"identity": {"id": 1453468298, "api_id": 1008}}, "parameter": "{\"x\": 1.0, \"y\": 0, \"z\": 0.007798313968318098}"}}
2026-06-17 11:30:11,650 [INFO] root: Received message on data channel: {"type":"res","topic":"rt/api/sport/response","data":{"header":{"identity":{"api_id":1008,"id":1453468298},"status":{"code":0}},"data":""}}
2026-06-17 11:30:11,752 [INFO] root: > message sent: {"type": "req", "topic": "rt/api/sport/request", "data": {"header": {"identity": {"id": 1453467875, "api_id": 1008}}, "parameter": "{\"x\": 1.0, \"y\": 0, \"z\": 0.007798313968318098}"}}
2026-06-17 11:30:11,801 [INFO] root: Received message on data channel: {"type":"res","topic":"rt/api/sport/response","data":{"header":{"identity":{"api_id":1008,"id":1453467875},"status":{"code":0}},"data":""}}
2026-06-17 11:30:11,904 [INFO] root: > message sent: {"type": "req", "topic": "rt/api/sport/request", "data": {"header": {"identity": {"id": 1453467907, "api_id": 1008}}, "parameter": "{\"x\": 1.0, \"y\": 0, \"z\": -0.0024742378687773224}"}}
2026-06-17 11:30:11,936 [INFO] root: Received message on data channel: {"type":"res","topic":"rt/api/sport/response","data":{"header":{"identity":{"api_id":1008,"id":1453467907},"status":{"code":0}},"data":""}}
2026-06-17 11:30:12,040 [INFO] go2_survey.navigator: IMU RUNNING RECAL | offset 32.4° (fresh 29.2°, Δ -0.01°)
2026-06-17 11:30:12,041 [INFO] root: > message sent: {"type": "req", "topic": "rt/api/sport/request", "data": {"header": {"identity": {"id": 1453468007, "api_id": 1008}}, "parameter": "{\"x\": 1.0, \"y\": 0, \"z\": -0.011520716364813666}"}}
2026-06-17 11:30:12,069 [INFO] root: Received message on data channel: {"type":"res","topic":"rt/api/sport/response","data":{"header":{"identity":{"api_id":1008,"id":1453468007},"status":{"code":0}},"data":""}}
2026-06-17 11:30:12,171 [INFO] root: > message sent: {"type": "req", "topic": "rt/api/sport/request", "data": {"header": {"identity": {"id": 1453468788, "api_id": 1008}}, "parameter": "{\"x\": 1.0, \"y\": 0, \"z\": -0.011520716364813666}"}}
2026-06-17 11:30:12,209 [INFO] root: Received message on data channel: {"type":"res","topic":"rt/api/sport/response","data":{"header":{"identity":{"api_id":1008,"id":1453468788},"status":{"code":0}},"data":""}}
2026-06-17 11:30:12,319 [INFO] root: > message sent: {"type": "req", "topic": "rt/api/sport/request", "data": {"header": {"identity": {"id": 1453468883, "api_id": 1008}}, "parameter": "{\"x\": 1.0, \"y\": 0, \"z\": -0.012324117934332435}"}}
2026-06-17 11:30:12,358 [INFO] root: Received message on data channel: {"type":"res","topic":"rt/api/sport/response","data":{"header":{"identity":{"api_id":1008,"id":1453468883},"status":{"code":0}},"data":""}}
2026-06-17 11:30:12,465 [INFO] root: > message sent: {"type": "req", "topic": "rt/api/sport/request", "data": {"header": {"identity": {"id": 1453468654, "api_id": 1008}}, "parameter": "{\"x\": 1.0, \"y\": 0, \"z\": -0.014079037802657126}"}}
2026-06-17 11:30:12,490 [INFO] root: Received message on data channel: {"type":"res","topic":"rt/api/sport/response","data":{"header":{"identity":{"api_id":1008,"id":1453468654},"status":{"code":0}},"data":""}}
2026-06-17 11:30:12,593 [INFO] root: > message sent: {"type": "req", "topic": "rt/api/sport/request", "data": {"header": {"identity": {"id": 1453468435, "api_id": 1008}}, "parameter": "{\"x\": 1.0, \"y\": 0, \"z\": -0.014079037802657126}"}}
2026-06-17 11:30:12,623 [INFO] root: Received message on data channel: {"type":"res","topic":"rt/api/sport/response","data":{"header":{"identity":{"api_id":1008,"id":1453468435},"status":{"code":0}},"data":""}}
2026-06-17 11:30:12,725 [INFO] go2_survey.vision.frames: Captured frame | 1280x720 | age=0.077s | corrupt=False Δtarget=+0.006s
2026-06-17 11:30:12,806 [INFO] go2_survey.vision.geotag: Wrote geotagged capture: leg03_m015_b166_2026-06-17T11-30-12.jpg + leg03_m015_b166_2026-06-17T11-30-12.json
2026-06-17 11:30:12,807 [INFO] go2_survey.navigator: ------------------------------------------------------------
2026-06-17 11:30:12,807 [INFO] go2_survey.navigator: ----------- CAPTURE leg03 mark 15 @ 15.0m | n=1 ------------
2026-06-17 11:30:12,807 [INFO] go2_survey.navigator: ------------------------------------------------------------
2026-06-17 11:30:12,809 [INFO] root: > message sent: {"type": "req", "topic": "rt/api/sport/request", "data": {"header": {"identity": {"id": 1453468723, "api_id": 1008}}, "parameter": "{\"x\": 1.0, \"y\": 0, \"z\": -0.023457930894331867}"}}
2026-06-17 11:30:12,842 [INFO] root: Received message on data channel: {"type":"res","topic":"rt/api/sport/response","data":{"header":{"identity":{"api_id":1008,"id":1453468723},"status":{"code":0}},"data":""}}
2026-06-17 11:30:12,947 [INFO] root: > message sent: {"type": "req", "topic": "rt/api/sport/request", "data": {"header": {"identity": {"id": 1453469667, "api_id": 1008}}, "parameter": "{\"x\": 1.0, \"y\": 0, \"z\": -0.019600196222659745}"}}
2026-06-17 11:30:12,976 [INFO] root: Received message on data channel: {"type":"res","topic":"rt/api/sport/response","data":{"header":{"identity":{"api_id":1008,"id":1453469667},"status":{"code":0}},"data":""}}
2026-06-17 11:30:13,081 [INFO] root: > message sent: {"type": "req", "topic": "rt/api/sport/request", "data": {"header": {"identity": {"id": 1453469703, "api_id": 1008}}, "parameter": "{\"x\": 1.0, \"y\": 0, \"z\": -0.004856182919301091}"}}
2026-06-17 11:30:13,147 [INFO] root: Received message on data channel: {"type":"res","topic":"rt/api/sport/response","data":{"header":{"identity":{"api_id":1008,"id":1453469703},"status":{"code":0}},"data":""}}
2026-06-17 11:30:13,251 [INFO] root: > message sent: {"type": "req", "topic": "rt/api/sport/request", "data": {"header": {"identity": {"id": 1453470017, "api_id": 1008}}, "parameter": "{\"x\": 1.0, \"y\": 0, \"z\": -4.617368273670763e-05}"}}
2026-06-17 11:30:13,261 [INFO] root: Received message on data channel: {"type":"res","topic":"rt/api/sport/response","data":{"header":{"identity":{"api_id":1008,"id":1453470017},"status":{"code":0}},"data":""}}
2026-06-17 11:30:13,364 [INFO] root: > message sent: {"type": "req", "topic": "rt/api/sport/request", "data": {"header": {"identity": {"id": 1453469764, "api_id": 1008}}, "parameter": "{\"x\": 1.0, \"y\": 0, \"z\": -4.617368273670763e-05}"}}
2026-06-17 11:30:13,396 [INFO] root: Received message on data channel: {"type":"res","topic":"rt/api/sport/response","data":{"header":{"identity":{"api_id":1008,"id":1453469764},"status":{"code":0}},"data":""}}
2026-06-17 11:30:13,501 [INFO] root: > message sent: {"type": "req", "topic": "rt/api/sport/request", "data": {"header": {"identity": {"id": 1453470248, "api_id": 1008}}, "parameter": "{\"x\": 1.0, \"y\": 0, \"z\": 0.021360121531918706}"}}
2026-06-17 11:30:13,524 [INFO] root: > message sent: {"type": "heartbeat", "topic": "", "data": {"timeInStr": "2026-06-17 11:30:13", "timeInNum": 1781717413}}
2026-06-17 11:30:13,541 [INFO] root: Received message on data channel: {"type":"res","topic":"rt/api/sport/response","data":{"header":{"identity":{"api_id":1008,"id":1453470248},"status":{"code":0}},"data":""}}
2026-06-17 11:30:13,543 [INFO] go2_survey.navigator: NAV [cross_track] leg03 | along=15.8/50.7m cross=0.06m hdg_err=-1.4° cog=168° fix=6
2026-06-17 11:30:13,544 [INFO] root: Received message on data channel: {"type":"heartbeat"}
2026-06-17 11:30:13,545 [INFO] root: Heartbeat response received.
2026-06-17 11:30:13,644 [INFO] go2_survey.vision.frames: Captured frame | 1280x720 | age=0.013s | corrupt=False Δtarget=+0.008s
2026-06-17 11:30:13,714 [INFO] go2_survey.vision.geotag: Wrote geotagged capture: leg03_m016_b166_2026-06-17T11-30-13.jpg + leg03_m016_b166_2026-06-17T11-30-13.json
2026-06-17 11:30:13,715 [INFO] go2_survey.navigator: ------------------------------------------------------------
2026-06-17 11:30:13,715 [INFO] go2_survey.navigator: ----------- CAPTURE leg03 mark 16 @ 16.0m | n=1 ------------
2026-06-17 11:30:13,715 [INFO] go2_survey.navigator: ------------------------------------------------------------
2026-06-17 11:30:13,717 [INFO] root: > message sent: {"type": "req", "topic": "rt/api/sport/request", "data": {"header": {"identity": {"id": 1453469755, "api_id": 1008}}, "parameter": "{\"x\": 1.0, \"y\": 0, \"z\": 0.02098277818081101}"}}
2026-06-17 11:30:13,769 [INFO] root: Received message on data channel: {"type":"res","topic":"rt/api/sport/response","data":{"header":{"identity":{"api_id":1008,"id":1453469755},"status":{"code":0}},"data":""}}
2026-06-17 11:30:13,873 [INFO] root: > message sent: {"type": "req", "topic": "rt/api/sport/request", "data": {"header": {"identity": {"id": 1453470499, "api_id": 1008}}, "parameter": "{\"x\": 1.0, \"y\": 0, \"z\": 0.02193586321511475}"}}
2026-06-17 11:30:13,910 [INFO] root: Received message on data channel: {"type":"res","topic":"rt/api/sport/response","data":{"header":{"identity":{"api_id":1008,"id":1453470499},"status":{"code":0}},"data":""}}
2026-06-17 11:30:14,014 [INFO] root: > message sent: {"type": "req", "topic": "rt/api/sport/request", "data": {"header": {"identity": {"id": 1453470315, "api_id": 1008}}, "parameter": "{\"x\": 1.0, \"y\": 0, \"z\": 0.028012908234455836}"}}
2026-06-17 11:30:14,045 [INFO] root: Received message on data channel: {"type":"res","topic":"rt/api/sport/response","data":{"header":{"identity":{"api_id":1008,"id":1453470315},"status":{"code":0}},"data":""}}
2026-06-17 11:30:14,149 [INFO] root: > message sent: {"type": "req", "topic": "rt/api/sport/request", "data": {"header": {"identity": {"id": 1453470225, "api_id": 1008}}, "parameter": "{\"x\": 1.0, \"y\": 0, \"z\": 0.028012908234455836}"}}
2026-06-17 11:30:14,167 [INFO] root: Received message on data channel: {"type":"res","topic":"rt/api/sport/response","data":{"header":{"identity":{"api_id":1008,"id":1453470225},"status":{"code":0}},"data":""}}
2026-06-17 11:30:14,271 [INFO] root: > message sent: {"type": "req", "topic": "rt/api/sport/request", "data": {"header": {"identity": {"id": 1453470234, "api_id": 1008}}, "parameter": "{\"x\": 1.0, \"y\": 0, \"z\": 0.01842820372132394}"}}
2026-06-17 11:30:14,305 [INFO] root: Received message on data channel: {"type":"res","topic":"rt/api/sport/response","data":{"header":{"identity":{"api_id":1008,"id":1453470234},"status":{"code":0}},"data":""}}
2026-06-17 11:30:14,408 [INFO] root: > message sent: {"type": "req", "topic": "rt/api/sport/request", "data": {"header": {"identity": {"id": 1453470566, "api_id": 1008}}, "parameter": "{\"x\": 1.0, \"y\": 0, \"z\": 0.006694021568965809}"}}
2026-06-17 11:30:14,442 [INFO] root: Received message on data channel: {"type":"res","topic":"rt/api/sport/response","data":{"header":{"identity":{"api_id":1008,"id":1453470566},"status":{"code":0}},"data":""}}
2026-06-17 11:30:14,550 [INFO] root: > message sent: {"type": "req", "topic": "rt/api/sport/request", "data": {"header": {"identity": {"id": 1453470741, "api_id": 1008}}, "parameter": "{\"x\": 1.0, \"y\": 0, \"z\": 0.006694021568965809}"}}
2026-06-17 11:30:14,582 [INFO] root: Received message on data channel: {"type":"res","topic":"rt/api/sport/response","data":{"header":{"identity":{"api_id":1008,"id":1453470741},"status":{"code":0}},"data":""}}
2026-06-17 11:30:14,685 [INFO] root: > message sent: {"type": "req", "topic": "rt/api/sport/request", "data": {"header": {"identity": {"id": 1453471116, "api_id": 1008}}, "parameter": "{\"x\": 1.0, \"y\": 0, \"z\": -0.00582016935595334}"}}
2026-06-17 11:30:14,697 [INFO] root: Received message on data channel: {"type":"res","topic":"rt/api/sport/response","data":{"header":{"identity":{"api_id":1008,"id":1453471116},"status":{"code":0}},"data":""}}
2026-06-17 11:30:14,799 [INFO] root: > message sent: {"type": "req", "topic": "rt/api/sport/request", "data": {"header": {"identity": {"id": 1453471476, "api_id": 1008}}, "parameter": "{\"x\": 1.0, \"y\": 0, \"z\": -0.00582016935595334}"}}
2026-06-17 11:30:14,897 [INFO] root: Received message on data channel: {"type":"res","topic":"rt/api/sport/response","data":{"header":{"identity":{"api_id":1008,"id":1453471476},"status":{"code":0}},"data":""}}
2026-06-17 11:30:15,000 [INFO] go2_survey.vision.frames: Captured frame | 1280x720 | age=0.157s | corrupt=False Δtarget=+0.005s
2026-06-17 11:30:15,065 [INFO] go2_survey.vision.geotag: Wrote geotagged capture: leg03_m017_b166_2026-06-17T11-30-15.jpg + leg03_m017_b166_2026-06-17T11-30-15.json
2026-06-17 11:30:15,065 [INFO] go2_survey.navigator: ------------------------------------------------------------
2026-06-17 11:30:15,065 [INFO] go2_survey.navigator: ----------- CAPTURE leg03 mark 17 @ 17.0m | n=1 ------------
2026-06-17 11:30:15,066 [INFO] go2_survey.navigator: ------------------------------------------------------------
2026-06-17 11:30:15,067 [INFO] root: > message sent: {"type": "req", "topic": "rt/api/sport/request", "data": {"header": {"identity": {"id": 1453471575, "api_id": 1008}}, "parameter": "{\"x\": 1.0, \"y\": 0, \"z\": 0.007456558179808326}"}}
2026-06-17 11:30:15,102 [INFO] root: Received message on data channel: {"type":"res","topic":"rt/api/sport/response","data":{"header":{"identity":{"api_id":1008,"id":1453471575},"status":{"code":0}},"data":""}}
2026-06-17 11:30:15,205 [INFO] root: > message sent: {"type": "req", "topic": "rt/api/sport/request", "data": {"header": {"identity": {"id": 1453471527, "api_id": 1008}}, "parameter": "{\"x\": 1.0, \"y\": 0, \"z\": 0.007456558179808326}"}}
2026-06-17 11:30:15,235 [INFO] root: Received message on data channel: {"type":"res","topic":"rt/api/sport/response","data":{"header":{"identity":{"api_id":1008,"id":1453471527},"status":{"code":0}},"data":""}}
2026-06-17 11:30:15,339 [INFO] root: > message sent: {"type": "req", "topic": "rt/api/sport/request", "data": {"header": {"identity": {"id": 1453471703, "api_id": 1008}}, "parameter": "{\"x\": 1.0, \"y\": 0, \"z\": 0.0031873223740029742}"}}
2026-06-17 11:30:15,369 [INFO] root: Received message on data channel: {"type":"res","topic":"rt/api/sport/response","data":{"header":{"identity":{"api_id":1008,"id":1453471703},"status":{"code":0}},"data":""}}
2026-06-17 11:30:15,472 [INFO] root: > message sent: {"type": "req", "topic": "rt/api/sport/request", "data": {"header": {"identity": {"id": 1453471458, "api_id": 1008}}, "parameter": "{\"x\": 1.0, \"y\": 0, \"z\": -0.009511972161438962}"}}
2026-06-17 11:30:15,522 [INFO] root: Received message on data channel: {"type":"res","topic":"rt/api/sport/response","data":{"header":{"identity":{"api_id":1008,"id":1453471458},"status":{"code":0}},"data":""}}
2026-06-17 11:30:15,532 [INFO] root: > message sent: {"type": "heartbeat", "topic": "", "data": {"timeInStr": "2026-06-17 11:30:15", "timeInNum": 1781717415}}
2026-06-17 11:30:15,541 [INFO] root: Received message on data channel: {"type":"heartbeat"}
2026-06-17 11:30:15,541 [INFO] root: Heartbeat response received.
2026-06-17 11:30:15,626 [INFO] root: > message sent: {"type": "req", "topic": "rt/api/sport/request", "data": {"header": {"identity": {"id": 1453472019, "api_id": 1008}}, "parameter": "{\"x\": 1.0, \"y\": 0, \"z\": 0.0031280209945271052}"}}
2026-06-17 11:30:15,672 [INFO] root: Received message on data channel: {"type":"res","topic":"rt/api/sport/response","data":{"header":{"identity":{"api_id":1008,"id":1453472019},"status":{"code":0}},"data":""}}
2026-06-17 11:30:15,674 [INFO] go2_survey.navigator: NAV [cross_track] leg03 | along=17.8/50.7m cross=0.04m hdg_err=-0.2° cog=167° fix=6
2026-06-17 11:30:15,776 [INFO] root: > message sent: {"type": "req", "topic": "rt/api/sport/request", "data": {"header": {"identity": {"id": 1453471931, "api_id": 1008}}, "parameter": "{\"x\": 1.0, \"y\": 0, \"z\": 0.0031280209945271052}"}}
2026-06-17 11:30:15,874 [INFO] root: Received message on data channel: {"type":"res","topic":"rt/api/sport/response","data":{"header":{"identity":{"api_id":1008,"id":1453471931},"status":{"code":0}},"data":""}}
2026-06-17 11:30:15,951 [INFO] root: Received message on data channel: {"type":"rtc_inner_req","info":{"req_type":"rtt_probe_send_from_mechine","send_time_stamp":1781717415,"uuid":"6695ba03-f040-4186-8313-0425c776aee7"}}
2026-06-17 11:30:15,952 [INFO] root: > message sent: {"type": "rtc_inner_req", "topic": "", "data": {"req_type": "rtt_probe_send_from_mechine", "send_time_stamp": 1781717415, "uuid": "6695ba03-f040-4186-8313-0425c776aee7"}}
2026-06-17 11:30:15,977 [INFO] go2_survey.vision.frames: Captured frame | 1280x720 | age=0.017s | corrupt=False Δtarget=-0.013s
2026-06-17 11:30:16,035 [INFO] go2_survey.vision.geotag: Wrote geotagged capture: leg03_m018_b166_2026-06-17T11-30-15.jpg + leg03_m018_b166_2026-06-17T11-30-15.json
2026-06-17 11:30:16,036 [INFO] go2_survey.navigator: ------------------------------------------------------------
2026-06-17 11:30:16,036 [INFO] go2_survey.navigator: ----------- CAPTURE leg03 mark 18 @ 18.0m | n=1 ------------
2026-06-17 11:30:16,036 [INFO] go2_survey.navigator: ------------------------------------------------------------
2026-06-17 11:30:16,037 [INFO] root: > message sent: {"type": "req", "topic": "rt/api/sport/request", "data": {"header": {"identity": {"id": 1453472609, "api_id": 1008}}, "parameter": "{\"x\": 1.0, \"y\": 0, \"z\": 0.022546170256100027}"}}
2026-06-17 11:30:16,071 [INFO] root: Received message on data channel: {"type":"res","topic":"rt/api/sport/response","data":{"header":{"identity":{"api_id":1008,"id":1453472609},"status":{"code":0}},"data":""}}
2026-06-17 11:30:16,175 [INFO] root: > message sent: {"type": "req", "topic": "rt/api/sport/request", "data": {"header": {"identity": {"id": 1453472005, "api_id": 1008}}, "parameter": "{\"x\": 1.0, \"y\": 0, \"z\": 0.019259852684328962}"}}
2026-06-17 11:30:16,210 [INFO] root: Received message on data channel: {"type":"res","topic":"rt/api/sport/response","data":{"header":{"identity":{"api_id":1008,"id":1453472005},"status":{"code":0}},"data":""}}
2026-06-17 11:30:16,315 [INFO] root: > message sent: {"type": "req", "topic": "rt/api/sport/request", "data": {"header": {"identity": {"id": 1453472514, "api_id": 1008}}, "parameter": "{\"x\": 1.0, \"y\": 0, \"z\": 0.02178270736979243}"}}
2026-06-17 11:30:16,371 [INFO] root: Received message on data channel: {"type":"res","topic":"rt/api/sport/response","data":{"header":{"identity":{"api_id":1008,"id":1453472514},"status":{"code":0}},"data":""}}
2026-06-17 11:30:16,474 [INFO] root: > message sent: {"type": "req", "topic": "rt/api/sport/request", "data": {"header": {"identity": {"id": 1453473076, "api_id": 1008}}, "parameter": "{\"x\": 1.0, \"y\": 0, \"z\": 0.006328937500281882}"}}
2026-06-17 11:30:16,493 [INFO] root: Received message on data channel: {"type":"res","topic":"rt/api/sport/response","data":{"header":{"identity":{"api_id":1008,"id":1453473076},"status":{"code":0}},"data":""}}
2026-06-17 11:30:16,595 [INFO] root: > message sent: {"type": "req", "topic": "rt/api/sport/request", "data": {"header": {"identity": {"id": 1453473117, "api_id": 1008}}, "parameter": "{\"x\": 1.0, \"y\": 0, \"z\": 0.006328937500281882}"}}
2026-06-17 11:30:16,746 [INFO] root: Received message on data channel: {"type":"res","topic":"rt/api/sport/response","data":{"header":{"identity":{"api_id":1008,"id":1453473117},"status":{"code":0}},"data":""}}
2026-06-17 11:30:16,851 [INFO] root: > message sent: {"type": "req", "topic": "rt/api/sport/request", "data": {"header": {"identity": {"id": 1453473622, "api_id": 1008}}, "parameter": "{\"x\": 1.0, \"y\": 0, \"z\": 0.0014476460653293087}"}}
2026-06-17 11:30:16,866 [INFO] root: Received message on data channel: {"type":"res","topic":"rt/api/sport/response","data":{"header":{"identity":{"api_id":1008,"id":1453473622},"status":{"code":0}},"data":""}}
2026-06-17 11:30:16,969 [INFO] root: > message sent: {"type": "req", "topic": "rt/api/sport/request", "data": {"header": {"identity": {"id": 1453473535, "api_id": 1008}}, "parameter": "{\"x\": 1.0, \"y\": 0, \"z\": 0.0014476460653293087}"}}
2026-06-17 11:30:16,978 [INFO] root: Received message on data channel: {"type":"res","topic":"rt/api/sport/response","data":{"header":{"identity":{"api_id":1008,"id":1453473535},"status":{"code":0}},"data":""}}
2026-06-17 11:30:17,080 [INFO] root: > message sent: {"type": "req", "topic": "rt/api/sport/request", "data": {"header": {"identity": {"id": 1453473522, "api_id": 1008}}, "parameter": "{\"x\": 1.0, \"y\": 0, \"z\": 0.027350339699745516}"}}
2026-06-17 11:30:17,128 [INFO] root: Received message on data channel: {"type":"res","topic":"rt/api/sport/response","data":{"header":{"identity":{"api_id":1008,"id":1453473522},"status":{"code":0}},"data":""}}
2026-06-17 11:30:17,231 [INFO] root: > message sent: {"type": "req", "topic": "rt/api/sport/request", "data": {"header": {"identity": {"id": 1453473278, "api_id": 1008}}, "parameter": "{\"x\": 1.0, \"y\": 0, \"z\": 0.009504707246834982}"}}
2026-06-17 11:30:17,263 [INFO] root: Received message on data channel: {"type":"res","topic":"rt/api/sport/response","data":{"header":{"identity":{"api_id":1008,"id":1453473278},"status":{"code":0}},"data":""}}
2026-06-17 11:30:17,370 [INFO] root: > message sent: {"type": "req", "topic": "rt/api/sport/request", "data": {"header": {"identity": {"id": 1453474167, "api_id": 1008}}, "parameter": "{\"x\": 1.0, \"y\": 0, \"z\": 0.009504707246834982}"}}
2026-06-17 11:30:17,396 [INFO] root: Received message on data channel: {"type":"res","topic":"rt/api/sport/response","data":{"header":{"identity":{"api_id":1008,"id":1453474167},"status":{"code":0}},"data":""}}
2026-06-17 11:30:17,500 [INFO] root: > message sent: {"type": "req", "topic": "rt/api/sport/request", "data": {"header": {"identity": {"id": 1453474168, "api_id": 1008}}, "parameter": "{\"x\": 1.0, \"y\": 0, \"z\": 0.004464797773566715}"}}
2026-06-17 11:30:17,533 [INFO] root: > message sent: {"type": "heartbeat", "topic": "", "data": {"timeInStr": "2026-06-17 11:30:17", "timeInNum": 1781717417}}
2026-06-17 11:30:17,556 [INFO] root: Received message on data channel: {"type":"res","topic":"rt/api/sport/response","data":{"header":{"identity":{"api_id":1008,"id":1453474168},"status":{"code":0}},"data":""}}
2026-06-17 11:30:17,558 [INFO] root: Received message on data channel: {"type":"heartbeat"}
2026-06-17 11:30:17,558 [INFO] root: Heartbeat response received.
2026-06-17 11:30:17,659 [INFO] root: > message sent: {"type": "req", "topic": "rt/api/sport/request", "data": {"header": {"identity": {"id": 1453473558, "api_id": 1008}}, "parameter": "{\"x\": 1.0, \"y\": 0, \"z\": 0.004464797773566715}"}}
2026-06-17 11:30:17,689 [INFO] root: Received message on data channel: {"type":"res","topic":"rt/api/sport/response","data":{"header":{"identity":{"api_id":1008,"id":1453473558},"status":{"code":0}},"data":""}}
2026-06-17 11:30:17,690 [INFO] go2_survey.navigator: NAV [cross_track] leg03 | along=18.9/50.7m cross=0.03m hdg_err=-0.3° cog=167° fix=6
2026-06-17 11:30:17,792 [INFO] root: > message sent: {"type": "req", "topic": "rt/api/sport/request", "data": {"header": {"identity": {"id": 1453474004, "api_id": 1008}}, "parameter": "{\"x\": 1.0, \"y\": 0, \"z\": 0.004464797773566715}"}}
2026-06-17 11:30:17,805 [INFO] root: Received message on data channel: {"type":"res","topic":"rt/api/sport/response","data":{"header":{"identity":{"api_id":1008,"id":1453474004},"status":{"code":0}},"data":""}}
2026-06-17 11:30:17,907 [INFO] root: > message sent: {"type": "req", "topic": "rt/api/sport/request", "data": {"header": {"identity": {"id": 1453473839, "api_id": 1008}}, "parameter": "{\"x\": 1.0, \"y\": 0, \"z\": 0.004464797773566715}"}}
2026-06-17 11:30:17,941 [INFO] root: Received message on data channel: {"type":"res","topic":"rt/api/sport/response","data":{"header":{"identity":{"api_id":1008,"id":1453473839},"status":{"code":0}},"data":""}}
2026-06-17 11:30:18,044 [INFO] root: > message sent: {"type": "req", "topic": "rt/api/sport/request", "data": {"header": {"identity": {"id": 1453474444, "api_id": 1008}}, "parameter": "{\"x\": 1.0, \"y\": 0, \"z\": -0.00312490365985127}"}}
2026-06-17 11:30:18,056 [INFO] root: Received message on data channel: {"type":"res","topic":"rt/api/sport/response","data":{"header":{"identity":{"api_id":1008,"id":1453474444},"status":{"code":0}},"data":""}}
2026-06-17 11:30:18,160 [INFO] root: > message sent: {"type": "req", "topic": "rt/api/sport/request", "data": {"header": {"identity": {"id": 1453474382, "api_id": 1008}}, "parameter": "{\"x\": 1.0, \"y\": 0, \"z\": -0.00312490365985127}"}}
2026-06-17 11:30:18,181 [INFO] root: Received message on data channel: {"type":"res","topic":"rt/api/sport/response","data":{"header":{"identity":{"api_id":1008,"id":1453474382},"status":{"code":0}},"data":""}}
2026-06-17 11:30:18,284 [INFO] root: > message sent: {"type": "req", "topic": "rt/api/sport/request", "data": {"header": {"identity": {"id": 1453474266, "api_id": 1008}}, "parameter": "{\"x\": 1.0, \"y\": 0, \"z\": 0.004464797773566715}"}}
2026-06-17 11:30:18,296 [INFO] root: Received message on data channel: {"type":"res","topic":"rt/api/sport/response","data":{"header":{"identity":{"api_id":1008,"id":1453474266},"status":{"code":0}},"data":""}}
2026-06-17 11:30:18,399 [INFO] root: > message sent: {"type": "req", "topic": "rt/api/sport/request", "data": {"header": {"identity": {"id": 1453475065, "api_id": 1008}}, "parameter": "{\"x\": 1.0, \"y\": 0, \"z\": -0.00312490365985127}"}}
2026-06-17 11:30:18,412 [INFO] root: Received message on data channel: {"type":"res","topic":"rt/api/sport/response","data":{"header":{"identity":{"api_id":1008,"id":1453475065},"status":{"code":0}},"data":""}}
2026-06-17 11:30:18,517 [INFO] root: > message sent: {"type": "req", "topic": "rt/api/sport/request", "data": {"header": {"identity": {"id": 1453474958, "api_id": 1008}}, "parameter": "{\"x\": 1.0, \"y\": 0, \"z\": -0.00312490365985127}"}}
2026-06-17 11:30:18,545 [INFO] root: Received message on data channel: {"type":"res","topic":"rt/api/sport/response","data":{"header":{"identity":{"api_id":1008,"id":1453474958},"status":{"code":0}},"data":""}}
2026-06-17 11:30:18,647 [INFO] root: > message sent: {"type": "req", "topic": "rt/api/sport/request", "data": {"header": {"identity": {"id": 1453474619, "api_id": 1008}}, "parameter": "{\"x\": 1.0, \"y\": 0, \"z\": -0.00312490365985127}"}}
2026-06-17 11:30:18,659 [INFO] root: Received message on data channel: {"type":"res","topic":"rt/api/sport/response","data":{"header":{"identity":{"api_id":1008,"id":1453474619},"status":{"code":0}},"data":""}}
2026-06-17 11:30:18,762 [INFO] root: > message sent: {"type": "req", "topic": "rt/api/sport/request", "data": {"header": {"identity": {"id": 1453474822, "api_id": 1008}}, "parameter": "{\"x\": 1.0, \"y\": 0, \"z\": -0.00312490365985127}"}}
2026-06-17 11:30:18,773 [INFO] root: Received message on data channel: {"type":"res","topic":"rt/api/sport/response","data":{"header":{"identity":{"api_id":1008,"id":1453474822},"status":{"code":0}},"data":""}}
2026-06-17 11:30:18,875 [INFO] root: > message sent: {"type": "req", "topic": "rt/api/sport/request", "data": {"header": {"identity": {"id": 1453475400, "api_id": 1008}}, "parameter": "{\"x\": 1.0, \"y\": 0, \"z\": 0.004464797773566715}"}}
2026-06-17 11:30:18,887 [INFO] root: Received message on data channel: {"type":"res","topic":"rt/api/sport/response","data":{"header":{"identity":{"api_id":1008,"id":1453475400},"status":{"code":0}},"data":""}}
2026-06-17 11:30:18,989 [INFO] root: > message sent: {"type": "req", "topic": "rt/api/sport/request", "data": {"header": {"identity": {"id": 1453475268, "api_id": 1008}}, "parameter": "{\"x\": 1.0, \"y\": 0, \"z\": 0.004464797773566715}"}}
2026-06-17 11:30:19,000 [INFO] root: Received message on data channel: {"type":"res","topic":"rt/api/sport/response","data":{"header":{"identity":{"api_id":1008,"id":1453475268},"status":{"code":0}},"data":""}}
2026-06-17 11:30:19,103 [INFO] root: > message sent: {"type": "req", "topic": "rt/api/sport/request", "data": {"header": {"identity": {"id": 1453475647, "api_id": 1008}}, "parameter": "{\"x\": 1.0, \"y\": 0, \"z\": 0.004464797773566715}"}}
2026-06-17 11:30:19,125 [INFO] root: Received message on data channel: {"type":"res","topic":"rt/api/sport/response","data":{"header":{"identity":{"api_id":1008,"id":1453475647},"status":{"code":0}},"data":""}}
2026-06-17 11:30:19,228 [INFO] root: > message sent: {"type": "req", "topic": "rt/api/sport/request", "data": {"header": {"identity": {"id": 1453475638, "api_id": 1008}}, "parameter": "{\"x\": 1.0, \"y\": 0, \"z\": 0.004464797773566715}"}}
2026-06-17 11:30:19,237 [INFO] root: Received message on data channel: {"type":"res","topic":"rt/api/sport/response","data":{"header":{"identity":{"api_id":1008,"id":1453475638},"status":{"code":0}},"data":""}}
2026-06-17 11:30:19,339 [INFO] root: > message sent: {"type": "req", "topic": "rt/api/sport/request", "data": {"header": {"identity": {"id": 1453475718, "api_id": 1008}}, "parameter": "{\"x\": 1.0, \"y\": 0, \"z\": 0.004464797773566715}"}}
2026-06-17 11:30:19,498 [INFO] root: Received message on data channel: {"type":"res","topic":"rt/api/sport/response","data":{"header":{"identity":{"api_id":1008,"id":1453475718},"status":{"code":0}},"data":""}}
2026-06-17 11:30:19,535 [INFO] root: > message sent: {"type": "heartbeat", "topic": "", "data": {"timeInStr": "2026-06-17 11:30:19", "timeInNum": 1781717419}}
2026-06-17 11:30:19,548 [INFO] root: Received message on data channel: {"type":"heartbeat"}
2026-06-17 11:30:19,549 [INFO] root: Heartbeat response received.
2026-06-17 11:30:19,604 [INFO] root: > message sent: {"type": "req", "topic": "rt/api/sport/request", "data": {"header": {"identity": {"id": 1453476361, "api_id": 1008}}, "parameter": "{\"x\": 1.0, \"y\": 0, \"z\": 0.004464797773566715}"}}
2026-06-17 11:30:19,615 [INFO] root: Received message on data channel: {"type":"res","topic":"rt/api/sport/response","data":{"header":{"identity":{"api_id":1008,"id":1453476361},"status":{"code":0}},"data":""}}
2026-06-17 11:30:19,718 [INFO] root: > message sent: {"type": "req", "topic": "rt/api/sport/request", "data": {"header": {"identity": {"id": 1453476525, "api_id": 1008}}, "parameter": "{\"x\": 1.0, \"y\": 0, \"z\": 0.004464797773566715}"}}
2026-06-17 11:30:19,735 [INFO] root: Received message on data channel: {"type":"res","topic":"rt/api/sport/response","data":{"header":{"identity":{"api_id":1008,"id":1453476525},"status":{"code":0}},"data":""}}
2026-06-17 11:30:19,735 [INFO] go2_survey.navigator: NAV [cross_track] leg03 | along=18.9/50.7m cross=0.03m hdg_err=-0.3° cog=167° fix=6
2026-06-17 11:30:19,837 [INFO] root: > message sent: {"type": "req", "topic": "rt/api/sport/request", "data": {"header": {"identity": {"id": 1453476461, "api_id": 1008}}, "parameter": "{\"x\": 1.0, \"y\": 0, \"z\": -0.00312490365985127}"}}
2026-06-17 11:30:19,853 [INFO] root: Received message on data channel: {"type":"res","topic":"rt/api/sport/response","data":{"header":{"identity":{"api_id":1008,"id":1453476461},"status":{"code":0}},"data":""}}
2026-06-17 11:30:19,956 [INFO] root: > message sent: {"type": "req", "topic": "rt/api/sport/request", "data": {"header": {"identity": {"id": 1453476204, "api_id": 1008}}, "parameter": "{\"x\": 1.0, \"y\": 0, \"z\": -0.00312490365985127}"}}
2026-06-17 11:30:19,999 [INFO] root: Received message on data channel: {"type":"res","topic":"rt/api/sport/response","data":{"header":{"identity":{"api_id":1008,"id":1453476204},"status":{"code":0}},"data":""}}
2026-06-17 11:30:20,103 [INFO] root: > message sent: {"type": "req", "topic": "rt/api/sport/request", "data": {"header": {"identity": {"id": 1453476653, "api_id": 1008}}, "parameter": "{\"x\": 1.0, \"y\": 0, \"z\": 0.0018366733628067777}"}}
2026-06-17 11:30:20,114 [INFO] root: Received message on data channel: {"type":"res","topic":"rt/api/sport/response","data":{"header":{"identity":{"api_id":1008,"id":1453476653},"status":{"code":0}},"data":""}}
2026-06-17 11:30:20,217 [INFO] root: > message sent: {"type": "req", "topic": "rt/api/sport/request", "data": {"header": {"identity": {"id": 1453477005, "api_id": 1008}}, "parameter": "{\"x\": 1.0, \"y\": 0, \"z\": 0.004464797773566715}"}}
2026-06-17 11:30:20,269 [INFO] root: Received message on data channel: {"type":"res","topic":"rt/api/sport/response","data":{"header":{"identity":{"api_id":1008,"id":1453477005},"status":{"code":0}},"data":""}}
2026-06-17 11:30:20,371 [INFO] root: > message sent: {"type": "req", "topic": "rt/api/sport/request", "data": {"header": {"identity": {"id": 1453476718, "api_id": 1008}}, "parameter": "{\"x\": 1.0, \"y\": 0, \"z\": 0.004464797773566715}"}}
2026-06-17 11:30:20,386 [INFO] root: Received message on data channel: {"type":"res","topic":"rt/api/sport/response","data":{"header":{"identity":{"api_id":1008,"id":1453476718},"status":{"code":0}},"data":""}}
2026-06-17 11:30:20,488 [INFO] root: > message sent: {"type": "req", "topic": "rt/api/sport/request", "data": {"header": {"identity": {"id": 1453476427, "api_id": 1008}}, "parameter": "{\"x\": 1.0, \"y\": 0, \"z\": -0.00312490365985127}"}}
2026-06-17 11:30:20,499 [INFO] root: Received message on data channel: {"type":"res","topic":"rt/api/sport/response","data":{"header":{"identity":{"api_id":1008,"id":1453476427},"status":{"code":0}},"data":""}}
2026-06-17 11:30:20,602 [INFO] root: > message sent: {"type": "req", "topic": "rt/api/sport/request", "data": {"header": {"identity": {"id": 1453476713, "api_id": 1008}}, "parameter": "{\"x\": 1.0, \"y\": 0, \"z\": -0.00312490365985127}"}}
2026-06-17 11:30:20,614 [INFO] root: Received message on data channel: {"type":"res","topic":"rt/api/sport/response","data":{"header":{"identity":{"api_id":1008,"id":1453476713},"status":{"code":0}},"data":""}}
2026-06-17 11:30:20,718 [INFO] root: > message sent: {"type": "req", "topic": "rt/api/sport/request", "data": {"header": {"identity": {"id": 1453476942, "api_id": 1008}}, "parameter": "{\"x\": 1.0, \"y\": 0, \"z\": 0.004464797773566715}"}}
2026-06-17 11:30:20,746 [INFO] root: Received message on data channel: {"type":"res","topic":"rt/api/sport/response","data":{"header":{"identity":{"api_id":1008,"id":1453476942},"status":{"code":0}},"data":""}}
2026-06-17 11:30:20,848 [INFO] root: > message sent: {"type": "req", "topic": "rt/api/sport/request", "data": {"header": {"identity": {"id": 1453477163, "api_id": 1008}}, "parameter": "{\"x\": 1.0, \"y\": 0, \"z\": 0.004464797773566715}"}}
2026-06-17 11:30:20,861 [INFO] root: Received message on data channel: {"type":"res","topic":"rt/api/sport/response","data":{"header":{"identity":{"api_id":1008,"id":1453477163},"status":{"code":0}},"data":""}}
2026-06-17 11:30:20,964 [INFO] root: > message sent: {"type": "req", "topic": "rt/api/sport/request", "data": {"header": {"identity": {"id": 1453477269, "api_id": 1008}}, "parameter": "{\"x\": 1.0, \"y\": 0, \"z\": 0.004464797773566715}"}}
2026-06-17 11:30:20,976 [INFO] root: Received message on data channel: {"type":"res","topic":"rt/api/sport/response","data":{"header":{"identity":{"api_id":1008,"id":1453477269},"status":{"code":0}},"data":""}}
2026-06-17 11:30:21,078 [INFO] root: > message sent: {"type": "req", "topic": "rt/api/sport/request", "data": {"header": {"identity": {"id": 1453477127, "api_id": 1008}}, "parameter": "{\"x\": 1.0, \"y\": 0, \"z\": 0.004464797773566715}"}}
2026-06-17 11:30:21,115 [INFO] root: Received message on data channel: {"type":"res","topic":"rt/api/sport/response","data":{"header":{"identity":{"api_id":1008,"id":1453477127},"status":{"code":0}},"data":""}}
2026-06-17 11:30:21,218 [INFO] root: > message sent: {"type": "req", "topic": "rt/api/sport/request", "data": {"header": {"identity": {"id": 1453478009, "api_id": 1008}}, "parameter": "{\"x\": 1.0, \"y\": 0, \"z\": 0.0018366733628067777}"}}
2026-06-17 11:30:21,260 [INFO] root: Received message on data channel: {"type":"res","topic":"rt/api/sport/response","data":{"header":{"identity":{"api_id":1008,"id":1453478009},"status":{"code":0}},"data":""}}
2026-06-17 11:30:21,355 [INFO] go2_survey.health: HEALTH  batt 90% -37.2A ~55min · motors 54°C max RR_thigh ▲2.2°/min
2026-06-17 11:30:21,362 [INFO] root: > message sent: {"type": "req", "topic": "rt/api/sport/request", "data": {"header": {"identity": {"id": 1453477852, "api_id": 1008}}, "parameter": "{\"x\": 1.0, \"y\": 0, \"z\": 0.0018366733628067777}"}}
2026-06-17 11:30:21,386 [INFO] root: Received message on data channel: {"type":"add_error","data":[1781717421,307,16]}
2026-06-17 11:30:21,389 [INFO] root: Received message on data channel: {"type":"res","topic":"rt/api/sport/response","data":{"header":{"identity":{"api_id":1008,"id":1453477852},"status":{"code":0}},"data":""}}
2026-06-17 11:30:21,492 [INFO] root: > message sent: {"type": "req", "topic": "rt/api/sport/request", "data": {"header": {"identity": {"id": 1453477790, "api_id": 1008}}, "parameter": "{\"x\": 1.0, \"y\": 0, \"z\": 0.0018366733628067777}"}}
2026-06-17 11:30:21,537 [INFO] root: > message sent: {"type": "heartbeat", "topic": "", "data": {"timeInStr": "2026-06-17 11:30:21", "timeInNum": 1781717421}}
2026-06-17 11:30:21,543 [INFO] root: Received message on data channel: {"type":"res","topic":"rt/api/sport/response","data":{"header":{"identity":{"api_id":1008,"id":1453477790},"status":{"code":0}},"data":""}}
2026-06-17 11:30:21,546 [INFO] root: Received message on data channel: {"type":"heartbeat"}
2026-06-17 11:30:21,547 [INFO] root: Heartbeat response received.
2026-06-17 11:30:21,647 [INFO] root: > message sent: {"type": "req", "topic": "rt/api/sport/request", "data": {"header": {"identity": {"id": 1453478202, "api_id": 1008}}, "parameter": "{\"x\": 1.0, \"y\": 0, \"z\": 0.006892865315765562}"}}
2026-06-17 11:30:21,679 [INFO] root: Received message on data channel: {"type":"res","topic":"rt/api/sport/response","data":{"header":{"identity":{"api_id":1008,"id":1453478202},"status":{"code":0}},"data":""}}
2026-06-17 11:30:21,782 [INFO] root: > message sent: {"type": "req", "topic": "rt/api/sport/request", "data": {"header": {"identity": {"id": 1453478165, "api_id": 1008}}, "parameter": "{\"x\": 1.0, \"y\": 0, \"z\": 0.006892865315765562}"}}
2026-06-17 11:30:21,819 [INFO] root: Received message on data channel: {"type":"res","topic":"rt/api/sport/response","data":{"header":{"identity":{"api_id":1008,"id":1453478165},"status":{"code":0}},"data":""}}
2026-06-17 11:30:21,820 [INFO] go2_survey.navigator: NAV [cross_track] leg03 | along=18.8/50.7m cross=0.04m hdg_err=-0.5° cog=167° fix=6
2026-06-17 11:30:21,922 [INFO] root: > message sent: {"type": "req", "topic": "rt/api/sport/request", "data": {"header": {"identity": {"id": 1453478350, "api_id": 1008}}, "parameter": "{\"x\": 1.0, \"y\": 0, \"z\": -0.008671772165557172}"}}
2026-06-17 11:30:21,968 [INFO] root: Received message on data channel: {"type":"res","topic":"rt/api/sport/response","data":{"header":{"identity":{"api_id":1008,"id":1453478350},"status":{"code":0}},"data":""}}
2026-06-17 11:30:22,070 [INFO] root: > message sent: {"type": "req", "topic": "rt/api/sport/request", "data": {"header": {"identity": {"id": 1453478497, "api_id": 1008}}, "parameter": "{\"x\": 1.0, \"y\": 0, \"z\": -0.017418041707284147}"}}
2026-06-17 11:30:22,179 [INFO] root: Received message on data channel: {"type":"res","topic":"rt/api/sport/response","data":{"header":{"identity":{"api_id":1008,"id":1453478497},"status":{"code":0}},"data":""}}
2026-06-17 11:30:22,282 [INFO] root: > message sent: {"type": "req", "topic": "rt/api/sport/request", "data": {"header": {"identity": {"id": 1453478547, "api_id": 1008}}, "parameter": "{\"x\": 1.0, \"y\": 0, \"z\": -0.020253803262751262}"}}
2026-06-17 11:30:22,297 [INFO] root: Received message on data channel: {"type":"res","topic":"rt/api/sport/response","data":{"header":{"identity":{"api_id":1008,"id":1453478547},"status":{"code":0}},"data":""}}
2026-06-17 11:30:22,400 [INFO] root: > message sent: {"type": "req", "topic": "rt/api/sport/request", "data": {"header": {"identity": {"id": 1453478816, "api_id": 1008}}, "parameter": "{\"x\": 1.0, \"y\": 0, \"z\": -0.020253803262751262}"}}
2026-06-17 11:30:22,433 [INFO] root: Received message on data channel: {"type":"res","topic":"rt/api/sport/response","data":{"header":{"identity":{"api_id":1008,"id":1453478816},"status":{"code":0}},"data":""}}
2026-06-17 11:30:22,536 [INFO] root: > message sent: {"type": "req", "topic": "rt/api/sport/request", "data": {"header": {"identity": {"id": 1453478723, "api_id": 1008}}, "parameter": "{\"x\": 1.0, \"y\": 0, \"z\": -0.020253803262751262}"}}
2026-06-17 11:30:22,575 [INFO] root: Received message on data channel: {"type":"res","topic":"rt/api/sport/response","data":{"header":{"identity":{"api_id":1008,"id":1453478723},"status":{"code":0}},"data":""}}
2026-06-17 11:30:22,677 [INFO] root: > message sent: {"type": "req", "topic": "rt/api/sport/request", "data": {"header": {"identity": {"id": 1453478784, "api_id": 1008}}, "parameter": "{\"x\": 1.0, \"y\": 0, \"z\": -0.017418041707284147}"}}
2026-06-17 11:30:22,719 [INFO] root: Received message on data channel: {"type":"res","topic":"rt/api/sport/response","data":{"header":{"identity":{"api_id":1008,"id":1453478784},"status":{"code":0}},"data":""}}
2026-06-17 11:30:22,823 [INFO] root: > message sent: {"type": "req", "topic": "rt/api/sport/request", "data": {"header": {"identity": {"id": 1453479096, "api_id": 1008}}, "parameter": "{\"x\": 1.0, \"y\": 0, \"z\": -0.017418041707284147}"}}
2026-06-17 11:30:22,856 [INFO] root: Received message on data channel: {"type":"res","topic":"rt/api/sport/response","data":{"header":{"identity":{"api_id":1008,"id":1453479096},"status":{"code":0}},"data":""}}
2026-06-17 11:30:22,960 [INFO] root: > message sent: {"type": "req", "topic": "rt/api/sport/request", "data": {"header": {"identity": {"id": 1453479573, "api_id": 1008}}, "parameter": "{\"x\": 1.0, \"y\": 0, \"z\": -0.017418041707284147}"}}
2026-06-17 11:30:23,035 [INFO] root: Received message on data channel: {"type":"res","topic":"rt/api/sport/response","data":{"header":{"identity":{"api_id":1008,"id":1453479573},"status":{"code":0}},"data":""}}
2026-06-17 11:30:23,139 [INFO] root: > message sent: {"type": "req", "topic": "rt/api/sport/request", "data": {"header": {"identity": {"id": 1453479280, "api_id": 1008}}, "parameter": "{\"x\": 1.0, \"y\": 0, \"z\": -0.009732820811037185}"}}
2026-06-17 11:30:23,149 [INFO] root: Received message on data channel: {"type":"res","topic":"rt/api/sport/response","data":{"header":{"identity":{"api_id":1008,"id":1453479280},"status":{"code":0}},"data":""}}
2026-06-17 11:30:23,251 [INFO] root: > message sent: {"type": "req", "topic": "rt/api/sport/request", "data": {"header": {"identity": {"id": 1453479805, "api_id": 1008}}, "parameter": "{\"x\": 1.0, \"y\": 0, \"z\": -0.009732820811037185}"}}
2026-06-17 11:30:23,278 [INFO] root: Received message on data channel: {"type":"res","topic":"rt/api/sport/response","data":{"header":{"identity":{"api_id":1008,"id":1453479805},"status":{"code":0}},"data":""}}
2026-06-17 11:30:23,381 [INFO] root: > message sent: {"type": "req", "topic": "rt/api/sport/request", "data": {"header": {"identity": {"id": 1453479602, "api_id": 1008}}, "parameter": "{\"x\": 1.0, \"y\": 0, \"z\": -0.009732820811037185}"}}
2026-06-17 11:30:23,417 [INFO] root: Received message on data channel: {"type":"res","topic":"rt/api/sport/response","data":{"header":{"identity":{"api_id":1008,"id":1453479602},"status":{"code":0}},"data":""}}
2026-06-17 11:30:23,519 [INFO] root: > message sent: {"type": "req", "topic": "rt/api/sport/request", "data": {"header": {"identity": {"id": 1453480309, "api_id": 1008}}, "parameter": "{\"x\": 1.0, \"y\": 0, \"z\": -0.009732820811037185}"}}
2026-06-17 11:30:23,538 [INFO] root: > message sent: {"type": "heartbeat", "topic": "", "data": {"timeInStr": "2026-06-17 11:30:23", "timeInNum": 1781717423}}
2026-06-17 11:30:23,559 [INFO] root: Received message on data channel: {"type":"res","topic":"rt/api/sport/response","data":{"header":{"identity":{"api_id":1008,"id":1453480309},"status":{"code":0}},"data":""}}
2026-06-17 11:30:23,560 [INFO] root: Received message on data channel: {"type":"heartbeat"}
2026-06-17 11:30:23,561 [INFO] root: Heartbeat response received.
2026-06-17 11:30:23,662 [INFO] root: > message sent: {"type": "req", "topic": "rt/api/sport/request", "data": {"header": {"identity": {"id": 1453480261, "api_id": 1008}}, "parameter": "{\"x\": 1.0, \"y\": 0, \"z\": -0.012509152943721914}"}}
2026-06-17 11:30:23,710 [INFO] root: Received message on data channel: {"type":"res","topic":"rt/api/sport/response","data":{"header":{"identity":{"api_id":1008,"id":1453480261},"status":{"code":0}},"data":""}}
2026-06-17 11:30:23,814 [INFO] root: > message sent: {"type": "req", "topic": "rt/api/sport/request", "data": {"header": {"identity": {"id": 1453480119, "api_id": 1008}}, "parameter": "{\"x\": 1.0, \"y\": 0, \"z\": -0.009732820811037185}"}}
2026-06-17 11:30:23,841 [INFO] root: Received message on data channel: {"type":"res","topic":"rt/api/sport/response","data":{"header":{"identity":{"api_id":1008,"id":1453480119},"status":{"code":0}},"data":""}}
2026-06-17 11:30:23,842 [INFO] go2_survey.navigator: NAV [cross_track] leg03 | along=18.7/50.7m cross=0.02m hdg_err=0.6° cog=166° fix=6
2026-06-17 11:30:23,945 [INFO] root: > message sent: {"type": "req", "topic": "rt/api/sport/request", "data": {"header": {"identity": {"id": 1453480433, "api_id": 1008}}, "parameter": "{\"x\": 1.0, \"y\": 0, \"z\": -0.009732820811037185}"}}
2026-06-17 11:30:23,988 [INFO] root: Received message on data channel: {"type":"res","topic":"rt/api/sport/response","data":{"header":{"identity":{"api_id":1008,"id":1453480433},"status":{"code":0}},"data":""}}
2026-06-17 11:30:24,090 [INFO] root: > message sent: {"type": "req", "topic": "rt/api/sport/request", "data": {"header": {"identity": {"id": 1453480803, "api_id": 1008}}, "parameter": "{\"x\": 1.0, \"y\": 0, \"z\": -0.012509152943721914}"}}
2026-06-17 11:30:24,118 [INFO] root: Received message on data channel: {"type":"res","topic":"rt/api/sport/response","data":{"header":{"identity":{"api_id":1008,"id":1453480803},"status":{"code":0}},"data":""}}
2026-06-17 11:30:24,221 [INFO] root: > message sent: {"type": "req", "topic": "rt/api/sport/request", "data": {"header": {"identity": {"id": 1453480084, "api_id": 1008}}, "parameter": "{\"x\": 1.0, \"y\": 0, \"z\": -0.012509152943721914}"}}
2026-06-17 11:30:24,250 [INFO] root: Received message on data channel: {"type":"res","topic":"rt/api/sport/response","data":{"header":{"identity":{"api_id":1008,"id":1453480084},"status":{"code":0}},"data":""}}
2026-06-17 11:30:24,354 [INFO] root: > message sent: {"type": "req", "topic": "rt/api/sport/request", "data": {"header": {"identity": {"id": 1453481108, "api_id": 1008}}, "parameter": "{\"x\": 1.0, \"y\": 0, \"z\": -0.0}"}}
2026-06-17 11:30:24,385 [INFO] root: Received message on data channel: {"type":"res","topic":"rt/api/sport/response","data":{"header":{"identity":{"api_id":1008,"id":1453481108},"status":{"code":0}},"data":""}}
2026-06-17 11:30:24,489 [INFO] root: > message sent: {"type": "req", "topic": "rt/api/sport/request", "data": {"header": {"identity": {"id": 1453480586, "api_id": 1008}}, "parameter": "{\"x\": 1.0, \"y\": 0, \"z\": -0.0}"}}
2026-06-17 11:30:24,500 [INFO] root: Received message on data channel: {"type":"res","topic":"rt/api/sport/response","data":{"header":{"identity":{"api_id":1008,"id":1453480586},"status":{"code":0}},"data":""}}
2026-06-17 11:30:24,603 [INFO] root: > message sent: {"type": "req", "topic": "rt/api/sport/request", "data": {"header": {"identity": {"id": 1453481385, "api_id": 1008}}, "parameter": "{\"x\": 1.0, \"y\": 0, \"z\": -0.0}"}}
2026-06-17 11:30:24,618 [INFO] root: Received message on data channel: {"type":"res","topic":"rt/api/sport/response","data":{"header":{"identity":{"api_id":1008,"id":1453481385},"status":{"code":0}},"data":""}}
2026-06-17 11:30:24,722 [INFO] root: > message sent: {"type": "req", "topic": "rt/api/sport/request", "data": {"header": {"identity": {"id": 1453481234, "api_id": 1008}}, "parameter": "{\"x\": 1.0, \"y\": 0, \"z\": -0.0}"}}
2026-06-17 11:30:24,768 [INFO] root: Received message on data channel: {"type":"res","topic":"rt/api/sport/response","data":{"header":{"identity":{"api_id":1008,"id":1453481234},"status":{"code":0}},"data":""}}
2026-06-17 11:30:24,871 [INFO] root: > message sent: {"type": "req", "topic": "rt/api/sport/request", "data": {"header": {"identity": {"id": 1453480893, "api_id": 1008}}, "parameter": "{\"x\": 1.0, \"y\": 0, \"z\": -0.0}"}}
2026-06-17 11:30:24,882 [INFO] root: Received message on data channel: {"type":"res","topic":"rt/api/sport/response","data":{"header":{"identity":{"api_id":1008,"id":1453480893},"status":{"code":0}},"data":""}}
2026-06-17 11:30:24,985 [INFO] root: > message sent: {"type": "req", "topic": "rt/api/sport/request", "data": {"header": {"identity": {"id": 1453480850, "api_id": 1008}}, "parameter": "{\"x\": 1.0, \"y\": 0, \"z\": -0.0}"}}
2026-06-17 11:30:25,007 [INFO] root: Received message on data channel: {"type":"res","topic":"rt/api/sport/response","data":{"header":{"identity":{"api_id":1008,"id":1453480850},"status":{"code":0}},"data":""}}
2026-06-17 11:30:25,110 [INFO] root: > message sent: {"type": "req", "topic": "rt/api/sport/request", "data": {"header": {"identity": {"id": 1453481148, "api_id": 1008}}, "parameter": "{\"x\": 1.0, \"y\": 0, \"z\": -0.0}"}}
2026-06-17 11:30:25,121 [INFO] root: Received message on data channel: {"type":"res","topic":"rt/api/sport/response","data":{"header":{"identity":{"api_id":1008,"id":1453481148},"status":{"code":0}},"data":""}}
2026-06-17 11:30:25,223 [INFO] root: > message sent: {"type": "req", "topic": "rt/api/sport/request", "data": {"header": {"identity": {"id": 1453481647, "api_id": 1008}}, "parameter": "{\"x\": 1.0, \"y\": 0, \"z\": -0.0}"}}
2026-06-17 11:30:25,235 [INFO] root: Received message on data channel: {"type":"res","topic":"rt/api/sport/response","data":{"header":{"identity":{"api_id":1008,"id":1453481647},"status":{"code":0}},"data":""}}
2026-06-17 11:30:25,337 [INFO] root: > message sent: {"type": "req", "topic": "rt/api/sport/request", "data": {"header": {"identity": {"id": 1453482144, "api_id": 1008}}, "parameter": "{\"x\": 1.0, \"y\": 0, \"z\": -0.0}"}}
2026-06-17 11:30:25,363 [INFO] root: Received message on data channel: {"type":"res","topic":"rt/api/sport/response","data":{"header":{"identity":{"api_id":1008,"id":1453482144},"status":{"code":0}},"data":""}}
2026-06-17 11:30:25,466 [INFO] root: > message sent: {"type": "req", "topic": "rt/api/sport/request", "data": {"header": {"identity": {"id": 1453482085, "api_id": 1008}}, "parameter": "{\"x\": 1.0, \"y\": 0, \"z\": -0.0}"}}
2026-06-17 11:30:25,480 [INFO] root: Received message on data channel: {"type":"res","topic":"rt/api/sport/response","data":{"header":{"identity":{"api_id":1008,"id":1453482085},"status":{"code":0}},"data":""}}
2026-06-17 11:30:25,545 [INFO] root: > message sent: {"type": "heartbeat", "topic": "", "data": {"timeInStr": "2026-06-17 11:30:25", "timeInNum": 1781717425}}
2026-06-17 11:30:25,554 [INFO] root: Received message on data channel: {"type":"heartbeat"}
2026-06-17 11:30:25,555 [INFO] root: Heartbeat response received.
2026-06-17 11:30:25,583 [INFO] root: > message sent: {"type": "req", "topic": "rt/api/sport/request", "data": {"header": {"identity": {"id": 1453482296, "api_id": 1008}}, "parameter": "{\"x\": 1.0, \"y\": 0, \"z\": -0.0}"}}
2026-06-17 11:30:25,693 [INFO] root: Received message on data channel: {"type":"res","topic":"rt/api/sport/response","data":{"header":{"identity":{"api_id":1008,"id":1453482296},"status":{"code":0}},"data":""}}
2026-06-17 11:30:25,798 [INFO] root: > message sent: {"type": "req", "topic": "rt/api/sport/request", "data": {"header": {"identity": {"id": 1453481973, "api_id": 1008}}, "parameter": "{\"x\": 1.0, \"y\": 0, \"z\": -0.0}"}}
2026-06-17 11:30:25,823 [INFO] root: Received message on data channel: {"type":"res","topic":"rt/api/sport/response","data":{"header":{"identity":{"api_id":1008,"id":1453481973},"status":{"code":0}},"data":""}}
2026-06-17 11:30:25,925 [INFO] root: > message sent: {"type": "req", "topic": "rt/api/sport/request", "data": {"header": {"identity": {"id": 1453482498, "api_id": 1008}}, "parameter": "{\"x\": 1.0, \"y\": 0, \"z\": -0.0}"}}
2026-06-17 11:30:25,953 [INFO] root: Received message on data channel: {"type":"res","topic":"rt/api/sport/response","data":{"header":{"identity":{"api_id":1008,"id":1453482498},"status":{"code":0}},"data":""}}
2026-06-17 11:30:25,954 [INFO] go2_survey.navigator: NAV [cross_track] leg03 | along=18.7/50.7m cross=0.01m hdg_err=0.0° cog=— fix=6
2026-06-17 11:30:26,057 [INFO] root: > message sent: {"type": "req", "topic": "rt/api/sport/request", "data": {"header": {"identity": {"id": 1453482522, "api_id": 1008}}, "parameter": "{\"x\": 1.0, \"y\": 0, \"z\": -0.0}"}}
2026-06-17 11:30:26,081 [INFO] root: Received message on data channel: {"type":"res","topic":"rt/api/sport/response","data":{"header":{"identity":{"api_id":1008,"id":1453482522},"status":{"code":0}},"data":""}}
2026-06-17 11:30:26,185 [INFO] root: > message sent: {"type": "req", "topic": "rt/api/sport/request", "data": {"header": {"identity": {"id": 1453482272, "api_id": 1008}}, "parameter": "{\"x\": 1.0, \"y\": 0, \"z\": -0.0}"}}
2026-06-17 11:30:26,220 [INFO] root: Received message on data channel: {"type":"res","topic":"rt/api/sport/response","data":{"header":{"identity":{"api_id":1008,"id":1453482272},"status":{"code":0}},"data":""}}
2026-06-17 11:30:26,324 [INFO] root: > message sent: {"type": "req", "topic": "rt/api/sport/request", "data": {"header": {"identity": {"id": 1453482886, "api_id": 1008}}, "parameter": "{\"x\": 1.0, \"y\": 0, \"z\": -0.0}"}}
2026-06-17 11:30:26,352 [INFO] root: Received message on data channel: {"type":"res","topic":"rt/api/sport/response","data":{"header":{"identity":{"api_id":1008,"id":1453482886},"status":{"code":0}},"data":""}}
2026-06-17 11:30:26,455 [INFO] root: > message sent: {"type": "req", "topic": "rt/api/sport/request", "data": {"header": {"identity": {"id": 1453483209, "api_id": 1008}}, "parameter": "{\"x\": 1.0, \"y\": 0, \"z\": -0.0}"}}
2026-06-17 11:30:26,563 [INFO] root: Received message on data channel: {"type":"res","topic":"rt/api/sport/response","data":{"header":{"identity":{"api_id":1008,"id":1453483209},"status":{"code":0}},"data":""}}
2026-06-17 11:30:26,669 [INFO] root: > message sent: {"type": "req", "topic": "rt/api/sport/request", "data": {"header": {"identity": {"id": 1453482862, "api_id": 1008}}, "parameter": "{\"x\": 1.0, \"y\": 0, \"z\": -0.0}"}}
2026-06-17 11:30:26,699 [INFO] root: Received message on data channel: {"type":"res","topic":"rt/api/sport/response","data":{"header":{"identity":{"api_id":1008,"id":1453482862},"status":{"code":0}},"data":""}}
2026-06-17 11:30:26,802 [INFO] root: > message sent: {"type": "req", "topic": "rt/api/sport/request", "data": {"header": {"identity": {"id": 1453482772, "api_id": 1008}}, "parameter": "{\"x\": 1.0, \"y\": 0, \"z\": -0.0}"}}
2026-06-17 11:30:26,834 [INFO] root: Received message on data channel: {"type":"res","topic":"rt/api/sport/response","data":{"header":{"identity":{"api_id":1008,"id":1453482772},"status":{"code":0}},"data":""}}
2026-06-17 11:30:26,937 [INFO] root: > message sent: {"type": "req", "topic": "rt/api/sport/request", "data": {"header": {"identity": {"id": 1453483004, "api_id": 1008}}, "parameter": "{\"x\": 1.0, \"y\": 0, \"z\": -0.0}"}}
2026-06-17 11:30:26,949 [INFO] root: Received message on data channel: {"type":"res","topic":"rt/api/sport/response","data":{"header":{"identity":{"api_id":1008,"id":1453483004},"status":{"code":0}},"data":""}}
2026-06-17 11:30:27,051 [INFO] root: > message sent: {"type": "req", "topic": "rt/api/sport/request", "data": {"header": {"identity": {"id": 1453482930, "api_id": 1008}}, "parameter": "{\"x\": 1.0, \"y\": 0, \"z\": -0.0}"}}
2026-06-17 11:30:27,060 [INFO] root: Received message on data channel: {"type":"res","topic":"rt/api/sport/response","data":{"header":{"identity":{"api_id":1008,"id":1453482930},"status":{"code":0}},"data":""}}
2026-06-17 11:30:27,165 [INFO] root: > message sent: {"type": "req", "topic": "rt/api/sport/request", "data": {"header": {"identity": {"id": 1453483669, "api_id": 1008}}, "parameter": "{\"x\": 1.0, \"y\": 0, \"z\": -0.0}"}}
2026-06-17 11:30:27,188 [INFO] root: Received message on data channel: {"type":"res","topic":"rt/api/sport/response","data":{"header":{"identity":{"api_id":1008,"id":1453483669},"status":{"code":0}},"data":""}}
2026-06-17 11:30:27,291 [INFO] root: > message sent: {"type": "req", "topic": "rt/api/sport/request", "data": {"header": {"identity": {"id": 1453483214, "api_id": 1008}}, "parameter": "{\"x\": 1.0, \"y\": 0, \"z\": -0.0}"}}
2026-06-17 11:30:27,306 [INFO] root: Received message on data channel: {"type":"res","topic":"rt/api/sport/response","data":{"header":{"identity":{"api_id":1008,"id":1453483214},"status":{"code":0}},"data":""}}
2026-06-17 11:30:27,408 [INFO] root: > message sent: {"type": "req", "topic": "rt/api/sport/request", "data": {"header": {"identity": {"id": 1453484186, "api_id": 1008}}, "parameter": "{\"x\": 1.0, \"y\": 0, \"z\": -0.0}"}}
2026-06-17 11:30:27,427 [INFO] root: Received message on data channel: {"type":"res","topic":"rt/api/sport/response","data":{"header":{"identity":{"api_id":1008,"id":1453484186},"status":{"code":0}},"data":""}}
2026-06-17 11:30:27,529 [INFO] root: > message sent: {"type": "req", "topic": "rt/api/sport/request", "data": {"header": {"identity": {"id": 1453483338, "api_id": 1008}}, "parameter": "{\"x\": 1.0, \"y\": 0, \"z\": -0.0}"}}
2026-06-17 11:30:27,546 [INFO] root: > message sent: {"type": "heartbeat", "topic": "", "data": {"timeInStr": "2026-06-17 11:30:27", "timeInNum": 1781717427}}
2026-06-17 11:30:27,565 [INFO] root: Received message on data channel: {"type":"res","topic":"rt/api/sport/response","data":{"header":{"identity":{"api_id":1008,"id":1453483338},"status":{"code":0}},"data":""}}
2026-06-17 11:30:27,566 [INFO] root: Received message on data channel: {"type":"heartbeat"}
2026-06-17 11:30:27,567 [INFO] root: Heartbeat response received.
2026-06-17 11:30:27,668 [INFO] root: > message sent: {"type": "req", "topic": "rt/api/sport/request", "data": {"header": {"identity": {"id": 1453484013, "api_id": 1008}}, "parameter": "{\"x\": 1.0, \"y\": 0, \"z\": -0.0}"}}
2026-06-17 11:30:27,686 [INFO] root: Received message on data channel: {"type":"res","topic":"rt/api/sport/response","data":{"header":{"identity":{"api_id":1008,"id":1453484013},"status":{"code":0}},"data":""}}
2026-06-17 11:30:27,789 [INFO] root: > message sent: {"type": "req", "topic": "rt/api/sport/request", "data": {"header": {"identity": {"id": 1453484194, "api_id": 1008}}, "parameter": "{\"x\": 1.0, \"y\": 0, \"z\": -0.0}"}}
2026-06-17 11:30:27,824 [INFO] root: Received message on data channel: {"type":"res","topic":"rt/api/sport/response","data":{"header":{"identity":{"api_id":1008,"id":1453484194},"status":{"code":0}},"data":""}}
2026-06-17 11:30:27,932 [INFO] root: > message sent: {"type": "req", "topic": "rt/api/sport/request", "data": {"header": {"identity": {"id": 1453483761, "api_id": 1008}}, "parameter": "{\"x\": 1.0, \"y\": 0, \"z\": -0.0}"}}
2026-06-17 11:30:27,975 [INFO] root: Received message on data channel: {"type":"res","topic":"rt/api/sport/response","data":{"header":{"identity":{"api_id":1008,"id":1453483761},"status":{"code":0}},"data":""}}
2026-06-17 11:30:27,977 [INFO] go2_survey.navigator: NAV [cross_track] leg03 | along=18.7/50.7m cross=0.01m hdg_err=0.0° cog=— fix=6
2026-06-17 11:30:28,079 [INFO] root: > message sent: {"type": "req", "topic": "rt/api/sport/request", "data": {"header": {"identity": {"id": 1453484115, "api_id": 1008}}, "parameter": "{\"x\": 1.0, \"y\": 0, \"z\": -0.0}"}}
2026-06-17 11:30:28,113 [INFO] root: Received message on data channel: {"type":"res","topic":"rt/api/sport/response","data":{"header":{"identity":{"api_id":1008,"id":1453484115},"status":{"code":0}},"data":""}}
2026-06-17 11:30:28,216 [INFO] root: > message sent: {"type": "req", "topic": "rt/api/sport/request", "data": {"header": {"identity": {"id": 1453484631, "api_id": 1008}}, "parameter": "{\"x\": 1.0, \"y\": 0, \"z\": -0.0}"}}
2026-06-17 11:30:28,250 [INFO] root: Received message on data channel: {"type":"res","topic":"rt/api/sport/response","data":{"header":{"identity":{"api_id":1008,"id":1453484631},"status":{"code":0}},"data":""}}
2026-06-17 11:30:28,353 [INFO] root: > message sent: {"type": "req", "topic": "rt/api/sport/request", "data": {"header": {"identity": {"id": 1453484180, "api_id": 1008}}, "parameter": "{\"x\": 1.0, \"y\": 0, \"z\": -0.0}"}}
2026-06-17 11:30:28,448 [INFO] root: Received message on data channel: {"type":"res","topic":"rt/api/sport/response","data":{"header":{"identity":{"api_id":1008,"id":1453484180},"status":{"code":0}},"data":""}}
2026-06-17 11:30:28,557 [INFO] root: > message sent: {"type": "req", "topic": "rt/api/sport/request", "data": {"header": {"identity": {"id": 1453485191, "api_id": 1008}}, "parameter": "{\"x\": 1.0, \"y\": 0, \"z\": -0.0}"}}
2026-06-17 11:30:28,601 [INFO] root: Received message on data channel: {"type":"res","topic":"rt/api/sport/response","data":{"header":{"identity":{"api_id":1008,"id":1453485191},"status":{"code":0}},"data":""}}
2026-06-17 11:30:28,705 [INFO] root: > message sent: {"type": "req", "topic": "rt/api/sport/request", "data": {"header": {"identity": {"id": 1453484868, "api_id": 1008}}, "parameter": "{\"x\": 1.0, \"y\": 0, \"z\": -0.0}"}}
2026-06-17 11:30:28,743 [INFO] root: Received message on data channel: {"type":"res","topic":"rt/api/sport/response","data":{"header":{"identity":{"api_id":1008,"id":1453484868},"status":{"code":0}},"data":""}}
2026-06-17 11:30:28,847 [INFO] root: > message sent: {"type": "req", "topic": "rt/api/sport/request", "data": {"header": {"identity": {"id": 1453484847, "api_id": 1008}}, "parameter": "{\"x\": 1.0, \"y\": 0, \"z\": -0.0}"}}
2026-06-17 11:30:28,879 [INFO] root: Received message on data channel: {"type":"res","topic":"rt/api/sport/response","data":{"header":{"identity":{"api_id":1008,"id":1453484847},"status":{"code":0}},"data":""}}
2026-06-17 11:30:28,984 [INFO] root: > message sent: {"type": "req", "topic": "rt/api/sport/request", "data": {"header": {"identity": {"id": 1453485781, "api_id": 1008}}, "parameter": "{\"x\": 1.0, \"y\": 0, \"z\": -0.0}"}}
2026-06-17 11:30:29,016 [INFO] root: Received message on data channel: {"type":"res","topic":"rt/api/sport/response","data":{"header":{"identity":{"api_id":1008,"id":1453485781},"status":{"code":0}},"data":""}}
2026-06-17 11:30:29,119 [INFO] root: > message sent: {"type": "req", "topic": "rt/api/sport/request", "data": {"header": {"identity": {"id": 1453485306, "api_id": 1008}}, "parameter": "{\"x\": 1.0, \"y\": 0, \"z\": -0.0}"}}
2026-06-17 11:30:29,159 [INFO] root: Received message on data channel: {"type":"res","topic":"rt/api/sport/response","data":{"header":{"identity":{"api_id":1008,"id":1453485306},"status":{"code":0}},"data":""}}
2026-06-17 11:30:29,264 [INFO] root: > message sent: {"type": "req", "topic": "rt/api/sport/request", "data": {"header": {"identity": {"id": 1453485372, "api_id": 1008}}, "parameter": "{\"x\": 1.0, \"y\": 0, \"z\": -0.0}"}}
2026-06-17 11:30:29,310 [INFO] root: Received message on data channel: {"type":"res","topic":"rt/api/sport/response","data":{"header":{"identity":{"api_id":1008,"id":1453485372},"status":{"code":0}},"data":""}}
2026-06-17 11:30:29,412 [INFO] root: > message sent: {"type": "req", "topic": "rt/api/sport/request", "data": {"header": {"identity": {"id": 1453486084, "api_id": 1008}}, "parameter": "{\"x\": 1.0, \"y\": 0, \"z\": -0.0}"}}
2026-06-17 11:30:29,431 [INFO] root: Received message on data channel: {"type":"res","topic":"rt/api/sport/response","data":{"header":{"identity":{"api_id":1008,"id":1453486084},"status":{"code":0}},"data":""}}
2026-06-17 11:30:29,534 [INFO] root: > message sent: {"type": "req", "topic": "rt/api/sport/request", "data": {"header": {"identity": {"id": 1453486025, "api_id": 1008}}, "parameter": "{\"x\": 1.0, \"y\": 0, \"z\": -0.0}"}}
2026-06-17 11:30:29,547 [INFO] root: > message sent: {"type": "heartbeat", "topic": "", "data": {"timeInStr": "2026-06-17 11:30:29", "timeInNum": 1781717429}}
2026-06-17 11:30:29,568 [INFO] root: Received message on data channel: {"type":"res","topic":"rt/api/sport/response","data":{"header":{"identity":{"api_id":1008,"id":1453486025},"status":{"code":0}},"data":""}}
2026-06-17 11:30:29,570 [INFO] root: Received message on data channel: {"type":"heartbeat"}
2026-06-17 11:30:29,570 [INFO] root: Heartbeat response received.
2026-06-17 11:30:29,671 [INFO] root: > message sent: {"type": "req", "topic": "rt/api/sport/request", "data": {"header": {"identity": {"id": 1453485725, "api_id": 1008}}, "parameter": "{\"x\": 1.0, \"y\": 0, \"z\": -0.0}"}}
2026-06-17 11:30:29,745 [INFO] root: Received message on data channel: {"type":"res","topic":"rt/api/sport/response","data":{"header":{"identity":{"api_id":1008,"id":1453485725},"status":{"code":0}},"data":""}}
2026-06-17 11:30:29,848 [INFO] root: > message sent: {"type": "req", "topic": "rt/api/sport/request", "data": {"header": {"identity": {"id": 1453486410, "api_id": 1008}}, "parameter": "{\"x\": 1.0, \"y\": 0, \"z\": -0.0}"}}
2026-06-17 11:30:29,864 [INFO] root: Received message on data channel: {"type":"res","topic":"rt/api/sport/response","data":{"header":{"identity":{"api_id":1008,"id":1453486410},"status":{"code":0}},"data":""}}
2026-06-17 11:30:29,967 [INFO] root: > message sent: {"type": "req", "topic": "rt/api/sport/request", "data": {"header": {"identity": {"id": 1453486599, "api_id": 1008}}, "parameter": "{\"x\": 1.0, \"y\": 0, \"z\": -0.0}"}}
2026-06-17 11:30:29,992 [INFO] root: Received message on data channel: {"type":"res","topic":"rt/api/sport/response","data":{"header":{"identity":{"api_id":1008,"id":1453486599},"status":{"code":0}},"data":""}}
2026-06-17 11:30:29,993 [INFO] go2_survey.navigator: NAV [cross_track] leg03 | along=18.7/50.7m cross=0.01m hdg_err=0.0° cog=— fix=6
2026-06-17 11:30:30,095 [INFO] root: > message sent: {"type": "req", "topic": "rt/api/sport/request", "data": {"header": {"identity": {"id": 1453486035, "api_id": 1008}}, "parameter": "{\"x\": 1.0, \"y\": 0, \"z\": -0.0}"}}
2026-06-17 11:30:30,156 [INFO] root: Received message on data channel: {"type":"res","topic":"rt/api/sport/response","data":{"header":{"identity":{"api_id":1008,"id":1453486035},"status":{"code":0}},"data":""}}
2026-06-17 11:30:30,259 [INFO] root: > message sent: {"type": "req", "topic": "rt/api/sport/request", "data": {"header": {"identity": {"id": 1453486300, "api_id": 1008}}, "parameter": "{\"x\": 1.0, \"y\": 0, \"z\": -0.0}"}}
2026-06-17 11:30:30,281 [INFO] root: Received message on data channel: {"type":"res","topic":"rt/api/sport/response","data":{"header":{"identity":{"api_id":1008,"id":1453486300},"status":{"code":0}},"data":""}}
2026-06-17 11:30:30,392 [INFO] root: > message sent: {"type": "req", "topic": "rt/api/sport/request", "data": {"header": {"identity": {"id": 1453487120, "api_id": 1008}}, "parameter": "{\"x\": 1.0, \"y\": 0, \"z\": -0.0}"}}
2026-06-17 11:30:30,414 [INFO] root: Received message on data channel: {"type":"res","topic":"rt/api/sport/response","data":{"header":{"identity":{"api_id":1008,"id":1453487120},"status":{"code":0}},"data":""}}
2026-06-17 11:30:30,521 [INFO] root: > message sent: {"type": "req", "topic": "rt/api/sport/request", "data": {"header": {"identity": {"id": 1453486341, "api_id": 1008}}, "parameter": "{\"x\": 1.0, \"y\": 0, \"z\": -0.0}"}}
2026-06-17 11:30:30,556 [INFO] root: Received message on data channel: {"type":"res","topic":"rt/api/sport/response","data":{"header":{"identity":{"api_id":1008,"id":1453486341},"status":{"code":0}},"data":""}}
2026-06-17 11:30:30,659 [INFO] root: > message sent: {"type": "req", "topic": "rt/api/sport/request", "data": {"header": {"identity": {"id": 1453486686, "api_id": 1008}}, "parameter": "{\"x\": 1.0, \"y\": 0, \"z\": -0.0}"}}
2026-06-17 11:30:30,688 [INFO] root: Received message on data channel: {"type":"res","topic":"rt/api/sport/response","data":{"header":{"identity":{"api_id":1008,"id":1453486686},"status":{"code":0}},"data":""}}
2026-06-17 11:30:30,794 [INFO] root: > message sent: {"type": "req", "topic": "rt/api/sport/request", "data": {"header": {"identity": {"id": 1453487543, "api_id": 1008}}, "parameter": "{\"x\": 1.0, \"y\": 0, \"z\": -0.0}"}}
2026-06-17 11:30:30,834 [INFO] root: Received message on data channel: {"type":"res","topic":"rt/api/sport/response","data":{"header":{"identity":{"api_id":1008,"id":1453487543},"status":{"code":0}},"data":""}}
2026-06-17 11:30:30,937 [INFO] root: > message sent: {"type": "req", "topic": "rt/api/sport/request", "data": {"header": {"identity": {"id": 1453487187, "api_id": 1008}}, "parameter": "{\"x\": 1.0, \"y\": 0, \"z\": -0.0}"}}
2026-06-17 11:30:31,021 [INFO] root: Received message on data channel: {"type":"res","topic":"rt/api/sport/response","data":{"header":{"identity":{"api_id":1008,"id":1453487187},"status":{"code":0}},"data":""}}
2026-06-17 11:30:31,125 [INFO] root: > message sent: {"type": "req", "topic": "rt/api/sport/request", "data": {"header": {"identity": {"id": 1453487928, "api_id": 1008}}, "parameter": "{\"x\": 1.0, \"y\": 0, \"z\": -0.0}"}}
2026-06-17 11:30:31,152 [INFO] root: Received message on data channel: {"type":"res","topic":"rt/api/sport/response","data":{"header":{"identity":{"api_id":1008,"id":1453487928},"status":{"code":0}},"data":""}}
2026-06-17 11:30:31,254 [INFO] root: > message sent: {"type": "req", "topic": "rt/api/sport/request", "data": {"header": {"identity": {"id": 1453487412, "api_id": 1008}}, "parameter": "{\"x\": 1.0, \"y\": 0, \"z\": -0.0}"}}
2026-06-17 11:30:31,269 [INFO] root: Received message on data channel: {"type":"res","topic":"rt/api/sport/response","data":{"header":{"identity":{"api_id":1008,"id":1453487412},"status":{"code":0}},"data":""}}
2026-06-17 11:30:31,358 [INFO] go2_survey.health: HEALTH  batt 89% -1.3A ~45min · motors 56°C max RR_thigh ▲3.3°/min
2026-06-17 11:30:31,371 [INFO] root: > message sent: {"type": "req", "topic": "rt/api/sport/request", "data": {"header": {"identity": {"id": 1453488100, "api_id": 1008}}, "parameter": "{\"x\": 1.0, \"y\": 0, \"z\": -0.0}"}}
2026-06-17 11:30:31,384 [INFO] root: Received message on data channel: {"type":"res","topic":"rt/api/sport/response","data":{"header":{"identity":{"api_id":1008,"id":1453488100},"status":{"code":0}},"data":""}}
2026-06-17 11:30:31,487 [INFO] root: > message sent: {"type": "req", "topic": "rt/api/sport/request", "data": {"header": {"identity": {"id": 1453487627, "api_id": 1008}}, "parameter": "{\"x\": 1.0, \"y\": 0, \"z\": -0.0}"}}
2026-06-17 11:30:31,500 [INFO] root: Received message on data channel: {"type":"res","topic":"rt/api/sport/response","data":{"header":{"identity":{"api_id":1008,"id":1453487627},"status":{"code":0}},"data":""}}
2026-06-17 11:30:31,553 [INFO] root: > message sent: {"type": "heartbeat", "topic": "", "data": {"timeInStr": "2026-06-17 11:30:31", "timeInNum": 1781717431}}
2026-06-17 11:30:31,562 [INFO] root: Received message on data channel: {"type":"heartbeat"}
2026-06-17 11:30:31,562 [INFO] root: Heartbeat response received.
2026-06-17 11:30:31,602 [INFO] root: > message sent: {"type": "req", "topic": "rt/api/sport/request", "data": {"header": {"identity": {"id": 1453488167, "api_id": 1008}}, "parameter": "{\"x\": 1.0, \"y\": 0, \"z\": -0.0}"}}
2026-06-17 11:30:31,626 [INFO] root: Received message on data channel: {"type":"res","topic":"rt/api/sport/response","data":{"header":{"identity":{"api_id":1008,"id":1453488167},"status":{"code":0}},"data":""}}
2026-06-17 11:30:31,728 [INFO] root: > message sent: {"type": "req", "topic": "rt/api/sport/request", "data": {"header": {"identity": {"id": 1453487980, "api_id": 1008}}, "parameter": "{\"x\": 1.0, \"y\": 0, \"z\": -0.0}"}}
2026-06-17 11:30:31,744 [INFO] root: Received message on data channel: {"type":"res","topic":"rt/api/sport/response","data":{"header":{"identity":{"api_id":1008,"id":1453487980},"status":{"code":0}},"data":""}}
2026-06-17 11:30:31,847 [INFO] root: > message sent: {"type": "req", "topic": "rt/api/sport/request", "data": {"header": {"identity": {"id": 1453488278, "api_id": 1008}}, "parameter": "{\"x\": 1.0, \"y\": 0, \"z\": -0.0}"}}
2026-06-17 11:30:31,879 [INFO] root: Received message on data channel: {"type":"res","topic":"rt/api/sport/response","data":{"header":{"identity":{"api_id":1008,"id":1453488278},"status":{"code":0}},"data":""}}
2026-06-17 11:30:31,982 [INFO] root: > message sent: {"type": "req", "topic": "rt/api/sport/request", "data": {"header": {"identity": {"id": 1453488686, "api_id": 1008}}, "parameter": "{\"x\": 1.0, \"y\": 0, \"z\": -0.0}"}}
2026-06-17 11:30:31,993 [INFO] root: Received message on data channel: {"type":"res","topic":"rt/api/sport/response","data":{"header":{"identity":{"api_id":1008,"id":1453488686},"status":{"code":0}},"data":""}}
2026-06-17 11:30:31,993 [INFO] go2_survey.navigator: NAV [cross_track] leg03 | along=18.7/50.7m cross=0.02m hdg_err=0.0° cog=— fix=6
2026-06-17 11:30:32,095 [INFO] root: > message sent: {"type": "req", "topic": "rt/api/sport/request", "data": {"header": {"identity": {"id": 1453488302, "api_id": 1008}}, "parameter": "{\"x\": 1.0, \"y\": 0, \"z\": -0.0}"}}
2026-06-17 11:30:32,113 [INFO] root: Received message on data channel: {"type":"res","topic":"rt/api/sport/response","data":{"header":{"identity":{"api_id":1008,"id":1453488302},"status":{"code":0}},"data":""}}
2026-06-17 11:30:32,216 [INFO] root: > message sent: {"type": "req", "topic": "rt/api/sport/request", "data": {"header": {"identity": {"id": 1453488812, "api_id": 1008}}, "parameter": "{\"x\": 1.0, \"y\": 0, \"z\": -0.0}"}}
2026-06-17 11:30:32,227 [INFO] root: Received message on data channel: {"type":"res","topic":"rt/api/sport/response","data":{"header":{"identity":{"api_id":1008,"id":1453488812},"status":{"code":0}},"data":""}}
2026-06-17 11:30:32,330 [INFO] root: > message sent: {"type": "req", "topic": "rt/api/sport/request", "data": {"header": {"identity": {"id": 1453489101, "api_id": 1008}}, "parameter": "{\"x\": 1.0, \"y\": 0, \"z\": -0.0}"}}
2026-06-17 11:30:32,341 [INFO] root: Received message on data channel: {"type":"res","topic":"rt/api/sport/response","data":{"header":{"identity":{"api_id":1008,"id":1453489101},"status":{"code":0}},"data":""}}
2026-06-17 11:30:32,443 [INFO] root: > message sent: {"type": "req", "topic": "rt/api/sport/request", "data": {"header": {"identity": {"id": 1453489059, "api_id": 1008}}, "parameter": "{\"x\": 1.0, \"y\": 0, \"z\": -0.0}"}}
2026-06-17 11:30:32,455 [INFO] root: Received message on data channel: {"type":"res","topic":"rt/api/sport/response","data":{"header":{"identity":{"api_id":1008,"id":1453489059},"status":{"code":0}},"data":""}}
2026-06-17 11:30:32,558 [INFO] root: > message sent: {"type": "req", "topic": "rt/api/sport/request", "data": {"header": {"identity": {"id": 1453488903, "api_id": 1008}}, "parameter": "{\"x\": 1.0, \"y\": 0, \"z\": -0.0}"}}
2026-06-17 11:30:32,609 [INFO] root: Received message on data channel: {"type":"res","topic":"rt/api/sport/response","data":{"header":{"identity":{"api_id":1008,"id":1453488903},"status":{"code":0}},"data":""}}
2026-06-17 11:30:32,714 [INFO] root: > message sent: {"type": "req", "topic": "rt/api/sport/request", "data": {"header": {"identity": {"id": 1453488756, "api_id": 1008}}, "parameter": "{\"x\": 1.0, \"y\": 0, \"z\": -0.0}"}}
2026-06-17 11:30:32,742 [INFO] root: Received message on data channel: {"type":"res","topic":"rt/api/sport/response","data":{"header":{"identity":{"api_id":1008,"id":1453488756},"status":{"code":0}},"data":""}}
2026-06-17 11:30:32,847 [INFO] root: > message sent: {"type": "req", "topic": "rt/api/sport/request", "data": {"header": {"identity": {"id": 1453489188, "api_id": 1008}}, "parameter": "{\"x\": 1.0, \"y\": 0, \"z\": -0.0}"}}
2026-06-17 11:30:32,965 [INFO] root: Received message on data channel: {"type":"res","topic":"rt/api/sport/response","data":{"header":{"identity":{"api_id":1008,"id":1453489188},"status":{"code":0}},"data":""}}
2026-06-17 11:30:33,068 [INFO] root: > message sent: {"type": "req", "topic": "rt/api/sport/request", "data": {"header": {"identity": {"id": 1453489105, "api_id": 1008}}, "parameter": "{\"x\": 1.0, \"y\": 0, \"z\": -0.0}"}}
2026-06-17 11:30:33,082 [INFO] root: Received message on data channel: {"type":"res","topic":"rt/api/sport/response","data":{"header":{"identity":{"api_id":1008,"id":1453489105},"status":{"code":0}},"data":""}}
2026-06-17 11:30:33,185 [INFO] root: > message sent: {"type": "req", "topic": "rt/api/sport/request", "data": {"header": {"identity": {"id": 1453489410, "api_id": 1008}}, "parameter": "{\"x\": 1.0, \"y\": 0, \"z\": -0.0}"}}
2026-06-17 11:30:33,215 [INFO] root: Received message on data channel: {"type":"res","topic":"rt/api/sport/response","data":{"header":{"identity":{"api_id":1008,"id":1453489410},"status":{"code":0}},"data":""}}
2026-06-17 11:30:33,318 [INFO] root: > message sent: {"type": "req", "topic": "rt/api/sport/request", "data": {"header": {"identity": {"id": 1453489288, "api_id": 1008}}, "parameter": "{\"x\": 1.0, \"y\": 0, \"z\": -0.0}"}}
2026-06-17 11:30:33,348 [INFO] root: Received message on data channel: {"type":"res","topic":"rt/api/sport/response","data":{"header":{"identity":{"api_id":1008,"id":1453489288},"status":{"code":0}},"data":""}}
2026-06-17 11:30:33,451 [INFO] root: > message sent: {"type": "req", "topic": "rt/api/sport/request", "data": {"header": {"identity": {"id": 1453490241, "api_id": 1008}}, "parameter": "{\"x\": 1.0, \"y\": 0, \"z\": -0.0}"}}
2026-06-17 11:30:33,463 [INFO] root: Received message on data channel: {"type":"res","topic":"rt/api/sport/response","data":{"header":{"identity":{"api_id":1008,"id":1453490241},"status":{"code":0}},"data":""}}
2026-06-17 11:30:33,554 [INFO] root: > message sent: {"type": "heartbeat", "topic": "", "data": {"timeInStr": "2026-06-17 11:30:33", "timeInNum": 1781717433}}
2026-06-17 11:30:33,564 [INFO] root: Received message on data channel: {"type":"heartbeat"}
2026-06-17 11:30:33,564 [INFO] root: Heartbeat response received.
2026-06-17 11:30:33,566 [INFO] root: > message sent: {"type": "req", "topic": "rt/api/sport/request", "data": {"header": {"identity": {"id": 1453489762, "api_id": 1008}}, "parameter": "{\"x\": 1.0, \"y\": 0, \"z\": -0.0}"}}
2026-06-17 11:30:33,574 [INFO] root: Received message on data channel: {"type":"res","topic":"rt/api/sport/response","data":{"header":{"identity":{"api_id":1008,"id":1453489762},"status":{"code":0}},"data":""}}
2026-06-17 11:30:33,676 [INFO] root: > message sent: {"type": "req", "topic": "rt/api/sport/request", "data": {"header": {"identity": {"id": 1453490113, "api_id": 1008}}, "parameter": "{\"x\": 1.0, \"y\": 0, \"z\": -0.0}"}}
2026-06-17 11:30:33,735 [INFO] root: Received message on data channel: {"type":"res","topic":"rt/api/sport/response","data":{"header":{"identity":{"api_id":1008,"id":1453490113},"status":{"code":0}},"data":""}}
2026-06-17 11:30:34,002 [INFO] go2_survey.bearings: finalize_bearings: updated 76/76 capture bearings in /media/mpg-robodog/KINGSTON1/multimodal_survey/missions/site_2/strip_3/runs/strip_3_2026-06-17_11-28-13/captures
2026-06-17 11:30:34,020 [INFO] go2_survey.capture: Wrote capture manifest: captures.geojson (76 photos)
2026-06-17 11:30:34,022 [INFO] go2_survey.health: ───────────────────── HEALTH AT END ──────────────────────
2026-06-17 11:30:34,023 [INFO] go2_survey.health:   BATTERY  89% │ 31.0V │ -4% over run
2026-06-17 11:30:34,023 [INFO] go2_survey.health:   PEAK     thigh 56°C (RR_thigh) this run
2026-06-17 11:30:34,023 [INFO] go2_survey.health: ──────────────────────────────────────────────────────────
2026-06-17 11:30:34,023 [INFO] root: > message sent: {"type": "vid", "topic": "", "data": "off"}
2026-06-17 11:30:34,025 [INFO] go2_survey.robot: ------------------------------------------------------------
2026-06-17 11:30:34,025 [INFO] go2_survey.robot: -------------------- VIDEO CHANNEL OFF ---------------------
2026-06-17 11:30:34,025 [INFO] go2_survey.robot: ------------------------------------------------------------
2026-06-17 11:30:34,026 [INFO] go2_survey.robot: Stopping robot
2026-06-17 11:30:34,026 [INFO] root: > message sent: {"type": "req", "topic": "rt/api/sport/request", "data": {"header": {"identity": {"id": 1453490510, "api_id": 1003}}, "parameter": ""}}
2026-06-17 11:30:34,027 [ERROR] asyncio: Task exception was never retrieved
future: <Task finished name='Task-6026' coro=<RTCSctpTransport._data_channel_flush() done, defined at /home/mpg-robodog/venvs/mpg-edge/lib/python3.10/site-packages/aiortc/rtcsctptransport.py:1654> exception=ConnectionError('Cannot send encrypted data, not connected')>
Traceback (most recent call last):
  File "/usr/lib/python3.10/asyncio/runners.py", line 44, in run
    return loop.run_until_complete(main)
  File "/usr/lib/python3.10/asyncio/base_events.py", line 636, in run_until_complete
    self.run_forever()
  File "/usr/lib/python3.10/asyncio/base_events.py", line 603, in run_forever
    self._run_once()
  File "/usr/lib/python3.10/asyncio/base_events.py", line 1871, in _run_once
    event_list = self._selector.select(timeout)
  File "/usr/lib/python3.10/selectors.py", line 469, in select
    fd_event_list = self._selector.poll(timeout, max_ev)
KeyboardInterrupt

During handling of the above exception, another exception occurred:

Traceback (most recent call last):
  File "/home/mpg-robodog/venvs/mpg-edge/lib/python3.10/site-packages/aiortc/rtcsctptransport.py", line 1685, in _data_channel_flush
    await self._send(
  File "/home/mpg-robodog/venvs/mpg-edge/lib/python3.10/site-packages/aiortc/rtcsctptransport.py", line 1340, in _send
    await self._transmit()
  File "/home/mpg-robodog/venvs/mpg-edge/lib/python3.10/site-packages/aiortc/rtcsctptransport.py", line 1566, in _transmit
    await self._send_chunk(chunk)
  File "/home/mpg-robodog/venvs/mpg-edge/lib/python3.10/site-packages/aiortc/rtcsctptransport.py", line 1347, in _send_chunk
    await self.__transport._send_data(
  File "/home/mpg-robodog/venvs/mpg-edge/lib/python3.10/site-packages/aiortc/rtcdtlstransport.py", line 701, in _send_data
    raise ConnectionError("Cannot send encrypted data, not connected")
ConnectionError: Cannot send encrypted data, not connected
2026-06-17 11:30:34,037 [ERROR] asyncio: Task exception was never retrieved
future: <Task finished name='Task-6027' coro=<RTCSctpTransport._data_channel_flush() done, defined at /home/mpg-robodog/venvs/mpg-edge/lib/python3.10/site-packages/aiortc/rtcsctptransport.py:1654> exception=ConnectionError('Cannot send encrypted data, not connected')>
Traceback (most recent call last):
  File "/usr/lib/python3.10/asyncio/runners.py", line 44, in run
    return loop.run_until_complete(main)
  File "/usr/lib/python3.10/asyncio/base_events.py", line 636, in run_until_complete
    self.run_forever()
  File "/usr/lib/python3.10/asyncio/base_events.py", line 603, in run_forever
    self._run_once()
  File "/usr/lib/python3.10/asyncio/base_events.py", line 1871, in _run_once
    event_list = self._selector.select(timeout)
  File "/usr/lib/python3.10/selectors.py", line 469, in select
    fd_event_list = self._selector.poll(timeout, max_ev)
KeyboardInterrupt

During handling of the above exception, another exception occurred:

Traceback (most recent call last):
  File "/home/mpg-robodog/venvs/mpg-edge/lib/python3.10/site-packages/aiortc/rtcsctptransport.py", line 1685, in _data_channel_flush
    await self._send(
  File "/home/mpg-robodog/venvs/mpg-edge/lib/python3.10/site-packages/aiortc/rtcsctptransport.py", line 1340, in _send
    await self._transmit()
  File "/home/mpg-robodog/venvs/mpg-edge/lib/python3.10/site-packages/aiortc/rtcsctptransport.py", line 1566, in _transmit
    await self._send_chunk(chunk)
  File "/home/mpg-robodog/venvs/mpg-edge/lib/python3.10/site-packages/aiortc/rtcsctptransport.py", line 1347, in _send_chunk
    await self.__transport._send_data(
  File "/home/mpg-robodog/venvs/mpg-edge/lib/python3.10/site-packages/aiortc/rtcdtlstransport.py", line 701, in _send_data
    raise ConnectionError("Cannot send encrypted data, not connected")
ConnectionError: Cannot send encrypted data, not connected
2026-06-17 11:30:34,040 [INFO] root: Data channel closed
2026-06-17 11:30:36,567 [WARNING] go2_survey.cli: Interrupted
