{
  "type": "FeatureCollection",
  "name": "captures",
  "crs": {
    "type": "name",
    "properties": {
      "name": "urn:ogc:def:crs:OGC:1.3:CRS84"
    }
  },
  "features": [
    {
      "type": "Feature",
      "properties": {
        "file": "leg01_m000_b329_2026-06-17T14-03-15.jpg",
        "leg": "leg01",
        "mark_index": 0,
        "along_track_m": 0.0,
        "achieved_heading": 329.57521327647964,
        "target_bearing": 329.87173278684946,
        "fix_type": 6,
        "hacc_m": 0.014,
        "corrupt": false,
        "position_interpolated": true,
        "captured_at_utc": "2026-06-17T20:03:15.882820+00:00"
      },
      "geometry": {
        "type": "Point",
        "coordinates": [
          -114.01715639999999,
          46.6969199
        ]
      }
    },
    {
      "type": "Feature",
      "properties": {
        "file": "leg01_m001_b329_2026-06-17T14-03-17.jpg",
        "leg": "leg01",
        "mark_index": 1,
        "along_track_m": 1.0,
        "achieved_heading": 326.0431576526162,
        "target_bearing": 329.87173278684946,
        "fix_type": 6,
        "hacc_m": 0.014,
        "corrupt": false,
        "position_interpolated": true,
        "captured_at_utc": "2026-06-17T20:03:17.285100+00:00"
      },
      "geometry": {
        "type": "Point",
        "coordinates": [
          -114.01716287210716,
          46.696926953116105
        ]
      }
    },
    {
      "type": "Feature",
      "properties": {
        "file": "leg01_m002_b329_2026-06-17T14-03-18.jpg",
        "leg": "leg01",
        "mark_index": 2,
        "along_track_m": 2.0,
        "achieved_heading": 327.3074463233519,
        "target_bearing": 329.87173278684946,
        "fix_type": 6,
        "hacc_m": 0.014,
        "corrupt": false,
        "position_interpolated": true,
        "captured_at_utc": "2026-06-17T20:03:18.406598+00:00"
      },
      "geometry": {
        "type": "Point",
        "coordinates": [
          -114.0171701,
          46.696934399999996
        ]
      }
    },
    {
      "type": "Feature",
      "properties": {
        "file": "leg01_m003_b329_2026-06-17T14-03-19.jpg",
        "leg": "leg01",
        "mark_index": 3,
        "along_track_m": 3.0,
        "achieved_heading": 331.4624789578611,
        "target_bearing": 329.87173278684946,
        "fix_type": 6,
        "hacc_m": 0.014,
        "corrupt": false,
        "position_interpolated": true,
        "captured_at_utc": "2026-06-17T20:03:19.457087+00:00"
      },
      "geometry": {
        "type": "Point",
        "coordinates": [
          -114.01717725113328,
          46.6969429925575
        ]
      }
    },
    {
      "type": "Feature",
      "properties": {
        "file": "leg01_m004_b329_2026-06-17T14-03-20.jpg",
        "leg": "leg01",
        "mark_index": 4,
        "along_track_m": 4.0,
        "achieved_heading": 331.09825090619387,
        "target_bearing": 329.87173278684946,
        "fix_type": 6,
        "hacc_m": 0.014,
        "corrupt": false,
        "position_interpolated": true,
        "captured_at_utc": "2026-06-17T20:03:20.582705+00:00"
      },
      "geometry": {
        "type": "Point",
        "coordinates": [
          -114.0171834,
          46.696950799999996
        ]
      }
    },
    {
      "type": "Feature",
      "properties": {
        "file": "leg01_m005_b329_2026-06-17T14-03-21.jpg",
        "leg": "leg01",
        "mark_index": 5,
        "along_track_m": 5.0,
        "achieved_heading": 329.12763053488925,
        "target_bearing": 329.87173278684946,
        "fix_type": 6,
        "hacc_m": 0.014,
        "corrupt": false,
        "position_interpolated": true,
        "captured_at_utc": "2026-06-17T20:03:21.485397+00:00"
      },
      "geometry": {
        "type": "Point",
        "coordinates": [
          -114.01718949829616,
          46.69695876948135
        ]
      }
    },
    {
      "type": "Feature",
      "properties": {
        "file": "leg01_m006_b329_2026-06-17T14-03-22.jpg",
        "leg": "leg01",
        "mark_index": 6,
        "along_track_m": 6.0,
        "achieved_heading": 326.21006741662325,
        "target_bearing": 329.87173278684946,
        "fix_type": 6,
        "hacc_m": 0.014,
        "corrupt": false,
        "position_interpolated": true,
        "captured_at_utc": "2026-06-17T20:03:22.543558+00:00"
      },
      "geometry": {
        "type": "Point",
        "coordinates": [
          -114.01719569999999,
          46.6969667
        ]
      }
    },
    {
      "type": "Feature",
      "properties": {
        "file": "leg01_m007_b329_2026-06-17T14-03-23.jpg",
        "leg": "leg01",
        "mark_index": 7,
        "along_track_m": 7.0,
        "achieved_heading": 326.9147634992147,
        "target_bearing": 329.87173278684946,
        "fix_type": 6,
        "hacc_m": 0.014,
        "corrupt": false,
        "position_interpolated": true,
        "captured_at_utc": "2026-06-17T20:03:23.443073+00:00"
      },
      "geometry": {
        "type": "Point",
        "coordinates": [
          -114.01720214777275,
          46.69697374777275
        ]
      }
    },
    {
      "type": "Feature",
      "properties": {
        "file": "leg01_m008_b329_2026-06-17T14-03-24.jpg",
        "leg": "leg01",
        "mark_index": 8,
        "along_track_m": 8.0,
        "achieved_heading": 327.2931652265727,
        "target_bearing": 329.87173278684946,
        "fix_type": 6,
        "hacc_m": 0.014,
        "corrupt": false,
        "position_interpolated": true,
        "captured_at_utc": "2026-06-17T20:03:24.489602+00:00"
      },
      "geometry": {
        "type": "Point",
        "coordinates": [
          -114.01720905175453,
          46.696981210380294
        ]
      }
    },
    {
      "type": "Feature",
      "properties": {
        "file": "leg01_m009_b329_2026-06-17T14-03-25.jpg",
        "leg": "leg01",
        "mark_index": 9,
        "along_track_m": 9.0,
        "achieved_heading": 328.1548343332056,
        "target_bearing": 329.87173278684946,
        "fix_type": 6,
        "hacc_m": 0.014,
        "corrupt": false,
        "position_interpolated": true,
        "captured_at_utc": "2026-06-17T20:03:25.613680+00:00"
      },
      "geometry": {
        "type": "Point",
        "coordinates": [
          -114.0172156,
          46.696988999999995
        ]
      }
    },
    {
      "type": "Feature",
      "properties": {
        "file": "leg01_m010_b329_2026-06-17T14-03-26.jpg",
        "leg": "leg01",
        "mark_index": 10,
        "along_track_m": 10.0,
        "achieved_heading": 328.61479774987487,
        "target_bearing": 329.87173278684946,
        "fix_type": 6,
        "hacc_m": 0.014,
        "corrupt": false,
        "position_interpolated": true,
        "captured_at_utc": "2026-06-17T20:03:26.598896+00:00"
      },
      "geometry": {
        "type": "Point",
        "coordinates": [
          -114.0172224,
          46.6969965
        ]
      }
    },
    {
      "type": "Feature",
      "properties": {
        "file": "leg01_m011_b329_2026-06-17T14-03-27.jpg",
        "leg": "leg01",
        "mark_index": 11,
        "along_track_m": 11.0,
        "achieved_heading": 330.97570474912214,
        "target_bearing": 329.87173278684946,
        "fix_type": 6,
        "hacc_m": 0.014,
        "corrupt": false,
        "position_interpolated": true,
        "captured_at_utc": "2026-06-17T20:03:27.713314+00:00"
      },
      "geometry": {
        "type": "Point",
        "coordinates": [
          -114.01722947176664,
          46.6970053529444
        ]
      }
    },
    {
      "type": "Feature",
      "properties": {
        "file": "leg01_m012_b329_2026-06-17T14-03-28.jpg",
        "leg": "leg01",
        "mark_index": 12,
        "along_track_m": 12.0,
        "achieved_heading": 328.69230126697965,
        "target_bearing": 329.87173278684946,
        "fix_type": 6,
        "hacc_m": 0.014,
        "corrupt": false,
        "position_interpolated": true,
        "captured_at_utc": "2026-06-17T20:03:28.772452+00:00"
      },
      "geometry": {
        "type": "Point",
        "coordinates": [
          -114.0172357,
          46.6970132
        ]
      }
    },
    {
      "type": "Feature",
      "properties": {
        "file": "leg01_m013_b329_2026-06-17T14-03-29.jpg",
        "leg": "leg01",
        "mark_index": 13,
        "along_track_m": 13.0,
        "achieved_heading": 327.91862271494307,
        "target_bearing": 329.87173278684946,
        "fix_type": 6,
        "hacc_m": 0.014,
        "corrupt": false,
        "position_interpolated": true,
        "captured_at_utc": "2026-06-17T20:03:29.677243+00:00"
      },
      "geometry": {
        "type": "Point",
        "coordinates": [
          -114.01724225539397,
          46.69702034420941
        ]
      }
    },
    {
      "type": "Feature",
      "properties": {
        "file": "leg01_m014_b329_2026-06-17T14-03-30.jpg",
        "leg": "leg01",
        "mark_index": 14,
        "along_track_m": 14.0,
        "achieved_heading": 329.4410165706324,
        "target_bearing": 329.87173278684946,
        "fix_type": 6,
        "hacc_m": 0.014,
        "corrupt": false,
        "position_interpolated": true,
        "captured_at_utc": "2026-06-17T20:03:30.735203+00:00"
      },
      "geometry": {
        "type": "Point",
        "coordinates": [
          -114.01724899999999,
          46.697028499999995
        ]
      }
    },
    {
      "type": "Feature",
      "properties": {
        "file": "leg01_m015_b329_2026-06-17T14-03-31.jpg",
        "leg": "leg01",
        "mark_index": 15,
        "along_track_m": 15.0,
        "achieved_heading": 330.41017570239416,
        "target_bearing": 329.87173278684946,
        "fix_type": 6,
        "hacc_m": 0.014,
        "corrupt": false,
        "position_interpolated": true,
        "captured_at_utc": "2026-06-17T20:03:31.777159+00:00"
      },
      "geometry": {
        "type": "Point",
        "coordinates": [
          -114.0172552,
          46.6970361
        ]
      }
    },
    {
      "type": "Feature",
      "properties": {
        "file": "leg01_m016_b329_2026-06-17T14-03-32.jpg",
        "leg": "leg01",
        "mark_index": 16,
        "along_track_m": 16.0,
        "achieved_heading": 328.4288189204497,
        "target_bearing": 329.87173278684946,
        "fix_type": 6,
        "hacc_m": 0.014,
        "corrupt": false,
        "position_interpolated": true,
        "captured_at_utc": "2026-06-17T20:03:32.830285+00:00"
      },
      "geometry": {
        "type": "Point",
        "coordinates": [
          -114.0172613,
          46.6970439
        ]
      }
    },
    {
      "type": "Feature",
      "properties": {
        "file": "leg01_m017_b329_2026-06-17T14-03-33.jpg",
        "leg": "leg01",
        "mark_index": 17,
        "along_track_m": 17.0,
        "achieved_heading": 327.6611638663128,
        "target_bearing": 329.87173278684946,
        "fix_type": 6,
        "hacc_m": 0.014,
        "corrupt": false,
        "position_interpolated": true,
        "captured_at_utc": "2026-06-17T20:03:33.754419+00:00"
      },
      "geometry": {
        "type": "Point",
        "coordinates": [
          -114.0172676,
          46.6970515
        ]
      }
    },
    {
      "type": "Feature",
      "properties": {
        "file": "leg01_m018_b329_2026-06-17T14-03-34.jpg",
        "leg": "leg01",
        "mark_index": 18,
        "along_track_m": 18.0,
        "achieved_heading": 329.0770320281633,
        "target_bearing": 329.87173278684946,
        "fix_type": 6,
        "hacc_m": 0.014,
        "corrupt": false,
        "position_interpolated": true,
        "captured_at_utc": "2026-06-17T20:03:34.731046+00:00"
      },
      "geometry": {
        "type": "Point",
        "coordinates": [
          -114.0172741,
          46.6970591
        ]
      }
    },
    {
      "type": "Feature",
      "properties": {
        "file": "leg01_m019_b329_2026-06-17T14-03-35.jpg",
        "leg": "leg01",
        "mark_index": 19,
        "along_track_m": 19.0,
        "achieved_heading": 328.79576608106134,
        "target_bearing": 329.87173278684946,
        "fix_type": 6,
        "hacc_m": 0.014,
        "corrupt": false,
        "position_interpolated": true,
        "captured_at_utc": "2026-06-17T20:03:35.847822+00:00"
      },
      "geometry": {
        "type": "Point",
        "coordinates": [
          -114.01728149606497,
          46.697067462469306
        ]
      }
    },
    {
      "type": "Feature",
      "properties": {
        "file": "leg01_m020_b329_2026-06-17T14-03-36.jpg",
        "leg": "leg01",
        "mark_index": 20,
        "along_track_m": 20.0,
        "achieved_heading": 327.61073682346694,
        "target_bearing": 329.87173278684946,
        "fix_type": 6,
        "hacc_m": 0.014,
        "corrupt": false,
        "position_interpolated": true,
        "captured_at_utc": "2026-06-17T20:03:36.888625+00:00"
      },
      "geometry": {
        "type": "Point",
        "coordinates": [
          -114.0172880802839,
          46.697075346481434
        ]
      }
    },
    {
      "type": "Feature",
      "properties": {
        "file": "leg01_m021_b329_2026-06-17T14-03-38.jpg",
        "leg": "leg01",
        "mark_index": 21,
        "along_track_m": 21.0,
        "achieved_heading": 328.49736285854397,
        "target_bearing": 329.87173278684946,
        "fix_type": 6,
        "hacc_m": 0.014,
        "corrupt": false,
        "position_interpolated": true,
        "captured_at_utc": "2026-06-17T20:03:37.944986+00:00"
      },
      "geometry": {
        "type": "Point",
        "coordinates": [
          -114.01729449999999,
          46.697083
        ]
      }
    },
    {
      "type": "Feature",
      "properties": {
        "file": "leg01_m022_b329_2026-06-17T14-03-38.jpg",
        "leg": "leg01",
        "mark_index": 22,
        "along_track_m": 22.0,
        "achieved_heading": 328.3130368511573,
        "target_bearing": 329.87173278684946,
        "fix_type": 6,
        "hacc_m": 0.014,
        "corrupt": false,
        "position_interpolated": true,
        "captured_at_utc": "2026-06-17T20:03:38.911659+00:00"
      },
      "geometry": {
        "type": "Point",
        "coordinates": [
          -114.01730087153629,
          46.69709055859825
        ]
      }
    },
    {
      "type": "Feature",
      "properties": {
        "file": "leg01_m023_b329_2026-06-17T14-03-39.jpg",
        "leg": "leg01",
        "mark_index": 23,
        "along_track_m": 23.0,
        "achieved_heading": 327.69387903786145,
        "target_bearing": 329.87173278684946,
        "fix_type": 6,
        "hacc_m": 0.014,
        "corrupt": false,
        "position_interpolated": true,
        "captured_at_utc": "2026-06-17T20:03:39.965736+00:00"
      },
      "geometry": {
        "type": "Point",
        "coordinates": [
          -114.01730789999999,
          46.6970983
        ]
      }
    },
    {
      "type": "Feature",
      "properties": {
        "file": "leg01_m024_b329_2026-06-17T14-03-41.jpg",
        "leg": "leg01",
        "mark_index": 24,
        "along_track_m": 24.0,
        "achieved_heading": 328.918752361856,
        "target_bearing": 329.87173278684946,
        "fix_type": 6,
        "hacc_m": 0.014,
        "corrupt": false,
        "position_interpolated": true,
        "captured_at_utc": "2026-06-17T20:03:41.020526+00:00"
      },
      "geometry": {
        "type": "Point",
        "coordinates": [
          -114.0173142,
          46.6971061
        ]
      }
    },
    {
      "type": "Feature",
      "properties": {
        "file": "leg01_m025_b329_2026-06-17T14-03-41.jpg",
        "leg": "leg01",
        "mark_index": 25,
        "along_track_m": 25.0,
        "achieved_heading": 328.104711276993,
        "target_bearing": 329.87173278684946,
        "fix_type": 6,
        "hacc_m": 0.014,
        "corrupt": false,
        "position_interpolated": true,
        "captured_at_utc": "2026-06-17T20:03:41.938405+00:00"
      },
      "geometry": {
        "type": "Point",
        "coordinates": [
          -114.0173203,
          46.697113699999996
        ]
      }
    },
    {
      "type": "Feature",
      "properties": {
        "file": "leg01_m026_b329_2026-06-17T14-03-42.jpg",
        "leg": "leg01",
        "mark_index": 26,
        "along_track_m": 26.0,
        "achieved_heading": 326.7079394370714,
        "target_bearing": 329.87173278684946,
        "fix_type": 6,
        "hacc_m": 0.014,
        "corrupt": false,
        "position_interpolated": true,
        "captured_at_utc": "2026-06-17T20:03:42.973949+00:00"
      },
      "geometry": {
        "type": "Point",
        "coordinates": [
          -114.0173267,
          46.6971214
        ]
      }
    },
    {
      "type": "Feature",
      "properties": {
        "file": "leg01_m027_b329_2026-06-17T14-03-44.jpg",
        "leg": "leg01",
        "mark_index": 27,
        "along_track_m": 27.0,
        "achieved_heading": 326.85003105805356,
        "target_bearing": 329.87173278684946,
        "fix_type": 6,
        "hacc_m": 0.014,
        "corrupt": false,
        "position_interpolated": true,
        "captured_at_utc": "2026-06-17T20:03:44.023201+00:00"
      },
      "geometry": {
        "type": "Point",
        "coordinates": [
          -114.0173332,
          46.6971291
        ]
      }
    },
    {
      "type": "Feature",
      "properties": {
        "file": "leg01_m028_b329_2026-06-17T14-03-45.jpg",
        "leg": "leg01",
        "mark_index": 28,
        "along_track_m": 28.0,
        "achieved_heading": 326.19284561972006,
        "target_bearing": 329.87173278684946,
        "fix_type": 6,
        "hacc_m": 0.014,
        "corrupt": false,
        "position_interpolated": true,
        "captured_at_utc": "2026-06-17T20:03:45.008101+00:00"
      },
      "geometry": {
        "type": "Point",
        "coordinates": [
          -114.0173401,
          46.697136799999996
        ]
      }
    },
    {
      "type": "Feature",
      "properties": {
        "file": "leg01_m029_b329_2026-06-17T14-03-46.jpg",
        "leg": "leg01",
        "mark_index": 29,
        "along_track_m": 29.0,
        "achieved_heading": 326.3728739697268,
        "target_bearing": 329.87173278684946,
        "fix_type": 6,
        "hacc_m": 0.014,
        "corrupt": false,
        "position_interpolated": true,
        "captured_at_utc": "2026-06-17T20:03:45.996389+00:00"
      },
      "geometry": {
        "type": "Point",
        "coordinates": [
          -114.0173470212775,
          46.69714495368347
        ]
      }
    },
    {
      "type": "Feature",
      "properties": {
        "file": "leg01_m030_b329_2026-06-17T14-03-47.jpg",
        "leg": "leg01",
        "mark_index": 30,
        "along_track_m": 30.0,
        "achieved_heading": 327.3009796044318,
        "target_bearing": 329.87173278684946,
        "fix_type": 6,
        "hacc_m": 0.014,
        "corrupt": false,
        "position_interpolated": true,
        "captured_at_utc": "2026-06-17T20:03:47.043072+00:00"
      },
      "geometry": {
        "type": "Point",
        "coordinates": [
          -114.01735396663824,
          46.697153025610426
        ]
      }
    },
    {
      "type": "Feature",
      "properties": {
        "file": "leg01_m031_b329_2026-06-17T14-03-48.jpg",
        "leg": "leg01",
        "mark_index": 31,
        "along_track_m": 31.0,
        "achieved_heading": 326.4199786698782,
        "target_bearing": 329.87173278684946,
        "fix_type": 6,
        "hacc_m": 0.014,
        "corrupt": false,
        "position_interpolated": true,
        "captured_at_utc": "2026-06-17T20:03:48.163554+00:00"
      },
      "geometry": {
        "type": "Point",
        "coordinates": [
          -114.0173609,
          46.6971612
        ]
      }
    },
    {
      "type": "Feature",
      "properties": {
        "file": "leg01_m032_b329_2026-06-17T14-03-49.jpg",
        "leg": "leg01",
        "mark_index": 32,
        "along_track_m": 32.0,
        "achieved_heading": 328.01783591179105,
        "target_bearing": 329.87173278684946,
        "fix_type": 6,
        "hacc_m": 0.014,
        "corrupt": false,
        "position_interpolated": true,
        "captured_at_utc": "2026-06-17T20:03:49.076905+00:00"
      },
      "geometry": {
        "type": "Point",
        "coordinates": [
          -114.01736711905731,
          46.697168619057315
        ]
      }
    },
    {
      "type": "Feature",
      "properties": {
        "file": "leg01_m033_b329_2026-06-17T14-03-50.jpg",
        "leg": "leg01",
        "mark_index": 33,
        "along_track_m": 33.0,
        "achieved_heading": 327.3979420930304,
        "target_bearing": 329.87173278684946,
        "fix_type": 6,
        "hacc_m": 0.014,
        "corrupt": false,
        "position_interpolated": true,
        "captured_at_utc": "2026-06-17T20:03:50.127851+00:00"
      },
      "geometry": {
        "type": "Point",
        "coordinates": [
          -114.01737403495008,
          46.69717682627675
        ]
      }
    },
    {
      "type": "Feature",
      "properties": {
        "file": "leg01_m034_b329_2026-06-17T14-03-51.jpg",
        "leg": "leg01",
        "mark_index": 34,
        "along_track_m": 34.0,
        "achieved_heading": 327.3101114844991,
        "target_bearing": 329.87173278684946,
        "fix_type": 6,
        "hacc_m": 0.014,
        "corrupt": false,
        "position_interpolated": true,
        "captured_at_utc": "2026-06-17T20:03:51.109702+00:00"
      },
      "geometry": {
        "type": "Point",
        "coordinates": [
          -114.01738055903976,
          46.69718444897118
        ]
      }
    },
    {
      "type": "Feature",
      "properties": {
        "file": "leg01_m035_b329_2026-06-17T14-03-52.jpg",
        "leg": "leg01",
        "mark_index": 35,
        "along_track_m": 35.0,
        "achieved_heading": 327.5384652318162,
        "target_bearing": 329.87173278684946,
        "fix_type": 6,
        "hacc_m": 0.014,
        "corrupt": false,
        "position_interpolated": true,
        "captured_at_utc": "2026-06-17T20:03:52.012661+00:00"
      },
      "geometry": {
        "type": "Point",
        "coordinates": [
          -114.01738658211376,
          46.69719157166973
        ]
      }
    },
    {
      "type": "Feature",
      "properties": {
        "file": "leg01_m036_b329_2026-06-17T14-03-53.jpg",
        "leg": "leg01",
        "mark_index": 36,
        "along_track_m": 36.0,
        "achieved_heading": 327.89133740530053,
        "target_bearing": 329.87173278684946,
        "fix_type": 6,
        "hacc_m": 0.014,
        "corrupt": false,
        "position_interpolated": true,
        "captured_at_utc": "2026-06-17T20:03:53.129719+00:00"
      },
      "geometry": {
        "type": "Point",
        "coordinates": [
          -114.01739387673177,
          46.6971998682706
        ]
      }
    },
    {
      "type": "Feature",
      "properties": {
        "file": "leg01_m037_b329_2026-06-17T14-03-54.jpg",
        "leg": "leg01",
        "mark_index": 37,
        "along_track_m": 37.0,
        "achieved_heading": 328.4379923380094,
        "target_bearing": 329.87173278684946,
        "fix_type": 6,
        "hacc_m": 0.014,
        "corrupt": false,
        "position_interpolated": true,
        "captured_at_utc": "2026-06-17T20:03:54.109208+00:00"
      },
      "geometry": {
        "type": "Point",
        "coordinates": [
          -114.0174002618765,
          46.697207419376966
        ]
      }
    },
    {
      "type": "Feature",
      "properties": {
        "file": "leg01_m038_b329_2026-06-17T14-03-55.jpg",
        "leg": "leg01",
        "mark_index": 38,
        "along_track_m": 38.0,
        "achieved_heading": 328.12217388160116,
        "target_bearing": 329.87173278684946,
        "fix_type": 6,
        "hacc_m": 0.014,
        "corrupt": false,
        "position_interpolated": true,
        "captured_at_utc": "2026-06-17T20:03:55.093617+00:00"
      },
      "geometry": {
        "type": "Point",
        "coordinates": [
          -114.01740677713765,
          46.697215084278355
        ]
      }
    },
    {
      "type": "Feature",
      "properties": {
        "file": "leg01_m039_b329_2026-06-17T14-03-56.jpg",
        "leg": "leg01",
        "mark_index": 39,
        "along_track_m": 39.0,
        "achieved_heading": 326.8574171338585,
        "target_bearing": 329.87173278684946,
        "fix_type": 6,
        "hacc_m": 0.014,
        "corrupt": false,
        "position_interpolated": true,
        "captured_at_utc": "2026-06-17T20:03:56.069729+00:00"
      },
      "geometry": {
        "type": "Point",
        "coordinates": [
          -114.01741289798227,
          46.697222667057815
        ]
      }
    },
    {
      "type": "Feature",
      "properties": {
        "file": "leg01_m040_b329_2026-06-17T14-03-57.jpg",
        "leg": "leg01",
        "mark_index": 40,
        "along_track_m": 40.0,
        "achieved_heading": 326.04724438255926,
        "target_bearing": 329.87173278684946,
        "fix_type": 6,
        "hacc_m": 0.014,
        "corrupt": false,
        "position_interpolated": true,
        "captured_at_utc": "2026-06-17T20:03:57.122978+00:00"
      },
      "geometry": {
        "type": "Point",
        "coordinates": [
          -114.01741987073417,
          46.697230468482964
        ]
      }
    },
    {
      "type": "Feature",
      "properties": {
        "file": "leg01_m041_b329_2026-06-17T14-03-58.jpg",
        "leg": "leg01",
        "mark_index": 41,
        "along_track_m": 41.0,
        "achieved_heading": 326.177560386306,
        "target_bearing": 329.87173278684946,
        "fix_type": 6,
        "hacc_m": 0.014,
        "corrupt": false,
        "position_interpolated": true,
        "captured_at_utc": "2026-06-17T20:03:58.103988+00:00"
      },
      "geometry": {
        "type": "Point",
        "coordinates": [
          -114.0174265754942,
          46.697237975494204
        ]
      }
    },
    {
      "type": "Feature",
      "properties": {
        "file": "leg01_m042_b329_2026-06-17T14-03-59.jpg",
        "leg": "leg01",
        "mark_index": 42,
        "along_track_m": 42.0,
        "achieved_heading": 327.64975243277496,
        "target_bearing": 329.87173278684946,
        "fix_type": 6,
        "hacc_m": 0.014,
        "corrupt": false,
        "position_interpolated": true,
        "captured_at_utc": "2026-06-17T20:03:59.224207+00:00"
      },
      "geometry": {
        "type": "Point",
        "coordinates": [
          -114.0174334,
          46.697246
        ]
      }
    },
    {
      "type": "Feature",
      "properties": {
        "file": "leg01_m043_b329_2026-06-17T14-04-00.jpg",
        "leg": "leg01",
        "mark_index": 43,
        "along_track_m": 43.0,
        "achieved_heading": 327.5650163867754,
        "target_bearing": 329.87173278684946,
        "fix_type": 6,
        "hacc_m": 0.014,
        "corrupt": false,
        "position_interpolated": true,
        "captured_at_utc": "2026-06-17T20:04:00.131136+00:00"
      },
      "geometry": {
        "type": "Point",
        "coordinates": [
          -114.01743979020942,
          46.69725348870318
        ]
      }
    },
    {
      "type": "Feature",
      "properties": {
        "file": "leg01_m044_b329_2026-06-17T14-04-01.jpg",
        "leg": "leg01",
        "mark_index": 44,
        "along_track_m": 44.0,
        "achieved_heading": 327.7712276971222,
        "target_bearing": 329.87173278684946,
        "fix_type": 6,
        "hacc_m": 0.014,
        "corrupt": false,
        "position_interpolated": true,
        "captured_at_utc": "2026-06-17T20:04:01.185138+00:00"
      },
      "geometry": {
        "type": "Point",
        "coordinates": [
          -114.01744629316825,
          46.697261393168255
        ]
      }
    },
    {
      "type": "Feature",
      "properties": {
        "file": "leg01_m045_b329_2026-06-17T14-04-02.jpg",
        "leg": "leg01",
        "mark_index": 45,
        "along_track_m": 45.0,
        "achieved_heading": 327.61308898396305,
        "target_bearing": 329.87173278684946,
        "fix_type": 6,
        "hacc_m": 0.014,
        "corrupt": false,
        "position_interpolated": true,
        "captured_at_utc": "2026-06-17T20:04:02.308831+00:00"
      },
      "geometry": {
        "type": "Point",
        "coordinates": [
          -114.0174532046758,
          46.69726986495739
        ]
      }
    },
    {
      "type": "Feature",
      "properties": {
        "file": "leg01_m046_b329_2026-06-17T14-04-03.jpg",
        "leg": "leg01",
        "mark_index": 46,
        "along_track_m": 46.0,
        "achieved_heading": 326.48004882759267,
        "target_bearing": 329.87173278684946,
        "fix_type": 6,
        "hacc_m": 0.014,
        "corrupt": false,
        "position_interpolated": true,
        "captured_at_utc": "2026-06-17T20:04:03.353820+00:00"
      },
      "geometry": {
        "type": "Point",
        "coordinates": [
          -114.01745989999999,
          46.6972774
        ]
      }
    },
    {
      "type": "Feature",
      "properties": {
        "file": "leg01_m047_b329_2026-06-17T14-04-04.jpg",
        "leg": "leg01",
        "mark_index": 47,
        "along_track_m": 47.0,
        "achieved_heading": 326.1433967471638,
        "target_bearing": 329.87173278684946,
        "fix_type": 6,
        "hacc_m": 0.014,
        "corrupt": false,
        "position_interpolated": true,
        "captured_at_utc": "2026-06-17T20:04:04.344388+00:00"
      },
      "geometry": {
        "type": "Point",
        "coordinates": [
          -114.0174665,
          46.6972847
        ]
      }
    },
    {
      "type": "Feature",
      "properties": {
        "file": "leg01_m048_b329_2026-06-17T14-04-05.jpg",
        "leg": "leg01",
        "mark_index": 48,
        "along_track_m": 48.0,
        "achieved_heading": 330.0007307507233,
        "target_bearing": 329.87173278684946,
        "fix_type": 6,
        "hacc_m": 0.014,
        "corrupt": false,
        "position_interpolated": true,
        "captured_at_utc": "2026-06-17T20:04:05.457508+00:00"
      },
      "geometry": {
        "type": "Point",
        "coordinates": [
          -114.01747317871353,
          46.69729315381301
        ]
      }
    },
    {
      "type": "Feature",
      "properties": {
        "file": "leg01_m049_b329_2026-06-17T14-04-06.jpg",
        "leg": "leg01",
        "mark_index": 49,
        "along_track_m": 49.0,
        "achieved_heading": 329.39227322995146,
        "target_bearing": 329.87173278684946,
        "fix_type": 6,
        "hacc_m": 0.014,
        "corrupt": false,
        "position_interpolated": true,
        "captured_at_utc": "2026-06-17T20:04:06.364703+00:00"
      },
      "geometry": {
        "type": "Point",
        "coordinates": [
          -114.01747859999999,
          46.6973
        ]
      }
    },
    {
      "type": "Feature",
      "properties": {
        "file": "leg01_m050_b329_2026-06-17T14-04-07.jpg",
        "leg": "leg01",
        "mark_index": 50,
        "along_track_m": 50.0,
        "achieved_heading": 333.1578863645793,
        "target_bearing": 329.87173278684946,
        "fix_type": 6,
        "hacc_m": 0.014,
        "corrupt": false,
        "position_interpolated": true,
        "captured_at_utc": "2026-06-17T20:04:07.424745+00:00"
      },
      "geometry": {
        "type": "Point",
        "coordinates": [
          -114.01748459999999,
          46.697308
        ]
      }
    },
    {
      "type": "Feature",
      "properties": {
        "file": "leg01_m051_b329_2026-06-17T14-04-08.jpg",
        "leg": "leg01",
        "mark_index": 51,
        "along_track_m": 50.541,
        "achieved_heading": 339.2882388055373,
        "target_bearing": 329.87173278684946,
        "fix_type": 6,
        "hacc_m": 0.014,
        "corrupt": false,
        "position_interpolated": true,
        "captured_at_utc": "2026-06-17T20:04:08.044603+00:00"
      },
      "geometry": {
        "type": "Point",
        "coordinates": [
          -114.0174874,
          46.697312499999995
        ]
      }
    },
    {
      "type": "Feature",
      "properties": {
        "file": "leg02_m000_b059_2026-06-17T14-04-11.jpg",
        "leg": "leg02",
        "mark_index": 0,
        "along_track_m": 0.0,
        "achieved_heading": 57.50952561660804,
        "target_bearing": 59.7137812630566,
        "fix_type": 6,
        "hacc_m": 0.014,
        "corrupt": false,
        "position_interpolated": true,
        "captured_at_utc": "2026-06-17T20:04:11.749756+00:00"
      },
      "geometry": {
        "type": "Point",
        "coordinates": [
          -114.01748979999999,
          46.697316799999996
        ]
      }
    },
    {
      "type": "Feature",
      "properties": {
        "file": "leg02_m001_b059_2026-06-17T14-04-13.jpg",
        "leg": "leg02",
        "mark_index": 1,
        "along_track_m": 1.0,
        "achieved_heading": 54.51009155909818,
        "target_bearing": 59.7137812630566,
        "fix_type": 6,
        "hacc_m": 0.014,
        "corrupt": false,
        "position_interpolated": true,
        "captured_at_utc": "2026-06-17T20:04:13.579791+00:00"
      },
      "geometry": {
        "type": "Point",
        "coordinates": [
          -114.0174771,
          46.697322299999996
        ]
      }
    },
    {
      "type": "Feature",
      "properties": {
        "file": "leg02_m002_b059_2026-06-17T14-04-14.jpg",
        "leg": "leg02",
        "mark_index": 2,
        "along_track_m": 2.0,
        "achieved_heading": 57.010880447505684,
        "target_bearing": 59.7137812630566,
        "fix_type": 6,
        "hacc_m": 0.014,
        "corrupt": false,
        "position_interpolated": true,
        "captured_at_utc": "2026-06-17T20:04:14.630766+00:00"
      },
      "geometry": {
        "type": "Point",
        "coordinates": [
          -114.01746584635555,
          46.69732705172631
        ]
      }
    },
    {
      "type": "Feature",
      "properties": {
        "file": "leg02_m003_b059_2026-06-17T14-04-15.jpg",
        "leg": "leg02",
        "mark_index": 3,
        "along_track_m": 3.0,
        "achieved_heading": 63.47017744669253,
        "target_bearing": 59.7137812630566,
        "fix_type": 6,
        "hacc_m": 0.014,
        "corrupt": false,
        "position_interpolated": true,
        "captured_at_utc": "2026-06-17T20:04:15.749830+00:00"
      },
      "geometry": {
        "type": "Point",
        "coordinates": [
          -114.01745439999999,
          46.697331399999996
        ]
      }
    },
    {
      "type": "Feature",
      "properties": {
        "file": "leg02_m004_b059_2026-06-17T14-04-16.jpg",
        "leg": "leg02",
        "mark_index": 4,
        "along_track_m": 4.0,
        "achieved_heading": 70.19260892209951,
        "target_bearing": 59.7137812630566,
        "fix_type": 6,
        "hacc_m": 0.014,
        "corrupt": false,
        "position_interpolated": true,
        "captured_at_utc": "2026-06-17T20:04:16.870541+00:00"
      },
      "geometry": {
        "type": "Point",
        "coordinates": [
          -114.01744200596038,
          46.69733488982538
        ]
      }
    },
    {
      "type": "Feature",
      "properties": {
        "file": "leg02_m005_b059_2026-06-17T14-04-17.jpg",
        "leg": "leg02",
        "mark_index": 5,
        "along_track_m": 4.856,
        "achieved_heading": 72.72571263015239,
        "target_bearing": 59.7137812630566,
        "fix_type": 6,
        "hacc_m": 0.014,
        "corrupt": false,
        "position_interpolated": true,
        "captured_at_utc": "2026-06-17T20:04:17.713926+00:00"
      },
      "geometry": {
        "type": "Point",
        "coordinates": [
          -114.01743222384437,
          46.69733707307731
        ]
      }
    },
    {
      "type": "Feature",
      "properties": {
        "file": "leg03_m000_b149_2026-06-17T14-04-21.jpg",
        "leg": "leg03",
        "mark_index": 0,
        "along_track_m": 0.0,
        "achieved_heading": 146.42384142334234,
        "target_bearing": 149.87153124960474,
        "fix_type": 6,
        "hacc_m": 0.014,
        "corrupt": false,
        "position_interpolated": true,
        "captured_at_utc": "2026-06-17T20:04:21.697851+00:00"
      },
      "geometry": {
        "type": "Point",
        "coordinates": [
          -114.01742879999999,
          46.6973376
        ]
      }
    },
    {
      "type": "Feature",
      "properties": {
        "file": "leg03_m001_b149_2026-06-17T14-04-23.jpg",
        "leg": "leg03",
        "mark_index": 1,
        "along_track_m": 1.0,
        "achieved_heading": 143.8930868422495,
        "target_bearing": 149.87153124960474,
        "fix_type": 6,
        "hacc_m": 0.014,
        "corrupt": false,
        "position_interpolated": true,
        "captured_at_utc": "2026-06-17T20:04:23.318705+00:00"
      },
      "geometry": {
        "type": "Point",
        "coordinates": [
          -114.01742105509778,
          46.697329160106676
        ]
      }
    },
    {
      "type": "Feature",
      "properties": {
        "file": "leg03_m002_b149_2026-06-17T14-04-24.jpg",
        "leg": "leg03",
        "mark_index": 2,
        "along_track_m": 2.0,
        "achieved_heading": 146.19253836144804,
        "target_bearing": 149.87153124960474,
        "fix_type": 6,
        "hacc_m": 0.014,
        "corrupt": false,
        "position_interpolated": true,
        "captured_at_utc": "2026-06-17T20:04:24.421799+00:00"
      },
      "geometry": {
        "type": "Point",
        "coordinates": [
          -114.01741469999999,
          46.6973219
        ]
      }
    },
    {
      "type": "Feature",
      "properties": {
        "file": "leg03_m003_b149_2026-06-17T14-04-25.jpg",
        "leg": "leg03",
        "mark_index": 3,
        "along_track_m": 3.0,
        "achieved_heading": 147.35461136153236,
        "target_bearing": 149.87153124960474,
        "fix_type": 6,
        "hacc_m": 0.014,
        "corrupt": false,
        "position_interpolated": true,
        "captured_at_utc": "2026-06-17T20:04:25.483790+00:00"
      },
      "geometry": {
        "type": "Point",
        "coordinates": [
          -114.01740788569181,
          46.697313380922424
        ]
      }
    },
    {
      "type": "Feature",
      "properties": {
        "file": "leg03_m004_b149_2026-06-17T14-04-26.jpg",
        "leg": "leg03",
        "mark_index": 4,
        "along_track_m": 4.0,
        "achieved_heading": 148.07160284244446,
        "target_bearing": 149.87153124960474,
        "fix_type": 6,
        "hacc_m": 0.014,
        "corrupt": false,
        "position_interpolated": true,
        "captured_at_utc": "2026-06-17T20:04:26.540199+00:00"
      },
      "geometry": {
        "type": "Point",
        "coordinates": [
          -114.01740210747437,
          46.69730571019232
        ]
      }
    },
    {
      "type": "Feature",
      "properties": {
        "file": "leg03_m005_b149_2026-06-17T14-04-27.jpg",
        "leg": "leg03",
        "mark_index": 5,
        "along_track_m": 5.0,
        "achieved_heading": 145.8012088608585,
        "target_bearing": 149.87153124960474,
        "fix_type": 6,
        "hacc_m": 0.014,
        "corrupt": false,
        "position_interpolated": true,
        "captured_at_utc": "2026-06-17T20:04:27.659529+00:00"
      },
      "geometry": {
        "type": "Point",
        "coordinates": [
          -114.01739563358774,
          46.697297498015224
        ]
      }
    },
    {
      "type": "Feature",
      "properties": {
        "file": "leg03_m006_b149_2026-06-17T14-04-28.jpg",
        "leg": "leg03",
        "mark_index": 6,
        "along_track_m": 6.0,
        "achieved_heading": 144.38622539367583,
        "target_bearing": 149.87153124960474,
        "fix_type": 6,
        "hacc_m": 0.014,
        "corrupt": false,
        "position_interpolated": true,
        "captured_at_utc": "2026-06-17T20:04:28.781780+00:00"
      },
      "geometry": {
        "type": "Point",
        "coordinates": [
          -114.0173887,
          46.6972898
        ]
      }
    },
    {
      "type": "Feature",
      "properties": {
        "file": "leg03_m007_b149_2026-06-17T14-04-29.jpg",
        "leg": "leg03",
        "mark_index": 7,
        "along_track_m": 7.0,
        "achieved_heading": 147.8271393651132,
        "target_bearing": 149.87153124960474,
        "fix_type": 6,
        "hacc_m": 0.014,
        "corrupt": false,
        "position_interpolated": true,
        "captured_at_utc": "2026-06-17T20:04:29.758486+00:00"
      },
      "geometry": {
        "type": "Point",
        "coordinates": [
          -114.017383,
          46.697282699999995
        ]
      }
    },
    {
      "type": "Feature",
      "properties": {
        "file": "leg03_m008_b149_2026-06-17T14-04-30.jpg",
        "leg": "leg03",
        "mark_index": 8,
        "along_track_m": 8.0,
        "achieved_heading": 148.34286059218883,
        "target_bearing": 149.87153124960474,
        "fix_type": 6,
        "hacc_m": 0.014,
        "corrupt": false,
        "position_interpolated": true,
        "captured_at_utc": "2026-06-17T20:04:30.880781+00:00"
      },
      "geometry": {
        "type": "Point",
        "coordinates": [
          -114.01737655235033,
          46.697274178525504
        ]
      }
    },
    {
      "type": "Feature",
      "properties": {
        "file": "leg03_m009_b149_2026-06-17T14-04-32.jpg",
        "leg": "leg03",
        "mark_index": 9,
        "along_track_m": 9.0,
        "achieved_heading": 145.22612661442784,
        "target_bearing": 149.87153124960474,
        "fix_type": 6,
        "hacc_m": 0.014,
        "corrupt": false,
        "position_interpolated": true,
        "captured_at_utc": "2026-06-17T20:04:31.930522+00:00"
      },
      "geometry": {
        "type": "Point",
        "coordinates": [
          -114.01737059999999,
          46.697266299999995
        ]
      }
    },
    {
      "type": "Feature",
      "properties": {
        "file": "leg03_m010_b149_2026-06-17T14-04-33.jpg",
        "leg": "leg03",
        "mark_index": 10,
        "along_track_m": 10.0,
        "achieved_heading": 143.76419701549014,
        "target_bearing": 149.87153124960474,
        "fix_type": 6,
        "hacc_m": 0.014,
        "corrupt": false,
        "position_interpolated": true,
        "captured_at_utc": "2026-06-17T20:04:33.252396+00:00"
      },
      "geometry": {
        "type": "Point",
        "coordinates": [
          -114.0173629,
          46.6972573
        ]
      }
    },
    {
      "type": "Feature",
      "properties": {
        "file": "leg03_m011_b149_2026-06-17T14-04-34.jpg",
        "leg": "leg03",
        "mark_index": 11,
        "along_track_m": 11.0,
        "achieved_heading": 143.60149899353786,
        "target_bearing": 149.87153124960474,
        "fix_type": 6,
        "hacc_m": 0.014,
        "corrupt": false,
        "position_interpolated": true,
        "captured_at_utc": "2026-06-17T20:04:34.112666+00:00"
      },
      "geometry": {
        "type": "Point",
        "coordinates": [
          -114.01735616505728,
          46.697250215844136
        ]
      }
    },
    {
      "type": "Feature",
      "properties": {
        "file": "leg03_m013_b149_2026-06-17T14-04-40.jpg",
        "leg": "leg03",
        "mark_index": 13,
        "along_track_m": 13.0,
        "achieved_heading": 150.13618272484507,
        "target_bearing": 149.87153124960474,
        "fix_type": 6,
        "hacc_m": 0.014,
        "corrupt": false,
        "position_interpolated": true,
        "captured_at_utc": "2026-06-17T20:04:39.987736+00:00"
      },
      "geometry": {
        "type": "Point",
        "coordinates": [
          -114.0173433,
          46.697234599999994
        ]
      }
    },
    {
      "type": "Feature",
      "properties": {
        "file": "leg03_m014_b149_2026-06-17T14-04-41.jpg",
        "leg": "leg03",
        "mark_index": 14,
        "along_track_m": 14.0,
        "achieved_heading": 149.02821493906444,
        "target_bearing": 149.87153124960474,
        "fix_type": 6,
        "hacc_m": 0.014,
        "corrupt": false,
        "position_interpolated": true,
        "captured_at_utc": "2026-06-17T20:04:41.937898+00:00"
      },
      "geometry": {
        "type": "Point",
        "coordinates": [
          -114.0173382,
          46.697227299999994
        ]
      }
    },
    {
      "type": "Feature",
      "properties": {
        "file": "leg03_m015_b149_2026-06-17T14-04-43.jpg",
        "leg": "leg03",
        "mark_index": 15,
        "along_track_m": 15.0,
        "achieved_heading": 144.4756997401583,
        "target_bearing": 149.87153124960474,
        "fix_type": 6,
        "hacc_m": 0.014,
        "corrupt": false,
        "position_interpolated": true,
        "captured_at_utc": "2026-06-17T20:04:42.994714+00:00"
      },
      "geometry": {
        "type": "Point",
        "coordinates": [
          -114.0173325,
          46.6972197
        ]
      }
    },
    {
      "type": "Feature",
      "properties": {
        "file": "leg03_m016_b149_2026-06-17T14-04-44.jpg",
        "leg": "leg03",
        "mark_index": 16,
        "along_track_m": 16.0,
        "achieved_heading": 141.03117819584838,
        "target_bearing": 149.87153124960474,
        "fix_type": 6,
        "hacc_m": 0.014,
        "corrupt": false,
        "position_interpolated": true,
        "captured_at_utc": "2026-06-17T20:04:44.104425+00:00"
      },
      "geometry": {
        "type": "Point",
        "coordinates": [
          -114.01732516696258,
          46.69721128920946
        ]
      }
    },
    {
      "type": "Feature",
      "properties": {
        "file": "leg03_m017_b149_2026-06-17T14-04-45.jpg",
        "leg": "leg03",
        "mark_index": 17,
        "along_track_m": 17.0,
        "achieved_heading": 142.49856184957378,
        "target_bearing": 149.87153124960474,
        "fix_type": 6,
        "hacc_m": 0.014,
        "corrupt": false,
        "position_interpolated": true,
        "captured_at_utc": "2026-06-17T20:04:45.170167+00:00"
      },
      "geometry": {
        "type": "Point",
        "coordinates": [
          -114.0173181,
          46.6972038
        ]
      }
    },
    {
      "type": "Feature",
      "properties": {
        "file": "leg03_m018_b149_2026-06-17T14-04-46.jpg",
        "leg": "leg03",
        "mark_index": 18,
        "along_track_m": 18.0,
        "achieved_heading": 144.30044654625976,
        "target_bearing": 149.87153124960474,
        "fix_type": 6,
        "hacc_m": 0.014,
        "corrupt": false,
        "position_interpolated": true,
        "captured_at_utc": "2026-06-17T20:04:46.207433+00:00"
      },
      "geometry": {
        "type": "Point",
        "coordinates": [
          -114.0173119,
          46.6971968
        ]
      }
    },
    {
      "type": "Feature",
      "properties": {
        "file": "leg03_m019_b149_2026-06-17T14-04-47.jpg",
        "leg": "leg03",
        "mark_index": 19,
        "along_track_m": 19.0,
        "achieved_heading": 144.721831058124,
        "target_bearing": 149.87153124960474,
        "fix_type": 6,
        "hacc_m": 0.014,
        "corrupt": false,
        "position_interpolated": true,
        "captured_at_utc": "2026-06-17T20:04:47.264784+00:00"
      },
      "geometry": {
        "type": "Point",
        "coordinates": [
          -114.0173042210711,
          46.697188353461186
        ]
      }
    },
    {
      "type": "Feature",
      "properties": {
        "file": "leg03_m020_b149_2026-06-17T14-04-48.jpg",
        "leg": "leg03",
        "mark_index": 20,
        "along_track_m": 20.0,
        "achieved_heading": 144.98737302553022,
        "target_bearing": 149.87153124960474,
        "fix_type": 6,
        "hacc_m": 0.014,
        "corrupt": false,
        "position_interpolated": true,
        "captured_at_utc": "2026-06-17T20:04:48.383597+00:00"
      },
      "geometry": {
        "type": "Point",
        "coordinates": [
          -114.01729759999999,
          46.6971807
        ]
      }
    },
    {
      "type": "Feature",
      "properties": {
        "file": "leg03_m021_b149_2026-06-17T14-04-49.jpg",
        "leg": "leg03",
        "mark_index": 21,
        "along_track_m": 21.0,
        "achieved_heading": 144.54077839533545,
        "target_bearing": 149.87153124960474,
        "fix_type": 6,
        "hacc_m": 0.014,
        "corrupt": false,
        "position_interpolated": true,
        "captured_at_utc": "2026-06-17T20:04:49.293958+00:00"
      },
      "geometry": {
        "type": "Point",
        "coordinates": [
          -114.01729171344331,
          46.69717336680415
        ]
      }
    },
    {
      "type": "Feature",
      "properties": {
        "file": "leg03_m022_b149_2026-06-17T14-04-50.jpg",
        "leg": "leg03",
        "mark_index": 22,
        "along_track_m": 22.0,
        "achieved_heading": 143.24134140725047,
        "target_bearing": 149.87153124960474,
        "fix_type": 6,
        "hacc_m": 0.014,
        "corrupt": false,
        "position_interpolated": true,
        "captured_at_utc": "2026-06-17T20:04:50.414573+00:00"
      },
      "geometry": {
        "type": "Point",
        "coordinates": [
          -114.01728465034981,
          46.697165481226676
        ]
      }
    },
    {
      "type": "Feature",
      "properties": {
        "file": "leg03_m023_b149_2026-06-17T14-04-51.jpg",
        "leg": "leg03",
        "mark_index": 23,
        "along_track_m": 23.0,
        "achieved_heading": 144.3487079355794,
        "target_bearing": 149.87153124960474,
        "fix_type": 6,
        "hacc_m": 0.014,
        "corrupt": false,
        "position_interpolated": true,
        "captured_at_utc": "2026-06-17T20:04:51.534766+00:00"
      },
      "geometry": {
        "type": "Point",
        "coordinates": [
          -114.01727749999999,
          46.697157399999995
        ]
      }
    },
    {
      "type": "Feature",
      "properties": {
        "file": "leg03_m024_b149_2026-06-17T14-04-52.jpg",
        "leg": "leg03",
        "mark_index": 24,
        "along_track_m": 24.0,
        "achieved_heading": 144.58267071037676,
        "target_bearing": 149.87153124960474,
        "fix_type": 6,
        "hacc_m": 0.014,
        "corrupt": false,
        "position_interpolated": true,
        "captured_at_utc": "2026-06-17T20:04:52.584331+00:00"
      },
      "geometry": {
        "type": "Point",
        "coordinates": [
          -114.017271,
          46.6971499
        ]
      }
    },
    {
      "type": "Feature",
      "properties": {
        "file": "leg03_m025_b149_2026-06-17T14-04-53.jpg",
        "leg": "leg03",
        "mark_index": 25,
        "along_track_m": 25.0,
        "achieved_heading": 145.6333457194968,
        "target_bearing": 149.87153124960474,
        "fix_type": 6,
        "hacc_m": 0.014,
        "corrupt": false,
        "position_interpolated": true,
        "captured_at_utc": "2026-06-17T20:04:53.704326+00:00"
      },
      "geometry": {
        "type": "Point",
        "coordinates": [
          -114.01726396784731,
          46.69714158075865
        ]
      }
    },
    {
      "type": "Feature",
      "properties": {
        "file": "leg03_m026_b149_2026-06-17T14-04-54.jpg",
        "leg": "leg03",
        "mark_index": 26,
        "along_track_m": 26.0,
        "achieved_heading": 146.15898600405905,
        "target_bearing": 149.87153124960474,
        "fix_type": 6,
        "hacc_m": 0.014,
        "corrupt": false,
        "position_interpolated": true,
        "captured_at_utc": "2026-06-17T20:04:54.682758+00:00"
      },
      "geometry": {
        "type": "Point",
        "coordinates": [
          -114.01725810420952,
          46.69713420420952
        ]
      }
    },
    {
      "type": "Feature",
      "properties": {
        "file": "leg03_m027_b149_2026-06-17T14-04-55.jpg",
        "leg": "leg03",
        "mark_index": 27,
        "along_track_m": 27.0,
        "achieved_heading": 146.61450148829496,
        "target_bearing": 149.87153124960474,
        "fix_type": 6,
        "hacc_m": 0.014,
        "corrupt": false,
        "position_interpolated": true,
        "captured_at_utc": "2026-06-17T20:04:55.735450+00:00"
      },
      "geometry": {
        "type": "Point",
        "coordinates": [
          -114.0172516,
          46.6971262
        ]
      }
    },
    {
      "type": "Feature",
      "properties": {
        "file": "leg03_m028_b149_2026-06-17T14-04-56.jpg",
        "leg": "leg03",
        "mark_index": 28,
        "along_track_m": 28.0,
        "achieved_heading": 145.70387107329057,
        "target_bearing": 149.87153124960474,
        "fix_type": 6,
        "hacc_m": 0.014,
        "corrupt": false,
        "position_interpolated": true,
        "captured_at_utc": "2026-06-17T20:04:56.850678+00:00"
      },
      "geometry": {
        "type": "Point",
        "coordinates": [
          -114.01724519999999,
          46.6971189
        ]
      }
    },
    {
      "type": "Feature",
      "properties": {
        "file": "leg03_m029_b149_2026-06-17T14-04-57.jpg",
        "leg": "leg03",
        "mark_index": 29,
        "along_track_m": 29.0,
        "achieved_heading": 144.41103329407835,
        "target_bearing": 149.87153124960474,
        "fix_type": 6,
        "hacc_m": 0.014,
        "corrupt": false,
        "position_interpolated": true,
        "captured_at_utc": "2026-06-17T20:04:57.769878+00:00"
      },
      "geometry": {
        "type": "Point",
        "coordinates": [
          -114.0172386,
          46.6971116
        ]
      }
    },
    {
      "type": "Feature",
      "properties": {
        "file": "leg03_m030_b149_2026-06-17T14-04-58.jpg",
        "leg": "leg03",
        "mark_index": 30,
        "along_track_m": 30.0,
        "achieved_heading": 145.66143108965463,
        "target_bearing": 149.87153124960474,
        "fix_type": 6,
        "hacc_m": 0.014,
        "corrupt": false,
        "position_interpolated": true,
        "captured_at_utc": "2026-06-17T20:04:58.883348+00:00"
      },
      "geometry": {
        "type": "Point",
        "coordinates": [
          -114.01723125219011,
          46.69710312096923
        ]
      }
    },
    {
      "type": "Feature",
      "properties": {
        "file": "leg03_m031_b149_2026-06-17T14-05-00.jpg",
        "leg": "leg03",
        "mark_index": 31,
        "along_track_m": 31.0,
        "achieved_heading": 144.3574755950831,
        "target_bearing": 149.87153124960474,
        "fix_type": 6,
        "hacc_m": 0.014,
        "corrupt": false,
        "position_interpolated": true,
        "captured_at_utc": "2026-06-17T20:04:59.944240+00:00"
      },
      "geometry": {
        "type": "Point",
        "coordinates": [
          -114.0172247,
          46.697095399999995
        ]
      }
    },
    {
      "type": "Feature",
      "properties": {
        "file": "leg03_m032_b149_2026-06-17T14-05-01.jpg",
        "leg": "leg03",
        "mark_index": 32,
        "along_track_m": 32.0,
        "achieved_heading": 145.98757819696664,
        "target_bearing": 149.87153124960474,
        "fix_type": 6,
        "hacc_m": 0.014,
        "corrupt": false,
        "position_interpolated": true,
        "captured_at_utc": "2026-06-17T20:05:00.989811+00:00"
      },
      "geometry": {
        "type": "Point",
        "coordinates": [
          -114.01721819999999,
          46.697088
        ]
      }
    },
    {
      "type": "Feature",
      "properties": {
        "file": "leg03_m033_b149_2026-06-17T14-05-02.jpg",
        "leg": "leg03",
        "mark_index": 33,
        "along_track_m": 33.0,
        "achieved_heading": 145.94191001602408,
        "target_bearing": 149.87153124960474,
        "fix_type": 6,
        "hacc_m": 0.014,
        "corrupt": false,
        "position_interpolated": true,
        "captured_at_utc": "2026-06-17T20:05:02.037535+00:00"
      },
      "geometry": {
        "type": "Point",
        "coordinates": [
          -114.01721130614325,
          46.69707975652722
        ]
      }
    },
    {
      "type": "Feature",
      "properties": {
        "file": "leg03_m034_b149_2026-06-17T14-05-03.jpg",
        "leg": "leg03",
        "mark_index": 34,
        "along_track_m": 34.0,
        "achieved_heading": 147.64828382928715,
        "target_bearing": 149.87153124960474,
        "fix_type": 6,
        "hacc_m": 0.014,
        "corrupt": false,
        "position_interpolated": true,
        "captured_at_utc": "2026-06-17T20:05:03.156874+00:00"
      },
      "geometry": {
        "type": "Point",
        "coordinates": [
          -114.01720429999999,
          46.697071699999995
        ]
      }
    },
    {
      "type": "Feature",
      "properties": {
        "file": "leg03_m035_b149_2026-06-17T14-05-04.jpg",
        "leg": "leg03",
        "mark_index": 35,
        "along_track_m": 35.0,
        "achieved_heading": 145.7444453021127,
        "target_bearing": 149.87153124960474,
        "fix_type": 6,
        "hacc_m": 0.014,
        "corrupt": false,
        "position_interpolated": true,
        "captured_at_utc": "2026-06-17T20:05:04.144969+00:00"
      },
      "geometry": {
        "type": "Point",
        "coordinates": [
          -114.0171984,
          46.697064399999995
        ]
      }
    },
    {
      "type": "Feature",
      "properties": {
        "file": "leg03_m036_b149_2026-06-17T14-05-05.jpg",
        "leg": "leg03",
        "mark_index": 36,
        "along_track_m": 36.0,
        "achieved_heading": 146.88841832787702,
        "target_bearing": 149.87153124960474,
        "fix_type": 6,
        "hacc_m": 0.014,
        "corrupt": false,
        "position_interpolated": true,
        "captured_at_utc": "2026-06-17T20:05:04.774294+00:00"
      },
      "geometry": {
        "type": "Point",
        "coordinates": [
          -114.01719453690615,
          46.69706003690614
        ]
      }
    },
    {
      "type": "Feature",
      "properties": {
        "file": "leg03_m038_b149_2026-06-17T14-05-12.jpg",
        "leg": "leg03",
        "mark_index": 38,
        "along_track_m": 38.0,
        "achieved_heading": 135.31082952338522,
        "target_bearing": 149.87153124960474,
        "fix_type": 6,
        "hacc_m": 0.014,
        "corrupt": false,
        "position_interpolated": true,
        "captured_at_utc": "2026-06-17T20:05:12.536455+00:00"
      },
      "geometry": {
        "type": "Point",
        "coordinates": [
          -114.01717574594235,
          46.69704230337583
        ]
      }
    },
    {
      "type": "Feature",
      "properties": {
        "file": "leg03_m039_b149_2026-06-17T14-05-13.jpg",
        "leg": "leg03",
        "mark_index": 39,
        "along_track_m": 39.0,
        "achieved_heading": 149.41351703169335,
        "target_bearing": 149.87153124960474,
        "fix_type": 6,
        "hacc_m": 0.014,
        "corrupt": false,
        "position_interpolated": true,
        "captured_at_utc": "2026-06-17T20:05:13.444293+00:00"
      },
      "geometry": {
        "type": "Point",
        "coordinates": [
          -114.0171688,
          46.697035299999996
        ]
      }
    },
    {
      "type": "Feature",
      "properties": {
        "file": "leg03_m040_b149_2026-06-17T14-05-14.jpg",
        "leg": "leg03",
        "mark_index": 40,
        "along_track_m": 40.0,
        "achieved_heading": 153.80314081349286,
        "target_bearing": 149.87153124960474,
        "fix_type": 6,
        "hacc_m": 0.014,
        "corrupt": false,
        "position_interpolated": true,
        "captured_at_utc": "2026-06-17T20:05:14.562476+00:00"
      },
      "geometry": {
        "type": "Point",
        "coordinates": [
          -114.01716239999999,
          46.6970259
        ]
      }
    },
    {
      "type": "Feature",
      "properties": {
        "file": "leg03_m041_b149_2026-06-17T14-05-15.jpg",
        "leg": "leg03",
        "mark_index": 41,
        "along_track_m": 41.0,
        "achieved_heading": 151.4396899085782,
        "target_bearing": 149.87153124960474,
        "fix_type": 6,
        "hacc_m": 0.014,
        "corrupt": false,
        "position_interpolated": true,
        "captured_at_utc": "2026-06-17T20:05:15.481110+00:00"
      },
      "geometry": {
        "type": "Point",
        "coordinates": [
          -114.0171577634997,
          46.69701844794949
        ]
      }
    },
    {
      "type": "Feature",
      "properties": {
        "file": "leg03_m042_b149_2026-06-17T14-05-16.jpg",
        "leg": "leg03",
        "mark_index": 42,
        "along_track_m": 42.0,
        "achieved_heading": 146.33358337770662,
        "target_bearing": 149.87153124960474,
        "fix_type": 6,
        "hacc_m": 0.014,
        "corrupt": false,
        "position_interpolated": true,
        "captured_at_utc": "2026-06-17T20:05:16.596196+00:00"
      },
      "geometry": {
        "type": "Point",
        "coordinates": [
          -114.0171519,
          46.6970106
        ]
      }
    },
    {
      "type": "Feature",
      "properties": {
        "file": "leg03_m043_b149_2026-06-17T14-05-17.jpg",
        "leg": "leg03",
        "mark_index": 43,
        "along_track_m": 43.0,
        "achieved_heading": 145.60429939371267,
        "target_bearing": 149.87153124960474,
        "fix_type": 6,
        "hacc_m": 0.014,
        "corrupt": false,
        "position_interpolated": true,
        "captured_at_utc": "2026-06-17T20:05:17.649185+00:00"
      },
      "geometry": {
        "type": "Point",
        "coordinates": [
          -114.01714508057466,
          46.697002169893835
        ]
      }
    },
    {
      "type": "Feature",
      "properties": {
        "file": "leg03_m044_b149_2026-06-17T14-05-18.jpg",
        "leg": "leg03",
        "mark_index": 44,
        "along_track_m": 44.0,
        "achieved_heading": 144.8706865898948,
        "target_bearing": 149.87153124960474,
        "fix_type": 6,
        "hacc_m": 0.014,
        "corrupt": false,
        "position_interpolated": true,
        "captured_at_utc": "2026-06-17T20:05:18.768739+00:00"
      },
      "geometry": {
        "type": "Point",
        "coordinates": [
          -114.01713799999999,
          46.696994
        ]
      }
    },
    {
      "type": "Feature",
      "properties": {
        "file": "leg03_m045_b149_2026-06-17T14-05-19.jpg",
        "leg": "leg03",
        "mark_index": 45,
        "along_track_m": 45.0,
        "achieved_heading": 145.882410457851,
        "target_bearing": 149.87153124960474,
        "fix_type": 6,
        "hacc_m": 0.014,
        "corrupt": false,
        "position_interpolated": true,
        "captured_at_utc": "2026-06-17T20:05:19.679503+00:00"
      },
      "geometry": {
        "type": "Point",
        "coordinates": [
          -114.01713206041121,
          46.69698695051403
        ]
      }
    },
    {
      "type": "Feature",
      "properties": {
        "file": "leg03_m046_b149_2026-06-17T14-05-20.jpg",
        "leg": "leg03",
        "mark_index": 46,
        "along_track_m": 46.0,
        "achieved_heading": 145.997163667648,
        "target_bearing": 149.87153124960474,
        "fix_type": 6,
        "hacc_m": 0.014,
        "corrupt": false,
        "position_interpolated": true,
        "captured_at_utc": "2026-06-17T20:05:20.725509+00:00"
      },
      "geometry": {
        "type": "Point",
        "coordinates": [
          -114.01712530787873,
          46.696978832773816
        ]
      }
    },
    {
      "type": "Feature",
      "properties": {
        "file": "leg03_m047_b149_2026-06-17T14-05-21.jpg",
        "leg": "leg03",
        "mark_index": 47,
        "along_track_m": 47.0,
        "achieved_heading": 144.80404584356825,
        "target_bearing": 149.87153124960474,
        "fix_type": 6,
        "hacc_m": 0.014,
        "corrupt": false,
        "position_interpolated": true,
        "captured_at_utc": "2026-06-17T20:05:21.859740+00:00"
      },
      "geometry": {
        "type": "Point",
        "coordinates": [
          -114.017119,
          46.6969715
        ]
      }
    },
    {
      "type": "Feature",
      "properties": {
        "file": "leg03_m048_b149_2026-06-17T14-05-22.jpg",
        "leg": "leg03",
        "mark_index": 48,
        "along_track_m": 48.0,
        "achieved_heading": 146.04913570659787,
        "target_bearing": 149.87153124960474,
        "fix_type": 6,
        "hacc_m": 0.014,
        "corrupt": false,
        "position_interpolated": true,
        "captured_at_utc": "2026-06-17T20:05:22.757409+00:00"
      },
      "geometry": {
        "type": "Point",
        "coordinates": [
          -114.017112,
          46.6969639
        ]
      }
    },
    {
      "type": "Feature",
      "properties": {
        "file": "leg03_m049_b149_2026-06-17T14-05-23.jpg",
        "leg": "leg03",
        "mark_index": 49,
        "along_track_m": 49.0,
        "achieved_heading": 148.3413820484609,
        "target_bearing": 149.87153124960474,
        "fix_type": 6,
        "hacc_m": 0.014,
        "corrupt": false,
        "position_interpolated": true,
        "captured_at_utc": "2026-06-17T20:05:23.810464+00:00"
      },
      "geometry": {
        "type": "Point",
        "coordinates": [
          -114.01710609999999,
          46.696956199999995
        ]
      }
    },
    {
      "type": "Feature",
      "properties": {
        "file": "leg03_m050_b149_2026-06-17T14-05-25.jpg",
        "leg": "leg03",
        "mark_index": 50,
        "along_track_m": 50.0,
        "achieved_heading": 148.4482457960429,
        "target_bearing": 149.87153124960474,
        "fix_type": 6,
        "hacc_m": 0.014,
        "corrupt": false,
        "position_interpolated": true,
        "captured_at_utc": "2026-06-17T20:05:24.852796+00:00"
      },
      "geometry": {
        "type": "Point",
        "coordinates": [
          -114.01709973033746,
          46.69694764770224
        ]
      }
    },
    {
      "type": "Feature",
      "properties": {
        "file": "leg03_m051_b149_2026-06-17T14-05-25.jpg",
        "leg": "leg03",
        "mark_index": 51,
        "along_track_m": 50.565,
        "achieved_heading": 148.1093231174384,
        "target_bearing": 149.87153124960474,
        "fix_type": 6,
        "hacc_m": 0.014,
        "corrupt": false,
        "position_interpolated": true,
        "captured_at_utc": "2026-06-17T20:05:25.348096+00:00"
      },
      "geometry": {
        "type": "Point",
        "coordinates": [
          -114.01709659999999,
          46.6969439
        ]
      }
    },
    {
      "type": "Feature",
      "properties": {
        "file": "leg04_m000_b059_2026-06-17T14-05-29.jpg",
        "leg": "leg04",
        "mark_index": 0,
        "along_track_m": 0.0,
        "achieved_heading": 59.36704149749842,
        "target_bearing": 59.714066001236176,
        "fix_type": 6,
        "hacc_m": 0.014,
        "corrupt": false,
        "position_interpolated": true,
        "captured_at_utc": "2026-06-17T20:05:29.624844+00:00"
      },
      "geometry": {
        "type": "Point",
        "coordinates": [
          -114.01709389999999,
          46.696942299999996
        ]
      }
    },
    {
      "type": "Feature",
      "properties": {
        "file": "leg04_m001_b059_2026-06-17T14-05-31.jpg",
        "leg": "leg04",
        "mark_index": 1,
        "along_track_m": 1.0,
        "achieved_heading": 57.40019197837332,
        "target_bearing": 59.714066001236176,
        "fix_type": 6,
        "hacc_m": 0.014,
        "corrupt": false,
        "position_interpolated": true,
        "captured_at_utc": "2026-06-17T20:05:31.173645+00:00"
      },
      "geometry": {
        "type": "Point",
        "coordinates": [
          -114.0170823,
          46.696945899999996
        ]
      }
    },
    {
      "type": "Feature",
      "properties": {
        "file": "leg04_m002_b059_2026-06-17T14-05-32.jpg",
        "leg": "leg04",
        "mark_index": 2,
        "along_track_m": 2.0,
        "achieved_heading": 53.59953374015252,
        "target_bearing": 59.714066001236176,
        "fix_type": 6,
        "hacc_m": 0.014,
        "corrupt": false,
        "position_interpolated": true,
        "captured_at_utc": "2026-06-17T20:05:32.149559+00:00"
      },
      "geometry": {
        "type": "Point",
        "coordinates": [
          -114.0170715,
          46.696950199999996
        ]
      }
    },
    {
      "type": "Feature",
      "properties": {
        "file": "leg04_m003_b059_2026-06-17T14-05-33.jpg",
        "leg": "leg04",
        "mark_index": 3,
        "along_track_m": 3.0,
        "achieved_heading": 47.245088017474615,
        "target_bearing": 59.714066001236176,
        "fix_type": 6,
        "hacc_m": 0.014,
        "corrupt": false,
        "position_interpolated": true,
        "captured_at_utc": "2026-06-17T20:05:33.199029+00:00"
      },
      "geometry": {
        "type": "Point",
        "coordinates": [
          -114.01706052603514,
          46.696955236982426
        ]
      }
    },
    {
      "type": "Feature",
      "properties": {
        "file": "leg04_m004_b059_2026-06-17T14-05-34.jpg",
        "leg": "leg04",
        "mark_index": 4,
        "along_track_m": 4.0,
        "achieved_heading": 48.4967143209379,
        "target_bearing": 59.714066001236176,
        "fix_type": 6,
        "hacc_m": 0.014,
        "corrupt": false,
        "position_interpolated": true,
        "captured_at_utc": "2026-06-17T20:05:34.309920+00:00"
      },
      "geometry": {
        "type": "Point",
        "coordinates": [
          -114.01704990088686,
          46.69696113451222
        ]
      }
    },
    {
      "type": "Feature",
      "properties": {
        "file": "leg04_m005_b059_2026-06-17T14-05-35.jpg",
        "leg": "leg04",
        "mark_index": 5,
        "along_track_m": 4.888,
        "achieved_heading": 52.68816836400318,
        "target_bearing": 59.714066001236176,
        "fix_type": 6,
        "hacc_m": 0.014,
        "corrupt": false,
        "position_interpolated": true,
        "captured_at_utc": "2026-06-17T20:05:35.176292+00:00"
      },
      "geometry": {
        "type": "Point",
        "coordinates": [
          -114.01704149999999,
          46.6969655
        ]
      }
    },
    {
      "type": "Feature",
      "properties": {
        "file": "leg05_m000_b329_2026-06-17T14-05-39.jpg",
        "leg": "leg05",
        "mark_index": 0,
        "along_track_m": 0.0,
        "achieved_heading": 329.5817860958675,
        "target_bearing": 329.87181522941916,
        "fix_type": 6,
        "hacc_m": 0.014,
        "corrupt": false,
        "position_interpolated": true,
        "captured_at_utc": "2026-06-17T20:05:39.212078+00:00"
      },
      "geometry": {
        "type": "Point",
        "coordinates": [
          -114.0170394,
          46.6969675
        ]
      }
    },
    {
      "type": "Feature",
      "properties": {
        "file": "leg05_m001_b329_2026-06-17T14-05-40.jpg",
        "leg": "leg05",
        "mark_index": 1,
        "along_track_m": 1.0,
        "achieved_heading": 325.09409416550534,
        "target_bearing": 329.87181522941916,
        "fix_type": 6,
        "hacc_m": 0.014,
        "corrupt": false,
        "position_interpolated": true,
        "captured_at_utc": "2026-06-17T20:05:40.686794+00:00"
      },
      "geometry": {
        "type": "Point",
        "coordinates": [
          -114.01704496160683,
          46.69697533420725
        ]
      }
    },
    {
      "type": "Feature",
      "properties": {
        "file": "leg05_m002_b329_2026-06-17T14-05-41.jpg",
        "leg": "leg05",
        "mark_index": 2,
        "along_track_m": 2.0,
        "achieved_heading": 318.88409110297994,
        "target_bearing": 329.87181522941916,
        "fix_type": 6,
        "hacc_m": 0.014,
        "corrupt": false,
        "position_interpolated": true,
        "captured_at_utc": "2026-06-17T20:05:41.589947+00:00"
      },
      "geometry": {
        "type": "Point",
        "coordinates": [
          -114.01705103036934,
          46.69698220347127
        ]
      }
    },
    {
      "type": "Feature",
      "properties": {
        "file": "leg05_m003_b329_2026-06-17T14-05-42.jpg",
        "leg": "leg05",
        "mark_index": 3,
        "along_track_m": 3.0,
        "achieved_heading": 316.6082454449408,
        "target_bearing": 329.87181522941916,
        "fix_type": 6,
        "hacc_m": 0.014,
        "corrupt": false,
        "position_interpolated": true,
        "captured_at_utc": "2026-06-17T20:05:42.645794+00:00"
      },
      "geometry": {
        "type": "Point",
        "coordinates": [
          -114.01705849999999,
          46.6969893
        ]
      }
    },
    {
      "type": "Feature",
      "properties": {
        "file": "leg05_m004_b329_2026-06-17T14-05-43.jpg",
        "leg": "leg05",
        "mark_index": 4,
        "along_track_m": 4.0,
        "achieved_heading": 318.1609037739658,
        "target_bearing": 329.87181522941916,
        "fix_type": 6,
        "hacc_m": 0.014,
        "corrupt": false,
        "position_interpolated": true,
        "captured_at_utc": "2026-06-17T20:05:43.698862+00:00"
      },
      "geometry": {
        "type": "Point",
        "coordinates": [
          -114.01706756631955,
          46.6969975496281
        ]
      }
    },
    {
      "type": "Feature",
      "properties": {
        "file": "leg05_m005_b329_2026-06-17T14-05-44.jpg",
        "leg": "leg05",
        "mark_index": 5,
        "along_track_m": 5.0,
        "achieved_heading": 321.3176811703827,
        "target_bearing": 329.87181522941916,
        "fix_type": 6,
        "hacc_m": 0.014,
        "corrupt": false,
        "position_interpolated": true,
        "captured_at_utc": "2026-06-17T20:05:44.673687+00:00"
      },
      "geometry": {
        "type": "Point",
        "coordinates": [
          -114.01707498074956,
          46.69700454613287
        ]
      }
    },
    {
      "type": "Feature",
      "properties": {
        "file": "leg05_m006_b329_2026-06-17T14-05-45.jpg",
        "leg": "leg05",
        "mark_index": 6,
        "along_track_m": 6.0,
        "achieved_heading": 322.7935573754763,
        "target_bearing": 329.87181522941916,
        "fix_type": 6,
        "hacc_m": 0.014,
        "corrupt": false,
        "position_interpolated": true,
        "captured_at_utc": "2026-06-17T20:05:45.592838+00:00"
      },
      "geometry": {
        "type": "Point",
        "coordinates": [
          -114.01708173317441,
          46.69701163313773
        ]
      }
    },
    {
      "type": "Feature",
      "properties": {
        "file": "leg05_m007_b329_2026-06-17T14-05-46.jpg",
        "leg": "leg05",
        "mark_index": 7,
        "along_track_m": 7.0,
        "achieved_heading": 322.6202258646616,
        "target_bearing": 329.87181522941916,
        "fix_type": 6,
        "hacc_m": 0.014,
        "corrupt": false,
        "position_interpolated": true,
        "captured_at_utc": "2026-06-17T20:05:46.707651+00:00"
      },
      "geometry": {
        "type": "Point",
        "coordinates": [
          -114.01708900081282,
          46.69701940081282
        ]
      }
    },
    {
      "type": "Feature",
      "properties": {
        "file": "leg05_m008_b329_2026-06-17T14-05-47.jpg",
        "leg": "leg05",
        "mark_index": 8,
        "along_track_m": 8.0,
        "achieved_heading": 324.8881062952032,
        "target_bearing": 329.87181522941916,
        "fix_type": 6,
        "hacc_m": 0.014,
        "corrupt": false,
        "position_interpolated": true,
        "captured_at_utc": "2026-06-17T20:05:47.751716+00:00"
      },
      "geometry": {
        "type": "Point",
        "coordinates": [
          -114.01709559999999,
          46.697027299999995
        ]
      }
    },
    {
      "type": "Feature",
      "properties": {
        "file": "leg05_m009_b329_2026-06-17T14-05-48.jpg",
        "leg": "leg05",
        "mark_index": 9,
        "along_track_m": 9.0,
        "achieved_heading": 324.4515220509096,
        "target_bearing": 329.87181522941916,
        "fix_type": 6,
        "hacc_m": 0.014,
        "corrupt": false,
        "position_interpolated": true,
        "captured_at_utc": "2026-06-17T20:05:48.740710+00:00"
      },
      "geometry": {
        "type": "Point",
        "coordinates": [
          -114.0171018457748,
          46.69703484190157
        ]
      }
    },
    {
      "type": "Feature",
      "properties": {
        "file": "leg05_m010_b329_2026-06-17T14-05-50.jpg",
        "leg": "leg05",
        "mark_index": 10,
        "along_track_m": 10.0,
        "achieved_heading": 323.49370542596506,
        "target_bearing": 329.87181522941916,
        "fix_type": 6,
        "hacc_m": 0.014,
        "corrupt": false,
        "position_interpolated": true,
        "captured_at_utc": "2026-06-17T20:05:49.857120+00:00"
      },
      "geometry": {
        "type": "Point",
        "coordinates": [
          -114.01710893118752,
          46.697043164214314
        ]
      }
    },
    {
      "type": "Feature",
      "properties": {
        "file": "leg05_m011_b329_2026-06-17T14-05-51.jpg",
        "leg": "leg05",
        "mark_index": 11,
        "along_track_m": 11.0,
        "achieved_heading": 324.01252733070237,
        "target_bearing": 329.87181522941916,
        "fix_type": 6,
        "hacc_m": 0.014,
        "corrupt": false,
        "position_interpolated": true,
        "captured_at_utc": "2026-06-17T20:05:50.904545+00:00"
      },
      "geometry": {
        "type": "Point",
        "coordinates": [
          -114.01711585675183,
          46.69705124720194
        ]
      }
    },
    {
      "type": "Feature",
      "properties": {
        "file": "leg05_m012_b329_2026-06-17T14-05-51.jpg",
        "leg": "leg05",
        "mark_index": 12,
        "along_track_m": 12.0,
        "achieved_heading": 324.6286711241099,
        "target_bearing": 329.87181522941916,
        "fix_type": 6,
        "hacc_m": 0.014,
        "corrupt": false,
        "position_interpolated": true,
        "captured_at_utc": "2026-06-17T20:05:51.824125+00:00"
      },
      "geometry": {
        "type": "Point",
        "coordinates": [
          -114.01712175518186,
          46.697058193977334
        ]
      }
    },
    {
      "type": "Feature",
      "properties": {
        "file": "leg05_m013_b329_2026-06-17T14-05-53.jpg",
        "leg": "leg05",
        "mark_index": 13,
        "along_track_m": 13.0,
        "achieved_heading": 324.0649225637312,
        "target_bearing": 329.87181522941916,
        "fix_type": 6,
        "hacc_m": 0.014,
        "corrupt": false,
        "position_interpolated": true,
        "captured_at_utc": "2026-06-17T20:05:52.927065+00:00"
      },
      "geometry": {
        "type": "Point",
        "coordinates": [
          -114.017129,
          46.697066199999995
        ]
      }
    },
    {
      "type": "Feature",
      "properties": {
        "file": "leg05_m014_b329_2026-06-17T14-05-54.jpg",
        "leg": "leg05",
        "mark_index": 14,
        "along_track_m": 14.0,
        "achieved_heading": 325.3330386853089,
        "target_bearing": 329.87181522941916,
        "fix_type": 6,
        "hacc_m": 0.014,
        "corrupt": false,
        "position_interpolated": true,
        "captured_at_utc": "2026-06-17T20:05:53.982231+00:00"
      },
      "geometry": {
        "type": "Point",
        "coordinates": [
          -114.01713559999999,
          46.6970737
        ]
      }
    },
    {
      "type": "Feature",
      "properties": {
        "file": "leg05_m015_b329_2026-06-17T14-05-55.jpg",
        "leg": "leg05",
        "mark_index": 15,
        "along_track_m": 15.0,
        "achieved_heading": 325.4699909537072,
        "target_bearing": 329.87181522941916,
        "fix_type": 6,
        "hacc_m": 0.014,
        "corrupt": false,
        "position_interpolated": true,
        "captured_at_utc": "2026-06-17T20:05:54.959674+00:00"
      },
      "geometry": {
        "type": "Point",
        "coordinates": [
          -114.0171421,
          46.6970813
        ]
      }
    },
    {
      "type": "Feature",
      "properties": {
        "file": "leg05_m016_b329_2026-06-17T14-05-55.jpg",
        "leg": "leg05",
        "mark_index": 16,
        "along_track_m": 16.0,
        "achieved_heading": 324.984295808063,
        "target_bearing": 329.87181522941916,
        "fix_type": 6,
        "hacc_m": 0.014,
        "corrupt": false,
        "position_interpolated": true,
        "captured_at_utc": "2026-06-17T20:05:55.946865+00:00"
      },
      "geometry": {
        "type": "Point",
        "coordinates": [
          -114.01714849999999,
          46.6970892
        ]
      }
    },
    {
      "type": "Feature",
      "properties": {
        "file": "leg05_m017_b329_2026-06-17T14-05-56.jpg",
        "leg": "leg05",
        "mark_index": 17,
        "along_track_m": 17.0,
        "achieved_heading": 324.4129325747492,
        "target_bearing": 329.87181522941916,
        "fix_type": 6,
        "hacc_m": 0.014,
        "corrupt": false,
        "position_interpolated": true,
        "captured_at_utc": "2026-06-17T20:05:56.994067+00:00"
      },
      "geometry": {
        "type": "Point",
        "coordinates": [
          -114.0171551,
          46.697096599999995
        ]
      }
    },
    {
      "type": "Feature",
      "properties": {
        "file": "leg05_m018_b329_2026-06-17T14-05-58.jpg",
        "leg": "leg05",
        "mark_index": 18,
        "along_track_m": 18.0,
        "achieved_heading": 326.5537134561983,
        "target_bearing": 329.87181522941916,
        "fix_type": 6,
        "hacc_m": 0.014,
        "corrupt": false,
        "position_interpolated": true,
        "captured_at_utc": "2026-06-17T20:05:58.041725+00:00"
      },
      "geometry": {
        "type": "Point",
        "coordinates": [
          -114.0171615,
          46.6971043
        ]
      }
    },
    {
      "type": "Feature",
      "properties": {
        "file": "leg05_m019_b329_2026-06-17T14-05-59.jpg",
        "leg": "leg05",
        "mark_index": 19,
        "along_track_m": 19.0,
        "achieved_heading": 325.6669595082841,
        "target_bearing": 329.87181522941916,
        "fix_type": 6,
        "hacc_m": 0.014,
        "corrupt": false,
        "position_interpolated": true,
        "captured_at_utc": "2026-06-17T20:05:59.093002+00:00"
      },
      "geometry": {
        "type": "Point",
        "coordinates": [
          -114.0171688297106,
          46.69711300891911
        ]
      }
    },
    {
      "type": "Feature",
      "properties": {
        "file": "leg05_m020_b329_2026-06-17T14-06-00.jpg",
        "leg": "leg05",
        "mark_index": 20,
        "along_track_m": 20.0,
        "achieved_heading": 326.35861442550936,
        "target_bearing": 329.87181522941916,
        "fix_type": 6,
        "hacc_m": 0.014,
        "corrupt": false,
        "position_interpolated": true,
        "captured_at_utc": "2026-06-17T20:06:00.015985+00:00"
      },
      "geometry": {
        "type": "Point",
        "coordinates": [
          -114.0171748692546,
          46.69712035683224
        ]
      }
    },
    {
      "type": "Feature",
      "properties": {
        "file": "leg05_m021_b329_2026-06-17T14-06-01.jpg",
        "leg": "leg05",
        "mark_index": 21,
        "along_track_m": 21.0,
        "achieved_heading": 325.47371089010863,
        "target_bearing": 329.87181522941916,
        "fix_type": 6,
        "hacc_m": 0.014,
        "corrupt": false,
        "position_interpolated": true,
        "captured_at_utc": "2026-06-17T20:06:01.057545+00:00"
      },
      "geometry": {
        "type": "Point",
        "coordinates": [
          -114.01718150935481,
          46.697128446270135
        ]
      }
    },
    {
      "type": "Feature",
      "properties": {
        "file": "leg05_m022_b329_2026-06-17T14-06-02.jpg",
        "leg": "leg05",
        "mark_index": 22,
        "along_track_m": 22.0,
        "achieved_heading": 325.0844523282712,
        "target_bearing": 329.87181522941916,
        "fix_type": 6,
        "hacc_m": 0.014,
        "corrupt": false,
        "position_interpolated": true,
        "captured_at_utc": "2026-06-17T20:06:02.108376+00:00"
      },
      "geometry": {
        "type": "Point",
        "coordinates": [
          -114.01718837916992,
          46.69713647916992
        ]
      }
    },
    {
      "type": "Feature",
      "properties": {
        "file": "leg05_m023_b329_2026-06-17T14-06-03.jpg",
        "leg": "leg05",
        "mark_index": 23,
        "along_track_m": 23.0,
        "achieved_heading": 324.9599207262672,
        "target_bearing": 329.87181522941916,
        "fix_type": 6,
        "hacc_m": 0.014,
        "corrupt": false,
        "position_interpolated": true,
        "captured_at_utc": "2026-06-17T20:06:03.096713+00:00"
      },
      "geometry": {
        "type": "Point",
        "coordinates": [
          -114.01719509522985,
          46.69714400990895
        ]
      }
    },
    {
      "type": "Feature",
      "properties": {
        "file": "leg05_m024_b329_2026-06-17T14-06-04.jpg",
        "leg": "leg05",
        "mark_index": 24,
        "along_track_m": 24.0,
        "achieved_heading": 325.58161366481306,
        "target_bearing": 329.87181522941916,
        "fix_type": 6,
        "hacc_m": 0.014,
        "corrupt": false,
        "position_interpolated": true,
        "captured_at_utc": "2026-06-17T20:06:04.132803+00:00"
      },
      "geometry": {
        "type": "Point",
        "coordinates": [
          -114.01720176340011,
          46.69715185213861
        ]
      }
    },
    {
      "type": "Feature",
      "properties": {
        "file": "leg05_m025_b329_2026-06-17T14-06-05.jpg",
        "leg": "leg05",
        "mark_index": 25,
        "along_track_m": 25.0,
        "achieved_heading": 326.0161680286907,
        "target_bearing": 329.87181522941916,
        "fix_type": 6,
        "hacc_m": 0.014,
        "corrupt": false,
        "position_interpolated": true,
        "captured_at_utc": "2026-06-17T20:06:05.194490+00:00"
      },
      "geometry": {
        "type": "Point",
        "coordinates": [
          -114.0172083,
          46.6971594
        ]
      }
    },
    {
      "type": "Feature",
      "properties": {
        "file": "leg05_m026_b329_2026-06-17T14-06-06.jpg",
        "leg": "leg05",
        "mark_index": 26,
        "along_track_m": 26.0,
        "achieved_heading": 325.29923438523105,
        "target_bearing": 329.87181522941916,
        "fix_type": 6,
        "hacc_m": 0.014,
        "corrupt": false,
        "position_interpolated": true,
        "captured_at_utc": "2026-06-17T20:06:06.103653+00:00"
      },
      "geometry": {
        "type": "Point",
        "coordinates": [
          -114.01721457156607,
          46.69716677156608
        ]
      }
    },
    {
      "type": "Feature",
      "properties": {
        "file": "leg05_m027_b329_2026-06-17T14-06-07.jpg",
        "leg": "leg05",
        "mark_index": 27,
        "along_track_m": 27.0,
        "achieved_heading": 325.9571623329773,
        "target_bearing": 329.87181522941916,
        "fix_type": 6,
        "hacc_m": 0.014,
        "corrupt": false,
        "position_interpolated": true,
        "captured_at_utc": "2026-06-17T20:06:07.216456+00:00"
      },
      "geometry": {
        "type": "Point",
        "coordinates": [
          -114.01722099999999,
          46.6971749
        ]
      }
    },
    {
      "type": "Feature",
      "properties": {
        "file": "leg05_m028_b329_2026-06-17T14-06-08.jpg",
        "leg": "leg05",
        "mark_index": 28,
        "along_track_m": 28.0,
        "achieved_heading": 325.7828517381224,
        "target_bearing": 329.87181522941916,
        "fix_type": 6,
        "hacc_m": 0.014,
        "corrupt": false,
        "position_interpolated": true,
        "captured_at_utc": "2026-06-17T20:06:08.129596+00:00"
      },
      "geometry": {
        "type": "Point",
        "coordinates": [
          -114.01722741638928,
          46.69718261081523
        ]
      }
    },
    {
      "type": "Feature",
      "properties": {
        "file": "leg05_m029_b329_2026-06-17T14-06-09.jpg",
        "leg": "leg05",
        "mark_index": 29,
        "along_track_m": 29.0,
        "achieved_heading": 325.04687701375013,
        "target_bearing": 329.87181522941916,
        "fix_type": 6,
        "hacc_m": 0.014,
        "corrupt": false,
        "position_interpolated": true,
        "captured_at_utc": "2026-06-17T20:06:09.183166+00:00"
      },
      "geometry": {
        "type": "Point",
        "coordinates": [
          -114.0172341,
          46.6971899
        ]
      }
    },
    {
      "type": "Feature",
      "properties": {
        "file": "leg05_m030_b329_2026-06-17T14-06-10.jpg",
        "leg": "leg05",
        "mark_index": 30,
        "along_track_m": 30.0,
        "achieved_heading": 326.37657860752097,
        "target_bearing": 329.87181522941916,
        "fix_type": 6,
        "hacc_m": 0.014,
        "corrupt": false,
        "position_interpolated": true,
        "captured_at_utc": "2026-06-17T20:06:10.371811+00:00"
      },
      "geometry": {
        "type": "Point",
        "coordinates": [
          -114.01724159999999,
          46.6971986
        ]
      }
    },
    {
      "type": "Feature",
      "properties": {
        "file": "leg05_m031_b329_2026-06-17T14-06-11.jpg",
        "leg": "leg05",
        "mark_index": 31,
        "along_track_m": 31.0,
        "achieved_heading": 327.6396979903932,
        "target_bearing": 329.87181522941916,
        "fix_type": 6,
        "hacc_m": 0.014,
        "corrupt": false,
        "position_interpolated": true,
        "captured_at_utc": "2026-06-17T20:06:11.285545+00:00"
      },
      "geometry": {
        "type": "Point",
        "coordinates": [
          -114.01724737595201,
          46.69720575280572
        ]
      }
    },
    {
      "type": "Feature",
      "properties": {
        "file": "leg05_m032_b329_2026-06-17T14-06-12.jpg",
        "leg": "leg05",
        "mark_index": 32,
        "along_track_m": 32.0,
        "achieved_heading": 326.14597721204495,
        "target_bearing": 329.87181522941916,
        "fix_type": 6,
        "hacc_m": 0.014,
        "corrupt": false,
        "position_interpolated": true,
        "captured_at_utc": "2026-06-17T20:06:12.328050+00:00"
      },
      "geometry": {
        "type": "Point",
        "coordinates": [
          -114.01725389187888,
          46.697213790629476
        ]
      }
    },
    {
      "type": "Feature",
      "properties": {
        "file": "leg05_m033_b329_2026-06-17T14-06-13.jpg",
        "leg": "leg05",
        "mark_index": 33,
        "along_track_m": 33.0,
        "achieved_heading": 326.16713261714597,
        "target_bearing": 329.87181522941916,
        "fix_type": 6,
        "hacc_m": 0.014,
        "corrupt": false,
        "position_interpolated": true,
        "captured_at_utc": "2026-06-17T20:06:13.453487+00:00"
      },
      "geometry": {
        "type": "Point",
        "coordinates": [
          -114.0172599,
          46.6972216
        ]
      }
    },
    {
      "type": "Feature",
      "properties": {
        "file": "leg05_m034_b329_2026-06-17T14-06-14.jpg",
        "leg": "leg05",
        "mark_index": 34,
        "along_track_m": 34.0,
        "achieved_heading": 324.234920834029,
        "target_bearing": 329.87181522941916,
        "fix_type": 6,
        "hacc_m": 0.014,
        "corrupt": false,
        "position_interpolated": true,
        "captured_at_utc": "2026-06-17T20:06:14.363941+00:00"
      },
      "geometry": {
        "type": "Point",
        "coordinates": [
          -114.0172668,
          46.697229199999995
        ]
      }
    },
    {
      "type": "Feature",
      "properties": {
        "file": "leg05_m035_b329_2026-06-17T14-06-15.jpg",
        "leg": "leg05",
        "mark_index": 35,
        "along_track_m": 35.0,
        "achieved_heading": 325.3579294809528,
        "target_bearing": 329.87181522941916,
        "fix_type": 6,
        "hacc_m": 0.014,
        "corrupt": false,
        "position_interpolated": true,
        "captured_at_utc": "2026-06-17T20:06:15.406216+00:00"
      },
      "geometry": {
        "type": "Point",
        "coordinates": [
          -114.0172741,
          46.6972367
        ]
      }
    },
    {
      "type": "Feature",
      "properties": {
        "file": "leg05_m036_b329_2026-06-17T14-06-16.jpg",
        "leg": "leg05",
        "mark_index": 36,
        "along_track_m": 36.0,
        "achieved_heading": 327.48191944417624,
        "target_bearing": 329.87181522941916,
        "fix_type": 6,
        "hacc_m": 0.014,
        "corrupt": false,
        "position_interpolated": true,
        "captured_at_utc": "2026-06-17T20:06:16.324564+00:00"
      },
      "geometry": {
        "type": "Point",
        "coordinates": [
          -114.01728067755249,
          46.697243979155886
        ]
      }
    },
    {
      "type": "Feature",
      "properties": {
        "file": "leg05_m037_b329_2026-06-17T14-06-17.jpg",
        "leg": "leg05",
        "mark_index": 37,
        "along_track_m": 37.0,
        "achieved_heading": 328.71321890324185,
        "target_bearing": 329.87181522941916,
        "fix_type": 6,
        "hacc_m": 0.014,
        "corrupt": false,
        "position_interpolated": true,
        "captured_at_utc": "2026-06-17T20:06:17.376327+00:00"
      },
      "geometry": {
        "type": "Point",
        "coordinates": [
          -114.017287,
          46.6972519
        ]
      }
    },
    {
      "type": "Feature",
      "properties": {
        "file": "leg05_m038_b329_2026-06-17T14-06-18.jpg",
        "leg": "leg05",
        "mark_index": 38,
        "along_track_m": 38.0,
        "achieved_heading": 328.97610034373014,
        "target_bearing": 329.87181522941916,
        "fix_type": 6,
        "hacc_m": 0.014,
        "corrupt": false,
        "position_interpolated": true,
        "captured_at_utc": "2026-06-17T20:06:18.420758+00:00"
      },
      "geometry": {
        "type": "Point",
        "coordinates": [
          -114.0172934,
          46.69726
        ]
      }
    },
    {
      "type": "Feature",
      "properties": {
        "file": "leg05_m039_b329_2026-06-17T14-06-19.jpg",
        "leg": "leg05",
        "mark_index": 39,
        "along_track_m": 39.0,
        "achieved_heading": 328.39921509918327,
        "target_bearing": 329.87181522941916,
        "fix_type": 6,
        "hacc_m": 0.014,
        "corrupt": false,
        "position_interpolated": true,
        "captured_at_utc": "2026-06-17T20:06:19.326324+00:00"
      },
      "geometry": {
        "type": "Point",
        "coordinates": [
          -114.01729959376877,
          46.69726759328944
        ]
      }
    },
    {
      "type": "Feature",
      "properties": {
        "file": "leg05_m040_b329_2026-06-17T14-06-20.jpg",
        "leg": "leg05",
        "mark_index": 40,
        "along_track_m": 40.0,
        "achieved_heading": 326.753498233898,
        "target_bearing": 329.87181522941916,
        "fix_type": 6,
        "hacc_m": 0.014,
        "corrupt": false,
        "position_interpolated": true,
        "captured_at_utc": "2026-06-17T20:06:20.523745+00:00"
      },
      "geometry": {
        "type": "Point",
        "coordinates": [
          -114.01730658374285,
          46.69727673089871
        ]
      }
    },
    {
      "type": "Feature",
      "properties": {
        "file": "leg05_m041_b329_2026-06-17T14-06-21.jpg",
        "leg": "leg05",
        "mark_index": 41,
        "along_track_m": 41.0,
        "achieved_heading": 324.4672521300625,
        "target_bearing": 329.87181522941916,
        "fix_type": 6,
        "hacc_m": 0.014,
        "corrupt": false,
        "position_interpolated": true,
        "captured_at_utc": "2026-06-17T20:06:21.499034+00:00"
      },
      "geometry": {
        "type": "Point",
        "coordinates": [
          -114.01731325489305,
          46.69728432140683
        ]
      }
    },
    {
      "type": "Feature",
      "properties": {
        "file": "leg05_m042_b329_2026-06-17T14-06-22.jpg",
        "leg": "leg05",
        "mark_index": 42,
        "along_track_m": 42.0,
        "achieved_heading": 324.1701824578957,
        "target_bearing": 329.87181522941916,
        "fix_type": 6,
        "hacc_m": 0.014,
        "corrupt": false,
        "position_interpolated": true,
        "captured_at_utc": "2026-06-17T20:06:22.564585+00:00"
      },
      "geometry": {
        "type": "Point",
        "coordinates": [
          -114.0173205,
          46.697291799999995
        ]
      }
    },
    {
      "type": "Feature",
      "properties": {
        "file": "leg05_m043_b329_2026-06-17T14-06-23.jpg",
        "leg": "leg05",
        "mark_index": 43,
        "along_track_m": 43.0,
        "achieved_heading": 325.47343202120027,
        "target_bearing": 329.87181522941916,
        "fix_type": 6,
        "hacc_m": 0.014,
        "corrupt": false,
        "position_interpolated": true,
        "captured_at_utc": "2026-06-17T20:06:23.461194+00:00"
      },
      "geometry": {
        "type": "Point",
        "coordinates": [
          -114.01732702823197,
          46.69729859725132
        ]
      }
    },
    {
      "type": "Feature",
      "properties": {
        "file": "leg05_m044_b329_2026-06-17T14-06-24.jpg",
        "leg": "leg05",
        "mark_index": 44,
        "along_track_m": 44.0,
        "achieved_heading": 327.9910674811099,
        "target_bearing": 329.87181522941916,
        "fix_type": 6,
        "hacc_m": 0.014,
        "corrupt": false,
        "position_interpolated": true,
        "captured_at_utc": "2026-06-17T20:06:24.515234+00:00"
      },
      "geometry": {
        "type": "Point",
        "coordinates": [
          -114.01733331729582,
          46.69730650548094
        ]
      }
    },
    {
      "type": "Feature",
      "properties": {
        "file": "leg05_m045_b329_2026-06-17T14-06-25.jpg",
        "leg": "leg05",
        "mark_index": 45,
        "along_track_m": 45.0,
        "achieved_heading": 327.3062154877193,
        "target_bearing": 329.87181522941916,
        "fix_type": 6,
        "hacc_m": 0.014,
        "corrupt": false,
        "position_interpolated": true,
        "captured_at_utc": "2026-06-17T20:06:25.631495+00:00"
      },
      "geometry": {
        "type": "Point",
        "coordinates": [
          -114.01733949999999,
          46.697314299999995
        ]
      }
    },
    {
      "type": "Feature",
      "properties": {
        "file": "leg05_m046_b329_2026-06-17T14-06-26.jpg",
        "leg": "leg05",
        "mark_index": 46,
        "along_track_m": 46.0,
        "achieved_heading": 325.9741429566178,
        "target_bearing": 329.87181522941916,
        "fix_type": 6,
        "hacc_m": 0.014,
        "corrupt": false,
        "position_interpolated": true,
        "captured_at_utc": "2026-06-17T20:06:26.756100+00:00"
      },
      "geometry": {
        "type": "Point",
        "coordinates": [
          -114.01734689999999,
          46.6973231
        ]
      }
    },
    {
      "type": "Feature",
      "properties": {
        "file": "leg05_m047_b329_2026-06-17T14-06-27.jpg",
        "leg": "leg05",
        "mark_index": 47,
        "along_track_m": 47.0,
        "achieved_heading": 327.1161030160199,
        "target_bearing": 329.87181522941916,
        "fix_type": 6,
        "hacc_m": 0.014,
        "corrupt": false,
        "position_interpolated": true,
        "captured_at_utc": "2026-06-17T20:06:27.659616+00:00"
      },
      "geometry": {
        "type": "Point",
        "coordinates": [
          -114.0173529615905,
          46.6973301278667
        ]
      }
    },
    {
      "type": "Feature",
      "properties": {
        "file": "leg05_m048_b329_2026-06-17T14-06-28.jpg",
        "leg": "leg05",
        "mark_index": 48,
        "along_track_m": 48.0,
        "achieved_heading": 327.33423202528945,
        "target_bearing": 329.87181522941916,
        "fix_type": 6,
        "hacc_m": 0.014,
        "corrupt": false,
        "position_interpolated": true,
        "captured_at_utc": "2026-06-17T20:06:28.703872+00:00"
      },
      "geometry": {
        "type": "Point",
        "coordinates": [
          -114.01735923150656,
          46.69733788555381
        ]
      }
    },
    {
      "type": "Feature",
      "properties": {
        "file": "leg05_m049_b329_2026-06-17T14-06-29.jpg",
        "leg": "leg05",
        "mark_index": 49,
        "along_track_m": 49.0,
        "achieved_heading": 329.5702026884021,
        "target_bearing": 329.87181522941916,
        "fix_type": 6,
        "hacc_m": 0.014,
        "corrupt": false,
        "position_interpolated": true,
        "captured_at_utc": "2026-06-17T20:06:29.824138+00:00"
      },
      "geometry": {
        "type": "Point",
        "coordinates": [
          -114.0173657,
          46.6973458
        ]
      }
    },
    {
      "type": "Feature",
      "properties": {
        "file": "leg05_m050_b329_2026-06-17T14-06-30.jpg",
        "leg": "leg05",
        "mark_index": 50,
        "along_track_m": 50.0,
        "achieved_heading": 333.7486021582743,
        "target_bearing": 329.87181522941916,
        "fix_type": 6,
        "hacc_m": 0.014,
        "corrupt": false,
        "position_interpolated": true,
        "captured_at_utc": "2026-06-17T20:06:30.801601+00:00"
      },
      "geometry": {
        "type": "Point",
        "coordinates": [
          -114.01737109999999,
          46.6973537
        ]
      }
    },
    {
      "type": "Feature",
      "properties": {
        "file": "leg05_m051_b329_2026-06-17T14-06-31.jpg",
        "leg": "leg05",
        "mark_index": 51,
        "along_track_m": 50.559,
        "achieved_heading": 337.23884202771785,
        "target_bearing": 329.87181522941916,
        "fix_type": 6,
        "hacc_m": 0.014,
        "corrupt": false,
        "position_interpolated": true,
        "captured_at_utc": "2026-06-17T20:06:31.355037+00:00"
      },
      "geometry": {
        "type": "Point",
        "coordinates": [
          -114.01737399999999,
          46.697358099999995
        ]
      }
    },
    {
      "type": "Feature",
      "properties": {
        "file": "leg06_m000_b059_2026-06-17T14-06-35.jpg",
        "leg": "leg06",
        "mark_index": 0,
        "along_track_m": 0.0,
        "achieved_heading": 56.40052446793678,
        "target_bearing": 59.71386421892515,
        "fix_type": 6,
        "hacc_m": 0.014,
        "corrupt": false,
        "position_interpolated": true,
        "captured_at_utc": "2026-06-17T20:06:35.005146+00:00"
      },
      "geometry": {
        "type": "Point",
        "coordinates": [
          -114.0173768,
          46.6973619
        ]
      }
    },
    {
      "type": "Feature",
      "properties": {
        "file": "leg06_m001_b059_2026-06-17T14-06-36.jpg",
        "leg": "leg06",
        "mark_index": 1,
        "along_track_m": 1.0,
        "achieved_heading": 48.861660391164435,
        "target_bearing": 59.71386421892515,
        "fix_type": 6,
        "hacc_m": 0.014,
        "corrupt": false,
        "position_interpolated": true,
        "captured_at_utc": "2026-06-17T20:06:36.755674+00:00"
      },
      "geometry": {
        "type": "Point",
        "coordinates": [
          -114.01736509999999,
          46.697367899999996
        ]
      }
    },
    {
      "type": "Feature",
      "properties": {
        "file": "leg06_m002_b059_2026-06-17T14-06-38.jpg",
        "leg": "leg06",
        "mark_index": 2,
        "along_track_m": 2.0,
        "achieved_heading": 57.167428476719394,
        "target_bearing": 59.71386421892515,
        "fix_type": 6,
        "hacc_m": 0.014,
        "corrupt": false,
        "position_interpolated": true,
        "captured_at_utc": "2026-06-17T20:06:37.944278+00:00"
      },
      "geometry": {
        "type": "Point",
        "coordinates": [
          -114.0173531,
          46.6973735
        ]
      }
    },
    {
      "type": "Feature",
      "properties": {
        "file": "leg06_m003_b059_2026-06-17T14-06-39.jpg",
        "leg": "leg06",
        "mark_index": 3,
        "along_track_m": 3.0,
        "achieved_heading": 63.86117980567378,
        "target_bearing": 59.71386421892515,
        "fix_type": 6,
        "hacc_m": 0.014,
        "corrupt": false,
        "position_interpolated": true,
        "captured_at_utc": "2026-06-17T20:06:38.997920+00:00"
      },
      "geometry": {
        "type": "Point",
        "coordinates": [
          -114.0173422,
          46.6973772
        ]
      }
    },
    {
      "type": "Feature",
      "properties": {
        "file": "leg06_m004_b059_2026-06-17T14-06-40.jpg",
        "leg": "leg06",
        "mark_index": 4,
        "along_track_m": 4.0,
        "achieved_heading": 68.70399097745803,
        "target_bearing": 59.71386421892515,
        "fix_type": 6,
        "hacc_m": 0.014,
        "corrupt": false,
        "position_interpolated": true,
        "captured_at_utc": "2026-06-17T20:06:40.190342+00:00"
      },
      "geometry": {
        "type": "Point",
        "coordinates": [
          -114.01732919999999,
          46.6973808
        ]
      }
    },
    {
      "type": "Feature",
      "properties": {
        "file": "leg06_m005_b059_2026-06-17T14-06-41.jpg",
        "leg": "leg06",
        "mark_index": 5,
        "along_track_m": 4.755,
        "achieved_heading": 76.29086891746235,
        "target_bearing": 59.71386421892515,
        "fix_type": 6,
        "hacc_m": 0.014,
        "corrupt": false,
        "position_interpolated": true,
        "captured_at_utc": "2026-06-17T20:06:41.023679+00:00"
      },
      "geometry": {
        "type": "Point",
        "coordinates": [
          -114.0173205,
          46.6973823
        ]
      }
    },
    {
      "type": "Feature",
      "properties": {
        "file": "leg07_m000_b149_2026-06-17T14-06-44.jpg",
        "leg": "leg07",
        "mark_index": 0,
        "along_track_m": 0.0,
        "achieved_heading": 149.55985232209932,
        "target_bearing": 149.87161369081628,
        "fix_type": 6,
        "hacc_m": 0.014,
        "corrupt": false,
        "position_interpolated": true,
        "captured_at_utc": "2026-06-17T20:06:44.593189+00:00"
      },
      "geometry": {
        "type": "Point",
        "coordinates": [
          -114.01731559999999,
          46.697383099999996
        ]
      }
    },
    {
      "type": "Feature",
      "properties": {
        "file": "leg07_m001_b149_2026-06-17T14-06-46.jpg",
        "leg": "leg07",
        "mark_index": 1,
        "along_track_m": 1.0,
        "achieved_heading": 148.50016688000485,
        "target_bearing": 149.87161369081628,
        "fix_type": 6,
        "hacc_m": 0.014,
        "corrupt": false,
        "position_interpolated": true,
        "captured_at_utc": "2026-06-17T20:06:46.207726+00:00"
      },
      "geometry": {
        "type": "Point",
        "coordinates": [
          -114.01730979999999,
          46.6973742
        ]
      }
    },
    {
      "type": "Feature",
      "properties": {
        "file": "leg07_m002_b149_2026-06-17T14-06-47.jpg",
        "leg": "leg07",
        "mark_index": 2,
        "along_track_m": 2.0,
        "achieved_heading": 142.92425620935072,
        "target_bearing": 149.87161369081628,
        "fix_type": 6,
        "hacc_m": 0.014,
        "corrupt": false,
        "position_interpolated": true,
        "captured_at_utc": "2026-06-17T20:06:47.335133+00:00"
      },
      "geometry": {
        "type": "Point",
        "coordinates": [
          -114.0173032,
          46.697365399999995
        ]
      }
    },
    {
      "type": "Feature",
      "properties": {
        "file": "leg07_m003_b149_2026-06-17T14-06-48.jpg",
        "leg": "leg07",
        "mark_index": 3,
        "along_track_m": 3.0,
        "achieved_heading": 140.8040258884691,
        "target_bearing": 149.87161369081628,
        "fix_type": 6,
        "hacc_m": 0.014,
        "corrupt": false,
        "position_interpolated": true,
        "captured_at_utc": "2026-06-17T20:06:48.321108+00:00"
      },
      "geometry": {
        "type": "Point",
        "coordinates": [
          -114.01729697698389,
          46.697358790980964
        ]
      }
    },
    {
      "type": "Feature",
      "properties": {
        "file": "leg07_m004_b149_2026-06-17T14-06-49.jpg",
        "leg": "leg07",
        "mark_index": 4,
        "along_track_m": 4.0,
        "achieved_heading": 144.02249876770026,
        "target_bearing": 149.87161369081628,
        "fix_type": 6,
        "hacc_m": 0.014,
        "corrupt": false,
        "position_interpolated": true,
        "captured_at_utc": "2026-06-17T20:06:49.511956+00:00"
      },
      "geometry": {
        "type": "Point",
        "coordinates": [
          -114.01728904527228,
          46.697350256447066
        ]
      }
    },
    {
      "type": "Feature",
      "properties": {
        "file": "leg07_m005_b149_2026-06-17T14-06-50.jpg",
        "leg": "leg07",
        "mark_index": 5,
        "along_track_m": 5.0,
        "achieved_heading": 144.80530936290052,
        "target_bearing": 149.87161369081628,
        "fix_type": 6,
        "hacc_m": 0.014,
        "corrupt": false,
        "position_interpolated": true,
        "captured_at_utc": "2026-06-17T20:06:50.489458+00:00"
      },
      "geometry": {
        "type": "Point",
        "coordinates": [
          -114.01728312529865,
          46.69734328674374
        ]
      }
    },
    {
      "type": "Feature",
      "properties": {
        "file": "leg07_m006_b149_2026-06-17T14-06-51.jpg",
        "leg": "leg07",
        "mark_index": 6,
        "along_track_m": 6.0,
        "achieved_heading": 145.14191600157022,
        "target_bearing": 149.87161369081628,
        "fix_type": 6,
        "hacc_m": 0.014,
        "corrupt": false,
        "position_interpolated": true,
        "captured_at_utc": "2026-06-17T20:06:51.616026+00:00"
      },
      "geometry": {
        "type": "Point",
        "coordinates": [
          -114.01727683215441,
          46.69733526866747
        ]
      }
    },
    {
      "type": "Feature",
      "properties": {
        "file": "leg07_m007_b149_2026-06-17T14-06-52.jpg",
        "leg": "leg07",
        "mark_index": 7,
        "along_track_m": 7.0,
        "achieved_heading": 143.78492226281904,
        "target_bearing": 149.87161369081628,
        "fix_type": 6,
        "hacc_m": 0.014,
        "corrupt": false,
        "position_interpolated": true,
        "captured_at_utc": "2026-06-17T20:06:52.734369+00:00"
      },
      "geometry": {
        "type": "Point",
        "coordinates": [
          -114.01726990506046,
          46.697327105421934
        ]
      }
    },
    {
      "type": "Feature",
      "properties": {
        "file": "leg07_m008_b149_2026-06-17T14-06-53.jpg",
        "leg": "leg07",
        "mark_index": 8,
        "along_track_m": 8.0,
        "achieved_heading": 144.08403041051662,
        "target_bearing": 149.87161369081628,
        "fix_type": 6,
        "hacc_m": 0.014,
        "corrupt": false,
        "position_interpolated": true,
        "captured_at_utc": "2026-06-17T20:06:53.849785+00:00"
      },
      "geometry": {
        "type": "Point",
        "coordinates": [
          -114.01726302484002,
          46.69731942484002
        ]
      }
    },
    {
      "type": "Feature",
      "properties": {
        "file": "leg07_m009_b149_2026-06-17T14-06-55.jpg",
        "leg": "leg07",
        "mark_index": 9,
        "along_track_m": 9.0,
        "achieved_heading": 145.77790424666557,
        "target_bearing": 149.87161369081628,
        "fix_type": 6,
        "hacc_m": 0.014,
        "corrupt": false,
        "position_interpolated": true,
        "captured_at_utc": "2026-06-17T20:06:54.962775+00:00"
      },
      "geometry": {
        "type": "Point",
        "coordinates": [
          -114.01725649999999,
          46.6973118
        ]
      }
    },
    {
      "type": "Feature",
      "properties": {
        "file": "leg07_m010_b149_2026-06-17T14-06-55.jpg",
        "leg": "leg07",
        "mark_index": 10,
        "along_track_m": 10.0,
        "achieved_heading": 145.43506506943785,
        "target_bearing": 149.87161369081628,
        "fix_type": 6,
        "hacc_m": 0.014,
        "corrupt": false,
        "position_interpolated": true,
        "captured_at_utc": "2026-06-17T20:06:55.942188+00:00"
      },
      "geometry": {
        "type": "Point",
        "coordinates": [
          -114.0172501,
          46.6973042
        ]
      }
    },
    {
      "type": "Feature",
      "properties": {
        "file": "leg07_m011_b149_2026-06-17T14-06-57.jpg",
        "leg": "leg07",
        "mark_index": 11,
        "along_track_m": 11.0,
        "achieved_heading": 144.9084934200176,
        "target_bearing": 149.87161369081628,
        "fix_type": 6,
        "hacc_m": 0.014,
        "corrupt": false,
        "position_interpolated": true,
        "captured_at_utc": "2026-06-17T20:06:57.000713+00:00"
      },
      "geometry": {
        "type": "Point",
        "coordinates": [
          -114.01724379999999,
          46.6972965
        ]
      }
    },
    {
      "type": "Feature",
      "properties": {
        "file": "leg07_m012_b149_2026-06-17T14-06-58.jpg",
        "leg": "leg07",
        "mark_index": 12,
        "along_track_m": 12.0,
        "achieved_heading": 144.4401509016406,
        "target_bearing": 149.87161369081628,
        "fix_type": 6,
        "hacc_m": 0.014,
        "corrupt": false,
        "position_interpolated": true,
        "captured_at_utc": "2026-06-17T20:06:58.048918+00:00"
      },
      "geometry": {
        "type": "Point",
        "coordinates": [
          -114.01723714108454,
          46.69728842144606
        ]
      }
    },
    {
      "type": "Feature",
      "properties": {
        "file": "leg07_m013_b149_2026-06-17T14-06-59.jpg",
        "leg": "leg07",
        "mark_index": 13,
        "along_track_m": 13.0,
        "achieved_heading": 142.76234851625614,
        "target_bearing": 149.87161369081628,
        "fix_type": 6,
        "hacc_m": 0.014,
        "corrupt": false,
        "position_interpolated": true,
        "captured_at_utc": "2026-06-17T20:06:59.108025+00:00"
      },
      "geometry": {
        "type": "Point",
        "coordinates": [
          -114.01723055602979,
          46.69728058203477
        ]
      }
    },
    {
      "type": "Feature",
      "properties": {
        "file": "leg07_m014_b149_2026-06-17T14-07-00.jpg",
        "leg": "leg07",
        "mark_index": 14,
        "along_track_m": 14.0,
        "achieved_heading": 143.99777300062271,
        "target_bearing": 149.87161369081628,
        "fix_type": 6,
        "hacc_m": 0.014,
        "corrupt": false,
        "position_interpolated": true,
        "captured_at_utc": "2026-06-17T20:07:00.221056+00:00"
      },
      "geometry": {
        "type": "Point",
        "coordinates": [
          -114.0172235,
          46.6972733
        ]
      }
    },
    {
      "type": "Feature",
      "properties": {
        "file": "leg07_m015_b149_2026-06-17T14-07-01.jpg",
        "leg": "leg07",
        "mark_index": 15,
        "along_track_m": 15.0,
        "achieved_heading": 145.62457144594768,
        "target_bearing": 149.87161369081628,
        "fix_type": 6,
        "hacc_m": 0.014,
        "corrupt": false,
        "position_interpolated": true,
        "captured_at_utc": "2026-06-17T20:07:01.140466+00:00"
      },
      "geometry": {
        "type": "Point",
        "coordinates": [
          -114.01721739999999,
          46.6972659
        ]
      }
    },
    {
      "type": "Feature",
      "properties": {
        "file": "leg07_m016_b149_2026-06-17T14-07-02.jpg",
        "leg": "leg07",
        "mark_index": 16,
        "along_track_m": 16.0,
        "achieved_heading": 145.61662810793948,
        "target_bearing": 149.87161369081628,
        "fix_type": 6,
        "hacc_m": 0.014,
        "corrupt": false,
        "position_interpolated": true,
        "captured_at_utc": "2026-06-17T20:07:02.314557+00:00"
      },
      "geometry": {
        "type": "Point",
        "coordinates": [
          -114.01721040401524,
          46.697257812016424
        ]
      }
    },
    {
      "type": "Feature",
      "properties": {
        "file": "leg07_m017_b149_2026-06-17T14-07-03.jpg",
        "leg": "leg07",
        "mark_index": 17,
        "along_track_m": 17.0,
        "achieved_heading": 145.4072112217097,
        "target_bearing": 149.87161369081628,
        "fix_type": 6,
        "hacc_m": 0.014,
        "corrupt": false,
        "position_interpolated": true,
        "captured_at_utc": "2026-06-17T20:07:03.433788+00:00"
      },
      "geometry": {
        "type": "Point",
        "coordinates": [
          -114.0172042,
          46.6972503
        ]
      }
    },
    {
      "type": "Feature",
      "properties": {
        "file": "leg07_m018_b149_2026-06-17T14-07-04.jpg",
        "leg": "leg07",
        "mark_index": 18,
        "along_track_m": 18.0,
        "achieved_heading": 145.78585885715822,
        "target_bearing": 149.87161369081628,
        "fix_type": 6,
        "hacc_m": 0.014,
        "corrupt": false,
        "position_interpolated": true,
        "captured_at_utc": "2026-06-17T20:07:04.547226+00:00"
      },
      "geometry": {
        "type": "Point",
        "coordinates": [
          -114.0171964134651,
          46.69724161442691
        ]
      }
    },
    {
      "type": "Feature",
      "properties": {
        "file": "leg07_m019_b149_2026-06-17T14-07-05.jpg",
        "leg": "leg07",
        "mark_index": 19,
        "along_track_m": 19.0,
        "achieved_heading": 146.29480291500508,
        "target_bearing": 149.87161369081628,
        "fix_type": 6,
        "hacc_m": 0.014,
        "corrupt": false,
        "position_interpolated": true,
        "captured_at_utc": "2026-06-17T20:07:05.527343+00:00"
      },
      "geometry": {
        "type": "Point",
        "coordinates": [
          -114.01719090916468,
          46.69723451166416
        ]
      }
    },
    {
      "type": "Feature",
      "properties": {
        "file": "leg07_m020_b149_2026-06-17T14-07-06.jpg",
        "leg": "leg07",
        "mark_index": 20,
        "along_track_m": 20.0,
        "achieved_heading": 145.51038167624233,
        "target_bearing": 149.87161369081628,
        "fix_type": 6,
        "hacc_m": 0.014,
        "corrupt": false,
        "position_interpolated": true,
        "captured_at_utc": "2026-06-17T20:07:06.580957+00:00"
      },
      "geometry": {
        "type": "Point",
        "coordinates": [
          -114.0171845,
          46.697226799999996
        ]
      }
    },
    {
      "type": "Feature",
      "properties": {
        "file": "leg07_m021_b149_2026-06-17T14-07-07.jpg",
        "leg": "leg07",
        "mark_index": 21,
        "along_track_m": 21.0,
        "achieved_heading": 145.36210136986148,
        "target_bearing": 149.87161369081628,
        "fix_type": 6,
        "hacc_m": 0.014,
        "corrupt": false,
        "position_interpolated": true,
        "captured_at_utc": "2026-06-17T20:07:07.709510+00:00"
      },
      "geometry": {
        "type": "Point",
        "coordinates": [
          -114.01717684812084,
          46.69721812891404
        ]
      }
    },
    {
      "type": "Feature",
      "properties": {
        "file": "leg07_m022_b149_2026-06-17T14-07-08.jpg",
        "leg": "leg07",
        "mark_index": 22,
        "along_track_m": 22.0,
        "achieved_heading": 146.36974427360238,
        "target_bearing": 149.87161369081628,
        "fix_type": 6,
        "hacc_m": 0.014,
        "corrupt": false,
        "position_interpolated": true,
        "captured_at_utc": "2026-06-17T20:07:08.692223+00:00"
      },
      "geometry": {
        "type": "Point",
        "coordinates": [
          -114.01717046482223,
          46.6972108530963
        ]
      }
    },
    {
      "type": "Feature",
      "properties": {
        "file": "leg07_m023_b149_2026-06-17T14-07-09.jpg",
        "leg": "leg07",
        "mark_index": 23,
        "along_track_m": 23.0,
        "achieved_heading": 146.37013785051775,
        "target_bearing": 149.87161369081628,
        "fix_type": 6,
        "hacc_m": 0.014,
        "corrupt": false,
        "position_interpolated": true,
        "captured_at_utc": "2026-06-17T20:07:09.811258+00:00"
      },
      "geometry": {
        "type": "Point",
        "coordinates": [
          -114.0171644,
          46.697203699999996
        ]
      }
    },
    {
      "type": "Feature",
      "properties": {
        "file": "leg07_m024_b149_2026-06-17T14-07-11.jpg",
        "leg": "leg07",
        "mark_index": 24,
        "along_track_m": 24.0,
        "achieved_heading": 145.08052724531188,
        "target_bearing": 149.87161369081628,
        "fix_type": 6,
        "hacc_m": 0.014,
        "corrupt": false,
        "position_interpolated": true,
        "captured_at_utc": "2026-06-17T20:07:10.868261+00:00"
      },
      "geometry": {
        "type": "Point",
        "coordinates": [
          -114.01715724835391,
          46.697195043359535
        ]
      }
    },
    {
      "type": "Feature",
      "properties": {
        "file": "leg07_m025_b149_2026-06-17T14-07-11.jpg",
        "leg": "leg07",
        "mark_index": 25,
        "along_track_m": 25.0,
        "achieved_heading": 143.9929199061202,
        "target_bearing": 149.87161369081628,
        "fix_type": 6,
        "hacc_m": 0.014,
        "corrupt": false,
        "position_interpolated": true,
        "captured_at_utc": "2026-06-17T20:07:11.844775+00:00"
      },
      "geometry": {
        "type": "Point",
        "coordinates": [
          -114.01715112084446,
          46.69718806090942
        ]
      }
    },
    {
      "type": "Feature",
      "properties": {
        "file": "leg07_m026_b149_2026-06-17T14-07-12.jpg",
        "leg": "leg07",
        "mark_index": 26,
        "along_track_m": 26.0,
        "achieved_heading": 146.24162903940982,
        "target_bearing": 149.87161369081628,
        "fix_type": 6,
        "hacc_m": 0.014,
        "corrupt": false,
        "position_interpolated": true,
        "captured_at_utc": "2026-06-17T20:07:12.967611+00:00"
      },
      "geometry": {
        "type": "Point",
        "coordinates": [
          -114.01714439999999,
          46.6971801
        ]
      }
    },
    {
      "type": "Feature",
      "properties": {
        "file": "leg07_m027_b149_2026-06-17T14-07-14.jpg",
        "leg": "leg07",
        "mark_index": 27,
        "along_track_m": 27.0,
        "achieved_heading": 145.92899910848536,
        "target_bearing": 149.87161369081628,
        "fix_type": 6,
        "hacc_m": 0.014,
        "corrupt": false,
        "position_interpolated": true,
        "captured_at_utc": "2026-06-17T20:07:14.012179+00:00"
      },
      "geometry": {
        "type": "Point",
        "coordinates": [
          -114.01713768629835,
          46.697172386298355
        ]
      }
    },
    {
      "type": "Feature",
      "properties": {
        "file": "leg07_m028_b149_2026-06-17T14-07-15.jpg",
        "leg": "leg07",
        "mark_index": 28,
        "along_track_m": 28.0,
        "achieved_heading": 147.46683054802867,
        "target_bearing": 149.87161369081628,
        "fix_type": 6,
        "hacc_m": 0.014,
        "corrupt": false,
        "position_interpolated": true,
        "captured_at_utc": "2026-06-17T20:07:15.141862+00:00"
      },
      "geometry": {
        "type": "Point",
        "coordinates": [
          -114.0171314,
          46.6971643
        ]
      }
    },
    {
      "type": "Feature",
      "properties": {
        "file": "leg07_m029_b149_2026-06-17T14-07-16.jpg",
        "leg": "leg07",
        "mark_index": 29,
        "along_track_m": 29.0,
        "achieved_heading": 146.5790395817815,
        "target_bearing": 149.87161369081628,
        "fix_type": 6,
        "hacc_m": 0.014,
        "corrupt": false,
        "position_interpolated": true,
        "captured_at_utc": "2026-06-17T20:07:16.256405+00:00"
      },
      "geometry": {
        "type": "Point",
        "coordinates": [
          -114.0171251,
          46.697156799999995
        ]
      }
    },
    {
      "type": "Feature",
      "properties": {
        "file": "leg07_m030_b149_2026-06-17T14-07-17.jpg",
        "leg": "leg07",
        "mark_index": 30,
        "along_track_m": 30.0,
        "achieved_heading": 145.65873107449258,
        "target_bearing": 149.87161369081628,
        "fix_type": 6,
        "hacc_m": 0.014,
        "corrupt": false,
        "position_interpolated": true,
        "captured_at_utc": "2026-06-17T20:07:17.239559+00:00"
      },
      "geometry": {
        "type": "Point",
        "coordinates": [
          -114.01711801257997,
          46.697148440724966
        ]
      }
    },
    {
      "type": "Feature",
      "properties": {
        "file": "leg07_m031_b149_2026-06-17T14-07-18.jpg",
        "leg": "leg07",
        "mark_index": 31,
        "along_track_m": 31.0,
        "achieved_heading": 144.88524817650386,
        "target_bearing": 149.87161369081628,
        "fix_type": 6,
        "hacc_m": 0.014,
        "corrupt": false,
        "position_interpolated": true,
        "captured_at_utc": "2026-06-17T20:07:18.359311+00:00"
      },
      "geometry": {
        "type": "Point",
        "coordinates": [
          -114.017111,
          46.6971403
        ]
      }
    },
    {
      "type": "Feature",
      "properties": {
        "file": "leg07_m032_b149_2026-06-17T14-07-19.jpg",
        "leg": "leg07",
        "mark_index": 32,
        "along_track_m": 32.0,
        "achieved_heading": 144.9865120194965,
        "target_bearing": 149.87161369081628,
        "fix_type": 6,
        "hacc_m": 0.014,
        "corrupt": false,
        "position_interpolated": true,
        "captured_at_utc": "2026-06-17T20:07:19.261057+00:00"
      },
      "geometry": {
        "type": "Point",
        "coordinates": [
          -114.01710495499535,
          46.69713355181226
        ]
      }
    },
    {
      "type": "Feature",
      "properties": {
        "file": "leg07_m033_b149_2026-06-17T14-07-20.jpg",
        "leg": "leg07",
        "mark_index": 33,
        "along_track_m": 33.0,
        "achieved_heading": 148.0508452726603,
        "target_bearing": 149.87161369081628,
        "fix_type": 6,
        "hacc_m": 0.014,
        "corrupt": false,
        "position_interpolated": true,
        "captured_at_utc": "2026-06-17T20:07:20.381002+00:00"
      },
      "geometry": {
        "type": "Point",
        "coordinates": [
          -114.01709819999999,
          46.6971256
        ]
      }
    },
    {
      "type": "Feature",
      "properties": {
        "file": "leg07_m034_b149_2026-06-17T14-07-21.jpg",
        "leg": "leg07",
        "mark_index": 34,
        "along_track_m": 34.0,
        "achieved_heading": 147.37746829400763,
        "target_bearing": 149.87161369081628,
        "fix_type": 6,
        "hacc_m": 0.014,
        "corrupt": false,
        "position_interpolated": true,
        "captured_at_utc": "2026-06-17T20:07:21.440176+00:00"
      },
      "geometry": {
        "type": "Point",
        "coordinates": [
          -114.01709185298483,
          46.69711729123106
        ]
      }
    },
    {
      "type": "Feature",
      "properties": {
        "file": "leg07_m035_b149_2026-06-17T14-07-22.jpg",
        "leg": "leg07",
        "mark_index": 35,
        "along_track_m": 35.0,
        "achieved_heading": 146.52872430317615,
        "target_bearing": 149.87161369081628,
        "fix_type": 6,
        "hacc_m": 0.014,
        "corrupt": false,
        "position_interpolated": true,
        "captured_at_utc": "2026-06-17T20:07:22.404595+00:00"
      },
      "geometry": {
        "type": "Point",
        "coordinates": [
          -114.01708608118514,
          46.69710978118515
        ]
      }
    },
    {
      "type": "Feature",
      "properties": {
        "file": "leg07_m036_b149_2026-06-17T14-07-23.jpg",
        "leg": "leg07",
        "mark_index": 36,
        "along_track_m": 36.0,
        "achieved_heading": 145.08854215675575,
        "target_bearing": 149.87161369081628,
        "fix_type": 6,
        "hacc_m": 0.014,
        "corrupt": false,
        "position_interpolated": true,
        "captured_at_utc": "2026-06-17T20:07:23.532380+00:00"
      },
      "geometry": {
        "type": "Point",
        "coordinates": [
          -114.0170789,
          46.6971014
        ]
      }
    },
    {
      "type": "Feature",
      "properties": {
        "file": "leg07_m037_b149_2026-06-17T14-07-24.jpg",
        "leg": "leg07",
        "mark_index": 37,
        "along_track_m": 37.0,
        "achieved_heading": 145.10864680424254,
        "target_bearing": 149.87161369081628,
        "fix_type": 6,
        "hacc_m": 0.014,
        "corrupt": false,
        "position_interpolated": true,
        "captured_at_utc": "2026-06-17T20:07:24.508805+00:00"
      },
      "geometry": {
        "type": "Point",
        "coordinates": [
          -114.0170725283603,
          46.697094228360314
        ]
      }
    },
    {
      "type": "Feature",
      "properties": {
        "file": "leg07_m038_b149_2026-06-17T14-07-25.jpg",
        "leg": "leg07",
        "mark_index": 38,
        "along_track_m": 38.0,
        "achieved_heading": 145.6819898879858,
        "target_bearing": 149.87161369081628,
        "fix_type": 6,
        "hacc_m": 0.014,
        "corrupt": false,
        "position_interpolated": true,
        "captured_at_utc": "2026-06-17T20:07:25.557343+00:00"
      },
      "geometry": {
        "type": "Point",
        "coordinates": [
          -114.0170656,
          46.6970866
        ]
      }
    },
    {
      "type": "Feature",
      "properties": {
        "file": "leg07_m039_b149_2026-06-17T14-07-26.jpg",
        "leg": "leg07",
        "mark_index": 39,
        "along_track_m": 39.0,
        "achieved_heading": 146.82151511590988,
        "target_bearing": 149.87161369081628,
        "fix_type": 6,
        "hacc_m": 0.014,
        "corrupt": false,
        "position_interpolated": true,
        "captured_at_utc": "2026-06-17T20:07:26.613344+00:00"
      },
      "geometry": {
        "type": "Point",
        "coordinates": [
          -114.01705944011154,
          46.697078698607406
        ]
      }
    },
    {
      "type": "Feature",
      "properties": {
        "file": "leg07_m040_b149_2026-06-17T14-07-27.jpg",
        "leg": "leg07",
        "mark_index": 40,
        "along_track_m": 40.0,
        "achieved_heading": 145.04567548559334,
        "target_bearing": 149.87161369081628,
        "fix_type": 6,
        "hacc_m": 0.014,
        "corrupt": false,
        "position_interpolated": true,
        "captured_at_utc": "2026-06-17T20:07:27.731499+00:00"
      },
      "geometry": {
        "type": "Point",
        "coordinates": [
          -114.01705270725655,
          46.69707020923562
        ]
      }
    },
    {
      "type": "Feature",
      "properties": {
        "file": "leg07_m041_b149_2026-06-17T14-07-28.jpg",
        "leg": "leg07",
        "mark_index": 41,
        "along_track_m": 41.0,
        "achieved_heading": 143.78948623004015,
        "target_bearing": 149.87161369081628,
        "fix_type": 6,
        "hacc_m": 0.014,
        "corrupt": false,
        "position_interpolated": true,
        "captured_at_utc": "2026-06-17T20:07:28.774019+00:00"
      },
      "geometry": {
        "type": "Point",
        "coordinates": [
          -114.01704629999999,
          46.6970629
        ]
      }
    },
    {
      "type": "Feature",
      "properties": {
        "file": "leg07_m042_b149_2026-06-17T14-07-29.jpg",
        "leg": "leg07",
        "mark_index": 42,
        "along_track_m": 42.0,
        "achieved_heading": 144.18123035737577,
        "target_bearing": 149.87161369081628,
        "fix_type": 6,
        "hacc_m": 0.014,
        "corrupt": false,
        "position_interpolated": true,
        "captured_at_utc": "2026-06-17T20:07:29.763221+00:00"
      },
      "geometry": {
        "type": "Point",
        "coordinates": [
          -114.0170397,
          46.6970555
        ]
      }
    },
    {
      "type": "Feature",
      "properties": {
        "file": "leg07_m043_b149_2026-06-17T14-07-30.jpg",
        "leg": "leg07",
        "mark_index": 43,
        "along_track_m": 43.0,
        "achieved_heading": 144.90158248355092,
        "target_bearing": 149.87161369081628,
        "fix_type": 6,
        "hacc_m": 0.014,
        "corrupt": false,
        "position_interpolated": true,
        "captured_at_utc": "2026-06-17T20:07:30.887000+00:00"
      },
      "geometry": {
        "type": "Point",
        "coordinates": [
          -114.01703249745927,
          46.697047218706366
        ]
      }
    },
    {
      "type": "Feature",
      "properties": {
        "file": "leg07_m044_b149_2026-06-17T14-07-32.jpg",
        "leg": "leg07",
        "mark_index": 44,
        "along_track_m": 44.0,
        "achieved_heading": 147.05332086588413,
        "target_bearing": 149.87161369081628,
        "fix_type": 6,
        "hacc_m": 0.014,
        "corrupt": false,
        "position_interpolated": true,
        "captured_at_utc": "2026-06-17T20:07:31.928435+00:00"
      },
      "geometry": {
        "type": "Point",
        "coordinates": [
          -114.0170259,
          46.6970398
        ]
      }
    },
    {
      "type": "Feature",
      "properties": {
        "file": "leg07_m045_b149_2026-06-17T14-07-32.jpg",
        "leg": "leg07",
        "mark_index": 45,
        "along_track_m": 45.0,
        "achieved_heading": 146.97269616766357,
        "target_bearing": 149.87161369081628,
        "fix_type": 6,
        "hacc_m": 0.014,
        "corrupt": false,
        "position_interpolated": true,
        "captured_at_utc": "2026-06-17T20:07:32.976721+00:00"
      },
      "geometry": {
        "type": "Point",
        "coordinates": [
          -114.0170201,
          46.6970321
        ]
      }
    },
    {
      "type": "Feature",
      "properties": {
        "file": "leg07_m046_b149_2026-06-17T14-07-34.jpg",
        "leg": "leg07",
        "mark_index": 46,
        "along_track_m": 46.0,
        "achieved_heading": 144.70194379743472,
        "target_bearing": 149.87161369081628,
        "fix_type": 6,
        "hacc_m": 0.014,
        "corrupt": false,
        "position_interpolated": true,
        "captured_at_utc": "2026-06-17T20:07:34.092521+00:00"
      },
      "geometry": {
        "type": "Point",
        "coordinates": [
          -114.01701305458344,
          46.69702349701402
        ]
      }
    },
    {
      "type": "Feature",
      "properties": {
        "file": "leg07_m047_b149_2026-06-17T14-07-35.jpg",
        "leg": "leg07",
        "mark_index": 47,
        "along_track_m": 47.0,
        "achieved_heading": 142.91387598185798,
        "target_bearing": 149.87161369081628,
        "fix_type": 6,
        "hacc_m": 0.014,
        "corrupt": false,
        "position_interpolated": true,
        "captured_at_utc": "2026-06-17T20:07:35.146049+00:00"
      },
      "geometry": {
        "type": "Point",
        "coordinates": [
          -114.01700609999999,
          46.697016
        ]
      }
    },
    {
      "type": "Feature",
      "properties": {
        "file": "leg07_m048_b149_2026-06-17T14-07-36.jpg",
        "leg": "leg07",
        "mark_index": 48,
        "along_track_m": 48.0,
        "achieved_heading": 145.46104037276226,
        "target_bearing": 149.87161369081628,
        "fix_type": 6,
        "hacc_m": 0.014,
        "corrupt": false,
        "position_interpolated": true,
        "captured_at_utc": "2026-06-17T20:07:36.264396+00:00"
      },
      "geometry": {
        "type": "Point",
        "coordinates": [
          -114.0169993,
          46.6970092
        ]
      }
    },
    {
      "type": "Feature",
      "properties": {
        "file": "leg07_m049_b149_2026-06-17T14-07-37.jpg",
        "leg": "leg07",
        "mark_index": 49,
        "along_track_m": 49.0,
        "achieved_heading": 149.4852256330549,
        "target_bearing": 149.87161369081628,
        "fix_type": 6,
        "hacc_m": 0.014,
        "corrupt": false,
        "position_interpolated": true,
        "captured_at_utc": "2026-06-17T20:07:37.176025+00:00"
      },
      "geometry": {
        "type": "Point",
        "coordinates": [
          -114.016993,
          46.6970016
        ]
      }
    },
    {
      "type": "Feature",
      "properties": {
        "file": "leg07_m050_b149_2026-06-17T14-07-38.jpg",
        "leg": "leg07",
        "mark_index": 50,
        "along_track_m": 50.0,
        "achieved_heading": 151.38928619814985,
        "target_bearing": 149.87161369081628,
        "fix_type": 6,
        "hacc_m": 0.014,
        "corrupt": false,
        "position_interpolated": true,
        "captured_at_utc": "2026-06-17T20:07:38.093930+00:00"
      },
      "geometry": {
        "type": "Point",
        "coordinates": [
          -114.01698755625513,
          46.69699383510286
        ]
      }
    },
    {
      "type": "Feature",
      "properties": {
        "file": "leg07_m051_b149_2026-06-17T14-07-38.jpg",
        "leg": "leg07",
        "mark_index": 51,
        "along_track_m": 50.581,
        "achieved_heading": 149.30527012401046,
        "target_bearing": 149.87161369081628,
        "fix_type": 6,
        "hacc_m": 0.014,
        "corrupt": false,
        "position_interpolated": true,
        "captured_at_utc": "2026-06-17T20:07:38.718680+00:00"
      },
      "geometry": {
        "type": "Point",
        "coordinates": [
          -114.01698414659043,
          46.69698886776789
        ]
      }
    },
    {
      "type": "Feature",
      "properties": {
        "file": "leg08_m000_b059_2026-06-17T14-07-43.jpg",
        "leg": "leg08",
        "mark_index": 0,
        "along_track_m": 0.0,
        "achieved_heading": 63.98268710430877,
        "target_bearing": 59.71414891720207,
        "fix_type": 6,
        "hacc_m": 0.014,
        "corrupt": false,
        "position_interpolated": true,
        "captured_at_utc": "2026-06-17T20:07:43.286272+00:00"
      },
      "geometry": {
        "type": "Point",
        "coordinates": [
          -114.0169811,
          46.696987299999996
        ]
      }
    },
    {
      "type": "Feature",
      "properties": {
        "file": "leg08_m001_b059_2026-06-17T14-07-44.jpg",
        "leg": "leg08",
        "mark_index": 1,
        "along_track_m": 1.0,
        "achieved_heading": 59.517569711074756,
        "target_bearing": 59.71414891720207,
        "fix_type": 6,
        "hacc_m": 0.014,
        "corrupt": false,
        "position_interpolated": true,
        "captured_at_utc": "2026-06-17T20:07:44.816803+00:00"
      },
      "geometry": {
        "type": "Point",
        "coordinates": [
          -114.0169698,
          46.696991
        ]
      }
    },
    {
      "type": "Feature",
      "properties": {
        "file": "leg08_m002_b059_2026-06-17T14-07-46.jpg",
        "leg": "leg08",
        "mark_index": 2,
        "along_track_m": 2.0,
        "achieved_heading": 51.2691547008124,
        "target_bearing": 59.71414891720207,
        "fix_type": 6,
        "hacc_m": 0.014,
        "corrupt": false,
        "position_interpolated": true,
        "captured_at_utc": "2026-06-17T20:07:45.879182+00:00"
      },
      "geometry": {
        "type": "Point",
        "coordinates": [
          -114.01695710800176,
          46.696995306475515
        ]
      }
    },
    {
      "type": "Feature",
      "properties": {
        "file": "leg08_m003_b059_2026-06-17T14-07-46.jpg",
        "leg": "leg08",
        "mark_index": 3,
        "along_track_m": 3.0,
        "achieved_heading": 45.823018970755385,
        "target_bearing": 59.71414891720207,
        "fix_type": 6,
        "hacc_m": 0.014,
        "corrupt": false,
        "position_interpolated": true,
        "captured_at_utc": "2026-06-17T20:07:46.850192+00:00"
      },
      "geometry": {
        "type": "Point",
        "coordinates": [
          -114.0169466420998,
          46.69700011880011
        ]
      }
    },
    {
      "type": "Feature",
      "properties": {
        "file": "leg08_m004_b059_2026-06-17T14-07-47.jpg",
        "leg": "leg08",
        "mark_index": 4,
        "along_track_m": 4.0,
        "achieved_heading": 42.83206468861347,
        "target_bearing": 59.71414891720207,
        "fix_type": 6,
        "hacc_m": 0.014,
        "corrupt": false,
        "position_interpolated": true,
        "captured_at_utc": "2026-06-17T20:07:47.900671+00:00"
      },
      "geometry": {
        "type": "Point",
        "coordinates": [
          -114.01693658328989,
          46.6970062706189
        ]
      }
    },
    {
      "type": "Feature",
      "properties": {
        "file": "leg08_m005_b059_2026-06-17T14-07-48.jpg",
        "leg": "leg08",
        "mark_index": 5,
        "along_track_m": 4.832,
        "achieved_heading": 48.895734330262485,
        "target_bearing": 59.71414891720207,
        "fix_type": 6,
        "hacc_m": 0.014,
        "corrupt": false,
        "position_interpolated": true,
        "captured_at_utc": "2026-06-17T20:07:48.807155+00:00"
      },
      "geometry": {
        "type": "Point",
        "coordinates": [
          -114.0169293,
          46.6970108
        ]
      }
    },
    {
      "type": "Feature",
      "properties": {
        "file": "leg09_m000_b329_2026-06-17T14-07-52.jpg",
        "leg": "leg09",
        "mark_index": 0,
        "along_track_m": 0.0,
        "achieved_heading": 331.47544251678465,
        "target_bearing": 329.8718976692752,
        "fix_type": 6,
        "hacc_m": 0.014,
        "corrupt": false,
        "position_interpolated": true,
        "captured_at_utc": "2026-06-17T20:07:52.585776+00:00"
      },
      "geometry": {
        "type": "Point",
        "coordinates": [
          -114.01692639999999,
          46.6970137
        ]
      }
    },
    {
      "type": "Feature",
      "properties": {
        "file": "leg09_m001_b329_2026-06-17T14-07-54.jpg",
        "leg": "leg09",
        "mark_index": 1,
        "along_track_m": 1.0,
        "achieved_heading": 328.8541033082816,
        "target_bearing": 329.8718976692752,
        "fix_type": 6,
        "hacc_m": 0.014,
        "corrupt": false,
        "position_interpolated": true,
        "captured_at_utc": "2026-06-17T20:07:53.922927+00:00"
      },
      "geometry": {
        "type": "Point",
        "coordinates": [
          -114.01693105975383,
          46.69702044146014
        ]
      }
    },
    {
      "type": "Feature",
      "properties": {
        "file": "leg09_m002_b329_2026-06-17T14-07-55.jpg",
        "leg": "leg09",
        "mark_index": 2,
        "along_track_m": 2.0,
        "achieved_heading": 321.25347438119417,
        "target_bearing": 329.8718976692752,
        "fix_type": 6,
        "hacc_m": 0.014,
        "corrupt": false,
        "position_interpolated": true,
        "captured_at_utc": "2026-06-17T20:07:54.969546+00:00"
      },
      "geometry": {
        "type": "Point",
        "coordinates": [
          -114.01693709999999,
          46.6970281
        ]
      }
    },
    {
      "type": "Feature",
      "properties": {
        "file": "leg09_m003_b329_2026-06-17T14-07-55.jpg",
        "leg": "leg09",
        "mark_index": 3,
        "along_track_m": 3.0,
        "achieved_heading": 315.1686625969048,
        "target_bearing": 329.8718976692752,
        "fix_type": 6,
        "hacc_m": 0.014,
        "corrupt": false,
        "position_interpolated": true,
        "captured_at_utc": "2026-06-17T20:07:55.938818+00:00"
      },
      "geometry": {
        "type": "Point",
        "coordinates": [
          -114.0169444,
          46.6970355
        ]
      }
    },
    {
      "type": "Feature",
      "properties": {
        "file": "leg09_m004_b329_2026-06-17T14-07-56.jpg",
        "leg": "leg09",
        "mark_index": 4,
        "along_track_m": 4.0,
        "achieved_heading": 314.0670939399863,
        "target_bearing": 329.8718976692752,
        "fix_type": 6,
        "hacc_m": 0.014,
        "corrupt": false,
        "position_interpolated": true,
        "captured_at_utc": "2026-06-17T20:07:56.926027+00:00"
      },
      "geometry": {
        "type": "Point",
        "coordinates": [
          -114.01695249999999,
          46.697042499999995
        ]
      }
    },
    {
      "type": "Feature",
      "properties": {
        "file": "leg09_m005_b329_2026-06-17T14-07-58.jpg",
        "leg": "leg09",
        "mark_index": 5,
        "along_track_m": 5.0,
        "achieved_heading": 317.9228707180987,
        "target_bearing": 329.8718976692752,
        "fix_type": 6,
        "hacc_m": 0.014,
        "corrupt": false,
        "position_interpolated": true,
        "captured_at_utc": "2026-06-17T20:07:58.049802+00:00"
      },
      "geometry": {
        "type": "Point",
        "coordinates": [
          -114.0169605,
          46.6970497
        ]
      }
    },
    {
      "type": "Feature",
      "properties": {
        "file": "leg09_m006_b329_2026-06-17T14-07-59.jpg",
        "leg": "leg09",
        "mark_index": 6,
        "along_track_m": 6.0,
        "achieved_heading": 320.221356584497,
        "target_bearing": 329.8718976692752,
        "fix_type": 6,
        "hacc_m": 0.014,
        "corrupt": false,
        "position_interpolated": true,
        "captured_at_utc": "2026-06-17T20:07:59.017036+00:00"
      },
      "geometry": {
        "type": "Point",
        "coordinates": [
          -114.0169677,
          46.697057199999996
        ]
      }
    },
    {
      "type": "Feature",
      "properties": {
        "file": "leg09_m007_b329_2026-06-17T14-08-00.jpg",
        "leg": "leg09",
        "mark_index": 7,
        "along_track_m": 7.0,
        "achieved_heading": 322.9075213270477,
        "target_bearing": 329.8718976692752,
        "fix_type": 6,
        "hacc_m": 0.014,
        "corrupt": false,
        "position_interpolated": true,
        "captured_at_utc": "2026-06-17T20:07:59.939541+00:00"
      },
      "geometry": {
        "type": "Point",
        "coordinates": [
          -114.0169751,
          46.6970649
        ]
      }
    },
    {
      "type": "Feature",
      "properties": {
        "file": "leg09_m008_b329_2026-06-17T14-08-01.jpg",
        "leg": "leg09",
        "mark_index": 8,
        "along_track_m": 8.0,
        "achieved_heading": 323.5655977311841,
        "target_bearing": 329.8718976692752,
        "fix_type": 6,
        "hacc_m": 0.014,
        "corrupt": false,
        "position_interpolated": true,
        "captured_at_utc": "2026-06-17T20:08:00.994795+00:00"
      },
      "geometry": {
        "type": "Point",
        "coordinates": [
          -114.0169818,
          46.697072399999996
        ]
      }
    },
    {
      "type": "Feature",
      "properties": {
        "file": "leg09_m009_b329_2026-06-17T14-08-01.jpg",
        "leg": "leg09",
        "mark_index": 9,
        "along_track_m": 9.0,
        "achieved_heading": 324.3253327605796,
        "target_bearing": 329.8718976692752,
        "fix_type": 6,
        "hacc_m": 0.014,
        "corrupt": false,
        "position_interpolated": true,
        "captured_at_utc": "2026-06-17T20:08:01.959666+00:00"
      },
      "geometry": {
        "type": "Point",
        "coordinates": [
          -114.0169883,
          46.6970798
        ]
      }
    },
    {
      "type": "Feature",
      "properties": {
        "file": "leg09_m010_b329_2026-06-17T14-08-03.jpg",
        "leg": "leg09",
        "mark_index": 10,
        "along_track_m": 10.0,
        "achieved_heading": 325.6560349506718,
        "target_bearing": 329.8718976692752,
        "fix_type": 6,
        "hacc_m": 0.014,
        "corrupt": false,
        "position_interpolated": true,
        "captured_at_utc": "2026-06-17T20:08:03.007604+00:00"
      },
      "geometry": {
        "type": "Point",
        "coordinates": [
          -114.01699552838893,
          46.69708810967954
        ]
      }
    },
    {
      "type": "Feature",
      "properties": {
        "file": "leg09_m011_b329_2026-06-17T14-08-03.jpg",
        "leg": "leg09",
        "mark_index": 11,
        "along_track_m": 11.0,
        "achieved_heading": 325.07195906406287,
        "target_bearing": 329.8718976692752,
        "fix_type": 6,
        "hacc_m": 0.014,
        "corrupt": false,
        "position_interpolated": true,
        "captured_at_utc": "2026-06-17T20:08:03.930112+00:00"
      },
      "geometry": {
        "type": "Point",
        "coordinates": [
          -114.01700149999999,
          46.697095399999995
        ]
      }
    },
    {
      "type": "Feature",
      "properties": {
        "file": "leg09_m012_b329_2026-06-17T14-08-05.jpg",
        "leg": "leg09",
        "mark_index": 12,
        "along_track_m": 12.0,
        "achieved_heading": 323.29318049006656,
        "target_bearing": 329.8718976692752,
        "fix_type": 6,
        "hacc_m": 0.014,
        "corrupt": false,
        "position_interpolated": true,
        "captured_at_utc": "2026-06-17T20:08:05.049726+00:00"
      },
      "geometry": {
        "type": "Point",
        "coordinates": [
          -114.01700857812337,
          46.69710408636126
        ]
      }
    },
    {
      "type": "Feature",
      "properties": {
        "file": "leg09_m013_b329_2026-06-17T14-08-06.jpg",
        "leg": "leg09",
        "mark_index": 13,
        "along_track_m": 13.0,
        "achieved_heading": 321.86654023276157,
        "target_bearing": 329.8718976692752,
        "fix_type": 6,
        "hacc_m": 0.014,
        "corrupt": false,
        "position_interpolated": true,
        "captured_at_utc": "2026-06-17T20:08:06.092301+00:00"
      },
      "geometry": {
        "type": "Point",
        "coordinates": [
          -114.01701594614005,
          46.6971119680293
        ]
      }
    },
    {
      "type": "Feature",
      "properties": {
        "file": "leg09_m014_b329_2026-06-17T14-08-07.jpg",
        "leg": "leg09",
        "mark_index": 14,
        "along_track_m": 14.0,
        "achieved_heading": 322.3721391072984,
        "target_bearing": 329.8718976692752,
        "fix_type": 6,
        "hacc_m": 0.014,
        "corrupt": false,
        "position_interpolated": true,
        "captured_at_utc": "2026-06-17T20:08:07.144483+00:00"
      },
      "geometry": {
        "type": "Point",
        "coordinates": [
          -114.0170234,
          46.6971194
        ]
      }
    },
    {
      "type": "Feature",
      "properties": {
        "file": "leg09_m015_b329_2026-06-17T14-08-08.jpg",
        "leg": "leg09",
        "mark_index": 15,
        "along_track_m": 15.0,
        "achieved_heading": 323.3985583212812,
        "target_bearing": 329.8718976692752,
        "fix_type": 6,
        "hacc_m": 0.014,
        "corrupt": false,
        "position_interpolated": true,
        "captured_at_utc": "2026-06-17T20:08:08.119793+00:00"
      },
      "geometry": {
        "type": "Point",
        "coordinates": [
          -114.01703000376806,
          46.69712659636561
        ]
      }
    },
    {
      "type": "Feature",
      "properties": {
        "file": "leg09_m016_b329_2026-06-17T14-08-09.jpg",
        "leg": "leg09",
        "mark_index": 16,
        "along_track_m": 16.0,
        "achieved_heading": 326.5927589360906,
        "target_bearing": 329.8718976692752,
        "fix_type": 6,
        "hacc_m": 0.014,
        "corrupt": false,
        "position_interpolated": true,
        "captured_at_utc": "2026-06-17T20:08:09.175509+00:00"
      },
      "geometry": {
        "type": "Point",
        "coordinates": [
          -114.0170364,
          46.6971346
        ]
      }
    },
    {
      "type": "Feature",
      "properties": {
        "file": "leg09_m017_b329_2026-06-17T14-08-10.jpg",
        "leg": "leg09",
        "mark_index": 17,
        "along_track_m": 17.0,
        "achieved_heading": 327.9212393306393,
        "target_bearing": 329.8718976692752,
        "fix_type": 6,
        "hacc_m": 0.014,
        "corrupt": false,
        "position_interpolated": true,
        "captured_at_utc": "2026-06-17T20:08:10.077988+00:00"
      },
      "geometry": {
        "type": "Point",
        "coordinates": [
          -114.0170421704386,
          46.69714226903511
        ]
      }
    },
    {
      "type": "Feature",
      "properties": {
        "file": "leg09_m018_b329_2026-06-17T14-08-11.jpg",
        "leg": "leg09",
        "mark_index": 18,
        "along_track_m": 18.0,
        "achieved_heading": 326.8437417781202,
        "target_bearing": 329.8718976692752,
        "fix_type": 6,
        "hacc_m": 0.014,
        "corrupt": false,
        "position_interpolated": true,
        "captured_at_utc": "2026-06-17T20:08:11.138068+00:00"
      },
      "geometry": {
        "type": "Point",
        "coordinates": [
          -114.0170486,
          46.6971503
        ]
      }
    },
    {
      "type": "Feature",
      "properties": {
        "file": "leg09_m019_b329_2026-06-17T14-08-12.jpg",
        "leg": "leg09",
        "mark_index": 19,
        "along_track_m": 19.0,
        "achieved_heading": 324.74238559010666,
        "target_bearing": 329.8718976692752,
        "fix_type": 6,
        "hacc_m": 0.014,
        "corrupt": false,
        "position_interpolated": true,
        "captured_at_utc": "2026-06-17T20:08:12.110797+00:00"
      },
      "geometry": {
        "type": "Point",
        "coordinates": [
          -114.01705448531447,
          46.69715773752884
        ]
      }
    },
    {
      "type": "Feature",
      "properties": {
        "file": "leg09_m020_b329_2026-06-17T14-08-13.jpg",
        "leg": "leg09",
        "mark_index": 20,
        "along_track_m": 20.0,
        "achieved_heading": 323.8571651470903,
        "target_bearing": 329.8718976692752,
        "fix_type": 6,
        "hacc_m": 0.014,
        "corrupt": false,
        "position_interpolated": true,
        "captured_at_utc": "2026-06-17T20:08:13.172043+00:00"
      },
      "geometry": {
        "type": "Point",
        "coordinates": [
          -114.01706159999999,
          46.6971656
        ]
      }
    },
    {
      "type": "Feature",
      "properties": {
        "file": "leg09_m021_b329_2026-06-17T14-08-14.jpg",
        "leg": "leg09",
        "mark_index": 21,
        "along_track_m": 21.0,
        "achieved_heading": 325.0149290633827,
        "target_bearing": 329.8718976692752,
        "fix_type": 6,
        "hacc_m": 0.014,
        "corrupt": false,
        "position_interpolated": true,
        "captured_at_utc": "2026-06-17T20:08:14.216363+00:00"
      },
      "geometry": {
        "type": "Point",
        "coordinates": [
          -114.01706829999999,
          46.6971731
        ]
      }
    },
    {
      "type": "Feature",
      "properties": {
        "file": "leg09_m022_b329_2026-06-17T14-08-15.jpg",
        "leg": "leg09",
        "mark_index": 22,
        "along_track_m": 22.0,
        "achieved_heading": 327.63874865718736,
        "target_bearing": 329.8718976692752,
        "fix_type": 6,
        "hacc_m": 0.014,
        "corrupt": false,
        "position_interpolated": true,
        "captured_at_utc": "2026-06-17T20:08:15.206161+00:00"
      },
      "geometry": {
        "type": "Point",
        "coordinates": [
          -114.01707523598309,
          46.69718113415721
        ]
      }
    },
    {
      "type": "Feature",
      "properties": {
        "file": "leg09_m023_b329_2026-06-17T14-08-16.jpg",
        "leg": "leg09",
        "mark_index": 23,
        "along_track_m": 23.0,
        "achieved_heading": 325.49667661356534,
        "target_bearing": 329.8718976692752,
        "fix_type": 6,
        "hacc_m": 0.014,
        "corrupt": false,
        "position_interpolated": true,
        "captured_at_utc": "2026-06-17T20:08:16.315140+00:00"
      },
      "geometry": {
        "type": "Point",
        "coordinates": [
          -114.01708185931106,
          46.697189348214096
        ]
      }
    },
    {
      "type": "Feature",
      "properties": {
        "file": "leg09_m024_b329_2026-06-17T14-08-17.jpg",
        "leg": "leg09",
        "mark_index": 24,
        "along_track_m": 24.0,
        "achieved_heading": 323.31262508668027,
        "target_bearing": 329.8718976692752,
        "fix_type": 6,
        "hacc_m": 0.014,
        "corrupt": false,
        "position_interpolated": true,
        "captured_at_utc": "2026-06-17T20:08:17.297930+00:00"
      },
      "geometry": {
        "type": "Point",
        "coordinates": [
          -114.01708821245413,
          46.69719643746025
        ]
      }
    },
    {
      "type": "Feature",
      "properties": {
        "file": "leg09_m025_b329_2026-06-17T14-08-18.jpg",
        "leg": "leg09",
        "mark_index": 25,
        "along_track_m": 25.0,
        "achieved_heading": 324.02770783914497,
        "target_bearing": 329.8718976692752,
        "fix_type": 6,
        "hacc_m": 0.014,
        "corrupt": false,
        "position_interpolated": true,
        "captured_at_utc": "2026-06-17T20:08:18.414660+00:00"
      },
      "geometry": {
        "type": "Point",
        "coordinates": [
          -114.01709489999999,
          46.6972041
        ]
      }
    },
    {
      "type": "Feature",
      "properties": {
        "file": "leg09_m026_b329_2026-06-17T14-08-19.jpg",
        "leg": "leg09",
        "mark_index": 26,
        "along_track_m": 26.0,
        "achieved_heading": 325.943946280435,
        "target_bearing": 329.8718976692752,
        "fix_type": 6,
        "hacc_m": 0.014,
        "corrupt": false,
        "position_interpolated": true,
        "captured_at_utc": "2026-06-17T20:08:19.398179+00:00"
      },
      "geometry": {
        "type": "Point",
        "coordinates": [
          -114.01710179999999,
          46.6972117
        ]
      }
    },
    {
      "type": "Feature",
      "properties": {
        "file": "leg09_m027_b329_2026-06-17T14-08-20.jpg",
        "leg": "leg09",
        "mark_index": 27,
        "along_track_m": 27.0,
        "achieved_heading": 326.6454475249148,
        "target_bearing": 329.8718976692752,
        "fix_type": 6,
        "hacc_m": 0.014,
        "corrupt": false,
        "position_interpolated": true,
        "captured_at_utc": "2026-06-17T20:08:20.382261+00:00"
      },
      "geometry": {
        "type": "Point",
        "coordinates": [
          -114.01710843296621,
          46.697219663892376
        ]
      }
    },
    {
      "type": "Feature",
      "properties": {
        "file": "leg09_m028_b329_2026-06-17T14-08-21.jpg",
        "leg": "leg09",
        "mark_index": 28,
        "along_track_m": 28.0,
        "achieved_heading": 327.3907943873154,
        "target_bearing": 329.8718976692752,
        "fix_type": 6,
        "hacc_m": 0.014,
        "corrupt": false,
        "position_interpolated": true,
        "captured_at_utc": "2026-06-17T20:08:21.424761+00:00"
      },
      "geometry": {
        "type": "Point",
        "coordinates": [
          -114.01711516037547,
          46.69722776037546
        ]
      }
    },
    {
      "type": "Feature",
      "properties": {
        "file": "leg09_m029_b329_2026-06-17T14-08-22.jpg",
        "leg": "leg09",
        "mark_index": 29,
        "along_track_m": 29.0,
        "achieved_heading": 326.99948195865136,
        "target_bearing": 329.8718976692752,
        "fix_type": 6,
        "hacc_m": 0.014,
        "corrupt": false,
        "position_interpolated": true,
        "captured_at_utc": "2026-06-17T20:08:22.420101+00:00"
      },
      "geometry": {
        "type": "Point",
        "coordinates": [
          -114.01712148495056,
          46.69723561993916
        ]
      }
    },
    {
      "type": "Feature",
      "properties": {
        "file": "leg09_m030_b329_2026-06-17T14-08-23.jpg",
        "leg": "leg09",
        "mark_index": 30,
        "along_track_m": 30.0,
        "achieved_heading": 325.9291986520914,
        "target_bearing": 329.8718976692752,
        "fix_type": 6,
        "hacc_m": 0.014,
        "corrupt": false,
        "position_interpolated": true,
        "captured_at_utc": "2026-06-17T20:08:23.534147+00:00"
      },
      "geometry": {
        "type": "Point",
        "coordinates": [
          -114.0171282,
          46.6972439
        ]
      }
    },
    {
      "type": "Feature",
      "properties": {
        "file": "leg09_m031_b329_2026-06-17T14-08-24.jpg",
        "leg": "leg09",
        "mark_index": 31,
        "along_track_m": 31.0,
        "achieved_heading": 324.87875707377736,
        "target_bearing": 329.8718976692752,
        "fix_type": 6,
        "hacc_m": 0.014,
        "corrupt": false,
        "position_interpolated": true,
        "captured_at_utc": "2026-06-17T20:08:24.595087+00:00"
      },
      "geometry": {
        "type": "Point",
        "coordinates": [
          -114.017135,
          46.6972514
        ]
      }
    },
    {
      "type": "Feature",
      "properties": {
        "file": "leg09_m032_b329_2026-06-17T14-08-25.jpg",
        "leg": "leg09",
        "mark_index": 32,
        "along_track_m": 32.0,
        "achieved_heading": 325.47625197191473,
        "target_bearing": 329.8718976692752,
        "fix_type": 6,
        "hacc_m": 0.014,
        "corrupt": false,
        "position_interpolated": true,
        "captured_at_utc": "2026-06-17T20:08:25.572124+00:00"
      },
      "geometry": {
        "type": "Point",
        "coordinates": [
          -114.0171415,
          46.6972591
        ]
      }
    },
    {
      "type": "Feature",
      "properties": {
        "file": "leg09_m033_b329_2026-06-17T14-08-26.jpg",
        "leg": "leg09",
        "mark_index": 33,
        "along_track_m": 33.0,
        "achieved_heading": 325.5408180753421,
        "target_bearing": 329.8718976692752,
        "fix_type": 6,
        "hacc_m": 0.014,
        "corrupt": false,
        "position_interpolated": true,
        "captured_at_utc": "2026-06-17T20:08:26.467806+00:00"
      },
      "geometry": {
        "type": "Point",
        "coordinates": [
          -114.0171477047489,
          46.6972661718113
        ]
      }
    },
    {
      "type": "Feature",
      "properties": {
        "file": "leg09_m034_b329_2026-06-17T14-08-27.jpg",
        "leg": "leg09",
        "mark_index": 34,
        "along_track_m": 34.0,
        "achieved_heading": 325.86762950367336,
        "target_bearing": 329.8718976692752,
        "fix_type": 6,
        "hacc_m": 0.014,
        "corrupt": false,
        "position_interpolated": true,
        "captured_at_utc": "2026-06-17T20:08:27.523772+00:00"
      },
      "geometry": {
        "type": "Point",
        "coordinates": [
          -114.01715469999999,
          46.6972743
        ]
      }
    },
    {
      "type": "Feature",
      "properties": {
        "file": "leg09_m035_b329_2026-06-17T14-08-28.jpg",
        "leg": "leg09",
        "mark_index": 35,
        "along_track_m": 35.0,
        "achieved_heading": 326.07490495060216,
        "target_bearing": 329.8718976692752,
        "fix_type": 6,
        "hacc_m": 0.014,
        "corrupt": false,
        "position_interpolated": true,
        "captured_at_utc": "2026-06-17T20:08:28.574766+00:00"
      },
      "geometry": {
        "type": "Point",
        "coordinates": [
          -114.0171611,
          46.697282
        ]
      }
    },
    {
      "type": "Feature",
      "properties": {
        "file": "leg09_m036_b329_2026-06-17T14-08-29.jpg",
        "leg": "leg09",
        "mark_index": 36,
        "along_track_m": 36.0,
        "achieved_heading": 325.3212778468092,
        "target_bearing": 329.8718976692752,
        "fix_type": 6,
        "hacc_m": 0.014,
        "corrupt": false,
        "position_interpolated": true,
        "captured_at_utc": "2026-06-17T20:08:29.637831+00:00"
      },
      "geometry": {
        "type": "Point",
        "coordinates": [
          -114.0171677,
          46.6972897
        ]
      }
    },
    {
      "type": "Feature",
      "properties": {
        "file": "leg09_m037_b329_2026-06-17T14-08-30.jpg",
        "leg": "leg09",
        "mark_index": 37,
        "along_track_m": 37.0,
        "achieved_heading": 326.9986163146122,
        "target_bearing": 329.8718976692752,
        "fix_type": 6,
        "hacc_m": 0.014,
        "corrupt": false,
        "position_interpolated": true,
        "captured_at_utc": "2026-06-17T20:08:30.539140+00:00"
      },
      "geometry": {
        "type": "Point",
        "coordinates": [
          -114.01717429592458,
          46.69729739592458
        ]
      }
    },
    {
      "type": "Feature",
      "properties": {
        "file": "leg09_m038_b329_2026-06-17T14-08-31.jpg",
        "leg": "leg09",
        "mark_index": 38,
        "along_track_m": 38.0,
        "achieved_heading": 327.30903007477923,
        "target_bearing": 329.8718976692752,
        "fix_type": 6,
        "hacc_m": 0.014,
        "corrupt": false,
        "position_interpolated": true,
        "captured_at_utc": "2026-06-17T20:08:31.588612+00:00"
      },
      "geometry": {
        "type": "Point",
        "coordinates": [
          -114.01718078066001,
          46.69730514410334
        ]
      }
    },
    {
      "type": "Feature",
      "properties": {
        "file": "leg09_m039_b329_2026-06-17T14-08-32.jpg",
        "leg": "leg09",
        "mark_index": 39,
        "along_track_m": 39.0,
        "achieved_heading": 326.5603988413813,
        "target_bearing": 329.8718976692752,
        "fix_type": 6,
        "hacc_m": 0.014,
        "corrupt": false,
        "position_interpolated": true,
        "captured_at_utc": "2026-06-17T20:08:32.704864+00:00"
      },
      "geometry": {
        "type": "Point",
        "coordinates": [
          -114.01718764750476,
          46.69731383661225
        ]
      }
    },
    {
      "type": "Feature",
      "properties": {
        "file": "leg09_m040_b329_2026-06-17T14-08-33.jpg",
        "leg": "leg09",
        "mark_index": 40,
        "along_track_m": 40.0,
        "achieved_heading": 325.3442523876754,
        "target_bearing": 329.8718976692752,
        "fix_type": 6,
        "hacc_m": 0.014,
        "corrupt": false,
        "position_interpolated": true,
        "captured_at_utc": "2026-06-17T20:08:33.763350+00:00"
      },
      "geometry": {
        "type": "Point",
        "coordinates": [
          -114.0171944,
          46.697322
        ]
      }
    },
    {
      "type": "Feature",
      "properties": {
        "file": "leg09_m041_b329_2026-06-17T14-08-34.jpg",
        "leg": "leg09",
        "mark_index": 41,
        "along_track_m": 41.0,
        "achieved_heading": 325.16960882274856,
        "target_bearing": 329.8718976692752,
        "fix_type": 6,
        "hacc_m": 0.014,
        "corrupt": false,
        "position_interpolated": true,
        "captured_at_utc": "2026-06-17T20:08:34.683789+00:00"
      },
      "geometry": {
        "type": "Point",
        "coordinates": [
          -114.0172007993689,
          46.69732905311797
        ]
      }
    },
    {
      "type": "Feature",
      "properties": {
        "file": "leg09_m042_b329_2026-06-17T14-08-35.jpg",
        "leg": "leg09",
        "mark_index": 42,
        "along_track_m": 42.0,
        "achieved_heading": 326.62708316832857,
        "target_bearing": 329.8718976692752,
        "fix_type": 6,
        "hacc_m": 0.014,
        "corrupt": false,
        "position_interpolated": true,
        "captured_at_utc": "2026-06-17T20:08:35.720750+00:00"
      },
      "geometry": {
        "type": "Point",
        "coordinates": [
          -114.01720747374894,
          46.6973366642031
        ]
      }
    },
    {
      "type": "Feature",
      "properties": {
        "file": "leg09_m043_b329_2026-06-17T14-08-36.jpg",
        "leg": "leg09",
        "mark_index": 43,
        "along_track_m": 43.0,
        "achieved_heading": 328.1582531150027,
        "target_bearing": 329.8718976692752,
        "fix_type": 6,
        "hacc_m": 0.014,
        "corrupt": false,
        "position_interpolated": true,
        "captured_at_utc": "2026-06-17T20:08:36.776319+00:00"
      },
      "geometry": {
        "type": "Point",
        "coordinates": [
          -114.01721409999999,
          46.6973444
        ]
      }
    },
    {
      "type": "Feature",
      "properties": {
        "file": "leg09_m044_b329_2026-06-17T14-08-37.jpg",
        "leg": "leg09",
        "mark_index": 44,
        "along_track_m": 44.0,
        "achieved_heading": 327.4926434045025,
        "target_bearing": 329.8718976692752,
        "fix_type": 6,
        "hacc_m": 0.014,
        "corrupt": false,
        "position_interpolated": true,
        "captured_at_utc": "2026-06-17T20:08:37.620960+00:00"
      },
      "geometry": {
        "type": "Point",
        "coordinates": [
          -114.01721956712008,
          46.6973513616401
        ]
      }
    },
    {
      "type": "Feature",
      "properties": {
        "file": "leg09_m045_b329_2026-06-17T14-08-39.jpg",
        "leg": "leg09",
        "mark_index": 45,
        "along_track_m": 45.0,
        "achieved_heading": 325.3946361768823,
        "target_bearing": 329.8718976692752,
        "fix_type": 6,
        "hacc_m": 0.014,
        "corrupt": false,
        "position_interpolated": true,
        "captured_at_utc": "2026-06-17T20:08:38.872675+00:00"
      },
      "geometry": {
        "type": "Point",
        "coordinates": [
          -114.01722726062657,
          46.697360556203975
        ]
      }
    },
    {
      "type": "Feature",
      "properties": {
        "file": "leg09_m046_b329_2026-06-17T14-08-39.jpg",
        "leg": "leg09",
        "mark_index": 46,
        "along_track_m": 46.0,
        "achieved_heading": 324.9800787763752,
        "target_bearing": 329.8718976692752,
        "fix_type": 6,
        "hacc_m": 0.014,
        "corrupt": false,
        "position_interpolated": true,
        "captured_at_utc": "2026-06-17T20:08:39.848864+00:00"
      },
      "geometry": {
        "type": "Point",
        "coordinates": [
          -114.017233721906,
          46.69736777480015
        ]
      }
    },
    {
      "type": "Feature",
      "properties": {
        "file": "leg09_m047_b329_2026-06-17T14-08-40.jpg",
        "leg": "leg09",
        "mark_index": 47,
        "along_track_m": 47.0,
        "achieved_heading": 326.23244620816166,
        "target_bearing": 329.8718976692752,
        "fix_type": 6,
        "hacc_m": 0.014,
        "corrupt": false,
        "position_interpolated": true,
        "captured_at_utc": "2026-06-17T20:08:40.832918+00:00"
      },
      "geometry": {
        "type": "Point",
        "coordinates": [
          -114.01724016188012,
          46.69737541512016
        ]
      }
    },
    {
      "type": "Feature",
      "properties": {
        "file": "leg09_m048_b329_2026-06-17T14-08-42.jpg",
        "leg": "leg09",
        "mark_index": 48,
        "along_track_m": 48.0,
        "achieved_heading": 326.28619698257876,
        "target_bearing": 329.8718976692752,
        "fix_type": 6,
        "hacc_m": 0.014,
        "corrupt": false,
        "position_interpolated": true,
        "captured_at_utc": "2026-06-17T20:08:41.949076+00:00"
      },
      "geometry": {
        "type": "Point",
        "coordinates": [
          -114.01724709999999,
          46.697383699999996
        ]
      }
    },
    {
      "type": "Feature",
      "properties": {
        "file": "leg09_m049_b329_2026-06-17T14-08-42.jpg",
        "leg": "leg09",
        "mark_index": 49,
        "along_track_m": 49.0,
        "achieved_heading": 329.6443744421269,
        "target_bearing": 329.8718976692752,
        "fix_type": 6,
        "hacc_m": 0.014,
        "corrupt": false,
        "position_interpolated": true,
        "captured_at_utc": "2026-06-17T20:08:42.861499+00:00"
      },
      "geometry": {
        "type": "Point",
        "coordinates": [
          -114.01725286579118,
          46.69739106558914
        ]
      }
    },
    {
      "type": "Feature",
      "properties": {
        "file": "leg09_m050_b329_2026-06-17T14-08-43.jpg",
        "leg": "leg09",
        "mark_index": 50,
        "along_track_m": 50.0,
        "achieved_heading": 334.010276145502,
        "target_bearing": 329.8718976692752,
        "fix_type": 6,
        "hacc_m": 0.014,
        "corrupt": false,
        "position_interpolated": true,
        "captured_at_utc": "2026-06-17T20:08:43.912776+00:00"
      },
      "geometry": {
        "type": "Point",
        "coordinates": [
          -114.01725854452,
          46.697399827449246
        ]
      }
    },
    {
      "type": "Feature",
      "properties": {
        "file": "leg09_m051_b329_2026-06-17T14-08-44.jpg",
        "leg": "leg09",
        "mark_index": 51,
        "along_track_m": 50.501,
        "achieved_heading": 334.9906300250553,
        "target_bearing": 329.8718976692752,
        "fix_type": 6,
        "hacc_m": 0.014,
        "corrupt": false,
        "position_interpolated": true,
        "captured_at_utc": "2026-06-17T20:08:44.328146+00:00"
      },
      "geometry": {
        "type": "Point",
        "coordinates": [
          -114.0172604,
          46.697403
        ]
      }
    },
    {
      "type": "Feature",
      "properties": {
        "file": "leg10_m000_b059_2026-06-17T14-08-47.jpg",
        "leg": "leg10",
        "mark_index": 0,
        "along_track_m": 0.0,
        "achieved_heading": 62.87083934644142,
        "target_bearing": 59.71394716498298,
        "fix_type": 6,
        "hacc_m": 0.014,
        "corrupt": false,
        "position_interpolated": true,
        "captured_at_utc": "2026-06-17T20:08:47.847189+00:00"
      },
      "geometry": {
        "type": "Point",
        "coordinates": [
          -114.0172619,
          46.6974064
        ]
      }
    },
    {
      "type": "Feature",
      "properties": {
        "file": "leg10_m001_b059_2026-06-17T14-08-49.jpg",
        "leg": "leg10",
        "mark_index": 1,
        "along_track_m": 1.0,
        "achieved_heading": 55.598629827522956,
        "target_bearing": 59.71394716498298,
        "fix_type": 6,
        "hacc_m": 0.014,
        "corrupt": false,
        "position_interpolated": true,
        "captured_at_utc": "2026-06-17T20:08:49.576968+00:00"
      },
      "geometry": {
        "type": "Point",
        "coordinates": [
          -114.01725019999999,
          46.6974114
        ]
      }
    },
    {
      "type": "Feature",
      "properties": {
        "file": "leg10_m002_b059_2026-06-17T14-08-50.jpg",
        "leg": "leg10",
        "mark_index": 2,
        "along_track_m": 2.0,
        "achieved_heading": 56.898728360454314,
        "target_bearing": 59.71394716498298,
        "fix_type": 6,
        "hacc_m": 0.014,
        "corrupt": false,
        "position_interpolated": true,
        "captured_at_utc": "2026-06-17T20:08:50.703240+00:00"
      },
      "geometry": {
        "type": "Point",
        "coordinates": [
          -114.01723839533415,
          46.697416297275076
        ]
      }
    },
    {
      "type": "Feature",
      "properties": {
        "file": "leg10_m003_b059_2026-06-17T14-08-51.jpg",
        "leg": "leg10",
        "mark_index": 3,
        "along_track_m": 3.0,
        "achieved_heading": 58.90568492523856,
        "target_bearing": 59.71394716498298,
        "fix_type": 6,
        "hacc_m": 0.014,
        "corrupt": false,
        "position_interpolated": true,
        "captured_at_utc": "2026-06-17T20:08:51.757488+00:00"
      },
      "geometry": {
        "type": "Point",
        "coordinates": [
          -114.0172274,
          46.6974209
        ]
      }
    },
    {
      "type": "Feature",
      "properties": {
        "file": "leg10_m004_b059_2026-06-17T14-08-53.jpg",
        "leg": "leg10",
        "mark_index": 4,
        "along_track_m": 4.0,
        "achieved_heading": 64.14987091496263,
        "target_bearing": 59.71394716498298,
        "fix_type": 6,
        "hacc_m": 0.014,
        "corrupt": false,
        "position_interpolated": true,
        "captured_at_utc": "2026-06-17T20:08:52.955231+00:00"
      },
      "geometry": {
        "type": "Point",
        "coordinates": [
          -114.0172147,
          46.6974252
        ]
      }
    },
    {
      "type": "Feature",
      "properties": {
        "file": "leg10_m005_b059_2026-06-17T14-08-53.jpg",
        "leg": "leg10",
        "mark_index": 5,
        "along_track_m": 4.876,
        "achieved_heading": 68.96838867623333,
        "target_bearing": 59.71394716498298,
        "fix_type": 6,
        "hacc_m": 0.014,
        "corrupt": false,
        "position_interpolated": true,
        "captured_at_utc": "2026-06-17T20:08:53.791258+00:00"
      },
      "geometry": {
        "type": "Point",
        "coordinates": [
          -114.01720569999999,
          46.6974277
        ]
      }
    },
    {
      "type": "Feature",
      "properties": {
        "file": "leg11_m000_b149_2026-06-17T14-08-57.jpg",
        "leg": "leg11",
        "mark_index": 0,
        "along_track_m": 0.0,
        "achieved_heading": 151.57704250773884,
        "target_bearing": 149.8716961332957,
        "fix_type": 6,
        "hacc_m": 0.014,
        "corrupt": false,
        "position_interpolated": true,
        "captured_at_utc": "2026-06-17T20:08:57.635504+00:00"
      },
      "geometry": {
        "type": "Point",
        "coordinates": [
          -114.017202,
          46.6974294
        ]
      }
    },
    {
      "type": "Feature",
      "properties": {
        "file": "leg11_m001_b149_2026-06-17T14-08-59.jpg",
        "leg": "leg11",
        "mark_index": 1,
        "along_track_m": 1.0,
        "achieved_heading": 150.20200109520437,
        "target_bearing": 149.8716961332957,
        "fix_type": 6,
        "hacc_m": 0.014,
        "corrupt": false,
        "position_interpolated": true,
        "captured_at_utc": "2026-06-17T20:08:59.531448+00:00"
      },
      "geometry": {
        "type": "Point",
        "coordinates": [
          -114.01719609999999,
          46.6974192
        ]
      }
    },
    {
      "type": "Feature",
      "properties": {
        "file": "leg11_m002_b149_2026-06-17T14-09-00.jpg",
        "leg": "leg11",
        "mark_index": 2,
        "along_track_m": 2.0,
        "achieved_heading": 143.644040763696,
        "target_bearing": 149.8716961332957,
        "fix_type": 6,
        "hacc_m": 0.014,
        "corrupt": false,
        "position_interpolated": true,
        "captured_at_utc": "2026-06-17T20:09:00.645548+00:00"
      },
      "geometry": {
        "type": "Point",
        "coordinates": [
          -114.0171907,
          46.697411599999995
        ]
      }
    },
    {
      "type": "Feature",
      "properties": {
        "file": "leg11_m003_b149_2026-06-17T14-09-01.jpg",
        "leg": "leg11",
        "mark_index": 3,
        "along_track_m": 3.0,
        "achieved_heading": 141.42554818094945,
        "target_bearing": 149.8716961332957,
        "fix_type": 6,
        "hacc_m": 0.014,
        "corrupt": false,
        "position_interpolated": true,
        "captured_at_utc": "2026-06-17T20:09:01.761472+00:00"
      },
      "geometry": {
        "type": "Point",
        "coordinates": [
          -114.0171833,
          46.6974035
        ]
      }
    },
    {
      "type": "Feature",
      "properties": {
        "file": "leg11_m004_b149_2026-06-17T14-09-02.jpg",
        "leg": "leg11",
        "mark_index": 4,
        "along_track_m": 4.0,
        "achieved_heading": 144.85207863353224,
        "target_bearing": 149.8716961332957,
        "fix_type": 6,
        "hacc_m": 0.014,
        "corrupt": false,
        "position_interpolated": true,
        "captured_at_utc": "2026-06-17T20:09:02.743445+00:00"
      },
      "geometry": {
        "type": "Point",
        "coordinates": [
          -114.01717719999999,
          46.697396499999996
        ]
      }
    },
    {
      "type": "Feature",
      "properties": {
        "file": "leg11_m005_b149_2026-06-17T14-09-03.jpg",
        "leg": "leg11",
        "mark_index": 5,
        "along_track_m": 5.0,
        "achieved_heading": 145.87017170025203,
        "target_bearing": 149.8716961332957,
        "fix_type": 6,
        "hacc_m": 0.014,
        "corrupt": false,
        "position_interpolated": true,
        "captured_at_utc": "2026-06-17T20:09:03.930469+00:00"
      },
      "geometry": {
        "type": "Point",
        "coordinates": [
          -114.0171694,
          46.6973878
        ]
      }
    },
    {
      "type": "Feature",
      "properties": {
        "file": "leg11_m006_b149_2026-06-17T14-09-04.jpg",
        "leg": "leg11",
        "mark_index": 6,
        "along_track_m": 6.0,
        "achieved_heading": 147.82021934974975,
        "target_bearing": 149.8716961332957,
        "fix_type": 6,
        "hacc_m": 0.014,
        "corrupt": false,
        "position_interpolated": true,
        "captured_at_utc": "2026-06-17T20:09:04.910290+00:00"
      },
      "geometry": {
        "type": "Point",
        "coordinates": [
          -114.0171639521768,
          46.69738048870057
        ]
      }
    },
    {
      "type": "Feature",
      "properties": {
        "file": "leg11_m007_b149_2026-06-17T14-09-05.jpg",
        "leg": "leg11",
        "mark_index": 7,
        "along_track_m": 7.0,
        "achieved_heading": 145.30288450294336,
        "target_bearing": 149.8716961332957,
        "fix_type": 6,
        "hacc_m": 0.014,
        "corrupt": false,
        "position_interpolated": true,
        "captured_at_utc": "2026-06-17T20:09:05.964239+00:00"
      },
      "geometry": {
        "type": "Point",
        "coordinates": [
          -114.01715779999999,
          46.697372699999995
        ]
      }
    },
    {
      "type": "Feature",
      "properties": {
        "file": "leg11_m008_b149_2026-06-17T14-09-07.jpg",
        "leg": "leg11",
        "mark_index": 8,
        "along_track_m": 8.0,
        "achieved_heading": 144.60512079869528,
        "target_bearing": 149.8716961332957,
        "fix_type": 6,
        "hacc_m": 0.014,
        "corrupt": false,
        "position_interpolated": true,
        "captured_at_utc": "2026-06-17T20:09:07.014920+00:00"
      },
      "geometry": {
        "type": "Point",
        "coordinates": [
          -114.01715119518609,
          46.6973645116174
        ]
      }
    },
    {
      "type": "Feature",
      "properties": {
        "file": "leg11_m009_b149_2026-06-17T14-09-08.jpg",
        "leg": "leg11",
        "mark_index": 9,
        "along_track_m": 9.0,
        "achieved_heading": 144.83164042706375,
        "target_bearing": 149.8716961332957,
        "fix_type": 6,
        "hacc_m": 0.014,
        "corrupt": false,
        "position_interpolated": true,
        "captured_at_utc": "2026-06-17T20:09:08.129668+00:00"
      },
      "geometry": {
        "type": "Point",
        "coordinates": [
          -114.01714413290647,
          46.697356341133094
        ]
      }
    },
    {
      "type": "Feature",
      "properties": {
        "file": "leg11_m010_b149_2026-06-17T14-09-09.jpg",
        "leg": "leg11",
        "mark_index": 10,
        "along_track_m": 10.0,
        "achieved_heading": 145.28295858208352,
        "target_bearing": 149.8716961332957,
        "fix_type": 6,
        "hacc_m": 0.014,
        "corrupt": false,
        "position_interpolated": true,
        "captured_at_utc": "2026-06-17T20:09:09.249736+00:00"
      },
      "geometry": {
        "type": "Point",
        "coordinates": [
          -114.0171381,
          46.6973492
        ]
      }
    },
    {
      "type": "Feature",
      "properties": {
        "file": "leg11_m011_b149_2026-06-17T14-09-10.jpg",
        "leg": "leg11",
        "mark_index": 11,
        "along_track_m": 11.0,
        "achieved_heading": 145.0155166816394,
        "target_bearing": 149.8716961332957,
        "fix_type": 6,
        "hacc_m": 0.014,
        "corrupt": false,
        "position_interpolated": true,
        "captured_at_utc": "2026-06-17T20:09:10.163925+00:00"
      },
      "geometry": {
        "type": "Point",
        "coordinates": [
          -114.0171318,
          46.6973418
        ]
      }
    },
    {
      "type": "Feature",
      "properties": {
        "file": "leg11_m012_b149_2026-06-17T14-09-11.jpg",
        "leg": "leg11",
        "mark_index": 12,
        "along_track_m": 12.0,
        "achieved_heading": 142.87248668816244,
        "target_bearing": 149.8716961332957,
        "fix_type": 6,
        "hacc_m": 0.014,
        "corrupt": false,
        "position_interpolated": true,
        "captured_at_utc": "2026-06-17T20:09:11.287497+00:00"
      },
      "geometry": {
        "type": "Point",
        "coordinates": [
          -114.01712444712315,
          46.69733342542796
        ]
      }
    },
    {
      "type": "Feature",
      "properties": {
        "file": "leg11_m013_b149_2026-06-17T14-09-12.jpg",
        "leg": "leg11",
        "mark_index": 13,
        "along_track_m": 13.0,
        "achieved_heading": 144.76789887741805,
        "target_bearing": 149.8716961332957,
        "fix_type": 6,
        "hacc_m": 0.014,
        "corrupt": false,
        "position_interpolated": true,
        "captured_at_utc": "2026-06-17T20:09:12.263986+00:00"
      },
      "geometry": {
        "type": "Point",
        "coordinates": [
          -114.01711802290366,
          46.69732635814564
        ]
      }
    },
    {
      "type": "Feature",
      "properties": {
        "file": "leg11_m014_b149_2026-06-17T14-09-13.jpg",
        "leg": "leg11",
        "mark_index": 14,
        "along_track_m": 14.0,
        "achieved_heading": 145.10875426775925,
        "target_bearing": 149.8716961332957,
        "fix_type": 6,
        "hacc_m": 0.014,
        "corrupt": false,
        "position_interpolated": true,
        "captured_at_utc": "2026-06-17T20:09:13.384806+00:00"
      },
      "geometry": {
        "type": "Point",
        "coordinates": [
          -114.0171113,
          46.6973187
        ]
      }
    },
    {
      "type": "Feature",
      "properties": {
        "file": "leg11_m015_b149_2026-06-17T14-09-14.jpg",
        "leg": "leg11",
        "mark_index": 15,
        "along_track_m": 15.0,
        "achieved_heading": 146.65063449651393,
        "target_bearing": 149.8716961332957,
        "fix_type": 6,
        "hacc_m": 0.014,
        "corrupt": false,
        "position_interpolated": true,
        "captured_at_utc": "2026-06-17T20:09:14.515115+00:00"
      },
      "geometry": {
        "type": "Point",
        "coordinates": [
          -114.01710427067123,
          46.697309902794515
        ]
      }
    },
    {
      "type": "Feature",
      "properties": {
        "file": "leg11_m016_b149_2026-06-17T14-09-15.jpg",
        "leg": "leg11",
        "mark_index": 16,
        "along_track_m": 16.0,
        "achieved_heading": 145.17295163696053,
        "target_bearing": 149.8716961332957,
        "fix_type": 6,
        "hacc_m": 0.014,
        "corrupt": false,
        "position_interpolated": true,
        "captured_at_utc": "2026-06-17T20:09:15.557975+00:00"
      },
      "geometry": {
        "type": "Point",
        "coordinates": [
          -114.01709749999999,
          46.6973023
        ]
      }
    },
    {
      "type": "Feature",
      "properties": {
        "file": "leg11_m017_b149_2026-06-17T14-09-16.jpg",
        "leg": "leg11",
        "mark_index": 17,
        "along_track_m": 17.0,
        "achieved_heading": 144.56475261563946,
        "target_bearing": 149.8716961332957,
        "fix_type": 6,
        "hacc_m": 0.014,
        "corrupt": false,
        "position_interpolated": true,
        "captured_at_utc": "2026-06-17T20:09:16.607178+00:00"
      },
      "geometry": {
        "type": "Point",
        "coordinates": [
          -114.0170911,
          46.6972952
        ]
      }
    },
    {
      "type": "Feature",
      "properties": {
        "file": "leg11_m018_b149_2026-06-17T14-09-17.jpg",
        "leg": "leg11",
        "mark_index": 18,
        "along_track_m": 18.0,
        "achieved_heading": 145.17499169558513,
        "target_bearing": 149.8716961332957,
        "fix_type": 6,
        "hacc_m": 0.014,
        "corrupt": false,
        "position_interpolated": true,
        "captured_at_utc": "2026-06-17T20:09:17.659825+00:00"
      },
      "geometry": {
        "type": "Point",
        "coordinates": [
          -114.0170847,
          46.6972877
        ]
      }
    },
    {
      "type": "Feature",
      "properties": {
        "file": "leg11_m019_b149_2026-06-17T14-09-18.jpg",
        "leg": "leg11",
        "mark_index": 19,
        "along_track_m": 19.0,
        "achieved_heading": 145.68728054648804,
        "target_bearing": 149.8716961332957,
        "fix_type": 6,
        "hacc_m": 0.014,
        "corrupt": false,
        "position_interpolated": true,
        "captured_at_utc": "2026-06-17T20:09:18.634694+00:00"
      },
      "geometry": {
        "type": "Point",
        "coordinates": [
          -114.01707783572964,
          46.69727968870711
        ]
      }
    },
    {
      "type": "Feature",
      "properties": {
        "file": "leg11_m020_b149_2026-06-17T14-09-19.jpg",
        "leg": "leg11",
        "mark_index": 20,
        "along_track_m": 20.0,
        "achieved_heading": 145.5361966494632,
        "target_bearing": 149.8716961332957,
        "fix_type": 6,
        "hacc_m": 0.014,
        "corrupt": false,
        "position_interpolated": true,
        "captured_at_utc": "2026-06-17T20:09:19.624919+00:00"
      },
      "geometry": {
        "type": "Point",
        "coordinates": [
          -114.01707131781113,
          46.697271717811134
        ]
      }
    },
    {
      "type": "Feature",
      "properties": {
        "file": "leg11_m021_b149_2026-06-17T14-09-20.jpg",
        "leg": "leg11",
        "mark_index": 21,
        "along_track_m": 21.0,
        "achieved_heading": 145.31221307840357,
        "target_bearing": 149.8716961332957,
        "fix_type": 6,
        "hacc_m": 0.014,
        "corrupt": false,
        "position_interpolated": true,
        "captured_at_utc": "2026-06-17T20:09:20.741999+00:00"
      },
      "geometry": {
        "type": "Point",
        "coordinates": [
          -114.0170643,
          46.697263799999995
        ]
      }
    },
    {
      "type": "Feature",
      "properties": {
        "file": "leg11_m022_b149_2026-06-17T14-09-21.jpg",
        "leg": "leg11",
        "mark_index": 22,
        "along_track_m": 22.0,
        "achieved_heading": 146.5769220990051,
        "target_bearing": 149.8716961332957,
        "fix_type": 6,
        "hacc_m": 0.014,
        "corrupt": false,
        "position_interpolated": true,
        "captured_at_utc": "2026-06-17T20:09:21.858593+00:00"
      },
      "geometry": {
        "type": "Point",
        "coordinates": [
          -114.0170581,
          46.697256599999996
        ]
      }
    },
    {
      "type": "Feature",
      "properties": {
        "file": "leg11_m023_b149_2026-06-17T14-09-22.jpg",
        "leg": "leg11",
        "mark_index": 23,
        "along_track_m": 23.0,
        "achieved_heading": 147.91165072956727,
        "target_bearing": 149.8716961332957,
        "fix_type": 6,
        "hacc_m": 0.014,
        "corrupt": false,
        "position_interpolated": true,
        "captured_at_utc": "2026-06-17T20:09:22.845868+00:00"
      },
      "geometry": {
        "type": "Point",
        "coordinates": [
          -114.01705094401659,
          46.697248305477174
        ]
      }
    },
    {
      "type": "Feature",
      "properties": {
        "file": "leg11_m024_b149_2026-06-17T14-09-24.jpg",
        "leg": "leg11",
        "mark_index": 24,
        "along_track_m": 24.0,
        "achieved_heading": 147.69782020864656,
        "target_bearing": 149.8716961332957,
        "fix_type": 6,
        "hacc_m": 0.014,
        "corrupt": false,
        "position_interpolated": true,
        "captured_at_utc": "2026-06-17T20:09:23.961779+00:00"
      },
      "geometry": {
        "type": "Point",
        "coordinates": [
          -114.0170443,
          46.697240099999995
        ]
      }
    },
    {
      "type": "Feature",
      "properties": {
        "file": "leg11_m025_b149_2026-06-17T14-09-24.jpg",
        "leg": "leg11",
        "mark_index": 25,
        "along_track_m": 25.0,
        "achieved_heading": 146.46048511112681,
        "target_bearing": 149.8716961332957,
        "fix_type": 6,
        "hacc_m": 0.014,
        "corrupt": false,
        "position_interpolated": true,
        "captured_at_utc": "2026-06-17T20:09:24.874995+00:00"
      },
      "geometry": {
        "type": "Point",
        "coordinates": [
          -114.01703863780652,
          46.69723303292915
        ]
      }
    },
    {
      "type": "Feature",
      "properties": {
        "file": "leg11_m026_b149_2026-06-17T14-09-26.jpg",
        "leg": "leg11",
        "mark_index": 26,
        "along_track_m": 26.0,
        "achieved_heading": 144.36458387656302,
        "target_bearing": 149.8716961332957,
        "fix_type": 6,
        "hacc_m": 0.014,
        "corrupt": false,
        "position_interpolated": true,
        "captured_at_utc": "2026-06-17T20:09:25.992625+00:00"
      },
      "geometry": {
        "type": "Point",
        "coordinates": [
          -114.01703239999999,
          46.6972251
        ]
      }
    },
    {
      "type": "Feature",
      "properties": {
        "file": "leg11_m027_b149_2026-06-17T14-09-27.jpg",
        "leg": "leg11",
        "mark_index": 27,
        "along_track_m": 27.0,
        "achieved_heading": 144.28016772409853,
        "target_bearing": 149.8716961332957,
        "fix_type": 6,
        "hacc_m": 0.014,
        "corrupt": false,
        "position_interpolated": true,
        "captured_at_utc": "2026-06-17T20:09:27.109227+00:00"
      },
      "geometry": {
        "type": "Point",
        "coordinates": [
          -114.01702530467857,
          46.69721683322728
        ]
      }
    },
    {
      "type": "Feature",
      "properties": {
        "file": "leg11_m028_b149_2026-06-17T14-09-28.jpg",
        "leg": "leg11",
        "mark_index": 28,
        "along_track_m": 28.0,
        "achieved_heading": 144.13825125407038,
        "target_bearing": 149.8716961332957,
        "fix_type": 6,
        "hacc_m": 0.014,
        "corrupt": false,
        "position_interpolated": true,
        "captured_at_utc": "2026-06-17T20:09:28.163494+00:00"
      },
      "geometry": {
        "type": "Point",
        "coordinates": [
          -114.0170184,
          46.697209199999996
        ]
      }
    },
    {
      "type": "Feature",
      "properties": {
        "file": "leg11_m029_b149_2026-06-17T14-09-29.jpg",
        "leg": "leg11",
        "mark_index": 29,
        "along_track_m": 29.0,
        "achieved_heading": 145.17435488029258,
        "target_bearing": 149.8716961332957,
        "fix_type": 6,
        "hacc_m": 0.014,
        "corrupt": false,
        "position_interpolated": true,
        "captured_at_utc": "2026-06-17T20:09:29.152877+00:00"
      },
      "geometry": {
        "type": "Point",
        "coordinates": [
          -114.01701179999999,
          46.6972021
        ]
      }
    },
    {
      "type": "Feature",
      "properties": {
        "file": "leg11_m030_b149_2026-06-17T14-09-30.jpg",
        "leg": "leg11",
        "mark_index": 30,
        "along_track_m": 30.0,
        "achieved_heading": 147.05577110023896,
        "target_bearing": 149.8716961332957,
        "fix_type": 6,
        "hacc_m": 0.014,
        "corrupt": false,
        "position_interpolated": true,
        "captured_at_utc": "2026-06-17T20:09:30.195662+00:00"
      },
      "geometry": {
        "type": "Point",
        "coordinates": [
          -114.0170053,
          46.697194499999995
        ]
      }
    },
    {
      "type": "Feature",
      "properties": {
        "file": "leg11_m031_b149_2026-06-17T14-09-31.jpg",
        "leg": "leg11",
        "mark_index": 31,
        "along_track_m": 31.0,
        "achieved_heading": 148.17732239307765,
        "target_bearing": 149.8716961332957,
        "fix_type": 6,
        "hacc_m": 0.014,
        "corrupt": false,
        "position_interpolated": true,
        "captured_at_utc": "2026-06-17T20:09:31.240480+00:00"
      },
      "geometry": {
        "type": "Point",
        "coordinates": [
          -114.01699847999775,
          46.697186067270074
        ]
      }
    },
    {
      "type": "Feature",
      "properties": {
        "file": "leg11_m032_b149_2026-06-17T14-09-32.jpg",
        "leg": "leg11",
        "mark_index": 32,
        "along_track_m": 32.0,
        "achieved_heading": 147.47179007494847,
        "target_bearing": 149.8716961332957,
        "fix_type": 6,
        "hacc_m": 0.014,
        "corrupt": false,
        "position_interpolated": true,
        "captured_at_utc": "2026-06-17T20:09:32.362924+00:00"
      },
      "geometry": {
        "type": "Point",
        "coordinates": [
          -114.0169921,
          46.6971777
        ]
      }
    },
    {
      "type": "Feature",
      "properties": {
        "file": "leg11_m033_b149_2026-06-17T14-09-33.jpg",
        "leg": "leg11",
        "mark_index": 33,
        "along_track_m": 33.0,
        "achieved_heading": 142.98357631903153,
        "target_bearing": 149.8716961332957,
        "fix_type": 6,
        "hacc_m": 0.014,
        "corrupt": false,
        "position_interpolated": true,
        "captured_at_utc": "2026-06-17T20:09:33.285600+00:00"
      },
      "geometry": {
        "type": "Point",
        "coordinates": [
          -114.01698586170457,
          46.69717060196681
        ]
      }
    },
    {
      "type": "Feature",
      "properties": {
        "file": "leg11_m034_b149_2026-06-17T14-09-34.jpg",
        "leg": "leg11",
        "mark_index": 34,
        "along_track_m": 34.0,
        "achieved_heading": 142.64567464387974,
        "target_bearing": 149.8716961332957,
        "fix_type": 6,
        "hacc_m": 0.014,
        "corrupt": false,
        "position_interpolated": true,
        "captured_at_utc": "2026-06-17T20:09:34.387108+00:00"
      },
      "geometry": {
        "type": "Point",
        "coordinates": [
          -114.01697929999999,
          46.697162999999996
        ]
      }
    },
    {
      "type": "Feature",
      "properties": {
        "file": "leg11_m035_b149_2026-06-17T14-09-35.jpg",
        "leg": "leg11",
        "mark_index": 35,
        "along_track_m": 35.0,
        "achieved_heading": 144.70159478877676,
        "target_bearing": 149.8716961332957,
        "fix_type": 6,
        "hacc_m": 0.014,
        "corrupt": false,
        "position_interpolated": true,
        "captured_at_utc": "2026-06-17T20:09:35.447718+00:00"
      },
      "geometry": {
        "type": "Point",
        "coordinates": [
          -114.016972044761,
          46.69715508182443
        ]
      }
    },
    {
      "type": "Feature",
      "properties": {
        "file": "leg11_m036_b149_2026-06-17T14-09-36.jpg",
        "leg": "leg11",
        "mark_index": 36,
        "along_track_m": 36.0,
        "achieved_heading": 146.5573480818673,
        "target_bearing": 149.8716961332957,
        "fix_type": 6,
        "hacc_m": 0.014,
        "corrupt": false,
        "position_interpolated": true,
        "captured_at_utc": "2026-06-17T20:09:36.575650+00:00"
      },
      "geometry": {
        "type": "Point",
        "coordinates": [
          -114.0169655,
          46.6971469
        ]
      }
    },
    {
      "type": "Feature",
      "properties": {
        "file": "leg11_m037_b149_2026-06-17T14-09-37.jpg",
        "leg": "leg11",
        "mark_index": 37,
        "along_track_m": 37.0,
        "achieved_heading": 146.0819791403952,
        "target_bearing": 149.8716961332957,
        "fix_type": 6,
        "hacc_m": 0.014,
        "corrupt": false,
        "position_interpolated": true,
        "captured_at_utc": "2026-06-17T20:09:37.544804+00:00"
      },
      "geometry": {
        "type": "Point",
        "coordinates": [
          -114.0169595,
          46.697139899999996
        ]
      }
    },
    {
      "type": "Feature",
      "properties": {
        "file": "leg11_m038_b149_2026-06-17T14-09-38.jpg",
        "leg": "leg11",
        "mark_index": 38,
        "along_track_m": 38.0,
        "achieved_heading": 147.12837425106102,
        "target_bearing": 149.8716961332957,
        "fix_type": 6,
        "hacc_m": 0.014,
        "corrupt": false,
        "position_interpolated": true,
        "captured_at_utc": "2026-06-17T20:09:38.594120+00:00"
      },
      "geometry": {
        "type": "Point",
        "coordinates": [
          -114.0169533,
          46.697131999999996
        ]
      }
    },
    {
      "type": "Feature",
      "properties": {
        "file": "leg11_m039_b149_2026-06-17T14-09-39.jpg",
        "leg": "leg11",
        "mark_index": 39,
        "along_track_m": 39.0,
        "achieved_heading": 145.63413708313274,
        "target_bearing": 149.8716961332957,
        "fix_type": 6,
        "hacc_m": 0.014,
        "corrupt": false,
        "position_interpolated": true,
        "captured_at_utc": "2026-06-17T20:09:39.649244+00:00"
      },
      "geometry": {
        "type": "Point",
        "coordinates": [
          -114.01694658652158,
          46.697123827074904
        ]
      }
    },
    {
      "type": "Feature",
      "properties": {
        "file": "leg11_m040_b149_2026-06-17T14-09-40.jpg",
        "leg": "leg11",
        "mark_index": 40,
        "along_track_m": 40.0,
        "achieved_heading": 144.51660493491727,
        "target_bearing": 149.8716961332957,
        "fix_type": 6,
        "hacc_m": 0.014,
        "corrupt": false,
        "position_interpolated": true,
        "captured_at_utc": "2026-06-17T20:09:40.693474+00:00"
      },
      "geometry": {
        "type": "Point",
        "coordinates": [
          -114.01693955701708,
          46.697116074151566
        ]
      }
    },
    {
      "type": "Feature",
      "properties": {
        "file": "leg11_m041_b149_2026-06-17T14-09-41.jpg",
        "leg": "leg11",
        "mark_index": 41,
        "along_track_m": 41.0,
        "achieved_heading": 145.6768619541187,
        "target_bearing": 149.8716961332957,
        "fix_type": 6,
        "hacc_m": 0.014,
        "corrupt": false,
        "position_interpolated": true,
        "captured_at_utc": "2026-06-17T20:09:41.815191+00:00"
      },
      "geometry": {
        "type": "Point",
        "coordinates": [
          -114.01693279999999,
          46.6971087
        ]
      }
    },
    {
      "type": "Feature",
      "properties": {
        "file": "leg11_m042_b149_2026-06-17T14-09-42.jpg",
        "leg": "leg11",
        "mark_index": 42,
        "along_track_m": 42.0,
        "achieved_heading": 145.7167376381181,
        "target_bearing": 149.8716961332957,
        "fix_type": 6,
        "hacc_m": 0.014,
        "corrupt": false,
        "position_interpolated": true,
        "captured_at_utc": "2026-06-17T20:09:42.725324+00:00"
      },
      "geometry": {
        "type": "Point",
        "coordinates": [
          -114.0169265913919,
          46.69710118940541
        ]
      }
    },
    {
      "type": "Feature",
      "properties": {
        "file": "leg11_m043_b149_2026-06-17T14-09-43.jpg",
        "leg": "leg11",
        "mark_index": 43,
        "along_track_m": 43.0,
        "achieved_heading": 146.44135167283002,
        "target_bearing": 149.8716961332957,
        "fix_type": 6,
        "hacc_m": 0.014,
        "corrupt": false,
        "position_interpolated": true,
        "captured_at_utc": "2026-06-17T20:09:43.779552+00:00"
      },
      "geometry": {
        "type": "Point",
        "coordinates": [
          -114.01691980107384,
          46.697093219548535
        ]
      }
    },
    {
      "type": "Feature",
      "properties": {
        "file": "leg11_m044_b149_2026-06-17T14-09-44.jpg",
        "leg": "leg11",
        "mark_index": 44,
        "along_track_m": 44.0,
        "achieved_heading": 147.82868849728067,
        "target_bearing": 149.8716961332957,
        "fix_type": 6,
        "hacc_m": 0.014,
        "corrupt": false,
        "position_interpolated": true,
        "captured_at_utc": "2026-06-17T20:09:44.903789+00:00"
      },
      "geometry": {
        "type": "Point",
        "coordinates": [
          -114.01691285421877,
          46.69708457625004
        ]
      }
    },
    {
      "type": "Feature",
      "properties": {
        "file": "leg11_m045_b149_2026-06-17T14-09-46.jpg",
        "leg": "leg11",
        "mark_index": 45,
        "along_track_m": 45.0,
        "achieved_heading": 147.06671730621423,
        "target_bearing": 149.8716961332957,
        "fix_type": 6,
        "hacc_m": 0.014,
        "corrupt": false,
        "position_interpolated": true,
        "captured_at_utc": "2026-06-17T20:09:45.943471+00:00"
      },
      "geometry": {
        "type": "Point",
        "coordinates": [
          -114.01690669999999,
          46.6970769
        ]
      }
    },
    {
      "type": "Feature",
      "properties": {
        "file": "leg11_m046_b149_2026-06-17T14-09-46.jpg",
        "leg": "leg11",
        "mark_index": 46,
        "along_track_m": 46.0,
        "achieved_heading": 146.91563797191318,
        "target_bearing": 149.8716961332957,
        "fix_type": 6,
        "hacc_m": 0.014,
        "corrupt": false,
        "position_interpolated": true,
        "captured_at_utc": "2026-06-17T20:09:46.852530+00:00"
      },
      "geometry": {
        "type": "Point",
        "coordinates": [
          -114.01690114302347,
          46.697069653779344
        ]
      }
    },
    {
      "type": "Feature",
      "properties": {
        "file": "leg11_m047_b149_2026-06-17T14-09-47.jpg",
        "leg": "leg11",
        "mark_index": 47,
        "along_track_m": 47.0,
        "achieved_heading": 145.6243546745338,
        "target_bearing": 149.8716961332957,
        "fix_type": 6,
        "hacc_m": 0.014,
        "corrupt": false,
        "position_interpolated": true,
        "captured_at_utc": "2026-06-17T20:09:47.980743+00:00"
      },
      "geometry": {
        "type": "Point",
        "coordinates": [
          -114.0168941,
          46.6970616
        ]
      }
    },
    {
      "type": "Feature",
      "properties": {
        "file": "leg11_m048_b149_2026-06-17T14-09-49.jpg",
        "leg": "leg11",
        "mark_index": 48,
        "along_track_m": 48.0,
        "achieved_heading": 144.82489690634083,
        "target_bearing": 149.8716961332957,
        "fix_type": 6,
        "hacc_m": 0.014,
        "corrupt": false,
        "position_interpolated": true,
        "captured_at_utc": "2026-06-17T20:09:49.021745+00:00"
      },
      "geometry": {
        "type": "Point",
        "coordinates": [
          -114.0168873,
          46.697054
        ]
      }
    },
    {
      "type": "Feature",
      "properties": {
        "file": "leg11_m049_b149_2026-06-17T14-09-50.jpg",
        "leg": "leg11",
        "mark_index": 49,
        "along_track_m": 49.0,
        "achieved_heading": 146.21231625999806,
        "target_bearing": 149.8716961332957,
        "fix_type": 6,
        "hacc_m": 0.014,
        "corrupt": false,
        "position_interpolated": true,
        "captured_at_utc": "2026-06-17T20:09:50.079612+00:00"
      },
      "geometry": {
        "type": "Point",
        "coordinates": [
          -114.01688008421898,
          46.69704543199553
        ]
      }
    },
    {
      "type": "Feature",
      "properties": {
        "file": "leg11_m050_b149_2026-06-17T14-09-51.jpg",
        "leg": "leg11",
        "mark_index": 50,
        "along_track_m": 50.0,
        "achieved_heading": 145.28659072018732,
        "target_bearing": 149.8716961332957,
        "fix_type": 6,
        "hacc_m": 0.014,
        "corrupt": false,
        "position_interpolated": true,
        "captured_at_utc": "2026-06-17T20:09:50.991019+00:00"
      },
      "geometry": {
        "type": "Point",
        "coordinates": [
          -114.01687430039036,
          46.697038580546504
        ]
      }
    },
    {
      "type": "Feature",
      "properties": {
        "file": "leg11_m051_b149_2026-06-17T14-09-51.jpg",
        "leg": "leg11",
        "mark_index": 51,
        "along_track_m": 50.529,
        "achieved_heading": 145.8714569128608,
        "target_bearing": 149.8716961332957,
        "fix_type": 6,
        "hacc_m": 0.014,
        "corrupt": false,
        "position_interpolated": true,
        "captured_at_utc": "2026-06-17T20:09:51.614572+00:00"
      },
      "geometry": {
        "type": "Point",
        "coordinates": [
          -114.01687109999999,
          46.697034599999995
        ]
      }
    }
  ]
}