{
  "type": "FeatureCollection",
  "name": "captures",
  "crs": {
    "type": "name",
    "properties": {
      "name": "urn:ogc:def:crs:OGC:1.3:CRS84"
    }
  },
  "features": [
    {
      "type": "Feature",
      "properties": {
        "file": "leg01_m000_b078_2026-06-17T15-11-38.jpg",
        "leg": "leg01",
        "mark_index": 0,
        "along_track_m": 0.0,
        "achieved_heading": 76.97761508619418,
        "target_bearing": 78.21827232922061,
        "fix_type": 6,
        "hacc_m": 0.014,
        "corrupt": false,
        "position_interpolated": true,
        "captured_at_utc": "2026-06-17T21:11:38.054162+00:00"
      },
      "geometry": {
        "type": "Point",
        "coordinates": [
          -114.01657139999999,
          46.6977054
        ]
      }
    },
    {
      "type": "Feature",
      "properties": {
        "file": "leg01_m002_b078_2026-06-17T15-11-44.jpg",
        "leg": "leg01",
        "mark_index": 2,
        "along_track_m": 2.0,
        "achieved_heading": 74.01146987658142,
        "target_bearing": 78.21827232922061,
        "fix_type": 6,
        "hacc_m": 0.014,
        "corrupt": false,
        "position_interpolated": true,
        "captured_at_utc": "2026-06-17T21:11:44.190079+00:00"
      },
      "geometry": {
        "type": "Point",
        "coordinates": [
          -114.0165442,
          46.6977117
        ]
      }
    },
    {
      "type": "Feature",
      "properties": {
        "file": "leg01_m003_b078_2026-06-17T15-11-46.jpg",
        "leg": "leg01",
        "mark_index": 3,
        "along_track_m": 3.0,
        "achieved_heading": 78.86528183803219,
        "target_bearing": 78.21827232922061,
        "fix_type": 6,
        "hacc_m": 0.014,
        "corrupt": false,
        "position_interpolated": true,
        "captured_at_utc": "2026-06-17T21:11:46.039732+00:00"
      },
      "geometry": {
        "type": "Point",
        "coordinates": [
          -114.01653361289559,
          46.697713575514236
        ]
      }
    },
    {
      "type": "Feature",
      "properties": {
        "file": "leg01_m004_b078_2026-06-17T15-11-47.jpg",
        "leg": "leg01",
        "mark_index": 4,
        "along_track_m": 4.0,
        "achieved_heading": 83.67040504375704,
        "target_bearing": 78.21827232922061,
        "fix_type": 6,
        "hacc_m": 0.014,
        "corrupt": false,
        "position_interpolated": true,
        "captured_at_utc": "2026-06-17T21:11:47.199959+00:00"
      },
      "geometry": {
        "type": "Point",
        "coordinates": [
          -114.0165208,
          46.6977153
        ]
      }
    },
    {
      "type": "Feature",
      "properties": {
        "file": "leg01_m005_b078_2026-06-17T15-11-48.jpg",
        "leg": "leg01",
        "mark_index": 5,
        "along_track_m": 5.0,
        "achieved_heading": 86.73282944837764,
        "target_bearing": 78.21827232922061,
        "fix_type": 6,
        "hacc_m": 0.014,
        "corrupt": false,
        "position_interpolated": true,
        "captured_at_utc": "2026-06-17T21:11:48.334576+00:00"
      },
      "geometry": {
        "type": "Point",
        "coordinates": [
          -114.0165069,
          46.6977167
        ]
      }
    },
    {
      "type": "Feature",
      "properties": {
        "file": "leg01_m006_b078_2026-06-17T15-11-49.jpg",
        "leg": "leg01",
        "mark_index": 6,
        "along_track_m": 6.0,
        "achieved_heading": 85.20958376109292,
        "target_bearing": 78.21827232922061,
        "fix_type": 6,
        "hacc_m": 0.014,
        "corrupt": false,
        "position_interpolated": true,
        "captured_at_utc": "2026-06-17T21:11:49.532856+00:00"
      },
      "geometry": {
        "type": "Point",
        "coordinates": [
          -114.0164923,
          46.6977179
        ]
      }
    },
    {
      "type": "Feature",
      "properties": {
        "file": "leg01_m007_b078_2026-06-17T15-11-50.jpg",
        "leg": "leg01",
        "mark_index": 7,
        "along_track_m": 7.0,
        "achieved_heading": 81.89370745673901,
        "target_bearing": 78.21827232922061,
        "fix_type": 6,
        "hacc_m": 0.014,
        "corrupt": false,
        "position_interpolated": true,
        "captured_at_utc": "2026-06-17T21:11:50.564581+00:00"
      },
      "geometry": {
        "type": "Point",
        "coordinates": [
          -114.01648139999999,
          46.6977195
        ]
      }
    },
    {
      "type": "Feature",
      "properties": {
        "file": "leg01_m008_b078_2026-06-17T15-11-51.jpg",
        "leg": "leg01",
        "mark_index": 8,
        "along_track_m": 8.0,
        "achieved_heading": 79.81284249290827,
        "target_bearing": 78.21827232922061,
        "fix_type": 6,
        "hacc_m": 0.014,
        "corrupt": false,
        "position_interpolated": true,
        "captured_at_utc": "2026-06-17T21:11:51.690113+00:00"
      },
      "geometry": {
        "type": "Point",
        "coordinates": [
          -114.01646767880455,
          46.697721461981196
        ]
      }
    },
    {
      "type": "Feature",
      "properties": {
        "file": "leg01_m009_b078_2026-06-17T15-11-52.jpg",
        "leg": "leg01",
        "mark_index": 9,
        "along_track_m": 9.0,
        "achieved_heading": 81.61418895790229,
        "target_bearing": 78.21827232922061,
        "fix_type": 6,
        "hacc_m": 0.014,
        "corrupt": false,
        "position_interpolated": true,
        "captured_at_utc": "2026-06-17T21:11:52.743279+00:00"
      },
      "geometry": {
        "type": "Point",
        "coordinates": [
          -114.0164552,
          46.697722899999995
        ]
      }
    },
    {
      "type": "Feature",
      "properties": {
        "file": "leg01_m010_b078_2026-06-17T15-11-54.jpg",
        "leg": "leg01",
        "mark_index": 10,
        "along_track_m": 10.0,
        "achieved_heading": 81.42965643268094,
        "target_bearing": 78.21827232922061,
        "fix_type": 6,
        "hacc_m": 0.014,
        "corrupt": false,
        "position_interpolated": true,
        "captured_at_utc": "2026-06-17T21:11:53.848987+00:00"
      },
      "geometry": {
        "type": "Point",
        "coordinates": [
          -114.01644204854456,
          46.69772480236375
        ]
      }
    },
    {
      "type": "Feature",
      "properties": {
        "file": "leg01_m011_b078_2026-06-17T15-11-55.jpg",
        "leg": "leg01",
        "mark_index": 11,
        "along_track_m": 11.0,
        "achieved_heading": 78.67115337761459,
        "target_bearing": 78.21827232922061,
        "fix_type": 6,
        "hacc_m": 0.014,
        "corrupt": false,
        "position_interpolated": true,
        "captured_at_utc": "2026-06-17T21:11:55.182217+00:00"
      },
      "geometry": {
        "type": "Point",
        "coordinates": [
          -114.01642939999999,
          46.697727099999994
        ]
      }
    },
    {
      "type": "Feature",
      "properties": {
        "file": "leg01_m012_b078_2026-06-17T15-11-56.jpg",
        "leg": "leg01",
        "mark_index": 12,
        "along_track_m": 12.0,
        "achieved_heading": 82.49430149253679,
        "target_bearing": 78.21827232922061,
        "fix_type": 6,
        "hacc_m": 0.014,
        "corrupt": false,
        "position_interpolated": true,
        "captured_at_utc": "2026-06-17T21:11:56.245712+00:00"
      },
      "geometry": {
        "type": "Point",
        "coordinates": [
          -114.0164176,
          46.6977289
        ]
      }
    },
    {
      "type": "Feature",
      "properties": {
        "file": "leg01_m013_b078_2026-06-17T15-11-57.jpg",
        "leg": "leg01",
        "mark_index": 13,
        "along_track_m": 13.0,
        "achieved_heading": 84.06115409718984,
        "target_bearing": 78.21827232922061,
        "fix_type": 6,
        "hacc_m": 0.014,
        "corrupt": false,
        "position_interpolated": true,
        "captured_at_utc": "2026-06-17T21:11:57.412349+00:00"
      },
      "geometry": {
        "type": "Point",
        "coordinates": [
          -114.01640409999999,
          46.6977304
        ]
      }
    },
    {
      "type": "Feature",
      "properties": {
        "file": "leg01_m014_b078_2026-06-17T15-11-58.jpg",
        "leg": "leg01",
        "mark_index": 14,
        "along_track_m": 14.0,
        "achieved_heading": 82.04955200351566,
        "target_bearing": 78.21827232922061,
        "fix_type": 6,
        "hacc_m": 0.014,
        "corrupt": false,
        "position_interpolated": true,
        "captured_at_utc": "2026-06-17T21:11:58.548894+00:00"
      },
      "geometry": {
        "type": "Point",
        "coordinates": [
          -114.0163899,
          46.6977319
        ]
      }
    },
    {
      "type": "Feature",
      "properties": {
        "file": "leg01_m015_b078_2026-06-17T15-11-59.jpg",
        "leg": "leg01",
        "mark_index": 15,
        "along_track_m": 15.0,
        "achieved_heading": 81.16934194797325,
        "target_bearing": 78.21827232922061,
        "fix_type": 6,
        "hacc_m": 0.014,
        "corrupt": false,
        "position_interpolated": true,
        "captured_at_utc": "2026-06-17T21:11:59.455501+00:00"
      },
      "geometry": {
        "type": "Point",
        "coordinates": [
          -114.0163785792521,
          46.6977334818692
        ]
      }
    },
    {
      "type": "Feature",
      "properties": {
        "file": "leg01_m016_b078_2026-06-17T15-12-00.jpg",
        "leg": "leg01",
        "mark_index": 16,
        "along_track_m": 16.0,
        "achieved_heading": 80.42739945745276,
        "target_bearing": 78.21827232922061,
        "fix_type": 6,
        "hacc_m": 0.014,
        "corrupt": false,
        "position_interpolated": true,
        "captured_at_utc": "2026-06-17T21:12:00.641754+00:00"
      },
      "geometry": {
        "type": "Point",
        "coordinates": [
          -114.01636501865481,
          46.69773554023394
        ]
      }
    },
    {
      "type": "Feature",
      "properties": {
        "file": "leg01_m017_b078_2026-06-17T15-12-01.jpg",
        "leg": "leg01",
        "mark_index": 17,
        "along_track_m": 17.0,
        "achieved_heading": 80.24165633048692,
        "target_bearing": 78.21827232922061,
        "fix_type": 6,
        "hacc_m": 0.014,
        "corrupt": false,
        "position_interpolated": true,
        "captured_at_utc": "2026-06-17T21:12:01.831163+00:00"
      },
      "geometry": {
        "type": "Point",
        "coordinates": [
          -114.0163527,
          46.697737
        ]
      }
    },
    {
      "type": "Feature",
      "properties": {
        "file": "leg01_m018_b078_2026-06-17T15-12-02.jpg",
        "leg": "leg01",
        "mark_index": 18,
        "along_track_m": 18.0,
        "achieved_heading": 80.1338776010447,
        "target_bearing": 78.21827232922061,
        "fix_type": 6,
        "hacc_m": 0.014,
        "corrupt": false,
        "position_interpolated": true,
        "captured_at_utc": "2026-06-17T21:12:02.733800+00:00"
      },
      "geometry": {
        "type": "Point",
        "coordinates": [
          -114.01634039999999,
          46.697738699999995
        ]
      }
    },
    {
      "type": "Feature",
      "properties": {
        "file": "leg01_m019_b078_2026-06-17T15-12-03.jpg",
        "leg": "leg01",
        "mark_index": 19,
        "along_track_m": 19.0,
        "achieved_heading": 80.81839064104835,
        "target_bearing": 78.21827232922061,
        "fix_type": 6,
        "hacc_m": 0.014,
        "corrupt": false,
        "position_interpolated": true,
        "captured_at_utc": "2026-06-17T21:12:03.857077+00:00"
      },
      "geometry": {
        "type": "Point",
        "coordinates": [
          -114.01632661436912,
          46.69774044285047
        ]
      }
    },
    {
      "type": "Feature",
      "properties": {
        "file": "leg01_m020_b078_2026-06-17T15-12-04.jpg",
        "leg": "leg01",
        "mark_index": 20,
        "along_track_m": 20.0,
        "achieved_heading": 79.94322084464258,
        "target_bearing": 78.21827232922061,
        "fix_type": 6,
        "hacc_m": 0.014,
        "corrupt": false,
        "position_interpolated": true,
        "captured_at_utc": "2026-06-17T21:12:04.983447+00:00"
      },
      "geometry": {
        "type": "Point",
        "coordinates": [
          -114.0163146,
          46.6977422
        ]
      }
    },
    {
      "type": "Feature",
      "properties": {
        "file": "leg01_m021_b078_2026-06-17T15-12-06.jpg",
        "leg": "leg01",
        "mark_index": 21,
        "along_track_m": 21.0,
        "achieved_heading": 78.80212699720326,
        "target_bearing": 78.21827232922061,
        "fix_type": 6,
        "hacc_m": 0.014,
        "corrupt": false,
        "position_interpolated": true,
        "captured_at_utc": "2026-06-17T21:12:06.152052+00:00"
      },
      "geometry": {
        "type": "Point",
        "coordinates": [
          -114.01630069999999,
          46.6977443
        ]
      }
    },
    {
      "type": "Feature",
      "properties": {
        "file": "leg01_m022_b078_2026-06-17T15-12-07.jpg",
        "leg": "leg01",
        "mark_index": 22,
        "along_track_m": 22.0,
        "achieved_heading": 78.92827160195667,
        "target_bearing": 78.21827232922061,
        "fix_type": 6,
        "hacc_m": 0.014,
        "corrupt": false,
        "position_interpolated": true,
        "captured_at_utc": "2026-06-17T21:12:07.228343+00:00"
      },
      "geometry": {
        "type": "Point",
        "coordinates": [
          -114.01628810623288,
          46.69774611150137
        ]
      }
    },
    {
      "type": "Feature",
      "properties": {
        "file": "leg01_m023_b078_2026-06-17T15-12-08.jpg",
        "leg": "leg01",
        "mark_index": 23,
        "along_track_m": 23.0,
        "achieved_heading": 78.72794668137871,
        "target_bearing": 78.21827232922061,
        "fix_type": 6,
        "hacc_m": 0.014,
        "corrupt": false,
        "position_interpolated": true,
        "captured_at_utc": "2026-06-17T21:12:08.344965+00:00"
      },
      "geometry": {
        "type": "Point",
        "coordinates": [
          -114.01627549999999,
          46.697747899999996
        ]
      }
    },
    {
      "type": "Feature",
      "properties": {
        "file": "leg01_m024_b078_2026-06-17T15-12-09.jpg",
        "leg": "leg01",
        "mark_index": 24,
        "along_track_m": 24.0,
        "achieved_heading": 78.1007036837545,
        "target_bearing": 78.21827232922061,
        "fix_type": 6,
        "hacc_m": 0.014,
        "corrupt": false,
        "position_interpolated": true,
        "captured_at_utc": "2026-06-17T21:12:09.537277+00:00"
      },
      "geometry": {
        "type": "Point",
        "coordinates": [
          -114.01626189999999,
          46.6977499
        ]
      }
    },
    {
      "type": "Feature",
      "properties": {
        "file": "leg01_m025_b078_2026-06-17T15-12-10.jpg",
        "leg": "leg01",
        "mark_index": 25,
        "along_track_m": 25.0,
        "achieved_heading": 78.43718342347472,
        "target_bearing": 78.21827232922061,
        "fix_type": 6,
        "hacc_m": 0.014,
        "corrupt": false,
        "position_interpolated": true,
        "captured_at_utc": "2026-06-17T21:12:10.570544+00:00"
      },
      "geometry": {
        "type": "Point",
        "coordinates": [
          -114.0162503,
          46.6977517
        ]
      }
    },
    {
      "type": "Feature",
      "properties": {
        "file": "leg01_m026_b078_2026-06-17T15-12-11.jpg",
        "leg": "leg01",
        "mark_index": 26,
        "along_track_m": 26.0,
        "achieved_heading": 79.60430042919515,
        "target_bearing": 78.21827232922061,
        "fix_type": 6,
        "hacc_m": 0.014,
        "corrupt": false,
        "position_interpolated": true,
        "captured_at_utc": "2026-06-17T21:12:11.696822+00:00"
      },
      "geometry": {
        "type": "Point",
        "coordinates": [
          -114.01623623237471,
          46.69775366282005
        ]
      }
    },
    {
      "type": "Feature",
      "properties": {
        "file": "leg01_m027_b078_2026-06-17T15-12-12.jpg",
        "leg": "leg01",
        "mark_index": 27,
        "along_track_m": 27.0,
        "achieved_heading": 78.62735976211593,
        "target_bearing": 78.21827232922061,
        "fix_type": 6,
        "hacc_m": 0.014,
        "corrupt": false,
        "position_interpolated": true,
        "captured_at_utc": "2026-06-17T21:12:12.751498+00:00"
      },
      "geometry": {
        "type": "Point",
        "coordinates": [
          -114.0162246,
          46.6977555
        ]
      }
    },
    {
      "type": "Feature",
      "properties": {
        "file": "leg01_m028_b078_2026-06-17T15-12-14.jpg",
        "leg": "leg01",
        "mark_index": 28,
        "along_track_m": 28.0,
        "achieved_heading": 81.67832572997705,
        "target_bearing": 78.21827232922061,
        "fix_type": 6,
        "hacc_m": 0.014,
        "corrupt": false,
        "position_interpolated": true,
        "captured_at_utc": "2026-06-17T21:12:13.871626+00:00"
      },
      "geometry": {
        "type": "Point",
        "coordinates": [
          -114.01621126733605,
          46.697757415029805
        ]
      }
    },
    {
      "type": "Feature",
      "properties": {
        "file": "leg01_m029_b078_2026-06-17T15-12-15.jpg",
        "leg": "leg01",
        "mark_index": 29,
        "along_track_m": 29.0,
        "achieved_heading": 80.87070702714549,
        "target_bearing": 78.21827232922061,
        "fix_type": 6,
        "hacc_m": 0.014,
        "corrupt": false,
        "position_interpolated": true,
        "captured_at_utc": "2026-06-17T21:12:15.203336+00:00"
      },
      "geometry": {
        "type": "Point",
        "coordinates": [
          -114.01619869999999,
          46.6977589
        ]
      }
    },
    {
      "type": "Feature",
      "properties": {
        "file": "leg01_m030_b078_2026-06-17T15-12-16.jpg",
        "leg": "leg01",
        "mark_index": 30,
        "along_track_m": 30.0,
        "achieved_heading": 81.88164184747323,
        "target_bearing": 78.21827232922061,
        "fix_type": 6,
        "hacc_m": 0.014,
        "corrupt": false,
        "position_interpolated": true,
        "captured_at_utc": "2026-06-17T21:12:16.253112+00:00"
      },
      "geometry": {
        "type": "Point",
        "coordinates": [
          -114.01618501553946,
          46.697760506668764
        ]
      }
    },
    {
      "type": "Feature",
      "properties": {
        "file": "leg01_m031_b078_2026-06-17T15-12-17.jpg",
        "leg": "leg01",
        "mark_index": 31,
        "along_track_m": 31.0,
        "achieved_heading": 79.93500637642903,
        "target_bearing": 78.21827232922061,
        "fix_type": 6,
        "hacc_m": 0.014,
        "corrupt": false,
        "position_interpolated": true,
        "captured_at_utc": "2026-06-17T21:12:17.444857+00:00"
      },
      "geometry": {
        "type": "Point",
        "coordinates": [
          -114.01617279999999,
          46.697761899999996
        ]
      }
    },
    {
      "type": "Feature",
      "properties": {
        "file": "leg01_m032_b078_2026-06-17T15-12-18.jpg",
        "leg": "leg01",
        "mark_index": 32,
        "along_track_m": 32.0,
        "achieved_heading": 77.69427279022986,
        "target_bearing": 78.21827232922061,
        "fix_type": 6,
        "hacc_m": 0.014,
        "corrupt": false,
        "position_interpolated": true,
        "captured_at_utc": "2026-06-17T21:12:18.493679+00:00"
      },
      "geometry": {
        "type": "Point",
        "coordinates": [
          -114.01615868790117,
          46.697763968967905
        ]
      }
    },
    {
      "type": "Feature",
      "properties": {
        "file": "leg01_m033_b078_2026-06-17T15-12-19.jpg",
        "leg": "leg01",
        "mark_index": 33,
        "along_track_m": 33.0,
        "achieved_heading": 75.95610586424175,
        "target_bearing": 78.21827232922061,
        "fix_type": 6,
        "hacc_m": 0.014,
        "corrupt": false,
        "position_interpolated": true,
        "captured_at_utc": "2026-06-17T21:12:19.543869+00:00"
      },
      "geometry": {
        "type": "Point",
        "coordinates": [
          -114.0161464,
          46.697766099999996
        ]
      }
    },
    {
      "type": "Feature",
      "properties": {
        "file": "leg01_m034_b078_2026-06-17T15-12-20.jpg",
        "leg": "leg01",
        "mark_index": 34,
        "along_track_m": 34.0,
        "achieved_heading": 76.16852291760452,
        "target_bearing": 78.21827232922061,
        "fix_type": 6,
        "hacc_m": 0.014,
        "corrupt": false,
        "position_interpolated": true,
        "captured_at_utc": "2026-06-17T21:12:20.660503+00:00"
      },
      "geometry": {
        "type": "Point",
        "coordinates": [
          -114.01613379073139,
          46.69776844301559
        ]
      }
    },
    {
      "type": "Feature",
      "properties": {
        "file": "leg01_m035_b078_2026-06-17T15-12-21.jpg",
        "leg": "leg01",
        "mark_index": 35,
        "along_track_m": 35.0,
        "achieved_heading": 79.40972707464579,
        "target_bearing": 78.21827232922061,
        "fix_type": 6,
        "hacc_m": 0.014,
        "corrupt": false,
        "position_interpolated": true,
        "captured_at_utc": "2026-06-17T21:12:21.782247+00:00"
      },
      "geometry": {
        "type": "Point",
        "coordinates": [
          -114.016122,
          46.697770299999995
        ]
      }
    },
    {
      "type": "Feature",
      "properties": {
        "file": "leg01_m036_b078_2026-06-17T15-12-22.jpg",
        "leg": "leg01",
        "mark_index": 36,
        "along_track_m": 36.0,
        "achieved_heading": 79.38973445444157,
        "target_bearing": 78.21827232922061,
        "fix_type": 6,
        "hacc_m": 0.014,
        "corrupt": false,
        "position_interpolated": true,
        "captured_at_utc": "2026-06-17T21:12:22.905704+00:00"
      },
      "geometry": {
        "type": "Point",
        "coordinates": [
          -114.01610788714902,
          46.69777208863273
        ]
      }
    },
    {
      "type": "Feature",
      "properties": {
        "file": "leg01_m037_b078_2026-06-17T15-12-24.jpg",
        "leg": "leg01",
        "mark_index": 37,
        "along_track_m": 37.0,
        "achieved_heading": 79.58828698107558,
        "target_bearing": 78.21827232922061,
        "fix_type": 6,
        "hacc_m": 0.014,
        "corrupt": false,
        "position_interpolated": true,
        "captured_at_utc": "2026-06-17T21:12:23.952082+00:00"
      },
      "geometry": {
        "type": "Point",
        "coordinates": [
          -114.01609551607697,
          46.697773736564095
        ]
      }
    },
    {
      "type": "Feature",
      "properties": {
        "file": "leg01_m038_b078_2026-06-17T15-12-25.jpg",
        "leg": "leg01",
        "mark_index": 38,
        "along_track_m": 38.0,
        "achieved_heading": 76.28596988020743,
        "target_bearing": 78.21827232922061,
        "fix_type": 6,
        "hacc_m": 0.014,
        "corrupt": false,
        "position_interpolated": true,
        "captured_at_utc": "2026-06-17T21:12:25.289786+00:00"
      },
      "geometry": {
        "type": "Point",
        "coordinates": [
          -114.01608206182074,
          46.69777576429717
        ]
      }
    },
    {
      "type": "Feature",
      "properties": {
        "file": "leg01_m039_b078_2026-06-17T15-12-26.jpg",
        "leg": "leg01",
        "mark_index": 39,
        "along_track_m": 39.0,
        "achieved_heading": 78.54938412603713,
        "target_bearing": 78.21827232922061,
        "fix_type": 6,
        "hacc_m": 0.014,
        "corrupt": false,
        "position_interpolated": true,
        "captured_at_utc": "2026-06-17T21:12:26.335670+00:00"
      },
      "geometry": {
        "type": "Point",
        "coordinates": [
          -114.01606989999999,
          46.697777599999995
        ]
      }
    },
    {
      "type": "Feature",
      "properties": {
        "file": "leg01_m040_b078_2026-06-17T15-12-27.jpg",
        "leg": "leg01",
        "mark_index": 40,
        "along_track_m": 40.0,
        "achieved_heading": 77.92050452577739,
        "target_bearing": 78.21827232922061,
        "fix_type": 6,
        "hacc_m": 0.014,
        "corrupt": false,
        "position_interpolated": true,
        "captured_at_utc": "2026-06-17T21:12:27.526983+00:00"
      },
      "geometry": {
        "type": "Point",
        "coordinates": [
          -114.0160566,
          46.697779499999996
        ]
      }
    },
    {
      "type": "Feature",
      "properties": {
        "file": "leg01_m041_b078_2026-06-17T15-12-28.jpg",
        "leg": "leg01",
        "mark_index": 41,
        "along_track_m": 41.0,
        "achieved_heading": 76.10805465211553,
        "target_bearing": 78.21827232922061,
        "fix_type": 6,
        "hacc_m": 0.014,
        "corrupt": false,
        "position_interpolated": true,
        "captured_at_utc": "2026-06-17T21:12:28.706892+00:00"
      },
      "geometry": {
        "type": "Point",
        "coordinates": [
          -114.01604363848531,
          46.6977815759156
        ]
      }
    },
    {
      "type": "Feature",
      "properties": {
        "file": "leg01_m042_b078_2026-06-17T15-12-29.jpg",
        "leg": "leg01",
        "mark_index": 42,
        "along_track_m": 42.0,
        "achieved_heading": 77.31081297746204,
        "target_bearing": 78.21827232922061,
        "fix_type": 6,
        "hacc_m": 0.014,
        "corrupt": false,
        "position_interpolated": true,
        "captured_at_utc": "2026-06-17T21:12:29.836032+00:00"
      },
      "geometry": {
        "type": "Point",
        "coordinates": [
          -114.0160324,
          46.6977835
        ]
      }
    },
    {
      "type": "Feature",
      "properties": {
        "file": "leg01_m043_b078_2026-06-17T15-12-30.jpg",
        "leg": "leg01",
        "mark_index": 43,
        "along_track_m": 43.0,
        "achieved_heading": 78.50776585506654,
        "target_bearing": 78.21827232922061,
        "fix_type": 6,
        "hacc_m": 0.014,
        "corrupt": false,
        "position_interpolated": true,
        "captured_at_utc": "2026-06-17T21:12:30.879822+00:00"
      },
      "geometry": {
        "type": "Point",
        "coordinates": [
          -114.01601852622936,
          46.69778551120221
        ]
      }
    },
    {
      "type": "Feature",
      "properties": {
        "file": "leg01_m044_b078_2026-06-17T15-12-32.jpg",
        "leg": "leg01",
        "mark_index": 44,
        "along_track_m": 44.0,
        "achieved_heading": 77.85682814300507,
        "target_bearing": 78.21827232922061,
        "fix_type": 6,
        "hacc_m": 0.014,
        "corrupt": false,
        "position_interpolated": true,
        "captured_at_utc": "2026-06-17T21:12:32.013528+00:00"
      },
      "geometry": {
        "type": "Point",
        "coordinates": [
          -114.01600669999999,
          46.6977872
        ]
      }
    },
    {
      "type": "Feature",
      "properties": {
        "file": "leg01_m045_b078_2026-06-17T15-12-33.jpg",
        "leg": "leg01",
        "mark_index": 45,
        "along_track_m": 45.0,
        "achieved_heading": 77.5451900958005,
        "target_bearing": 78.21827232922061,
        "fix_type": 6,
        "hacc_m": 0.014,
        "corrupt": false,
        "position_interpolated": true,
        "captured_at_utc": "2026-06-17T21:12:33.122307+00:00"
      },
      "geometry": {
        "type": "Point",
        "coordinates": [
          -114.0159929,
          46.6977895
        ]
      }
    },
    {
      "type": "Feature",
      "properties": {
        "file": "leg01_m046_b078_2026-06-17T15-12-34.jpg",
        "leg": "leg01",
        "mark_index": 46,
        "along_track_m": 46.0,
        "achieved_heading": 78.77028485125061,
        "target_bearing": 78.21827232922061,
        "fix_type": 6,
        "hacc_m": 0.014,
        "corrupt": false,
        "position_interpolated": true,
        "captured_at_utc": "2026-06-17T21:12:34.240666+00:00"
      },
      "geometry": {
        "type": "Point",
        "coordinates": [
          -114.01597987812414,
          46.69779145364597
        ]
      }
    },
    {
      "type": "Feature",
      "properties": {
        "file": "leg01_m047_b078_2026-06-17T15-12-35.jpg",
        "leg": "leg01",
        "mark_index": 47,
        "along_track_m": 47.0,
        "achieved_heading": 79.09533876608046,
        "target_bearing": 78.21827232922061,
        "fix_type": 6,
        "hacc_m": 0.014,
        "corrupt": false,
        "position_interpolated": true,
        "captured_at_utc": "2026-06-17T21:12:35.424194+00:00"
      },
      "geometry": {
        "type": "Point",
        "coordinates": [
          -114.01596622767572,
          46.69779316595534
        ]
      }
    },
    {
      "type": "Feature",
      "properties": {
        "file": "leg01_m048_b078_2026-06-17T15-12-36.jpg",
        "leg": "leg01",
        "mark_index": 48,
        "along_track_m": 48.0,
        "achieved_heading": 81.26015890140539,
        "target_bearing": 78.21827232922061,
        "fix_type": 6,
        "hacc_m": 0.014,
        "corrupt": false,
        "position_interpolated": true,
        "captured_at_utc": "2026-06-17T21:12:36.483285+00:00"
      },
      "geometry": {
        "type": "Point",
        "coordinates": [
          -114.01595422101259,
          46.697794542589186
        ]
      }
    },
    {
      "type": "Feature",
      "properties": {
        "file": "leg01_m049_b078_2026-06-17T15-12-37.jpg",
        "leg": "leg01",
        "mark_index": 49,
        "along_track_m": 49.0,
        "achieved_heading": 79.6792433511159,
        "target_bearing": 78.21827232922061,
        "fix_type": 6,
        "hacc_m": 0.014,
        "corrupt": false,
        "position_interpolated": true,
        "captured_at_utc": "2026-06-17T21:12:37.603205+00:00"
      },
      "geometry": {
        "type": "Point",
        "coordinates": [
          -114.0159419,
          46.6977961
        ]
      }
    },
    {
      "type": "Feature",
      "properties": {
        "file": "leg01_m050_b078_2026-06-17T15-12-38.jpg",
        "leg": "leg01",
        "mark_index": 50,
        "along_track_m": 50.0,
        "achieved_heading": 82.78462544455968,
        "target_bearing": 78.21827232922061,
        "fix_type": 6,
        "hacc_m": 0.014,
        "corrupt": false,
        "position_interpolated": true,
        "captured_at_utc": "2026-06-17T21:12:38.661102+00:00"
      },
      "geometry": {
        "type": "Point",
        "coordinates": [
          -114.01592853656774,
          46.69779782042903
        ]
      }
    },
    {
      "type": "Feature",
      "properties": {
        "file": "leg01_m051_b078_2026-06-17T15-12-39.jpg",
        "leg": "leg01",
        "mark_index": 51,
        "along_track_m": 51.0,
        "achieved_heading": 90.28699296070288,
        "target_bearing": 78.21827232922061,
        "fix_type": 6,
        "hacc_m": 0.014,
        "corrupt": false,
        "position_interpolated": true,
        "captured_at_utc": "2026-06-17T21:12:39.713761+00:00"
      },
      "geometry": {
        "type": "Point",
        "coordinates": [
          -114.0159161,
          46.697798299999995
        ]
      }
    },
    {
      "type": "Feature",
      "properties": {
        "file": "leg02_m000_b348_2026-06-17T15-12-44.jpg",
        "leg": "leg02",
        "mark_index": 0,
        "along_track_m": 0.0,
        "achieved_heading": 348.0866775782735,
        "target_bearing": 348.2910371364836,
        "fix_type": 6,
        "hacc_m": 0.014,
        "corrupt": false,
        "position_interpolated": true,
        "captured_at_utc": "2026-06-17T21:12:44.670624+00:00"
      },
      "geometry": {
        "type": "Point",
        "coordinates": [
          -114.0159135,
          46.6977988228106
        ]
      }
    },
    {
      "type": "Feature",
      "properties": {
        "file": "leg02_m001_b348_2026-06-17T15-12-46.jpg",
        "leg": "leg02",
        "mark_index": 1,
        "along_track_m": 1.0,
        "achieved_heading": 342.17151859712243,
        "target_bearing": 348.2910371364836,
        "fix_type": 6,
        "hacc_m": 0.014,
        "corrupt": false,
        "position_interpolated": true,
        "captured_at_utc": "2026-06-17T21:12:46.141290+00:00"
      },
      "geometry": {
        "type": "Point",
        "coordinates": [
          -114.0159164,
          46.697807
        ]
      }
    },
    {
      "type": "Feature",
      "properties": {
        "file": "leg02_m002_b348_2026-06-17T15-12-47.jpg",
        "leg": "leg02",
        "mark_index": 2,
        "along_track_m": 2.0,
        "achieved_heading": 341.98284359518584,
        "target_bearing": 348.2910371364836,
        "fix_type": 6,
        "hacc_m": 0.014,
        "corrupt": false,
        "position_interpolated": true,
        "captured_at_utc": "2026-06-17T21:12:47.124560+00:00"
      },
      "geometry": {
        "type": "Point",
        "coordinates": [
          -114.01591979999999,
          46.697815299999995
        ]
      }
    },
    {
      "type": "Feature",
      "properties": {
        "file": "leg02_m003_b348_2026-06-17T15-12-48.jpg",
        "leg": "leg02",
        "mark_index": 3,
        "along_track_m": 3.0,
        "achieved_heading": 344.96589105975494,
        "target_bearing": 348.2910371364836,
        "fix_type": 6,
        "hacc_m": 0.014,
        "corrupt": false,
        "position_interpolated": true,
        "captured_at_utc": "2026-06-17T21:12:48.179890+00:00"
      },
      "geometry": {
        "type": "Point",
        "coordinates": [
          -114.0159231,
          46.697823799999995
        ]
      }
    },
    {
      "type": "Feature",
      "properties": {
        "file": "leg02_m004_b348_2026-06-17T15-12-49.jpg",
        "leg": "leg02",
        "mark_index": 4,
        "along_track_m": 4.0,
        "achieved_heading": 349.32417856343966,
        "target_bearing": 348.2910371364836,
        "fix_type": 6,
        "hacc_m": 0.014,
        "corrupt": false,
        "position_interpolated": true,
        "captured_at_utc": "2026-06-17T21:12:49.303199+00:00"
      },
      "geometry": {
        "type": "Point",
        "coordinates": [
          -114.0159265814827,
          46.69783411667215
        ]
      }
    },
    {
      "type": "Feature",
      "properties": {
        "file": "leg02_m005_b348_2026-06-17T15-12-50.jpg",
        "leg": "leg02",
        "mark_index": 5,
        "along_track_m": 4.773,
        "achieved_heading": 353.441040197577,
        "target_bearing": 348.2910371364836,
        "fix_type": 6,
        "hacc_m": 0.014,
        "corrupt": false,
        "position_interpolated": true,
        "captured_at_utc": "2026-06-17T21:12:49.995082+00:00"
      },
      "geometry": {
        "type": "Point",
        "coordinates": [
          -114.01592769999999,
          46.6978394
        ]
      }
    },
    {
      "type": "Feature",
      "properties": {
        "file": "leg03_m000_b258_2026-06-17T15-12-54.jpg",
        "leg": "leg03",
        "mark_index": 0,
        "along_track_m": 0.0,
        "achieved_heading": 258.9012278318263,
        "target_bearing": 258.2187411885399,
        "fix_type": 6,
        "hacc_m": 0.014,
        "corrupt": false,
        "position_interpolated": true,
        "captured_at_utc": "2026-06-17T21:12:54.343368+00:00"
      },
      "geometry": {
        "type": "Point",
        "coordinates": [
          -114.01593,
          46.6978418
        ]
      }
    },
    {
      "type": "Feature",
      "properties": {
        "file": "leg03_m001_b258_2026-06-17T15-12-55.jpg",
        "leg": "leg03",
        "mark_index": 1,
        "along_track_m": 1.0,
        "achieved_heading": 254.67870076905066,
        "target_bearing": 258.2187411885399,
        "fix_type": 6,
        "hacc_m": 0.014,
        "corrupt": false,
        "position_interpolated": true,
        "captured_at_utc": "2026-06-17T21:12:55.743080+00:00"
      },
      "geometry": {
        "type": "Point",
        "coordinates": [
          -114.01594159999999,
          46.697840299999996
        ]
      }
    },
    {
      "type": "Feature",
      "properties": {
        "file": "leg03_m002_b258_2026-06-17T15-12-56.jpg",
        "leg": "leg03",
        "mark_index": 2,
        "along_track_m": 2.0,
        "achieved_heading": 251.56026337749213,
        "target_bearing": 258.2187411885399,
        "fix_type": 6,
        "hacc_m": 0.014,
        "corrupt": false,
        "position_interpolated": true,
        "captured_at_utc": "2026-06-17T21:12:56.717675+00:00"
      },
      "geometry": {
        "type": "Point",
        "coordinates": [
          -114.015954,
          46.6978386
        ]
      }
    },
    {
      "type": "Feature",
      "properties": {
        "file": "leg03_m003_b258_2026-06-17T15-12-57.jpg",
        "leg": "leg03",
        "mark_index": 3,
        "along_track_m": 3.0,
        "achieved_heading": 251.4519170584329,
        "target_bearing": 258.2187411885399,
        "fix_type": 6,
        "hacc_m": 0.014,
        "corrupt": false,
        "position_interpolated": true,
        "captured_at_utc": "2026-06-17T21:12:57.771680+00:00"
      },
      "geometry": {
        "type": "Point",
        "coordinates": [
          -114.0159655,
          46.6978364
        ]
      }
    },
    {
      "type": "Feature",
      "properties": {
        "file": "leg03_m004_b258_2026-06-17T15-12-58.jpg",
        "leg": "leg03",
        "mark_index": 4,
        "along_track_m": 4.0,
        "achieved_heading": 254.38257611133668,
        "target_bearing": 258.2187411885399,
        "fix_type": 6,
        "hacc_m": 0.014,
        "corrupt": false,
        "position_interpolated": true,
        "captured_at_utc": "2026-06-17T21:12:58.809279+00:00"
      },
      "geometry": {
        "type": "Point",
        "coordinates": [
          -114.0159787112557,
          46.6978338550536
        ]
      }
    },
    {
      "type": "Feature",
      "properties": {
        "file": "leg03_m005_b258_2026-06-17T15-12-59.jpg",
        "leg": "leg03",
        "mark_index": 5,
        "along_track_m": 5.0,
        "achieved_heading": 254.1845409253387,
        "target_bearing": 258.2187411885399,
        "fix_type": 6,
        "hacc_m": 0.014,
        "corrupt": false,
        "position_interpolated": true,
        "captured_at_utc": "2026-06-17T21:12:59.870395+00:00"
      },
      "geometry": {
        "type": "Point",
        "coordinates": [
          -114.01599141572528,
          46.697832042110846
        ]
      }
    },
    {
      "type": "Feature",
      "properties": {
        "file": "leg03_m006_b258_2026-06-17T15-13-00.jpg",
        "leg": "leg03",
        "mark_index": 6,
        "along_track_m": 6.0,
        "achieved_heading": 252.83141466803644,
        "target_bearing": 258.2187411885399,
        "fix_type": 6,
        "hacc_m": 0.014,
        "corrupt": false,
        "position_interpolated": true,
        "captured_at_utc": "2026-06-17T21:13:00.846944+00:00"
      },
      "geometry": {
        "type": "Point",
        "coordinates": [
          -114.0160037169541,
          46.697830102136415
        ]
      }
    },
    {
      "type": "Feature",
      "properties": {
        "file": "leg03_m007_b258_2026-06-17T15-13-01.jpg",
        "leg": "leg03",
        "mark_index": 7,
        "along_track_m": 7.0,
        "achieved_heading": 252.9669774592271,
        "target_bearing": 258.2187411885399,
        "fix_type": 6,
        "hacc_m": 0.014,
        "corrupt": false,
        "position_interpolated": true,
        "captured_at_utc": "2026-06-17T21:13:01.966733+00:00"
      },
      "geometry": {
        "type": "Point",
        "coordinates": [
          -114.0160171,
          46.6978279
        ]
      }
    },
    {
      "type": "Feature",
      "properties": {
        "file": "leg03_m008_b258_2026-06-17T15-13-03.jpg",
        "leg": "leg03",
        "mark_index": 8,
        "along_track_m": 8.0,
        "achieved_heading": 253.45980210648736,
        "target_bearing": 258.2187411885399,
        "fix_type": 6,
        "hacc_m": 0.014,
        "corrupt": false,
        "position_interpolated": true,
        "captured_at_utc": "2026-06-17T21:13:02.943470+00:00"
      },
      "geometry": {
        "type": "Point",
        "coordinates": [
          -114.01602969999999,
          46.697825599999994
        ]
      }
    },
    {
      "type": "Feature",
      "properties": {
        "file": "leg03_m009_b258_2026-06-17T15-13-04.jpg",
        "leg": "leg03",
        "mark_index": 9,
        "along_track_m": 9.0,
        "achieved_heading": 254.8390231028353,
        "target_bearing": 258.2187411885399,
        "fix_type": 6,
        "hacc_m": 0.014,
        "corrupt": false,
        "position_interpolated": true,
        "captured_at_utc": "2026-06-17T21:13:03.992314+00:00"
      },
      "geometry": {
        "type": "Point",
        "coordinates": [
          -114.01604209999999,
          46.697823899999996
        ]
      }
    },
    {
      "type": "Feature",
      "properties": {
        "file": "leg03_m010_b258_2026-06-17T15-13-05.jpg",
        "leg": "leg03",
        "mark_index": 10,
        "along_track_m": 10.0,
        "achieved_heading": 256.23317815911275,
        "target_bearing": 258.2187411885399,
        "fix_type": 6,
        "hacc_m": 0.014,
        "corrupt": false,
        "position_interpolated": true,
        "captured_at_utc": "2026-06-17T21:13:05.049137+00:00"
      },
      "geometry": {
        "type": "Point",
        "coordinates": [
          -114.01605601382526,
          46.697822068167284
        ]
      }
    },
    {
      "type": "Feature",
      "properties": {
        "file": "leg03_m011_b258_2026-06-17T15-13-06.jpg",
        "leg": "leg03",
        "mark_index": 11,
        "along_track_m": 11.0,
        "achieved_heading": 254.66925143454654,
        "target_bearing": 258.2187411885399,
        "fix_type": 6,
        "hacc_m": 0.014,
        "corrupt": false,
        "position_interpolated": true,
        "captured_at_utc": "2026-06-17T21:13:06.042366+00:00"
      },
      "geometry": {
        "type": "Point",
        "coordinates": [
          -114.0160686318272,
          46.69782021171225
        ]
      }
    },
    {
      "type": "Feature",
      "properties": {
        "file": "leg03_m012_b258_2026-06-17T15-13-07.jpg",
        "leg": "leg03",
        "mark_index": 12,
        "along_track_m": 12.0,
        "achieved_heading": 253.43566687167854,
        "target_bearing": 258.2187411885399,
        "fix_type": 6,
        "hacc_m": 0.014,
        "corrupt": false,
        "position_interpolated": true,
        "captured_at_utc": "2026-06-17T21:13:07.086886+00:00"
      },
      "geometry": {
        "type": "Point",
        "coordinates": [
          -114.01608217699601,
          46.69781826042914
        ]
      }
    },
    {
      "type": "Feature",
      "properties": {
        "file": "leg03_m013_b258_2026-06-17T15-13-08.jpg",
        "leg": "leg03",
        "mark_index": 13,
        "along_track_m": 13.0,
        "achieved_heading": 252.56757067315976,
        "target_bearing": 258.2187411885399,
        "fix_type": 6,
        "hacc_m": 0.014,
        "corrupt": false,
        "position_interpolated": true,
        "captured_at_utc": "2026-06-17T21:13:08.078336+00:00"
      },
      "geometry": {
        "type": "Point",
        "coordinates": [
          -114.01609439816463,
          46.69781628363923
        ]
      }
    },
    {
      "type": "Feature",
      "properties": {
        "file": "leg03_m014_b258_2026-06-17T15-13-09.jpg",
        "leg": "leg03",
        "mark_index": 14,
        "along_track_m": 14.0,
        "achieved_heading": 254.82062418915183,
        "target_bearing": 258.2187411885399,
        "fix_type": 6,
        "hacc_m": 0.014,
        "corrupt": false,
        "position_interpolated": true,
        "captured_at_utc": "2026-06-17T21:13:09.183568+00:00"
      },
      "geometry": {
        "type": "Point",
        "coordinates": [
          -114.0161064,
          46.697814199999996
        ]
      }
    },
    {
      "type": "Feature",
      "properties": {
        "file": "leg03_m015_b258_2026-06-17T15-13-10.jpg",
        "leg": "leg03",
        "mark_index": 15,
        "along_track_m": 15.0,
        "achieved_heading": 255.5921115362654,
        "target_bearing": 258.2187411885399,
        "fix_type": 6,
        "hacc_m": 0.014,
        "corrupt": false,
        "position_interpolated": true,
        "captured_at_utc": "2026-06-17T21:13:10.099145+00:00"
      },
      "geometry": {
        "type": "Point",
        "coordinates": [
          -114.01611840642363,
          46.69781245049818
        ]
      }
    },
    {
      "type": "Feature",
      "properties": {
        "file": "leg03_m016_b258_2026-06-17T15-13-11.jpg",
        "leg": "leg03",
        "mark_index": 16,
        "along_track_m": 16.0,
        "achieved_heading": 257.6565529187029,
        "target_bearing": 258.2187411885399,
        "fix_type": 6,
        "hacc_m": 0.014,
        "corrupt": false,
        "position_interpolated": true,
        "captured_at_utc": "2026-06-17T21:13:11.288550+00:00"
      },
      "geometry": {
        "type": "Point",
        "coordinates": [
          -114.0161334723269,
          46.69781032520562
        ]
      }
    },
    {
      "type": "Feature",
      "properties": {
        "file": "leg03_m017_b258_2026-06-17T15-13-12.jpg",
        "leg": "leg03",
        "mark_index": 17,
        "along_track_m": 17.0,
        "achieved_heading": 255.60816647192053,
        "target_bearing": 258.2187411885399,
        "fix_type": 6,
        "hacc_m": 0.014,
        "corrupt": false,
        "position_interpolated": true,
        "captured_at_utc": "2026-06-17T21:13:12.353523+00:00"
      },
      "geometry": {
        "type": "Point",
        "coordinates": [
          -114.01614599999999,
          46.6978088
        ]
      }
    },
    {
      "type": "Feature",
      "properties": {
        "file": "leg03_m018_b258_2026-06-17T15-13-13.jpg",
        "leg": "leg03",
        "mark_index": 18,
        "along_track_m": 18.0,
        "achieved_heading": 254.62689392888268,
        "target_bearing": 258.2187411885399,
        "fix_type": 6,
        "hacc_m": 0.014,
        "corrupt": false,
        "position_interpolated": true,
        "captured_at_utc": "2026-06-17T21:13:13.247616+00:00"
      },
      "geometry": {
        "type": "Point",
        "coordinates": [
          -114.01615757529507,
          46.69780733195279
        ]
      }
    },
    {
      "type": "Feature",
      "properties": {
        "file": "leg03_m019_b258_2026-06-17T15-13-14.jpg",
        "leg": "leg03",
        "mark_index": 19,
        "along_track_m": 19.0,
        "achieved_heading": 253.8645248605084,
        "target_bearing": 258.2187411885399,
        "fix_type": 6,
        "hacc_m": 0.014,
        "corrupt": false,
        "position_interpolated": true,
        "captured_at_utc": "2026-06-17T21:13:14.440077+00:00"
      },
      "geometry": {
        "type": "Point",
        "coordinates": [
          -114.0161706,
          46.6978052
        ]
      }
    },
    {
      "type": "Feature",
      "properties": {
        "file": "leg03_m020_b258_2026-06-17T15-13-15.jpg",
        "leg": "leg03",
        "mark_index": 20,
        "along_track_m": 20.0,
        "achieved_heading": 255.5034825321749,
        "target_bearing": 258.2187411885399,
        "fix_type": 6,
        "hacc_m": 0.014,
        "corrupt": false,
        "position_interpolated": true,
        "captured_at_utc": "2026-06-17T21:13:15.348028+00:00"
      },
      "geometry": {
        "type": "Point",
        "coordinates": [
          -114.0161833,
          46.6978033
        ]
      }
    },
    {
      "type": "Feature",
      "properties": {
        "file": "leg03_m021_b258_2026-06-17T15-13-16.jpg",
        "leg": "leg03",
        "mark_index": 21,
        "along_track_m": 21.0,
        "achieved_heading": 256.44624177020535,
        "target_bearing": 258.2187411885399,
        "fix_type": 6,
        "hacc_m": 0.014,
        "corrupt": false,
        "position_interpolated": true,
        "captured_at_utc": "2026-06-17T21:13:16.402025+00:00"
      },
      "geometry": {
        "type": "Point",
        "coordinates": [
          -114.0161959,
          46.6978015
        ]
      }
    },
    {
      "type": "Feature",
      "properties": {
        "file": "leg03_m022_b258_2026-06-17T15-13-17.jpg",
        "leg": "leg03",
        "mark_index": 22,
        "along_track_m": 22.0,
        "achieved_heading": 256.13159132987795,
        "target_bearing": 258.2187411885399,
        "fix_type": 6,
        "hacc_m": 0.014,
        "corrupt": false,
        "position_interpolated": true,
        "captured_at_utc": "2026-06-17T21:13:17.320242+00:00"
      },
      "geometry": {
        "type": "Point",
        "coordinates": [
          -114.0162088,
          46.6977999
        ]
      }
    },
    {
      "type": "Feature",
      "properties": {
        "file": "leg03_m023_b258_2026-06-17T15-13-18.jpg",
        "leg": "leg03",
        "mark_index": 23,
        "along_track_m": 23.0,
        "achieved_heading": 255.5804384127817,
        "target_bearing": 258.2187411885399,
        "fix_type": 6,
        "hacc_m": 0.014,
        "corrupt": false,
        "position_interpolated": true,
        "captured_at_utc": "2026-06-17T21:13:18.427600+00:00"
      },
      "geometry": {
        "type": "Point",
        "coordinates": [
          -114.0162216,
          46.697798
        ]
      }
    },
    {
      "type": "Feature",
      "properties": {
        "file": "leg03_m024_b258_2026-06-17T15-13-19.jpg",
        "leg": "leg03",
        "mark_index": 24,
        "along_track_m": 24.0,
        "achieved_heading": 255.22052434234274,
        "target_bearing": 258.2187411885399,
        "fix_type": 6,
        "hacc_m": 0.014,
        "corrupt": false,
        "position_interpolated": true,
        "captured_at_utc": "2026-06-17T21:13:19.483010+00:00"
      },
      "geometry": {
        "type": "Point",
        "coordinates": [
          -114.01623631161335,
          46.697795574689735
        ]
      }
    },
    {
      "type": "Feature",
      "properties": {
        "file": "leg03_m025_b258_2026-06-17T15-13-20.jpg",
        "leg": "leg03",
        "mark_index": 25,
        "along_track_m": 25.0,
        "achieved_heading": 255.58649750926708,
        "target_bearing": 258.2187411885399,
        "fix_type": 6,
        "hacc_m": 0.014,
        "corrupt": false,
        "position_interpolated": true,
        "captured_at_utc": "2026-06-17T21:13:20.387874+00:00"
      },
      "geometry": {
        "type": "Point",
        "coordinates": [
          -114.0162469,
          46.6977937
        ]
      }
    },
    {
      "type": "Feature",
      "properties": {
        "file": "leg03_m026_b258_2026-06-17T15-13-21.jpg",
        "leg": "leg03",
        "mark_index": 26,
        "along_track_m": 26.0,
        "achieved_heading": 257.37779513045245,
        "target_bearing": 258.2187411885399,
        "fix_type": 6,
        "hacc_m": 0.014,
        "corrupt": false,
        "position_interpolated": true,
        "captured_at_utc": "2026-06-17T21:13:21.443475+00:00"
      },
      "geometry": {
        "type": "Point",
        "coordinates": [
          -114.0162598,
          46.697791699999996
        ]
      }
    },
    {
      "type": "Feature",
      "properties": {
        "file": "leg03_m027_b258_2026-06-17T15-13-22.jpg",
        "leg": "leg03",
        "mark_index": 27,
        "along_track_m": 27.0,
        "achieved_heading": 259.1116641169633,
        "target_bearing": 258.2187411885399,
        "fix_type": 6,
        "hacc_m": 0.014,
        "corrupt": false,
        "position_interpolated": true,
        "captured_at_utc": "2026-06-17T21:13:22.411720+00:00"
      },
      "geometry": {
        "type": "Point",
        "coordinates": [
          -114.01627375654292,
          46.697790006922745
        ]
      }
    },
    {
      "type": "Feature",
      "properties": {
        "file": "leg03_m028_b258_2026-06-17T15-13-23.jpg",
        "leg": "leg03",
        "mark_index": 28,
        "along_track_m": 28.0,
        "achieved_heading": 258.26063511684913,
        "target_bearing": 258.2187411885399,
        "fix_type": 6,
        "hacc_m": 0.014,
        "corrupt": false,
        "position_interpolated": true,
        "captured_at_utc": "2026-06-17T21:13:23.325932+00:00"
      },
      "geometry": {
        "type": "Point",
        "coordinates": [
          -114.0162855,
          46.697788599999996
        ]
      }
    },
    {
      "type": "Feature",
      "properties": {
        "file": "leg03_m029_b258_2026-06-17T15-13-24.jpg",
        "leg": "leg03",
        "mark_index": 29,
        "along_track_m": 29.0,
        "achieved_heading": 258.3977286804865,
        "target_bearing": 258.2187411885399,
        "fix_type": 6,
        "hacc_m": 0.014,
        "corrupt": false,
        "position_interpolated": true,
        "captured_at_utc": "2026-06-17T21:13:24.379181+00:00"
      },
      "geometry": {
        "type": "Point",
        "coordinates": [
          -114.01629849999999,
          46.697787399999996
        ]
      }
    },
    {
      "type": "Feature",
      "properties": {
        "file": "leg03_m030_b258_2026-06-17T15-13-25.jpg",
        "leg": "leg03",
        "mark_index": 30,
        "along_track_m": 30.0,
        "achieved_heading": 254.24858329839245,
        "target_bearing": 258.2187411885399,
        "fix_type": 6,
        "hacc_m": 0.014,
        "corrupt": false,
        "position_interpolated": true,
        "captured_at_utc": "2026-06-17T21:13:25.430868+00:00"
      },
      "geometry": {
        "type": "Point",
        "coordinates": [
          -114.0163116,
          46.697785499999995
        ]
      }
    },
    {
      "type": "Feature",
      "properties": {
        "file": "leg03_m031_b258_2026-06-17T15-13-26.jpg",
        "leg": "leg03",
        "mark_index": 31,
        "along_track_m": 31.0,
        "achieved_heading": 254.60302162953155,
        "target_bearing": 258.2187411885399,
        "fix_type": 6,
        "hacc_m": 0.014,
        "corrupt": false,
        "position_interpolated": true,
        "captured_at_utc": "2026-06-17T21:13:26.331781+00:00"
      },
      "geometry": {
        "type": "Point",
        "coordinates": [
          -114.0163243,
          46.697783199999996
        ]
      }
    },
    {
      "type": "Feature",
      "properties": {
        "file": "leg03_m032_b258_2026-06-17T15-13-27.jpg",
        "leg": "leg03",
        "mark_index": 32,
        "along_track_m": 32.0,
        "achieved_heading": 257.0254454603339,
        "target_bearing": 258.2187411885399,
        "fix_type": 6,
        "hacc_m": 0.014,
        "corrupt": false,
        "position_interpolated": true,
        "captured_at_utc": "2026-06-17T21:13:27.391713+00:00"
      },
      "geometry": {
        "type": "Point",
        "coordinates": [
          -114.0163371,
          46.6977812
        ]
      }
    },
    {
      "type": "Feature",
      "properties": {
        "file": "leg03_m033_b258_2026-06-17T15-13-28.jpg",
        "leg": "leg03",
        "mark_index": 33,
        "along_track_m": 33.0,
        "achieved_heading": 256.39243990854015,
        "target_bearing": 258.2187411885399,
        "fix_type": 6,
        "hacc_m": 0.014,
        "corrupt": false,
        "position_interpolated": true,
        "captured_at_utc": "2026-06-17T21:13:28.440489+00:00"
      },
      "geometry": {
        "type": "Point",
        "coordinates": [
          -114.01635128655933,
          46.697779446150506
        ]
      }
    },
    {
      "type": "Feature",
      "properties": {
        "file": "leg03_m034_b258_2026-06-17T15-13-29.jpg",
        "leg": "leg03",
        "mark_index": 34,
        "along_track_m": 34.0,
        "achieved_heading": 256.6603352069334,
        "target_bearing": 258.2187411885399,
        "fix_type": 6,
        "hacc_m": 0.014,
        "corrupt": false,
        "position_interpolated": true,
        "captured_at_utc": "2026-06-17T21:13:29.343407+00:00"
      },
      "geometry": {
        "type": "Point",
        "coordinates": [
          -114.0163626,
          46.6977779
        ]
      }
    },
    {
      "type": "Feature",
      "properties": {
        "file": "leg03_m035_b258_2026-06-17T15-13-30.jpg",
        "leg": "leg03",
        "mark_index": 35,
        "along_track_m": 35.0,
        "achieved_heading": 256.63115713804547,
        "target_bearing": 258.2187411885399,
        "fix_type": 6,
        "hacc_m": 0.014,
        "corrupt": false,
        "position_interpolated": true,
        "captured_at_utc": "2026-06-17T21:13:30.403756+00:00"
      },
      "geometry": {
        "type": "Point",
        "coordinates": [
          -114.01637579999999,
          46.6977761
        ]
      }
    },
    {
      "type": "Feature",
      "properties": {
        "file": "leg03_m036_b258_2026-06-17T15-13-31.jpg",
        "leg": "leg03",
        "mark_index": 36,
        "along_track_m": 36.0,
        "achieved_heading": 256.3021390953457,
        "target_bearing": 258.2187411885399,
        "fix_type": 6,
        "hacc_m": 0.014,
        "corrupt": false,
        "position_interpolated": true,
        "captured_at_utc": "2026-06-17T21:13:31.314427+00:00"
      },
      "geometry": {
        "type": "Point",
        "coordinates": [
          -114.0163884,
          46.697773999999995
        ]
      }
    },
    {
      "type": "Feature",
      "properties": {
        "file": "leg03_m037_b258_2026-06-17T15-13-32.jpg",
        "leg": "leg03",
        "mark_index": 37,
        "along_track_m": 37.0,
        "achieved_heading": 256.2091113031574,
        "target_bearing": 258.2187411885399,
        "fix_type": 6,
        "hacc_m": 0.014,
        "corrupt": false,
        "position_interpolated": true,
        "captured_at_utc": "2026-06-17T21:13:32.365236+00:00"
      },
      "geometry": {
        "type": "Point",
        "coordinates": [
          -114.0164011,
          46.697772
        ]
      }
    },
    {
      "type": "Feature",
      "properties": {
        "file": "leg03_m038_b258_2026-06-17T15-13-33.jpg",
        "leg": "leg03",
        "mark_index": 38,
        "along_track_m": 38.0,
        "achieved_heading": 257.2559897739785,
        "target_bearing": 258.2187411885399,
        "fix_type": 6,
        "hacc_m": 0.014,
        "corrupt": false,
        "position_interpolated": true,
        "captured_at_utc": "2026-06-17T21:13:33.409197+00:00"
      },
      "geometry": {
        "type": "Point",
        "coordinates": [
          -114.01641496766392,
          46.69777000230972
        ]
      }
    },
    {
      "type": "Feature",
      "properties": {
        "file": "leg03_m039_b258_2026-06-17T15-13-34.jpg",
        "leg": "leg03",
        "mark_index": 39,
        "along_track_m": 39.0,
        "achieved_heading": 257.644008389989,
        "target_bearing": 258.2187411885399,
        "fix_type": 6,
        "hacc_m": 0.014,
        "corrupt": false,
        "position_interpolated": true,
        "captured_at_utc": "2026-06-17T21:13:34.470029+00:00"
      },
      "geometry": {
        "type": "Point",
        "coordinates": [
          -114.01642832412415,
          46.69776805006487
        ]
      }
    },
    {
      "type": "Feature",
      "properties": {
        "file": "leg03_m040_b258_2026-06-17T15-13-35.jpg",
        "leg": "leg03",
        "mark_index": 40,
        "along_track_m": 40.0,
        "achieved_heading": 257.38810747136665,
        "target_bearing": 258.2187411885399,
        "fix_type": 6,
        "hacc_m": 0.014,
        "corrupt": false,
        "position_interpolated": true,
        "captured_at_utc": "2026-06-17T21:13:35.445230+00:00"
      },
      "geometry": {
        "type": "Point",
        "coordinates": [
          -114.01644045855983,
          46.697766329452335
        ]
      }
    },
    {
      "type": "Feature",
      "properties": {
        "file": "leg03_m041_b258_2026-06-17T15-13-36.jpg",
        "leg": "leg03",
        "mark_index": 41,
        "along_track_m": 41.0,
        "achieved_heading": 257.68500945960744,
        "target_bearing": 258.2187411885399,
        "fix_type": 6,
        "hacc_m": 0.014,
        "corrupt": false,
        "position_interpolated": true,
        "captured_at_utc": "2026-06-17T21:13:36.489649+00:00"
      },
      "geometry": {
        "type": "Point",
        "coordinates": [
          -114.0164537082998,
          46.69776446528336
        ]
      }
    },
    {
      "type": "Feature",
      "properties": {
        "file": "leg03_m042_b258_2026-06-17T15-13-37.jpg",
        "leg": "leg03",
        "mark_index": 42,
        "along_track_m": 42.0,
        "achieved_heading": 256.431681110704,
        "target_bearing": 258.2187411885399,
        "fix_type": 6,
        "hacc_m": 0.014,
        "corrupt": false,
        "position_interpolated": true,
        "captured_at_utc": "2026-06-17T21:13:37.542076+00:00"
      },
      "geometry": {
        "type": "Point",
        "coordinates": [
          -114.01646649999999,
          46.697762499999996
        ]
      }
    },
    {
      "type": "Feature",
      "properties": {
        "file": "leg03_m043_b258_2026-06-17T15-13-38.jpg",
        "leg": "leg03",
        "mark_index": 43,
        "along_track_m": 43.0,
        "achieved_heading": 256.8969361185806,
        "target_bearing": 258.2187411885399,
        "fix_type": 6,
        "hacc_m": 0.014,
        "corrupt": false,
        "position_interpolated": true,
        "captured_at_utc": "2026-06-17T21:13:38.452273+00:00"
      },
      "geometry": {
        "type": "Point",
        "coordinates": [
          -114.01647854696974,
          46.69776053096179
        ]
      }
    },
    {
      "type": "Feature",
      "properties": {
        "file": "leg03_m044_b258_2026-06-17T15-13-39.jpg",
        "leg": "leg03",
        "mark_index": 44,
        "along_track_m": 44.0,
        "achieved_heading": 257.31180339204633,
        "target_bearing": 258.2187411885399,
        "fix_type": 6,
        "hacc_m": 0.014,
        "corrupt": false,
        "position_interpolated": true,
        "captured_at_utc": "2026-06-17T21:13:39.508461+00:00"
      },
      "geometry": {
        "type": "Point",
        "coordinates": [
          -114.01649195838354,
          46.69775890832329
        ]
      }
    },
    {
      "type": "Feature",
      "properties": {
        "file": "leg03_m045_b258_2026-06-17T15-13-40.jpg",
        "leg": "leg03",
        "mark_index": 45,
        "along_track_m": 45.0,
        "achieved_heading": 258.3554271427893,
        "target_bearing": 258.2187411885399,
        "fix_type": 6,
        "hacc_m": 0.014,
        "corrupt": false,
        "position_interpolated": true,
        "captured_at_utc": "2026-06-17T21:13:40.559346+00:00"
      },
      "geometry": {
        "type": "Point",
        "coordinates": [
          -114.01650479999999,
          46.697756899999995
        ]
      }
    },
    {
      "type": "Feature",
      "properties": {
        "file": "leg03_m046_b258_2026-06-17T15-13-41.jpg",
        "leg": "leg03",
        "mark_index": 46,
        "along_track_m": 46.0,
        "achieved_heading": 259.3959268026876,
        "target_bearing": 258.2187411885399,
        "fix_type": 6,
        "hacc_m": 0.014,
        "corrupt": false,
        "position_interpolated": true,
        "captured_at_utc": "2026-06-17T21:13:41.466761+00:00"
      },
      "geometry": {
        "type": "Point",
        "coordinates": [
          -114.01651704966046,
          46.69775536879244
        ]
      }
    },
    {
      "type": "Feature",
      "properties": {
        "file": "leg03_m047_b258_2026-06-17T15-13-42.jpg",
        "leg": "leg03",
        "mark_index": 47,
        "along_track_m": 47.0,
        "achieved_heading": 259.19773227715905,
        "target_bearing": 258.2187411885399,
        "fix_type": 6,
        "hacc_m": 0.014,
        "corrupt": false,
        "position_interpolated": true,
        "captured_at_utc": "2026-06-17T21:13:42.579303+00:00"
      },
      "geometry": {
        "type": "Point",
        "coordinates": [
          -114.0165301,
          46.697753899999995
        ]
      }
    },
    {
      "type": "Feature",
      "properties": {
        "file": "leg03_m048_b258_2026-06-17T15-13-43.jpg",
        "leg": "leg03",
        "mark_index": 48,
        "along_track_m": 48.0,
        "achieved_heading": 258.46190354178106,
        "target_bearing": 258.2187411885399,
        "fix_type": 6,
        "hacc_m": 0.014,
        "corrupt": false,
        "position_interpolated": true,
        "captured_at_utc": "2026-06-17T21:13:43.645590+00:00"
      },
      "geometry": {
        "type": "Point",
        "coordinates": [
          -114.0165426,
          46.6977523
        ]
      }
    },
    {
      "type": "Feature",
      "properties": {
        "file": "leg03_m049_b258_2026-06-17T15-13-44.jpg",
        "leg": "leg03",
        "mark_index": 49,
        "along_track_m": 49.0,
        "achieved_heading": 256.41769731841293,
        "target_bearing": 258.2187411885399,
        "fix_type": 6,
        "hacc_m": 0.014,
        "corrupt": false,
        "position_interpolated": true,
        "captured_at_utc": "2026-06-17T21:13:44.557098+00:00"
      },
      "geometry": {
        "type": "Point",
        "coordinates": [
          -114.0165553,
          46.6977504
        ]
      }
    },
    {
      "type": "Feature",
      "properties": {
        "file": "leg03_m050_b258_2026-06-17T15-13-45.jpg",
        "leg": "leg03",
        "mark_index": 50,
        "along_track_m": 50.0,
        "achieved_heading": 260.0770899231013,
        "target_bearing": 258.2187411885399,
        "fix_type": 6,
        "hacc_m": 0.014,
        "corrupt": false,
        "position_interpolated": true,
        "captured_at_utc": "2026-06-17T21:13:45.669307+00:00"
      },
      "geometry": {
        "type": "Point",
        "coordinates": [
          -114.01656943246782,
          46.697748365484486
        ]
      }
    },
    {
      "type": "Feature",
      "properties": {
        "file": "leg03_m051_b258_2026-06-17T15-13-46.jpg",
        "leg": "leg03",
        "mark_index": 51,
        "along_track_m": 51.0,
        "achieved_heading": 267.7058063292899,
        "target_bearing": 258.2187411885399,
        "fix_type": 6,
        "hacc_m": 0.014,
        "corrupt": false,
        "position_interpolated": true,
        "captured_at_utc": "2026-06-17T21:13:46.714751+00:00"
      },
      "geometry": {
        "type": "Point",
        "coordinates": [
          -114.01658261261153,
          46.697747199999995
        ]
      }
    },
    {
      "type": "Feature",
      "properties": {
        "file": "leg04_m000_b348_2026-06-17T15-13-50.jpg",
        "leg": "leg04",
        "mark_index": 0,
        "along_track_m": 0.0,
        "achieved_heading": 347.51441541599104,
        "target_bearing": 348.2905478594781,
        "fix_type": 6,
        "hacc_m": 0.014,
        "corrupt": false,
        "position_interpolated": true,
        "captured_at_utc": "2026-06-17T21:13:50.980066+00:00"
      },
      "geometry": {
        "type": "Point",
        "coordinates": [
          -114.01658959999999,
          46.6977475
        ]
      }
    },
    {
      "type": "Feature",
      "properties": {
        "file": "leg04_m001_b348_2026-06-17T15-13-52.jpg",
        "leg": "leg04",
        "mark_index": 1,
        "along_track_m": 1.0,
        "achieved_heading": 341.25324722236047,
        "target_bearing": 348.2905478594781,
        "fix_type": 6,
        "hacc_m": 0.014,
        "corrupt": false,
        "position_interpolated": true,
        "captured_at_utc": "2026-06-17T21:13:52.458966+00:00"
      },
      "geometry": {
        "type": "Point",
        "coordinates": [
          -114.01659372149163,
          46.69775626676477
        ]
      }
    },
    {
      "type": "Feature",
      "properties": {
        "file": "leg04_m002_b348_2026-06-17T15-13-53.jpg",
        "leg": "leg04",
        "mark_index": 2,
        "along_track_m": 2.0,
        "achieved_heading": 347.8447828806635,
        "target_bearing": 348.2905478594781,
        "fix_type": 6,
        "hacc_m": 0.014,
        "corrupt": false,
        "position_interpolated": true,
        "captured_at_utc": "2026-06-17T21:13:53.435200+00:00"
      },
      "geometry": {
        "type": "Point",
        "coordinates": [
          -114.0165977924533,
          46.69776450801994
        ]
      }
    },
    {
      "type": "Feature",
      "properties": {
        "file": "leg04_m003_b348_2026-06-17T15-13-54.jpg",
        "leg": "leg04",
        "mark_index": 3,
        "along_track_m": 3.0,
        "achieved_heading": 359.8075113894204,
        "target_bearing": 348.2905478594781,
        "fix_type": 6,
        "hacc_m": 0.014,
        "corrupt": false,
        "position_interpolated": true,
        "captured_at_utc": "2026-06-17T21:13:54.487336+00:00"
      },
      "geometry": {
        "type": "Point",
        "coordinates": [
          -114.01659984580587,
          46.697773656770586
        ]
      }
    },
    {
      "type": "Feature",
      "properties": {
        "file": "leg04_m004_b348_2026-06-17T15-13-55.jpg",
        "leg": "leg04",
        "mark_index": 4,
        "along_track_m": 4.0,
        "achieved_heading": 6.851741001656343,
        "target_bearing": 348.2905478594781,
        "fix_type": 6,
        "hacc_m": 0.014,
        "corrupt": false,
        "position_interpolated": true,
        "captured_at_utc": "2026-06-17T21:13:55.609010+00:00"
      },
      "geometry": {
        "type": "Point",
        "coordinates": [
          -114.0165998,
          46.6977828
        ]
      }
    },
    {
      "type": "Feature",
      "properties": {
        "file": "leg04_m005_b348_2026-06-17T15-13-56.jpg",
        "leg": "leg04",
        "mark_index": 5,
        "along_track_m": 4.785,
        "achieved_heading": 9.97006380165585,
        "target_bearing": 348.2905478594781,
        "fix_type": 6,
        "hacc_m": 0.014,
        "corrupt": false,
        "position_interpolated": true,
        "captured_at_utc": "2026-06-17T21:13:56.385925+00:00"
      },
      "geometry": {
        "type": "Point",
        "coordinates": [
          -114.01659869999999,
          46.6977895
        ]
      }
    },
    {
      "type": "Feature",
      "properties": {
        "file": "leg05_m000_b078_2026-06-17T15-13-59.jpg",
        "leg": "leg05",
        "mark_index": 0,
        "along_track_m": 0.0,
        "achieved_heading": 79.06195569667108,
        "target_bearing": 78.21825290677964,
        "fix_type": 6,
        "hacc_m": 0.014,
        "corrupt": false,
        "position_interpolated": true,
        "captured_at_utc": "2026-06-17T21:13:59.799128+00:00"
      },
      "geometry": {
        "type": "Point",
        "coordinates": [
          -114.0165973,
          46.6977931
        ]
      }
    },
    {
      "type": "Feature",
      "properties": {
        "file": "leg05_m001_b078_2026-06-17T15-14-01.jpg",
        "leg": "leg05",
        "mark_index": 1,
        "along_track_m": 1.0,
        "achieved_heading": 73.66910504156124,
        "target_bearing": 78.21825290677964,
        "fix_type": 6,
        "hacc_m": 0.014,
        "corrupt": false,
        "position_interpolated": true,
        "captured_at_utc": "2026-06-17T21:14:01.414985+00:00"
      },
      "geometry": {
        "type": "Point",
        "coordinates": [
          -114.0165851,
          46.697795899999996
        ]
      }
    },
    {
      "type": "Feature",
      "properties": {
        "file": "leg05_m002_b078_2026-06-17T15-14-02.jpg",
        "leg": "leg05",
        "mark_index": 2,
        "along_track_m": 2.0,
        "achieved_heading": 78.88325016036978,
        "target_bearing": 78.21825290677964,
        "fix_type": 6,
        "hacc_m": 0.014,
        "corrupt": false,
        "position_interpolated": true,
        "captured_at_utc": "2026-06-17T21:14:02.467510+00:00"
      },
      "geometry": {
        "type": "Point",
        "coordinates": [
          -114.01657184843026,
          46.69779883789243
        ]
      }
    },
    {
      "type": "Feature",
      "properties": {
        "file": "leg05_m003_b078_2026-06-17T15-14-03.jpg",
        "leg": "leg05",
        "mark_index": 3,
        "along_track_m": 3.0,
        "achieved_heading": 84.06788795272908,
        "target_bearing": 78.21825290677964,
        "fix_type": 6,
        "hacc_m": 0.014,
        "corrupt": false,
        "position_interpolated": true,
        "captured_at_utc": "2026-06-17T21:14:03.586289+00:00"
      },
      "geometry": {
        "type": "Point",
        "coordinates": [
          -114.0165598,
          46.697801
        ]
      }
    },
    {
      "type": "Feature",
      "properties": {
        "file": "leg05_m004_b078_2026-06-17T15-14-04.jpg",
        "leg": "leg05",
        "mark_index": 4,
        "along_track_m": 4.0,
        "achieved_heading": 87.422326660102,
        "target_bearing": 78.21825290677964,
        "fix_type": 6,
        "hacc_m": 0.014,
        "corrupt": false,
        "position_interpolated": true,
        "captured_at_utc": "2026-06-17T21:14:04.708913+00:00"
      },
      "geometry": {
        "type": "Point",
        "coordinates": [
          -114.01654515051543,
          46.697802193938145
        ]
      }
    },
    {
      "type": "Feature",
      "properties": {
        "file": "leg05_m005_b078_2026-06-17T15-14-05.jpg",
        "leg": "leg05",
        "mark_index": 5,
        "along_track_m": 5.0,
        "achieved_heading": 84.81221742438353,
        "target_bearing": 78.21825290677964,
        "fix_type": 6,
        "hacc_m": 0.014,
        "corrupt": false,
        "position_interpolated": true,
        "captured_at_utc": "2026-06-17T21:14:05.819767+00:00"
      },
      "geometry": {
        "type": "Point",
        "coordinates": [
          -114.01653329999999,
          46.697803
        ]
      }
    },
    {
      "type": "Feature",
      "properties": {
        "file": "leg05_m006_b078_2026-06-17T15-14-07.jpg",
        "leg": "leg05",
        "mark_index": 6,
        "along_track_m": 6.0,
        "achieved_heading": 80.38216068776424,
        "target_bearing": 78.21825290677964,
        "fix_type": 6,
        "hacc_m": 0.014,
        "corrupt": false,
        "position_interpolated": true,
        "captured_at_utc": "2026-06-17T21:14:06.880016+00:00"
      },
      "geometry": {
        "type": "Point",
        "coordinates": [
          -114.01651908228351,
          46.69780465221456
        ]
      }
    },
    {
      "type": "Feature",
      "properties": {
        "file": "leg05_m007_b078_2026-06-17T15-14-07.jpg",
        "leg": "leg05",
        "mark_index": 7,
        "along_track_m": 7.0,
        "achieved_heading": 78.93304856603646,
        "target_bearing": 78.21825290677964,
        "fix_type": 6,
        "hacc_m": 0.014,
        "corrupt": false,
        "position_interpolated": true,
        "captured_at_utc": "2026-06-17T21:14:07.872918+00:00"
      },
      "geometry": {
        "type": "Point",
        "coordinates": [
          -114.01650689575071,
          46.69780664491659
        ]
      }
    },
    {
      "type": "Feature",
      "properties": {
        "file": "leg05_m008_b078_2026-06-17T15-14-08.jpg",
        "leg": "leg05",
        "mark_index": 8,
        "along_track_m": 8.0,
        "achieved_heading": 79.92882882817352,
        "target_bearing": 78.21825290677964,
        "fix_type": 6,
        "hacc_m": 0.014,
        "corrupt": false,
        "position_interpolated": true,
        "captured_at_utc": "2026-06-17T21:14:08.909757+00:00"
      },
      "geometry": {
        "type": "Point",
        "coordinates": [
          -114.01649479346501,
          46.69780858219713
        ]
      }
    },
    {
      "type": "Feature",
      "properties": {
        "file": "leg05_m009_b078_2026-06-17T15-14-10.jpg",
        "leg": "leg05",
        "mark_index": 9,
        "along_track_m": 9.0,
        "achieved_heading": 81.31849236388697,
        "target_bearing": 78.21825290677964,
        "fix_type": 6,
        "hacc_m": 0.014,
        "corrupt": false,
        "position_interpolated": true,
        "captured_at_utc": "2026-06-17T21:14:10.087647+00:00"
      },
      "geometry": {
        "type": "Point",
        "coordinates": [
          -114.01648070036697,
          46.69781044777822
        ]
      }
    },
    {
      "type": "Feature",
      "properties": {
        "file": "leg05_m010_b078_2026-06-17T15-14-11.jpg",
        "leg": "leg05",
        "mark_index": 10,
        "along_track_m": 10.0,
        "achieved_heading": 80.93576111456235,
        "target_bearing": 78.21825290677964,
        "fix_type": 6,
        "hacc_m": 0.014,
        "corrupt": false,
        "position_interpolated": true,
        "captured_at_utc": "2026-06-17T21:14:11.084113+00:00"
      },
      "geometry": {
        "type": "Point",
        "coordinates": [
          -114.01646885975651,
          46.69781204860621
        ]
      }
    },
    {
      "type": "Feature",
      "properties": {
        "file": "leg05_m011_b078_2026-06-17T15-14-12.jpg",
        "leg": "leg05",
        "mark_index": 11,
        "along_track_m": 11.0,
        "achieved_heading": 80.55658883801627,
        "target_bearing": 78.21825290677964,
        "fix_type": 6,
        "hacc_m": 0.014,
        "corrupt": false,
        "position_interpolated": true,
        "captured_at_utc": "2026-06-17T21:14:12.198351+00:00"
      },
      "geometry": {
        "type": "Point",
        "coordinates": [
          -114.0164566,
          46.697814099999995
        ]
      }
    },
    {
      "type": "Feature",
      "properties": {
        "file": "leg05_m012_b078_2026-06-17T15-14-13.jpg",
        "leg": "leg05",
        "mark_index": 12,
        "along_track_m": 12.0,
        "achieved_heading": 80.88899732436369,
        "target_bearing": 78.21825290677964,
        "fix_type": 6,
        "hacc_m": 0.014,
        "corrupt": false,
        "position_interpolated": true,
        "captured_at_utc": "2026-06-17T21:14:13.328916+00:00"
      },
      "geometry": {
        "type": "Point",
        "coordinates": [
          -114.0164428,
          46.6978161
        ]
      }
    },
    {
      "type": "Feature",
      "properties": {
        "file": "leg05_m013_b078_2026-06-17T15-14-14.jpg",
        "leg": "leg05",
        "mark_index": 13,
        "along_track_m": 13.0,
        "achieved_heading": 80.78089810315649,
        "target_bearing": 78.21825290677964,
        "fix_type": 6,
        "hacc_m": 0.014,
        "corrupt": false,
        "position_interpolated": true,
        "captured_at_utc": "2026-06-17T21:14:14.441928+00:00"
      },
      "geometry": {
        "type": "Point",
        "coordinates": [
          -114.01642998170112,
          46.69781794896905
        ]
      }
    },
    {
      "type": "Feature",
      "properties": {
        "file": "leg05_m014_b078_2026-06-17T15-14-15.jpg",
        "leg": "leg05",
        "mark_index": 14,
        "along_track_m": 14.0,
        "achieved_heading": 80.84035683899162,
        "target_bearing": 78.21825290677964,
        "fix_type": 6,
        "hacc_m": 0.014,
        "corrupt": false,
        "position_interpolated": true,
        "captured_at_utc": "2026-06-17T21:14:15.563302+00:00"
      },
      "geometry": {
        "type": "Point",
        "coordinates": [
          -114.0164171,
          46.6978198
        ]
      }
    },
    {
      "type": "Feature",
      "properties": {
        "file": "leg05_m015_b078_2026-06-17T15-14-16.jpg",
        "leg": "leg05",
        "mark_index": 15,
        "along_track_m": 15.0,
        "achieved_heading": 82.03025205691254,
        "target_bearing": 78.21825290677964,
        "fix_type": 6,
        "hacc_m": 0.014,
        "corrupt": false,
        "position_interpolated": true,
        "captured_at_utc": "2026-06-17T21:14:16.546822+00:00"
      },
      "geometry": {
        "type": "Point",
        "coordinates": [
          -114.01640529999999,
          46.6978213
        ]
      }
    },
    {
      "type": "Feature",
      "properties": {
        "file": "leg05_m016_b078_2026-06-17T15-14-17.jpg",
        "leg": "leg05",
        "mark_index": 16,
        "along_track_m": 16.0,
        "achieved_heading": 81.62881803701674,
        "target_bearing": 78.21825290677964,
        "fix_type": 6,
        "hacc_m": 0.014,
        "corrupt": false,
        "position_interpolated": true,
        "captured_at_utc": "2026-06-17T21:14:17.744632+00:00"
      },
      "geometry": {
        "type": "Point",
        "coordinates": [
          -114.01639109999999,
          46.6978231
        ]
      }
    },
    {
      "type": "Feature",
      "properties": {
        "file": "leg05_m017_b078_2026-06-17T15-14-18.jpg",
        "leg": "leg05",
        "mark_index": 17,
        "along_track_m": 17.0,
        "achieved_heading": 77.99217880311986,
        "target_bearing": 78.21825290677964,
        "fix_type": 6,
        "hacc_m": 0.014,
        "corrupt": false,
        "position_interpolated": true,
        "captured_at_utc": "2026-06-17T21:14:18.777738+00:00"
      },
      "geometry": {
        "type": "Point",
        "coordinates": [
          -114.0163795,
          46.6978248
        ]
      }
    },
    {
      "type": "Feature",
      "properties": {
        "file": "leg05_m018_b078_2026-06-17T15-14-19.jpg",
        "leg": "leg05",
        "mark_index": 18,
        "along_track_m": 18.0,
        "achieved_heading": 78.69146328012897,
        "target_bearing": 78.21825290677964,
        "fix_type": 6,
        "hacc_m": 0.014,
        "corrupt": false,
        "position_interpolated": true,
        "captured_at_utc": "2026-06-17T21:14:19.841067+00:00"
      },
      "geometry": {
        "type": "Point",
        "coordinates": [
          -114.01636669041692,
          46.69782735753329
        ]
      }
    },
    {
      "type": "Feature",
      "properties": {
        "file": "leg05_m019_b078_2026-06-17T15-14-21.jpg",
        "leg": "leg05",
        "mark_index": 19,
        "along_track_m": 19.0,
        "achieved_heading": 81.5441973476311,
        "target_bearing": 78.21825290677964,
        "fix_type": 6,
        "hacc_m": 0.014,
        "corrupt": false,
        "position_interpolated": true,
        "captured_at_utc": "2026-06-17T21:14:21.023566+00:00"
      },
      "geometry": {
        "type": "Point",
        "coordinates": [
          -114.0163542,
          46.6978292
        ]
      }
    },
    {
      "type": "Feature",
      "properties": {
        "file": "leg05_m020_b078_2026-06-17T15-14-22.jpg",
        "leg": "leg05",
        "mark_index": 20,
        "along_track_m": 20.0,
        "achieved_heading": 80.71523884866528,
        "target_bearing": 78.21825290677964,
        "fix_type": 6,
        "hacc_m": 0.014,
        "corrupt": false,
        "position_interpolated": true,
        "captured_at_utc": "2026-06-17T21:14:21.948075+00:00"
      },
      "geometry": {
        "type": "Point",
        "coordinates": [
          -114.01634198972788,
          46.69783055128401
        ]
      }
    },
    {
      "type": "Feature",
      "properties": {
        "file": "leg05_m021_b078_2026-06-17T15-14-23.jpg",
        "leg": "leg05",
        "mark_index": 21,
        "along_track_m": 21.0,
        "achieved_heading": 79.04568428602533,
        "target_bearing": 78.21825290677964,
        "fix_type": 6,
        "hacc_m": 0.014,
        "corrupt": false,
        "position_interpolated": true,
        "captured_at_utc": "2026-06-17T21:14:23.210794+00:00"
      },
      "geometry": {
        "type": "Point",
        "coordinates": [
          -114.01632752285826,
          46.697832340496745
        ]
      }
    },
    {
      "type": "Feature",
      "properties": {
        "file": "leg05_m022_b078_2026-06-17T15-14-24.jpg",
        "leg": "leg05",
        "mark_index": 22,
        "along_track_m": 22.0,
        "achieved_heading": 78.40218368995812,
        "target_bearing": 78.21825290677964,
        "fix_type": 6,
        "hacc_m": 0.014,
        "corrupt": false,
        "position_interpolated": true,
        "captured_at_utc": "2026-06-17T21:14:24.235847+00:00"
      },
      "geometry": {
        "type": "Point",
        "coordinates": [
          -114.01631598387132,
          46.69783423929612
        ]
      }
    },
    {
      "type": "Feature",
      "properties": {
        "file": "leg05_m023_b078_2026-06-17T15-14-25.jpg",
        "leg": "leg05",
        "mark_index": 23,
        "along_track_m": 23.0,
        "achieved_heading": 79.89785331336839,
        "target_bearing": 78.21825290677964,
        "fix_type": 6,
        "hacc_m": 0.014,
        "corrupt": false,
        "position_interpolated": true,
        "captured_at_utc": "2026-06-17T21:14:25.437425+00:00"
      },
      "geometry": {
        "type": "Point",
        "coordinates": [
          -114.01630195017506,
          46.69783644996498
        ]
      }
    },
    {
      "type": "Feature",
      "properties": {
        "file": "leg05_m024_b078_2026-06-17T15-14-26.jpg",
        "leg": "leg05",
        "mark_index": 24,
        "along_track_m": 24.0,
        "achieved_heading": 78.95282373479785,
        "target_bearing": 78.21825290677964,
        "fix_type": 6,
        "hacc_m": 0.014,
        "corrupt": false,
        "position_interpolated": true,
        "captured_at_utc": "2026-06-17T21:14:26.437573+00:00"
      },
      "geometry": {
        "type": "Point",
        "coordinates": [
          -114.01629045389456,
          46.697837926564624
        ]
      }
    },
    {
      "type": "Feature",
      "properties": {
        "file": "leg05_m026_b078_2026-06-17T15-14-32.jpg",
        "leg": "leg05",
        "mark_index": 26,
        "along_track_m": 26.0,
        "achieved_heading": 80.80794694140837,
        "target_bearing": 78.21825290677964,
        "fix_type": 6,
        "hacc_m": 0.014,
        "corrupt": false,
        "position_interpolated": true,
        "captured_at_utc": "2026-06-17T21:14:32.373399+00:00"
      },
      "geometry": {
        "type": "Point",
        "coordinates": [
          -114.01626309999999,
          46.69784217065026
        ]
      }
    },
    {
      "type": "Feature",
      "properties": {
        "file": "leg05_m027_b078_2026-06-17T15-14-34.jpg",
        "leg": "leg05",
        "mark_index": 27,
        "along_track_m": 27.0,
        "achieved_heading": 79.6549395729684,
        "target_bearing": 78.21825290677964,
        "fix_type": 6,
        "hacc_m": 0.014,
        "corrupt": false,
        "position_interpolated": true,
        "captured_at_utc": "2026-06-17T21:14:34.187918+00:00"
      },
      "geometry": {
        "type": "Point",
        "coordinates": [
          -114.01625109999999,
          46.6978434
        ]
      }
    },
    {
      "type": "Feature",
      "properties": {
        "file": "leg05_m028_b078_2026-06-17T15-14-35.jpg",
        "leg": "leg05",
        "mark_index": 28,
        "along_track_m": 28.0,
        "achieved_heading": 78.29281710396657,
        "target_bearing": 78.21825290677964,
        "fix_type": 6,
        "hacc_m": 0.014,
        "corrupt": false,
        "position_interpolated": true,
        "captured_at_utc": "2026-06-17T21:14:35.304783+00:00"
      },
      "geometry": {
        "type": "Point",
        "coordinates": [
          -114.01623707949875,
          46.69784509277284
        ]
      }
    },
    {
      "type": "Feature",
      "properties": {
        "file": "leg05_m029_b078_2026-06-17T15-14-36.jpg",
        "leg": "leg05",
        "mark_index": 29,
        "along_track_m": 29.0,
        "achieved_heading": 78.5900777086695,
        "target_bearing": 78.21825290677964,
        "fix_type": 6,
        "hacc_m": 0.014,
        "corrupt": false,
        "position_interpolated": true,
        "captured_at_utc": "2026-06-17T21:14:36.432051+00:00"
      },
      "geometry": {
        "type": "Point",
        "coordinates": [
          -114.0162249,
          46.6978467
        ]
      }
    },
    {
      "type": "Feature",
      "properties": {
        "file": "leg05_m030_b078_2026-06-17T15-14-37.jpg",
        "leg": "leg05",
        "mark_index": 30,
        "along_track_m": 30.0,
        "achieved_heading": 78.9143327633191,
        "target_bearing": 78.21825290677964,
        "fix_type": 6,
        "hacc_m": 0.014,
        "corrupt": false,
        "position_interpolated": true,
        "captured_at_utc": "2026-06-17T21:14:37.356226+00:00"
      },
      "geometry": {
        "type": "Point",
        "coordinates": [
          -114.01621279999999,
          46.6978483
        ]
      }
    },
    {
      "type": "Feature",
      "properties": {
        "file": "leg05_m031_b078_2026-06-17T15-14-38.jpg",
        "leg": "leg05",
        "mark_index": 31,
        "along_track_m": 31.0,
        "achieved_heading": 77.0650798217458,
        "target_bearing": 78.21825290677964,
        "fix_type": 6,
        "hacc_m": 0.014,
        "corrupt": false,
        "position_interpolated": true,
        "captured_at_utc": "2026-06-17T21:14:38.120987+00:00"
      },
      "geometry": {
        "type": "Point",
        "coordinates": [
          -114.01620333206358,
          46.69784939581779
        ]
      }
    },
    {
      "type": "Feature",
      "properties": {
        "file": "leg05_m032_b078_2026-06-17T15-14-39.jpg",
        "leg": "leg05",
        "mark_index": 32,
        "along_track_m": 32.0,
        "achieved_heading": 77.45351222678283,
        "target_bearing": 78.21825290677964,
        "fix_type": 6,
        "hacc_m": 0.014,
        "corrupt": false,
        "position_interpolated": true,
        "captured_at_utc": "2026-06-17T21:14:39.656549+00:00"
      },
      "geometry": {
        "type": "Point",
        "coordinates": [
          -114.01618556907603,
          46.697852192947835
        ]
      }
    },
    {
      "type": "Feature",
      "properties": {
        "file": "leg05_m033_b078_2026-06-17T15-14-40.jpg",
        "leg": "leg05",
        "mark_index": 33,
        "along_track_m": 33.0,
        "achieved_heading": 78.22514477755476,
        "target_bearing": 78.21825290677964,
        "fix_type": 6,
        "hacc_m": 0.014,
        "corrupt": false,
        "position_interpolated": true,
        "captured_at_utc": "2026-06-17T21:14:40.700077+00:00"
      },
      "geometry": {
        "type": "Point",
        "coordinates": [
          -114.01617303370296,
          46.697853988858085
        ]
      }
    },
    {
      "type": "Feature",
      "properties": {
        "file": "leg05_m034_b078_2026-06-17T15-14-41.jpg",
        "leg": "leg05",
        "mark_index": 34,
        "along_track_m": 34.0,
        "achieved_heading": 76.6849736156073,
        "target_bearing": 78.21825290677964,
        "fix_type": 6,
        "hacc_m": 0.014,
        "corrupt": false,
        "position_interpolated": true,
        "captured_at_utc": "2026-06-17T21:14:41.815637+00:00"
      },
      "geometry": {
        "type": "Point",
        "coordinates": [
          -114.0161612,
          46.6978557
        ]
      }
    },
    {
      "type": "Feature",
      "properties": {
        "file": "leg05_m035_b078_2026-06-17T15-14-43.jpg",
        "leg": "leg05",
        "mark_index": 35,
        "along_track_m": 35.0,
        "achieved_heading": 76.93207475282965,
        "target_bearing": 78.21825290677964,
        "fix_type": 6,
        "hacc_m": 0.014,
        "corrupt": false,
        "position_interpolated": true,
        "captured_at_utc": "2026-06-17T21:14:42.937113+00:00"
      },
      "geometry": {
        "type": "Point",
        "coordinates": [
          -114.01614719999999,
          46.6978582
        ]
      }
    },
    {
      "type": "Feature",
      "properties": {
        "file": "leg05_m036_b078_2026-06-17T15-14-44.jpg",
        "leg": "leg05",
        "mark_index": 36,
        "along_track_m": 36.0,
        "achieved_heading": 78.5266270031976,
        "target_bearing": 78.21825290677964,
        "fix_type": 6,
        "hacc_m": 0.014,
        "corrupt": false,
        "position_interpolated": true,
        "captured_at_utc": "2026-06-17T21:14:44.068161+00:00"
      },
      "geometry": {
        "type": "Point",
        "coordinates": [
          -114.01613413848774,
          46.69785984892098
        ]
      }
    },
    {
      "type": "Feature",
      "properties": {
        "file": "leg05_m037_b078_2026-06-17T15-14-45.jpg",
        "leg": "leg05",
        "mark_index": 37,
        "along_track_m": 37.0,
        "achieved_heading": 77.49431134187738,
        "target_bearing": 78.21825290677964,
        "fix_type": 6,
        "hacc_m": 0.014,
        "corrupt": false,
        "position_interpolated": true,
        "captured_at_utc": "2026-06-17T21:14:45.039245+00:00"
      },
      "geometry": {
        "type": "Point",
        "coordinates": [
          -114.01612233701266,
          46.697861547815876
        ]
      }
    },
    {
      "type": "Feature",
      "properties": {
        "file": "leg05_m038_b078_2026-06-17T15-14-46.jpg",
        "leg": "leg05",
        "mark_index": 38,
        "along_track_m": 38.0,
        "achieved_heading": 78.63219196371872,
        "target_bearing": 78.21825290677964,
        "fix_type": 6,
        "hacc_m": 0.014,
        "corrupt": false,
        "position_interpolated": true,
        "captured_at_utc": "2026-06-17T21:14:46.077558+00:00"
      },
      "geometry": {
        "type": "Point",
        "coordinates": [
          -114.01610976177668,
          46.69786323517961
        ]
      }
    },
    {
      "type": "Feature",
      "properties": {
        "file": "leg05_m039_b078_2026-06-17T15-14-47.jpg",
        "leg": "leg05",
        "mark_index": 39,
        "along_track_m": 39.0,
        "achieved_heading": 78.76792626630564,
        "target_bearing": 78.21825290677964,
        "fix_type": 6,
        "hacc_m": 0.014,
        "corrupt": false,
        "position_interpolated": true,
        "captured_at_utc": "2026-06-17T21:14:47.148597+00:00"
      },
      "geometry": {
        "type": "Point",
        "coordinates": [
          -114.01609699999999,
          46.6978651
        ]
      }
    },
    {
      "type": "Feature",
      "properties": {
        "file": "leg05_m040_b078_2026-06-17T15-14-48.jpg",
        "leg": "leg05",
        "mark_index": 40,
        "along_track_m": 40.0,
        "achieved_heading": 78.02740851816887,
        "target_bearing": 78.21825290677964,
        "fix_type": 6,
        "hacc_m": 0.014,
        "corrupt": false,
        "position_interpolated": true,
        "captured_at_utc": "2026-06-17T21:14:48.343456+00:00"
      },
      "geometry": {
        "type": "Point",
        "coordinates": [
          -114.01608309999999,
          46.6978672
        ]
      }
    },
    {
      "type": "Feature",
      "properties": {
        "file": "leg05_m041_b078_2026-06-17T15-14-49.jpg",
        "leg": "leg05",
        "mark_index": 41,
        "along_track_m": 41.0,
        "achieved_heading": 78.38727251167246,
        "target_bearing": 78.21825290677964,
        "fix_type": 6,
        "hacc_m": 0.014,
        "corrupt": false,
        "position_interpolated": true,
        "captured_at_utc": "2026-06-17T21:14:49.314539+00:00"
      },
      "geometry": {
        "type": "Point",
        "coordinates": [
          -114.0160714,
          46.697868899999996
        ]
      }
    },
    {
      "type": "Feature",
      "properties": {
        "file": "leg05_m042_b078_2026-06-17T15-14-50.jpg",
        "leg": "leg05",
        "mark_index": 42,
        "along_track_m": 42.0,
        "achieved_heading": 78.70631251324969,
        "target_bearing": 78.21825290677964,
        "fix_type": 6,
        "hacc_m": 0.014,
        "corrupt": false,
        "position_interpolated": true,
        "captured_at_utc": "2026-06-17T21:14:50.521210+00:00"
      },
      "geometry": {
        "type": "Point",
        "coordinates": [
          -114.01605721269911,
          46.69787109769107
        ]
      }
    },
    {
      "type": "Feature",
      "properties": {
        "file": "leg05_m043_b078_2026-06-17T15-14-51.jpg",
        "leg": "leg05",
        "mark_index": 43,
        "along_track_m": 43.0,
        "achieved_heading": 76.96043346163731,
        "target_bearing": 78.21825290677964,
        "fix_type": 6,
        "hacc_m": 0.014,
        "corrupt": false,
        "position_interpolated": true,
        "captured_at_utc": "2026-06-17T21:14:51.709618+00:00"
      },
      "geometry": {
        "type": "Point",
        "coordinates": [
          -114.01604335352361,
          46.69787308661909
        ]
      }
    },
    {
      "type": "Feature",
      "properties": {
        "file": "leg05_m045_b078_2026-06-17T15-14-57.jpg",
        "leg": "leg05",
        "mark_index": 45,
        "along_track_m": 45.0,
        "achieved_heading": 76.06082150626438,
        "target_bearing": 78.21825290677964,
        "fix_type": 6,
        "hacc_m": 0.014,
        "corrupt": false,
        "position_interpolated": true,
        "captured_at_utc": "2026-06-17T21:14:57.361828+00:00"
      },
      "geometry": {
        "type": "Point",
        "coordinates": [
          -114.01601939999999,
          46.6978778
        ]
      }
    },
    {
      "type": "Feature",
      "properties": {
        "file": "leg05_m046_b078_2026-06-17T15-14-59.jpg",
        "leg": "leg05",
        "mark_index": 46,
        "along_track_m": 46.0,
        "achieved_heading": 80.12406122339084,
        "target_bearing": 78.21825290677964,
        "fix_type": 6,
        "hacc_m": 0.014,
        "corrupt": false,
        "position_interpolated": true,
        "captured_at_utc": "2026-06-17T21:14:59.121094+00:00"
      },
      "geometry": {
        "type": "Point",
        "coordinates": [
          -114.0160082848497,
          46.697879301818034
        ]
      }
    },
    {
      "type": "Feature",
      "properties": {
        "file": "leg05_m047_b078_2026-06-17T15-15-00.jpg",
        "leg": "leg05",
        "mark_index": 47,
        "along_track_m": 47.0,
        "achieved_heading": 79.62142713621346,
        "target_bearing": 78.21825290677964,
        "fix_type": 6,
        "hacc_m": 0.014,
        "corrupt": false,
        "position_interpolated": true,
        "captured_at_utc": "2026-06-17T21:15:00.297667+00:00"
      },
      "geometry": {
        "type": "Point",
        "coordinates": [
          -114.0159942591384,
          46.69788107232375
        ]
      }
    },
    {
      "type": "Feature",
      "properties": {
        "file": "leg05_m048_b078_2026-06-17T15-15-01.jpg",
        "leg": "leg05",
        "mark_index": 48,
        "along_track_m": 48.0,
        "achieved_heading": 80.00090119696026,
        "target_bearing": 78.21825290677964,
        "fix_type": 6,
        "hacc_m": 0.014,
        "corrupt": false,
        "position_interpolated": true,
        "captured_at_utc": "2026-06-17T21:15:01.431923+00:00"
      },
      "geometry": {
        "type": "Point",
        "coordinates": [
          -114.01598100766238,
          46.697882942145675
        ]
      }
    },
    {
      "type": "Feature",
      "properties": {
        "file": "leg05_m049_b078_2026-06-17T15-15-02.jpg",
        "leg": "leg05",
        "mark_index": 49,
        "along_track_m": 49.0,
        "achieved_heading": 81.50679551077906,
        "target_bearing": 78.21825290677964,
        "fix_type": 6,
        "hacc_m": 0.014,
        "corrupt": false,
        "position_interpolated": true,
        "captured_at_utc": "2026-06-17T21:15:02.546742+00:00"
      },
      "geometry": {
        "type": "Point",
        "coordinates": [
          -114.0159681,
          46.6978842
        ]
      }
    },
    {
      "type": "Feature",
      "properties": {
        "file": "leg05_m050_b078_2026-06-17T15-15-03.jpg",
        "leg": "leg05",
        "mark_index": 50,
        "along_track_m": 50.0,
        "achieved_heading": 81.05492243186526,
        "target_bearing": 78.21825290677964,
        "fix_type": 6,
        "hacc_m": 0.014,
        "corrupt": false,
        "position_interpolated": true,
        "captured_at_utc": "2026-06-17T21:15:03.657480+00:00"
      },
      "geometry": {
        "type": "Point",
        "coordinates": [
          -114.01595490489237,
          46.697885621100994
        ]
      }
    },
    {
      "type": "Feature",
      "properties": {
        "file": "leg05_m051_b078_2026-06-17T15-15-04.jpg",
        "leg": "leg05",
        "mark_index": 51,
        "along_track_m": 51.0,
        "achieved_heading": 87.69305843470578,
        "target_bearing": 78.21825290677964,
        "fix_type": 6,
        "hacc_m": 0.014,
        "corrupt": false,
        "position_interpolated": true,
        "captured_at_utc": "2026-06-17T21:15:04.712050+00:00"
      },
      "geometry": {
        "type": "Point",
        "coordinates": [
          -114.0159425155808,
          46.69788689497475
        ]
      }
    },
    {
      "type": "Feature",
      "properties": {
        "file": "leg06_m000_b348_2026-06-17T15-15-10.jpg",
        "leg": "leg06",
        "mark_index": 0,
        "along_track_m": 0.0,
        "achieved_heading": 351.63439224984273,
        "target_bearing": 348.29101761210546,
        "fix_type": 6,
        "hacc_m": 0.014,
        "corrupt": false,
        "position_interpolated": true,
        "captured_at_utc": "2026-06-17T21:15:10.266818+00:00"
      },
      "geometry": {
        "type": "Point",
        "coordinates": [
          -114.01593849999999,
          46.697889599999996
        ]
      }
    },
    {
      "type": "Feature",
      "properties": {
        "file": "leg06_m001_b348_2026-06-17T15-15-11.jpg",
        "leg": "leg06",
        "mark_index": 1,
        "along_track_m": 1.0,
        "achieved_heading": 346.70323098604933,
        "target_bearing": 348.29101761210546,
        "fix_type": 6,
        "hacc_m": 0.014,
        "corrupt": false,
        "position_interpolated": true,
        "captured_at_utc": "2026-06-17T21:15:11.479548+00:00"
      },
      "geometry": {
        "type": "Point",
        "coordinates": [
          -114.01594045232531,
          46.69789612984341
        ]
      }
    },
    {
      "type": "Feature",
      "properties": {
        "file": "leg06_m002_b348_2026-06-17T15-15-12.jpg",
        "leg": "leg06",
        "mark_index": 2,
        "along_track_m": 2.0,
        "achieved_heading": 341.0127860521485,
        "target_bearing": 348.29101761210546,
        "fix_type": 6,
        "hacc_m": 0.014,
        "corrupt": false,
        "position_interpolated": true,
        "captured_at_utc": "2026-06-17T21:15:12.553607+00:00"
      },
      "geometry": {
        "type": "Point",
        "coordinates": [
          -114.0159427,
          46.697904799999996
        ]
      }
    },
    {
      "type": "Feature",
      "properties": {
        "file": "leg06_m003_b348_2026-06-17T15-15-13.jpg",
        "leg": "leg06",
        "mark_index": 3,
        "along_track_m": 3.0,
        "achieved_heading": 335.90578404102945,
        "target_bearing": 348.29101761210546,
        "fix_type": 6,
        "hacc_m": 0.014,
        "corrupt": false,
        "position_interpolated": true,
        "captured_at_utc": "2026-06-17T21:15:13.539530+00:00"
      },
      "geometry": {
        "type": "Point",
        "coordinates": [
          -114.01594639999999,
          46.697913
        ]
      }
    },
    {
      "type": "Feature",
      "properties": {
        "file": "leg06_m004_b348_2026-06-17T15-15-14.jpg",
        "leg": "leg06",
        "mark_index": 4,
        "along_track_m": 4.0,
        "achieved_heading": 337.3751916024219,
        "target_bearing": 348.29101761210546,
        "fix_type": 6,
        "hacc_m": 0.014,
        "corrupt": false,
        "position_interpolated": true,
        "captured_at_utc": "2026-06-17T21:15:14.603155+00:00"
      },
      "geometry": {
        "type": "Point",
        "coordinates": [
          -114.0159513,
          46.6979209
        ]
      }
    },
    {
      "type": "Feature",
      "properties": {
        "file": "leg06_m005_b348_2026-06-17T15-15-15.jpg",
        "leg": "leg06",
        "mark_index": 5,
        "along_track_m": 4.797,
        "achieved_heading": 344.9837116657076,
        "target_bearing": 348.29101761210546,
        "fix_type": 6,
        "hacc_m": 0.014,
        "corrupt": false,
        "position_interpolated": true,
        "captured_at_utc": "2026-06-17T21:15:15.348175+00:00"
      },
      "geometry": {
        "type": "Point",
        "coordinates": [
          -114.0159547,
          46.6979277
        ]
      }
    },
    {
      "type": "Feature",
      "properties": {
        "file": "leg07_m000_b258_2026-06-17T15-15-19.jpg",
        "leg": "leg07",
        "mark_index": 0,
        "along_track_m": 0.0,
        "achieved_heading": 256.6863317736867,
        "target_bearing": 258.21872176833153,
        "fix_type": 6,
        "hacc_m": 0.014,
        "corrupt": false,
        "position_interpolated": true,
        "captured_at_utc": "2026-06-17T21:15:19.911713+00:00"
      },
      "geometry": {
        "type": "Point",
        "coordinates": [
          -114.01595879999999,
          46.697930299999996
        ]
      }
    },
    {
      "type": "Feature",
      "properties": {
        "file": "leg07_m001_b258_2026-06-17T15-15-21.jpg",
        "leg": "leg07",
        "mark_index": 1,
        "along_track_m": 1.0,
        "achieved_heading": 254.73609803062035,
        "target_bearing": 258.21872176833153,
        "fix_type": 6,
        "hacc_m": 0.014,
        "corrupt": false,
        "position_interpolated": true,
        "captured_at_utc": "2026-06-17T21:15:21.027311+00:00"
      },
      "geometry": {
        "type": "Point",
        "coordinates": [
          -114.01596743664935,
          46.697929572348244
        ]
      }
    },
    {
      "type": "Feature",
      "properties": {
        "file": "leg07_m002_b258_2026-06-17T15-15-22.jpg",
        "leg": "leg07",
        "mark_index": 2,
        "along_track_m": 2.0,
        "achieved_heading": 251.94350173715273,
        "target_bearing": 258.21872176833153,
        "fix_type": 6,
        "hacc_m": 0.014,
        "corrupt": false,
        "position_interpolated": true,
        "captured_at_utc": "2026-06-17T21:15:22.081526+00:00"
      },
      "geometry": {
        "type": "Point",
        "coordinates": [
          -114.01598058206766,
          46.69792793634194
        ]
      }
    },
    {
      "type": "Feature",
      "properties": {
        "file": "leg07_m003_b258_2026-06-17T15-15-23.jpg",
        "leg": "leg07",
        "mark_index": 3,
        "along_track_m": 3.0,
        "achieved_heading": 248.4471986797054,
        "target_bearing": 258.21872176833153,
        "fix_type": 6,
        "hacc_m": 0.014,
        "corrupt": false,
        "position_interpolated": true,
        "captured_at_utc": "2026-06-17T21:15:23.114978+00:00"
      },
      "geometry": {
        "type": "Point",
        "coordinates": [
          -114.01599348265468,
          46.69792560321209
        ]
      }
    },
    {
      "type": "Feature",
      "properties": {
        "file": "leg07_m004_b258_2026-06-17T15-15-24.jpg",
        "leg": "leg07",
        "mark_index": 4,
        "along_track_m": 4.0,
        "achieved_heading": 247.85265893108175,
        "target_bearing": 258.21872176833153,
        "fix_type": 6,
        "hacc_m": 0.014,
        "corrupt": false,
        "position_interpolated": true,
        "captured_at_utc": "2026-06-17T21:15:24.096938+00:00"
      },
      "geometry": {
        "type": "Point",
        "coordinates": [
          -114.01600559246174,
          46.697923143934034
        ]
      }
    },
    {
      "type": "Feature",
      "properties": {
        "file": "leg07_m005_b258_2026-06-17T15-15-25.jpg",
        "leg": "leg07",
        "mark_index": 5,
        "along_track_m": 5.0,
        "achieved_heading": 249.16407128139676,
        "target_bearing": 258.21872176833153,
        "fix_type": 6,
        "hacc_m": 0.014,
        "corrupt": false,
        "position_interpolated": true,
        "captured_at_utc": "2026-06-17T21:15:25.073674+00:00"
      },
      "geometry": {
        "type": "Point",
        "coordinates": [
          -114.0160178012992,
          46.697920495904
        ]
      }
    },
    {
      "type": "Feature",
      "properties": {
        "file": "leg07_m006_b258_2026-06-17T15-15-26.jpg",
        "leg": "leg07",
        "mark_index": 6,
        "along_track_m": 6.0,
        "achieved_heading": 251.87002703375435,
        "target_bearing": 258.21872176833153,
        "fix_type": 6,
        "hacc_m": 0.014,
        "corrupt": false,
        "position_interpolated": true,
        "captured_at_utc": "2026-06-17T21:15:26.208157+00:00"
      },
      "geometry": {
        "type": "Point",
        "coordinates": [
          -114.0160307,
          46.697918099999995
        ]
      }
    },
    {
      "type": "Feature",
      "properties": {
        "file": "leg07_m007_b258_2026-06-17T15-15-27.jpg",
        "leg": "leg07",
        "mark_index": 7,
        "along_track_m": 7.0,
        "achieved_heading": 252.5752335846387,
        "target_bearing": 258.21872176833153,
        "fix_type": 6,
        "hacc_m": 0.014,
        "corrupt": false,
        "position_interpolated": true,
        "captured_at_utc": "2026-06-17T21:15:27.119572+00:00"
      },
      "geometry": {
        "type": "Point",
        "coordinates": [
          -114.0160435,
          46.6979159
        ]
      }
    },
    {
      "type": "Feature",
      "properties": {
        "file": "leg07_m008_b258_2026-06-17T15-15-28.jpg",
        "leg": "leg07",
        "mark_index": 8,
        "along_track_m": 8.0,
        "achieved_heading": 253.98002596890854,
        "target_bearing": 258.21872176833153,
        "fix_type": 6,
        "hacc_m": 0.014,
        "corrupt": false,
        "position_interpolated": true,
        "captured_at_utc": "2026-06-17T21:15:28.162069+00:00"
      },
      "geometry": {
        "type": "Point",
        "coordinates": [
          -114.01605599999999,
          46.6979141
        ]
      }
    },
    {
      "type": "Feature",
      "properties": {
        "file": "leg07_m009_b258_2026-06-17T15-15-29.jpg",
        "leg": "leg07",
        "mark_index": 9,
        "along_track_m": 9.0,
        "achieved_heading": 254.48109289705457,
        "target_bearing": 258.21872176833153,
        "fix_type": 6,
        "hacc_m": 0.014,
        "corrupt": false,
        "position_interpolated": true,
        "captured_at_utc": "2026-06-17T21:15:29.203788+00:00"
      },
      "geometry": {
        "type": "Point",
        "coordinates": [
          -114.01606869999999,
          46.6979122
        ]
      }
    },
    {
      "type": "Feature",
      "properties": {
        "file": "leg07_m010_b258_2026-06-17T15-15-30.jpg",
        "leg": "leg07",
        "mark_index": 10,
        "along_track_m": 10.0,
        "achieved_heading": 255.5309122297349,
        "target_bearing": 258.21872176833153,
        "fix_type": 6,
        "hacc_m": 0.014,
        "corrupt": false,
        "position_interpolated": true,
        "captured_at_utc": "2026-06-17T21:15:30.127299+00:00"
      },
      "geometry": {
        "type": "Point",
        "coordinates": [
          -114.0160818,
          46.6979104
        ]
      }
    },
    {
      "type": "Feature",
      "properties": {
        "file": "leg07_m011_b258_2026-06-17T15-15-31.jpg",
        "leg": "leg07",
        "mark_index": 11,
        "along_track_m": 11.0,
        "achieved_heading": 254.1800406700866,
        "target_bearing": 258.21872176833153,
        "fix_type": 6,
        "hacc_m": 0.014,
        "corrupt": false,
        "position_interpolated": true,
        "captured_at_utc": "2026-06-17T21:15:31.170972+00:00"
      },
      "geometry": {
        "type": "Point",
        "coordinates": [
          -114.01609429999999,
          46.6979087
        ]
      }
    },
    {
      "type": "Feature",
      "properties": {
        "file": "leg07_m012_b258_2026-06-17T15-15-32.jpg",
        "leg": "leg07",
        "mark_index": 12,
        "along_track_m": 12.0,
        "achieved_heading": 253.07870369375507,
        "target_bearing": 258.21872176833153,
        "fix_type": 6,
        "hacc_m": 0.014,
        "corrupt": false,
        "position_interpolated": true,
        "captured_at_utc": "2026-06-17T21:15:32.230559+00:00"
      },
      "geometry": {
        "type": "Point",
        "coordinates": [
          -114.0161073,
          46.697906599999996
        ]
      }
    },
    {
      "type": "Feature",
      "properties": {
        "file": "leg07_m013_b258_2026-06-17T15-15-33.jpg",
        "leg": "leg07",
        "mark_index": 13,
        "along_track_m": 13.0,
        "achieved_heading": 253.3163056348637,
        "target_bearing": 258.21872176833153,
        "fix_type": 6,
        "hacc_m": 0.014,
        "corrupt": false,
        "position_interpolated": true,
        "captured_at_utc": "2026-06-17T21:15:33.128575+00:00"
      },
      "geometry": {
        "type": "Point",
        "coordinates": [
          -114.0161198,
          46.6979045
        ]
      }
    },
    {
      "type": "Feature",
      "properties": {
        "file": "leg07_m014_b258_2026-06-17T15-15-34.jpg",
        "leg": "leg07",
        "mark_index": 14,
        "along_track_m": 14.0,
        "achieved_heading": 255.14853151401235,
        "target_bearing": 258.21872176833153,
        "fix_type": 6,
        "hacc_m": 0.014,
        "corrupt": false,
        "position_interpolated": true,
        "captured_at_utc": "2026-06-17T21:15:34.189342+00:00"
      },
      "geometry": {
        "type": "Point",
        "coordinates": [
          -114.0161325,
          46.6979024
        ]
      }
    },
    {
      "type": "Feature",
      "properties": {
        "file": "leg07_m015_b258_2026-06-17T15-15-35.jpg",
        "leg": "leg07",
        "mark_index": 15,
        "along_track_m": 15.0,
        "achieved_heading": 255.42105481549834,
        "target_bearing": 258.21872176833153,
        "fix_type": 6,
        "hacc_m": 0.014,
        "corrupt": false,
        "position_interpolated": true,
        "captured_at_utc": "2026-06-17T21:15:35.164098+00:00"
      },
      "geometry": {
        "type": "Point",
        "coordinates": [
          -114.01614583703449,
          46.69790085099735
        ]
      }
    },
    {
      "type": "Feature",
      "properties": {
        "file": "leg07_m016_b258_2026-06-17T15-15-36.jpg",
        "leg": "leg07",
        "mark_index": 16,
        "along_track_m": 16.0,
        "achieved_heading": 254.6092838592245,
        "target_bearing": 258.21872176833153,
        "fix_type": 6,
        "hacc_m": 0.014,
        "corrupt": false,
        "position_interpolated": true,
        "captured_at_utc": "2026-06-17T21:15:36.214503+00:00"
      },
      "geometry": {
        "type": "Point",
        "coordinates": [
          -114.01615918376578,
          46.6978988027057
        ]
      }
    },
    {
      "type": "Feature",
      "properties": {
        "file": "leg07_m017_b258_2026-06-17T15-15-37.jpg",
        "leg": "leg07",
        "mark_index": 17,
        "along_track_m": 17.0,
        "achieved_heading": 255.50611950087068,
        "target_bearing": 258.21872176833153,
        "fix_type": 6,
        "hacc_m": 0.014,
        "corrupt": false,
        "position_interpolated": true,
        "captured_at_utc": "2026-06-17T21:15:37.274221+00:00"
      },
      "geometry": {
        "type": "Point",
        "coordinates": [
          -114.01617249400763,
          46.697896744888325
        ]
      }
    },
    {
      "type": "Feature",
      "properties": {
        "file": "leg07_m018_b258_2026-06-17T15-15-38.jpg",
        "leg": "leg07",
        "mark_index": 18,
        "along_track_m": 18.0,
        "achieved_heading": 256.25736891797607,
        "target_bearing": 258.21872176833153,
        "fix_type": 6,
        "hacc_m": 0.014,
        "corrupt": false,
        "position_interpolated": true,
        "captured_at_utc": "2026-06-17T21:15:38.251350+00:00"
      },
      "geometry": {
        "type": "Point",
        "coordinates": [
          -114.01618528307681,
          46.69789489076924
        ]
      }
    },
    {
      "type": "Feature",
      "properties": {
        "file": "leg07_m019_b258_2026-06-17T15-15-39.jpg",
        "leg": "leg07",
        "mark_index": 19,
        "along_track_m": 19.0,
        "achieved_heading": 255.4769695045295,
        "target_bearing": 258.21872176833153,
        "fix_type": 6,
        "hacc_m": 0.014,
        "corrupt": false,
        "position_interpolated": true,
        "captured_at_utc": "2026-06-17T21:15:39.224667+00:00"
      },
      "geometry": {
        "type": "Point",
        "coordinates": [
          -114.01619801070207,
          46.69789347428767
        ]
      }
    },
    {
      "type": "Feature",
      "properties": {
        "file": "leg07_m020_b258_2026-06-17T15-15-40.jpg",
        "leg": "leg07",
        "mark_index": 20,
        "along_track_m": 20.0,
        "achieved_heading": 254.28641166202542,
        "target_bearing": 258.21872176833153,
        "fix_type": 6,
        "hacc_m": 0.014,
        "corrupt": false,
        "position_interpolated": true,
        "captured_at_utc": "2026-06-17T21:15:40.350903+00:00"
      },
      "geometry": {
        "type": "Point",
        "coordinates": [
          -114.01621139999999,
          46.697891399999996
        ]
      }
    },
    {
      "type": "Feature",
      "properties": {
        "file": "leg07_m021_b258_2026-06-17T15-15-41.jpg",
        "leg": "leg07",
        "mark_index": 21,
        "along_track_m": 21.0,
        "achieved_heading": 254.68559041316212,
        "target_bearing": 258.21872176833153,
        "fix_type": 6,
        "hacc_m": 0.014,
        "corrupt": false,
        "position_interpolated": true,
        "captured_at_utc": "2026-06-17T21:15:41.331802+00:00"
      },
      "geometry": {
        "type": "Point",
        "coordinates": [
          -114.01622409999999,
          46.697889499999995
        ]
      }
    },
    {
      "type": "Feature",
      "properties": {
        "file": "leg07_m022_b258_2026-06-17T15-15-42.jpg",
        "leg": "leg07",
        "mark_index": 22,
        "along_track_m": 22.0,
        "achieved_heading": 254.48581391326584,
        "target_bearing": 258.21872176833153,
        "fix_type": 6,
        "hacc_m": 0.014,
        "corrupt": false,
        "position_interpolated": true,
        "captured_at_utc": "2026-06-17T21:15:42.304488+00:00"
      },
      "geometry": {
        "type": "Point",
        "coordinates": [
          -114.01623695832188,
          46.69788750694635
        ]
      }
    },
    {
      "type": "Feature",
      "properties": {
        "file": "leg07_m023_b258_2026-06-17T15-15-43.jpg",
        "leg": "leg07",
        "mark_index": 23,
        "along_track_m": 23.0,
        "achieved_heading": 256.8201750968392,
        "target_bearing": 258.21872176833153,
        "fix_type": 6,
        "hacc_m": 0.014,
        "corrupt": false,
        "position_interpolated": true,
        "captured_at_utc": "2026-06-17T21:15:43.217877+00:00"
      },
      "geometry": {
        "type": "Point",
        "coordinates": [
          -114.01624879471697,
          46.69788583178519
        ]
      }
    },
    {
      "type": "Feature",
      "properties": {
        "file": "leg07_m024_b258_2026-06-17T15-15-44.jpg",
        "leg": "leg07",
        "mark_index": 24,
        "along_track_m": 24.0,
        "achieved_heading": 256.9119802479,
        "target_bearing": 258.21872176833153,
        "fix_type": 6,
        "hacc_m": 0.014,
        "corrupt": false,
        "position_interpolated": true,
        "captured_at_utc": "2026-06-17T21:15:44.187562+00:00"
      },
      "geometry": {
        "type": "Point",
        "coordinates": [
          -114.01626148948952,
          46.6978842221021
        ]
      }
    },
    {
      "type": "Feature",
      "properties": {
        "file": "leg07_m025_b258_2026-06-17T15-15-45.jpg",
        "leg": "leg07",
        "mark_index": 25,
        "along_track_m": 25.0,
        "achieved_heading": 254.7029705760438,
        "target_bearing": 258.21872176833153,
        "fix_type": 6,
        "hacc_m": 0.014,
        "corrupt": false,
        "position_interpolated": true,
        "captured_at_utc": "2026-06-17T21:15:45.234015+00:00"
      },
      "geometry": {
        "type": "Point",
        "coordinates": [
          -114.01627483436307,
          46.69788233175286
        ]
      }
    },
    {
      "type": "Feature",
      "properties": {
        "file": "leg07_m026_b258_2026-06-17T15-15-46.jpg",
        "leg": "leg07",
        "mark_index": 26,
        "along_track_m": 26.0,
        "achieved_heading": 255.3834589492801,
        "target_bearing": 258.21872176833153,
        "fix_type": 6,
        "hacc_m": 0.014,
        "corrupt": false,
        "position_interpolated": true,
        "captured_at_utc": "2026-06-17T21:15:46.285190+00:00"
      },
      "geometry": {
        "type": "Point",
        "coordinates": [
          -114.01628858583511,
          46.697879972499585
        ]
      }
    },
    {
      "type": "Feature",
      "properties": {
        "file": "leg07_m027_b258_2026-06-17T15-15-47.jpg",
        "leg": "leg07",
        "mark_index": 27,
        "along_track_m": 27.0,
        "achieved_heading": 256.95492979216357,
        "target_bearing": 258.21872176833153,
        "fix_type": 6,
        "hacc_m": 0.014,
        "corrupt": false,
        "position_interpolated": true,
        "captured_at_utc": "2026-06-17T21:15:47.277480+00:00"
      },
      "geometry": {
        "type": "Point",
        "coordinates": [
          -114.01630119482158,
          46.697878164828545
        ]
      }
    },
    {
      "type": "Feature",
      "properties": {
        "file": "leg07_m028_b258_2026-06-17T15-15-48.jpg",
        "leg": "leg07",
        "mark_index": 28,
        "along_track_m": 28.0,
        "achieved_heading": 257.69030851036666,
        "target_bearing": 258.21872176833153,
        "fix_type": 6,
        "hacc_m": 0.014,
        "corrupt": false,
        "position_interpolated": true,
        "captured_at_utc": "2026-06-17T21:15:48.251536+00:00"
      },
      "geometry": {
        "type": "Point",
        "coordinates": [
          -114.01631345907927,
          46.697876318547316
        ]
      }
    },
    {
      "type": "Feature",
      "properties": {
        "file": "leg07_m029_b258_2026-06-17T15-15-49.jpg",
        "leg": "leg07",
        "mark_index": 29,
        "along_track_m": 29.0,
        "achieved_heading": 257.5300435899313,
        "target_bearing": 258.21872176833153,
        "fix_type": 6,
        "hacc_m": 0.014,
        "corrupt": false,
        "position_interpolated": true,
        "captured_at_utc": "2026-06-17T21:15:49.231984+00:00"
      },
      "geometry": {
        "type": "Point",
        "coordinates": [
          -114.01632630480448,
          46.69787475923128
        ]
      }
    },
    {
      "type": "Feature",
      "properties": {
        "file": "leg07_m030_b258_2026-06-17T15-15-50.jpg",
        "leg": "leg07",
        "mark_index": 30,
        "along_track_m": 30.0,
        "achieved_heading": 257.8183740019079,
        "target_bearing": 258.21872176833153,
        "fix_type": 6,
        "hacc_m": 0.014,
        "corrupt": false,
        "position_interpolated": true,
        "captured_at_utc": "2026-06-17T21:15:50.293365+00:00"
      },
      "geometry": {
        "type": "Point",
        "coordinates": [
          -114.01633980982389,
          46.69787281521409
        ]
      }
    },
    {
      "type": "Feature",
      "properties": {
        "file": "leg07_m031_b258_2026-06-17T15-15-51.jpg",
        "leg": "leg07",
        "mark_index": 31,
        "along_track_m": 31.0,
        "achieved_heading": 257.41750776380457,
        "target_bearing": 258.21872176833153,
        "fix_type": 6,
        "hacc_m": 0.014,
        "corrupt": false,
        "position_interpolated": true,
        "captured_at_utc": "2026-06-17T21:15:51.336362+00:00"
      },
      "geometry": {
        "type": "Point",
        "coordinates": [
          -114.01635259999999,
          46.6978711
        ]
      }
    },
    {
      "type": "Feature",
      "properties": {
        "file": "leg07_m032_b258_2026-06-17T15-15-52.jpg",
        "leg": "leg07",
        "mark_index": 32,
        "along_track_m": 32.0,
        "achieved_heading": 256.9548264293405,
        "target_bearing": 258.21872176833153,
        "fix_type": 6,
        "hacc_m": 0.014,
        "corrupt": false,
        "position_interpolated": true,
        "captured_at_utc": "2026-06-17T21:15:52.320364+00:00"
      },
      "geometry": {
        "type": "Point",
        "coordinates": [
          -114.0163652,
          46.697869
        ]
      }
    },
    {
      "type": "Feature",
      "properties": {
        "file": "leg07_m033_b258_2026-06-17T15-15-53.jpg",
        "leg": "leg07",
        "mark_index": 33,
        "along_track_m": 33.0,
        "achieved_heading": 257.5137819584885,
        "target_bearing": 258.21872176833153,
        "fix_type": 6,
        "hacc_m": 0.014,
        "corrupt": false,
        "position_interpolated": true,
        "captured_at_utc": "2026-06-17T21:15:53.293592+00:00"
      },
      "geometry": {
        "type": "Point",
        "coordinates": [
          -114.016377003983,
          46.69786742352204
        ]
      }
    },
    {
      "type": "Feature",
      "properties": {
        "file": "leg07_m034_b258_2026-06-17T15-15-54.jpg",
        "leg": "leg07",
        "mark_index": 34,
        "along_track_m": 34.0,
        "achieved_heading": 257.2133732302455,
        "target_bearing": 258.21872176833153,
        "fix_type": 6,
        "hacc_m": 0.014,
        "corrupt": false,
        "position_interpolated": true,
        "captured_at_utc": "2026-06-17T21:15:54.274654+00:00"
      },
      "geometry": {
        "type": "Point",
        "coordinates": [
          -114.01638928443361,
          46.697865551945796
        ]
      }
    },
    {
      "type": "Feature",
      "properties": {
        "file": "leg07_m035_b258_2026-06-17T15-15-55.jpg",
        "leg": "leg07",
        "mark_index": 35,
        "along_track_m": 35.0,
        "achieved_heading": 257.12411699159736,
        "target_bearing": 258.21872176833153,
        "fix_type": 6,
        "hacc_m": 0.014,
        "corrupt": false,
        "position_interpolated": true,
        "captured_at_utc": "2026-06-17T21:15:55.316128+00:00"
      },
      "geometry": {
        "type": "Point",
        "coordinates": [
          -114.0164021,
          46.6978636
        ]
      }
    },
    {
      "type": "Feature",
      "properties": {
        "file": "leg07_m036_b258_2026-06-17T15-15-56.jpg",
        "leg": "leg07",
        "mark_index": 36,
        "along_track_m": 36.0,
        "achieved_heading": 258.71984476510875,
        "target_bearing": 258.21872176833153,
        "fix_type": 6,
        "hacc_m": 0.014,
        "corrupt": false,
        "position_interpolated": true,
        "captured_at_utc": "2026-06-17T21:15:56.308741+00:00"
      },
      "geometry": {
        "type": "Point",
        "coordinates": [
          -114.01641487120908,
          46.69786170553672
        ]
      }
    },
    {
      "type": "Feature",
      "properties": {
        "file": "leg07_m037_b258_2026-06-17T15-15-57.jpg",
        "leg": "leg07",
        "mark_index": 37,
        "along_track_m": 37.0,
        "achieved_heading": 258.5025313613951,
        "target_bearing": 258.21872176833153,
        "fix_type": 6,
        "hacc_m": 0.014,
        "corrupt": false,
        "position_interpolated": true,
        "captured_at_utc": "2026-06-17T21:15:57.365996+00:00"
      },
      "geometry": {
        "type": "Point",
        "coordinates": [
          -114.01642779999999,
          46.6978602
        ]
      }
    },
    {
      "type": "Feature",
      "properties": {
        "file": "leg07_m038_b258_2026-06-17T15-15-58.jpg",
        "leg": "leg07",
        "mark_index": 38,
        "along_track_m": 38.0,
        "achieved_heading": 254.9752125126192,
        "target_bearing": 258.21872176833153,
        "fix_type": 6,
        "hacc_m": 0.014,
        "corrupt": false,
        "position_interpolated": true,
        "captured_at_utc": "2026-06-17T21:15:58.406714+00:00"
      },
      "geometry": {
        "type": "Point",
        "coordinates": [
          -114.01644142687145,
          46.697858213296094
        ]
      }
    },
    {
      "type": "Feature",
      "properties": {
        "file": "leg07_m039_b258_2026-06-17T15-15-59.jpg",
        "leg": "leg07",
        "mark_index": 39,
        "along_track_m": 39.0,
        "achieved_heading": 255.70541660108796,
        "target_bearing": 258.21872176833153,
        "fix_type": 6,
        "hacc_m": 0.014,
        "corrupt": false,
        "position_interpolated": true,
        "captured_at_utc": "2026-06-17T21:15:59.380395+00:00"
      },
      "geometry": {
        "type": "Point",
        "coordinates": [
          -114.01645390640006,
          46.69785621116665
        ]
      }
    },
    {
      "type": "Feature",
      "properties": {
        "file": "leg07_m040_b258_2026-06-17T15-16-00.jpg",
        "leg": "leg07",
        "mark_index": 40,
        "along_track_m": 40.0,
        "achieved_heading": 256.23698812968354,
        "target_bearing": 258.21872176833153,
        "fix_type": 6,
        "hacc_m": 0.014,
        "corrupt": false,
        "position_interpolated": true,
        "captured_at_utc": "2026-06-17T21:16:00.560653+00:00"
      },
      "geometry": {
        "type": "Point",
        "coordinates": [
          -114.01646799999999,
          46.6978539
        ]
      }
    },
    {
      "type": "Feature",
      "properties": {
        "file": "leg07_m041_b258_2026-06-17T15-16-01.jpg",
        "leg": "leg07",
        "mark_index": 41,
        "along_track_m": 41.0,
        "achieved_heading": 257.9627135215077,
        "target_bearing": 258.21872176833153,
        "fix_type": 6,
        "hacc_m": 0.014,
        "corrupt": false,
        "position_interpolated": true,
        "captured_at_utc": "2026-06-17T21:16:01.474048+00:00"
      },
      "geometry": {
        "type": "Point",
        "coordinates": [
          -114.01648024329535,
          46.69785205480456
        ]
      }
    },
    {
      "type": "Feature",
      "properties": {
        "file": "leg07_m042_b258_2026-06-17T15-16-02.jpg",
        "leg": "leg07",
        "mark_index": 42,
        "along_track_m": 42.0,
        "achieved_heading": 258.87626176254497,
        "target_bearing": 258.21872176833153,
        "fix_type": 6,
        "hacc_m": 0.014,
        "corrupt": false,
        "position_interpolated": true,
        "captured_at_utc": "2026-06-17T21:16:02.466142+00:00"
      },
      "geometry": {
        "type": "Point",
        "coordinates": [
          -114.01649288095292,
          46.69785027428565
        ]
      }
    },
    {
      "type": "Feature",
      "properties": {
        "file": "leg07_m043_b258_2026-06-17T15-16-03.jpg",
        "leg": "leg07",
        "mark_index": 43,
        "along_track_m": 43.0,
        "achieved_heading": 258.1563603594613,
        "target_bearing": 258.21872176833153,
        "fix_type": 6,
        "hacc_m": 0.014,
        "corrupt": false,
        "position_interpolated": true,
        "captured_at_utc": "2026-06-17T21:16:03.447024+00:00"
      },
      "geometry": {
        "type": "Point",
        "coordinates": [
          -114.01650557011483,
          46.69784869220946
        ]
      }
    },
    {
      "type": "Feature",
      "properties": {
        "file": "leg07_m044_b258_2026-06-17T15-16-04.jpg",
        "leg": "leg07",
        "mark_index": 44,
        "along_track_m": 44.0,
        "achieved_heading": 256.49798531100123,
        "target_bearing": 258.21872176833153,
        "fix_type": 6,
        "hacc_m": 0.014,
        "corrupt": false,
        "position_interpolated": true,
        "captured_at_utc": "2026-06-17T21:16:04.491384+00:00"
      },
      "geometry": {
        "type": "Point",
        "coordinates": [
          -114.01651867335562,
          46.69784685025298
        ]
      }
    },
    {
      "type": "Feature",
      "properties": {
        "file": "leg07_m045_b258_2026-06-17T15-16-05.jpg",
        "leg": "leg07",
        "mark_index": 45,
        "along_track_m": 45.0,
        "achieved_heading": 258.12632664675016,
        "target_bearing": 258.21872176833153,
        "fix_type": 6,
        "hacc_m": 0.014,
        "corrupt": false,
        "position_interpolated": true,
        "captured_at_utc": "2026-06-17T21:16:05.543890+00:00"
      },
      "geometry": {
        "type": "Point",
        "coordinates": [
          -114.01653189999999,
          46.697845
        ]
      }
    },
    {
      "type": "Feature",
      "properties": {
        "file": "leg07_m046_b258_2026-06-17T15-16-06.jpg",
        "leg": "leg07",
        "mark_index": 46,
        "along_track_m": 46.0,
        "achieved_heading": 258.1030343028599,
        "target_bearing": 258.21872176833153,
        "fix_type": 6,
        "hacc_m": 0.014,
        "corrupt": false,
        "position_interpolated": true,
        "captured_at_utc": "2026-06-17T21:16:06.449266+00:00"
      },
      "geometry": {
        "type": "Point",
        "coordinates": [
          -114.01654363750848,
          46.69784376354096
        ]
      }
    },
    {
      "type": "Feature",
      "properties": {
        "file": "leg07_m047_b258_2026-06-17T15-16-07.jpg",
        "leg": "leg07",
        "mark_index": 47,
        "along_track_m": 47.0,
        "achieved_heading": 256.24376104145904,
        "target_bearing": 258.21872176833153,
        "fix_type": 6,
        "hacc_m": 0.014,
        "corrupt": false,
        "position_interpolated": true,
        "captured_at_utc": "2026-06-17T21:16:07.439589+00:00"
      },
      "geometry": {
        "type": "Point",
        "coordinates": [
          -114.01655668211606,
          46.69784200223549
        ]
      }
    },
    {
      "type": "Feature",
      "properties": {
        "file": "leg07_m048_b258_2026-06-17T15-16-08.jpg",
        "leg": "leg07",
        "mark_index": 48,
        "along_track_m": 48.0,
        "achieved_heading": 255.35665827801785,
        "target_bearing": 258.21872176833153,
        "fix_type": 6,
        "hacc_m": 0.014,
        "corrupt": false,
        "position_interpolated": true,
        "captured_at_utc": "2026-06-17T21:16:08.488727+00:00"
      },
      "geometry": {
        "type": "Point",
        "coordinates": [
          -114.01656957075129,
          46.697839868593476
        ]
      }
    },
    {
      "type": "Feature",
      "properties": {
        "file": "leg07_m049_b258_2026-06-17T15-16-09.jpg",
        "leg": "leg07",
        "mark_index": 49,
        "along_track_m": 49.0,
        "achieved_heading": 257.265059273356,
        "target_bearing": 258.21872176833153,
        "fix_type": 6,
        "hacc_m": 0.014,
        "corrupt": false,
        "position_interpolated": true,
        "captured_at_utc": "2026-06-17T21:16:09.533368+00:00"
      },
      "geometry": {
        "type": "Point",
        "coordinates": [
          -114.0165832,
          46.6978377
        ]
      }
    },
    {
      "type": "Feature",
      "properties": {
        "file": "leg07_m050_b258_2026-06-17T15-16-10.jpg",
        "leg": "leg07",
        "mark_index": 50,
        "along_track_m": 50.0,
        "achieved_heading": 260.53736253231017,
        "target_bearing": 258.21872176833153,
        "fix_type": 6,
        "hacc_m": 0.014,
        "corrupt": false,
        "position_interpolated": true,
        "captured_at_utc": "2026-06-17T21:16:10.516414+00:00"
      },
      "geometry": {
        "type": "Point",
        "coordinates": [
          -114.01659568125986,
          46.697836202248816
        ]
      }
    },
    {
      "type": "Feature",
      "properties": {
        "file": "leg07_m051_b258_2026-06-17T15-16-11.jpg",
        "leg": "leg07",
        "mark_index": 51,
        "along_track_m": 51.0,
        "achieved_heading": 265.03837513211386,
        "target_bearing": 258.21872176833153,
        "fix_type": 6,
        "hacc_m": 0.014,
        "corrupt": false,
        "position_interpolated": true,
        "captured_at_utc": "2026-06-17T21:16:11.489016+00:00"
      },
      "geometry": {
        "type": "Point",
        "coordinates": [
          -114.01660806407449,
          46.697835209437024
        ]
      }
    },
    {
      "type": "Feature",
      "properties": {
        "file": "leg08_m000_b348_2026-06-17T15-16-14.jpg",
        "leg": "leg08",
        "mark_index": 0,
        "along_track_m": 0.0,
        "achieved_heading": 349.61336282072887,
        "target_bearing": 348.290528300129,
        "fix_type": 6,
        "hacc_m": 0.014,
        "corrupt": false,
        "position_interpolated": true,
        "captured_at_utc": "2026-06-17T21:16:14.511094+00:00"
      },
      "geometry": {
        "type": "Point",
        "coordinates": [
          -114.01661580356152,
          46.697833592876954
        ]
      }
    },
    {
      "type": "Feature",
      "properties": {
        "file": "leg08_m001_b348_2026-06-17T15-16-16.jpg",
        "leg": "leg08",
        "mark_index": 1,
        "along_track_m": 1.0,
        "achieved_heading": 347.88068115247376,
        "target_bearing": 348.290528300129,
        "fix_type": 6,
        "hacc_m": 0.014,
        "corrupt": false,
        "position_interpolated": true,
        "captured_at_utc": "2026-06-17T21:16:16.322297+00:00"
      },
      "geometry": {
        "type": "Point",
        "coordinates": [
          -114.0166192,
          46.6978453
        ]
      }
    },
    {
      "type": "Feature",
      "properties": {
        "file": "leg08_m002_b348_2026-06-17T15-16-17.jpg",
        "leg": "leg08",
        "mark_index": 2,
        "along_track_m": 2.0,
        "achieved_heading": 348.6299953569458,
        "target_bearing": 348.290528300129,
        "fix_type": 6,
        "hacc_m": 0.014,
        "corrupt": false,
        "position_interpolated": true,
        "captured_at_utc": "2026-06-17T21:16:17.230450+00:00"
      },
      "geometry": {
        "type": "Point",
        "coordinates": [
          -114.01662176400171,
          46.69785323133818
        ]
      }
    },
    {
      "type": "Feature",
      "properties": {
        "file": "leg08_m003_b348_2026-06-17T15-16-18.jpg",
        "leg": "leg08",
        "mark_index": 3,
        "along_track_m": 3.0,
        "achieved_heading": 354.47515720805916,
        "target_bearing": 348.290528300129,
        "fix_type": 6,
        "hacc_m": 0.014,
        "corrupt": false,
        "position_interpolated": true,
        "captured_at_utc": "2026-06-17T21:16:18.287930+00:00"
      },
      "geometry": {
        "type": "Point",
        "coordinates": [
          -114.01662445789752,
          46.6978622105389
        ]
      }
    },
    {
      "type": "Feature",
      "properties": {
        "file": "leg08_m004_b348_2026-06-17T15-16-19.jpg",
        "leg": "leg08",
        "mark_index": 4,
        "along_track_m": 4.0,
        "achieved_heading": 358.612722458759,
        "target_bearing": 348.290528300129,
        "fix_type": 6,
        "hacc_m": 0.014,
        "corrupt": false,
        "position_interpolated": true,
        "captured_at_utc": "2026-06-17T21:16:19.269109+00:00"
      },
      "geometry": {
        "type": "Point",
        "coordinates": [
          -114.01662558007644,
          46.69787086129948
        ]
      }
    },
    {
      "type": "Feature",
      "properties": {
        "file": "leg08_m005_b348_2026-06-17T15-16-20.jpg",
        "leg": "leg08",
        "mark_index": 5,
        "along_track_m": 4.865,
        "achieved_heading": 3.3784708070981466,
        "target_bearing": 348.290528300129,
        "fix_type": 6,
        "hacc_m": 0.014,
        "corrupt": false,
        "position_interpolated": true,
        "captured_at_utc": "2026-06-17T21:16:20.108582+00:00"
      },
      "geometry": {
        "type": "Point",
        "coordinates": [
          -114.01662500393752,
          46.69787833699959
        ]
      }
    },
    {
      "type": "Feature",
      "properties": {
        "file": "leg09_m000_b078_2026-06-17T15-16-23.jpg",
        "leg": "leg09",
        "mark_index": 0,
        "along_track_m": 0.0,
        "achieved_heading": 80.13195433860275,
        "target_bearing": 78.21823349003074,
        "fix_type": 6,
        "hacc_m": 0.014,
        "corrupt": false,
        "position_interpolated": true,
        "captured_at_utc": "2026-06-17T21:16:23.900643+00:00"
      },
      "geometry": {
        "type": "Point",
        "coordinates": [
          -114.01662639999999,
          46.6978811
        ]
      }
    },
    {
      "type": "Feature",
      "properties": {
        "file": "leg09_m001_b078_2026-06-17T15-16-25.jpg",
        "leg": "leg09",
        "mark_index": 1,
        "along_track_m": 1.0,
        "achieved_heading": 80.21171006368496,
        "target_bearing": 78.21823349003074,
        "fix_type": 6,
        "hacc_m": 0.014,
        "corrupt": false,
        "position_interpolated": true,
        "captured_at_utc": "2026-06-17T21:16:25.705275+00:00"
      },
      "geometry": {
        "type": "Point",
        "coordinates": [
          -114.01661013894093,
          46.69788329322766
        ]
      }
    },
    {
      "type": "Feature",
      "properties": {
        "file": "leg09_m002_b078_2026-06-17T15-16-26.jpg",
        "leg": "leg09",
        "mark_index": 2,
        "along_track_m": 2.0,
        "achieved_heading": 79.91508981314573,
        "target_bearing": 78.21823349003074,
        "fix_type": 6,
        "hacc_m": 0.014,
        "corrupt": false,
        "position_interpolated": true,
        "captured_at_utc": "2026-06-17T21:16:26.695674+00:00"
      },
      "geometry": {
        "type": "Point",
        "coordinates": [
          -114.016598441826,
          46.697885267766814
        ]
      }
    },
    {
      "type": "Feature",
      "properties": {
        "file": "leg09_m003_b078_2026-06-17T15-16-27.jpg",
        "leg": "leg09",
        "mark_index": 3,
        "along_track_m": 3.0,
        "achieved_heading": 81.86062530229195,
        "target_bearing": 78.21823349003074,
        "fix_type": 6,
        "hacc_m": 0.014,
        "corrupt": false,
        "position_interpolated": true,
        "captured_at_utc": "2026-06-17T21:16:27.884931+00:00"
      },
      "geometry": {
        "type": "Point",
        "coordinates": [
          -114.01658523614404,
          46.69788715706471
        ]
      }
    },
    {
      "type": "Feature",
      "properties": {
        "file": "leg09_m004_b078_2026-06-17T15-16-29.jpg",
        "leg": "leg09",
        "mark_index": 4,
        "along_track_m": 4.0,
        "achieved_heading": 81.06840361455767,
        "target_bearing": 78.21823349003074,
        "fix_type": 6,
        "hacc_m": 0.014,
        "corrupt": false,
        "position_interpolated": true,
        "captured_at_utc": "2026-06-17T21:16:28.992159+00:00"
      },
      "geometry": {
        "type": "Point",
        "coordinates": [
          -114.01657285260482,
          46.69788920595547
        ]
      }
    },
    {
      "type": "Feature",
      "properties": {
        "file": "leg09_m005_b078_2026-06-17T15-16-30.jpg",
        "leg": "leg09",
        "mark_index": 5,
        "along_track_m": 5.0,
        "achieved_heading": 82.05149248160077,
        "target_bearing": 78.21823349003074,
        "fix_type": 6,
        "hacc_m": 0.014,
        "corrupt": false,
        "position_interpolated": true,
        "captured_at_utc": "2026-06-17T21:16:30.117731+00:00"
      },
      "geometry": {
        "type": "Point",
        "coordinates": [
          -114.0165603,
          46.6978909
        ]
      }
    },
    {
      "type": "Feature",
      "properties": {
        "file": "leg09_m006_b078_2026-06-17T15-16-31.jpg",
        "leg": "leg09",
        "mark_index": 6,
        "along_track_m": 6.0,
        "achieved_heading": 80.14522883848862,
        "target_bearing": 78.21823349003074,
        "fix_type": 6,
        "hacc_m": 0.014,
        "corrupt": false,
        "position_interpolated": true,
        "captured_at_utc": "2026-06-17T21:16:31.241086+00:00"
      },
      "geometry": {
        "type": "Point",
        "coordinates": [
          -114.01654671330515,
          46.69789269809926
        ]
      }
    },
    {
      "type": "Feature",
      "properties": {
        "file": "leg09_m007_b078_2026-06-17T15-16-32.jpg",
        "leg": "leg09",
        "mark_index": 7,
        "along_track_m": 7.0,
        "achieved_heading": 80.12427015074769,
        "target_bearing": 78.21823349003074,
        "fix_type": 6,
        "hacc_m": 0.014,
        "corrupt": false,
        "position_interpolated": true,
        "captured_at_utc": "2026-06-17T21:16:32.436551+00:00"
      },
      "geometry": {
        "type": "Point",
        "coordinates": [
          -114.01653449999999,
          46.6978947
        ]
      }
    },
    {
      "type": "Feature",
      "properties": {
        "file": "leg09_m008_b078_2026-06-17T15-16-33.jpg",
        "leg": "leg09",
        "mark_index": 8,
        "along_track_m": 8.0,
        "achieved_heading": 80.22124169971897,
        "target_bearing": 78.21823349003074,
        "fix_type": 6,
        "hacc_m": 0.014,
        "corrupt": false,
        "position_interpolated": true,
        "captured_at_utc": "2026-06-17T21:16:33.489617+00:00"
      },
      "geometry": {
        "type": "Point",
        "coordinates": [
          -114.0165208885144,
          46.69789677737827
        ]
      }
    },
    {
      "type": "Feature",
      "properties": {
        "file": "leg09_m009_b078_2026-06-17T15-16-34.jpg",
        "leg": "leg09",
        "mark_index": 9,
        "along_track_m": 9.0,
        "achieved_heading": 80.15682978306168,
        "target_bearing": 78.21823349003074,
        "fix_type": 6,
        "hacc_m": 0.014,
        "corrupt": false,
        "position_interpolated": true,
        "captured_at_utc": "2026-06-17T21:16:34.664500+00:00"
      },
      "geometry": {
        "type": "Point",
        "coordinates": [
          -114.01650781667637,
          46.69789873260743
        ]
      }
    },
    {
      "type": "Feature",
      "properties": {
        "file": "leg09_m010_b078_2026-06-17T15-16-35.jpg",
        "leg": "leg09",
        "mark_index": 10,
        "along_track_m": 10.0,
        "achieved_heading": 79.58137499849985,
        "target_bearing": 78.21823349003074,
        "fix_type": 6,
        "hacc_m": 0.014,
        "corrupt": false,
        "position_interpolated": true,
        "captured_at_utc": "2026-06-17T21:16:35.794184+00:00"
      },
      "geometry": {
        "type": "Point",
        "coordinates": [
          -114.01649599999999,
          46.6979007
        ]
      }
    },
    {
      "type": "Feature",
      "properties": {
        "file": "leg09_m011_b078_2026-06-17T15-16-36.jpg",
        "leg": "leg09",
        "mark_index": 11,
        "along_track_m": 11.0,
        "achieved_heading": 79.83870480720945,
        "target_bearing": 78.21823349003074,
        "fix_type": 6,
        "hacc_m": 0.014,
        "corrupt": false,
        "position_interpolated": true,
        "captured_at_utc": "2026-06-17T21:16:36.915194+00:00"
      },
      "geometry": {
        "type": "Point",
        "coordinates": [
          -114.01648259999999,
          46.6979028
        ]
      }
    },
    {
      "type": "Feature",
      "properties": {
        "file": "leg09_m012_b078_2026-06-17T15-16-38.jpg",
        "leg": "leg09",
        "mark_index": 12,
        "along_track_m": 12.0,
        "achieved_heading": 80.69810436143571,
        "target_bearing": 78.21823349003074,
        "fix_type": 6,
        "hacc_m": 0.014,
        "corrupt": false,
        "position_interpolated": true,
        "captured_at_utc": "2026-06-17T21:16:38.037926+00:00"
      },
      "geometry": {
        "type": "Point",
        "coordinates": [
          -114.016469557304,
          46.69790448817774
        ]
      }
    },
    {
      "type": "Feature",
      "properties": {
        "file": "leg09_m013_b078_2026-06-17T15-16-39.jpg",
        "leg": "leg09",
        "mark_index": 13,
        "along_track_m": 13.0,
        "achieved_heading": 79.42154078553064,
        "target_bearing": 78.21823349003074,
        "fix_type": 6,
        "hacc_m": 0.014,
        "corrupt": false,
        "position_interpolated": true,
        "captured_at_utc": "2026-06-17T21:16:39.151394+00:00"
      },
      "geometry": {
        "type": "Point",
        "coordinates": [
          -114.01645719999999,
          46.6979063
        ]
      }
    },
    {
      "type": "Feature",
      "properties": {
        "file": "leg09_m014_b078_2026-06-17T15-16-40.jpg",
        "leg": "leg09",
        "mark_index": 14,
        "along_track_m": 14.0,
        "achieved_heading": 80.0785637211391,
        "target_bearing": 78.21823349003074,
        "fix_type": 6,
        "hacc_m": 0.014,
        "corrupt": false,
        "position_interpolated": true,
        "captured_at_utc": "2026-06-17T21:16:40.206276+00:00"
      },
      "geometry": {
        "type": "Point",
        "coordinates": [
          -114.01644445387387,
          46.697908141918916
        ]
      }
    },
    {
      "type": "Feature",
      "properties": {
        "file": "leg09_m015_b078_2026-06-17T15-16-41.jpg",
        "leg": "leg09",
        "mark_index": 15,
        "along_track_m": 15.0,
        "achieved_heading": 79.73057659700692,
        "target_bearing": 78.21823349003074,
        "fix_type": 6,
        "hacc_m": 0.014,
        "corrupt": false,
        "position_interpolated": true,
        "captured_at_utc": "2026-06-17T21:16:41.399189+00:00"
      },
      "geometry": {
        "type": "Point",
        "coordinates": [
          -114.0164315,
          46.69791
        ]
      }
    },
    {
      "type": "Feature",
      "properties": {
        "file": "leg09_m016_b078_2026-06-17T15-16-42.jpg",
        "leg": "leg09",
        "mark_index": 16,
        "along_track_m": 16.0,
        "achieved_heading": 79.67349103593331,
        "target_bearing": 78.21823349003074,
        "fix_type": 6,
        "hacc_m": 0.014,
        "corrupt": false,
        "position_interpolated": true,
        "captured_at_utc": "2026-06-17T21:16:42.440438+00:00"
      },
      "geometry": {
        "type": "Point",
        "coordinates": [
          -114.01641884705948,
          46.69791195882342
        ]
      }
    },
    {
      "type": "Feature",
      "properties": {
        "file": "leg09_m017_b078_2026-06-17T15-16-43.jpg",
        "leg": "leg09",
        "mark_index": 17,
        "along_track_m": 17.0,
        "achieved_heading": 79.88997201429127,
        "target_bearing": 78.21823349003074,
        "fix_type": 6,
        "hacc_m": 0.014,
        "corrupt": false,
        "position_interpolated": true,
        "captured_at_utc": "2026-06-17T21:16:43.558265+00:00"
      },
      "geometry": {
        "type": "Point",
        "coordinates": [
          -114.01640614543263,
          46.697913625878336
        ]
      }
    },
    {
      "type": "Feature",
      "properties": {
        "file": "leg09_m018_b078_2026-06-17T15-16-44.jpg",
        "leg": "leg09",
        "mark_index": 18,
        "along_track_m": 18.0,
        "achieved_heading": 80.91588162019477,
        "target_bearing": 78.21823349003074,
        "fix_type": 6,
        "hacc_m": 0.014,
        "corrupt": false,
        "position_interpolated": true,
        "captured_at_utc": "2026-06-17T21:16:44.688410+00:00"
      },
      "geometry": {
        "type": "Point",
        "coordinates": [
          -114.01639320926185,
          46.69791555581973
        ]
      }
    },
    {
      "type": "Feature",
      "properties": {
        "file": "leg09_m019_b078_2026-06-17T15-16-45.jpg",
        "leg": "leg09",
        "mark_index": 19,
        "along_track_m": 19.0,
        "achieved_heading": 79.58130425430525,
        "target_bearing": 78.21823349003074,
        "fix_type": 6,
        "hacc_m": 0.014,
        "corrupt": false,
        "position_interpolated": true,
        "captured_at_utc": "2026-06-17T21:16:45.802159+00:00"
      },
      "geometry": {
        "type": "Point",
        "coordinates": [
          -114.0163807,
          46.697917
        ]
      }
    },
    {
      "type": "Feature",
      "properties": {
        "file": "leg09_m020_b078_2026-06-17T15-16-47.jpg",
        "leg": "leg09",
        "mark_index": 20,
        "along_track_m": 20.0,
        "achieved_heading": 79.03345399958161,
        "target_bearing": 78.21823349003074,
        "fix_type": 6,
        "hacc_m": 0.014,
        "corrupt": false,
        "position_interpolated": true,
        "captured_at_utc": "2026-06-17T21:16:46.919897+00:00"
      },
      "geometry": {
        "type": "Point",
        "coordinates": [
          -114.0163666,
          46.6979189
        ]
      }
    },
    {
      "type": "Feature",
      "properties": {
        "file": "leg09_m021_b078_2026-06-17T15-16-47.jpg",
        "leg": "leg09",
        "mark_index": 21,
        "along_track_m": 21.0,
        "achieved_heading": 77.28424320653636,
        "target_bearing": 78.21823349003074,
        "fix_type": 6,
        "hacc_m": 0.014,
        "corrupt": false,
        "position_interpolated": true,
        "captured_at_utc": "2026-06-17T21:16:47.978270+00:00"
      },
      "geometry": {
        "type": "Point",
        "coordinates": [
          -114.0163547,
          46.6979209
        ]
      }
    },
    {
      "type": "Feature",
      "properties": {
        "file": "leg09_m022_b078_2026-06-17T15-16-49.jpg",
        "leg": "leg09",
        "mark_index": 22,
        "along_track_m": 22.0,
        "achieved_heading": 78.18329670490036,
        "target_bearing": 78.21823349003074,
        "fix_type": 6,
        "hacc_m": 0.014,
        "corrupt": false,
        "position_interpolated": true,
        "captured_at_utc": "2026-06-17T21:16:49.037240+00:00"
      },
      "geometry": {
        "type": "Point",
        "coordinates": [
          -114.01634155450787,
          46.697923089864474
        ]
      }
    },
    {
      "type": "Feature",
      "properties": {
        "file": "leg09_m023_b078_2026-06-17T15-16-50.jpg",
        "leg": "leg09",
        "mark_index": 23,
        "along_track_m": 23.0,
        "achieved_heading": 77.93672218938218,
        "target_bearing": 78.21823349003074,
        "fix_type": 6,
        "hacc_m": 0.014,
        "corrupt": false,
        "position_interpolated": true,
        "captured_at_utc": "2026-06-17T21:16:50.148795+00:00"
      },
      "geometry": {
        "type": "Point",
        "coordinates": [
          -114.0163293,
          46.6979249
        ]
      }
    },
    {
      "type": "Feature",
      "properties": {
        "file": "leg09_m024_b078_2026-06-17T15-16-51.jpg",
        "leg": "leg09",
        "mark_index": 24,
        "along_track_m": 24.0,
        "achieved_heading": 78.83955126490613,
        "target_bearing": 78.21823349003074,
        "fix_type": 6,
        "hacc_m": 0.014,
        "corrupt": false,
        "position_interpolated": true,
        "captured_at_utc": "2026-06-17T21:16:51.198401+00:00"
      },
      "geometry": {
        "type": "Point",
        "coordinates": [
          -114.01631599541608,
          46.697926631032686
        ]
      }
    },
    {
      "type": "Feature",
      "properties": {
        "file": "leg09_m025_b078_2026-06-17T15-16-52.jpg",
        "leg": "leg09",
        "mark_index": 25,
        "along_track_m": 25.0,
        "achieved_heading": 80.43558599347007,
        "target_bearing": 78.21823349003074,
        "fix_type": 6,
        "hacc_m": 0.014,
        "corrupt": false,
        "position_interpolated": true,
        "captured_at_utc": "2026-06-17T21:16:52.310980+00:00"
      },
      "geometry": {
        "type": "Point",
        "coordinates": [
          -114.0163027,
          46.6979286
        ]
      }
    },
    {
      "type": "Feature",
      "properties": {
        "file": "leg09_m026_b078_2026-06-17T15-16-53.jpg",
        "leg": "leg09",
        "mark_index": 26,
        "along_track_m": 26.0,
        "achieved_heading": 78.52590670610601,
        "target_bearing": 78.21823349003074,
        "fix_type": 6,
        "hacc_m": 0.014,
        "corrupt": false,
        "position_interpolated": true,
        "captured_at_utc": "2026-06-17T21:16:53.511056+00:00"
      },
      "geometry": {
        "type": "Point",
        "coordinates": [
          -114.0162895,
          46.6979301
        ]
      }
    },
    {
      "type": "Feature",
      "properties": {
        "file": "leg09_m027_b078_2026-06-17T15-16-54.jpg",
        "leg": "leg09",
        "mark_index": 27,
        "along_track_m": 27.0,
        "achieved_heading": 78.18235897569537,
        "target_bearing": 78.21823349003074,
        "fix_type": 6,
        "hacc_m": 0.014,
        "corrupt": false,
        "position_interpolated": true,
        "captured_at_utc": "2026-06-17T21:16:54.556520+00:00"
      },
      "geometry": {
        "type": "Point",
        "coordinates": [
          -114.01627769999999,
          46.697931499999996
        ]
      }
    },
    {
      "type": "Feature",
      "properties": {
        "file": "leg09_m028_b078_2026-06-17T15-16-55.jpg",
        "leg": "leg09",
        "mark_index": 28,
        "along_track_m": 28.0,
        "achieved_heading": 75.88002108873243,
        "target_bearing": 78.21823349003074,
        "fix_type": 6,
        "hacc_m": 0.014,
        "corrupt": false,
        "position_interpolated": true,
        "captured_at_utc": "2026-06-17T21:16:55.747075+00:00"
      },
      "geometry": {
        "type": "Point",
        "coordinates": [
          -114.0162639,
          46.6979336
        ]
      }
    },
    {
      "type": "Feature",
      "properties": {
        "file": "leg09_m029_b078_2026-06-17T15-16-56.jpg",
        "leg": "leg09",
        "mark_index": 29,
        "along_track_m": 29.0,
        "achieved_heading": 76.9928303468443,
        "target_bearing": 78.21823349003074,
        "fix_type": 6,
        "hacc_m": 0.014,
        "corrupt": false,
        "position_interpolated": true,
        "captured_at_utc": "2026-06-17T21:16:56.728333+00:00"
      },
      "geometry": {
        "type": "Point",
        "coordinates": [
          -114.0162522,
          46.697935699999995
        ]
      }
    },
    {
      "type": "Feature",
      "properties": {
        "file": "leg09_m030_b078_2026-06-17T15-16-57.jpg",
        "leg": "leg09",
        "mark_index": 30,
        "along_track_m": 30.0,
        "achieved_heading": 78.84200772572163,
        "target_bearing": 78.21823349003074,
        "fix_type": 6,
        "hacc_m": 0.014,
        "corrupt": false,
        "position_interpolated": true,
        "captured_at_utc": "2026-06-17T21:16:57.848354+00:00"
      },
      "geometry": {
        "type": "Point",
        "coordinates": [
          -114.01623834481924,
          46.69793795676552
        ]
      }
    },
    {
      "type": "Feature",
      "properties": {
        "file": "leg09_m031_b078_2026-06-17T15-16-58.jpg",
        "leg": "leg09",
        "mark_index": 31,
        "along_track_m": 31.0,
        "achieved_heading": 80.58407127160888,
        "target_bearing": 78.21823349003074,
        "fix_type": 6,
        "hacc_m": 0.014,
        "corrupt": false,
        "position_interpolated": true,
        "captured_at_utc": "2026-06-17T21:16:58.901977+00:00"
      },
      "geometry": {
        "type": "Point",
        "coordinates": [
          -114.01622636344172,
          46.6979396909369
        ]
      }
    },
    {
      "type": "Feature",
      "properties": {
        "file": "leg09_m032_b078_2026-06-17T15-17-00.jpg",
        "leg": "leg09",
        "mark_index": 32,
        "along_track_m": 32.0,
        "achieved_heading": 79.17056516168927,
        "target_bearing": 78.21823349003074,
        "fix_type": 6,
        "hacc_m": 0.014,
        "corrupt": false,
        "position_interpolated": true,
        "captured_at_utc": "2026-06-17T21:17:00.089473+00:00"
      },
      "geometry": {
        "type": "Point",
        "coordinates": [
          -114.01621250837381,
          46.69794145794902
        ]
      }
    },
    {
      "type": "Feature",
      "properties": {
        "file": "leg09_m033_b078_2026-06-17T15-17-01.jpg",
        "leg": "leg09",
        "mark_index": 33,
        "along_track_m": 33.0,
        "achieved_heading": 78.47547766038156,
        "target_bearing": 78.21823349003074,
        "fix_type": 6,
        "hacc_m": 0.014,
        "corrupt": false,
        "position_interpolated": true,
        "captured_at_utc": "2026-06-17T21:17:01.071675+00:00"
      },
      "geometry": {
        "type": "Point",
        "coordinates": [
          -114.01620080802712,
          46.69794321532881
        ]
      }
    },
    {
      "type": "Feature",
      "properties": {
        "file": "leg09_m034_b078_2026-06-17T15-17-02.jpg",
        "leg": "leg09",
        "mark_index": 34,
        "along_track_m": 34.0,
        "achieved_heading": 79.17286909239941,
        "target_bearing": 78.21823349003074,
        "fix_type": 6,
        "hacc_m": 0.014,
        "corrupt": false,
        "position_interpolated": true,
        "captured_at_utc": "2026-06-17T21:17:02.268057+00:00"
      },
      "geometry": {
        "type": "Point",
        "coordinates": [
          -114.01618676067179,
          46.69794534241602
        ]
      }
    },
    {
      "type": "Feature",
      "properties": {
        "file": "leg09_m035_b078_2026-06-17T15-17-03.jpg",
        "leg": "leg09",
        "mark_index": 35,
        "along_track_m": 35.0,
        "achieved_heading": 78.71666064801263,
        "target_bearing": 78.21823349003074,
        "fix_type": 6,
        "hacc_m": 0.014,
        "corrupt": false,
        "position_interpolated": true,
        "captured_at_utc": "2026-06-17T21:17:03.236336+00:00"
      },
      "geometry": {
        "type": "Point",
        "coordinates": [
          -114.01617540206982,
          46.69794689062684
        ]
      }
    },
    {
      "type": "Feature",
      "properties": {
        "file": "leg09_m036_b078_2026-06-17T15-17-04.jpg",
        "leg": "leg09",
        "mark_index": 36,
        "along_track_m": 36.0,
        "achieved_heading": 79.81155916057047,
        "target_bearing": 78.21823349003074,
        "fix_type": 6,
        "hacc_m": 0.014,
        "corrupt": false,
        "position_interpolated": true,
        "captured_at_utc": "2026-06-17T21:17:04.505046+00:00"
      },
      "geometry": {
        "type": "Point",
        "coordinates": [
          -114.01616123308551,
          46.69794859421367
        ]
      }
    },
    {
      "type": "Feature",
      "properties": {
        "file": "leg09_m037_b078_2026-06-17T15-17-05.jpg",
        "leg": "leg09",
        "mark_index": 37,
        "along_track_m": 37.0,
        "achieved_heading": 78.68941614460704,
        "target_bearing": 78.21823349003074,
        "fix_type": 6,
        "hacc_m": 0.014,
        "corrupt": false,
        "position_interpolated": true,
        "captured_at_utc": "2026-06-17T21:17:05.556689+00:00"
      },
      "geometry": {
        "type": "Point",
        "coordinates": [
          -114.0161497,
          46.6979505
        ]
      }
    },
    {
      "type": "Feature",
      "properties": {
        "file": "leg09_m038_b078_2026-06-17T15-17-06.jpg",
        "leg": "leg09",
        "mark_index": 38,
        "along_track_m": 38.0,
        "achieved_heading": 77.89022095899719,
        "target_bearing": 78.21823349003074,
        "fix_type": 6,
        "hacc_m": 0.014,
        "corrupt": false,
        "position_interpolated": true,
        "captured_at_utc": "2026-06-17T21:17:06.743033+00:00"
      },
      "geometry": {
        "type": "Point",
        "coordinates": [
          -114.0161359,
          46.6979524
        ]
      }
    },
    {
      "type": "Feature",
      "properties": {
        "file": "leg09_m039_b078_2026-06-17T15-17-07.jpg",
        "leg": "leg09",
        "mark_index": 39,
        "along_track_m": 39.0,
        "achieved_heading": 79.23429955769896,
        "target_bearing": 78.21823349003074,
        "fix_type": 6,
        "hacc_m": 0.014,
        "corrupt": false,
        "position_interpolated": true,
        "captured_at_utc": "2026-06-17T21:17:07.651016+00:00"
      },
      "geometry": {
        "type": "Point",
        "coordinates": [
          -114.01612472594334,
          46.69795372175708
        ]
      }
    },
    {
      "type": "Feature",
      "properties": {
        "file": "leg09_m040_b078_2026-06-17T15-17-08.jpg",
        "leg": "leg09",
        "mark_index": 40,
        "along_track_m": 40.0,
        "achieved_heading": 78.93851054366472,
        "target_bearing": 78.21823349003074,
        "fix_type": 6,
        "hacc_m": 0.014,
        "corrupt": false,
        "position_interpolated": true,
        "captured_at_utc": "2026-06-17T21:17:08.839373+00:00"
      },
      "geometry": {
        "type": "Point",
        "coordinates": [
          -114.01611090009936,
          46.697955633312624
        ]
      }
    },
    {
      "type": "Feature",
      "properties": {
        "file": "leg09_m041_b078_2026-06-17T15-17-10.jpg",
        "leg": "leg09",
        "mark_index": 41,
        "along_track_m": 41.0,
        "achieved_heading": 78.34238504237376,
        "target_bearing": 78.21823349003074,
        "fix_type": 6,
        "hacc_m": 0.014,
        "corrupt": false,
        "position_interpolated": true,
        "captured_at_utc": "2026-06-17T21:17:10.035384+00:00"
      },
      "geometry": {
        "type": "Point",
        "coordinates": [
          -114.01609736686058,
          46.69795774662788
        ]
      }
    },
    {
      "type": "Feature",
      "properties": {
        "file": "leg09_m042_b078_2026-06-17T15-17-11.jpg",
        "leg": "leg09",
        "mark_index": 42,
        "along_track_m": 42.0,
        "achieved_heading": 79.53551196523857,
        "target_bearing": 78.21823349003074,
        "fix_type": 6,
        "hacc_m": 0.014,
        "corrupt": false,
        "position_interpolated": true,
        "captured_at_utc": "2026-06-17T21:17:11.154805+00:00"
      },
      "geometry": {
        "type": "Point",
        "coordinates": [
          -114.0160849,
          46.697959399999995
        ]
      }
    },
    {
      "type": "Feature",
      "properties": {
        "file": "leg09_m043_b078_2026-06-17T15-17-12.jpg",
        "leg": "leg09",
        "mark_index": 43,
        "along_track_m": 43.0,
        "achieved_heading": 79.60552720956207,
        "target_bearing": 78.21823349003074,
        "fix_type": 6,
        "hacc_m": 0.014,
        "corrupt": false,
        "position_interpolated": true,
        "captured_at_utc": "2026-06-17T21:17:12.202690+00:00"
      },
      "geometry": {
        "type": "Point",
        "coordinates": [
          -114.01607191420963,
          46.69796098242928
        ]
      }
    },
    {
      "type": "Feature",
      "properties": {
        "file": "leg09_m044_b078_2026-06-17T15-17-13.jpg",
        "leg": "leg09",
        "mark_index": 44,
        "along_track_m": 44.0,
        "achieved_heading": 77.64621867956122,
        "target_bearing": 78.21823349003074,
        "fix_type": 6,
        "hacc_m": 0.014,
        "corrupt": false,
        "position_interpolated": true,
        "captured_at_utc": "2026-06-17T21:17:13.395514+00:00"
      },
      "geometry": {
        "type": "Point",
        "coordinates": [
          -114.01605939999999,
          46.6979628
        ]
      }
    },
    {
      "type": "Feature",
      "properties": {
        "file": "leg09_m045_b078_2026-06-17T15-17-14.jpg",
        "leg": "leg09",
        "mark_index": 45,
        "along_track_m": 45.0,
        "achieved_heading": 77.978746825395,
        "target_bearing": 78.21823349003074,
        "fix_type": 6,
        "hacc_m": 0.014,
        "corrupt": false,
        "position_interpolated": true,
        "captured_at_utc": "2026-06-17T21:17:14.520384+00:00"
      },
      "geometry": {
        "type": "Point",
        "coordinates": [
          -114.0160454,
          46.6979651
        ]
      }
    },
    {
      "type": "Feature",
      "properties": {
        "file": "leg09_m046_b078_2026-06-17T15-17-15.jpg",
        "leg": "leg09",
        "mark_index": 46,
        "along_track_m": 46.0,
        "achieved_heading": 78.7855554901311,
        "target_bearing": 78.21823349003074,
        "fix_type": 6,
        "hacc_m": 0.014,
        "corrupt": false,
        "position_interpolated": true,
        "captured_at_utc": "2026-06-17T21:17:15.494620+00:00"
      },
      "geometry": {
        "type": "Point",
        "coordinates": [
          -114.01603355004796,
          46.69796638799616
        ]
      }
    },
    {
      "type": "Feature",
      "properties": {
        "file": "leg09_m047_b078_2026-06-17T15-17-16.jpg",
        "leg": "leg09",
        "mark_index": 47,
        "along_track_m": 47.0,
        "achieved_heading": 78.28165424541936,
        "target_bearing": 78.21823349003074,
        "fix_type": 6,
        "hacc_m": 0.014,
        "corrupt": false,
        "position_interpolated": true,
        "captured_at_utc": "2026-06-17T21:17:16.684196+00:00"
      },
      "geometry": {
        "type": "Point",
        "coordinates": [
          -114.01601999803826,
          46.69796858113921
        ]
      }
    },
    {
      "type": "Feature",
      "properties": {
        "file": "leg09_m048_b078_2026-06-17T15-17-17.jpg",
        "leg": "leg09",
        "mark_index": 48,
        "along_track_m": 48.0,
        "achieved_heading": 77.52017973845905,
        "target_bearing": 78.21823349003074,
        "fix_type": 6,
        "hacc_m": 0.014,
        "corrupt": false,
        "position_interpolated": true,
        "captured_at_utc": "2026-06-17T21:17:17.807302+00:00"
      },
      "geometry": {
        "type": "Point",
        "coordinates": [
          -114.0160085,
          46.697970299999994
        ]
      }
    },
    {
      "type": "Feature",
      "properties": {
        "file": "leg09_m049_b078_2026-06-17T15-17-18.jpg",
        "leg": "leg09",
        "mark_index": 49,
        "along_track_m": 49.0,
        "achieved_heading": 77.90871458402694,
        "target_bearing": 78.21823349003074,
        "fix_type": 6,
        "hacc_m": 0.014,
        "corrupt": false,
        "position_interpolated": true,
        "captured_at_utc": "2026-06-17T21:17:18.854635+00:00"
      },
      "geometry": {
        "type": "Point",
        "coordinates": [
          -114.01599553700659,
          46.697972123559204
        ]
      }
    },
    {
      "type": "Feature",
      "properties": {
        "file": "leg09_m050_b078_2026-06-17T15-17-20.jpg",
        "leg": "leg09",
        "mark_index": 50,
        "along_track_m": 50.0,
        "achieved_heading": 82.4648974454544,
        "target_bearing": 78.21823349003074,
        "fix_type": 6,
        "hacc_m": 0.014,
        "corrupt": false,
        "position_interpolated": true,
        "captured_at_utc": "2026-06-17T21:17:19.974124+00:00"
      },
      "geometry": {
        "type": "Point",
        "coordinates": [
          -114.01598214478048,
          46.697973665786115
        ]
      }
    },
    {
      "type": "Feature",
      "properties": {
        "file": "leg09_m051_b078_2026-06-17T15-17-21.jpg",
        "leg": "leg09",
        "mark_index": 51,
        "along_track_m": 51.0,
        "achieved_heading": 87.03339012188218,
        "target_bearing": 78.21823349003074,
        "fix_type": 6,
        "hacc_m": 0.014,
        "corrupt": false,
        "position_interpolated": true,
        "captured_at_utc": "2026-06-17T21:17:21.035588+00:00"
      },
      "geometry": {
        "type": "Point",
        "coordinates": [
          -114.01596946953063,
          46.697974463355685
        ]
      }
    },
    {
      "type": "Feature",
      "properties": {
        "file": "leg10_m000_b348_2026-06-17T15-17-41.jpg",
        "leg": "leg10",
        "mark_index": 0,
        "along_track_m": 0.0,
        "achieved_heading": 30.272810485231567,
        "target_bearing": 348.29099805799405,
        "fix_type": 6,
        "hacc_m": 0.014,
        "corrupt": false,
        "position_interpolated": true,
        "captured_at_utc": "2026-06-17T21:17:41.335440+00:00"
      },
      "geometry": {
        "type": "Point",
        "coordinates": [
          -114.01596479999999,
          46.697975
        ]
      }
    },
    {
      "type": "Feature",
      "properties": {
        "file": "leg10_m001_b348_2026-06-17T15-17-43.jpg",
        "leg": "leg10",
        "mark_index": 1,
        "along_track_m": 1.0,
        "achieved_heading": 18.752004323859023,
        "target_bearing": 348.29099805799405,
        "fix_type": 6,
        "hacc_m": 0.014,
        "corrupt": false,
        "position_interpolated": true,
        "captured_at_utc": "2026-06-17T21:17:43.297050+00:00"
      },
      "geometry": {
        "type": "Point",
        "coordinates": [
          -114.01595954880266,
          46.69798461323972
        ]
      }
    },
    {
      "type": "Feature",
      "properties": {
        "file": "leg10_m002_b348_2026-06-17T15-17-44.jpg",
        "leg": "leg10",
        "mark_index": 2,
        "along_track_m": 2.0,
        "achieved_heading": 336.8750347397628,
        "target_bearing": 348.29099805799405,
        "fix_type": 6,
        "hacc_m": 0.014,
        "corrupt": false,
        "position_interpolated": true,
        "captured_at_utc": "2026-06-17T21:17:44.553380+00:00"
      },
      "geometry": {
        "type": "Point",
        "coordinates": [
          -114.015958,
          46.6979946
        ]
      }
    },
    {
      "type": "Feature",
      "properties": {
        "file": "leg10_m003_b348_2026-06-17T15-17-45.jpg",
        "leg": "leg10",
        "mark_index": 3,
        "along_track_m": 3.0,
        "achieved_heading": 316.2256358032479,
        "target_bearing": 348.29099805799405,
        "fix_type": 6,
        "hacc_m": 0.014,
        "corrupt": false,
        "position_interpolated": true,
        "captured_at_utc": "2026-06-17T21:17:45.465407+00:00"
      },
      "geometry": {
        "type": "Point",
        "coordinates": [
          -114.01596338938974,
          46.69800230880288
        ]
      }
    },
    {
      "type": "Feature",
      "properties": {
        "file": "leg10_m004_b348_2026-06-17T15-17-46.jpg",
        "leg": "leg10",
        "mark_index": 4,
        "along_track_m": 4.0,
        "achieved_heading": 311.4999372047884,
        "target_bearing": 348.29099805799405,
        "fix_type": 6,
        "hacc_m": 0.014,
        "corrupt": false,
        "position_interpolated": true,
        "captured_at_utc": "2026-06-17T21:17:46.712416+00:00"
      },
      "geometry": {
        "type": "Point",
        "coordinates": [
          -114.0159743,
          46.6980103
        ]
      }
    },
    {
      "type": "Feature",
      "properties": {
        "file": "leg10_m005_b348_2026-06-17T15-17-47.jpg",
        "leg": "leg10",
        "mark_index": 5,
        "along_track_m": 4.786,
        "achieved_heading": 321.4062055952618,
        "target_bearing": 348.29099805799405,
        "fix_type": 6,
        "hacc_m": 0.014,
        "corrupt": false,
        "position_interpolated": true,
        "captured_at_utc": "2026-06-17T21:17:47.495271+00:00"
      },
      "geometry": {
        "type": "Point",
        "coordinates": [
          -114.0159807187832,
          46.69801571878321
        ]
      }
    },
    {
      "type": "Feature",
      "properties": {
        "file": "leg11_m000_b258_2026-06-17T15-17-51.jpg",
        "leg": "leg11",
        "mark_index": 0,
        "along_track_m": 0.0,
        "achieved_heading": 260.8924659216067,
        "target_bearing": 258.2187023503624,
        "fix_type": 6,
        "hacc_m": 0.014,
        "corrupt": false,
        "position_interpolated": true,
        "captured_at_utc": "2026-06-17T21:17:51.757787+00:00"
      },
      "geometry": {
        "type": "Point",
        "coordinates": [
          -114.0159891,
          46.698018999999995
        ]
      }
    },
    {
      "type": "Feature",
      "properties": {
        "file": "leg11_m001_b258_2026-06-17T15-17-52.jpg",
        "leg": "leg11",
        "mark_index": 1,
        "along_track_m": 1.0,
        "achieved_heading": 255.9960831959777,
        "target_bearing": 258.2187023503624,
        "fix_type": 6,
        "hacc_m": 0.014,
        "corrupt": false,
        "position_interpolated": true,
        "captured_at_utc": "2026-06-17T21:17:52.763983+00:00"
      },
      "geometry": {
        "type": "Point",
        "coordinates": [
          -114.01599499999999,
          46.6980188
        ]
      }
    },
    {
      "type": "Feature",
      "properties": {
        "file": "leg11_m002_b258_2026-06-17T15-17-53.jpg",
        "leg": "leg11",
        "mark_index": 2,
        "along_track_m": 2.0,
        "achieved_heading": 251.93152059731963,
        "target_bearing": 258.2187023503624,
        "fix_type": 6,
        "hacc_m": 0.014,
        "corrupt": false,
        "position_interpolated": true,
        "captured_at_utc": "2026-06-17T21:17:53.665777+00:00"
      },
      "geometry": {
        "type": "Point",
        "coordinates": [
          -114.0160072823934,
          46.698017782817054
        ]
      }
    },
    {
      "type": "Feature",
      "properties": {
        "file": "leg11_m003_b258_2026-06-17T15-17-54.jpg",
        "leg": "leg11",
        "mark_index": 3,
        "along_track_m": 3.0,
        "achieved_heading": 243.6259243991032,
        "target_bearing": 258.2187023503624,
        "fix_type": 6,
        "hacc_m": 0.014,
        "corrupt": false,
        "position_interpolated": true,
        "captured_at_utc": "2026-06-17T21:17:54.708041+00:00"
      },
      "geometry": {
        "type": "Point",
        "coordinates": [
          -114.0160202,
          46.698015299999994
        ]
      }
    },
    {
      "type": "Feature",
      "properties": {
        "file": "leg11_m004_b258_2026-06-17T15-17-55.jpg",
        "leg": "leg11",
        "mark_index": 4,
        "along_track_m": 4.0,
        "achieved_heading": 242.84630072726873,
        "target_bearing": 258.2187023503624,
        "fix_type": 6,
        "hacc_m": 0.014,
        "corrupt": false,
        "position_interpolated": true,
        "captured_at_utc": "2026-06-17T21:17:55.759480+00:00"
      },
      "geometry": {
        "type": "Point",
        "coordinates": [
          -114.0160322,
          46.698012
        ]
      }
    },
    {
      "type": "Feature",
      "properties": {
        "file": "leg11_m005_b258_2026-06-17T15-17-56.jpg",
        "leg": "leg11",
        "mark_index": 5,
        "along_track_m": 5.0,
        "achieved_heading": 247.4578661329382,
        "target_bearing": 258.2187023503624,
        "fix_type": 6,
        "hacc_m": 0.014,
        "corrupt": false,
        "position_interpolated": true,
        "captured_at_utc": "2026-06-17T21:17:56.809678+00:00"
      },
      "geometry": {
        "type": "Point",
        "coordinates": [
          -114.01604449999999,
          46.698009299999995
        ]
      }
    },
    {
      "type": "Feature",
      "properties": {
        "file": "leg11_m006_b258_2026-06-17T15-17-57.jpg",
        "leg": "leg11",
        "mark_index": 6,
        "along_track_m": 6.0,
        "achieved_heading": 250.004496028584,
        "target_bearing": 258.2187023503624,
        "fix_type": 6,
        "hacc_m": 0.014,
        "corrupt": false,
        "position_interpolated": true,
        "captured_at_utc": "2026-06-17T21:17:57.712477+00:00"
      },
      "geometry": {
        "type": "Point",
        "coordinates": [
          -114.0160569,
          46.6980067
        ]
      }
    },
    {
      "type": "Feature",
      "properties": {
        "file": "leg11_m007_b258_2026-06-17T15-17-58.jpg",
        "leg": "leg11",
        "mark_index": 7,
        "along_track_m": 7.0,
        "achieved_heading": 251.51670737986385,
        "target_bearing": 258.2187023503624,
        "fix_type": 6,
        "hacc_m": 0.014,
        "corrupt": false,
        "position_interpolated": true,
        "captured_at_utc": "2026-06-17T21:17:58.768092+00:00"
      },
      "geometry": {
        "type": "Point",
        "coordinates": [
          -114.0160696,
          46.698004499999996
        ]
      }
    },
    {
      "type": "Feature",
      "properties": {
        "file": "leg11_m008_b258_2026-06-17T15-17-59.jpg",
        "leg": "leg11",
        "mark_index": 8,
        "along_track_m": 8.0,
        "achieved_heading": 252.01571726048726,
        "target_bearing": 258.2187023503624,
        "fix_type": 6,
        "hacc_m": 0.014,
        "corrupt": false,
        "position_interpolated": true,
        "captured_at_utc": "2026-06-17T21:17:59.811312+00:00"
      },
      "geometry": {
        "type": "Point",
        "coordinates": [
          -114.0160823,
          46.6980024
        ]
      }
    },
    {
      "type": "Feature",
      "properties": {
        "file": "leg11_m009_b258_2026-06-17T15-18-00.jpg",
        "leg": "leg11",
        "mark_index": 9,
        "along_track_m": 9.0,
        "achieved_heading": 251.90731503192254,
        "target_bearing": 258.2187023503624,
        "fix_type": 6,
        "hacc_m": 0.014,
        "corrupt": false,
        "position_interpolated": true,
        "captured_at_utc": "2026-06-17T21:18:00.800108+00:00"
      },
      "geometry": {
        "type": "Point",
        "coordinates": [
          -114.0160954,
          46.6980005
        ]
      }
    },
    {
      "type": "Feature",
      "properties": {
        "file": "leg11_m010_b258_2026-06-17T15-18-01.jpg",
        "leg": "leg11",
        "mark_index": 10,
        "along_track_m": 10.0,
        "achieved_heading": 252.7749925812834,
        "target_bearing": 258.2187023503624,
        "fix_type": 6,
        "hacc_m": 0.014,
        "corrupt": false,
        "position_interpolated": true,
        "captured_at_utc": "2026-06-17T21:18:01.848545+00:00"
      },
      "geometry": {
        "type": "Point",
        "coordinates": [
          -114.01610969194158,
          46.697998381699044
        ]
      }
    },
    {
      "type": "Feature",
      "properties": {
        "file": "leg11_m011_b258_2026-06-17T15-18-02.jpg",
        "leg": "leg11",
        "mark_index": 11,
        "along_track_m": 11.0,
        "achieved_heading": 251.90186201623797,
        "target_bearing": 258.2187023503624,
        "fix_type": 6,
        "hacc_m": 0.014,
        "corrupt": false,
        "position_interpolated": true,
        "captured_at_utc": "2026-06-17T21:18:02.760017+00:00"
      },
      "geometry": {
        "type": "Point",
        "coordinates": [
          -114.01612087198127,
          46.6979966224637
        ]
      }
    },
    {
      "type": "Feature",
      "properties": {
        "file": "leg11_m012_b258_2026-06-17T15-18-03.jpg",
        "leg": "leg11",
        "mark_index": 12,
        "along_track_m": 12.0,
        "achieved_heading": 252.07481158596426,
        "target_bearing": 258.2187023503624,
        "fix_type": 6,
        "hacc_m": 0.014,
        "corrupt": false,
        "position_interpolated": true,
        "captured_at_utc": "2026-06-17T21:18:03.872399+00:00"
      },
      "geometry": {
        "type": "Point",
        "coordinates": [
          -114.01613496835621,
          46.697994251797255
        ]
      }
    },
    {
      "type": "Feature",
      "properties": {
        "file": "leg11_m013_b258_2026-06-17T15-18-05.jpg",
        "leg": "leg11",
        "mark_index": 13,
        "along_track_m": 13.0,
        "achieved_heading": 253.27717288968742,
        "target_bearing": 258.2187023503624,
        "fix_type": 6,
        "hacc_m": 0.014,
        "corrupt": false,
        "position_interpolated": true,
        "captured_at_utc": "2026-06-17T21:18:04.935794+00:00"
      },
      "geometry": {
        "type": "Point",
        "coordinates": [
          -114.01614769999999,
          46.697992
        ]
      }
    },
    {
      "type": "Feature",
      "properties": {
        "file": "leg11_m014_b258_2026-06-17T15-18-05.jpg",
        "leg": "leg11",
        "mark_index": 14,
        "along_track_m": 14.0,
        "achieved_heading": 254.51438635635867,
        "target_bearing": 258.2187023503624,
        "fix_type": 6,
        "hacc_m": 0.014,
        "corrupt": false,
        "position_interpolated": true,
        "captured_at_utc": "2026-06-17T21:18:05.837852+00:00"
      },
      "geometry": {
        "type": "Point",
        "coordinates": [
          -114.0161599526442,
          46.697990435576926
        ]
      }
    },
    {
      "type": "Feature",
      "properties": {
        "file": "leg11_m015_b258_2026-06-17T15-18-06.jpg",
        "leg": "leg11",
        "mark_index": 15,
        "along_track_m": 15.0,
        "achieved_heading": 253.47749157501758,
        "target_bearing": 258.2187023503624,
        "fix_type": 6,
        "hacc_m": 0.014,
        "corrupt": false,
        "position_interpolated": true,
        "captured_at_utc": "2026-06-17T21:18:06.884112+00:00"
      },
      "geometry": {
        "type": "Point",
        "coordinates": [
          -114.01617372683604,
          46.697988931518914
        ]
      }
    },
    {
      "type": "Feature",
      "properties": {
        "file": "leg11_m016_b258_2026-06-17T15-18-08.jpg",
        "leg": "leg11",
        "mark_index": 16,
        "along_track_m": 16.0,
        "achieved_heading": 253.1734692970098,
        "target_bearing": 258.2187023503624,
        "fix_type": 6,
        "hacc_m": 0.014,
        "corrupt": false,
        "position_interpolated": true,
        "captured_at_utc": "2026-06-17T21:18:07.933218+00:00"
      },
      "geometry": {
        "type": "Point",
        "coordinates": [
          -114.0161859,
          46.697987399999995
        ]
      }
    },
    {
      "type": "Feature",
      "properties": {
        "file": "leg11_m017_b258_2026-06-17T15-18-08.jpg",
        "leg": "leg11",
        "mark_index": 17,
        "along_track_m": 17.0,
        "achieved_heading": 252.734750296326,
        "target_bearing": 258.2187023503624,
        "fix_type": 6,
        "hacc_m": 0.014,
        "corrupt": false,
        "position_interpolated": true,
        "captured_at_utc": "2026-06-17T21:18:08.846373+00:00"
      },
      "geometry": {
        "type": "Point",
        "coordinates": [
          -114.01619829695687,
          46.697985440608626
        ]
      }
    },
    {
      "type": "Feature",
      "properties": {
        "file": "leg11_m018_b258_2026-06-17T15-18-09.jpg",
        "leg": "leg11",
        "mark_index": 18,
        "along_track_m": 18.0,
        "achieved_heading": 252.8605339721598,
        "target_bearing": 258.2187023503624,
        "fix_type": 6,
        "hacc_m": 0.014,
        "corrupt": false,
        "position_interpolated": true,
        "captured_at_utc": "2026-06-17T21:18:09.918389+00:00"
      },
      "geometry": {
        "type": "Point",
        "coordinates": [
          -114.016212,
          46.6979833
        ]
      }
    },
    {
      "type": "Feature",
      "properties": {
        "file": "leg11_m019_b258_2026-06-17T15-18-11.jpg",
        "leg": "leg11",
        "mark_index": 19,
        "along_track_m": 19.0,
        "achieved_heading": 253.69037305518208,
        "target_bearing": 258.2187023503624,
        "fix_type": 6,
        "hacc_m": 0.014,
        "corrupt": false,
        "position_interpolated": true,
        "captured_at_utc": "2026-06-17T21:18:10.942219+00:00"
      },
      "geometry": {
        "type": "Point",
        "coordinates": [
          -114.01622479999999,
          46.697981399999996
        ]
      }
    },
    {
      "type": "Feature",
      "properties": {
        "file": "leg11_m020_b258_2026-06-17T15-18-11.jpg",
        "leg": "leg11",
        "mark_index": 20,
        "along_track_m": 20.0,
        "achieved_heading": 254.24826839812584,
        "target_bearing": 258.2187023503624,
        "fix_type": 6,
        "hacc_m": 0.014,
        "corrupt": false,
        "position_interpolated": true,
        "captured_at_utc": "2026-06-17T21:18:11.857959+00:00"
      },
      "geometry": {
        "type": "Point",
        "coordinates": [
          -114.01623685219528,
          46.69797951996384
        ]
      }
    },
    {
      "type": "Feature",
      "properties": {
        "file": "leg11_m021_b258_2026-06-17T15-18-12.jpg",
        "leg": "leg11",
        "mark_index": 21,
        "along_track_m": 21.0,
        "achieved_heading": 254.93477501001087,
        "target_bearing": 258.2187023503624,
        "fix_type": 6,
        "hacc_m": 0.014,
        "corrupt": false,
        "position_interpolated": true,
        "captured_at_utc": "2026-06-17T21:18:12.907860+00:00"
      },
      "geometry": {
        "type": "Point",
        "coordinates": [
          -114.0162503,
          46.6979774
        ]
      }
    },
    {
      "type": "Feature",
      "properties": {
        "file": "leg11_m022_b258_2026-06-17T15-18-14.jpg",
        "leg": "leg11",
        "mark_index": 22,
        "along_track_m": 22.0,
        "achieved_heading": 255.03509215755858,
        "target_bearing": 258.2187023503624,
        "fix_type": 6,
        "hacc_m": 0.014,
        "corrupt": false,
        "position_interpolated": true,
        "captured_at_utc": "2026-06-17T21:18:13.973744+00:00"
      },
      "geometry": {
        "type": "Point",
        "coordinates": [
          -114.0162634,
          46.6979756
        ]
      }
    },
    {
      "type": "Feature",
      "properties": {
        "file": "leg11_m023_b258_2026-06-17T15-18-14.jpg",
        "leg": "leg11",
        "mark_index": 23,
        "along_track_m": 23.0,
        "achieved_heading": 254.83641194247454,
        "target_bearing": 258.2187023503624,
        "fix_type": 6,
        "hacc_m": 0.014,
        "corrupt": false,
        "position_interpolated": true,
        "captured_at_utc": "2026-06-17T21:18:14.876163+00:00"
      },
      "geometry": {
        "type": "Point",
        "coordinates": [
          -114.01627554556538,
          46.69797384430433
        ]
      }
    },
    {
      "type": "Feature",
      "properties": {
        "file": "leg11_m024_b258_2026-06-17T15-18-16.jpg",
        "leg": "leg11",
        "mark_index": 24,
        "along_track_m": 24.0,
        "achieved_heading": 255.9644868382997,
        "target_bearing": 258.2187023503624,
        "fix_type": 6,
        "hacc_m": 0.014,
        "corrupt": false,
        "position_interpolated": true,
        "captured_at_utc": "2026-06-17T21:18:15.925580+00:00"
      },
      "geometry": {
        "type": "Point",
        "coordinates": [
          -114.01628889999999,
          46.697972
        ]
      }
    },
    {
      "type": "Feature",
      "properties": {
        "file": "leg11_m025_b258_2026-06-17T15-18-16.jpg",
        "leg": "leg11",
        "mark_index": 25,
        "along_track_m": 25.0,
        "achieved_heading": 255.87212108395954,
        "target_bearing": 258.2187023503624,
        "fix_type": 6,
        "hacc_m": 0.014,
        "corrupt": false,
        "position_interpolated": true,
        "captured_at_utc": "2026-06-17T21:18:16.827324+00:00"
      },
      "geometry": {
        "type": "Point",
        "coordinates": [
          -114.01630089166457,
          46.69797027756426
        ]
      }
    },
    {
      "type": "Feature",
      "properties": {
        "file": "leg11_m026_b258_2026-06-17T15-18-17.jpg",
        "leg": "leg11",
        "mark_index": 26,
        "along_track_m": 26.0,
        "achieved_heading": 256.4686653750664,
        "target_bearing": 258.2187023503624,
        "fix_type": 6,
        "hacc_m": 0.014,
        "corrupt": false,
        "position_interpolated": true,
        "captured_at_utc": "2026-06-17T21:18:17.819936+00:00"
      },
      "geometry": {
        "type": "Point",
        "coordinates": [
          -114.01631373961338,
          46.697968482884754
        ]
      }
    },
    {
      "type": "Feature",
      "properties": {
        "file": "leg11_m027_b258_2026-06-17T15-18-18.jpg",
        "leg": "leg11",
        "mark_index": 27,
        "along_track_m": 27.0,
        "achieved_heading": 254.94342249794465,
        "target_bearing": 258.2187023503624,
        "fix_type": 6,
        "hacc_m": 0.014,
        "corrupt": false,
        "position_interpolated": true,
        "captured_at_utc": "2026-06-17T21:18:18.868230+00:00"
      },
      "geometry": {
        "type": "Point",
        "coordinates": [
          -114.01632747658712,
          46.69796655607995
        ]
      }
    },
    {
      "type": "Feature",
      "properties": {
        "file": "leg11_m028_b258_2026-06-17T15-18-19.jpg",
        "leg": "leg11",
        "mark_index": 28,
        "along_track_m": 28.0,
        "achieved_heading": 255.17103444963502,
        "target_bearing": 258.2187023503624,
        "fix_type": 6,
        "hacc_m": 0.014,
        "corrupt": false,
        "position_interpolated": true,
        "captured_at_utc": "2026-06-17T21:18:19.914126+00:00"
      },
      "geometry": {
        "type": "Point",
        "coordinates": [
          -114.0163403,
          46.6979648
        ]
      }
    },
    {
      "type": "Feature",
      "properties": {
        "file": "leg11_m029_b258_2026-06-17T15-18-20.jpg",
        "leg": "leg11",
        "mark_index": 29,
        "along_track_m": 29.0,
        "achieved_heading": 254.83132199951086,
        "target_bearing": 258.2187023503624,
        "fix_type": 6,
        "hacc_m": 0.014,
        "corrupt": false,
        "position_interpolated": true,
        "captured_at_utc": "2026-06-17T21:18:20.891690+00:00"
      },
      "geometry": {
        "type": "Point",
        "coordinates": [
          -114.01635246517338,
          46.697962919260945
        ]
      }
    },
    {
      "type": "Feature",
      "properties": {
        "file": "leg11_m030_b258_2026-06-17T15-18-22.jpg",
        "leg": "leg11",
        "mark_index": 30,
        "along_track_m": 30.0,
        "achieved_heading": 254.82358381335527,
        "target_bearing": 258.2187023503624,
        "fix_type": 6,
        "hacc_m": 0.014,
        "corrupt": false,
        "position_interpolated": true,
        "captured_at_utc": "2026-06-17T21:18:21.932976+00:00"
      },
      "geometry": {
        "type": "Point",
        "coordinates": [
          -114.0163652,
          46.6979611
        ]
      }
    },
    {
      "type": "Feature",
      "properties": {
        "file": "leg11_m031_b258_2026-06-17T15-18-22.jpg",
        "leg": "leg11",
        "mark_index": 31,
        "along_track_m": 31.0,
        "achieved_heading": 255.5313933339299,
        "target_bearing": 258.2187023503624,
        "fix_type": 6,
        "hacc_m": 0.014,
        "corrupt": false,
        "position_interpolated": true,
        "captured_at_utc": "2026-06-17T21:18:22.925663+00:00"
      },
      "geometry": {
        "type": "Point",
        "coordinates": [
          -114.01637799999999,
          46.6979592
        ]
      }
    },
    {
      "type": "Feature",
      "properties": {
        "file": "leg11_m032_b258_2026-06-17T15-18-23.jpg",
        "leg": "leg11",
        "mark_index": 32,
        "along_track_m": 32.0,
        "achieved_heading": 256.2051252221121,
        "target_bearing": 258.2187023503624,
        "fix_type": 6,
        "hacc_m": 0.014,
        "corrupt": false,
        "position_interpolated": true,
        "captured_at_utc": "2026-06-17T21:18:23.971250+00:00"
      },
      "geometry": {
        "type": "Point",
        "coordinates": [
          -114.0163906,
          46.6979572
        ]
      }
    },
    {
      "type": "Feature",
      "properties": {
        "file": "leg11_m033_b258_2026-06-17T15-18-24.jpg",
        "leg": "leg11",
        "mark_index": 33,
        "along_track_m": 33.0,
        "achieved_heading": 256.86276375953264,
        "target_bearing": 258.2187023503624,
        "fix_type": 6,
        "hacc_m": 0.014,
        "corrupt": false,
        "position_interpolated": true,
        "captured_at_utc": "2026-06-17T21:18:24.814403+00:00"
      },
      "geometry": {
        "type": "Point",
        "coordinates": [
          -114.01640196710147,
          46.6979556265797
        ]
      }
    },
    {
      "type": "Feature",
      "properties": {
        "file": "leg11_m034_b258_2026-06-17T15-18-25.jpg",
        "leg": "leg11",
        "mark_index": 34,
        "along_track_m": 34.0,
        "achieved_heading": 257.43625241361934,
        "target_bearing": 258.2187023503624,
        "fix_type": 6,
        "hacc_m": 0.014,
        "corrupt": false,
        "position_interpolated": true,
        "captured_at_utc": "2026-06-17T21:18:25.928473+00:00"
      },
      "geometry": {
        "type": "Point",
        "coordinates": [
          -114.01641579999999,
          46.6979536
        ]
      }
    },
    {
      "type": "Feature",
      "properties": {
        "file": "leg11_m035_b258_2026-06-17T15-18-27.jpg",
        "leg": "leg11",
        "mark_index": 35,
        "along_track_m": 35.0,
        "achieved_heading": 258.0161341203676,
        "target_bearing": 258.2187023503624,
        "fix_type": 6,
        "hacc_m": 0.014,
        "corrupt": false,
        "position_interpolated": true,
        "captured_at_utc": "2026-06-17T21:18:27.135941+00:00"
      },
      "geometry": {
        "type": "Point",
        "coordinates": [
          -114.0164305,
          46.697951499999995
        ]
      }
    },
    {
      "type": "Feature",
      "properties": {
        "file": "leg11_m036_b258_2026-06-17T15-18-28.jpg",
        "leg": "leg11",
        "mark_index": 36,
        "along_track_m": 36.0,
        "achieved_heading": 257.7609627386606,
        "target_bearing": 258.2187023503624,
        "fix_type": 6,
        "hacc_m": 0.014,
        "corrupt": false,
        "position_interpolated": true,
        "captured_at_utc": "2026-06-17T21:18:28.033927+00:00"
      },
      "geometry": {
        "type": "Point",
        "coordinates": [
          -114.0164421907944,
          46.697950055262396
        ]
      }
    },
    {
      "type": "Feature",
      "properties": {
        "file": "leg11_m037_b258_2026-06-17T15-18-29.jpg",
        "leg": "leg11",
        "mark_index": 37,
        "along_track_m": 37.0,
        "achieved_heading": 258.12828075452063,
        "target_bearing": 258.2187023503624,
        "fix_type": 6,
        "hacc_m": 0.014,
        "corrupt": false,
        "position_interpolated": true,
        "captured_at_utc": "2026-06-17T21:18:29.085276+00:00"
      },
      "geometry": {
        "type": "Point",
        "coordinates": [
          -114.01645500891904,
          46.6979485264619
        ]
      }
    },
    {
      "type": "Feature",
      "properties": {
        "file": "leg11_m038_b258_2026-06-17T15-18-30.jpg",
        "leg": "leg11",
        "mark_index": 38,
        "along_track_m": 38.0,
        "achieved_heading": 255.80756273066476,
        "target_bearing": 258.2187023503624,
        "fix_type": 6,
        "hacc_m": 0.014,
        "corrupt": false,
        "position_interpolated": true,
        "captured_at_utc": "2026-06-17T21:18:30.347318+00:00"
      },
      "geometry": {
        "type": "Point",
        "coordinates": [
          -114.016469,
          46.6979463
        ]
      }
    },
    {
      "type": "Feature",
      "properties": {
        "file": "leg11_m039_b258_2026-06-17T15-18-31.jpg",
        "leg": "leg11",
        "mark_index": 39,
        "along_track_m": 39.0,
        "achieved_heading": 256.6372690942097,
        "target_bearing": 258.2187023503624,
        "fix_type": 6,
        "hacc_m": 0.014,
        "corrupt": false,
        "position_interpolated": true,
        "captured_at_utc": "2026-06-17T21:18:31.267792+00:00"
      },
      "geometry": {
        "type": "Point",
        "coordinates": [
          -114.01648150961162,
          46.697944694305455
        ]
      }
    },
    {
      "type": "Feature",
      "properties": {
        "file": "leg11_m040_b258_2026-06-17T15-18-32.jpg",
        "leg": "leg11",
        "mark_index": 40,
        "along_track_m": 40.0,
        "achieved_heading": 256.6145600583171,
        "target_bearing": 258.2187023503624,
        "fix_type": 6,
        "hacc_m": 0.014,
        "corrupt": false,
        "position_interpolated": true,
        "captured_at_utc": "2026-06-17T21:18:32.283113+00:00"
      },
      "geometry": {
        "type": "Point",
        "coordinates": [
          -114.01649453664614,
          46.697943039015385
        ]
      }
    },
    {
      "type": "Feature",
      "properties": {
        "file": "leg11_m041_b258_2026-06-17T15-18-33.jpg",
        "leg": "leg11",
        "mark_index": 41,
        "along_track_m": 41.0,
        "achieved_heading": 255.28794381642115,
        "target_bearing": 258.2187023503624,
        "fix_type": 6,
        "hacc_m": 0.014,
        "corrupt": false,
        "position_interpolated": true,
        "captured_at_utc": "2026-06-17T21:18:33.286521+00:00"
      },
      "geometry": {
        "type": "Point",
        "coordinates": [
          -114.01650667366988,
          46.69794122715961
        ]
      }
    },
    {
      "type": "Feature",
      "properties": {
        "file": "leg11_m042_b258_2026-06-17T15-18-34.jpg",
        "leg": "leg11",
        "mark_index": 42,
        "along_track_m": 42.0,
        "achieved_heading": 255.42054338925405,
        "target_bearing": 258.2187023503624,
        "fix_type": 6,
        "hacc_m": 0.014,
        "corrupt": false,
        "position_interpolated": true,
        "captured_at_utc": "2026-06-17T21:18:34.345403+00:00"
      },
      "geometry": {
        "type": "Point",
        "coordinates": [
          -114.01651989999999,
          46.6979392
        ]
      }
    },
    {
      "type": "Feature",
      "properties": {
        "file": "leg11_m043_b258_2026-06-17T15-18-35.jpg",
        "leg": "leg11",
        "mark_index": 43,
        "along_track_m": 43.0,
        "achieved_heading": 254.58641654979704,
        "target_bearing": 258.2187023503624,
        "fix_type": 6,
        "hacc_m": 0.014,
        "corrupt": false,
        "position_interpolated": true,
        "captured_at_utc": "2026-06-17T21:18:35.315871+00:00"
      },
      "geometry": {
        "type": "Point",
        "coordinates": [
          -114.0165322,
          46.697937599999996
        ]
      }
    },
    {
      "type": "Feature",
      "properties": {
        "file": "leg11_m044_b258_2026-06-17T15-18-36.jpg",
        "leg": "leg11",
        "mark_index": 44,
        "along_track_m": 44.0,
        "achieved_heading": 257.5333445511152,
        "target_bearing": 258.2187023503624,
        "fix_type": 6,
        "hacc_m": 0.014,
        "corrupt": false,
        "position_interpolated": true,
        "captured_at_utc": "2026-06-17T21:18:36.576833+00:00"
      },
      "geometry": {
        "type": "Point",
        "coordinates": [
          -114.01654409999999,
          46.697935099999995
        ]
      }
    },
    {
      "type": "Feature",
      "properties": {
        "file": "leg11_m045_b258_2026-06-17T15-18-37.jpg",
        "leg": "leg11",
        "mark_index": 45,
        "along_track_m": 45.0,
        "achieved_heading": 258.3344337994553,
        "target_bearing": 258.2187023503624,
        "fix_type": 6,
        "hacc_m": 0.014,
        "corrupt": false,
        "position_interpolated": true,
        "captured_at_utc": "2026-06-17T21:18:37.618433+00:00"
      },
      "geometry": {
        "type": "Point",
        "coordinates": [
          -114.01655814301208,
          46.69793322683855
        ]
      }
    },
    {
      "type": "Feature",
      "properties": {
        "file": "leg11_m046_b258_2026-06-17T15-18-38.jpg",
        "leg": "leg11",
        "mark_index": 46,
        "along_track_m": 46.0,
        "achieved_heading": 257.87864251970404,
        "target_bearing": 258.2187023503624,
        "fix_type": 6,
        "hacc_m": 0.014,
        "corrupt": false,
        "position_interpolated": true,
        "captured_at_utc": "2026-06-17T21:18:38.750054+00:00"
      },
      "geometry": {
        "type": "Point",
        "coordinates": [
          -114.01657189999999,
          46.6979318
        ]
      }
    },
    {
      "type": "Feature",
      "properties": {
        "file": "leg11_m047_b258_2026-06-17T15-18-39.jpg",
        "leg": "leg11",
        "mark_index": 47,
        "along_track_m": 47.0,
        "achieved_heading": 255.9990347304107,
        "target_bearing": 258.2187023503624,
        "fix_type": 6,
        "hacc_m": 0.014,
        "corrupt": false,
        "position_interpolated": true,
        "captured_at_utc": "2026-06-17T21:18:39.729601+00:00"
      },
      "geometry": {
        "type": "Point",
        "coordinates": [
          -114.01658479999999,
          46.6979301
        ]
      }
    },
    {
      "type": "Feature",
      "properties": {
        "file": "leg11_m048_b258_2026-06-17T15-18-40.jpg",
        "leg": "leg11",
        "mark_index": 48,
        "along_track_m": 48.0,
        "achieved_heading": 256.2030390214513,
        "target_bearing": 258.2187023503624,
        "fix_type": 6,
        "hacc_m": 0.014,
        "corrupt": false,
        "position_interpolated": true,
        "captured_at_utc": "2026-06-17T21:18:40.626472+00:00"
      },
      "geometry": {
        "type": "Point",
        "coordinates": [
          -114.01659665379596,
          46.697928567392644
        ]
      }
    },
    {
      "type": "Feature",
      "properties": {
        "file": "leg11_m049_b258_2026-06-17T15-18-41.jpg",
        "leg": "leg11",
        "mark_index": 49,
        "along_track_m": 49.0,
        "achieved_heading": 254.95198452431788,
        "target_bearing": 258.2187023503624,
        "fix_type": 6,
        "hacc_m": 0.014,
        "corrupt": false,
        "position_interpolated": true,
        "captured_at_utc": "2026-06-17T21:18:41.694570+00:00"
      },
      "geometry": {
        "type": "Point",
        "coordinates": [
          -114.01661025232696,
          46.69792652839866
        ]
      }
    },
    {
      "type": "Feature",
      "properties": {
        "file": "leg11_m050_b258_2026-06-17T15-18-42.jpg",
        "leg": "leg11",
        "mark_index": 50,
        "along_track_m": 50.0,
        "achieved_heading": 257.12761277132887,
        "target_bearing": 258.2187023503624,
        "fix_type": 6,
        "hacc_m": 0.014,
        "corrupt": false,
        "position_interpolated": true,
        "captured_at_utc": "2026-06-17T21:18:42.737947+00:00"
      },
      "geometry": {
        "type": "Point",
        "coordinates": [
          -114.01662309999999,
          46.6979244
        ]
      }
    },
    {
      "type": "Feature",
      "properties": {
        "file": "leg11_m051_b258_2026-06-17T15-18-43.jpg",
        "leg": "leg11",
        "mark_index": 51,
        "along_track_m": 51.0,
        "achieved_heading": 266.25127785622254,
        "target_bearing": 258.2187023503624,
        "fix_type": 6,
        "hacc_m": 0.014,
        "corrupt": false,
        "position_interpolated": true,
        "captured_at_utc": "2026-06-17T21:18:43.644164+00:00"
      },
      "geometry": {
        "type": "Point",
        "coordinates": [
          -114.01663510560131,
          46.697923030553795
        ]
      }
    }
  ]
}