{
  "type": "FeatureCollection",
  "name": "captures",
  "crs": {
    "type": "name",
    "properties": {
      "name": "urn:ogc:def:crs:OGC:1.3:CRS84"
    }
  },
  "features": [
    {
      "type": "Feature",
      "properties": {
        "file": "leg01_m000_b023_2026-06-18T16-10-19.jpg",
        "leg": "leg01",
        "mark_index": 0,
        "along_track_m": 0.0,
        "achieved_heading": 21.523818846856344,
        "target_bearing": 23.473044154305967,
        "fix_type": 6,
        "hacc_m": 0.014,
        "corrupt": false,
        "position_interpolated": true,
        "captured_at_utc": "2026-06-18T22:10:19.365547+00:00"
      },
      "geometry": {
        "type": "Point",
        "coordinates": [
          -114.0060688,
          46.6753151
        ]
      }
    },
    {
      "type": "Feature",
      "properties": {
        "file": "leg01_m001_b023_2026-06-18T16-10-21.jpg",
        "leg": "leg01",
        "mark_index": 1,
        "along_track_m": 1.0,
        "achieved_heading": 18.588727949739692,
        "target_bearing": 23.473044154305967,
        "fix_type": 6,
        "hacc_m": 0.014,
        "corrupt": false,
        "position_interpolated": true,
        "captured_at_utc": "2026-06-18T22:10:21.116047+00:00"
      },
      "geometry": {
        "type": "Point",
        "coordinates": [
          -114.00606661661224,
          46.67532620032654
        ]
      }
    },
    {
      "type": "Feature",
      "properties": {
        "file": "leg01_m002_b023_2026-06-18T16-10-22.jpg",
        "leg": "leg01",
        "mark_index": 2,
        "along_track_m": 2.0,
        "achieved_heading": 34.27253085897375,
        "target_bearing": 23.473044154305967,
        "fix_type": 6,
        "hacc_m": 0.014,
        "corrupt": false,
        "position_interpolated": true,
        "captured_at_utc": "2026-06-18T22:10:22.167544+00:00"
      },
      "geometry": {
        "type": "Point",
        "coordinates": [
          -114.0060637,
          46.675334299999996
        ]
      }
    },
    {
      "type": "Feature",
      "properties": {
        "file": "leg01_m003_b023_2026-06-18T16-10-23.jpg",
        "leg": "leg01",
        "mark_index": 3,
        "along_track_m": 3.0,
        "achieved_heading": 44.7400114097778,
        "target_bearing": 23.473044154305967,
        "fix_type": 6,
        "hacc_m": 0.014,
        "corrupt": false,
        "position_interpolated": true,
        "captured_at_utc": "2026-06-18T22:10:23.216916+00:00"
      },
      "geometry": {
        "type": "Point",
        "coordinates": [
          -114.00605739741238,
          46.675342345629595
        ]
      }
    },
    {
      "type": "Feature",
      "properties": {
        "file": "leg01_m004_b023_2026-06-18T16-10-24.jpg",
        "leg": "leg01",
        "mark_index": 4,
        "along_track_m": 4.0,
        "achieved_heading": 44.66100052982926,
        "target_bearing": 23.473044154305967,
        "fix_type": 6,
        "hacc_m": 0.014,
        "corrupt": false,
        "position_interpolated": true,
        "captured_at_utc": "2026-06-18T22:10:24.336000+00:00"
      },
      "geometry": {
        "type": "Point",
        "coordinates": [
          -114.0060498,
          46.6753503
        ]
      }
    },
    {
      "type": "Feature",
      "properties": {
        "file": "leg01_m005_b023_2026-06-18T16-10-25.jpg",
        "leg": "leg01",
        "mark_index": 5,
        "along_track_m": 5.0,
        "achieved_heading": 39.16696552809931,
        "target_bearing": 23.473044154305967,
        "fix_type": 6,
        "hacc_m": 0.014,
        "corrupt": false,
        "position_interpolated": true,
        "captured_at_utc": "2026-06-18T22:10:25.322604+00:00"
      },
      "geometry": {
        "type": "Point",
        "coordinates": [
          -114.00604342293273,
          46.67535767353914
        ]
      }
    },
    {
      "type": "Feature",
      "properties": {
        "file": "leg01_m006_b023_2026-06-18T16-10-26.jpg",
        "leg": "leg01",
        "mark_index": 6,
        "along_track_m": 6.0,
        "achieved_heading": 36.43124006512666,
        "target_bearing": 23.473044154305967,
        "fix_type": 6,
        "hacc_m": 0.014,
        "corrupt": false,
        "position_interpolated": true,
        "captured_at_utc": "2026-06-18T22:10:26.502075+00:00"
      },
      "geometry": {
        "type": "Point",
        "coordinates": [
          -114.00603677485074,
          46.67536648143657
        ]
      }
    },
    {
      "type": "Feature",
      "properties": {
        "file": "leg01_m007_b023_2026-06-18T16-10-27.jpg",
        "leg": "leg01",
        "mark_index": 7,
        "along_track_m": 7.0,
        "achieved_heading": 32.23946688786566,
        "target_bearing": 23.473044154305967,
        "fix_type": 6,
        "hacc_m": 0.014,
        "corrupt": false,
        "position_interpolated": true,
        "captured_at_utc": "2026-06-18T22:10:27.488651+00:00"
      },
      "geometry": {
        "type": "Point",
        "coordinates": [
          -114.00603168522778,
          46.67537422215831
        ]
      }
    },
    {
      "type": "Feature",
      "properties": {
        "file": "leg01_m008_b023_2026-06-18T16-10-28.jpg",
        "leg": "leg01",
        "mark_index": 8,
        "along_track_m": 8.0,
        "achieved_heading": 31.677260686176353,
        "target_bearing": 23.473044154305967,
        "fix_type": 6,
        "hacc_m": 0.014,
        "corrupt": false,
        "position_interpolated": true,
        "captured_at_utc": "2026-06-18T22:10:28.469663+00:00"
      },
      "geometry": {
        "type": "Point",
        "coordinates": [
          -114.00602702143316,
          46.67538218481283
        ]
      }
    },
    {
      "type": "Feature",
      "properties": {
        "file": "leg01_m009_b023_2026-06-18T16-10-29.jpg",
        "leg": "leg01",
        "mark_index": 9,
        "along_track_m": 9.0,
        "achieved_heading": 34.55885459991784,
        "target_bearing": 23.473044154305967,
        "fix_type": 6,
        "hacc_m": 0.014,
        "corrupt": false,
        "position_interpolated": true,
        "captured_at_utc": "2026-06-18T22:10:29.453571+00:00"
      },
      "geometry": {
        "type": "Point",
        "coordinates": [
          -114.00602191761,
          46.67539002948998
        ]
      }
    },
    {
      "type": "Feature",
      "properties": {
        "file": "leg01_m010_b023_2026-06-18T16-10-30.jpg",
        "leg": "leg01",
        "mark_index": 10,
        "along_track_m": 10.0,
        "achieved_heading": 32.594365193459836,
        "target_bearing": 23.473044154305967,
        "fix_type": 6,
        "hacc_m": 0.014,
        "corrupt": false,
        "position_interpolated": true,
        "captured_at_utc": "2026-06-18T22:10:30.705276+00:00"
      },
      "geometry": {
        "type": "Point",
        "coordinates": [
          -114.00601619142704,
          46.67539948667022
        ]
      }
    },
    {
      "type": "Feature",
      "properties": {
        "file": "leg01_m011_b023_2026-06-18T16-10-31.jpg",
        "leg": "leg01",
        "mark_index": 11,
        "along_track_m": 11.0,
        "achieved_heading": 32.20453707473631,
        "target_bearing": 23.473044154305967,
        "fix_type": 6,
        "hacc_m": 0.014,
        "corrupt": false,
        "position_interpolated": true,
        "captured_at_utc": "2026-06-18T22:10:31.765092+00:00"
      },
      "geometry": {
        "type": "Point",
        "coordinates": [
          -114.0060108,
          46.6754077
        ]
      }
    },
    {
      "type": "Feature",
      "properties": {
        "file": "leg01_m012_b023_2026-06-18T16-10-32.jpg",
        "leg": "leg01",
        "mark_index": 12,
        "along_track_m": 12.0,
        "achieved_heading": 33.14879755522456,
        "target_bearing": 23.473044154305967,
        "fix_type": 6,
        "hacc_m": 0.014,
        "corrupt": false,
        "position_interpolated": true,
        "captured_at_utc": "2026-06-18T22:10:32.804279+00:00"
      },
      "geometry": {
        "type": "Point",
        "coordinates": [
          -114.0060062,
          46.675415099999995
        ]
      }
    },
    {
      "type": "Feature",
      "properties": {
        "file": "leg01_m013_b023_2026-06-18T16-10-33.jpg",
        "leg": "leg01",
        "mark_index": 13,
        "along_track_m": 13.0,
        "achieved_heading": 32.52807947238783,
        "target_bearing": 23.473044154305967,
        "fix_type": 6,
        "hacc_m": 0.014,
        "corrupt": false,
        "position_interpolated": true,
        "captured_at_utc": "2026-06-18T22:10:33.860111+00:00"
      },
      "geometry": {
        "type": "Point",
        "coordinates": [
          -114.0060001824182,
          46.67542420378377
        ]
      }
    },
    {
      "type": "Feature",
      "properties": {
        "file": "leg01_m014_b023_2026-06-18T16-10-34.jpg",
        "leg": "leg01",
        "mark_index": 14,
        "along_track_m": 14.0,
        "achieved_heading": 32.469899926527546,
        "target_bearing": 23.473044154305967,
        "fix_type": 6,
        "hacc_m": 0.014,
        "corrupt": false,
        "position_interpolated": true,
        "captured_at_utc": "2026-06-18T22:10:34.912744+00:00"
      },
      "geometry": {
        "type": "Point",
        "coordinates": [
          -114.00599483991918,
          46.67543213014142
        ]
      }
    },
    {
      "type": "Feature",
      "properties": {
        "file": "leg01_m015_b023_2026-06-18T16-10-35.jpg",
        "leg": "leg01",
        "mark_index": 15,
        "along_track_m": 15.0,
        "achieved_heading": 31.530730679490517,
        "target_bearing": 23.473044154305967,
        "fix_type": 6,
        "hacc_m": 0.014,
        "corrupt": false,
        "position_interpolated": true,
        "captured_at_utc": "2026-06-18T22:10:35.897605+00:00"
      },
      "geometry": {
        "type": "Point",
        "coordinates": [
          -114.00598995920052,
          46.675439800999335
        ]
      }
    },
    {
      "type": "Feature",
      "properties": {
        "file": "leg01_m016_b023_2026-06-18T16-10-37.jpg",
        "leg": "leg01",
        "mark_index": 16,
        "along_track_m": 16.0,
        "achieved_heading": 30.654197024431014,
        "target_bearing": 23.473044154305967,
        "fix_type": 6,
        "hacc_m": 0.014,
        "corrupt": false,
        "position_interpolated": true,
        "captured_at_utc": "2026-06-18T22:10:37.010300+00:00"
      },
      "geometry": {
        "type": "Point",
        "coordinates": [
          -114.0059849,
          46.675447899999995
        ]
      }
    },
    {
      "type": "Feature",
      "properties": {
        "file": "leg01_m017_b023_2026-06-18T16-10-38.jpg",
        "leg": "leg01",
        "mark_index": 17,
        "along_track_m": 17.0,
        "achieved_heading": 32.64791106730736,
        "target_bearing": 23.473044154305967,
        "fix_type": 6,
        "hacc_m": 0.014,
        "corrupt": false,
        "position_interpolated": true,
        "captured_at_utc": "2026-06-18T22:10:38.126019+00:00"
      },
      "geometry": {
        "type": "Point",
        "coordinates": [
          -114.00597894179701,
          46.67545704300406
        ]
      }
    },
    {
      "type": "Feature",
      "properties": {
        "file": "leg01_m018_b023_2026-06-18T16-10-39.jpg",
        "leg": "leg01",
        "mark_index": 18,
        "along_track_m": 18.0,
        "achieved_heading": 32.7406879247051,
        "target_bearing": 23.473044154305967,
        "fix_type": 6,
        "hacc_m": 0.014,
        "corrupt": false,
        "position_interpolated": true,
        "captured_at_utc": "2026-06-18T22:10:39.115500+00:00"
      },
      "geometry": {
        "type": "Point",
        "coordinates": [
          -114.00597347318377,
          46.675464902421616
        ]
      }
    },
    {
      "type": "Feature",
      "properties": {
        "file": "leg01_m019_b023_2026-06-18T16-10-40.jpg",
        "leg": "leg01",
        "mark_index": 19,
        "along_track_m": 19.0,
        "achieved_heading": 29.088490437627698,
        "target_bearing": 23.473044154305967,
        "fix_type": 6,
        "hacc_m": 0.014,
        "corrupt": false,
        "position_interpolated": true,
        "captured_at_utc": "2026-06-18T22:10:40.162567+00:00"
      },
      "geometry": {
        "type": "Point",
        "coordinates": [
          -114.0059687,
          46.6754728
        ]
      }
    },
    {
      "type": "Feature",
      "properties": {
        "file": "leg01_m020_b023_2026-06-18T16-10-41.jpg",
        "leg": "leg01",
        "mark_index": 20,
        "along_track_m": 20.0,
        "achieved_heading": 29.648582985314263,
        "target_bearing": 23.473044154305967,
        "fix_type": 6,
        "hacc_m": 0.014,
        "corrupt": false,
        "position_interpolated": true,
        "captured_at_utc": "2026-06-18T22:10:41.279104+00:00"
      },
      "geometry": {
        "type": "Point",
        "coordinates": [
          -114.00596304266695,
          46.67548161173287
        ]
      }
    },
    {
      "type": "Feature",
      "properties": {
        "file": "leg01_m021_b023_2026-06-18T16-10-42.jpg",
        "leg": "leg01",
        "mark_index": 21,
        "along_track_m": 21.0,
        "achieved_heading": 27.856083286994604,
        "target_bearing": 23.473044154305967,
        "fix_type": 6,
        "hacc_m": 0.014,
        "corrupt": false,
        "position_interpolated": true,
        "captured_at_utc": "2026-06-18T22:10:42.404423+00:00"
      },
      "geometry": {
        "type": "Point",
        "coordinates": [
          -114.0059582,
          46.6754894
        ]
      }
    },
    {
      "type": "Feature",
      "properties": {
        "file": "leg01_m022_b023_2026-06-18T16-10-43.jpg",
        "leg": "leg01",
        "mark_index": 22,
        "along_track_m": 22.0,
        "achieved_heading": 28.979804964426762,
        "target_bearing": 23.473044154305967,
        "fix_type": 6,
        "hacc_m": 0.014,
        "corrupt": false,
        "position_interpolated": true,
        "captured_at_utc": "2026-06-18T22:10:43.317595+00:00"
      },
      "geometry": {
        "type": "Point",
        "coordinates": [
          -114.00595353770743,
          46.67549753212662
        ]
      }
    },
    {
      "type": "Feature",
      "properties": {
        "file": "leg01_m023_b023_2026-06-18T16-10-44.jpg",
        "leg": "leg01",
        "mark_index": 23,
        "along_track_m": 23.0,
        "achieved_heading": 29.15087216008716,
        "target_bearing": 23.473044154305967,
        "fix_type": 6,
        "hacc_m": 0.014,
        "corrupt": false,
        "position_interpolated": true,
        "captured_at_utc": "2026-06-18T22:10:44.428791+00:00"
      },
      "geometry": {
        "type": "Point",
        "coordinates": [
          -114.00594818176364,
          46.675506184193175
        ]
      }
    },
    {
      "type": "Feature",
      "properties": {
        "file": "leg01_m024_b023_2026-06-18T16-10-45.jpg",
        "leg": "leg01",
        "mark_index": 24,
        "along_track_m": 24.0,
        "achieved_heading": 30.14797483475091,
        "target_bearing": 23.473044154305967,
        "fix_type": 6,
        "hacc_m": 0.014,
        "corrupt": false,
        "position_interpolated": true,
        "captured_at_utc": "2026-06-18T22:10:45.481649+00:00"
      },
      "geometry": {
        "type": "Point",
        "coordinates": [
          -114.00594275157586,
          46.675514565459856
        ]
      }
    },
    {
      "type": "Feature",
      "properties": {
        "file": "leg01_m025_b023_2026-06-18T16-10-46.jpg",
        "leg": "leg01",
        "mark_index": 25,
        "along_track_m": 25.0,
        "achieved_heading": 28.333433455670374,
        "target_bearing": 23.473044154305967,
        "fix_type": 6,
        "hacc_m": 0.014,
        "corrupt": false,
        "position_interpolated": true,
        "captured_at_utc": "2026-06-18T22:10:46.461568+00:00"
      },
      "geometry": {
        "type": "Point",
        "coordinates": [
          -114.00593805414044,
          46.675522104203374
        ]
      }
    },
    {
      "type": "Feature",
      "properties": {
        "file": "leg01_m026_b023_2026-06-18T16-10-47.jpg",
        "leg": "leg01",
        "mark_index": 26,
        "along_track_m": 26.0,
        "achieved_heading": 29.00260977678637,
        "target_bearing": 23.473044154305967,
        "fix_type": 6,
        "hacc_m": 0.014,
        "corrupt": false,
        "position_interpolated": true,
        "captured_at_utc": "2026-06-18T22:10:47.582084+00:00"
      },
      "geometry": {
        "type": "Point",
        "coordinates": [
          -114.005933,
          46.675530599999995
        ]
      }
    },
    {
      "type": "Feature",
      "properties": {
        "file": "leg01_m027_b023_2026-06-18T16-10-48.jpg",
        "leg": "leg01",
        "mark_index": 27,
        "along_track_m": 27.0,
        "achieved_heading": 31.75096165182447,
        "target_bearing": 23.473044154305967,
        "fix_type": 6,
        "hacc_m": 0.014,
        "corrupt": false,
        "position_interpolated": true,
        "captured_at_utc": "2026-06-18T22:10:48.622705+00:00"
      },
      "geometry": {
        "type": "Point",
        "coordinates": [
          -114.00592758521056,
          46.67553880838752
        ]
      }
    },
    {
      "type": "Feature",
      "properties": {
        "file": "leg01_m028_b023_2026-06-18T16-10-49.jpg",
        "leg": "leg01",
        "mark_index": 28,
        "along_track_m": 28.0,
        "achieved_heading": 29.484135600914357,
        "target_bearing": 23.473044154305967,
        "fix_type": 6,
        "hacc_m": 0.014,
        "corrupt": false,
        "position_interpolated": true,
        "captured_at_utc": "2026-06-18T22:10:49.752866+00:00"
      },
      "geometry": {
        "type": "Point",
        "coordinates": [
          -114.0059217,
          46.6755469
        ]
      }
    },
    {
      "type": "Feature",
      "properties": {
        "file": "leg01_m029_b023_2026-06-18T16-10-51.jpg",
        "leg": "leg01",
        "mark_index": 29,
        "along_track_m": 29.0,
        "achieved_heading": 27.746841057926105,
        "target_bearing": 23.473044154305967,
        "fix_type": 6,
        "hacc_m": 0.014,
        "corrupt": false,
        "position_interpolated": true,
        "captured_at_utc": "2026-06-18T22:10:50.951290+00:00"
      },
      "geometry": {
        "type": "Point",
        "coordinates": [
          -114.0059163,
          46.675556
        ]
      }
    },
    {
      "type": "Feature",
      "properties": {
        "file": "leg01_m030_b023_2026-06-18T16-10-51.jpg",
        "leg": "leg01",
        "mark_index": 30,
        "along_track_m": 30.0,
        "achieved_heading": 28.388539483995913,
        "target_bearing": 23.473044154305967,
        "fix_type": 6,
        "hacc_m": 0.014,
        "corrupt": false,
        "position_interpolated": true,
        "captured_at_utc": "2026-06-18T22:10:51.933919+00:00"
      },
      "geometry": {
        "type": "Point",
        "coordinates": [
          -114.0059113,
          46.6755639
        ]
      }
    },
    {
      "type": "Feature",
      "properties": {
        "file": "leg01_m031_b023_2026-06-18T16-10-52.jpg",
        "leg": "leg01",
        "mark_index": 31,
        "along_track_m": 31.0,
        "achieved_heading": 28.13690096022698,
        "target_bearing": 23.473044154305967,
        "fix_type": 6,
        "hacc_m": 0.014,
        "corrupt": false,
        "position_interpolated": true,
        "captured_at_utc": "2026-06-18T22:10:52.904965+00:00"
      },
      "geometry": {
        "type": "Point",
        "coordinates": [
          -114.00590658140608,
          46.67557146432319
        ]
      }
    },
    {
      "type": "Feature",
      "properties": {
        "file": "leg01_m032_b023_2026-06-18T16-10-54.jpg",
        "leg": "leg01",
        "mark_index": 32,
        "along_track_m": 32.0,
        "achieved_heading": 26.31121375969424,
        "target_bearing": 23.473044154305967,
        "fix_type": 6,
        "hacc_m": 0.014,
        "corrupt": false,
        "position_interpolated": true,
        "captured_at_utc": "2026-06-18T22:10:54.089269+00:00"
      },
      "geometry": {
        "type": "Point",
        "coordinates": [
          -114.00590044350963,
          46.67558064580417
        ]
      }
    },
    {
      "type": "Feature",
      "properties": {
        "file": "leg01_m033_b023_2026-06-18T16-10-55.jpg",
        "leg": "leg01",
        "mark_index": 33,
        "along_track_m": 33.0,
        "achieved_heading": 27.10870704984943,
        "target_bearing": 23.473044154305967,
        "fix_type": 6,
        "hacc_m": 0.014,
        "corrupt": false,
        "position_interpolated": true,
        "captured_at_utc": "2026-06-18T22:10:55.079760+00:00"
      },
      "geometry": {
        "type": "Point",
        "coordinates": [
          -114.00589587865032,
          46.67558866822081
        ]
      }
    },
    {
      "type": "Feature",
      "properties": {
        "file": "leg01_m034_b023_2026-06-18T16-10-56.jpg",
        "leg": "leg01",
        "mark_index": 34,
        "along_track_m": 34.0,
        "achieved_heading": 28.403689295333038,
        "target_bearing": 23.473044154305967,
        "fix_type": 6,
        "hacc_m": 0.014,
        "corrupt": false,
        "position_interpolated": true,
        "captured_at_utc": "2026-06-18T22:10:56.197075+00:00"
      },
      "geometry": {
        "type": "Point",
        "coordinates": [
          -114.0058906,
          46.675596999999996
        ]
      }
    },
    {
      "type": "Feature",
      "properties": {
        "file": "leg01_m035_b023_2026-06-18T16-10-57.jpg",
        "leg": "leg01",
        "mark_index": 35,
        "along_track_m": 35.0,
        "achieved_heading": 27.989160365316934,
        "target_bearing": 23.473044154305967,
        "fix_type": 6,
        "hacc_m": 0.014,
        "corrupt": false,
        "position_interpolated": true,
        "captured_at_utc": "2026-06-18T22:10:57.110717+00:00"
      },
      "geometry": {
        "type": "Point",
        "coordinates": [
          -114.00588537892096,
          46.675604873726435
        ]
      }
    },
    {
      "type": "Feature",
      "properties": {
        "file": "leg01_m036_b023_2026-06-18T16-10-58.jpg",
        "leg": "leg01",
        "mark_index": 36,
        "along_track_m": 36.0,
        "achieved_heading": 27.574322937247842,
        "target_bearing": 23.473044154305967,
        "fix_type": 6,
        "hacc_m": 0.014,
        "corrupt": false,
        "position_interpolated": true,
        "captured_at_utc": "2026-06-18T22:10:58.228089+00:00"
      },
      "geometry": {
        "type": "Point",
        "coordinates": [
          -114.0058802,
          46.675613
        ]
      }
    },
    {
      "type": "Feature",
      "properties": {
        "file": "leg01_m037_b023_2026-06-18T16-10-59.jpg",
        "leg": "leg01",
        "mark_index": 37,
        "along_track_m": 37.0,
        "achieved_heading": 27.758579355397288,
        "target_bearing": 23.473044154305967,
        "fix_type": 6,
        "hacc_m": 0.014,
        "corrupt": false,
        "position_interpolated": true,
        "captured_at_utc": "2026-06-18T22:10:59.140016+00:00"
      },
      "geometry": {
        "type": "Point",
        "coordinates": [
          -114.00587519999999,
          46.675621
        ]
      }
    },
    {
      "type": "Feature",
      "properties": {
        "file": "leg01_m038_b023_2026-06-18T16-11-00.jpg",
        "leg": "leg01",
        "mark_index": 38,
        "along_track_m": 38.0,
        "achieved_heading": 27.383128306527993,
        "target_bearing": 23.473044154305967,
        "fix_type": 6,
        "hacc_m": 0.014,
        "corrupt": false,
        "position_interpolated": true,
        "captured_at_utc": "2026-06-18T22:11:00.195359+00:00"
      },
      "geometry": {
        "type": "Point",
        "coordinates": [
          -114.00586981488824,
          46.67562933854442
        ]
      }
    },
    {
      "type": "Feature",
      "properties": {
        "file": "leg01_m039_b023_2026-06-18T16-11-01.jpg",
        "leg": "leg01",
        "mark_index": 39,
        "along_track_m": 39.0,
        "achieved_heading": 27.957348444579893,
        "target_bearing": 23.473044154305967,
        "fix_type": 6,
        "hacc_m": 0.014,
        "corrupt": false,
        "position_interpolated": true,
        "captured_at_utc": "2026-06-18T22:11:01.305372+00:00"
      },
      "geometry": {
        "type": "Point",
        "coordinates": [
          -114.00586470026518,
          46.675638319522655
        ]
      }
    },
    {
      "type": "Feature",
      "properties": {
        "file": "leg01_m040_b023_2026-06-18T16-11-02.jpg",
        "leg": "leg01",
        "mark_index": 40,
        "along_track_m": 40.0,
        "achieved_heading": 27.87657365549866,
        "target_bearing": 23.473044154305967,
        "fix_type": 6,
        "hacc_m": 0.014,
        "corrupt": false,
        "position_interpolated": true,
        "captured_at_utc": "2026-06-18T22:11:02.351475+00:00"
      },
      "geometry": {
        "type": "Point",
        "coordinates": [
          -114.00585919999999,
          46.675646199999996
        ]
      }
    },
    {
      "type": "Feature",
      "properties": {
        "file": "leg01_m041_b023_2026-06-18T16-11-03.jpg",
        "leg": "leg01",
        "mark_index": 41,
        "along_track_m": 41.0,
        "achieved_heading": 25.390233585958498,
        "target_bearing": 23.473044154305967,
        "fix_type": 6,
        "hacc_m": 0.014,
        "corrupt": false,
        "position_interpolated": true,
        "captured_at_utc": "2026-06-18T22:11:03.408466+00:00"
      },
      "geometry": {
        "type": "Point",
        "coordinates": [
          -114.0058542,
          46.6756539
        ]
      }
    },
    {
      "type": "Feature",
      "properties": {
        "file": "leg01_m042_b023_2026-06-18T16-11-04.jpg",
        "leg": "leg01",
        "mark_index": 42,
        "along_track_m": 42.0,
        "achieved_heading": 26.344349217087213,
        "target_bearing": 23.473044154305967,
        "fix_type": 6,
        "hacc_m": 0.014,
        "corrupt": false,
        "position_interpolated": true,
        "captured_at_utc": "2026-06-18T22:11:04.386921+00:00"
      },
      "geometry": {
        "type": "Point",
        "coordinates": [
          -114.0058493,
          46.6756622
        ]
      }
    },
    {
      "type": "Feature",
      "properties": {
        "file": "leg01_m043_b023_2026-06-18T16-11-05.jpg",
        "leg": "leg01",
        "mark_index": 43,
        "along_track_m": 43.0,
        "achieved_heading": 28.784030713595797,
        "target_bearing": 23.473044154305967,
        "fix_type": 6,
        "hacc_m": 0.014,
        "corrupt": false,
        "position_interpolated": true,
        "captured_at_utc": "2026-06-18T22:11:05.502881+00:00"
      },
      "geometry": {
        "type": "Point",
        "coordinates": [
          -114.0058435890875,
          46.67567145152082
        ]
      }
    },
    {
      "type": "Feature",
      "properties": {
        "file": "leg01_m044_b023_2026-06-18T16-11-06.jpg",
        "leg": "leg01",
        "mark_index": 44,
        "along_track_m": 44.0,
        "achieved_heading": 28.547818410067364,
        "target_bearing": 23.473044154305967,
        "fix_type": 6,
        "hacc_m": 0.014,
        "corrupt": false,
        "position_interpolated": true,
        "captured_at_utc": "2026-06-18T22:11:06.488006+00:00"
      },
      "geometry": {
        "type": "Point",
        "coordinates": [
          -114.00583810458615,
          46.67567933961761
        ]
      }
    },
    {
      "type": "Feature",
      "properties": {
        "file": "leg01_m045_b023_2026-06-18T16-11-07.jpg",
        "leg": "leg01",
        "mark_index": 45,
        "along_track_m": 45.0,
        "achieved_heading": 26.00886423263428,
        "target_bearing": 23.473044154305967,
        "fix_type": 6,
        "hacc_m": 0.014,
        "corrupt": false,
        "position_interpolated": true,
        "captured_at_utc": "2026-06-18T22:11:07.534520+00:00"
      },
      "geometry": {
        "type": "Point",
        "coordinates": [
          -114.0058328,
          46.6756874
        ]
      }
    },
    {
      "type": "Feature",
      "properties": {
        "file": "leg01_m046_b023_2026-06-18T16-11-08.jpg",
        "leg": "leg01",
        "mark_index": 46,
        "along_track_m": 46.0,
        "achieved_heading": 24.796514908654018,
        "target_bearing": 23.473044154305967,
        "fix_type": 6,
        "hacc_m": 0.014,
        "corrupt": false,
        "position_interpolated": true,
        "captured_at_utc": "2026-06-18T22:11:08.728708+00:00"
      },
      "geometry": {
        "type": "Point",
        "coordinates": [
          -114.00582729999999,
          46.675696599999995
        ]
      }
    },
    {
      "type": "Feature",
      "properties": {
        "file": "leg01_m047_b023_2026-06-18T16-11-09.jpg",
        "leg": "leg01",
        "mark_index": 47,
        "along_track_m": 47.0,
        "achieved_heading": 25.01719513929909,
        "target_bearing": 23.473044154305967,
        "fix_type": 6,
        "hacc_m": 0.014,
        "corrupt": false,
        "position_interpolated": true,
        "captured_at_utc": "2026-06-18T22:11:09.644572+00:00"
      },
      "geometry": {
        "type": "Point",
        "coordinates": [
          -114.00582279897591,
          46.6757039858758
        ]
      }
    },
    {
      "type": "Feature",
      "properties": {
        "file": "leg01_m048_b023_2026-06-18T16-11-10.jpg",
        "leg": "leg01",
        "mark_index": 48,
        "along_track_m": 48.0,
        "achieved_heading": 25.83329248989523,
        "target_bearing": 23.473044154305967,
        "fix_type": 6,
        "hacc_m": 0.014,
        "corrupt": false,
        "position_interpolated": true,
        "captured_at_utc": "2026-06-18T22:11:10.691016+00:00"
      },
      "geometry": {
        "type": "Point",
        "coordinates": [
          -114.00581777315743,
          46.67571232294811
        ]
      }
    },
    {
      "type": "Feature",
      "properties": {
        "file": "leg01_m049_b023_2026-06-18T16-11-11.jpg",
        "leg": "leg01",
        "mark_index": 49,
        "along_track_m": 49.0,
        "achieved_heading": 25.56310614849025,
        "target_bearing": 23.473044154305967,
        "fix_type": 6,
        "hacc_m": 0.014,
        "corrupt": false,
        "position_interpolated": true,
        "captured_at_utc": "2026-06-18T22:11:11.671969+00:00"
      },
      "geometry": {
        "type": "Point",
        "coordinates": [
          -114.0058128260318,
          46.67572014839497
        ]
      }
    },
    {
      "type": "Feature",
      "properties": {
        "file": "leg01_m050_b023_2026-06-18T16-11-12.jpg",
        "leg": "leg01",
        "mark_index": 50,
        "along_track_m": 50.0,
        "achieved_heading": 25.802292923999104,
        "target_bearing": 23.473044154305967,
        "fix_type": 6,
        "hacc_m": 0.014,
        "corrupt": false,
        "position_interpolated": true,
        "captured_at_utc": "2026-06-18T22:11:12.787712+00:00"
      },
      "geometry": {
        "type": "Point",
        "coordinates": [
          -114.00580749999999,
          46.6757284
        ]
      }
    },
    {
      "type": "Feature",
      "properties": {
        "file": "leg01_m051_b023_2026-06-18T16-11-13.jpg",
        "leg": "leg01",
        "mark_index": 51,
        "along_track_m": 51.0,
        "achieved_heading": 25.901122041658013,
        "target_bearing": 23.473044154305967,
        "fix_type": 6,
        "hacc_m": 0.014,
        "corrupt": false,
        "position_interpolated": true,
        "captured_at_utc": "2026-06-18T22:11:13.841522+00:00"
      },
      "geometry": {
        "type": "Point",
        "coordinates": [
          -114.00580134497154,
          46.67573715276865
        ]
      }
    },
    {
      "type": "Feature",
      "properties": {
        "file": "leg01_m052_b023_2026-06-18T16-11-14.jpg",
        "leg": "leg01",
        "mark_index": 52,
        "along_track_m": 52.0,
        "achieved_heading": 24.86323253979579,
        "target_bearing": 23.473044154305967,
        "fix_type": 6,
        "hacc_m": 0.014,
        "corrupt": false,
        "position_interpolated": true,
        "captured_at_utc": "2026-06-18T22:11:14.895181+00:00"
      },
      "geometry": {
        "type": "Point",
        "coordinates": [
          -114.00579614429626,
          46.675745583555596
        ]
      }
    },
    {
      "type": "Feature",
      "properties": {
        "file": "leg01_m053_b023_2026-06-18T16-11-15.jpg",
        "leg": "leg01",
        "mark_index": 53,
        "along_track_m": 53.0,
        "achieved_heading": 25.126298206670157,
        "target_bearing": 23.473044154305967,
        "fix_type": 6,
        "hacc_m": 0.014,
        "corrupt": false,
        "position_interpolated": true,
        "captured_at_utc": "2026-06-18T22:11:15.868821+00:00"
      },
      "geometry": {
        "type": "Point",
        "coordinates": [
          -114.00579111344895,
          46.675753199783195
        ]
      }
    },
    {
      "type": "Feature",
      "properties": {
        "file": "leg01_m054_b023_2026-06-18T16-11-16.jpg",
        "leg": "leg01",
        "mark_index": 54,
        "along_track_m": 54.0,
        "achieved_heading": 25.181130916340123,
        "target_bearing": 23.473044154305967,
        "fix_type": 6,
        "hacc_m": 0.014,
        "corrupt": false,
        "position_interpolated": true,
        "captured_at_utc": "2026-06-18T22:11:16.908595+00:00"
      },
      "geometry": {
        "type": "Point",
        "coordinates": [
          -114.00578593544077,
          46.67576143699417
        ]
      }
    },
    {
      "type": "Feature",
      "properties": {
        "file": "leg01_m055_b023_2026-06-18T16-11-17.jpg",
        "leg": "leg01",
        "mark_index": 55,
        "along_track_m": 55.0,
        "achieved_heading": 24.788875374171923,
        "target_bearing": 23.473044154305967,
        "fix_type": 6,
        "hacc_m": 0.014,
        "corrupt": false,
        "position_interpolated": true,
        "captured_at_utc": "2026-06-18T22:11:17.975680+00:00"
      },
      "geometry": {
        "type": "Point",
        "coordinates": [
          -114.00578089999999,
          46.6757695
        ]
      }
    },
    {
      "type": "Feature",
      "properties": {
        "file": "leg01_m056_b023_2026-06-18T16-11-19.jpg",
        "leg": "leg01",
        "mark_index": 56,
        "along_track_m": 56.0,
        "achieved_heading": 23.084882368841306,
        "target_bearing": 23.473044154305967,
        "fix_type": 6,
        "hacc_m": 0.014,
        "corrupt": false,
        "position_interpolated": true,
        "captured_at_utc": "2026-06-18T22:11:19.161433+00:00"
      },
      "geometry": {
        "type": "Point",
        "coordinates": [
          -114.00577539999999,
          46.6757789
        ]
      }
    },
    {
      "type": "Feature",
      "properties": {
        "file": "leg01_m057_b023_2026-06-18T16-11-20.jpg",
        "leg": "leg01",
        "mark_index": 57,
        "along_track_m": 57.0,
        "achieved_heading": 25.492550845848598,
        "target_bearing": 23.473044154305967,
        "fix_type": 6,
        "hacc_m": 0.014,
        "corrupt": false,
        "position_interpolated": true,
        "captured_at_utc": "2026-06-18T22:11:20.071468+00:00"
      },
      "geometry": {
        "type": "Point",
        "coordinates": [
          -114.0057707925516,
          46.675786402662276
        ]
      }
    },
    {
      "type": "Feature",
      "properties": {
        "file": "leg01_m058_b023_2026-06-18T16-11-21.jpg",
        "leg": "leg01",
        "mark_index": 58,
        "along_track_m": 58.0,
        "achieved_heading": 24.337758770938734,
        "target_bearing": 23.473044154305967,
        "fix_type": 6,
        "hacc_m": 0.014,
        "corrupt": false,
        "position_interpolated": true,
        "captured_at_utc": "2026-06-18T22:11:21.189526+00:00"
      },
      "geometry": {
        "type": "Point",
        "coordinates": [
          -114.0057657,
          46.675794499999995
        ]
      }
    },
    {
      "type": "Feature",
      "properties": {
        "file": "leg01_m059_b023_2026-06-18T16-11-22.jpg",
        "leg": "leg01",
        "mark_index": 59,
        "along_track_m": 59.0,
        "achieved_heading": 23.7907429140447,
        "target_bearing": 23.473044154305967,
        "fix_type": 6,
        "hacc_m": 0.014,
        "corrupt": false,
        "position_interpolated": true,
        "captured_at_utc": "2026-06-18T22:11:22.172749+00:00"
      },
      "geometry": {
        "type": "Point",
        "coordinates": [
          -114.0057609,
          46.6758026
        ]
      }
    },
    {
      "type": "Feature",
      "properties": {
        "file": "leg01_m060_b023_2026-06-18T16-11-23.jpg",
        "leg": "leg01",
        "mark_index": 60,
        "along_track_m": 60.0,
        "achieved_heading": 26.733681990124836,
        "target_bearing": 23.473044154305967,
        "fix_type": 6,
        "hacc_m": 0.014,
        "corrupt": false,
        "position_interpolated": true,
        "captured_at_utc": "2026-06-18T22:11:23.288238+00:00"
      },
      "geometry": {
        "type": "Point",
        "coordinates": [
          -114.00575548204078,
          46.6758117451429
        ]
      }
    },
    {
      "type": "Feature",
      "properties": {
        "file": "leg01_m061_b023_2026-06-18T16-11-24.jpg",
        "leg": "leg01",
        "mark_index": 61,
        "along_track_m": 61.0,
        "achieved_heading": 26.579648320493945,
        "target_bearing": 23.473044154305967,
        "fix_type": 6,
        "hacc_m": 0.014,
        "corrupt": false,
        "position_interpolated": true,
        "captured_at_utc": "2026-06-18T22:11:24.340534+00:00"
      },
      "geometry": {
        "type": "Point",
        "coordinates": [
          -114.0057499,
          46.6758196
        ]
      }
    },
    {
      "type": "Feature",
      "properties": {
        "file": "leg01_m062_b023_2026-06-18T16-11-25.jpg",
        "leg": "leg01",
        "mark_index": 62,
        "along_track_m": 62.0,
        "achieved_heading": 25.122157397139787,
        "target_bearing": 23.473044154305967,
        "fix_type": 6,
        "hacc_m": 0.014,
        "corrupt": false,
        "position_interpolated": true,
        "captured_at_utc": "2026-06-18T22:11:25.385416+00:00"
      },
      "geometry": {
        "type": "Point",
        "coordinates": [
          -114.0057449,
          46.675827399999996
        ]
      }
    },
    {
      "type": "Feature",
      "properties": {
        "file": "leg01_m063_b023_2026-06-18T16-11-26.jpg",
        "leg": "leg01",
        "mark_index": 63,
        "along_track_m": 63.0,
        "achieved_heading": 24.910108394030573,
        "target_bearing": 23.473044154305967,
        "fix_type": 6,
        "hacc_m": 0.014,
        "corrupt": false,
        "position_interpolated": true,
        "captured_at_utc": "2026-06-18T22:11:26.512014+00:00"
      },
      "geometry": {
        "type": "Point",
        "coordinates": [
          -114.00573918841374,
          46.67583660527099
        ]
      }
    },
    {
      "type": "Feature",
      "properties": {
        "file": "leg01_m064_b023_2026-06-18T16-11-27.jpg",
        "leg": "leg01",
        "mark_index": 64,
        "along_track_m": 64.0,
        "achieved_heading": 25.180337340058188,
        "target_bearing": 23.473044154305967,
        "fix_type": 6,
        "hacc_m": 0.014,
        "corrupt": false,
        "position_interpolated": true,
        "captured_at_utc": "2026-06-18T22:11:27.499612+00:00"
      },
      "geometry": {
        "type": "Point",
        "coordinates": [
          -114.00573434540594,
          46.67584440171917
        ]
      }
    },
    {
      "type": "Feature",
      "properties": {
        "file": "leg01_m065_b023_2026-06-18T16-11-28.jpg",
        "leg": "leg01",
        "mark_index": 65,
        "along_track_m": 65.0,
        "achieved_heading": 24.906637421619337,
        "target_bearing": 23.473044154305967,
        "fix_type": 6,
        "hacc_m": 0.014,
        "corrupt": false,
        "position_interpolated": true,
        "captured_at_utc": "2026-06-18T22:11:28.617993+00:00"
      },
      "geometry": {
        "type": "Point",
        "coordinates": [
          -114.00572939999999,
          46.6758524
        ]
      }
    },
    {
      "type": "Feature",
      "properties": {
        "file": "leg01_m066_b023_2026-06-18T16-11-29.jpg",
        "leg": "leg01",
        "mark_index": 66,
        "along_track_m": 66.0,
        "achieved_heading": 24.891130299802413,
        "target_bearing": 23.473044154305967,
        "fix_type": 6,
        "hacc_m": 0.014,
        "corrupt": false,
        "position_interpolated": true,
        "captured_at_utc": "2026-06-18T22:11:29.591175+00:00"
      },
      "geometry": {
        "type": "Point",
        "coordinates": [
          -114.005723967148,
          46.675860577135985
        ]
      }
    },
    {
      "type": "Feature",
      "properties": {
        "file": "leg01_m067_b023_2026-06-18T16-11-30.jpg",
        "leg": "leg01",
        "mark_index": 67,
        "along_track_m": 67.0,
        "achieved_heading": 23.9986321721926,
        "target_bearing": 23.473044154305967,
        "fix_type": 6,
        "hacc_m": 0.014,
        "corrupt": false,
        "position_interpolated": true,
        "captured_at_utc": "2026-06-18T22:11:30.705851+00:00"
      },
      "geometry": {
        "type": "Point",
        "coordinates": [
          -114.00571867071798,
          46.67586918999423
        ]
      }
    },
    {
      "type": "Feature",
      "properties": {
        "file": "leg01_m068_b023_2026-06-18T16-11-31.jpg",
        "leg": "leg01",
        "mark_index": 68,
        "along_track_m": 68.0,
        "achieved_heading": 23.795472778468778,
        "target_bearing": 23.473044154305967,
        "fix_type": 6,
        "hacc_m": 0.014,
        "corrupt": false,
        "position_interpolated": true,
        "captured_at_utc": "2026-06-18T22:11:31.766765+00:00"
      },
      "geometry": {
        "type": "Point",
        "coordinates": [
          -114.00571359999999,
          46.675877199999995
        ]
      }
    },
    {
      "type": "Feature",
      "properties": {
        "file": "leg01_m069_b023_2026-06-18T16-11-32.jpg",
        "leg": "leg01",
        "mark_index": 69,
        "along_track_m": 69.0,
        "achieved_heading": 24.745316725315732,
        "target_bearing": 23.473044154305967,
        "fix_type": 6,
        "hacc_m": 0.014,
        "corrupt": false,
        "position_interpolated": true,
        "captured_at_utc": "2026-06-18T22:11:32.743670+00:00"
      },
      "geometry": {
        "type": "Point",
        "coordinates": [
          -114.0057088,
          46.675885099999995
        ]
      }
    },
    {
      "type": "Feature",
      "properties": {
        "file": "leg01_m070_b023_2026-06-18T16-11-34.jpg",
        "leg": "leg01",
        "mark_index": 70,
        "along_track_m": 70.0,
        "achieved_heading": 23.245736689222497,
        "target_bearing": 23.473044154305967,
        "fix_type": 6,
        "hacc_m": 0.014,
        "corrupt": false,
        "position_interpolated": true,
        "captured_at_utc": "2026-06-18T22:11:33.934116+00:00"
      },
      "geometry": {
        "type": "Point",
        "coordinates": [
          -114.005703,
          46.6758941
        ]
      }
    },
    {
      "type": "Feature",
      "properties": {
        "file": "leg01_m071_b023_2026-06-18T16-11-34.jpg",
        "leg": "leg01",
        "mark_index": 71,
        "along_track_m": 71.0,
        "achieved_heading": 24.790405363205366,
        "target_bearing": 23.473044154305967,
        "fix_type": 6,
        "hacc_m": 0.014,
        "corrupt": false,
        "position_interpolated": true,
        "captured_at_utc": "2026-06-18T22:11:34.920626+00:00"
      },
      "geometry": {
        "type": "Point",
        "coordinates": [
          -114.0056978,
          46.675902
        ]
      }
    },
    {
      "type": "Feature",
      "properties": {
        "file": "leg01_m072_b023_2026-06-18T16-11-36.jpg",
        "leg": "leg01",
        "mark_index": 72,
        "along_track_m": 72.0,
        "achieved_heading": 23.795929273664584,
        "target_bearing": 23.473044154305967,
        "fix_type": 6,
        "hacc_m": 0.014,
        "corrupt": false,
        "position_interpolated": true,
        "captured_at_utc": "2026-06-18T22:11:36.105059+00:00"
      },
      "geometry": {
        "type": "Point",
        "coordinates": [
          -114.0056921370641,
          46.67591106699102
        ]
      }
    },
    {
      "type": "Feature",
      "properties": {
        "file": "leg01_m073_b023_2026-06-18T16-11-37.jpg",
        "leg": "leg01",
        "mark_index": 73,
        "along_track_m": 73.0,
        "achieved_heading": 24.240932537114375,
        "target_bearing": 23.473044154305967,
        "fix_type": 6,
        "hacc_m": 0.014,
        "corrupt": false,
        "position_interpolated": true,
        "captured_at_utc": "2026-06-18T22:11:37.156207+00:00"
      },
      "geometry": {
        "type": "Point",
        "coordinates": [
          -114.0056869,
          46.6759189
        ]
      }
    },
    {
      "type": "Feature",
      "properties": {
        "file": "leg01_m074_b023_2026-06-18T16-11-38.jpg",
        "leg": "leg01",
        "mark_index": 74,
        "along_track_m": 74.0,
        "achieved_heading": 23.796497818919434,
        "target_bearing": 23.473044154305967,
        "fix_type": 6,
        "hacc_m": 0.014,
        "corrupt": false,
        "position_interpolated": true,
        "captured_at_utc": "2026-06-18T22:11:38.208354+00:00"
      },
      "geometry": {
        "type": "Point",
        "coordinates": [
          -114.00568179999999,
          46.6759266
        ]
      }
    },
    {
      "type": "Feature",
      "properties": {
        "file": "leg01_m075_b023_2026-06-18T16-11-39.jpg",
        "leg": "leg01",
        "mark_index": 75,
        "along_track_m": 75.0,
        "achieved_heading": 24.11832503385257,
        "target_bearing": 23.473044154305967,
        "fix_type": 6,
        "hacc_m": 0.014,
        "corrupt": false,
        "position_interpolated": true,
        "captured_at_utc": "2026-06-18T22:11:39.252122+00:00"
      },
      "geometry": {
        "type": "Point",
        "coordinates": [
          -114.0056769,
          46.6759345
        ]
      }
    },
    {
      "type": "Feature",
      "properties": {
        "file": "leg01_m076_b023_2026-06-18T16-11-40.jpg",
        "leg": "leg01",
        "mark_index": 76,
        "along_track_m": 76.0,
        "achieved_heading": 25.65875345322125,
        "target_bearing": 23.473044154305967,
        "fix_type": 6,
        "hacc_m": 0.014,
        "corrupt": false,
        "position_interpolated": true,
        "captured_at_utc": "2026-06-18T22:11:40.298479+00:00"
      },
      "geometry": {
        "type": "Point",
        "coordinates": [
          -114.0056712085144,
          46.675943826376965
        ]
      }
    },
    {
      "type": "Feature",
      "properties": {
        "file": "leg01_m077_b023_2026-06-18T16-11-41.jpg",
        "leg": "leg01",
        "mark_index": 77,
        "along_track_m": 77.0,
        "achieved_heading": 25.7842244728771,
        "target_bearing": 23.473044154305967,
        "fix_type": 6,
        "hacc_m": 0.014,
        "corrupt": false,
        "position_interpolated": true,
        "captured_at_utc": "2026-06-18T22:11:41.364038+00:00"
      },
      "geometry": {
        "type": "Point",
        "coordinates": [
          -114.00566579999999,
          46.6759518
        ]
      }
    },
    {
      "type": "Feature",
      "properties": {
        "file": "leg01_m078_b023_2026-06-18T16-11-42.jpg",
        "leg": "leg01",
        "mark_index": 78,
        "along_track_m": 78.0,
        "achieved_heading": 24.362304981811945,
        "target_bearing": 23.473044154305967,
        "fix_type": 6,
        "hacc_m": 0.014,
        "corrupt": false,
        "position_interpolated": true,
        "captured_at_utc": "2026-06-18T22:11:42.267170+00:00"
      },
      "geometry": {
        "type": "Point",
        "coordinates": [
          -114.00566067230069,
          46.67595934178376
        ]
      }
    },
    {
      "type": "Feature",
      "properties": {
        "file": "leg01_m079_b023_2026-06-18T16-11-43.jpg",
        "leg": "leg01",
        "mark_index": 79,
        "along_track_m": 79.0,
        "achieved_heading": 23.17211444429435,
        "target_bearing": 23.473044154305967,
        "fix_type": 6,
        "hacc_m": 0.014,
        "corrupt": false,
        "position_interpolated": true,
        "captured_at_utc": "2026-06-18T22:11:43.315138+00:00"
      },
      "geometry": {
        "type": "Point",
        "coordinates": [
          -114.00565523194449,
          46.6759678488888
        ]
      }
    },
    {
      "type": "Feature",
      "properties": {
        "file": "leg01_m080_b023_2026-06-18T16-11-44.jpg",
        "leg": "leg01",
        "mark_index": 80,
        "along_track_m": 80.0,
        "achieved_heading": 22.508095487398478,
        "target_bearing": 23.473044154305967,
        "fix_type": 6,
        "hacc_m": 0.014,
        "corrupt": false,
        "position_interpolated": true,
        "captured_at_utc": "2026-06-18T22:11:44.368560+00:00"
      },
      "geometry": {
        "type": "Point",
        "coordinates": [
          -114.0056506,
          46.675975699999995
        ]
      }
    },
    {
      "type": "Feature",
      "properties": {
        "file": "leg01_m081_b023_2026-06-18T16-11-45.jpg",
        "leg": "leg01",
        "mark_index": 81,
        "along_track_m": 81.0,
        "achieved_heading": 23.815207473983065,
        "target_bearing": 23.473044154305967,
        "fix_type": 6,
        "hacc_m": 0.014,
        "corrupt": false,
        "position_interpolated": true,
        "captured_at_utc": "2026-06-18T22:11:45.486560+00:00"
      },
      "geometry": {
        "type": "Point",
        "coordinates": [
          -114.00564462155668,
          46.67598496766496
        ]
      }
    },
    {
      "type": "Feature",
      "properties": {
        "file": "leg01_m082_b023_2026-06-18T16-11-46.jpg",
        "leg": "leg01",
        "mark_index": 82,
        "along_track_m": 82.0,
        "achieved_heading": 23.420028261424505,
        "target_bearing": 23.473044154305967,
        "fix_type": 6,
        "hacc_m": 0.014,
        "corrupt": false,
        "position_interpolated": true,
        "captured_at_utc": "2026-06-18T22:11:46.469514+00:00"
      },
      "geometry": {
        "type": "Point",
        "coordinates": [
          -114.00563988042613,
          46.675992739147716
        ]
      }
    },
    {
      "type": "Feature",
      "properties": {
        "file": "leg01_m083_b023_2026-06-18T16-11-47.jpg",
        "leg": "leg01",
        "mark_index": 83,
        "along_track_m": 83.0,
        "achieved_heading": 22.463433463620234,
        "target_bearing": 23.473044154305967,
        "fix_type": 6,
        "hacc_m": 0.014,
        "corrupt": false,
        "position_interpolated": true,
        "captured_at_utc": "2026-06-18T22:11:47.512207+00:00"
      },
      "geometry": {
        "type": "Point",
        "coordinates": [
          -114.00563422491012,
          46.67600095848311
        ]
      }
    },
    {
      "type": "Feature",
      "properties": {
        "file": "leg01_m084_b023_2026-06-18T16-11-48.jpg",
        "leg": "leg01",
        "mark_index": 84,
        "along_track_m": 84.0,
        "achieved_heading": 21.443624902646178,
        "target_bearing": 23.473044154305967,
        "fix_type": 6,
        "hacc_m": 0.014,
        "corrupt": false,
        "position_interpolated": true,
        "captured_at_utc": "2026-06-18T22:11:48.490697+00:00"
      },
      "geometry": {
        "type": "Point",
        "coordinates": [
          -114.00562953739504,
          46.67600892707058
        ]
      }
    },
    {
      "type": "Feature",
      "properties": {
        "file": "leg01_m085_b023_2026-06-18T16-11-49.jpg",
        "leg": "leg01",
        "mark_index": 85,
        "along_track_m": 85.0,
        "achieved_heading": 21.829438544205445,
        "target_bearing": 23.473044154305967,
        "fix_type": 6,
        "hacc_m": 0.014,
        "corrupt": false,
        "position_interpolated": true,
        "captured_at_utc": "2026-06-18T22:11:49.552929+00:00"
      },
      "geometry": {
        "type": "Point",
        "coordinates": [
          -114.0056247,
          46.6760173
        ]
      }
    },
    {
      "type": "Feature",
      "properties": {
        "file": "leg01_m086_b023_2026-06-18T16-11-50.jpg",
        "leg": "leg01",
        "mark_index": 86,
        "along_track_m": 86.0,
        "achieved_heading": 24.563450775119733,
        "target_bearing": 23.473044154305967,
        "fix_type": 6,
        "hacc_m": 0.014,
        "corrupt": false,
        "position_interpolated": true,
        "captured_at_utc": "2026-06-18T22:11:50.598606+00:00"
      },
      "geometry": {
        "type": "Point",
        "coordinates": [
          -114.0056197,
          46.6760253
        ]
      }
    },
    {
      "type": "Feature",
      "properties": {
        "file": "leg01_m087_b023_2026-06-18T16-11-51.jpg",
        "leg": "leg01",
        "mark_index": 87,
        "along_track_m": 87.0,
        "achieved_heading": 24.512745710072352,
        "target_bearing": 23.473044154305967,
        "fix_type": 6,
        "hacc_m": 0.014,
        "corrupt": false,
        "position_interpolated": true,
        "captured_at_utc": "2026-06-18T22:11:51.720614+00:00"
      },
      "geometry": {
        "type": "Point",
        "coordinates": [
          -114.00561330685417,
          46.676034690861094
        ]
      }
    },
    {
      "type": "Feature",
      "properties": {
        "file": "leg01_m088_b023_2026-06-18T16-11-52.jpg",
        "leg": "leg01",
        "mark_index": 88,
        "along_track_m": 88.0,
        "achieved_heading": 23.727676022254073,
        "target_bearing": 23.473044154305967,
        "fix_type": 6,
        "hacc_m": 0.014,
        "corrupt": false,
        "position_interpolated": true,
        "captured_at_utc": "2026-06-18T22:11:52.765444+00:00"
      },
      "geometry": {
        "type": "Point",
        "coordinates": [
          -114.0056084,
          46.6760425
        ]
      }
    },
    {
      "type": "Feature",
      "properties": {
        "file": "leg01_m089_b023_2026-06-18T16-11-53.jpg",
        "leg": "leg01",
        "mark_index": 89,
        "along_track_m": 89.0,
        "achieved_heading": 23.794881777411703,
        "target_bearing": 23.473044154305967,
        "fix_type": 6,
        "hacc_m": 0.014,
        "corrupt": false,
        "position_interpolated": true,
        "captured_at_utc": "2026-06-18T22:11:53.741966+00:00"
      },
      "geometry": {
        "type": "Point",
        "coordinates": [
          -114.0056032,
          46.6760503
        ]
      }
    },
    {
      "type": "Feature",
      "properties": {
        "file": "leg01_m090_b023_2026-06-18T16-11-54.jpg",
        "leg": "leg01",
        "mark_index": 90,
        "along_track_m": 90.0,
        "achieved_heading": 22.543446886120677,
        "target_bearing": 23.473044154305967,
        "fix_type": 6,
        "hacc_m": 0.014,
        "corrupt": false,
        "position_interpolated": true,
        "captured_at_utc": "2026-06-18T22:11:54.727362+00:00"
      },
      "geometry": {
        "type": "Point",
        "coordinates": [
          -114.00559849999999,
          46.6760581
        ]
      }
    },
    {
      "type": "Feature",
      "properties": {
        "file": "leg01_m091_b023_2026-06-18T16-11-55.jpg",
        "leg": "leg01",
        "mark_index": 91,
        "along_track_m": 91.0,
        "achieved_heading": 23.087610015553736,
        "target_bearing": 23.473044154305967,
        "fix_type": 6,
        "hacc_m": 0.014,
        "corrupt": false,
        "position_interpolated": true,
        "captured_at_utc": "2026-06-18T22:11:55.843057+00:00"
      },
      "geometry": {
        "type": "Point",
        "coordinates": [
          -114.00559358482545,
          46.676066399726906
        ]
      }
    },
    {
      "type": "Feature",
      "properties": {
        "file": "leg01_m092_b023_2026-06-18T16-11-56.jpg",
        "leg": "leg01",
        "mark_index": 92,
        "along_track_m": 92.0,
        "achieved_heading": 24.51642717622832,
        "target_bearing": 23.473044154305967,
        "fix_type": 6,
        "hacc_m": 0.014,
        "corrupt": false,
        "position_interpolated": true,
        "captured_at_utc": "2026-06-18T22:11:56.970007+00:00"
      },
      "geometry": {
        "type": "Point",
        "coordinates": [
          -114.0055883,
          46.676074799999995
        ]
      }
    },
    {
      "type": "Feature",
      "properties": {
        "file": "leg01_m093_b023_2026-06-18T16-11-58.jpg",
        "leg": "leg01",
        "mark_index": 93,
        "along_track_m": 93.0,
        "achieved_heading": 26.00002585026192,
        "target_bearing": 23.473044154305967,
        "fix_type": 6,
        "hacc_m": 0.014,
        "corrupt": false,
        "position_interpolated": true,
        "captured_at_utc": "2026-06-18T22:11:58.083997+00:00"
      },
      "geometry": {
        "type": "Point",
        "coordinates": [
          -114.00558303070079,
          46.67608340008896
        ]
      }
    },
    {
      "type": "Feature",
      "properties": {
        "file": "leg01_m094_b023_2026-06-18T16-11-59.jpg",
        "leg": "leg01",
        "mark_index": 94,
        "along_track_m": 94.0,
        "achieved_heading": 25.41163754993532,
        "target_bearing": 23.473044154305967,
        "fix_type": 6,
        "hacc_m": 0.014,
        "corrupt": false,
        "position_interpolated": true,
        "captured_at_utc": "2026-06-18T22:11:59.131981+00:00"
      },
      "geometry": {
        "type": "Point",
        "coordinates": [
          -114.00557769999999,
          46.6760914
        ]
      }
    },
    {
      "type": "Feature",
      "properties": {
        "file": "leg01_m095_b023_2026-06-18T16-12-00.jpg",
        "leg": "leg01",
        "mark_index": 95,
        "along_track_m": 95.0,
        "achieved_heading": 23.332517862677747,
        "target_bearing": 23.473044154305967,
        "fix_type": 6,
        "hacc_m": 0.014,
        "corrupt": false,
        "position_interpolated": true,
        "captured_at_utc": "2026-06-18T22:12:00.259329+00:00"
      },
      "geometry": {
        "type": "Point",
        "coordinates": [
          -114.00557188097429,
          46.67609988727784
        ]
      }
    },
    {
      "type": "Feature",
      "properties": {
        "file": "leg01_m096_b023_2026-06-18T16-12-01.jpg",
        "leg": "leg01",
        "mark_index": 96,
        "along_track_m": 96.0,
        "achieved_heading": 23.890727426925082,
        "target_bearing": 23.473044154305967,
        "fix_type": 6,
        "hacc_m": 0.014,
        "corrupt": false,
        "position_interpolated": true,
        "captured_at_utc": "2026-06-18T22:12:01.516275+00:00"
      },
      "geometry": {
        "type": "Point",
        "coordinates": [
          -114.00556552489974,
          46.67611016205753
        ]
      }
    },
    {
      "type": "Feature",
      "properties": {
        "file": "leg01_m097_b023_2026-06-18T16-12-02.jpg",
        "leg": "leg01",
        "mark_index": 97,
        "along_track_m": 97.0,
        "achieved_heading": 24.571115892252678,
        "target_bearing": 23.473044154305967,
        "fix_type": 6,
        "hacc_m": 0.014,
        "corrupt": false,
        "position_interpolated": true,
        "captured_at_utc": "2026-06-18T22:12:02.293593+00:00"
      },
      "geometry": {
        "type": "Point",
        "coordinates": [
          -114.00556106933668,
          46.67611636908634
        ]
      }
    },
    {
      "type": "Feature",
      "properties": {
        "file": "leg01_m098_b023_2026-06-18T16-12-03.jpg",
        "leg": "leg01",
        "mark_index": 98,
        "along_track_m": 98.0,
        "achieved_heading": 22.44293141493185,
        "target_bearing": 23.473044154305967,
        "fix_type": 6,
        "hacc_m": 0.014,
        "corrupt": false,
        "position_interpolated": true,
        "captured_at_utc": "2026-06-18T22:12:03.418898+00:00"
      },
      "geometry": {
        "type": "Point",
        "coordinates": [
          -114.00555589999999,
          46.6761242
        ]
      }
    },
    {
      "type": "Feature",
      "properties": {
        "file": "leg01_m099_b023_2026-06-18T16-12-04.jpg",
        "leg": "leg01",
        "mark_index": 99,
        "along_track_m": 99.0,
        "achieved_heading": 20.60145979190493,
        "target_bearing": 23.473044154305967,
        "fix_type": 6,
        "hacc_m": 0.014,
        "corrupt": false,
        "position_interpolated": true,
        "captured_at_utc": "2026-06-18T22:12:04.454844+00:00"
      },
      "geometry": {
        "type": "Point",
        "coordinates": [
          -114.00555002265024,
          46.676132962249575
        ]
      }
    },
    {
      "type": "Feature",
      "properties": {
        "file": "leg01_m100_b023_2026-06-18T16-12-05.jpg",
        "leg": "leg01",
        "mark_index": 100,
        "along_track_m": 100.0,
        "achieved_heading": 20.61953362525925,
        "target_bearing": 23.473044154305967,
        "fix_type": 6,
        "hacc_m": 0.014,
        "corrupt": false,
        "position_interpolated": true,
        "captured_at_utc": "2026-06-18T22:12:05.436077+00:00"
      },
      "geometry": {
        "type": "Point",
        "coordinates": [
          -114.00554539032225,
          46.67614103640624
        ]
      }
    },
    {
      "type": "Feature",
      "properties": {
        "file": "leg01_m101_b023_2026-06-18T16-12-06.jpg",
        "leg": "leg01",
        "mark_index": 101,
        "along_track_m": 101.0,
        "achieved_heading": 22.38436975276784,
        "target_bearing": 23.473044154305967,
        "fix_type": 6,
        "hacc_m": 0.014,
        "corrupt": false,
        "position_interpolated": true,
        "captured_at_utc": "2026-06-18T22:12:06.559057+00:00"
      },
      "geometry": {
        "type": "Point",
        "coordinates": [
          -114.0055405,
          46.676149699999996
        ]
      }
    },
    {
      "type": "Feature",
      "properties": {
        "file": "leg01_m102_b023_2026-06-18T16-12-07.jpg",
        "leg": "leg01",
        "mark_index": 102,
        "along_track_m": 102.0,
        "achieved_heading": 23.870447585365753,
        "target_bearing": 23.473044154305967,
        "fix_type": 6,
        "hacc_m": 0.014,
        "corrupt": false,
        "position_interpolated": true,
        "captured_at_utc": "2026-06-18T22:12:07.534150+00:00"
      },
      "geometry": {
        "type": "Point",
        "coordinates": [
          -114.0055356,
          46.676157499999995
        ]
      }
    },
    {
      "type": "Feature",
      "properties": {
        "file": "leg01_m103_b023_2026-06-18T16-12-08.jpg",
        "leg": "leg01",
        "mark_index": 103,
        "along_track_m": 103.0,
        "achieved_heading": 22.840619225152167,
        "target_bearing": 23.473044154305967,
        "fix_type": 6,
        "hacc_m": 0.014,
        "corrupt": false,
        "position_interpolated": true,
        "captured_at_utc": "2026-06-18T22:12:08.664464+00:00"
      },
      "geometry": {
        "type": "Point",
        "coordinates": [
          -114.00553013775841,
          46.676166354202984
        ]
      }
    },
    {
      "type": "Feature",
      "properties": {
        "file": "leg01_m104_b023_2026-06-18T16-12-09.jpg",
        "leg": "leg01",
        "mark_index": 104,
        "along_track_m": 104.0,
        "achieved_heading": 24.748140588917806,
        "target_bearing": 23.473044154305967,
        "fix_type": 6,
        "hacc_m": 0.014,
        "corrupt": false,
        "position_interpolated": true,
        "captured_at_utc": "2026-06-18T22:12:09.712897+00:00"
      },
      "geometry": {
        "type": "Point",
        "coordinates": [
          -114.00552473719475,
          46.67617472932997
        ]
      }
    },
    {
      "type": "Feature",
      "properties": {
        "file": "leg01_m105_b023_2026-06-18T16-12-10.jpg",
        "leg": "leg01",
        "mark_index": 105,
        "along_track_m": 105.0,
        "achieved_heading": 24.545674496638128,
        "target_bearing": 23.473044154305967,
        "fix_type": 6,
        "hacc_m": 0.014,
        "corrupt": false,
        "position_interpolated": true,
        "captured_at_utc": "2026-06-18T22:12:10.769724+00:00"
      },
      "geometry": {
        "type": "Point",
        "coordinates": [
          -114.0055196,
          46.6761828
        ]
      }
    },
    {
      "type": "Feature",
      "properties": {
        "file": "leg01_m106_b023_2026-06-18T16-12-11.jpg",
        "leg": "leg01",
        "mark_index": 106,
        "along_track_m": 106.0,
        "achieved_heading": 23.38532983702197,
        "target_bearing": 23.473044154305967,
        "fix_type": 6,
        "hacc_m": 0.014,
        "corrupt": false,
        "position_interpolated": true,
        "captured_at_utc": "2026-06-18T22:12:11.736316+00:00"
      },
      "geometry": {
        "type": "Point",
        "coordinates": [
          -114.0055144,
          46.676190299999995
        ]
      }
    },
    {
      "type": "Feature",
      "properties": {
        "file": "leg01_m107_b023_2026-06-18T16-12-12.jpg",
        "leg": "leg01",
        "mark_index": 107,
        "along_track_m": 107.0,
        "achieved_heading": 22.898990290090353,
        "target_bearing": 23.473044154305967,
        "fix_type": 6,
        "hacc_m": 0.014,
        "corrupt": false,
        "position_interpolated": true,
        "captured_at_utc": "2026-06-18T22:12:12.723141+00:00"
      },
      "geometry": {
        "type": "Point",
        "coordinates": [
          -114.00550969999999,
          46.6761984
        ]
      }
    },
    {
      "type": "Feature",
      "properties": {
        "file": "leg01_m108_b023_2026-06-18T16-12-14.jpg",
        "leg": "leg01",
        "mark_index": 108,
        "along_track_m": 108.0,
        "achieved_heading": 24.414152047750292,
        "target_bearing": 23.473044154305967,
        "fix_type": 6,
        "hacc_m": 0.014,
        "corrupt": false,
        "position_interpolated": true,
        "captured_at_utc": "2026-06-18T22:12:13.910989+00:00"
      },
      "geometry": {
        "type": "Point",
        "coordinates": [
          -114.0055042325458,
          46.67620793490837
        ]
      }
    },
    {
      "type": "Feature",
      "properties": {
        "file": "leg01_m109_b023_2026-06-18T16-12-14.jpg",
        "leg": "leg01",
        "mark_index": 109,
        "along_track_m": 109.0,
        "achieved_heading": 26.379061791347652,
        "target_bearing": 23.473044154305967,
        "fix_type": 6,
        "hacc_m": 0.014,
        "corrupt": false,
        "position_interpolated": true,
        "captured_at_utc": "2026-06-18T22:12:14.883726+00:00"
      },
      "geometry": {
        "type": "Point",
        "coordinates": [
          -114.00549950778863,
          46.67621541665187
        ]
      }
    },
    {
      "type": "Feature",
      "properties": {
        "file": "leg01_m110_b023_2026-06-18T16-12-15.jpg",
        "leg": "leg01",
        "mark_index": 110,
        "along_track_m": 110.0,
        "achieved_heading": 26.178870241593742,
        "target_bearing": 23.473044154305967,
        "fix_type": 6,
        "hacc_m": 0.014,
        "corrupt": false,
        "position_interpolated": true,
        "captured_at_utc": "2026-06-18T22:12:15.870495+00:00"
      },
      "geometry": {
        "type": "Point",
        "coordinates": [
          -114.0054941720726,
          46.676223304258016
        ]
      }
    },
    {
      "type": "Feature",
      "properties": {
        "file": "leg01_m111_b023_2026-06-18T16-12-16.jpg",
        "leg": "leg01",
        "mark_index": 111,
        "along_track_m": 111.0,
        "achieved_heading": 24.852262660657914,
        "target_bearing": 23.473044154305967,
        "fix_type": 6,
        "hacc_m": 0.014,
        "corrupt": false,
        "position_interpolated": true,
        "captured_at_utc": "2026-06-18T22:12:16.990671+00:00"
      },
      "geometry": {
        "type": "Point",
        "coordinates": [
          -114.0054885,
          46.6762315
        ]
      }
    },
    {
      "type": "Feature",
      "properties": {
        "file": "leg01_m112_b023_2026-06-18T16-12-17.jpg",
        "leg": "leg01",
        "mark_index": 112,
        "along_track_m": 112.0,
        "achieved_heading": 22.91760186942132,
        "target_bearing": 23.473044154305967,
        "fix_type": 6,
        "hacc_m": 0.014,
        "corrupt": false,
        "position_interpolated": true,
        "captured_at_utc": "2026-06-18T22:12:17.975450+00:00"
      },
      "geometry": {
        "type": "Point",
        "coordinates": [
          -114.00548359999999,
          46.676239599999995
        ]
      }
    },
    {
      "type": "Feature",
      "properties": {
        "file": "leg01_m113_b023_2026-06-18T16-12-19.jpg",
        "leg": "leg01",
        "mark_index": 113,
        "along_track_m": 113.0,
        "achieved_heading": 23.338679984172472,
        "target_bearing": 23.473044154305967,
        "fix_type": 6,
        "hacc_m": 0.014,
        "corrupt": false,
        "position_interpolated": true,
        "captured_at_utc": "2026-06-18T22:12:19.092952+00:00"
      },
      "geometry": {
        "type": "Point",
        "coordinates": [
          -114.00547805784235,
          46.67624883692938
        ]
      }
    },
    {
      "type": "Feature",
      "properties": {
        "file": "leg01_m114_b023_2026-06-18T16-12-20.jpg",
        "leg": "leg01",
        "mark_index": 114,
        "along_track_m": 114.0,
        "achieved_heading": 23.652576371366507,
        "target_bearing": 23.473044154305967,
        "fix_type": 6,
        "hacc_m": 0.014,
        "corrupt": false,
        "position_interpolated": true,
        "captured_at_utc": "2026-06-18T22:12:20.142067+00:00"
      },
      "geometry": {
        "type": "Point",
        "coordinates": [
          -114.0054732,
          46.676257
        ]
      }
    },
    {
      "type": "Feature",
      "properties": {
        "file": "leg01_m115_b023_2026-06-18T16-12-21.jpg",
        "leg": "leg01",
        "mark_index": 115,
        "along_track_m": 115.0,
        "achieved_heading": 24.326020439973476,
        "target_bearing": 23.473044154305967,
        "fix_type": 6,
        "hacc_m": 0.014,
        "corrupt": false,
        "position_interpolated": true,
        "captured_at_utc": "2026-06-18T22:12:21.191388+00:00"
      },
      "geometry": {
        "type": "Point",
        "coordinates": [
          -114.00546829999999,
          46.676265
        ]
      }
    },
    {
      "type": "Feature",
      "properties": {
        "file": "leg01_m116_b023_2026-06-18T16-12-22.jpg",
        "leg": "leg01",
        "mark_index": 116,
        "along_track_m": 116.0,
        "achieved_heading": 24.91084269537619,
        "target_bearing": 23.473044154305967,
        "fix_type": 6,
        "hacc_m": 0.014,
        "corrupt": false,
        "position_interpolated": true,
        "captured_at_utc": "2026-06-18T22:12:22.238443+00:00"
      },
      "geometry": {
        "type": "Point",
        "coordinates": [
          -114.0054629,
          46.6762729
        ]
      }
    },
    {
      "type": "Feature",
      "properties": {
        "file": "leg01_m117_b023_2026-06-18T16-12-23.jpg",
        "leg": "leg01",
        "mark_index": 117,
        "along_track_m": 117.0,
        "achieved_heading": 23.256264964579827,
        "target_bearing": 23.473044154305967,
        "fix_type": 6,
        "hacc_m": 0.014,
        "corrupt": false,
        "position_interpolated": true,
        "captured_at_utc": "2026-06-18T22:12:23.155419+00:00"
      },
      "geometry": {
        "type": "Point",
        "coordinates": [
          -114.00545799999999,
          46.6762811
        ]
      }
    },
    {
      "type": "Feature",
      "properties": {
        "file": "leg01_m118_b023_2026-06-18T16-12-24.jpg",
        "leg": "leg01",
        "mark_index": 118,
        "along_track_m": 118.0,
        "achieved_heading": 23.589495859809276,
        "target_bearing": 23.473044154305967,
        "fix_type": 6,
        "hacc_m": 0.014,
        "corrupt": false,
        "position_interpolated": true,
        "captured_at_utc": "2026-06-18T22:12:24.278572+00:00"
      },
      "geometry": {
        "type": "Point",
        "coordinates": [
          -114.00545218638949,
          46.67628996587892
        ]
      }
    },
    {
      "type": "Feature",
      "properties": {
        "file": "leg01_m119_b023_2026-06-18T16-12-25.jpg",
        "leg": "leg01",
        "mark_index": 119,
        "along_track_m": 119.0,
        "achieved_heading": 22.568656676760057,
        "target_bearing": 23.473044154305967,
        "fix_type": 6,
        "hacc_m": 0.014,
        "corrupt": false,
        "position_interpolated": true,
        "captured_at_utc": "2026-06-18T22:12:25.327827+00:00"
      },
      "geometry": {
        "type": "Point",
        "coordinates": [
          -114.00544699999999,
          46.6762984
        ]
      }
    },
    {
      "type": "Feature",
      "properties": {
        "file": "leg01_m120_b023_2026-06-18T16-12-26.jpg",
        "leg": "leg01",
        "mark_index": 120,
        "along_track_m": 120.0,
        "achieved_heading": 22.040395406958353,
        "target_bearing": 23.473044154305967,
        "fix_type": 6,
        "hacc_m": 0.014,
        "corrupt": false,
        "position_interpolated": true,
        "captured_at_utc": "2026-06-18T22:12:26.450198+00:00"
      },
      "geometry": {
        "type": "Point",
        "coordinates": [
          -114.00544269999999,
          46.676305899999996
        ]
      }
    },
    {
      "type": "Feature",
      "properties": {
        "file": "leg01_m121_b023_2026-06-18T16-12-27.jpg",
        "leg": "leg01",
        "mark_index": 121,
        "along_track_m": 121.0,
        "achieved_heading": 24.0513936321244,
        "target_bearing": 23.473044154305967,
        "fix_type": 6,
        "hacc_m": 0.014,
        "corrupt": false,
        "position_interpolated": true,
        "captured_at_utc": "2026-06-18T22:12:27.558814+00:00"
      },
      "geometry": {
        "type": "Point",
        "coordinates": [
          -114.00543669999999,
          46.6763152
        ]
      }
    },
    {
      "type": "Feature",
      "properties": {
        "file": "leg01_m122_b023_2026-06-18T16-12-28.jpg",
        "leg": "leg01",
        "mark_index": 122,
        "along_track_m": 122.0,
        "achieved_heading": 25.47129789681398,
        "target_bearing": 23.473044154305967,
        "fix_type": 6,
        "hacc_m": 0.014,
        "corrupt": false,
        "position_interpolated": true,
        "captured_at_utc": "2026-06-18T22:12:28.559700+00:00"
      },
      "geometry": {
        "type": "Point",
        "coordinates": [
          -114.00543169999999,
          46.6763228
        ]
      }
    },
    {
      "type": "Feature",
      "properties": {
        "file": "leg01_m123_b023_2026-06-18T16-12-29.jpg",
        "leg": "leg01",
        "mark_index": 123,
        "along_track_m": 123.0,
        "achieved_heading": 23.561018210194504,
        "target_bearing": 23.473044154305967,
        "fix_type": 6,
        "hacc_m": 0.014,
        "corrupt": false,
        "position_interpolated": true,
        "captured_at_utc": "2026-06-18T22:12:29.592537+00:00"
      },
      "geometry": {
        "type": "Point",
        "coordinates": [
          -114.00542619999999,
          46.6763305
        ]
      }
    },
    {
      "type": "Feature",
      "properties": {
        "file": "leg01_m124_b023_2026-06-18T16-12-30.jpg",
        "leg": "leg01",
        "mark_index": 124,
        "along_track_m": 124.0,
        "achieved_heading": 23.520737093631638,
        "target_bearing": 23.473044154305967,
        "fix_type": 6,
        "hacc_m": 0.014,
        "corrupt": false,
        "position_interpolated": true,
        "captured_at_utc": "2026-06-18T22:12:30.654725+00:00"
      },
      "geometry": {
        "type": "Point",
        "coordinates": [
          -114.00542050454109,
          46.676339458593596
        ]
      }
    },
    {
      "type": "Feature",
      "properties": {
        "file": "leg01_m125_b023_2026-06-18T16-12-31.jpg",
        "leg": "leg01",
        "mark_index": 125,
        "along_track_m": 125.0,
        "achieved_heading": 22.728314036973856,
        "target_bearing": 23.473044154305967,
        "fix_type": 6,
        "hacc_m": 0.014,
        "corrupt": false,
        "position_interpolated": true,
        "captured_at_utc": "2026-06-18T22:12:31.778028+00:00"
      },
      "geometry": {
        "type": "Point",
        "coordinates": [
          -114.0054155,
          46.676347899999996
        ]
      }
    },
    {
      "type": "Feature",
      "properties": {
        "file": "leg01_m126_b023_2026-06-18T16-12-32.jpg",
        "leg": "leg01",
        "mark_index": 126,
        "along_track_m": 126.0,
        "achieved_heading": 23.021590114955785,
        "target_bearing": 23.473044154305967,
        "fix_type": 6,
        "hacc_m": 0.014,
        "corrupt": false,
        "position_interpolated": true,
        "captured_at_utc": "2026-06-18T22:12:32.680420+00:00"
      },
      "geometry": {
        "type": "Point",
        "coordinates": [
          -114.00541059682668,
          46.67635555008587
        ]
      }
    },
    {
      "type": "Feature",
      "properties": {
        "file": "leg01_m127_b023_2026-06-18T16-12-33.jpg",
        "leg": "leg01",
        "mark_index": 127,
        "along_track_m": 127.0,
        "achieved_heading": 24.29351256600762,
        "target_bearing": 23.473044154305967,
        "fix_type": 6,
        "hacc_m": 0.014,
        "corrupt": false,
        "position_interpolated": true,
        "captured_at_utc": "2026-06-18T22:12:33.802830+00:00"
      },
      "geometry": {
        "type": "Point",
        "coordinates": [
          -114.0054054,
          46.6763638
        ]
      }
    },
    {
      "type": "Feature",
      "properties": {
        "file": "leg01_m128_b023_2026-06-18T16-12-34.jpg",
        "leg": "leg01",
        "mark_index": 128,
        "along_track_m": 128.0,
        "achieved_heading": 23.959899542895073,
        "target_bearing": 23.473044154305967,
        "fix_type": 6,
        "hacc_m": 0.014,
        "corrupt": false,
        "position_interpolated": true,
        "captured_at_utc": "2026-06-18T22:12:34.847667+00:00"
      },
      "geometry": {
        "type": "Point",
        "coordinates": [
          -114.00540029999999,
          46.6763717
        ]
      }
    },
    {
      "type": "Feature",
      "properties": {
        "file": "leg01_m129_b023_2026-06-18T16-12-36.jpg",
        "leg": "leg01",
        "mark_index": 129,
        "along_track_m": 129.0,
        "achieved_heading": 22.34833240733586,
        "target_bearing": 23.473044154305967,
        "fix_type": 6,
        "hacc_m": 0.014,
        "corrupt": false,
        "position_interpolated": true,
        "captured_at_utc": "2026-06-18T22:12:35.974887+00:00"
      },
      "geometry": {
        "type": "Point",
        "coordinates": [
          -114.0053947,
          46.6763809
        ]
      }
    },
    {
      "type": "Feature",
      "properties": {
        "file": "leg01_m130_b023_2026-06-18T16-12-36.jpg",
        "leg": "leg01",
        "mark_index": 130,
        "along_track_m": 130.0,
        "achieved_heading": 23.70259087224929,
        "target_bearing": 23.473044154305967,
        "fix_type": 6,
        "hacc_m": 0.014,
        "corrupt": false,
        "position_interpolated": true,
        "captured_at_utc": "2026-06-18T22:12:36.951437+00:00"
      },
      "geometry": {
        "type": "Point",
        "coordinates": [
          -114.0053896,
          46.676388499999995
        ]
      }
    },
    {
      "type": "Feature",
      "properties": {
        "file": "leg01_m131_b023_2026-06-18T16-12-38.jpg",
        "leg": "leg01",
        "mark_index": 131,
        "along_track_m": 131.0,
        "achieved_heading": 26.015700901704207,
        "target_bearing": 23.473044154305967,
        "fix_type": 6,
        "hacc_m": 0.014,
        "corrupt": false,
        "position_interpolated": true,
        "captured_at_utc": "2026-06-18T22:12:37.996463+00:00"
      },
      "geometry": {
        "type": "Point",
        "coordinates": [
          -114.00538409699578,
          46.676396586187934
        ]
      }
    },
    {
      "type": "Feature",
      "properties": {
        "file": "leg01_m132_b023_2026-06-18T16-12-39.jpg",
        "leg": "leg01",
        "mark_index": 132,
        "along_track_m": 132.0,
        "achieved_heading": 31.203634928454484,
        "target_bearing": 23.473044154305967,
        "fix_type": 6,
        "hacc_m": 0.014,
        "corrupt": false,
        "position_interpolated": true,
        "captured_at_utc": "2026-06-18T22:12:39.121014+00:00"
      },
      "geometry": {
        "type": "Point",
        "coordinates": [
          -114.00537756137479,
          46.67640472328151
        ]
      }
    },
    {
      "type": "Feature",
      "properties": {
        "file": "leg02_m000_b293_2026-06-18T16-12-44.jpg",
        "leg": "leg02",
        "mark_index": 0,
        "along_track_m": 0.0,
        "achieved_heading": 296.1152231345791,
        "target_bearing": 293.60645774089437,
        "fix_type": 6,
        "hacc_m": 0.014,
        "corrupt": false,
        "position_interpolated": true,
        "captured_at_utc": "2026-06-18T22:12:44.017083+00:00"
      },
      "geometry": {
        "type": "Point",
        "coordinates": [
          -114.00537539999999,
          46.676411099999996
        ]
      }
    },
    {
      "type": "Feature",
      "properties": {
        "file": "leg02_m001_b293_2026-06-18T16-12-45.jpg",
        "leg": "leg02",
        "mark_index": 1,
        "along_track_m": 1.0,
        "achieved_heading": 293.91111179249026,
        "target_bearing": 293.60645774089437,
        "fix_type": 6,
        "hacc_m": 0.014,
        "corrupt": false,
        "position_interpolated": true,
        "captured_at_utc": "2026-06-18T22:12:45.210741+00:00"
      },
      "geometry": {
        "type": "Point",
        "coordinates": [
          -114.0053832,
          46.6764138
        ]
      }
    },
    {
      "type": "Feature",
      "properties": {
        "file": "leg02_m002_b293_2026-06-18T16-12-46.jpg",
        "leg": "leg02",
        "mark_index": 2,
        "along_track_m": 2.0,
        "achieved_heading": 288.899449958481,
        "target_bearing": 293.60645774089437,
        "fix_type": 6,
        "hacc_m": 0.014,
        "corrupt": false,
        "position_interpolated": true,
        "captured_at_utc": "2026-06-18T22:12:46.257797+00:00"
      },
      "geometry": {
        "type": "Point",
        "coordinates": [
          -114.00539606100308,
          46.67641835366769
        ]
      }
    },
    {
      "type": "Feature",
      "properties": {
        "file": "leg02_m003_b293_2026-06-18T16-12-47.jpg",
        "leg": "leg02",
        "mark_index": 3,
        "along_track_m": 3.0,
        "achieved_heading": 282.02200836040765,
        "target_bearing": 293.60645774089437,
        "fix_type": 6,
        "hacc_m": 0.014,
        "corrupt": false,
        "position_interpolated": true,
        "captured_at_utc": "2026-06-18T22:12:47.177495+00:00"
      },
      "geometry": {
        "type": "Point",
        "coordinates": [
          -114.00540743625376,
          46.676421139892284
        ]
      }
    },
    {
      "type": "Feature",
      "properties": {
        "file": "leg02_m004_b293_2026-06-18T16-12-48.jpg",
        "leg": "leg02",
        "mark_index": 4,
        "along_track_m": 4.0,
        "achieved_heading": 280.63906013030044,
        "target_bearing": 293.60645774089437,
        "fix_type": 6,
        "hacc_m": 0.014,
        "corrupt": false,
        "position_interpolated": true,
        "captured_at_utc": "2026-06-18T22:12:48.294999+00:00"
      },
      "geometry": {
        "type": "Point",
        "coordinates": [
          -114.00542103405014,
          46.67642399326463
        ]
      }
    },
    {
      "type": "Feature",
      "properties": {
        "file": "leg02_m005_b293_2026-06-18T16-12-48.jpg",
        "leg": "leg02",
        "mark_index": 5,
        "along_track_m": 4.743,
        "achieved_heading": 280.8423455560128,
        "target_bearing": 293.60645774089437,
        "fix_type": 6,
        "hacc_m": 0.014,
        "corrupt": false,
        "position_interpolated": true,
        "captured_at_utc": "2026-06-18T22:12:48.991212+00:00"
      },
      "geometry": {
        "type": "Point",
        "coordinates": [
          -114.0054292,
          46.6764255
        ]
      }
    },
    {
      "type": "Feature",
      "properties": {
        "file": "leg03_m000_b203_2026-06-18T16-12-52.jpg",
        "leg": "leg03",
        "mark_index": 0,
        "along_track_m": 0.0,
        "achieved_heading": 205.5197492219741,
        "target_bearing": 203.47350413456041,
        "fix_type": 6,
        "hacc_m": 0.014,
        "corrupt": false,
        "position_interpolated": true,
        "captured_at_utc": "2026-06-18T22:12:52.556829+00:00"
      },
      "geometry": {
        "type": "Point",
        "coordinates": [
          -114.0054352,
          46.6764254
        ]
      }
    },
    {
      "type": "Feature",
      "properties": {
        "file": "leg03_m001_b203_2026-06-18T16-12-54.jpg",
        "leg": "leg03",
        "mark_index": 1,
        "along_track_m": 1.0,
        "achieved_heading": 203.57444291594592,
        "target_bearing": 203.47350413456041,
        "fix_type": 6,
        "hacc_m": 0.014,
        "corrupt": false,
        "position_interpolated": true,
        "captured_at_utc": "2026-06-18T22:12:53.972270+00:00"
      },
      "geometry": {
        "type": "Point",
        "coordinates": [
          -114.0054419,
          46.676418399999996
        ]
      }
    },
    {
      "type": "Feature",
      "properties": {
        "file": "leg03_m002_b203_2026-06-18T16-12-54.jpg",
        "leg": "leg03",
        "mark_index": 2,
        "along_track_m": 2.0,
        "achieved_heading": 197.09365999944168,
        "target_bearing": 203.47350413456041,
        "fix_type": 6,
        "hacc_m": 0.014,
        "corrupt": false,
        "position_interpolated": true,
        "captured_at_utc": "2026-06-18T22:12:54.869382+00:00"
      },
      "geometry": {
        "type": "Point",
        "coordinates": [
          -114.0054482744722,
          46.67641116116438
        ]
      }
    },
    {
      "type": "Feature",
      "properties": {
        "file": "leg03_m003_b203_2026-06-18T16-12-56.jpg",
        "leg": "leg03",
        "mark_index": 3,
        "along_track_m": 3.0,
        "achieved_heading": 186.6916685246211,
        "target_bearing": 203.47350413456041,
        "fix_type": 6,
        "hacc_m": 0.014,
        "corrupt": false,
        "position_interpolated": true,
        "captured_at_utc": "2026-06-18T22:12:55.926781+00:00"
      },
      "geometry": {
        "type": "Point",
        "coordinates": [
          -114.0054529,
          46.6764023
        ]
      }
    },
    {
      "type": "Feature",
      "properties": {
        "file": "leg03_m004_b203_2026-06-18T16-12-56.jpg",
        "leg": "leg03",
        "mark_index": 4,
        "along_track_m": 4.0,
        "achieved_heading": 186.78517523678642,
        "target_bearing": 203.47350413456041,
        "fix_type": 6,
        "hacc_m": 0.014,
        "corrupt": false,
        "position_interpolated": true,
        "captured_at_utc": "2026-06-18T22:12:56.973168+00:00"
      },
      "geometry": {
        "type": "Point",
        "coordinates": [
          -114.0054559,
          46.6763939
        ]
      }
    },
    {
      "type": "Feature",
      "properties": {
        "file": "leg03_m005_b203_2026-06-18T16-12-58.jpg",
        "leg": "leg03",
        "mark_index": 5,
        "along_track_m": 5.0,
        "achieved_heading": 192.65965421448325,
        "target_bearing": 203.47350413456041,
        "fix_type": 6,
        "hacc_m": 0.014,
        "corrupt": false,
        "position_interpolated": true,
        "captured_at_utc": "2026-06-18T22:12:58.023550+00:00"
      },
      "geometry": {
        "type": "Point",
        "coordinates": [
          -114.0054593,
          46.6763853
        ]
      }
    },
    {
      "type": "Feature",
      "properties": {
        "file": "leg03_m006_b203_2026-06-18T16-12-58.jpg",
        "leg": "leg03",
        "mark_index": 6,
        "along_track_m": 6.0,
        "achieved_heading": 196.4752865210333,
        "target_bearing": 203.47350413456041,
        "fix_type": 6,
        "hacc_m": 0.014,
        "corrupt": false,
        "position_interpolated": true,
        "captured_at_utc": "2026-06-18T22:12:58.930765+00:00"
      },
      "geometry": {
        "type": "Point",
        "coordinates": [
          -114.00546399999999,
          46.6763769
        ]
      }
    },
    {
      "type": "Feature",
      "properties": {
        "file": "leg03_m007_b203_2026-06-18T16-12-59.jpg",
        "leg": "leg03",
        "mark_index": 7,
        "along_track_m": 7.0,
        "achieved_heading": 196.66436259342646,
        "target_bearing": 203.47350413456041,
        "fix_type": 6,
        "hacc_m": 0.014,
        "corrupt": false,
        "position_interpolated": true,
        "captured_at_utc": "2026-06-18T22:12:59.980669+00:00"
      },
      "geometry": {
        "type": "Point",
        "coordinates": [
          -114.0054692,
          46.6763688
        ]
      }
    },
    {
      "type": "Feature",
      "properties": {
        "file": "leg03_m008_b203_2026-06-18T16-13-01.jpg",
        "leg": "leg03",
        "mark_index": 8,
        "along_track_m": 8.0,
        "achieved_heading": 196.59792168402114,
        "target_bearing": 203.47350413456041,
        "fix_type": 6,
        "hacc_m": 0.014,
        "corrupt": false,
        "position_interpolated": true,
        "captured_at_utc": "2026-06-18T22:13:01.037842+00:00"
      },
      "geometry": {
        "type": "Point",
        "coordinates": [
          -114.00547499702894,
          46.676360031594264
        ]
      }
    },
    {
      "type": "Feature",
      "properties": {
        "file": "leg03_m009_b203_2026-06-18T16-13-02.jpg",
        "leg": "leg03",
        "mark_index": 9,
        "along_track_m": 9.0,
        "achieved_heading": 195.01356159726737,
        "target_bearing": 203.47350413456041,
        "fix_type": 6,
        "hacc_m": 0.014,
        "corrupt": false,
        "position_interpolated": true,
        "captured_at_utc": "2026-06-18T22:13:02.146764+00:00"
      },
      "geometry": {
        "type": "Point",
        "coordinates": [
          -114.0054802,
          46.6763512
        ]
      }
    },
    {
      "type": "Feature",
      "properties": {
        "file": "leg03_m010_b203_2026-06-18T16-13-03.jpg",
        "leg": "leg03",
        "mark_index": 10,
        "along_track_m": 10.0,
        "achieved_heading": 195.6563867341792,
        "target_bearing": 203.47350413456041,
        "fix_type": 6,
        "hacc_m": 0.014,
        "corrupt": false,
        "position_interpolated": true,
        "captured_at_utc": "2026-06-18T22:13:03.058872+00:00"
      },
      "geometry": {
        "type": "Point",
        "coordinates": [
          -114.00548419383043,
          46.67634367832028
        ]
      }
    },
    {
      "type": "Feature",
      "properties": {
        "file": "leg03_m011_b203_2026-06-18T16-13-04.jpg",
        "leg": "leg03",
        "mark_index": 11,
        "along_track_m": 11.0,
        "achieved_heading": 197.36711197491132,
        "target_bearing": 203.47350413456041,
        "fix_type": 6,
        "hacc_m": 0.014,
        "corrupt": false,
        "position_interpolated": true,
        "captured_at_utc": "2026-06-18T22:13:04.178269+00:00"
      },
      "geometry": {
        "type": "Point",
        "coordinates": [
          -114.0054897,
          46.6763352
        ]
      }
    },
    {
      "type": "Feature",
      "properties": {
        "file": "leg03_m012_b203_2026-06-18T16-13-05.jpg",
        "leg": "leg03",
        "mark_index": 12,
        "along_track_m": 12.0,
        "achieved_heading": 196.64020333938305,
        "target_bearing": 203.47350413456041,
        "fix_type": 6,
        "hacc_m": 0.014,
        "corrupt": false,
        "position_interpolated": true,
        "captured_at_utc": "2026-06-18T22:13:05.234579+00:00"
      },
      "geometry": {
        "type": "Point",
        "coordinates": [
          -114.0054945,
          46.676327199999996
        ]
      }
    },
    {
      "type": "Feature",
      "properties": {
        "file": "leg03_m013_b203_2026-06-18T16-13-06.jpg",
        "leg": "leg03",
        "mark_index": 13,
        "along_track_m": 13.0,
        "achieved_heading": 196.65540849099023,
        "target_bearing": 203.47350413456041,
        "fix_type": 6,
        "hacc_m": 0.014,
        "corrupt": false,
        "position_interpolated": true,
        "captured_at_utc": "2026-06-18T22:13:06.203488+00:00"
      },
      "geometry": {
        "type": "Point",
        "coordinates": [
          -114.0054997,
          46.6763189
        ]
      }
    },
    {
      "type": "Feature",
      "properties": {
        "file": "leg03_m014_b203_2026-06-18T16-13-07.jpg",
        "leg": "leg03",
        "mark_index": 14,
        "along_track_m": 14.0,
        "achieved_heading": 197.956237680933,
        "target_bearing": 203.47350413456041,
        "fix_type": 6,
        "hacc_m": 0.014,
        "corrupt": false,
        "position_interpolated": true,
        "captured_at_utc": "2026-06-18T22:13:07.252162+00:00"
      },
      "geometry": {
        "type": "Point",
        "coordinates": [
          -114.0055046,
          46.6763105
        ]
      }
    },
    {
      "type": "Feature",
      "properties": {
        "file": "leg03_m015_b203_2026-06-18T16-13-08.jpg",
        "leg": "leg03",
        "mark_index": 15,
        "along_track_m": 15.0,
        "achieved_heading": 198.7325700191082,
        "target_bearing": 203.47350413456041,
        "fix_type": 6,
        "hacc_m": 0.014,
        "corrupt": false,
        "position_interpolated": true,
        "captured_at_utc": "2026-06-18T22:13:08.101813+00:00"
      },
      "geometry": {
        "type": "Point",
        "coordinates": [
          -114.00550975205816,
          46.676302679445676
        ]
      }
    },
    {
      "type": "Feature",
      "properties": {
        "file": "leg03_m016_b203_2026-06-18T16-13-09.jpg",
        "leg": "leg03",
        "mark_index": 16,
        "along_track_m": 16.0,
        "achieved_heading": 197.74808260078453,
        "target_bearing": 203.47350413456041,
        "fix_type": 6,
        "hacc_m": 0.014,
        "corrupt": false,
        "position_interpolated": true,
        "captured_at_utc": "2026-06-18T22:13:09.144261+00:00"
      },
      "geometry": {
        "type": "Point",
        "coordinates": [
          -114.0055149,
          46.6762942
        ]
      }
    },
    {
      "type": "Feature",
      "properties": {
        "file": "leg03_m017_b203_2026-06-18T16-13-10.jpg",
        "leg": "leg03",
        "mark_index": 17,
        "along_track_m": 17.0,
        "achieved_heading": 200.08172201572637,
        "target_bearing": 203.47350413456041,
        "fix_type": 6,
        "hacc_m": 0.014,
        "corrupt": false,
        "position_interpolated": true,
        "captured_at_utc": "2026-06-18T22:13:10.348958+00:00"
      },
      "geometry": {
        "type": "Point",
        "coordinates": [
          -114.0055211,
          46.6762848
        ]
      }
    },
    {
      "type": "Feature",
      "properties": {
        "file": "leg03_m018_b203_2026-06-18T16-13-11.jpg",
        "leg": "leg03",
        "mark_index": 18,
        "along_track_m": 18.0,
        "achieved_heading": 200.97562840007492,
        "target_bearing": 203.47350413456041,
        "fix_type": 6,
        "hacc_m": 0.014,
        "corrupt": false,
        "position_interpolated": true,
        "captured_at_utc": "2026-06-18T22:13:11.324765+00:00"
      },
      "geometry": {
        "type": "Point",
        "coordinates": [
          -114.00552659293584,
          46.676277015011344
        ]
      }
    },
    {
      "type": "Feature",
      "properties": {
        "file": "leg03_m019_b203_2026-06-18T16-13-12.jpg",
        "leg": "leg03",
        "mark_index": 19,
        "along_track_m": 19.0,
        "achieved_heading": 197.86944449683222,
        "target_bearing": 203.47350413456041,
        "fix_type": 6,
        "hacc_m": 0.014,
        "corrupt": false,
        "position_interpolated": true,
        "captured_at_utc": "2026-06-18T22:13:12.300917+00:00"
      },
      "geometry": {
        "type": "Point",
        "coordinates": [
          -114.0055313928861,
          46.67626920083854
        ]
      }
    },
    {
      "type": "Feature",
      "properties": {
        "file": "leg03_m020_b203_2026-06-18T16-13-13.jpg",
        "leg": "leg03",
        "mark_index": 20,
        "along_track_m": 20.0,
        "achieved_heading": 198.3102268634549,
        "target_bearing": 203.47350413456041,
        "fix_type": 6,
        "hacc_m": 0.014,
        "corrupt": false,
        "position_interpolated": true,
        "captured_at_utc": "2026-06-18T22:13:13.278952+00:00"
      },
      "geometry": {
        "type": "Point",
        "coordinates": [
          -114.00553648462777,
          46.676261435023456
        ]
      }
    },
    {
      "type": "Feature",
      "properties": {
        "file": "leg03_m021_b203_2026-06-18T16-13-14.jpg",
        "leg": "leg03",
        "mark_index": 21,
        "along_track_m": 21.0,
        "achieved_heading": 197.74236032582178,
        "target_bearing": 203.47350413456041,
        "fix_type": 6,
        "hacc_m": 0.014,
        "corrupt": false,
        "position_interpolated": true,
        "captured_at_utc": "2026-06-18T22:13:14.332485+00:00"
      },
      "geometry": {
        "type": "Point",
        "coordinates": [
          -114.0055416,
          46.676252999999996
        ]
      }
    },
    {
      "type": "Feature",
      "properties": {
        "file": "leg03_m022_b203_2026-06-18T16-13-15.jpg",
        "leg": "leg03",
        "mark_index": 22,
        "along_track_m": 22.0,
        "achieved_heading": 197.50770930623528,
        "target_bearing": 203.47350413456041,
        "fix_type": 6,
        "hacc_m": 0.014,
        "corrupt": false,
        "position_interpolated": true,
        "captured_at_utc": "2026-06-18T22:13:15.383383+00:00"
      },
      "geometry": {
        "type": "Point",
        "coordinates": [
          -114.0055465,
          46.6762447
        ]
      }
    },
    {
      "type": "Feature",
      "properties": {
        "file": "leg03_m023_b203_2026-06-18T16-13-16.jpg",
        "leg": "leg03",
        "mark_index": 23,
        "along_track_m": 23.0,
        "achieved_heading": 200.28295434628407,
        "target_bearing": 203.47350413456041,
        "fix_type": 6,
        "hacc_m": 0.014,
        "corrupt": false,
        "position_interpolated": true,
        "captured_at_utc": "2026-06-18T22:13:16.503211+00:00"
      },
      "geometry": {
        "type": "Point",
        "coordinates": [
          -114.00555224406402,
          46.676235618310365
        ]
      }
    },
    {
      "type": "Feature",
      "properties": {
        "file": "leg03_m024_b203_2026-06-18T16-13-17.jpg",
        "leg": "leg03",
        "mark_index": 24,
        "along_track_m": 24.0,
        "achieved_heading": 199.9847200502659,
        "target_bearing": 203.47350413456041,
        "fix_type": 6,
        "hacc_m": 0.014,
        "corrupt": false,
        "position_interpolated": true,
        "captured_at_utc": "2026-06-18T22:13:17.558392+00:00"
      },
      "geometry": {
        "type": "Point",
        "coordinates": [
          -114.00555759999999,
          46.6762273
        ]
      }
    },
    {
      "type": "Feature",
      "properties": {
        "file": "leg03_m025_b203_2026-06-18T16-13-18.jpg",
        "leg": "leg03",
        "mark_index": 25,
        "along_track_m": 25.0,
        "achieved_heading": 199.68467756377714,
        "target_bearing": 203.47350413456041,
        "fix_type": 6,
        "hacc_m": 0.014,
        "corrupt": false,
        "position_interpolated": true,
        "captured_at_utc": "2026-06-18T22:13:18.467978+00:00"
      },
      "geometry": {
        "type": "Point",
        "coordinates": [
          -114.00556212963821,
          46.67621983870805
        ]
      }
    },
    {
      "type": "Feature",
      "properties": {
        "file": "leg03_m026_b203_2026-06-18T16-13-19.jpg",
        "leg": "leg03",
        "mark_index": 26,
        "along_track_m": 26.0,
        "achieved_heading": 201.83924837989855,
        "target_bearing": 203.47350413456041,
        "fix_type": 6,
        "hacc_m": 0.014,
        "corrupt": false,
        "position_interpolated": true,
        "captured_at_utc": "2026-06-18T22:13:19.583813+00:00"
      },
      "geometry": {
        "type": "Point",
        "coordinates": [
          -114.00556759999999,
          46.6762115
        ]
      }
    },
    {
      "type": "Feature",
      "properties": {
        "file": "leg03_m027_b203_2026-06-18T16-13-20.jpg",
        "leg": "leg03",
        "mark_index": 27,
        "along_track_m": 27.0,
        "achieved_heading": 202.45742949015022,
        "target_bearing": 203.47350413456041,
        "fix_type": 6,
        "hacc_m": 0.014,
        "corrupt": false,
        "position_interpolated": true,
        "captured_at_utc": "2026-06-18T22:13:20.631685+00:00"
      },
      "geometry": {
        "type": "Point",
        "coordinates": [
          -114.00557329914848,
          46.67620300113537
        ]
      }
    },
    {
      "type": "Feature",
      "properties": {
        "file": "leg03_m028_b203_2026-06-18T16-13-21.jpg",
        "leg": "leg03",
        "mark_index": 28,
        "along_track_m": 28.0,
        "achieved_heading": 198.4295500614658,
        "target_bearing": 203.47350413456041,
        "fix_type": 6,
        "hacc_m": 0.014,
        "corrupt": false,
        "position_interpolated": true,
        "captured_at_utc": "2026-06-18T22:13:21.683926+00:00"
      },
      "geometry": {
        "type": "Point",
        "coordinates": [
          -114.00557947781411,
          46.67619482317947
        ]
      }
    },
    {
      "type": "Feature",
      "properties": {
        "file": "leg03_m029_b203_2026-06-18T16-13-22.jpg",
        "leg": "leg03",
        "mark_index": 29,
        "along_track_m": 29.0,
        "achieved_heading": 198.7792665103699,
        "target_bearing": 203.47350413456041,
        "fix_type": 6,
        "hacc_m": 0.014,
        "corrupt": false,
        "position_interpolated": true,
        "captured_at_utc": "2026-06-18T22:13:22.745445+00:00"
      },
      "geometry": {
        "type": "Point",
        "coordinates": [
          -114.0055841,
          46.6761864
        ]
      }
    },
    {
      "type": "Feature",
      "properties": {
        "file": "leg03_m030_b203_2026-06-18T16-13-24.jpg",
        "leg": "leg03",
        "mark_index": 30,
        "along_track_m": 30.0,
        "achieved_heading": 200.46473258999586,
        "target_bearing": 203.47350413456041,
        "fix_type": 6,
        "hacc_m": 0.014,
        "corrupt": false,
        "position_interpolated": true,
        "captured_at_utc": "2026-06-18T22:13:23.851487+00:00"
      },
      "geometry": {
        "type": "Point",
        "coordinates": [
          -114.00558966721833,
          46.67617718523763
        ]
      }
    },
    {
      "type": "Feature",
      "properties": {
        "file": "leg03_m031_b203_2026-06-18T16-13-24.jpg",
        "leg": "leg03",
        "mark_index": 31,
        "along_track_m": 31.0,
        "achieved_heading": 200.42643666834584,
        "target_bearing": 203.47350413456041,
        "fix_type": 6,
        "hacc_m": 0.014,
        "corrupt": false,
        "position_interpolated": true,
        "captured_at_utc": "2026-06-18T22:13:24.766691+00:00"
      },
      "geometry": {
        "type": "Point",
        "coordinates": [
          -114.0055941,
          46.6761702
        ]
      }
    },
    {
      "type": "Feature",
      "properties": {
        "file": "leg03_m032_b203_2026-06-18T16-13-25.jpg",
        "leg": "leg03",
        "mark_index": 32,
        "along_track_m": 32.0,
        "achieved_heading": 200.18429891218528,
        "target_bearing": 203.47350413456041,
        "fix_type": 6,
        "hacc_m": 0.014,
        "corrupt": false,
        "position_interpolated": true,
        "captured_at_utc": "2026-06-18T22:13:25.751060+00:00"
      },
      "geometry": {
        "type": "Point",
        "coordinates": [
          -114.0055989,
          46.6761621
        ]
      }
    },
    {
      "type": "Feature",
      "properties": {
        "file": "leg03_m033_b203_2026-06-18T16-13-26.jpg",
        "leg": "leg03",
        "mark_index": 33,
        "along_track_m": 33.0,
        "achieved_heading": 203.40375599146194,
        "target_bearing": 203.47350413456041,
        "fix_type": 6,
        "hacc_m": 0.014,
        "corrupt": false,
        "position_interpolated": true,
        "captured_at_utc": "2026-06-18T22:13:26.879434+00:00"
      },
      "geometry": {
        "type": "Point",
        "coordinates": [
          -114.00560501402454,
          46.676153481300624
        ]
      }
    },
    {
      "type": "Feature",
      "properties": {
        "file": "leg03_m034_b203_2026-06-18T16-13-27.jpg",
        "leg": "leg03",
        "mark_index": 34,
        "along_track_m": 34.0,
        "achieved_heading": 201.31236303866865,
        "target_bearing": 203.47350413456041,
        "fix_type": 6,
        "hacc_m": 0.014,
        "corrupt": false,
        "position_interpolated": true,
        "captured_at_utc": "2026-06-18T22:13:27.915918+00:00"
      },
      "geometry": {
        "type": "Point",
        "coordinates": [
          -114.00561076186189,
          46.676145064834785
        ]
      }
    },
    {
      "type": "Feature",
      "properties": {
        "file": "leg03_m035_b203_2026-06-18T16-13-28.jpg",
        "leg": "leg03",
        "mark_index": 35,
        "along_track_m": 35.0,
        "achieved_heading": 200.26359628770717,
        "target_bearing": 203.47350413456041,
        "fix_type": 6,
        "hacc_m": 0.014,
        "corrupt": false,
        "position_interpolated": true,
        "captured_at_utc": "2026-06-18T22:13:28.898001+00:00"
      },
      "geometry": {
        "type": "Point",
        "coordinates": [
          -114.00561568886907,
          46.6761374975661
        ]
      }
    },
    {
      "type": "Feature",
      "properties": {
        "file": "leg03_m036_b203_2026-06-18T16-13-29.jpg",
        "leg": "leg03",
        "mark_index": 36,
        "along_track_m": 36.0,
        "achieved_heading": 199.99920518840867,
        "target_bearing": 203.47350413456041,
        "fix_type": 6,
        "hacc_m": 0.014,
        "corrupt": false,
        "position_interpolated": true,
        "captured_at_utc": "2026-06-18T22:13:29.949429+00:00"
      },
      "geometry": {
        "type": "Point",
        "coordinates": [
          -114.0056207,
          46.6761293
        ]
      }
    },
    {
      "type": "Feature",
      "properties": {
        "file": "leg03_m037_b203_2026-06-18T16-13-31.jpg",
        "leg": "leg03",
        "mark_index": 37,
        "along_track_m": 37.0,
        "achieved_heading": 201.54160298563144,
        "target_bearing": 203.47350413456041,
        "fix_type": 6,
        "hacc_m": 0.014,
        "corrupt": false,
        "position_interpolated": true,
        "captured_at_utc": "2026-06-18T22:13:30.991388+00:00"
      },
      "geometry": {
        "type": "Point",
        "coordinates": [
          -114.00562579999999,
          46.676121099999996
        ]
      }
    },
    {
      "type": "Feature",
      "properties": {
        "file": "leg03_m038_b203_2026-06-18T16-13-31.jpg",
        "leg": "leg03",
        "mark_index": 38,
        "along_track_m": 38.0,
        "achieved_heading": 202.0012602842222,
        "target_bearing": 203.47350413456041,
        "fix_type": 6,
        "hacc_m": 0.014,
        "corrupt": false,
        "position_interpolated": true,
        "captured_at_utc": "2026-06-18T22:13:31.977778+00:00"
      },
      "geometry": {
        "type": "Point",
        "coordinates": [
          -114.00563079999999,
          46.676113
        ]
      }
    },
    {
      "type": "Feature",
      "properties": {
        "file": "leg03_m039_b203_2026-06-18T16-13-33.jpg",
        "leg": "leg03",
        "mark_index": 39,
        "along_track_m": 39.0,
        "achieved_heading": 201.97467105357163,
        "target_bearing": 203.47350413456041,
        "fix_type": 6,
        "hacc_m": 0.014,
        "corrupt": false,
        "position_interpolated": true,
        "captured_at_utc": "2026-06-18T22:13:33.095537+00:00"
      },
      "geometry": {
        "type": "Point",
        "coordinates": [
          -114.0056370459154,
          46.67610387392814
        ]
      }
    },
    {
      "type": "Feature",
      "properties": {
        "file": "leg03_m040_b203_2026-06-18T16-13-34.jpg",
        "leg": "leg03",
        "mark_index": 40,
        "along_track_m": 40.0,
        "achieved_heading": 200.02961585388297,
        "target_bearing": 203.47350413456041,
        "fix_type": 6,
        "hacc_m": 0.014,
        "corrupt": false,
        "position_interpolated": true,
        "captured_at_utc": "2026-06-18T22:13:34.072795+00:00"
      },
      "geometry": {
        "type": "Point",
        "coordinates": [
          -114.00564213223744,
          46.67609625164383
        ]
      }
    },
    {
      "type": "Feature",
      "properties": {
        "file": "leg03_m041_b203_2026-06-18T16-13-35.jpg",
        "leg": "leg03",
        "mark_index": 41,
        "along_track_m": 41.0,
        "achieved_heading": 199.45541413012364,
        "target_bearing": 203.47350413456041,
        "fix_type": 6,
        "hacc_m": 0.014,
        "corrupt": false,
        "position_interpolated": true,
        "captured_at_utc": "2026-06-18T22:13:35.061157+00:00"
      },
      "geometry": {
        "type": "Point",
        "coordinates": [
          -114.00564695521463,
          46.67608795165657
        ]
      }
    },
    {
      "type": "Feature",
      "properties": {
        "file": "leg03_m042_b203_2026-06-18T16-13-36.jpg",
        "leg": "leg03",
        "mark_index": 42,
        "along_track_m": 42.0,
        "achieved_heading": 200.70444149490496,
        "target_bearing": 203.47350413456041,
        "fix_type": 6,
        "hacc_m": 0.014,
        "corrupt": false,
        "position_interpolated": true,
        "captured_at_utc": "2026-06-18T22:13:36.107431+00:00"
      },
      "geometry": {
        "type": "Point",
        "coordinates": [
          -114.00565194075472,
          46.67607961715265
        ]
      }
    },
    {
      "type": "Feature",
      "properties": {
        "file": "leg03_m043_b203_2026-06-18T16-13-37.jpg",
        "leg": "leg03",
        "mark_index": 43,
        "along_track_m": 43.0,
        "achieved_heading": 200.75115404183242,
        "target_bearing": 203.47350413456041,
        "fix_type": 6,
        "hacc_m": 0.014,
        "corrupt": false,
        "position_interpolated": true,
        "captured_at_utc": "2026-06-18T22:13:37.223156+00:00"
      },
      "geometry": {
        "type": "Point",
        "coordinates": [
          -114.0056572,
          46.6760717
        ]
      }
    },
    {
      "type": "Feature",
      "properties": {
        "file": "leg03_m044_b203_2026-06-18T16-13-38.jpg",
        "leg": "leg03",
        "mark_index": 44,
        "along_track_m": 44.0,
        "achieved_heading": 200.44266494720682,
        "target_bearing": 203.47350413456041,
        "fix_type": 6,
        "hacc_m": 0.014,
        "corrupt": false,
        "position_interpolated": true,
        "captured_at_utc": "2026-06-18T22:13:38.201379+00:00"
      },
      "geometry": {
        "type": "Point",
        "coordinates": [
          -114.00566174563986,
          46.676063146976226
        ]
      }
    },
    {
      "type": "Feature",
      "properties": {
        "file": "leg03_m045_b203_2026-06-18T16-13-39.jpg",
        "leg": "leg03",
        "mark_index": 45,
        "along_track_m": 45.0,
        "achieved_heading": 202.40600680929333,
        "target_bearing": 203.47350413456041,
        "fix_type": 6,
        "hacc_m": 0.014,
        "corrupt": false,
        "position_interpolated": true,
        "captured_at_utc": "2026-06-18T22:13:39.253686+00:00"
      },
      "geometry": {
        "type": "Point",
        "coordinates": [
          -114.00566723131628,
          46.67605461615719
        ]
      }
    },
    {
      "type": "Feature",
      "properties": {
        "file": "leg03_m046_b203_2026-06-18T16-13-40.jpg",
        "leg": "leg03",
        "mark_index": 46,
        "along_track_m": 46.0,
        "achieved_heading": 203.49198177156327,
        "target_bearing": 203.47350413456041,
        "fix_type": 6,
        "hacc_m": 0.014,
        "corrupt": false,
        "position_interpolated": true,
        "captured_at_utc": "2026-06-18T22:13:40.306764+00:00"
      },
      "geometry": {
        "type": "Point",
        "coordinates": [
          -114.00567271020775,
          46.676046359630654
        ]
      }
    },
    {
      "type": "Feature",
      "properties": {
        "file": "leg03_m047_b203_2026-06-18T16-13-41.jpg",
        "leg": "leg03",
        "mark_index": 47,
        "along_track_m": 47.0,
        "achieved_heading": 202.72874022717764,
        "target_bearing": 203.47350413456041,
        "fix_type": 6,
        "hacc_m": 0.014,
        "corrupt": false,
        "position_interpolated": true,
        "captured_at_utc": "2026-06-18T22:13:41.283899+00:00"
      },
      "geometry": {
        "type": "Point",
        "coordinates": [
          -114.00567796890293,
          46.676038569755306
        ]
      }
    },
    {
      "type": "Feature",
      "properties": {
        "file": "leg03_m048_b203_2026-06-18T16-13-42.jpg",
        "leg": "leg03",
        "mark_index": 48,
        "along_track_m": 48.0,
        "achieved_heading": 201.69483386092622,
        "target_bearing": 203.47350413456041,
        "fix_type": 6,
        "hacc_m": 0.014,
        "corrupt": false,
        "position_interpolated": true,
        "captured_at_utc": "2026-06-18T22:13:42.342558+00:00"
      },
      "geometry": {
        "type": "Point",
        "coordinates": [
          -114.00568319999999,
          46.676030399999995
        ]
      }
    },
    {
      "type": "Feature",
      "properties": {
        "file": "leg03_m049_b203_2026-06-18T16-13-43.jpg",
        "leg": "leg03",
        "mark_index": 49,
        "along_track_m": 49.0,
        "achieved_heading": 201.6122652859026,
        "target_bearing": 203.47350413456041,
        "fix_type": 6,
        "hacc_m": 0.014,
        "corrupt": false,
        "position_interpolated": true,
        "captured_at_utc": "2026-06-18T22:13:43.391216+00:00"
      },
      "geometry": {
        "type": "Point",
        "coordinates": [
          -114.00568849999999,
          46.6760223
        ]
      }
    },
    {
      "type": "Feature",
      "properties": {
        "file": "leg03_m050_b203_2026-06-18T16-13-44.jpg",
        "leg": "leg03",
        "mark_index": 50,
        "along_track_m": 50.0,
        "achieved_heading": 199.74893916232452,
        "target_bearing": 203.47350413456041,
        "fix_type": 6,
        "hacc_m": 0.014,
        "corrupt": false,
        "position_interpolated": true,
        "captured_at_utc": "2026-06-18T22:13:44.429036+00:00"
      },
      "geometry": {
        "type": "Point",
        "coordinates": [
          -114.00569353945988,
          46.676013916395725
        ]
      }
    },
    {
      "type": "Feature",
      "properties": {
        "file": "leg03_m051_b203_2026-06-18T16-13-46.jpg",
        "leg": "leg03",
        "mark_index": 51,
        "along_track_m": 51.0,
        "achieved_heading": 198.46881474646744,
        "target_bearing": 203.47350413456041,
        "fix_type": 6,
        "hacc_m": 0.014,
        "corrupt": false,
        "position_interpolated": true,
        "captured_at_utc": "2026-06-18T22:13:45.975996+00:00"
      },
      "geometry": {
        "type": "Point",
        "coordinates": [
          -114.0056989,
          46.6760047
        ]
      }
    },
    {
      "type": "Feature",
      "properties": {
        "file": "leg03_m052_b203_2026-06-18T16-13-47.jpg",
        "leg": "leg03",
        "mark_index": 52,
        "along_track_m": 52.0,
        "achieved_heading": 200.02161905846776,
        "target_bearing": 203.47350413456041,
        "fix_type": 6,
        "hacc_m": 0.014,
        "corrupt": false,
        "position_interpolated": true,
        "captured_at_utc": "2026-06-18T22:13:46.956003+00:00"
      },
      "geometry": {
        "type": "Point",
        "coordinates": [
          -114.0057035,
          46.6759966
        ]
      }
    },
    {
      "type": "Feature",
      "properties": {
        "file": "leg03_m053_b203_2026-06-18T16-13-48.jpg",
        "leg": "leg03",
        "mark_index": 53,
        "along_track_m": 53.0,
        "achieved_heading": 202.12712076238842,
        "target_bearing": 203.47350413456041,
        "fix_type": 6,
        "hacc_m": 0.014,
        "corrupt": false,
        "position_interpolated": true,
        "captured_at_utc": "2026-06-18T22:13:48.013592+00:00"
      },
      "geometry": {
        "type": "Point",
        "coordinates": [
          -114.0057082,
          46.6759886
        ]
      }
    },
    {
      "type": "Feature",
      "properties": {
        "file": "leg03_m054_b203_2026-06-18T16-13-48.jpg",
        "leg": "leg03",
        "mark_index": 54,
        "along_track_m": 54.0,
        "achieved_heading": 204.66727334480242,
        "target_bearing": 203.47350413456041,
        "fix_type": 6,
        "hacc_m": 0.014,
        "corrupt": false,
        "position_interpolated": true,
        "captured_at_utc": "2026-06-18T22:13:48.921813+00:00"
      },
      "geometry": {
        "type": "Point",
        "coordinates": [
          -114.00571327068037,
          46.67598074691139
        ]
      }
    },
    {
      "type": "Feature",
      "properties": {
        "file": "leg03_m055_b203_2026-06-18T16-13-50.jpg",
        "leg": "leg03",
        "mark_index": 55,
        "along_track_m": 55.0,
        "achieved_heading": 204.36290379056646,
        "target_bearing": 203.47350413456041,
        "fix_type": 6,
        "hacc_m": 0.014,
        "corrupt": false,
        "position_interpolated": true,
        "captured_at_utc": "2026-06-18T22:13:50.176567+00:00"
      },
      "geometry": {
        "type": "Point",
        "coordinates": [
          -114.0057197,
          46.6759717
        ]
      }
    },
    {
      "type": "Feature",
      "properties": {
        "file": "leg03_m056_b203_2026-06-18T16-13-51.jpg",
        "leg": "leg03",
        "mark_index": 56,
        "along_track_m": 56.0,
        "achieved_heading": 202.58986689143808,
        "target_bearing": 203.47350413456041,
        "fix_type": 6,
        "hacc_m": 0.014,
        "corrupt": false,
        "position_interpolated": true,
        "captured_at_utc": "2026-06-18T22:13:51.090574+00:00"
      },
      "geometry": {
        "type": "Point",
        "coordinates": [
          -114.0057248053951,
          46.67596411136782
        ]
      }
    },
    {
      "type": "Feature",
      "properties": {
        "file": "leg03_m057_b203_2026-06-18T16-13-52.jpg",
        "leg": "leg03",
        "mark_index": 57,
        "along_track_m": 57.0,
        "achieved_heading": 201.1385911403411,
        "target_bearing": 203.47350413456041,
        "fix_type": 6,
        "hacc_m": 0.014,
        "corrupt": false,
        "position_interpolated": true,
        "captured_at_utc": "2026-06-18T22:13:52.140096+00:00"
      },
      "geometry": {
        "type": "Point",
        "coordinates": [
          -114.00573039999999,
          46.675955599999995
        ]
      }
    },
    {
      "type": "Feature",
      "properties": {
        "file": "leg03_m058_b203_2026-06-18T16-13-53.jpg",
        "leg": "leg03",
        "mark_index": 58,
        "along_track_m": 58.0,
        "achieved_heading": 201.31407153332066,
        "target_bearing": 203.47350413456041,
        "fix_type": 6,
        "hacc_m": 0.014,
        "corrupt": false,
        "position_interpolated": true,
        "captured_at_utc": "2026-06-18T22:13:53.129891+00:00"
      },
      "geometry": {
        "type": "Point",
        "coordinates": [
          -114.00573528562506,
          46.675947625555445
        ]
      }
    },
    {
      "type": "Feature",
      "properties": {
        "file": "leg03_m059_b203_2026-06-18T16-13-54.jpg",
        "leg": "leg03",
        "mark_index": 59,
        "along_track_m": 59.0,
        "achieved_heading": 200.9348705828251,
        "target_bearing": 203.47350413456041,
        "fix_type": 6,
        "hacc_m": 0.014,
        "corrupt": false,
        "position_interpolated": true,
        "captured_at_utc": "2026-06-18T22:13:54.241997+00:00"
      },
      "geometry": {
        "type": "Point",
        "coordinates": [
          -114.00574034672667,
          46.67593887990999
        ]
      }
    },
    {
      "type": "Feature",
      "properties": {
        "file": "leg03_m060_b203_2026-06-18T16-13-55.jpg",
        "leg": "leg03",
        "mark_index": 60,
        "along_track_m": 60.0,
        "achieved_heading": 202.2517649781007,
        "target_bearing": 203.47350413456041,
        "fix_type": 6,
        "hacc_m": 0.014,
        "corrupt": false,
        "position_interpolated": true,
        "captured_at_utc": "2026-06-18T22:13:55.288850+00:00"
      },
      "geometry": {
        "type": "Point",
        "coordinates": [
          -114.00574555380543,
          46.67593029238915
        ]
      }
    },
    {
      "type": "Feature",
      "properties": {
        "file": "leg03_m061_b203_2026-06-18T16-13-56.jpg",
        "leg": "leg03",
        "mark_index": 61,
        "along_track_m": 61.0,
        "achieved_heading": 203.43668735072868,
        "target_bearing": 203.47350413456041,
        "fix_type": 6,
        "hacc_m": 0.014,
        "corrupt": false,
        "position_interpolated": true,
        "captured_at_utc": "2026-06-18T22:13:56.344185+00:00"
      },
      "geometry": {
        "type": "Point",
        "coordinates": [
          -114.00575099999999,
          46.6759221
        ]
      }
    },
    {
      "type": "Feature",
      "properties": {
        "file": "leg03_m062_b203_2026-06-18T16-13-57.jpg",
        "leg": "leg03",
        "mark_index": 62,
        "along_track_m": 62.0,
        "achieved_heading": 203.18936710906672,
        "target_bearing": 203.47350413456041,
        "fix_type": 6,
        "hacc_m": 0.014,
        "corrupt": false,
        "position_interpolated": true,
        "captured_at_utc": "2026-06-18T22:13:57.252448+00:00"
      },
      "geometry": {
        "type": "Point",
        "coordinates": [
          -114.00575573346622,
          46.67591497649391
        ]
      }
    },
    {
      "type": "Feature",
      "properties": {
        "file": "leg03_m063_b203_2026-06-18T16-13-58.jpg",
        "leg": "leg03",
        "mark_index": 63,
        "along_track_m": 63.0,
        "achieved_heading": 202.93871401599864,
        "target_bearing": 203.47350413456041,
        "fix_type": 6,
        "hacc_m": 0.014,
        "corrupt": false,
        "position_interpolated": true,
        "captured_at_utc": "2026-06-18T22:13:58.356983+00:00"
      },
      "geometry": {
        "type": "Point",
        "coordinates": [
          -114.00576149999999,
          46.6759067
        ]
      }
    },
    {
      "type": "Feature",
      "properties": {
        "file": "leg03_m064_b203_2026-06-18T16-13-59.jpg",
        "leg": "leg03",
        "mark_index": 64,
        "along_track_m": 64.0,
        "achieved_heading": 200.46710570787639,
        "target_bearing": 203.47350413456041,
        "fix_type": 6,
        "hacc_m": 0.014,
        "corrupt": false,
        "position_interpolated": true,
        "captured_at_utc": "2026-06-18T22:13:59.556250+00:00"
      },
      "geometry": {
        "type": "Point",
        "coordinates": [
          -114.00576749999999,
          46.675897
        ]
      }
    },
    {
      "type": "Feature",
      "properties": {
        "file": "leg03_m065_b203_2026-06-18T16-14-00.jpg",
        "leg": "leg03",
        "mark_index": 65,
        "along_track_m": 65.0,
        "achieved_heading": 200.56625693846507,
        "target_bearing": 203.47350413456041,
        "fix_type": 6,
        "hacc_m": 0.014,
        "corrupt": false,
        "position_interpolated": true,
        "captured_at_utc": "2026-06-18T22:14:00.470062+00:00"
      },
      "geometry": {
        "type": "Point",
        "coordinates": [
          -114.0057715592457,
          46.6758893514143
        ]
      }
    },
    {
      "type": "Feature",
      "properties": {
        "file": "leg03_m066_b203_2026-06-18T16-14-01.jpg",
        "leg": "leg03",
        "mark_index": 66,
        "along_track_m": 66.0,
        "achieved_heading": 202.53821845632174,
        "target_bearing": 203.47350413456041,
        "fix_type": 6,
        "hacc_m": 0.014,
        "corrupt": false,
        "position_interpolated": true,
        "captured_at_utc": "2026-06-18T22:14:01.452770+00:00"
      },
      "geometry": {
        "type": "Point",
        "coordinates": [
          -114.00577616851876,
          46.675881615637465
        ]
      }
    },
    {
      "type": "Feature",
      "properties": {
        "file": "leg03_m067_b203_2026-06-18T16-14-02.jpg",
        "leg": "leg03",
        "mark_index": 67,
        "along_track_m": 67.0,
        "achieved_heading": 203.1631160222487,
        "target_bearing": 203.47350413456041,
        "fix_type": 6,
        "hacc_m": 0.014,
        "corrupt": false,
        "position_interpolated": true,
        "captured_at_utc": "2026-06-18T22:14:02.503505+00:00"
      },
      "geometry": {
        "type": "Point",
        "coordinates": [
          -114.00578152389105,
          46.67587327216839
        ]
      }
    },
    {
      "type": "Feature",
      "properties": {
        "file": "leg03_m068_b203_2026-06-18T16-14-03.jpg",
        "leg": "leg03",
        "mark_index": 68,
        "along_track_m": 68.0,
        "achieved_heading": 202.9072299272989,
        "target_bearing": 203.47350413456041,
        "fix_type": 6,
        "hacc_m": 0.014,
        "corrupt": false,
        "position_interpolated": true,
        "captured_at_utc": "2026-06-18T22:14:03.544096+00:00"
      },
      "geometry": {
        "type": "Point",
        "coordinates": [
          -114.005787,
          46.6758653
        ]
      }
    },
    {
      "type": "Feature",
      "properties": {
        "file": "leg03_m069_b203_2026-06-18T16-14-04.jpg",
        "leg": "leg03",
        "mark_index": 69,
        "along_track_m": 69.0,
        "achieved_heading": 203.41977865219576,
        "target_bearing": 203.47350413456041,
        "fix_type": 6,
        "hacc_m": 0.014,
        "corrupt": false,
        "position_interpolated": true,
        "captured_at_utc": "2026-06-18T22:14:04.674040+00:00"
      },
      "geometry": {
        "type": "Point",
        "coordinates": [
          -114.0057926732239,
          46.6758560629328
        ]
      }
    },
    {
      "type": "Feature",
      "properties": {
        "file": "leg03_m070_b203_2026-06-18T16-14-05.jpg",
        "leg": "leg03",
        "mark_index": 70,
        "along_track_m": 70.0,
        "achieved_heading": 203.13662451279492,
        "target_bearing": 203.47350413456041,
        "fix_type": 6,
        "hacc_m": 0.014,
        "corrupt": false,
        "position_interpolated": true,
        "captured_at_utc": "2026-06-18T22:14:05.651738+00:00"
      },
      "geometry": {
        "type": "Point",
        "coordinates": [
          -114.0057979350853,
          46.67584824737205
        ]
      }
    },
    {
      "type": "Feature",
      "properties": {
        "file": "leg03_m071_b203_2026-06-18T16-14-06.jpg",
        "leg": "leg03",
        "mark_index": 71,
        "along_track_m": 71.0,
        "achieved_heading": 202.68009731667755,
        "target_bearing": 203.47350413456041,
        "fix_type": 6,
        "hacc_m": 0.014,
        "corrupt": false,
        "position_interpolated": true,
        "captured_at_utc": "2026-06-18T22:14:06.771147+00:00"
      },
      "geometry": {
        "type": "Point",
        "coordinates": [
          -114.005803,
          46.6758397
        ]
      }
    },
    {
      "type": "Feature",
      "properties": {
        "file": "leg03_m072_b203_2026-06-18T16-14-07.jpg",
        "leg": "leg03",
        "mark_index": 72,
        "along_track_m": 72.0,
        "achieved_heading": 203.78513585156009,
        "target_bearing": 203.47350413456041,
        "fix_type": 6,
        "hacc_m": 0.014,
        "corrupt": false,
        "position_interpolated": true,
        "captured_at_utc": "2026-06-18T22:14:07.747714+00:00"
      },
      "geometry": {
        "type": "Point",
        "coordinates": [
          -114.0058086,
          46.6758319
        ]
      }
    },
    {
      "type": "Feature",
      "properties": {
        "file": "leg03_m073_b203_2026-06-18T16-14-08.jpg",
        "leg": "leg03",
        "mark_index": 73,
        "along_track_m": 73.0,
        "achieved_heading": 202.35629407176384,
        "target_bearing": 203.47350413456041,
        "fix_type": 6,
        "hacc_m": 0.014,
        "corrupt": false,
        "position_interpolated": true,
        "captured_at_utc": "2026-06-18T22:14:08.816634+00:00"
      },
      "geometry": {
        "type": "Point",
        "coordinates": [
          -114.00581349999999,
          46.6758241
        ]
      }
    },
    {
      "type": "Feature",
      "properties": {
        "file": "leg03_m074_b203_2026-06-18T16-14-09.jpg",
        "leg": "leg03",
        "mark_index": 74,
        "along_track_m": 74.0,
        "achieved_heading": 202.87872103351236,
        "target_bearing": 203.47350413456041,
        "fix_type": 6,
        "hacc_m": 0.014,
        "corrupt": false,
        "position_interpolated": true,
        "captured_at_utc": "2026-06-18T22:14:09.788381+00:00"
      },
      "geometry": {
        "type": "Point",
        "coordinates": [
          -114.00581889574327,
          46.67581577423418
        ]
      }
    },
    {
      "type": "Feature",
      "properties": {
        "file": "leg03_m075_b203_2026-06-18T16-14-10.jpg",
        "leg": "leg03",
        "mark_index": 75,
        "along_track_m": 75.0,
        "achieved_heading": 202.1280066296681,
        "target_bearing": 203.47350413456041,
        "fix_type": 6,
        "hacc_m": 0.014,
        "corrupt": false,
        "position_interpolated": true,
        "captured_at_utc": "2026-06-18T22:14:10.905136+00:00"
      },
      "geometry": {
        "type": "Point",
        "coordinates": [
          -114.00582451884807,
          46.675806844270085
        ]
      }
    },
    {
      "type": "Feature",
      "properties": {
        "file": "leg03_m076_b203_2026-06-18T16-14-12.jpg",
        "leg": "leg03",
        "mark_index": 76,
        "along_track_m": 76.0,
        "achieved_heading": 201.22363859064097,
        "target_bearing": 203.47350413456041,
        "fix_type": 6,
        "hacc_m": 0.014,
        "corrupt": false,
        "position_interpolated": true,
        "captured_at_utc": "2026-06-18T22:14:12.014495+00:00"
      },
      "geometry": {
        "type": "Point",
        "coordinates": [
          -114.00582879999999,
          46.675799
        ]
      }
    },
    {
      "type": "Feature",
      "properties": {
        "file": "leg03_m077_b203_2026-06-18T16-14-12.jpg",
        "leg": "leg03",
        "mark_index": 77,
        "along_track_m": 77.0,
        "achieved_heading": 202.57647100531392,
        "target_bearing": 203.47350413456041,
        "fix_type": 6,
        "hacc_m": 0.014,
        "corrupt": false,
        "position_interpolated": true,
        "captured_at_utc": "2026-06-18T22:14:12.933357+00:00"
      },
      "geometry": {
        "type": "Point",
        "coordinates": [
          -114.00583379999999,
          46.675791
        ]
      }
    },
    {
      "type": "Feature",
      "properties": {
        "file": "leg03_m078_b203_2026-06-18T16-14-14.jpg",
        "leg": "leg03",
        "mark_index": 78,
        "along_track_m": 78.0,
        "achieved_heading": 203.38586762861658,
        "target_bearing": 203.47350413456041,
        "fix_type": 6,
        "hacc_m": 0.014,
        "corrupt": false,
        "position_interpolated": true,
        "captured_at_utc": "2026-06-18T22:14:14.116624+00:00"
      },
      "geometry": {
        "type": "Point",
        "coordinates": [
          -114.00583961032295,
          46.675781443483274
        ]
      }
    },
    {
      "type": "Feature",
      "properties": {
        "file": "leg03_m079_b203_2026-06-18T16-14-15.jpg",
        "leg": "leg03",
        "mark_index": 79,
        "along_track_m": 79.0,
        "achieved_heading": 203.87724379351727,
        "target_bearing": 203.47350413456041,
        "fix_type": 6,
        "hacc_m": 0.014,
        "corrupt": false,
        "position_interpolated": true,
        "captured_at_utc": "2026-06-18T22:14:15.111863+00:00"
      },
      "geometry": {
        "type": "Point",
        "coordinates": [
          -114.00584502775466,
          46.6757735204089
        ]
      }
    },
    {
      "type": "Feature",
      "properties": {
        "file": "leg03_m080_b203_2026-06-18T16-14-16.jpg",
        "leg": "leg03",
        "mark_index": 80,
        "along_track_m": 80.0,
        "achieved_heading": 203.2941896771651,
        "target_bearing": 203.47350413456041,
        "fix_type": 6,
        "hacc_m": 0.014,
        "corrupt": false,
        "position_interpolated": true,
        "captured_at_utc": "2026-06-18T22:14:16.158057+00:00"
      },
      "geometry": {
        "type": "Point",
        "coordinates": [
          -114.0058504,
          46.6757657
        ]
      }
    },
    {
      "type": "Feature",
      "properties": {
        "file": "leg03_m081_b203_2026-06-18T16-14-17.jpg",
        "leg": "leg03",
        "mark_index": 81,
        "along_track_m": 81.0,
        "achieved_heading": 201.20058436593885,
        "target_bearing": 203.47350413456041,
        "fix_type": 6,
        "hacc_m": 0.014,
        "corrupt": false,
        "position_interpolated": true,
        "captured_at_utc": "2026-06-18T22:14:17.074612+00:00"
      },
      "geometry": {
        "type": "Point",
        "coordinates": [
          -114.00585520126327,
          46.6757581888419
        ]
      }
    },
    {
      "type": "Feature",
      "properties": {
        "file": "leg03_m082_b203_2026-06-18T16-14-18.jpg",
        "leg": "leg03",
        "mark_index": 82,
        "along_track_m": 82.0,
        "achieved_heading": 201.13337069029654,
        "target_bearing": 203.47350413456041,
        "fix_type": 6,
        "hacc_m": 0.014,
        "corrupt": false,
        "position_interpolated": true,
        "captured_at_utc": "2026-06-18T22:14:18.190452+00:00"
      },
      "geometry": {
        "type": "Point",
        "coordinates": [
          -114.00586009999999,
          46.6757498
        ]
      }
    },
    {
      "type": "Feature",
      "properties": {
        "file": "leg03_m083_b203_2026-06-18T16-14-19.jpg",
        "leg": "leg03",
        "mark_index": 83,
        "along_track_m": 83.0,
        "achieved_heading": 203.1698835649259,
        "target_bearing": 203.47350413456041,
        "fix_type": 6,
        "hacc_m": 0.014,
        "corrupt": false,
        "position_interpolated": true,
        "captured_at_utc": "2026-06-18T22:14:19.237785+00:00"
      },
      "geometry": {
        "type": "Point",
        "coordinates": [
          -114.00586554075896,
          46.67574103478565
        ]
      }
    },
    {
      "type": "Feature",
      "properties": {
        "file": "leg03_m084_b203_2026-06-18T16-14-20.jpg",
        "leg": "leg03",
        "mark_index": 84,
        "along_track_m": 84.0,
        "achieved_heading": 204.2081589734252,
        "target_bearing": 203.47350413456041,
        "fix_type": 6,
        "hacc_m": 0.014,
        "corrupt": false,
        "position_interpolated": true,
        "captured_at_utc": "2026-06-18T22:14:20.367744+00:00"
      },
      "geometry": {
        "type": "Point",
        "coordinates": [
          -114.0058715,
          46.6757322
        ]
      }
    },
    {
      "type": "Feature",
      "properties": {
        "file": "leg03_m085_b203_2026-06-18T16-14-21.jpg",
        "leg": "leg03",
        "mark_index": 85,
        "along_track_m": 85.0,
        "achieved_heading": 203.28481583552536,
        "target_bearing": 203.47350413456041,
        "fix_type": 6,
        "hacc_m": 0.014,
        "corrupt": false,
        "position_interpolated": true,
        "captured_at_utc": "2026-06-18T22:14:21.342164+00:00"
      },
      "geometry": {
        "type": "Point",
        "coordinates": [
          -114.0058765,
          46.6757245
        ]
      }
    },
    {
      "type": "Feature",
      "properties": {
        "file": "leg03_m086_b203_2026-06-18T16-14-22.jpg",
        "leg": "leg03",
        "mark_index": 86,
        "along_track_m": 86.0,
        "achieved_heading": 202.17989807394883,
        "target_bearing": 203.47350413456041,
        "fix_type": 6,
        "hacc_m": 0.014,
        "corrupt": false,
        "position_interpolated": true,
        "captured_at_utc": "2026-06-18T22:14:22.330338+00:00"
      },
      "geometry": {
        "type": "Point",
        "coordinates": [
          -114.0058813,
          46.6757169
        ]
      }
    },
    {
      "type": "Feature",
      "properties": {
        "file": "leg03_m087_b203_2026-06-18T16-14-23.jpg",
        "leg": "leg03",
        "mark_index": 87,
        "along_track_m": 87.0,
        "achieved_heading": 202.38436775538335,
        "target_bearing": 203.47350413456041,
        "fix_type": 6,
        "hacc_m": 0.014,
        "corrupt": false,
        "position_interpolated": true,
        "captured_at_utc": "2026-06-18T22:14:23.509733+00:00"
      },
      "geometry": {
        "type": "Point",
        "coordinates": [
          -114.00588742788077,
          46.67570750817886
        ]
      }
    },
    {
      "type": "Feature",
      "properties": {
        "file": "leg03_m088_b203_2026-06-18T16-14-24.jpg",
        "leg": "leg03",
        "mark_index": 88,
        "along_track_m": 88.0,
        "achieved_heading": 200.70858966966617,
        "target_bearing": 203.47350413456041,
        "fix_type": 6,
        "hacc_m": 0.014,
        "corrupt": false,
        "position_interpolated": true,
        "captured_at_utc": "2026-06-18T22:14:24.482527+00:00"
      },
      "geometry": {
        "type": "Point",
        "coordinates": [
          -114.00589222108292,
          46.6756997801988
        ]
      }
    },
    {
      "type": "Feature",
      "properties": {
        "file": "leg03_m089_b203_2026-06-18T16-14-25.jpg",
        "leg": "leg03",
        "mark_index": 89,
        "along_track_m": 89.0,
        "achieved_heading": 201.8843249388011,
        "target_bearing": 203.47350413456041,
        "fix_type": 6,
        "hacc_m": 0.014,
        "corrupt": false,
        "position_interpolated": true,
        "captured_at_utc": "2026-06-18T22:14:25.539569+00:00"
      },
      "geometry": {
        "type": "Point",
        "coordinates": [
          -114.00589719999999,
          46.6756914
        ]
      }
    },
    {
      "type": "Feature",
      "properties": {
        "file": "leg03_m090_b203_2026-06-18T16-14-26.jpg",
        "leg": "leg03",
        "mark_index": 90,
        "along_track_m": 90.0,
        "achieved_heading": 202.48313798839865,
        "target_bearing": 203.47350413456041,
        "fix_type": 6,
        "hacc_m": 0.014,
        "corrupt": false,
        "position_interpolated": true,
        "captured_at_utc": "2026-06-18T22:14:26.587440+00:00"
      },
      "geometry": {
        "type": "Point",
        "coordinates": [
          -114.00590179999999,
          46.6756835
        ]
      }
    },
    {
      "type": "Feature",
      "properties": {
        "file": "leg03_m091_b203_2026-06-18T16-14-27.jpg",
        "leg": "leg03",
        "mark_index": 91,
        "along_track_m": 91.0,
        "achieved_heading": 202.98358913437414,
        "target_bearing": 203.47350413456041,
        "fix_type": 6,
        "hacc_m": 0.014,
        "corrupt": false,
        "position_interpolated": true,
        "captured_at_utc": "2026-06-18T22:14:27.642443+00:00"
      },
      "geometry": {
        "type": "Point",
        "coordinates": [
          -114.00590734950406,
          46.6756750841599
        ]
      }
    },
    {
      "type": "Feature",
      "properties": {
        "file": "leg03_m092_b203_2026-06-18T16-14-28.jpg",
        "leg": "leg03",
        "mark_index": 92,
        "along_track_m": 92.0,
        "achieved_heading": 201.87449714847307,
        "target_bearing": 203.47350413456041,
        "fix_type": 6,
        "hacc_m": 0.014,
        "corrupt": false,
        "position_interpolated": true,
        "captured_at_utc": "2026-06-18T22:14:28.756534+00:00"
      },
      "geometry": {
        "type": "Point",
        "coordinates": [
          -114.00591299999999,
          46.675666299999996
        ]
      }
    },
    {
      "type": "Feature",
      "properties": {
        "file": "leg03_m093_b203_2026-06-18T16-14-29.jpg",
        "leg": "leg03",
        "mark_index": 93,
        "along_track_m": 93.0,
        "achieved_heading": 203.57732024090723,
        "target_bearing": 203.47350413456041,
        "fix_type": 6,
        "hacc_m": 0.014,
        "corrupt": false,
        "position_interpolated": true,
        "captured_at_utc": "2026-06-18T22:14:29.671910+00:00"
      },
      "geometry": {
        "type": "Point",
        "coordinates": [
          -114.00591776470682,
          46.67565864444264
        ]
      }
    },
    {
      "type": "Feature",
      "properties": {
        "file": "leg03_m094_b203_2026-06-18T16-14-30.jpg",
        "leg": "leg03",
        "mark_index": 94,
        "along_track_m": 94.0,
        "achieved_heading": 203.68669814008865,
        "target_bearing": 203.47350413456041,
        "fix_type": 6,
        "hacc_m": 0.014,
        "corrupt": false,
        "position_interpolated": true,
        "captured_at_utc": "2026-06-18T22:14:30.726613+00:00"
      },
      "geometry": {
        "type": "Point",
        "coordinates": [
          -114.0059229,
          46.6756503
        ]
      }
    },
    {
      "type": "Feature",
      "properties": {
        "file": "leg03_m095_b203_2026-06-18T16-14-31.jpg",
        "leg": "leg03",
        "mark_index": 95,
        "along_track_m": 95.0,
        "achieved_heading": 204.2909414818201,
        "target_bearing": 203.47350413456041,
        "fix_type": 6,
        "hacc_m": 0.014,
        "corrupt": false,
        "position_interpolated": true,
        "captured_at_utc": "2026-06-18T22:14:31.837503+00:00"
      },
      "geometry": {
        "type": "Point",
        "coordinates": [
          -114.00592809999999,
          46.675642599999996
        ]
      }
    },
    {
      "type": "Feature",
      "properties": {
        "file": "leg03_m096_b203_2026-06-18T16-14-33.jpg",
        "leg": "leg03",
        "mark_index": 96,
        "along_track_m": 96.0,
        "achieved_heading": 202.46343212903213,
        "target_bearing": 203.47350413456041,
        "fix_type": 6,
        "hacc_m": 0.014,
        "corrupt": false,
        "position_interpolated": true,
        "captured_at_utc": "2026-06-18T22:14:32.898032+00:00"
      },
      "geometry": {
        "type": "Point",
        "coordinates": [
          -114.00593409606927,
          46.67563322085279
        ]
      }
    },
    {
      "type": "Feature",
      "properties": {
        "file": "leg03_m097_b203_2026-06-18T16-14-33.jpg",
        "leg": "leg03",
        "mark_index": 97,
        "along_track_m": 97.0,
        "achieved_heading": 201.81631562205882,
        "target_bearing": 203.47350413456041,
        "fix_type": 6,
        "hacc_m": 0.014,
        "corrupt": false,
        "position_interpolated": true,
        "captured_at_utc": "2026-06-18T22:14:33.873123+00:00"
      },
      "geometry": {
        "type": "Point",
        "coordinates": [
          -114.0059389734348,
          46.67562540278258
        ]
      }
    },
    {
      "type": "Feature",
      "properties": {
        "file": "leg03_m098_b203_2026-06-18T16-14-34.jpg",
        "leg": "leg03",
        "mark_index": 98,
        "along_track_m": 98.0,
        "achieved_heading": 203.35046778633435,
        "target_bearing": 203.47350413456041,
        "fix_type": 6,
        "hacc_m": 0.014,
        "corrupt": false,
        "position_interpolated": true,
        "captured_at_utc": "2026-06-18T22:14:34.863789+00:00"
      },
      "geometry": {
        "type": "Point",
        "coordinates": [
          -114.0059436196582,
          46.67561744854687
        ]
      }
    },
    {
      "type": "Feature",
      "properties": {
        "file": "leg03_m099_b203_2026-06-18T16-14-35.jpg",
        "leg": "leg03",
        "mark_index": 99,
        "along_track_m": 99.0,
        "achieved_heading": 204.6242726169569,
        "target_bearing": 203.47350413456041,
        "fix_type": 6,
        "hacc_m": 0.014,
        "corrupt": false,
        "position_interpolated": true,
        "captured_at_utc": "2026-06-18T22:14:35.916229+00:00"
      },
      "geometry": {
        "type": "Point",
        "coordinates": [
          -114.0059488617283,
          46.67560915102892
        ]
      }
    },
    {
      "type": "Feature",
      "properties": {
        "file": "leg03_m100_b203_2026-06-18T16-14-36.jpg",
        "leg": "leg03",
        "mark_index": 100,
        "along_track_m": 100.0,
        "achieved_heading": 203.8937254835663,
        "target_bearing": 203.47350413456041,
        "fix_type": 6,
        "hacc_m": 0.014,
        "corrupt": false,
        "position_interpolated": true,
        "captured_at_utc": "2026-06-18T22:14:36.962054+00:00"
      },
      "geometry": {
        "type": "Point",
        "coordinates": [
          -114.00595419999999,
          46.6756013
        ]
      }
    },
    {
      "type": "Feature",
      "properties": {
        "file": "leg03_m101_b203_2026-06-18T16-14-38.jpg",
        "leg": "leg03",
        "mark_index": 101,
        "along_track_m": 101.0,
        "achieved_heading": 203.0203515162227,
        "target_bearing": 203.47350413456041,
        "fix_type": 6,
        "hacc_m": 0.014,
        "corrupt": false,
        "position_interpolated": true,
        "captured_at_utc": "2026-06-18T22:14:38.012303+00:00"
      },
      "geometry": {
        "type": "Point",
        "coordinates": [
          -114.00595986662897,
          46.67559277884613
        ]
      }
    },
    {
      "type": "Feature",
      "properties": {
        "file": "leg03_m102_b203_2026-06-18T16-14-39.jpg",
        "leg": "leg03",
        "mark_index": 102,
        "along_track_m": 102.0,
        "achieved_heading": 201.44510529790472,
        "target_bearing": 203.47350413456041,
        "fix_type": 6,
        "hacc_m": 0.014,
        "corrupt": false,
        "position_interpolated": true,
        "captured_at_utc": "2026-06-18T22:14:39.127356+00:00"
      },
      "geometry": {
        "type": "Point",
        "coordinates": [
          -114.00596539119785,
          46.67558381200292
        ]
      }
    },
    {
      "type": "Feature",
      "properties": {
        "file": "leg03_m103_b203_2026-06-18T16-14-40.jpg",
        "leg": "leg03",
        "mark_index": 103,
        "along_track_m": 103.0,
        "achieved_heading": 200.77235135293944,
        "target_bearing": 203.47350413456041,
        "fix_type": 6,
        "hacc_m": 0.014,
        "corrupt": false,
        "position_interpolated": true,
        "captured_at_utc": "2026-06-18T22:14:40.247379+00:00"
      },
      "geometry": {
        "type": "Point",
        "coordinates": [
          -114.0059699,
          46.675576299999996
        ]
      }
    },
    {
      "type": "Feature",
      "properties": {
        "file": "leg03_m104_b203_2026-06-18T16-14-41.jpg",
        "leg": "leg03",
        "mark_index": 104,
        "along_track_m": 104.0,
        "achieved_heading": 202.80616660034264,
        "target_bearing": 203.47350413456041,
        "fix_type": 6,
        "hacc_m": 0.014,
        "corrupt": false,
        "position_interpolated": true,
        "captured_at_utc": "2026-06-18T22:14:41.146708+00:00"
      },
      "geometry": {
        "type": "Point",
        "coordinates": [
          -114.00597479999999,
          46.6755682
        ]
      }
    },
    {
      "type": "Feature",
      "properties": {
        "file": "leg03_m105_b203_2026-06-18T16-14-42.jpg",
        "leg": "leg03",
        "mark_index": 105,
        "along_track_m": 105.0,
        "achieved_heading": 202.31655611367654,
        "target_bearing": 203.47350413456041,
        "fix_type": 6,
        "hacc_m": 0.014,
        "corrupt": false,
        "position_interpolated": true,
        "captured_at_utc": "2026-06-18T22:14:42.349447+00:00"
      },
      "geometry": {
        "type": "Point",
        "coordinates": [
          -114.0059804,
          46.6755588
        ]
      }
    },
    {
      "type": "Feature",
      "properties": {
        "file": "leg03_m106_b203_2026-06-18T16-14-43.jpg",
        "leg": "leg03",
        "mark_index": 106,
        "along_track_m": 106.0,
        "achieved_heading": 203.70162154547683,
        "target_bearing": 203.47350413456041,
        "fix_type": 6,
        "hacc_m": 0.014,
        "corrupt": false,
        "position_interpolated": true,
        "captured_at_utc": "2026-06-18T22:14:43.264231+00:00"
      },
      "geometry": {
        "type": "Point",
        "coordinates": [
          -114.00598530950707,
          46.675551148708855
        ]
      }
    },
    {
      "type": "Feature",
      "properties": {
        "file": "leg03_m107_b203_2026-06-18T16-14-44.jpg",
        "leg": "leg03",
        "mark_index": 107,
        "along_track_m": 107.0,
        "achieved_heading": 203.60868623636614,
        "target_bearing": 203.47350413456041,
        "fix_type": 6,
        "hacc_m": 0.014,
        "corrupt": false,
        "position_interpolated": true,
        "captured_at_utc": "2026-06-18T22:14:44.306299+00:00"
      },
      "geometry": {
        "type": "Point",
        "coordinates": [
          -114.00599047559939,
          46.6755429866009
        ]
      }
    },
    {
      "type": "Feature",
      "properties": {
        "file": "leg03_m108_b203_2026-06-18T16-14-45.jpg",
        "leg": "leg03",
        "mark_index": 108,
        "along_track_m": 108.0,
        "achieved_heading": 204.48889930607828,
        "target_bearing": 203.47350413456041,
        "fix_type": 6,
        "hacc_m": 0.014,
        "corrupt": false,
        "position_interpolated": true,
        "captured_at_utc": "2026-06-18T22:14:45.420981+00:00"
      },
      "geometry": {
        "type": "Point",
        "coordinates": [
          -114.00599589999999,
          46.6755353
        ]
      }
    },
    {
      "type": "Feature",
      "properties": {
        "file": "leg03_m109_b203_2026-06-18T16-14-46.jpg",
        "leg": "leg03",
        "mark_index": 109,
        "along_track_m": 109.0,
        "achieved_heading": 202.26675424390731,
        "target_bearing": 203.47350413456041,
        "fix_type": 6,
        "hacc_m": 0.014,
        "corrupt": false,
        "position_interpolated": true,
        "captured_at_utc": "2026-06-18T22:14:46.477889+00:00"
      },
      "geometry": {
        "type": "Point",
        "coordinates": [
          -114.00600155313091,
          46.67552628401857
        ]
      }
    },
    {
      "type": "Feature",
      "properties": {
        "file": "leg03_m110_b203_2026-06-18T16-14-47.jpg",
        "leg": "leg03",
        "mark_index": 110,
        "along_track_m": 110.0,
        "achieved_heading": 202.87745214931414,
        "target_bearing": 203.47350413456041,
        "fix_type": 6,
        "hacc_m": 0.014,
        "corrupt": false,
        "position_interpolated": true,
        "captured_at_utc": "2026-06-18T22:14:47.458038+00:00"
      },
      "geometry": {
        "type": "Point",
        "coordinates": [
          -114.00600655572445,
          46.67551850076441
        ]
      }
    },
    {
      "type": "Feature",
      "properties": {
        "file": "leg03_m111_b203_2026-06-18T16-14-48.jpg",
        "leg": "leg03",
        "mark_index": 111,
        "along_track_m": 111.0,
        "achieved_heading": 203.1541030129899,
        "target_bearing": 203.47350413456041,
        "fix_type": 6,
        "hacc_m": 0.014,
        "corrupt": false,
        "position_interpolated": true,
        "captured_at_utc": "2026-06-18T22:14:48.511426+00:00"
      },
      "geometry": {
        "type": "Point",
        "coordinates": [
          -114.00601175892308,
          46.67551040520278
        ]
      }
    },
    {
      "type": "Feature",
      "properties": {
        "file": "leg03_m112_b203_2026-06-18T16-14-49.jpg",
        "leg": "leg03",
        "mark_index": 112,
        "along_track_m": 112.0,
        "achieved_heading": 202.0586766751963,
        "target_bearing": 203.47350413456041,
        "fix_type": 6,
        "hacc_m": 0.014,
        "corrupt": false,
        "position_interpolated": true,
        "captured_at_utc": "2026-06-18T22:14:49.501247+00:00"
      },
      "geometry": {
        "type": "Point",
        "coordinates": [
          -114.00601667249518,
          46.67550257850676
        ]
      }
    },
    {
      "type": "Feature",
      "properties": {
        "file": "leg03_m113_b203_2026-06-18T16-14-50.jpg",
        "leg": "leg03",
        "mark_index": 113,
        "along_track_m": 113.0,
        "achieved_heading": 203.43785481612184,
        "target_bearing": 203.47350413456041,
        "fix_type": 6,
        "hacc_m": 0.014,
        "corrupt": false,
        "position_interpolated": true,
        "captured_at_utc": "2026-06-18T22:14:50.681693+00:00"
      },
      "geometry": {
        "type": "Point",
        "coordinates": [
          -114.00602235432021,
          46.675492957352404
        ]
      }
    },
    {
      "type": "Feature",
      "properties": {
        "file": "leg03_m114_b203_2026-06-18T16-14-51.jpg",
        "leg": "leg03",
        "mark_index": 114,
        "along_track_m": 114.0,
        "achieved_heading": 202.77060815033275,
        "target_bearing": 203.47350413456041,
        "fix_type": 6,
        "hacc_m": 0.014,
        "corrupt": false,
        "position_interpolated": true,
        "captured_at_utc": "2026-06-18T22:14:51.657087+00:00"
      },
      "geometry": {
        "type": "Point",
        "coordinates": [
          -114.00602703671952,
          46.67548512840796
        ]
      }
    },
    {
      "type": "Feature",
      "properties": {
        "file": "leg03_m115_b203_2026-06-18T16-14-52.jpg",
        "leg": "leg03",
        "mark_index": 115,
        "along_track_m": 115.0,
        "achieved_heading": 204.1881566706841,
        "target_bearing": 203.47350413456041,
        "fix_type": 6,
        "hacc_m": 0.014,
        "corrupt": false,
        "position_interpolated": true,
        "captured_at_utc": "2026-06-18T22:14:52.711559+00:00"
      },
      "geometry": {
        "type": "Point",
        "coordinates": [
          -114.00603263088068,
          46.6754769942536
        ]
      }
    },
    {
      "type": "Feature",
      "properties": {
        "file": "leg03_m116_b203_2026-06-18T16-14-53.jpg",
        "leg": "leg03",
        "mark_index": 116,
        "along_track_m": 116.0,
        "achieved_heading": 203.35581608070362,
        "target_bearing": 203.47350413456041,
        "fix_type": 6,
        "hacc_m": 0.014,
        "corrupt": false,
        "position_interpolated": true,
        "captured_at_utc": "2026-06-18T22:14:53.820710+00:00"
      },
      "geometry": {
        "type": "Point",
        "coordinates": [
          -114.0060381,
          46.6754694
        ]
      }
    },
    {
      "type": "Feature",
      "properties": {
        "file": "leg03_m117_b203_2026-06-18T16-14-54.jpg",
        "leg": "leg03",
        "mark_index": 117,
        "along_track_m": 117.0,
        "achieved_heading": 202.17027506508163,
        "target_bearing": 203.47350413456041,
        "fix_type": 6,
        "hacc_m": 0.014,
        "corrupt": false,
        "position_interpolated": true,
        "captured_at_utc": "2026-06-18T22:14:54.738545+00:00"
      },
      "geometry": {
        "type": "Point",
        "coordinates": [
          -114.0060431,
          46.6754612
        ]
      }
    },
    {
      "type": "Feature",
      "properties": {
        "file": "leg03_m118_b203_2026-06-18T16-14-55.jpg",
        "leg": "leg03",
        "mark_index": 118,
        "along_track_m": 118.0,
        "achieved_heading": 202.25981744693524,
        "target_bearing": 203.47350413456041,
        "fix_type": 6,
        "hacc_m": 0.014,
        "corrupt": false,
        "position_interpolated": true,
        "captured_at_utc": "2026-06-18T22:14:55.856275+00:00"
      },
      "geometry": {
        "type": "Point",
        "coordinates": [
          -114.00604853735639,
          46.67545265962628
        ]
      }
    },
    {
      "type": "Feature",
      "properties": {
        "file": "leg03_m119_b203_2026-06-18T16-14-57.jpg",
        "leg": "leg03",
        "mark_index": 119,
        "along_track_m": 119.0,
        "achieved_heading": 202.77039373603867,
        "target_bearing": 203.47350413456041,
        "fix_type": 6,
        "hacc_m": 0.014,
        "corrupt": false,
        "position_interpolated": true,
        "captured_at_utc": "2026-06-18T22:14:56.975418+00:00"
      },
      "geometry": {
        "type": "Point",
        "coordinates": [
          -114.00605399999999,
          46.675444399999996
        ]
      }
    },
    {
      "type": "Feature",
      "properties": {
        "file": "leg03_m120_b203_2026-06-18T16-14-57.jpg",
        "leg": "leg03",
        "mark_index": 120,
        "along_track_m": 120.0,
        "achieved_heading": 204.19885718678003,
        "target_bearing": 203.47350413456041,
        "fix_type": 6,
        "hacc_m": 0.014,
        "corrupt": false,
        "position_interpolated": true,
        "captured_at_utc": "2026-06-18T22:14:57.962968+00:00"
      },
      "geometry": {
        "type": "Point",
        "coordinates": [
          -114.006059,
          46.675436399999995
        ]
      }
    },
    {
      "type": "Feature",
      "properties": {
        "file": "leg03_m121_b203_2026-06-18T16-14-59.jpg",
        "leg": "leg03",
        "mark_index": 121,
        "along_track_m": 121.0,
        "achieved_heading": 204.44308551376713,
        "target_bearing": 203.47350413456041,
        "fix_type": 6,
        "hacc_m": 0.014,
        "corrupt": false,
        "position_interpolated": true,
        "captured_at_utc": "2026-06-18T22:14:59.008113+00:00"
      },
      "geometry": {
        "type": "Point",
        "coordinates": [
          -114.00606445988731,
          46.675427972880925
        ]
      }
    },
    {
      "type": "Feature",
      "properties": {
        "file": "leg03_m122_b203_2026-06-18T16-15-00.jpg",
        "leg": "leg03",
        "mark_index": 122,
        "along_track_m": 122.0,
        "achieved_heading": 203.22009146414354,
        "target_bearing": 203.47350413456041,
        "fix_type": 6,
        "hacc_m": 0.014,
        "corrupt": false,
        "position_interpolated": true,
        "captured_at_utc": "2026-06-18T22:15:00.129217+00:00"
      },
      "geometry": {
        "type": "Point",
        "coordinates": [
          -114.00607009280559,
          46.67541901223048
        ]
      }
    },
    {
      "type": "Feature",
      "properties": {
        "file": "leg03_m123_b203_2026-06-18T16-15-01.jpg",
        "leg": "leg03",
        "mark_index": 123,
        "along_track_m": 123.0,
        "achieved_heading": 202.14408573127315,
        "target_bearing": 203.47350413456041,
        "fix_type": 6,
        "hacc_m": 0.014,
        "corrupt": false,
        "position_interpolated": true,
        "captured_at_utc": "2026-06-18T22:15:01.186786+00:00"
      },
      "geometry": {
        "type": "Point",
        "coordinates": [
          -114.0060754,
          46.675410899999996
        ]
      }
    },
    {
      "type": "Feature",
      "properties": {
        "file": "leg03_m124_b203_2026-06-18T16-15-02.jpg",
        "leg": "leg03",
        "mark_index": 124,
        "along_track_m": 124.0,
        "achieved_heading": 201.93075856822787,
        "target_bearing": 203.47350413456041,
        "fix_type": 6,
        "hacc_m": 0.014,
        "corrupt": false,
        "position_interpolated": true,
        "captured_at_utc": "2026-06-18T22:15:02.085481+00:00"
      },
      "geometry": {
        "type": "Point",
        "coordinates": [
          -114.00608017381354,
          46.67540316189834
        ]
      }
    },
    {
      "type": "Feature",
      "properties": {
        "file": "leg03_m125_b203_2026-06-18T16-15-03.jpg",
        "leg": "leg03",
        "mark_index": 125,
        "along_track_m": 125.0,
        "achieved_heading": 201.26578285258572,
        "target_bearing": 203.47350413456041,
        "fix_type": 6,
        "hacc_m": 0.014,
        "corrupt": false,
        "position_interpolated": true,
        "captured_at_utc": "2026-06-18T22:15:03.205420+00:00"
      },
      "geometry": {
        "type": "Point",
        "coordinates": [
          -114.00608509999999,
          46.6753949
        ]
      }
    },
    {
      "type": "Feature",
      "properties": {
        "file": "leg03_m126_b203_2026-06-18T16-15-04.jpg",
        "leg": "leg03",
        "mark_index": 126,
        "along_track_m": 126.0,
        "achieved_heading": 203.70630343975932,
        "target_bearing": 203.47350413456041,
        "fix_type": 6,
        "hacc_m": 0.014,
        "corrupt": false,
        "position_interpolated": true,
        "captured_at_utc": "2026-06-18T22:15:04.270920+00:00"
      },
      "geometry": {
        "type": "Point",
        "coordinates": [
          -114.0060896,
          46.675386599999996
        ]
      }
    },
    {
      "type": "Feature",
      "properties": {
        "file": "leg03_m127_b203_2026-06-18T16-15-05.jpg",
        "leg": "leg03",
        "mark_index": 127,
        "along_track_m": 127.0,
        "achieved_heading": 203.7248309494302,
        "target_bearing": 203.47350413456041,
        "fix_type": 6,
        "hacc_m": 0.014,
        "corrupt": false,
        "position_interpolated": true,
        "captured_at_utc": "2026-06-18T22:15:05.176817+00:00"
      },
      "geometry": {
        "type": "Point",
        "coordinates": [
          -114.0060949,
          46.675378699999996
        ]
      }
    },
    {
      "type": "Feature",
      "properties": {
        "file": "leg03_m128_b203_2026-06-18T16-15-06.jpg",
        "leg": "leg03",
        "mark_index": 128,
        "along_track_m": 128.0,
        "achieved_heading": 201.90831588210594,
        "target_bearing": 203.47350413456041,
        "fix_type": 6,
        "hacc_m": 0.014,
        "corrupt": false,
        "position_interpolated": true,
        "captured_at_utc": "2026-06-18T22:15:06.226265+00:00"
      },
      "geometry": {
        "type": "Point",
        "coordinates": [
          -114.00610033103152,
          46.67536992759051
        ]
      }
    },
    {
      "type": "Feature",
      "properties": {
        "file": "leg03_m129_b203_2026-06-18T16-15-07.jpg",
        "leg": "leg03",
        "mark_index": 129,
        "along_track_m": 129.0,
        "achieved_heading": 202.26258246979995,
        "target_bearing": 203.47350413456041,
        "fix_type": 6,
        "hacc_m": 0.014,
        "corrupt": false,
        "position_interpolated": true,
        "captured_at_utc": "2026-06-18T22:15:07.336464+00:00"
      },
      "geometry": {
        "type": "Point",
        "coordinates": [
          -114.0061059,
          46.675361099999996
        ]
      }
    },
    {
      "type": "Feature",
      "properties": {
        "file": "leg03_m130_b203_2026-06-18T16-15-08.jpg",
        "leg": "leg03",
        "mark_index": 130,
        "along_track_m": 130.0,
        "achieved_heading": 202.56383843873647,
        "target_bearing": 203.47350413456041,
        "fix_type": 6,
        "hacc_m": 0.014,
        "corrupt": false,
        "position_interpolated": true,
        "captured_at_utc": "2026-06-18T22:15:08.249116+00:00"
      },
      "geometry": {
        "type": "Point",
        "coordinates": [
          -114.00611040220164,
          46.67535379669752
        ]
      }
    },
    {
      "type": "Feature",
      "properties": {
        "file": "leg03_m131_b203_2026-06-18T16-15-09.jpg",
        "leg": "leg03",
        "mark_index": 131,
        "along_track_m": 131.0,
        "achieved_heading": 202.7995071977418,
        "target_bearing": 203.47350413456041,
        "fix_type": 6,
        "hacc_m": 0.014,
        "corrupt": false,
        "position_interpolated": true,
        "captured_at_utc": "2026-06-18T22:15:09.372209+00:00"
      },
      "geometry": {
        "type": "Point",
        "coordinates": [
          -114.0061154,
          46.6753453
        ]
      }
    },
    {
      "type": "Feature",
      "properties": {
        "file": "leg03_m132_b203_2026-06-18T16-15-10.jpg",
        "leg": "leg03",
        "mark_index": 132,
        "along_track_m": 132.0,
        "achieved_heading": 204.66595506411005,
        "target_bearing": 203.47350413456041,
        "fix_type": 6,
        "hacc_m": 0.014,
        "corrupt": false,
        "position_interpolated": true,
        "captured_at_utc": "2026-06-18T22:15:10.414223+00:00"
      },
      "geometry": {
        "type": "Point",
        "coordinates": [
          -114.0061209,
          46.6753371
        ]
      }
    },
    {
      "type": "Feature",
      "properties": {
        "file": "leg04_m000_b293_2026-06-18T16-15-14.jpg",
        "leg": "leg04",
        "mark_index": 0,
        "along_track_m": 0.0,
        "achieved_heading": 293.88081562407206,
        "target_bearing": 293.60590887742256,
        "fix_type": 6,
        "hacc_m": 0.014,
        "corrupt": false,
        "position_interpolated": true,
        "captured_at_utc": "2026-06-18T22:15:14.408898+00:00"
      },
      "geometry": {
        "type": "Point",
        "coordinates": [
          -114.0061254,
          46.6753305
        ]
      }
    },
    {
      "type": "Feature",
      "properties": {
        "file": "leg04_m001_b293_2026-06-18T16-15-15.jpg",
        "leg": "leg04",
        "mark_index": 1,
        "along_track_m": 1.0,
        "achieved_heading": 288.2683502460885,
        "target_bearing": 293.60590887742256,
        "fix_type": 6,
        "hacc_m": 0.014,
        "corrupt": false,
        "position_interpolated": true,
        "captured_at_utc": "2026-06-18T22:15:15.958991+00:00"
      },
      "geometry": {
        "type": "Point",
        "coordinates": [
          -114.00613899999999,
          46.6753335
        ]
      }
    },
    {
      "type": "Feature",
      "properties": {
        "file": "leg04_m002_b293_2026-06-18T16-15-16.jpg",
        "leg": "leg04",
        "mark_index": 2,
        "along_track_m": 2.0,
        "achieved_heading": 292.8628415094631,
        "target_bearing": 293.60590887742256,
        "fix_type": 6,
        "hacc_m": 0.014,
        "corrupt": false,
        "position_interpolated": true,
        "captured_at_utc": "2026-06-18T22:15:16.925570+00:00"
      },
      "geometry": {
        "type": "Point",
        "coordinates": [
          -114.0061509,
          46.675336099999996
        ]
      }
    },
    {
      "type": "Feature",
      "properties": {
        "file": "leg04_m003_b293_2026-06-18T16-15-18.jpg",
        "leg": "leg04",
        "mark_index": 3,
        "along_track_m": 3.0,
        "achieved_heading": 301.5051650038779,
        "target_bearing": 293.60590887742256,
        "fix_type": 6,
        "hacc_m": 0.014,
        "corrupt": false,
        "position_interpolated": true,
        "captured_at_utc": "2026-06-18T22:15:17.987131+00:00"
      },
      "geometry": {
        "type": "Point",
        "coordinates": [
          -114.00616352902632,
          46.67533981696797
        ]
      }
    },
    {
      "type": "Feature",
      "properties": {
        "file": "leg04_m004_b293_2026-06-18T16-15-19.jpg",
        "leg": "leg04",
        "mark_index": 4,
        "along_track_m": 4.0,
        "achieved_heading": 308.35138040211655,
        "target_bearing": 293.60590887742256,
        "fix_type": 6,
        "hacc_m": 0.014,
        "corrupt": false,
        "position_interpolated": true,
        "captured_at_utc": "2026-06-18T22:15:19.033298+00:00"
      },
      "geometry": {
        "type": "Point",
        "coordinates": [
          -114.00617500261988,
          46.67534477492521
        ]
      }
    },
    {
      "type": "Feature",
      "properties": {
        "file": "leg04_m005_b293_2026-06-18T16-15-19.jpg",
        "leg": "leg04",
        "mark_index": 5,
        "along_track_m": 4.906,
        "achieved_heading": 310.9904240064892,
        "target_bearing": 293.60590887742256,
        "fix_type": 6,
        "hacc_m": 0.014,
        "corrupt": false,
        "position_interpolated": true,
        "captured_at_utc": "2026-06-18T22:15:19.879462+00:00"
      },
      "geometry": {
        "type": "Point",
        "coordinates": [
          -114.00618336674879,
          46.675349383374396
        ]
      }
    },
    {
      "type": "Feature",
      "properties": {
        "file": "leg05_m000_b023_2026-06-18T16-15-23.jpg",
        "leg": "leg05",
        "mark_index": 0,
        "along_track_m": 0.0,
        "achieved_heading": 22.18409698138278,
        "target_bearing": 23.472956732770626,
        "fix_type": 6,
        "hacc_m": 0.014,
        "corrupt": false,
        "position_interpolated": true,
        "captured_at_utc": "2026-06-18T22:15:23.587503+00:00"
      },
      "geometry": {
        "type": "Point",
        "coordinates": [
          -114.0061889,
          46.675351199999994
        ]
      }
    },
    {
      "type": "Feature",
      "properties": {
        "file": "leg05_m001_b023_2026-06-18T16-15-25.jpg",
        "leg": "leg05",
        "mark_index": 1,
        "along_track_m": 1.0,
        "achieved_heading": 20.70179786959983,
        "target_bearing": 23.472956732770626,
        "fix_type": 6,
        "hacc_m": 0.014,
        "corrupt": false,
        "position_interpolated": true,
        "captured_at_utc": "2026-06-18T22:15:25.192846+00:00"
      },
      "geometry": {
        "type": "Point",
        "coordinates": [
          -114.00618463253625,
          46.675360902869535
        ]
      }
    },
    {
      "type": "Feature",
      "properties": {
        "file": "leg05_m002_b023_2026-06-18T16-15-26.jpg",
        "leg": "leg05",
        "mark_index": 2,
        "along_track_m": 2.0,
        "achieved_heading": 30.046911395522102,
        "target_bearing": 23.472956732770626,
        "fix_type": 6,
        "hacc_m": 0.014,
        "corrupt": false,
        "position_interpolated": true,
        "captured_at_utc": "2026-06-18T22:15:26.310373+00:00"
      },
      "geometry": {
        "type": "Point",
        "coordinates": [
          -114.00617987703919,
          46.675369692145125
        ]
      }
    },
    {
      "type": "Feature",
      "properties": {
        "file": "leg05_m003_b023_2026-06-18T16-15-27.jpg",
        "leg": "leg05",
        "mark_index": 3,
        "along_track_m": 3.0,
        "achieved_heading": 32.091797766344,
        "target_bearing": 23.472956732770626,
        "fix_type": 6,
        "hacc_m": 0.014,
        "corrupt": false,
        "position_interpolated": true,
        "captured_at_utc": "2026-06-18T22:15:27.362359+00:00"
      },
      "geometry": {
        "type": "Point",
        "coordinates": [
          -114.0061745,
          46.675377499999996
        ]
      }
    },
    {
      "type": "Feature",
      "properties": {
        "file": "leg05_m004_b023_2026-06-18T16-15-28.jpg",
        "leg": "leg05",
        "mark_index": 4,
        "along_track_m": 4.0,
        "achieved_heading": 31.92415031548873,
        "target_bearing": 23.472956732770626,
        "fix_type": 6,
        "hacc_m": 0.014,
        "corrupt": false,
        "position_interpolated": true,
        "captured_at_utc": "2026-06-18T22:15:28.413854+00:00"
      },
      "geometry": {
        "type": "Point",
        "coordinates": [
          -114.0061685,
          46.6753852
        ]
      }
    },
    {
      "type": "Feature",
      "properties": {
        "file": "leg05_m005_b023_2026-06-18T16-15-29.jpg",
        "leg": "leg05",
        "mark_index": 5,
        "along_track_m": 5.0,
        "achieved_heading": 30.62917813202253,
        "target_bearing": 23.472956732770626,
        "fix_type": 6,
        "hacc_m": 0.014,
        "corrupt": false,
        "position_interpolated": true,
        "captured_at_utc": "2026-06-18T22:15:29.462977+00:00"
      },
      "geometry": {
        "type": "Point",
        "coordinates": [
          -114.00616215954349,
          46.675394020608664
        ]
      }
    },
    {
      "type": "Feature",
      "properties": {
        "file": "leg05_m006_b023_2026-06-18T16-15-30.jpg",
        "leg": "leg05",
        "mark_index": 6,
        "along_track_m": 6.0,
        "achieved_heading": 29.790385076074543,
        "target_bearing": 23.472956732770626,
        "fix_type": 6,
        "hacc_m": 0.014,
        "corrupt": false,
        "position_interpolated": true,
        "captured_at_utc": "2026-06-18T22:15:30.516211+00:00"
      },
      "geometry": {
        "type": "Point",
        "coordinates": [
          -114.00615632907594,
          46.675402541137295
        ]
      }
    },
    {
      "type": "Feature",
      "properties": {
        "file": "leg05_m007_b023_2026-06-18T16-15-31.jpg",
        "leg": "leg05",
        "mark_index": 7,
        "along_track_m": 7.0,
        "achieved_heading": 28.159366727833486,
        "target_bearing": 23.472956732770626,
        "fix_type": 6,
        "hacc_m": 0.014,
        "corrupt": false,
        "position_interpolated": true,
        "captured_at_utc": "2026-06-18T22:15:31.502630+00:00"
      },
      "geometry": {
        "type": "Point",
        "coordinates": [
          -114.00615130151792,
          46.67541043757131
        ]
      }
    },
    {
      "type": "Feature",
      "properties": {
        "file": "leg05_m008_b023_2026-06-18T16-15-32.jpg",
        "leg": "leg05",
        "mark_index": 8,
        "along_track_m": 8.0,
        "achieved_heading": 27.926325128084173,
        "target_bearing": 23.472956732770626,
        "fix_type": 6,
        "hacc_m": 0.014,
        "corrupt": false,
        "position_interpolated": true,
        "captured_at_utc": "2026-06-18T22:15:32.552704+00:00"
      },
      "geometry": {
        "type": "Point",
        "coordinates": [
          -114.0061465,
          46.6754183
        ]
      }
    },
    {
      "type": "Feature",
      "properties": {
        "file": "leg05_m009_b023_2026-06-18T16-15-33.jpg",
        "leg": "leg05",
        "mark_index": 9,
        "along_track_m": 9.0,
        "achieved_heading": 28.79092541715785,
        "target_bearing": 23.472956732770626,
        "fix_type": 6,
        "hacc_m": 0.014,
        "corrupt": false,
        "position_interpolated": true,
        "captured_at_utc": "2026-06-18T22:15:33.521399+00:00"
      },
      "geometry": {
        "type": "Point",
        "coordinates": [
          -114.0061412,
          46.675426099999996
        ]
      }
    },
    {
      "type": "Feature",
      "properties": {
        "file": "leg05_m010_b023_2026-06-18T16-15-34.jpg",
        "leg": "leg05",
        "mark_index": 10,
        "along_track_m": 10.0,
        "achieved_heading": 25.84423076526484,
        "target_bearing": 23.472956732770626,
        "fix_type": 6,
        "hacc_m": 0.014,
        "corrupt": false,
        "position_interpolated": true,
        "captured_at_utc": "2026-06-18T22:15:34.575094+00:00"
      },
      "geometry": {
        "type": "Point",
        "coordinates": [
          -114.00613609110943,
          46.67543440489361
        ]
      }
    },
    {
      "type": "Feature",
      "properties": {
        "file": "leg05_m011_b023_2026-06-18T16-15-35.jpg",
        "leg": "leg05",
        "mark_index": 11,
        "along_track_m": 11.0,
        "achieved_heading": 27.670707911253274,
        "target_bearing": 23.472956732770626,
        "fix_type": 6,
        "hacc_m": 0.014,
        "corrupt": false,
        "position_interpolated": true,
        "captured_at_utc": "2026-06-18T22:15:35.707688+00:00"
      },
      "geometry": {
        "type": "Point",
        "coordinates": [
          -114.0061311573222,
          46.675443292520846
        ]
      }
    },
    {
      "type": "Feature",
      "properties": {
        "file": "leg05_m012_b023_2026-06-18T16-15-36.jpg",
        "leg": "leg05",
        "mark_index": 12,
        "along_track_m": 12.0,
        "achieved_heading": 29.041973020047436,
        "target_bearing": 23.472956732770626,
        "fix_type": 6,
        "hacc_m": 0.014,
        "corrupt": false,
        "position_interpolated": true,
        "captured_at_utc": "2026-06-18T22:15:36.812858+00:00"
      },
      "geometry": {
        "type": "Point",
        "coordinates": [
          -114.006126,
          46.6754513
        ]
      }
    },
    {
      "type": "Feature",
      "properties": {
        "file": "leg05_m013_b023_2026-06-18T16-15-38.jpg",
        "leg": "leg05",
        "mark_index": 13,
        "along_track_m": 13.0,
        "achieved_heading": 29.111128245431374,
        "target_bearing": 23.472956732770626,
        "fix_type": 6,
        "hacc_m": 0.014,
        "corrupt": false,
        "position_interpolated": true,
        "captured_at_utc": "2026-06-18T22:15:37.880565+00:00"
      },
      "geometry": {
        "type": "Point",
        "coordinates": [
          -114.00611968430015,
          46.67545998668975
        ]
      }
    },
    {
      "type": "Feature",
      "properties": {
        "file": "leg05_m014_b023_2026-06-18T16-15-38.jpg",
        "leg": "leg05",
        "mark_index": 14,
        "along_track_m": 14.0,
        "achieved_heading": 28.77212006446426,
        "target_bearing": 23.472956732770626,
        "fix_type": 6,
        "hacc_m": 0.014,
        "corrupt": false,
        "position_interpolated": true,
        "captured_at_utc": "2026-06-18T22:15:38.850142+00:00"
      },
      "geometry": {
        "type": "Point",
        "coordinates": [
          -114.00611428942729,
          46.675467468962765
        ]
      }
    },
    {
      "type": "Feature",
      "properties": {
        "file": "leg05_m015_b023_2026-06-18T16-15-39.jpg",
        "leg": "leg05",
        "mark_index": 15,
        "along_track_m": 15.0,
        "achieved_heading": 26.1613519339639,
        "target_bearing": 23.472956732770626,
        "fix_type": 6,
        "hacc_m": 0.014,
        "corrupt": false,
        "position_interpolated": true,
        "captured_at_utc": "2026-06-18T22:15:39.893134+00:00"
      },
      "geometry": {
        "type": "Point",
        "coordinates": [
          -114.0061091529255,
          46.67547523317217
        ]
      }
    },
    {
      "type": "Feature",
      "properties": {
        "file": "leg05_m016_b023_2026-06-18T16-15-40.jpg",
        "leg": "leg05",
        "mark_index": 16,
        "along_track_m": 16.0,
        "achieved_heading": 25.277319769857925,
        "target_bearing": 23.472956732770626,
        "fix_type": 6,
        "hacc_m": 0.014,
        "corrupt": false,
        "position_interpolated": true,
        "captured_at_utc": "2026-06-18T22:15:40.950325+00:00"
      },
      "geometry": {
        "type": "Point",
        "coordinates": [
          -114.00610429999999,
          46.6754835
        ]
      }
    },
    {
      "type": "Feature",
      "properties": {
        "file": "leg05_m017_b023_2026-06-18T16-15-42.jpg",
        "leg": "leg05",
        "mark_index": 17,
        "along_track_m": 17.0,
        "achieved_heading": 26.974867259851663,
        "target_bearing": 23.472956732770626,
        "fix_type": 6,
        "hacc_m": 0.014,
        "corrupt": false,
        "position_interpolated": true,
        "captured_at_utc": "2026-06-18T22:15:42.076023+00:00"
      },
      "geometry": {
        "type": "Point",
        "coordinates": [
          -114.0060988684926,
          46.67549247041184
        ]
      }
    },
    {
      "type": "Feature",
      "properties": {
        "file": "leg05_m018_b023_2026-06-18T16-15-43.jpg",
        "leg": "leg05",
        "mark_index": 18,
        "along_track_m": 18.0,
        "achieved_heading": 26.76767959750282,
        "target_bearing": 23.472956732770626,
        "fix_type": 6,
        "hacc_m": 0.014,
        "corrupt": false,
        "position_interpolated": true,
        "captured_at_utc": "2026-06-18T22:15:43.130407+00:00"
      },
      "geometry": {
        "type": "Point",
        "coordinates": [
          -114.00609349999999,
          46.6755006
        ]
      }
    },
    {
      "type": "Feature",
      "properties": {
        "file": "leg05_m019_b023_2026-06-18T16-15-44.jpg",
        "leg": "leg05",
        "mark_index": 19,
        "along_track_m": 19.0,
        "achieved_heading": 25.53570845449002,
        "target_bearing": 23.472956732770626,
        "fix_type": 6,
        "hacc_m": 0.014,
        "corrupt": false,
        "position_interpolated": true,
        "captured_at_utc": "2026-06-18T22:15:44.237025+00:00"
      },
      "geometry": {
        "type": "Point",
        "coordinates": [
          -114.0060888,
          46.6755083
        ]
      }
    },
    {
      "type": "Feature",
      "properties": {
        "file": "leg05_m020_b023_2026-06-18T16-15-45.jpg",
        "leg": "leg05",
        "mark_index": 20,
        "along_track_m": 20.0,
        "achieved_heading": 25.310494460897132,
        "target_bearing": 23.472956732770626,
        "fix_type": 6,
        "hacc_m": 0.014,
        "corrupt": false,
        "position_interpolated": true,
        "captured_at_utc": "2026-06-18T22:15:45.360615+00:00"
      },
      "geometry": {
        "type": "Point",
        "coordinates": [
          -114.0060828,
          46.6755175
        ]
      }
    },
    {
      "type": "Feature",
      "properties": {
        "file": "leg05_m021_b023_2026-06-18T16-15-46.jpg",
        "leg": "leg05",
        "mark_index": 21,
        "along_track_m": 21.0,
        "achieved_heading": 23.25023651751978,
        "target_bearing": 23.472956732770626,
        "fix_type": 6,
        "hacc_m": 0.014,
        "corrupt": false,
        "position_interpolated": true,
        "captured_at_utc": "2026-06-18T22:15:46.429632+00:00"
      },
      "geometry": {
        "type": "Point",
        "coordinates": [
          -114.00607819999999,
          46.6755254
        ]
      }
    },
    {
      "type": "Feature",
      "properties": {
        "file": "leg05_m022_b023_2026-06-18T16-15-47.jpg",
        "leg": "leg05",
        "mark_index": 22,
        "along_track_m": 22.0,
        "achieved_heading": 25.34626118556102,
        "target_bearing": 23.472956732770626,
        "fix_type": 6,
        "hacc_m": 0.014,
        "corrupt": false,
        "position_interpolated": true,
        "captured_at_utc": "2026-06-18T22:15:47.112083+00:00"
      },
      "geometry": {
        "type": "Point",
        "coordinates": [
          -114.00607438989084,
          46.675531385593466
        ]
      }
    },
    {
      "type": "Feature",
      "properties": {
        "file": "leg05_m023_b023_2026-06-18T16-15-48.jpg",
        "leg": "leg05",
        "mark_index": 23,
        "along_track_m": 23.0,
        "achieved_heading": 26.803051639063924,
        "target_bearing": 23.472956732770626,
        "fix_type": 6,
        "hacc_m": 0.014,
        "corrupt": false,
        "position_interpolated": true,
        "captured_at_utc": "2026-06-18T22:15:48.587253+00:00"
      },
      "geometry": {
        "type": "Point",
        "coordinates": [
          -114.0060678,
          46.6755425
        ]
      }
    },
    {
      "type": "Feature",
      "properties": {
        "file": "leg05_m024_b023_2026-06-18T16-15-49.jpg",
        "leg": "leg05",
        "mark_index": 24,
        "along_track_m": 24.0,
        "achieved_heading": 27.733002871032937,
        "target_bearing": 23.472956732770626,
        "fix_type": 6,
        "hacc_m": 0.014,
        "corrupt": false,
        "position_interpolated": true,
        "captured_at_utc": "2026-06-18T22:15:49.418668+00:00"
      },
      "geometry": {
        "type": "Point",
        "coordinates": [
          -114.00606296625253,
          46.675549224882445
        ]
      }
    },
    {
      "type": "Feature",
      "properties": {
        "file": "leg05_m025_b023_2026-06-18T16-15-50.jpg",
        "leg": "leg05",
        "mark_index": 25,
        "along_track_m": 25.0,
        "achieved_heading": 24.310447045282416,
        "target_bearing": 23.472956732770626,
        "fix_type": 6,
        "hacc_m": 0.014,
        "corrupt": false,
        "position_interpolated": true,
        "captured_at_utc": "2026-06-18T22:15:50.614859+00:00"
      },
      "geometry": {
        "type": "Point",
        "coordinates": [
          -114.0060573408236,
          46.675558318352785
        ]
      }
    },
    {
      "type": "Feature",
      "properties": {
        "file": "leg05_m026_b023_2026-06-18T16-15-51.jpg",
        "leg": "leg05",
        "mark_index": 26,
        "along_track_m": 26.0,
        "achieved_heading": 24.221113840097814,
        "target_bearing": 23.472956732770626,
        "fix_type": 6,
        "hacc_m": 0.014,
        "corrupt": false,
        "position_interpolated": true,
        "captured_at_utc": "2026-06-18T22:15:51.732827+00:00"
      },
      "geometry": {
        "type": "Point",
        "coordinates": [
          -114.00605209999999,
          46.6755669
        ]
      }
    },
    {
      "type": "Feature",
      "properties": {
        "file": "leg05_m027_b023_2026-06-18T16-15-52.jpg",
        "leg": "leg05",
        "mark_index": 27,
        "along_track_m": 27.0,
        "achieved_heading": 27.191594541834476,
        "target_bearing": 23.472956732770626,
        "fix_type": 6,
        "hacc_m": 0.014,
        "corrupt": false,
        "position_interpolated": true,
        "captured_at_utc": "2026-06-18T22:15:52.852008+00:00"
      },
      "geometry": {
        "type": "Point",
        "coordinates": [
          -114.0060472,
          46.6755746
        ]
      }
    },
    {
      "type": "Feature",
      "properties": {
        "file": "leg05_m028_b023_2026-06-18T16-15-53.jpg",
        "leg": "leg05",
        "mark_index": 28,
        "along_track_m": 28.0,
        "achieved_heading": 27.234223246675228,
        "target_bearing": 23.472956732770626,
        "fix_type": 6,
        "hacc_m": 0.014,
        "corrupt": false,
        "position_interpolated": true,
        "captured_at_utc": "2026-06-18T22:15:53.754823+00:00"
      },
      "geometry": {
        "type": "Point",
        "coordinates": [
          -114.00604141878061,
          46.6755825965408
        ]
      }
    },
    {
      "type": "Feature",
      "properties": {
        "file": "leg05_m029_b023_2026-06-18T16-15-54.jpg",
        "leg": "leg05",
        "mark_index": 29,
        "along_track_m": 29.0,
        "achieved_heading": 25.883907297953286,
        "target_bearing": 23.472956732770626,
        "fix_type": 6,
        "hacc_m": 0.014,
        "corrupt": false,
        "position_interpolated": true,
        "captured_at_utc": "2026-06-18T22:15:54.879059+00:00"
      },
      "geometry": {
        "type": "Point",
        "coordinates": [
          -114.00603540977538,
          46.67559164338186
        ]
      }
    },
    {
      "type": "Feature",
      "properties": {
        "file": "leg05_m030_b023_2026-06-18T16-15-56.jpg",
        "leg": "leg05",
        "mark_index": 30,
        "along_track_m": 30.0,
        "achieved_heading": 23.728099871711365,
        "target_bearing": 23.472956732770626,
        "fix_type": 6,
        "hacc_m": 0.014,
        "corrupt": false,
        "position_interpolated": true,
        "captured_at_utc": "2026-06-18T22:15:55.935395+00:00"
      },
      "geometry": {
        "type": "Point",
        "coordinates": [
          -114.0060305,
          46.6756001
        ]
      }
    },
    {
      "type": "Feature",
      "properties": {
        "file": "leg05_m031_b023_2026-06-18T16-15-56.jpg",
        "leg": "leg05",
        "mark_index": 31,
        "along_track_m": 31.0,
        "achieved_heading": 24.082783514823888,
        "target_bearing": 23.472956732770626,
        "fix_type": 6,
        "hacc_m": 0.014,
        "corrupt": false,
        "position_interpolated": true,
        "captured_at_utc": "2026-06-18T22:15:56.908108+00:00"
      },
      "geometry": {
        "type": "Point",
        "coordinates": [
          -114.0060255750597,
          46.67560761339265
        ]
      }
    },
    {
      "type": "Feature",
      "properties": {
        "file": "leg05_m032_b023_2026-06-18T16-15-57.jpg",
        "leg": "leg05",
        "mark_index": 32,
        "along_track_m": 32.0,
        "achieved_heading": 25.2526352560198,
        "target_bearing": 23.472956732770626,
        "fix_type": 6,
        "hacc_m": 0.014,
        "corrupt": false,
        "position_interpolated": true,
        "captured_at_utc": "2026-06-18T22:15:57.890164+00:00"
      },
      "geometry": {
        "type": "Point",
        "coordinates": [
          -114.00602056804746,
          46.67561585556732
        ]
      }
    },
    {
      "type": "Feature",
      "properties": {
        "file": "leg05_m033_b023_2026-06-18T16-15-59.jpg",
        "leg": "leg05",
        "mark_index": 33,
        "along_track_m": 33.0,
        "achieved_heading": 26.45548339803419,
        "target_bearing": 23.472956732770626,
        "fix_type": 6,
        "hacc_m": 0.014,
        "corrupt": false,
        "position_interpolated": true,
        "captured_at_utc": "2026-06-18T22:15:59.013838+00:00"
      },
      "geometry": {
        "type": "Point",
        "coordinates": [
          -114.0060153,
          46.675624299999996
        ]
      }
    },
    {
      "type": "Feature",
      "properties": {
        "file": "leg05_m034_b023_2026-06-18T16-15-59.jpg",
        "leg": "leg05",
        "mark_index": 34,
        "along_track_m": 34.0,
        "achieved_heading": 25.793432832944106,
        "target_bearing": 23.472956732770626,
        "fix_type": 6,
        "hacc_m": 0.014,
        "corrupt": false,
        "position_interpolated": true,
        "captured_at_utc": "2026-06-18T22:15:59.927785+00:00"
      },
      "geometry": {
        "type": "Point",
        "coordinates": [
          -114.00600999999999,
          46.675632
        ]
      }
    },
    {
      "type": "Feature",
      "properties": {
        "file": "leg05_m035_b023_2026-06-18T16-16-01.jpg",
        "leg": "leg05",
        "mark_index": 35,
        "along_track_m": 35.0,
        "achieved_heading": 23.940345869136962,
        "target_bearing": 23.472956732770626,
        "fix_type": 6,
        "hacc_m": 0.014,
        "corrupt": false,
        "position_interpolated": true,
        "captured_at_utc": "2026-06-18T22:16:00.971397+00:00"
      },
      "geometry": {
        "type": "Point",
        "coordinates": [
          -114.00600468756238,
          46.67564030857227
        ]
      }
    },
    {
      "type": "Feature",
      "properties": {
        "file": "leg05_m036_b023_2026-06-18T16-16-02.jpg",
        "leg": "leg05",
        "mark_index": 36,
        "along_track_m": 36.0,
        "achieved_heading": 23.480262769671498,
        "target_bearing": 23.472956732770626,
        "fix_type": 6,
        "hacc_m": 0.014,
        "corrupt": false,
        "position_interpolated": true,
        "captured_at_utc": "2026-06-18T22:16:02.082666+00:00"
      },
      "geometry": {
        "type": "Point",
        "coordinates": [
          -114.00599875421061,
          46.6756491302391
        ]
      }
    },
    {
      "type": "Feature",
      "properties": {
        "file": "leg05_m037_b023_2026-06-18T16-16-03.jpg",
        "leg": "leg05",
        "mark_index": 37,
        "along_track_m": 37.0,
        "achieved_heading": 22.691238131248753,
        "target_bearing": 23.472956732770626,
        "fix_type": 6,
        "hacc_m": 0.014,
        "corrupt": false,
        "position_interpolated": true,
        "captured_at_utc": "2026-06-18T22:16:03.149110+00:00"
      },
      "geometry": {
        "type": "Point",
        "coordinates": [
          -114.005994,
          46.675657699999995
        ]
      }
    },
    {
      "type": "Feature",
      "properties": {
        "file": "leg05_m038_b023_2026-06-18T16-16-04.jpg",
        "leg": "leg05",
        "mark_index": 38,
        "along_track_m": 38.0,
        "achieved_heading": 24.81579482284029,
        "target_bearing": 23.472956732770626,
        "fix_type": 6,
        "hacc_m": 0.014,
        "corrupt": false,
        "position_interpolated": true,
        "captured_at_utc": "2026-06-18T22:16:04.056688+00:00"
      },
      "geometry": {
        "type": "Point",
        "coordinates": [
          -114.00598932821646,
          46.67566531650407
        ]
      }
    },
    {
      "type": "Feature",
      "properties": {
        "file": "leg05_m039_b023_2026-06-18T16-16-05.jpg",
        "leg": "leg05",
        "mark_index": 39,
        "along_track_m": 39.0,
        "achieved_heading": 25.002193622368893,
        "target_bearing": 23.472956732770626,
        "fix_type": 6,
        "hacc_m": 0.014,
        "corrupt": false,
        "position_interpolated": true,
        "captured_at_utc": "2026-06-18T22:16:05.109463+00:00"
      },
      "geometry": {
        "type": "Point",
        "coordinates": [
          -114.00598400583361,
          46.675673820082835
        ]
      }
    },
    {
      "type": "Feature",
      "properties": {
        "file": "leg05_m040_b023_2026-06-18T16-16-06.jpg",
        "leg": "leg05",
        "mark_index": 40,
        "along_track_m": 40.0,
        "achieved_heading": 24.915967866978704,
        "target_bearing": 23.472956732770626,
        "fix_type": 6,
        "hacc_m": 0.014,
        "corrupt": false,
        "position_interpolated": true,
        "captured_at_utc": "2026-06-18T22:16:06.222449+00:00"
      },
      "geometry": {
        "type": "Point",
        "coordinates": [
          -114.0059788,
          46.675681999999995
        ]
      }
    },
    {
      "type": "Feature",
      "properties": {
        "file": "leg05_m041_b023_2026-06-18T16-16-07.jpg",
        "leg": "leg05",
        "mark_index": 41,
        "along_track_m": 41.0,
        "achieved_heading": 25.311881760326656,
        "target_bearing": 23.472956732770626,
        "fix_type": 6,
        "hacc_m": 0.014,
        "corrupt": false,
        "position_interpolated": true,
        "captured_at_utc": "2026-06-18T22:16:07.125696+00:00"
      },
      "geometry": {
        "type": "Point",
        "coordinates": [
          -114.0059737227212,
          46.67568976213134
        ]
      }
    },
    {
      "type": "Feature",
      "properties": {
        "file": "leg05_m042_b023_2026-06-18T16-16-08.jpg",
        "leg": "leg05",
        "mark_index": 42,
        "along_track_m": 42.0,
        "achieved_heading": 24.90660159605214,
        "target_bearing": 23.472956732770626,
        "fix_type": 6,
        "hacc_m": 0.014,
        "corrupt": false,
        "position_interpolated": true,
        "captured_at_utc": "2026-06-18T22:16:08.246377+00:00"
      },
      "geometry": {
        "type": "Point",
        "coordinates": [
          -114.0059682600703,
          46.67569878898225
        ]
      }
    },
    {
      "type": "Feature",
      "properties": {
        "file": "leg05_m043_b023_2026-06-18T16-16-09.jpg",
        "leg": "leg05",
        "mark_index": 43,
        "along_track_m": 43.0,
        "achieved_heading": 24.196868895498724,
        "target_bearing": 23.472956732770626,
        "fix_type": 6,
        "hacc_m": 0.014,
        "corrupt": false,
        "position_interpolated": true,
        "captured_at_utc": "2026-06-18T22:16:09.372017+00:00"
      },
      "geometry": {
        "type": "Point",
        "coordinates": [
          -114.0059625,
          46.675707599999996
        ]
      }
    },
    {
      "type": "Feature",
      "properties": {
        "file": "leg05_m044_b023_2026-06-18T16-16-10.jpg",
        "leg": "leg05",
        "mark_index": 44,
        "along_track_m": 44.0,
        "achieved_heading": 24.34364886304094,
        "target_bearing": 23.472956732770626,
        "fix_type": 6,
        "hacc_m": 0.014,
        "corrupt": false,
        "position_interpolated": true,
        "captured_at_utc": "2026-06-18T22:16:10.282699+00:00"
      },
      "geometry": {
        "type": "Point",
        "coordinates": [
          -114.00595759364172,
          46.675715351444886
        ]
      }
    },
    {
      "type": "Feature",
      "properties": {
        "file": "leg05_m045_b023_2026-06-18T16-16-11.jpg",
        "leg": "leg05",
        "mark_index": 45,
        "along_track_m": 45.0,
        "achieved_heading": 24.780168206438802,
        "target_bearing": 23.472956732770626,
        "fix_type": 6,
        "hacc_m": 0.014,
        "corrupt": false,
        "position_interpolated": true,
        "captured_at_utc": "2026-06-18T22:16:11.339465+00:00"
      },
      "geometry": {
        "type": "Point",
        "coordinates": [
          -114.0059524,
          46.6757237
        ]
      }
    },
    {
      "type": "Feature",
      "properties": {
        "file": "leg05_m046_b023_2026-06-18T16-16-12.jpg",
        "leg": "leg05",
        "mark_index": 46,
        "along_track_m": 46.0,
        "achieved_heading": 24.661604684957354,
        "target_bearing": 23.472956732770626,
        "fix_type": 6,
        "hacc_m": 0.014,
        "corrupt": false,
        "position_interpolated": true,
        "captured_at_utc": "2026-06-18T22:16:12.378683+00:00"
      },
      "geometry": {
        "type": "Point",
        "coordinates": [
          -114.00594729999999,
          46.6757315
        ]
      }
    },
    {
      "type": "Feature",
      "properties": {
        "file": "leg05_m047_b023_2026-06-18T16-16-13.jpg",
        "leg": "leg05",
        "mark_index": 47,
        "along_track_m": 47.0,
        "achieved_heading": 24.95846577595468,
        "target_bearing": 23.472956732770626,
        "fix_type": 6,
        "hacc_m": 0.014,
        "corrupt": false,
        "position_interpolated": true,
        "captured_at_utc": "2026-06-18T22:16:13.368922+00:00"
      },
      "geometry": {
        "type": "Point",
        "coordinates": [
          -114.00594199999999,
          46.6757397
        ]
      }
    },
    {
      "type": "Feature",
      "properties": {
        "file": "leg05_m048_b023_2026-06-18T16-16-14.jpg",
        "leg": "leg05",
        "mark_index": 48,
        "along_track_m": 48.0,
        "achieved_heading": 24.109251856424066,
        "target_bearing": 23.472956732770626,
        "fix_type": 6,
        "hacc_m": 0.014,
        "corrupt": false,
        "position_interpolated": true,
        "captured_at_utc": "2026-06-18T22:16:14.420783+00:00"
      },
      "geometry": {
        "type": "Point",
        "coordinates": [
          -114.00593719999999,
          46.675747799999996
        ]
      }
    },
    {
      "type": "Feature",
      "properties": {
        "file": "leg05_m049_b023_2026-06-18T16-16-15.jpg",
        "leg": "leg05",
        "mark_index": 49,
        "along_track_m": 49.0,
        "achieved_heading": 23.36875300826253,
        "target_bearing": 23.472956732770626,
        "fix_type": 6,
        "hacc_m": 0.014,
        "corrupt": false,
        "position_interpolated": true,
        "captured_at_utc": "2026-06-18T22:16:15.328589+00:00"
      },
      "geometry": {
        "type": "Point",
        "coordinates": [
          -114.0059323,
          46.6757558
        ]
      }
    },
    {
      "type": "Feature",
      "properties": {
        "file": "leg05_m050_b023_2026-06-18T16-16-16.jpg",
        "leg": "leg05",
        "mark_index": 50,
        "along_track_m": 50.0,
        "achieved_heading": 24.368619764690294,
        "target_bearing": 23.472956732770626,
        "fix_type": 6,
        "hacc_m": 0.014,
        "corrupt": false,
        "position_interpolated": true,
        "captured_at_utc": "2026-06-18T22:16:16.582157+00:00"
      },
      "geometry": {
        "type": "Point",
        "coordinates": [
          -114.0059261,
          46.6757652
        ]
      }
    },
    {
      "type": "Feature",
      "properties": {
        "file": "leg05_m051_b023_2026-06-18T16-16-17.jpg",
        "leg": "leg05",
        "mark_index": 51,
        "along_track_m": 51.0,
        "achieved_heading": 24.00931930086456,
        "target_bearing": 23.472956732770626,
        "fix_type": 6,
        "hacc_m": 0.014,
        "corrupt": false,
        "position_interpolated": true,
        "captured_at_utc": "2026-06-18T22:16:17.497223+00:00"
      },
      "geometry": {
        "type": "Point",
        "coordinates": [
          -114.00592113701481,
          46.675773431366395
        ]
      }
    },
    {
      "type": "Feature",
      "properties": {
        "file": "leg05_m052_b023_2026-06-18T16-16-18.jpg",
        "leg": "leg05",
        "mark_index": 52,
        "along_track_m": 52.0,
        "achieved_heading": 24.409072239576332,
        "target_bearing": 23.472956732770626,
        "fix_type": 6,
        "hacc_m": 0.014,
        "corrupt": false,
        "position_interpolated": true,
        "captured_at_utc": "2026-06-18T22:16:18.548889+00:00"
      },
      "geometry": {
        "type": "Point",
        "coordinates": [
          -114.0059156,
          46.675781799999996
        ]
      }
    },
    {
      "type": "Feature",
      "properties": {
        "file": "leg05_m053_b023_2026-06-18T16-16-19.jpg",
        "leg": "leg05",
        "mark_index": 53,
        "along_track_m": 53.0,
        "achieved_heading": 23.919814778835672,
        "target_bearing": 23.472956732770626,
        "fix_type": 6,
        "hacc_m": 0.014,
        "corrupt": false,
        "position_interpolated": true,
        "captured_at_utc": "2026-06-18T22:16:19.451804+00:00"
      },
      "geometry": {
        "type": "Point",
        "coordinates": [
          -114.00591108279033,
          46.6757890697681
        ]
      }
    },
    {
      "type": "Feature",
      "properties": {
        "file": "leg05_m054_b023_2026-06-18T16-16-20.jpg",
        "leg": "leg05",
        "mark_index": 54,
        "along_track_m": 54.0,
        "achieved_heading": 25.377642372909392,
        "target_bearing": 23.472956732770626,
        "fix_type": 6,
        "hacc_m": 0.014,
        "corrupt": false,
        "position_interpolated": true,
        "captured_at_utc": "2026-06-18T22:16:20.508205+00:00"
      },
      "geometry": {
        "type": "Point",
        "coordinates": [
          -114.00590530470149,
          46.6757973036847
        ]
      }
    },
    {
      "type": "Feature",
      "properties": {
        "file": "leg05_m055_b023_2026-06-18T16-16-21.jpg",
        "leg": "leg05",
        "mark_index": 55,
        "along_track_m": 55.0,
        "achieved_heading": 24.813643366094112,
        "target_bearing": 23.472956732770626,
        "fix_type": 6,
        "hacc_m": 0.014,
        "corrupt": false,
        "position_interpolated": true,
        "captured_at_utc": "2026-06-18T22:16:21.619331+00:00"
      },
      "geometry": {
        "type": "Point",
        "coordinates": [
          -114.0058995,
          46.675805499999996
        ]
      }
    },
    {
      "type": "Feature",
      "properties": {
        "file": "leg05_m056_b023_2026-06-18T16-16-22.jpg",
        "leg": "leg05",
        "mark_index": 56,
        "along_track_m": 56.0,
        "achieved_heading": 22.83362013779096,
        "target_bearing": 23.472956732770626,
        "fix_type": 6,
        "hacc_m": 0.014,
        "corrupt": false,
        "position_interpolated": true,
        "captured_at_utc": "2026-06-18T22:16:22.525767+00:00"
      },
      "geometry": {
        "type": "Point",
        "coordinates": [
          -114.00589444932177,
          46.675813521085146
        ]
      }
    },
    {
      "type": "Feature",
      "properties": {
        "file": "leg05_m057_b023_2026-06-18T16-16-23.jpg",
        "leg": "leg05",
        "mark_index": 57,
        "along_track_m": 57.0,
        "achieved_heading": 22.072031570949434,
        "target_bearing": 23.472956732770626,
        "fix_type": 6,
        "hacc_m": 0.014,
        "corrupt": false,
        "position_interpolated": true,
        "captured_at_utc": "2026-06-18T22:16:23.583346+00:00"
      },
      "geometry": {
        "type": "Point",
        "coordinates": [
          -114.00588929999999,
          46.675822
        ]
      }
    },
    {
      "type": "Feature",
      "properties": {
        "file": "leg05_m058_b023_2026-06-18T16-16-24.jpg",
        "leg": "leg05",
        "mark_index": 58,
        "along_track_m": 58.0,
        "achieved_heading": 23.62309140939871,
        "target_bearing": 23.472956732770626,
        "fix_type": 6,
        "hacc_m": 0.014,
        "corrupt": false,
        "position_interpolated": true,
        "captured_at_utc": "2026-06-18T22:16:24.637164+00:00"
      },
      "geometry": {
        "type": "Point",
        "coordinates": [
          -114.00588499999999,
          46.6758302
        ]
      }
    },
    {
      "type": "Feature",
      "properties": {
        "file": "leg05_m059_b023_2026-06-18T16-16-25.jpg",
        "leg": "leg05",
        "mark_index": 59,
        "along_track_m": 59.0,
        "achieved_heading": 26.464663343817108,
        "target_bearing": 23.472956732770626,
        "fix_type": 6,
        "hacc_m": 0.014,
        "corrupt": false,
        "position_interpolated": true,
        "captured_at_utc": "2026-06-18T22:16:25.543058+00:00"
      },
      "geometry": {
        "type": "Point",
        "coordinates": [
          -114.00587999999999,
          46.675838399999996
        ]
      }
    },
    {
      "type": "Feature",
      "properties": {
        "file": "leg05_m060_b023_2026-06-18T16-16-26.jpg",
        "leg": "leg05",
        "mark_index": 60,
        "along_track_m": 60.0,
        "achieved_heading": 25.7187281529134,
        "target_bearing": 23.472956732770626,
        "fix_type": 6,
        "hacc_m": 0.014,
        "corrupt": false,
        "position_interpolated": true,
        "captured_at_utc": "2026-06-18T22:16:26.603248+00:00"
      },
      "geometry": {
        "type": "Point",
        "coordinates": [
          -114.00587411711217,
          46.67584671262051
        ]
      }
    },
    {
      "type": "Feature",
      "properties": {
        "file": "leg05_m061_b023_2026-06-18T16-16-27.jpg",
        "leg": "leg05",
        "mark_index": 61,
        "along_track_m": 61.0,
        "achieved_heading": 23.96617963655298,
        "target_bearing": 23.472956732770626,
        "fix_type": 6,
        "hacc_m": 0.014,
        "corrupt": false,
        "position_interpolated": true,
        "captured_at_utc": "2026-06-18T22:16:27.720313+00:00"
      },
      "geometry": {
        "type": "Point",
        "coordinates": [
          -114.00586800547258,
          46.675855991542356
        ]
      }
    },
    {
      "type": "Feature",
      "properties": {
        "file": "leg05_m062_b023_2026-06-18T16-16-28.jpg",
        "leg": "leg05",
        "mark_index": 62,
        "along_track_m": 62.0,
        "achieved_heading": 22.956065427603633,
        "target_bearing": 23.472956732770626,
        "fix_type": 6,
        "hacc_m": 0.014,
        "corrupt": false,
        "position_interpolated": true,
        "captured_at_utc": "2026-06-18T22:16:28.711262+00:00"
      },
      "geometry": {
        "type": "Point",
        "coordinates": [
          -114.0058629630915,
          46.675864099053584
        ]
      }
    },
    {
      "type": "Feature",
      "properties": {
        "file": "leg05_m063_b023_2026-06-18T16-16-29.jpg",
        "leg": "leg05",
        "mark_index": 63,
        "along_track_m": 63.0,
        "achieved_heading": 22.953057230111497,
        "target_bearing": 23.472956732770626,
        "fix_type": 6,
        "hacc_m": 0.014,
        "corrupt": false,
        "position_interpolated": true,
        "captured_at_utc": "2026-06-18T22:16:29.677669+00:00"
      },
      "geometry": {
        "type": "Point",
        "coordinates": [
          -114.00585831790302,
          46.67587175135516
        ]
      }
    },
    {
      "type": "Feature",
      "properties": {
        "file": "leg05_m064_b023_2026-06-18T16-16-30.jpg",
        "leg": "leg05",
        "mark_index": 64,
        "along_track_m": 64.0,
        "achieved_heading": 22.95033295324336,
        "target_bearing": 23.472956732770626,
        "fix_type": 6,
        "hacc_m": 0.014,
        "corrupt": false,
        "position_interpolated": true,
        "captured_at_utc": "2026-06-18T22:16:30.721380+00:00"
      },
      "geometry": {
        "type": "Point",
        "coordinates": [
          -114.00585315457256,
          46.67587992062171
        ]
      }
    },
    {
      "type": "Feature",
      "properties": {
        "file": "leg05_m065_b023_2026-06-18T16-16-31.jpg",
        "leg": "leg05",
        "mark_index": 65,
        "along_track_m": 65.0,
        "achieved_heading": 21.605624055252775,
        "target_bearing": 23.472956732770626,
        "fix_type": 6,
        "hacc_m": 0.014,
        "corrupt": false,
        "position_interpolated": true,
        "captured_at_utc": "2026-06-18T22:16:31.711472+00:00"
      },
      "geometry": {
        "type": "Point",
        "coordinates": [
          -114.00584886848061,
          46.675888120983906
        ]
      }
    },
    {
      "type": "Feature",
      "properties": {
        "file": "leg05_m066_b023_2026-06-18T16-16-32.jpg",
        "leg": "leg05",
        "mark_index": 66,
        "along_track_m": 66.0,
        "achieved_heading": 25.71114744305858,
        "target_bearing": 23.472956732770626,
        "fix_type": 6,
        "hacc_m": 0.014,
        "corrupt": false,
        "position_interpolated": true,
        "captured_at_utc": "2026-06-18T22:16:32.759260+00:00"
      },
      "geometry": {
        "type": "Point",
        "coordinates": [
          -114.00584359999999,
          46.6758965
        ]
      }
    },
    {
      "type": "Feature",
      "properties": {
        "file": "leg05_m067_b023_2026-06-18T16-16-33.jpg",
        "leg": "leg05",
        "mark_index": 67,
        "along_track_m": 67.0,
        "achieved_heading": 25.30286536182939,
        "target_bearing": 23.472956732770626,
        "fix_type": 6,
        "hacc_m": 0.014,
        "corrupt": false,
        "position_interpolated": true,
        "captured_at_utc": "2026-06-18T22:16:33.805006+00:00"
      },
      "geometry": {
        "type": "Point",
        "coordinates": [
          -114.00583809999999,
          46.675904499999994
        ]
      }
    },
    {
      "type": "Feature",
      "properties": {
        "file": "leg05_m068_b023_2026-06-18T16-16-34.jpg",
        "leg": "leg05",
        "mark_index": 68,
        "along_track_m": 68.0,
        "achieved_heading": 23.62418076268486,
        "target_bearing": 23.472956732770626,
        "fix_type": 6,
        "hacc_m": 0.014,
        "corrupt": false,
        "position_interpolated": true,
        "captured_at_utc": "2026-06-18T22:16:34.715300+00:00"
      },
      "geometry": {
        "type": "Point",
        "coordinates": [
          -114.00583303661938,
          46.67591244507092
        ]
      }
    },
    {
      "type": "Feature",
      "properties": {
        "file": "leg05_m069_b023_2026-06-18T16-16-35.jpg",
        "leg": "leg05",
        "mark_index": 69,
        "along_track_m": 69.0,
        "achieved_heading": 24.772204820619066,
        "target_bearing": 23.472956732770626,
        "fix_type": 6,
        "hacc_m": 0.014,
        "corrupt": false,
        "position_interpolated": true,
        "captured_at_utc": "2026-06-18T22:16:35.851377+00:00"
      },
      "geometry": {
        "type": "Point",
        "coordinates": [
          -114.0058272621975,
          46.67592156669519
        ]
      }
    },
    {
      "type": "Feature",
      "properties": {
        "file": "leg05_m070_b023_2026-06-18T16-16-36.jpg",
        "leg": "leg05",
        "mark_index": 70,
        "along_track_m": 70.0,
        "achieved_heading": 23.724988805243967,
        "target_bearing": 23.472956732770626,
        "fix_type": 6,
        "hacc_m": 0.014,
        "corrupt": false,
        "position_interpolated": true,
        "captured_at_utc": "2026-06-18T22:16:36.897722+00:00"
      },
      "geometry": {
        "type": "Point",
        "coordinates": [
          -114.00582186320014,
          46.6759297251427
        ]
      }
    },
    {
      "type": "Feature",
      "properties": {
        "file": "leg05_m071_b023_2026-06-18T16-16-38.jpg",
        "leg": "leg05",
        "mark_index": 71,
        "along_track_m": 71.0,
        "achieved_heading": 23.666213287863016,
        "target_bearing": 23.472956732770626,
        "fix_type": 6,
        "hacc_m": 0.014,
        "corrupt": false,
        "position_interpolated": true,
        "captured_at_utc": "2026-06-18T22:16:37.939003+00:00"
      },
      "geometry": {
        "type": "Point",
        "coordinates": [
          -114.0058167,
          46.675937999999995
        ]
      }
    },
    {
      "type": "Feature",
      "properties": {
        "file": "leg05_m072_b023_2026-06-18T16-16-38.jpg",
        "leg": "leg05",
        "mark_index": 72,
        "along_track_m": 72.0,
        "achieved_heading": 22.967635252763102,
        "target_bearing": 23.472956732770626,
        "fix_type": 6,
        "hacc_m": 0.014,
        "corrupt": false,
        "position_interpolated": true,
        "captured_at_utc": "2026-06-18T22:16:38.929954+00:00"
      },
      "geometry": {
        "type": "Point",
        "coordinates": [
          -114.00581179999999,
          46.675945899999995
        ]
      }
    },
    {
      "type": "Feature",
      "properties": {
        "file": "leg05_m073_b023_2026-06-18T16-16-39.jpg",
        "leg": "leg05",
        "mark_index": 73,
        "along_track_m": 73.0,
        "achieved_heading": 22.22510065650505,
        "target_bearing": 23.472956732770626,
        "fix_type": 6,
        "hacc_m": 0.014,
        "corrupt": false,
        "position_interpolated": true,
        "captured_at_utc": "2026-06-18T22:16:39.970917+00:00"
      },
      "geometry": {
        "type": "Point",
        "coordinates": [
          -114.00580679999999,
          46.675953899999996
        ]
      }
    },
    {
      "type": "Feature",
      "properties": {
        "file": "leg05_m074_b023_2026-06-18T16-16-41.jpg",
        "leg": "leg05",
        "mark_index": 74,
        "along_track_m": 74.0,
        "achieved_heading": 23.469862431172615,
        "target_bearing": 23.472956732770626,
        "fix_type": 6,
        "hacc_m": 0.014,
        "corrupt": false,
        "position_interpolated": true,
        "captured_at_utc": "2026-06-18T22:16:41.022113+00:00"
      },
      "geometry": {
        "type": "Point",
        "coordinates": [
          -114.00580125780917,
          46.675962739788
        ]
      }
    },
    {
      "type": "Feature",
      "properties": {
        "file": "leg05_m075_b023_2026-06-18T16-16-42.jpg",
        "leg": "leg05",
        "mark_index": 75,
        "along_track_m": 75.0,
        "achieved_heading": 20.77694023628206,
        "target_bearing": 23.472956732770626,
        "fix_type": 6,
        "hacc_m": 0.014,
        "corrupt": false,
        "position_interpolated": true,
        "captured_at_utc": "2026-06-18T22:16:42.143418+00:00"
      },
      "geometry": {
        "type": "Point",
        "coordinates": [
          -114.00579669999999,
          46.6759711
        ]
      }
    },
    {
      "type": "Feature",
      "properties": {
        "file": "leg05_m076_b023_2026-06-18T16-16-43.jpg",
        "leg": "leg05",
        "mark_index": 76,
        "along_track_m": 76.0,
        "achieved_heading": 26.11435132931419,
        "target_bearing": 23.472956732770626,
        "fix_type": 6,
        "hacc_m": 0.014,
        "corrupt": false,
        "position_interpolated": true,
        "captured_at_utc": "2026-06-18T22:16:43.259457+00:00"
      },
      "geometry": {
        "type": "Point",
        "coordinates": [
          -114.00579189999999,
          46.6759791
        ]
      }
    },
    {
      "type": "Feature",
      "properties": {
        "file": "leg05_m077_b023_2026-06-18T16-16-44.jpg",
        "leg": "leg05",
        "mark_index": 77,
        "along_track_m": 77.0,
        "achieved_heading": 26.082366597185285,
        "target_bearing": 23.472956732770626,
        "fix_type": 6,
        "hacc_m": 0.014,
        "corrupt": false,
        "position_interpolated": true,
        "captured_at_utc": "2026-06-18T22:16:44.171489+00:00"
      },
      "geometry": {
        "type": "Point",
        "coordinates": [
          -114.0057863,
          46.6759871
        ]
      }
    },
    {
      "type": "Feature",
      "properties": {
        "file": "leg05_m078_b023_2026-06-18T16-16-45.jpg",
        "leg": "leg05",
        "mark_index": 78,
        "along_track_m": 78.0,
        "achieved_heading": 25.51384809503216,
        "target_bearing": 23.472956732770626,
        "fix_type": 6,
        "hacc_m": 0.014,
        "corrupt": false,
        "position_interpolated": true,
        "captured_at_utc": "2026-06-18T22:16:45.218760+00:00"
      },
      "geometry": {
        "type": "Point",
        "coordinates": [
          -114.00578062875886,
          46.67599549976145
        ]
      }
    },
    {
      "type": "Feature",
      "properties": {
        "file": "leg05_m079_b023_2026-06-18T16-16-46.jpg",
        "leg": "leg05",
        "mark_index": 79,
        "along_track_m": 79.0,
        "achieved_heading": 24.03084730595944,
        "target_bearing": 23.472956732770626,
        "fix_type": 6,
        "hacc_m": 0.014,
        "corrupt": false,
        "position_interpolated": true,
        "captured_at_utc": "2026-06-18T22:16:46.347399+00:00"
      },
      "geometry": {
        "type": "Point",
        "coordinates": [
          -114.0057753,
          46.6760042
        ]
      }
    },
    {
      "type": "Feature",
      "properties": {
        "file": "leg05_m080_b023_2026-06-18T16-16-47.jpg",
        "leg": "leg05",
        "mark_index": 80,
        "along_track_m": 80.0,
        "achieved_heading": 24.58254174897388,
        "target_bearing": 23.472956732770626,
        "fix_type": 6,
        "hacc_m": 0.014,
        "corrupt": false,
        "position_interpolated": true,
        "captured_at_utc": "2026-06-18T22:16:47.254369+00:00"
      },
      "geometry": {
        "type": "Point",
        "coordinates": [
          -114.00577038748027,
          46.67601167769969
        ]
      }
    },
    {
      "type": "Feature",
      "properties": {
        "file": "leg05_m081_b023_2026-06-18T16-16-48.jpg",
        "leg": "leg05",
        "mark_index": 81,
        "along_track_m": 81.0,
        "achieved_heading": 23.973195241509274,
        "target_bearing": 23.472956732770626,
        "fix_type": 6,
        "hacc_m": 0.014,
        "corrupt": false,
        "position_interpolated": true,
        "captured_at_utc": "2026-06-18T22:16:48.374029+00:00"
      },
      "geometry": {
        "type": "Point",
        "coordinates": [
          -114.00576489999999,
          46.676020199999996
        ]
      }
    },
    {
      "type": "Feature",
      "properties": {
        "file": "leg05_m082_b023_2026-06-18T16-16-49.jpg",
        "leg": "leg05",
        "mark_index": 82,
        "along_track_m": 82.0,
        "achieved_heading": 21.937195240145655,
        "target_bearing": 23.472956732770626,
        "fix_type": 6,
        "hacc_m": 0.014,
        "corrupt": false,
        "position_interpolated": true,
        "captured_at_utc": "2026-06-18T22:16:49.421396+00:00"
      },
      "geometry": {
        "type": "Point",
        "coordinates": [
          -114.00575939942665,
          46.67602860080269
        ]
      }
    },
    {
      "type": "Feature",
      "properties": {
        "file": "leg05_m083_b023_2026-06-18T16-16-50.jpg",
        "leg": "leg05",
        "mark_index": 83,
        "along_track_m": 83.0,
        "achieved_heading": 22.614933138570947,
        "target_bearing": 23.472956732770626,
        "fix_type": 6,
        "hacc_m": 0.014,
        "corrupt": false,
        "position_interpolated": true,
        "captured_at_utc": "2026-06-18T22:16:50.467134+00:00"
      },
      "geometry": {
        "type": "Point",
        "coordinates": [
          -114.0057543259138,
          46.676037192607744
        ]
      }
    },
    {
      "type": "Feature",
      "properties": {
        "file": "leg05_m084_b023_2026-06-18T16-16-51.jpg",
        "leg": "leg05",
        "mark_index": 84,
        "along_track_m": 84.0,
        "achieved_heading": 23.630181354460973,
        "target_bearing": 23.472956732770626,
        "fix_type": 6,
        "hacc_m": 0.014,
        "corrupt": false,
        "position_interpolated": true,
        "captured_at_utc": "2026-06-18T22:16:51.373045+00:00"
      },
      "geometry": {
        "type": "Point",
        "coordinates": [
          -114.00574962669195,
          46.67604469753898
        ]
      }
    },
    {
      "type": "Feature",
      "properties": {
        "file": "leg05_m085_b023_2026-06-18T16-16-52.jpg",
        "leg": "leg05",
        "mark_index": 85,
        "along_track_m": 85.0,
        "achieved_heading": 23.77052192937373,
        "target_bearing": 23.472956732770626,
        "fix_type": 6,
        "hacc_m": 0.014,
        "corrupt": false,
        "position_interpolated": true,
        "captured_at_utc": "2026-06-18T22:16:52.434069+00:00"
      },
      "geometry": {
        "type": "Point",
        "coordinates": [
          -114.00574411499362,
          46.676053350918366
        ]
      }
    },
    {
      "type": "Feature",
      "properties": {
        "file": "leg05_m086_b023_2026-06-18T16-16-53.jpg",
        "leg": "leg05",
        "mark_index": 86,
        "along_track_m": 86.0,
        "achieved_heading": 24.284160374297855,
        "target_bearing": 23.472956732770626,
        "fix_type": 6,
        "hacc_m": 0.014,
        "corrupt": false,
        "position_interpolated": true,
        "captured_at_utc": "2026-06-18T22:16:53.544756+00:00"
      },
      "geometry": {
        "type": "Point",
        "coordinates": [
          -114.0057384,
          46.6760619
        ]
      }
    },
    {
      "type": "Feature",
      "properties": {
        "file": "leg05_m087_b023_2026-06-18T16-16-54.jpg",
        "leg": "leg05",
        "mark_index": 87,
        "along_track_m": 87.0,
        "achieved_heading": 23.39252133560423,
        "target_bearing": 23.472956732770626,
        "fix_type": 6,
        "hacc_m": 0.014,
        "corrupt": false,
        "position_interpolated": true,
        "captured_at_utc": "2026-06-18T22:16:54.536308+00:00"
      },
      "geometry": {
        "type": "Point",
        "coordinates": [
          -114.00573329999999,
          46.6760701
        ]
      }
    },
    {
      "type": "Feature",
      "properties": {
        "file": "leg05_m088_b023_2026-06-18T16-16-55.jpg",
        "leg": "leg05",
        "mark_index": 88,
        "along_track_m": 88.0,
        "achieved_heading": 23.406995951397406,
        "target_bearing": 23.472956732770626,
        "fix_type": 6,
        "hacc_m": 0.014,
        "corrupt": false,
        "position_interpolated": true,
        "captured_at_utc": "2026-06-18T22:16:55.576205+00:00"
      },
      "geometry": {
        "type": "Point",
        "coordinates": [
          -114.0057282,
          46.676077899999996
        ]
      }
    },
    {
      "type": "Feature",
      "properties": {
        "file": "leg05_m089_b023_2026-06-18T16-16-56.jpg",
        "leg": "leg05",
        "mark_index": 89,
        "along_track_m": 89.0,
        "achieved_heading": 24.269298697018257,
        "target_bearing": 23.472956732770626,
        "fix_type": 6,
        "hacc_m": 0.014,
        "corrupt": false,
        "position_interpolated": true,
        "captured_at_utc": "2026-06-18T22:16:56.560467+00:00"
      },
      "geometry": {
        "type": "Point",
        "coordinates": [
          -114.0057224,
          46.6760862
        ]
      }
    },
    {
      "type": "Feature",
      "properties": {
        "file": "leg05_m090_b023_2026-06-18T16-16-57.jpg",
        "leg": "leg05",
        "mark_index": 90,
        "along_track_m": 90.0,
        "achieved_heading": 22.67623779683329,
        "target_bearing": 23.472956732770626,
        "fix_type": 6,
        "hacc_m": 0.014,
        "corrupt": false,
        "position_interpolated": true,
        "captured_at_utc": "2026-06-18T22:16:57.547504+00:00"
      },
      "geometry": {
        "type": "Point",
        "coordinates": [
          -114.0057171,
          46.6760942
        ]
      }
    },
    {
      "type": "Feature",
      "properties": {
        "file": "leg05_m091_b023_2026-06-18T16-16-58.jpg",
        "leg": "leg05",
        "mark_index": 91,
        "along_track_m": 91.0,
        "achieved_heading": 23.21423955984595,
        "target_bearing": 23.472956732770626,
        "fix_type": 6,
        "hacc_m": 0.014,
        "corrupt": false,
        "position_interpolated": true,
        "captured_at_utc": "2026-06-18T22:16:58.474676+00:00"
      },
      "geometry": {
        "type": "Point",
        "coordinates": [
          -114.00571222590942,
          46.67610174818113
        ]
      }
    },
    {
      "type": "Feature",
      "properties": {
        "file": "leg05_m092_b023_2026-06-18T16-16-59.jpg",
        "leg": "leg05",
        "mark_index": 92,
        "along_track_m": 92.0,
        "achieved_heading": 22.013420642830965,
        "target_bearing": 23.472956732770626,
        "fix_type": 6,
        "hacc_m": 0.014,
        "corrupt": false,
        "position_interpolated": true,
        "captured_at_utc": "2026-06-18T22:16:59.719691+00:00"
      },
      "geometry": {
        "type": "Point",
        "coordinates": [
          -114.0057058,
          46.6761115
        ]
      }
    },
    {
      "type": "Feature",
      "properties": {
        "file": "leg05_m093_b023_2026-06-18T16-17-00.jpg",
        "leg": "leg05",
        "mark_index": 93,
        "along_track_m": 93.0,
        "achieved_heading": 21.654129659990332,
        "target_bearing": 23.472956732770626,
        "fix_type": 6,
        "hacc_m": 0.014,
        "corrupt": false,
        "position_interpolated": true,
        "captured_at_utc": "2026-06-18T22:17:00.627033+00:00"
      },
      "geometry": {
        "type": "Point",
        "coordinates": [
          -114.00570168874005,
          46.6761186739274
        ]
      }
    },
    {
      "type": "Feature",
      "properties": {
        "file": "leg05_m094_b023_2026-06-18T16-17-01.jpg",
        "leg": "leg05",
        "mark_index": 94,
        "along_track_m": 94.0,
        "achieved_heading": 20.55670227443467,
        "target_bearing": 23.472956732770626,
        "fix_type": 6,
        "hacc_m": 0.014,
        "corrupt": false,
        "position_interpolated": true,
        "captured_at_utc": "2026-06-18T22:17:01.747860+00:00"
      },
      "geometry": {
        "type": "Point",
        "coordinates": [
          -114.005697,
          46.676127099999995
        ]
      }
    },
    {
      "type": "Feature",
      "properties": {
        "file": "leg05_m095_b023_2026-06-18T16-17-02.jpg",
        "leg": "leg05",
        "mark_index": 95,
        "along_track_m": 95.0,
        "achieved_heading": 21.93204124710894,
        "target_bearing": 23.472956732770626,
        "fix_type": 6,
        "hacc_m": 0.014,
        "corrupt": false,
        "position_interpolated": true,
        "captured_at_utc": "2026-06-18T22:17:02.872226+00:00"
      },
      "geometry": {
        "type": "Point",
        "coordinates": [
          -114.00569216834809,
          46.676136191154626
        ]
      }
    },
    {
      "type": "Feature",
      "properties": {
        "file": "leg05_m096_b023_2026-06-18T16-17-03.jpg",
        "leg": "leg05",
        "mark_index": 96,
        "along_track_m": 96.0,
        "achieved_heading": 24.240468548190435,
        "target_bearing": 23.472956732770626,
        "fix_type": 6,
        "hacc_m": 0.014,
        "corrupt": false,
        "position_interpolated": true,
        "captured_at_utc": "2026-06-18T22:17:03.908669+00:00"
      },
      "geometry": {
        "type": "Point",
        "coordinates": [
          -114.00568687438167,
          46.67614450702291
        ]
      }
    },
    {
      "type": "Feature",
      "properties": {
        "file": "leg05_m097_b023_2026-06-18T16-17-05.jpg",
        "leg": "leg05",
        "mark_index": 97,
        "along_track_m": 97.0,
        "achieved_heading": 23.254253828698452,
        "target_bearing": 23.472956732770626,
        "fix_type": 6,
        "hacc_m": 0.014,
        "corrupt": false,
        "position_interpolated": true,
        "captured_at_utc": "2026-06-18T22:17:05.035285+00:00"
      },
      "geometry": {
        "type": "Point",
        "coordinates": [
          -114.00568179999999,
          46.6761523
        ]
      }
    },
    {
      "type": "Feature",
      "properties": {
        "file": "leg05_m098_b023_2026-06-18T16-17-06.jpg",
        "leg": "leg05",
        "mark_index": 98,
        "along_track_m": 98.0,
        "achieved_heading": 21.917968957191917,
        "target_bearing": 23.472956732770626,
        "fix_type": 6,
        "hacc_m": 0.014,
        "corrupt": false,
        "position_interpolated": true,
        "captured_at_utc": "2026-06-18T22:17:06.085985+00:00"
      },
      "geometry": {
        "type": "Point",
        "coordinates": [
          -114.00567621185405,
          46.67616128221892
        ]
      }
    },
    {
      "type": "Feature",
      "properties": {
        "file": "leg05_m099_b023_2026-06-18T16-17-07.jpg",
        "leg": "leg05",
        "mark_index": 99,
        "along_track_m": 99.0,
        "achieved_heading": 23.956827977213294,
        "target_bearing": 23.472956732770626,
        "fix_type": 6,
        "hacc_m": 0.014,
        "corrupt": false,
        "position_interpolated": true,
        "captured_at_utc": "2026-06-18T22:17:07.076653+00:00"
      },
      "geometry": {
        "type": "Point",
        "coordinates": [
          -114.00567142604453,
          46.67616919871442
        ]
      }
    },
    {
      "type": "Feature",
      "properties": {
        "file": "leg05_m100_b023_2026-06-18T16-17-08.jpg",
        "leg": "leg05",
        "mark_index": 100,
        "along_track_m": 100.0,
        "achieved_heading": 24.920251608519337,
        "target_bearing": 23.472956732770626,
        "fix_type": 6,
        "hacc_m": 0.014,
        "corrupt": false,
        "position_interpolated": true,
        "captured_at_utc": "2026-06-18T22:17:08.117753+00:00"
      },
      "geometry": {
        "type": "Point",
        "coordinates": [
          -114.00566597063401,
          46.67617739404896
        ]
      }
    },
    {
      "type": "Feature",
      "properties": {
        "file": "leg05_m101_b023_2026-06-18T16-17-09.jpg",
        "leg": "leg05",
        "mark_index": 101,
        "along_track_m": 101.0,
        "achieved_heading": 23.378718955733518,
        "target_bearing": 23.472956732770626,
        "fix_type": 6,
        "hacc_m": 0.014,
        "corrupt": false,
        "position_interpolated": true,
        "captured_at_utc": "2026-06-18T22:17:09.239436+00:00"
      },
      "geometry": {
        "type": "Point",
        "coordinates": [
          -114.00566099999999,
          46.6761852
        ]
      }
    },
    {
      "type": "Feature",
      "properties": {
        "file": "leg05_m102_b023_2026-06-18T16-17-10.jpg",
        "leg": "leg05",
        "mark_index": 102,
        "along_track_m": 102.0,
        "achieved_heading": 24.689550714688906,
        "target_bearing": 23.472956732770626,
        "fix_type": 6,
        "hacc_m": 0.014,
        "corrupt": false,
        "position_interpolated": true,
        "captured_at_utc": "2026-06-18T22:17:10.284328+00:00"
      },
      "geometry": {
        "type": "Point",
        "coordinates": [
          -114.00565503469443,
          46.67619438707408
        ]
      }
    },
    {
      "type": "Feature",
      "properties": {
        "file": "leg05_m103_b023_2026-06-18T16-17-11.jpg",
        "leg": "leg05",
        "mark_index": 103,
        "along_track_m": 103.0,
        "achieved_heading": 24.49763785028614,
        "target_bearing": 23.472956732770626,
        "fix_type": 6,
        "hacc_m": 0.014,
        "corrupt": false,
        "position_interpolated": true,
        "captured_at_utc": "2026-06-18T22:17:11.271734+00:00"
      },
      "geometry": {
        "type": "Point",
        "coordinates": [
          -114.00564983529705,
          46.67620203398237
        ]
      }
    },
    {
      "type": "Feature",
      "properties": {
        "file": "leg05_m104_b023_2026-06-18T16-17-12.jpg",
        "leg": "leg05",
        "mark_index": 104,
        "along_track_m": 104.0,
        "achieved_heading": 22.20299261628621,
        "target_bearing": 23.472956732770626,
        "fix_type": 6,
        "hacc_m": 0.014,
        "corrupt": false,
        "position_interpolated": true,
        "captured_at_utc": "2026-06-18T22:17:12.321515+00:00"
      },
      "geometry": {
        "type": "Point",
        "coordinates": [
          -114.005645,
          46.6762102
        ]
      }
    },
    {
      "type": "Feature",
      "properties": {
        "file": "leg05_m105_b023_2026-06-18T16-17-13.jpg",
        "leg": "leg05",
        "mark_index": 105,
        "along_track_m": 105.0,
        "achieved_heading": 22.412132989690733,
        "target_bearing": 23.472956732770626,
        "fix_type": 6,
        "hacc_m": 0.014,
        "corrupt": false,
        "position_interpolated": true,
        "captured_at_utc": "2026-06-18T22:17:13.375205+00:00"
      },
      "geometry": {
        "type": "Point",
        "coordinates": [
          -114.0056398,
          46.6762181
        ]
      }
    },
    {
      "type": "Feature",
      "properties": {
        "file": "leg05_m106_b023_2026-06-18T16-17-14.jpg",
        "leg": "leg05",
        "mark_index": 106,
        "along_track_m": 106.0,
        "achieved_heading": 23.385864389467415,
        "target_bearing": 23.472956732770626,
        "fix_type": 6,
        "hacc_m": 0.014,
        "corrupt": false,
        "position_interpolated": true,
        "captured_at_utc": "2026-06-18T22:17:14.421309+00:00"
      },
      "geometry": {
        "type": "Point",
        "coordinates": [
          -114.00563439999999,
          46.676226299999996
        ]
      }
    },
    {
      "type": "Feature",
      "properties": {
        "file": "leg05_m107_b023_2026-06-18T16-17-15.jpg",
        "leg": "leg05",
        "mark_index": 107,
        "along_track_m": 107.0,
        "achieved_heading": 21.748426841429406,
        "target_bearing": 23.472956732770626,
        "fix_type": 6,
        "hacc_m": 0.014,
        "corrupt": false,
        "position_interpolated": true,
        "captured_at_utc": "2026-06-18T22:17:15.466483+00:00"
      },
      "geometry": {
        "type": "Point",
        "coordinates": [
          -114.00562906205691,
          46.67623533412104
        ]
      }
    },
    {
      "type": "Feature",
      "properties": {
        "file": "leg05_m108_b023_2026-06-18T16-17-16.jpg",
        "leg": "leg05",
        "mark_index": 108,
        "along_track_m": 108.0,
        "achieved_heading": 24.296861340406565,
        "target_bearing": 23.472956732770626,
        "fix_type": 6,
        "hacc_m": 0.014,
        "corrupt": false,
        "position_interpolated": true,
        "captured_at_utc": "2026-06-18T22:17:16.402670+00:00"
      },
      "geometry": {
        "type": "Point",
        "coordinates": [
          -114.00562391488883,
          46.67624279320008
        ]
      }
    },
    {
      "type": "Feature",
      "properties": {
        "file": "leg05_m109_b023_2026-06-18T16-17-17.jpg",
        "leg": "leg05",
        "mark_index": 109,
        "along_track_m": 109.0,
        "achieved_heading": 23.200630778807266,
        "target_bearing": 23.472956732770626,
        "fix_type": 6,
        "hacc_m": 0.014,
        "corrupt": false,
        "position_interpolated": true,
        "captured_at_utc": "2026-06-18T22:17:17.502482+00:00"
      },
      "geometry": {
        "type": "Point",
        "coordinates": [
          -114.00561858044745,
          46.67625194804371
        ]
      }
    },
    {
      "type": "Feature",
      "properties": {
        "file": "leg05_m110_b023_2026-06-18T16-17-18.jpg",
        "leg": "leg05",
        "mark_index": 110,
        "along_track_m": 110.0,
        "achieved_heading": 24.181539406971794,
        "target_bearing": 23.472956732770626,
        "fix_type": 6,
        "hacc_m": 0.014,
        "corrupt": false,
        "position_interpolated": true,
        "captured_at_utc": "2026-06-18T22:17:18.547254+00:00"
      },
      "geometry": {
        "type": "Point",
        "coordinates": [
          -114.0056134,
          46.67626
        ]
      }
    },
    {
      "type": "Feature",
      "properties": {
        "file": "leg05_m111_b023_2026-06-18T16-17-19.jpg",
        "leg": "leg05",
        "mark_index": 111,
        "along_track_m": 111.0,
        "achieved_heading": 24.86140971267878,
        "target_bearing": 23.472956732770626,
        "fix_type": 6,
        "hacc_m": 0.014,
        "corrupt": false,
        "position_interpolated": true,
        "captured_at_utc": "2026-06-18T22:17:19.526427+00:00"
      },
      "geometry": {
        "type": "Point",
        "coordinates": [
          -114.0056084,
          46.6762677
        ]
      }
    },
    {
      "type": "Feature",
      "properties": {
        "file": "leg05_m112_b023_2026-06-18T16-17-20.jpg",
        "leg": "leg05",
        "mark_index": 112,
        "along_track_m": 112.0,
        "achieved_heading": 23.894146966833958,
        "target_bearing": 23.472956732770626,
        "fix_type": 6,
        "hacc_m": 0.014,
        "corrupt": false,
        "position_interpolated": true,
        "captured_at_utc": "2026-06-18T22:17:20.642789+00:00"
      },
      "geometry": {
        "type": "Point",
        "coordinates": [
          -114.00560235382565,
          46.676276357376196
        ]
      }
    },
    {
      "type": "Feature",
      "properties": {
        "file": "leg05_m113_b023_2026-06-18T16-17-21.jpg",
        "leg": "leg05",
        "mark_index": 113,
        "along_track_m": 113.0,
        "achieved_heading": 23.119295545314785,
        "target_bearing": 23.472956732770626,
        "fix_type": 6,
        "hacc_m": 0.014,
        "corrupt": false,
        "position_interpolated": true,
        "captured_at_utc": "2026-06-18T22:17:21.698587+00:00"
      },
      "geometry": {
        "type": "Point",
        "coordinates": [
          -114.00559670843779,
          46.67628483734329
        ]
      }
    },
    {
      "type": "Feature",
      "properties": {
        "file": "leg05_m114_b023_2026-06-18T16-17-22.jpg",
        "leg": "leg05",
        "mark_index": 114,
        "along_track_m": 114.0,
        "achieved_heading": 22.742821080904037,
        "target_bearing": 23.472956732770626,
        "fix_type": 6,
        "hacc_m": 0.014,
        "corrupt": false,
        "position_interpolated": true,
        "captured_at_utc": "2026-06-18T22:17:22.753737+00:00"
      },
      "geometry": {
        "type": "Point",
        "coordinates": [
          -114.0055922,
          46.6762928
        ]
      }
    },
    {
      "type": "Feature",
      "properties": {
        "file": "leg05_m115_b023_2026-06-18T16-17-23.jpg",
        "leg": "leg05",
        "mark_index": 115,
        "along_track_m": 115.0,
        "achieved_heading": 24.309338239199562,
        "target_bearing": 23.472956732770626,
        "fix_type": 6,
        "hacc_m": 0.014,
        "corrupt": false,
        "position_interpolated": true,
        "captured_at_utc": "2026-06-18T22:17:23.800070+00:00"
      },
      "geometry": {
        "type": "Point",
        "coordinates": [
          -114.00558699999999,
          46.676300499999996
        ]
      }
    },
    {
      "type": "Feature",
      "properties": {
        "file": "leg05_m116_b023_2026-06-18T16-17-24.jpg",
        "leg": "leg05",
        "mark_index": 116,
        "along_track_m": 116.0,
        "achieved_heading": 23.56971175726636,
        "target_bearing": 23.472956732770626,
        "fix_type": 6,
        "hacc_m": 0.014,
        "corrupt": false,
        "position_interpolated": true,
        "captured_at_utc": "2026-06-18T22:17:24.842933+00:00"
      },
      "geometry": {
        "type": "Point",
        "coordinates": [
          -114.0055819,
          46.6763085
        ]
      }
    },
    {
      "type": "Feature",
      "properties": {
        "file": "leg05_m117_b023_2026-06-18T16-17-26.jpg",
        "leg": "leg05",
        "mark_index": 117,
        "along_track_m": 117.0,
        "achieved_heading": 23.058958436482257,
        "target_bearing": 23.472956732770626,
        "fix_type": 6,
        "hacc_m": 0.014,
        "corrupt": false,
        "position_interpolated": true,
        "captured_at_utc": "2026-06-18T22:17:25.902149+00:00"
      },
      "geometry": {
        "type": "Point",
        "coordinates": [
          -114.005575953734,
          46.676317992531985
        ]
      }
    },
    {
      "type": "Feature",
      "properties": {
        "file": "leg05_m118_b023_2026-06-18T16-17-26.jpg",
        "leg": "leg05",
        "mark_index": 118,
        "along_track_m": 118.0,
        "achieved_heading": 24.171689069589675,
        "target_bearing": 23.472956732770626,
        "fix_type": 6,
        "hacc_m": 0.014,
        "corrupt": false,
        "position_interpolated": true,
        "captured_at_utc": "2026-06-18T22:17:26.892278+00:00"
      },
      "geometry": {
        "type": "Point",
        "coordinates": [
          -114.00557118715581,
          46.67632586965438
        ]
      }
    },
    {
      "type": "Feature",
      "properties": {
        "file": "leg05_m119_b023_2026-06-18T16-17-27.jpg",
        "leg": "leg05",
        "mark_index": 119,
        "along_track_m": 119.0,
        "achieved_heading": 25.692036530896715,
        "target_bearing": 23.472956732770626,
        "fix_type": 6,
        "hacc_m": 0.014,
        "corrupt": false,
        "position_interpolated": true,
        "captured_at_utc": "2026-06-18T22:17:27.924359+00:00"
      },
      "geometry": {
        "type": "Point",
        "coordinates": [
          -114.0055656,
          46.6763341
        ]
      }
    },
    {
      "type": "Feature",
      "properties": {
        "file": "leg05_m120_b023_2026-06-18T16-17-29.jpg",
        "leg": "leg05",
        "mark_index": 120,
        "along_track_m": 120.0,
        "achieved_heading": 23.510407757685016,
        "target_bearing": 23.472956732770626,
        "fix_type": 6,
        "hacc_m": 0.014,
        "corrupt": false,
        "position_interpolated": true,
        "captured_at_utc": "2026-06-18T22:17:29.045781+00:00"
      },
      "geometry": {
        "type": "Point",
        "coordinates": [
          -114.00556019999999,
          46.6763416
        ]
      }
    },
    {
      "type": "Feature",
      "properties": {
        "file": "leg05_m121_b023_2026-06-18T16-17-29.jpg",
        "leg": "leg05",
        "mark_index": 121,
        "along_track_m": 121.0,
        "achieved_heading": 19.72906350431802,
        "target_bearing": 23.472956732770626,
        "fix_type": 6,
        "hacc_m": 0.014,
        "corrupt": false,
        "position_interpolated": true,
        "captured_at_utc": "2026-06-18T22:17:29.972064+00:00"
      },
      "geometry": {
        "type": "Point",
        "coordinates": [
          -114.005555,
          46.676349599999995
        ]
      }
    },
    {
      "type": "Feature",
      "properties": {
        "file": "leg05_m122_b023_2026-06-18T16-17-31.jpg",
        "leg": "leg05",
        "mark_index": 122,
        "along_track_m": 122.0,
        "achieved_heading": 20.454075040482167,
        "target_bearing": 23.472956732770626,
        "fix_type": 6,
        "hacc_m": 0.014,
        "corrupt": false,
        "position_interpolated": true,
        "captured_at_utc": "2026-06-18T22:17:31.009366+00:00"
      },
      "geometry": {
        "type": "Point",
        "coordinates": [
          -114.00555047727134,
          46.67635823409297
        ]
      }
    },
    {
      "type": "Feature",
      "properties": {
        "file": "leg05_m123_b023_2026-06-18T16-17-32.jpg",
        "leg": "leg05",
        "mark_index": 123,
        "along_track_m": 123.0,
        "achieved_heading": 20.651332187501993,
        "target_bearing": 23.472956732770626,
        "fix_type": 6,
        "hacc_m": 0.014,
        "corrupt": false,
        "position_interpolated": true,
        "captured_at_utc": "2026-06-18T22:17:32.129847+00:00"
      },
      "geometry": {
        "type": "Point",
        "coordinates": [
          -114.00554531472454,
          46.676367078582466
        ]
      }
    },
    {
      "type": "Feature",
      "properties": {
        "file": "leg05_m124_b023_2026-06-18T16-17-33.jpg",
        "leg": "leg05",
        "mark_index": 124,
        "along_track_m": 124.0,
        "achieved_heading": 22.33470619780462,
        "target_bearing": 23.472956732770626,
        "fix_type": 6,
        "hacc_m": 0.014,
        "corrupt": false,
        "position_interpolated": true,
        "captured_at_utc": "2026-06-18T22:17:33.174366+00:00"
      },
      "geometry": {
        "type": "Point",
        "coordinates": [
          -114.0055405,
          46.6763753
        ]
      }
    },
    {
      "type": "Feature",
      "properties": {
        "file": "leg05_m125_b023_2026-06-18T16-17-34.jpg",
        "leg": "leg05",
        "mark_index": 125,
        "along_track_m": 125.0,
        "achieved_heading": 22.01292254436524,
        "target_bearing": 23.472956732770626,
        "fix_type": 6,
        "hacc_m": 0.014,
        "corrupt": false,
        "position_interpolated": true,
        "captured_at_utc": "2026-06-18T22:17:34.148800+00:00"
      },
      "geometry": {
        "type": "Point",
        "coordinates": [
          -114.0055359,
          46.6763832
        ]
      }
    },
    {
      "type": "Feature",
      "properties": {
        "file": "leg05_m126_b023_2026-06-18T16-17-35.jpg",
        "leg": "leg05",
        "mark_index": 126,
        "along_track_m": 126.0,
        "achieved_heading": 21.28428773396827,
        "target_bearing": 23.472956732770626,
        "fix_type": 6,
        "hacc_m": 0.014,
        "corrupt": false,
        "position_interpolated": true,
        "captured_at_utc": "2026-06-18T22:17:35.138162+00:00"
      },
      "geometry": {
        "type": "Point",
        "coordinates": [
          -114.00553079999999,
          46.6763912
        ]
      }
    },
    {
      "type": "Feature",
      "properties": {
        "file": "leg05_m127_b023_2026-06-18T16-17-36.jpg",
        "leg": "leg05",
        "mark_index": 127,
        "along_track_m": 127.0,
        "achieved_heading": 22.756773512213783,
        "target_bearing": 23.472956732770626,
        "fix_type": 6,
        "hacc_m": 0.014,
        "corrupt": false,
        "position_interpolated": true,
        "captured_at_utc": "2026-06-18T22:17:36.188856+00:00"
      },
      "geometry": {
        "type": "Point",
        "coordinates": [
          -114.00552597712392,
          46.676399998990284
        ]
      }
    },
    {
      "type": "Feature",
      "properties": {
        "file": "leg05_m128_b023_2026-06-18T16-17-37.jpg",
        "leg": "leg05",
        "mark_index": 128,
        "along_track_m": 128.0,
        "achieved_heading": 24.09218845935139,
        "target_bearing": 23.472956732770626,
        "fix_type": 6,
        "hacc_m": 0.014,
        "corrupt": false,
        "position_interpolated": true,
        "captured_at_utc": "2026-06-18T22:17:37.382261+00:00"
      },
      "geometry": {
        "type": "Point",
        "coordinates": [
          -114.0055204,
          46.6764089
        ]
      }
    },
    {
      "type": "Feature",
      "properties": {
        "file": "leg05_m129_b023_2026-06-18T16-17-38.jpg",
        "leg": "leg05",
        "mark_index": 129,
        "along_track_m": 129.0,
        "achieved_heading": 25.236671661030314,
        "target_bearing": 23.472956732770626,
        "fix_type": 6,
        "hacc_m": 0.014,
        "corrupt": false,
        "position_interpolated": true,
        "captured_at_utc": "2026-06-18T22:17:38.359481+00:00"
      },
      "geometry": {
        "type": "Point",
        "coordinates": [
          -114.0055155,
          46.676416499999995
        ]
      }
    },
    {
      "type": "Feature",
      "properties": {
        "file": "leg05_m130_b023_2026-06-18T16-17-39.jpg",
        "leg": "leg05",
        "mark_index": 130,
        "along_track_m": 130.0,
        "achieved_heading": 26.8908474525404,
        "target_bearing": 23.472956732770626,
        "fix_type": 6,
        "hacc_m": 0.014,
        "corrupt": false,
        "position_interpolated": true,
        "captured_at_utc": "2026-06-18T22:17:39.343139+00:00"
      },
      "geometry": {
        "type": "Point",
        "coordinates": [
          -114.00550969999999,
          46.676424399999995
        ]
      }
    },
    {
      "type": "Feature",
      "properties": {
        "file": "leg05_m131_b023_2026-06-18T16-17-40.jpg",
        "leg": "leg05",
        "mark_index": 131,
        "along_track_m": 131.0,
        "achieved_heading": 27.38373912978561,
        "target_bearing": 23.472956732770626,
        "fix_type": 6,
        "hacc_m": 0.014,
        "corrupt": false,
        "position_interpolated": true,
        "captured_at_utc": "2026-06-18T22:17:40.400227+00:00"
      },
      "geometry": {
        "type": "Point",
        "coordinates": [
          -114.00550419999999,
          46.6764325
        ]
      }
    },
    {
      "type": "Feature",
      "properties": {
        "file": "leg05_m132_b023_2026-06-18T16-17-41.jpg",
        "leg": "leg05",
        "mark_index": 132,
        "along_track_m": 132.0,
        "achieved_heading": 32.57470125353413,
        "target_bearing": 23.472956732770626,
        "fix_type": 6,
        "hacc_m": 0.014,
        "corrupt": false,
        "position_interpolated": true,
        "captured_at_utc": "2026-06-18T22:17:41.442231+00:00"
      },
      "geometry": {
        "type": "Point",
        "coordinates": [
          -114.0054976571423,
          46.67644088412778
        ]
      }
    },
    {
      "type": "Feature",
      "properties": {
        "file": "leg05_m133_b023_2026-06-18T16-17-41.jpg",
        "leg": "leg05",
        "mark_index": 133,
        "along_track_m": 132.535,
        "achieved_heading": 37.688664218567055,
        "target_bearing": 23.472956732770626,
        "fix_type": 6,
        "hacc_m": 0.014,
        "corrupt": false,
        "position_interpolated": true,
        "captured_at_utc": "2026-06-18T22:17:41.932722+00:00"
      },
      "geometry": {
        "type": "Point",
        "coordinates": [
          -114.0054943,
          46.6764443
        ]
      }
    },
    {
      "type": "Feature",
      "properties": {
        "file": "leg06_m000_b293_2026-06-18T16-17-46.jpg",
        "leg": "leg06",
        "mark_index": 0,
        "along_track_m": 0.0,
        "achieved_heading": 295.66413228768386,
        "target_bearing": 293.6063697477179,
        "fix_type": 6,
        "hacc_m": 0.014,
        "corrupt": false,
        "position_interpolated": true,
        "captured_at_utc": "2026-06-18T22:17:46.684940+00:00"
      },
      "geometry": {
        "type": "Point",
        "coordinates": [
          -114.0054948,
          46.6764472
        ]
      }
    },
    {
      "type": "Feature",
      "properties": {
        "file": "leg06_m001_b293_2026-06-18T16-17-47.jpg",
        "leg": "leg06",
        "mark_index": 1,
        "along_track_m": 1.0,
        "achieved_heading": 291.15088643965885,
        "target_bearing": 293.6063697477179,
        "fix_type": 6,
        "hacc_m": 0.014,
        "corrupt": false,
        "position_interpolated": true,
        "captured_at_utc": "2026-06-18T22:17:47.881387+00:00"
      },
      "geometry": {
        "type": "Point",
        "coordinates": [
          -114.00550354644032,
          46.676449922860904
        ]
      }
    },
    {
      "type": "Feature",
      "properties": {
        "file": "leg06_m002_b293_2026-06-18T16-17-49.jpg",
        "leg": "leg06",
        "mark_index": 2,
        "along_track_m": 2.0,
        "achieved_heading": 286.58865270015013,
        "target_bearing": 293.6063697477179,
        "fix_type": 6,
        "hacc_m": 0.014,
        "corrupt": false,
        "position_interpolated": true,
        "captured_at_utc": "2026-06-18T22:17:48.931396+00:00"
      },
      "geometry": {
        "type": "Point",
        "coordinates": [
          -114.0055158,
          46.676453599999995
        ]
      }
    },
    {
      "type": "Feature",
      "properties": {
        "file": "leg06_m003_b293_2026-06-18T16-17-49.jpg",
        "leg": "leg06",
        "mark_index": 3,
        "along_track_m": 3.0,
        "achieved_heading": 282.4873062110447,
        "target_bearing": 293.6063697477179,
        "fix_type": 6,
        "hacc_m": 0.014,
        "corrupt": false,
        "position_interpolated": true,
        "captured_at_utc": "2026-06-18T22:17:49.909544+00:00"
      },
      "geometry": {
        "type": "Point",
        "coordinates": [
          -114.00552777970158,
          46.67645657907853
        ]
      }
    },
    {
      "type": "Feature",
      "properties": {
        "file": "leg06_m004_b293_2026-06-18T16-17-50.jpg",
        "leg": "leg06",
        "mark_index": 4,
        "along_track_m": 4.0,
        "achieved_heading": 278.8871259053401,
        "target_bearing": 293.6063697477179,
        "fix_type": 6,
        "hacc_m": 0.014,
        "corrupt": false,
        "position_interpolated": true,
        "captured_at_utc": "2026-06-18T22:17:50.965461+00:00"
      },
      "geometry": {
        "type": "Point",
        "coordinates": [
          -114.00554029999999,
          46.6764594
        ]
      }
    },
    {
      "type": "Feature",
      "properties": {
        "file": "leg06_m005_b293_2026-06-18T16-17-51.jpg",
        "leg": "leg06",
        "mark_index": 5,
        "along_track_m": 4.818,
        "achieved_heading": 281.3380101697918,
        "target_bearing": 293.6063697477179,
        "fix_type": 6,
        "hacc_m": 0.014,
        "corrupt": false,
        "position_interpolated": true,
        "captured_at_utc": "2026-06-18T22:17:51.736674+00:00"
      },
      "geometry": {
        "type": "Point",
        "coordinates": [
          -114.0055502,
          46.6764614
        ]
      }
    },
    {
      "type": "Feature",
      "properties": {
        "file": "leg07_m000_b203_2026-06-18T16-17-55.jpg",
        "leg": "leg07",
        "mark_index": 0,
        "along_track_m": 0.0,
        "achieved_heading": 201.96305523813126,
        "target_bearing": 203.47341671222767,
        "fix_type": 6,
        "hacc_m": 0.014,
        "corrupt": false,
        "position_interpolated": true,
        "captured_at_utc": "2026-06-18T22:17:55.583849+00:00"
      },
      "geometry": {
        "type": "Point",
        "coordinates": [
          -114.0055558,
          46.6764612
        ]
      }
    },
    {
      "type": "Feature",
      "properties": {
        "file": "leg07_m001_b203_2026-06-18T16-17-56.jpg",
        "leg": "leg07",
        "mark_index": 1,
        "along_track_m": 1.0,
        "achieved_heading": 199.1418683506866,
        "target_bearing": 203.47341671222767,
        "fix_type": 6,
        "hacc_m": 0.014,
        "corrupt": false,
        "position_interpolated": true,
        "captured_at_utc": "2026-06-18T22:17:56.970281+00:00"
      },
      "geometry": {
        "type": "Point",
        "coordinates": [
          -114.00556069999999,
          46.6764547
        ]
      }
    },
    {
      "type": "Feature",
      "properties": {
        "file": "leg07_m002_b203_2026-06-18T16-17-58.jpg",
        "leg": "leg07",
        "mark_index": 2,
        "along_track_m": 2.0,
        "achieved_heading": 194.70459670629594,
        "target_bearing": 203.47341671222767,
        "fix_type": 6,
        "hacc_m": 0.014,
        "corrupt": false,
        "position_interpolated": true,
        "captured_at_utc": "2026-06-18T22:17:58.103990+00:00"
      },
      "geometry": {
        "type": "Point",
        "coordinates": [
          -114.0055667462103,
          46.67644594606348
        ]
      }
    },
    {
      "type": "Feature",
      "properties": {
        "file": "leg07_m003_b203_2026-06-18T16-17-59.jpg",
        "leg": "leg07",
        "mark_index": 3,
        "along_track_m": 3.0,
        "achieved_heading": 189.67081870139458,
        "target_bearing": 203.47341671222767,
        "fix_type": 6,
        "hacc_m": 0.014,
        "corrupt": false,
        "position_interpolated": true,
        "captured_at_utc": "2026-06-18T22:17:59.160787+00:00"
      },
      "geometry": {
        "type": "Point",
        "coordinates": [
          -114.0055711,
          46.6764375
        ]
      }
    },
    {
      "type": "Feature",
      "properties": {
        "file": "leg07_m004_b203_2026-06-18T16-18-00.jpg",
        "leg": "leg07",
        "mark_index": 4,
        "along_track_m": 4.0,
        "achieved_heading": 193.0668632323745,
        "target_bearing": 203.47341671222767,
        "fix_type": 6,
        "hacc_m": 0.014,
        "corrupt": false,
        "position_interpolated": true,
        "captured_at_utc": "2026-06-18T22:18:00.209407+00:00"
      },
      "geometry": {
        "type": "Point",
        "coordinates": [
          -114.00557479999999,
          46.6764295
        ]
      }
    },
    {
      "type": "Feature",
      "properties": {
        "file": "leg07_m005_b203_2026-06-18T16-18-01.jpg",
        "leg": "leg07",
        "mark_index": 5,
        "along_track_m": 5.0,
        "achieved_heading": 195.94931367644415,
        "target_bearing": 203.47341671222767,
        "fix_type": 6,
        "hacc_m": 0.014,
        "corrupt": false,
        "position_interpolated": true,
        "captured_at_utc": "2026-06-18T22:18:01.119552+00:00"
      },
      "geometry": {
        "type": "Point",
        "coordinates": [
          -114.005579334432,
          46.67642141146558
        ]
      }
    },
    {
      "type": "Feature",
      "properties": {
        "file": "leg07_m006_b203_2026-06-18T16-18-02.jpg",
        "leg": "leg07",
        "mark_index": 6,
        "along_track_m": 6.0,
        "achieved_heading": 196.36753462683563,
        "target_bearing": 203.47341671222767,
        "fix_type": 6,
        "hacc_m": 0.014,
        "corrupt": false,
        "position_interpolated": true,
        "captured_at_utc": "2026-06-18T22:18:02.317779+00:00"
      },
      "geometry": {
        "type": "Point",
        "coordinates": [
          -114.00558546984855,
          46.676411756952724
        ]
      }
    },
    {
      "type": "Feature",
      "properties": {
        "file": "leg07_m007_b203_2026-06-18T16-18-03.jpg",
        "leg": "leg07",
        "mark_index": 7,
        "along_track_m": 7.0,
        "achieved_heading": 195.87791681007081,
        "target_bearing": 203.47341671222767,
        "fix_type": 6,
        "hacc_m": 0.014,
        "corrupt": false,
        "position_interpolated": true,
        "captured_at_utc": "2026-06-18T22:18:03.290155+00:00"
      },
      "geometry": {
        "type": "Point",
        "coordinates": [
          -114.00559020680163,
          46.67640416345231
        ]
      }
    },
    {
      "type": "Feature",
      "properties": {
        "file": "leg07_m008_b203_2026-06-18T16-18-04.jpg",
        "leg": "leg07",
        "mark_index": 8,
        "along_track_m": 8.0,
        "achieved_heading": 195.2890804135103,
        "target_bearing": 203.47341671222767,
        "fix_type": 6,
        "hacc_m": 0.014,
        "corrupt": false,
        "position_interpolated": true,
        "captured_at_utc": "2026-06-18T22:18:04.336958+00:00"
      },
      "geometry": {
        "type": "Point",
        "coordinates": [
          -114.00559469999999,
          46.676395799999995
        ]
      }
    },
    {
      "type": "Feature",
      "properties": {
        "file": "leg07_m009_b203_2026-06-18T16-18-05.jpg",
        "leg": "leg07",
        "mark_index": 9,
        "along_track_m": 9.0,
        "achieved_heading": 197.7004791415061,
        "target_bearing": 203.47341671222767,
        "fix_type": 6,
        "hacc_m": 0.014,
        "corrupt": false,
        "position_interpolated": true,
        "captured_at_utc": "2026-06-18T22:18:05.382014+00:00"
      },
      "geometry": {
        "type": "Point",
        "coordinates": [
          -114.00559949999999,
          46.6763876
        ]
      }
    },
    {
      "type": "Feature",
      "properties": {
        "file": "leg07_m010_b203_2026-06-18T16-18-06.jpg",
        "leg": "leg07",
        "mark_index": 10,
        "along_track_m": 10.0,
        "achieved_heading": 198.79561362661042,
        "target_bearing": 203.47341671222767,
        "fix_type": 6,
        "hacc_m": 0.014,
        "corrupt": false,
        "position_interpolated": true,
        "captured_at_utc": "2026-06-18T22:18:06.442671+00:00"
      },
      "geometry": {
        "type": "Point",
        "coordinates": [
          -114.0056048,
          46.6763796
        ]
      }
    },
    {
      "type": "Feature",
      "properties": {
        "file": "leg07_m011_b203_2026-06-18T16-18-07.jpg",
        "leg": "leg07",
        "mark_index": 11,
        "along_track_m": 11.0,
        "achieved_heading": 196.58178896303824,
        "target_bearing": 203.47341671222767,
        "fix_type": 6,
        "hacc_m": 0.014,
        "corrupt": false,
        "position_interpolated": true,
        "captured_at_utc": "2026-06-18T22:18:07.349189+00:00"
      },
      "geometry": {
        "type": "Point",
        "coordinates": [
          -114.00560979999999,
          46.676371599999996
        ]
      }
    },
    {
      "type": "Feature",
      "properties": {
        "file": "leg07_m012_b203_2026-06-18T16-18-08.jpg",
        "leg": "leg07",
        "mark_index": 12,
        "along_track_m": 12.0,
        "achieved_heading": 196.69538020123508,
        "target_bearing": 203.47341671222767,
        "fix_type": 6,
        "hacc_m": 0.014,
        "corrupt": false,
        "position_interpolated": true,
        "captured_at_utc": "2026-06-18T22:18:08.396195+00:00"
      },
      "geometry": {
        "type": "Point",
        "coordinates": [
          -114.00561516585637,
          46.67636313458559
        ]
      }
    },
    {
      "type": "Feature",
      "properties": {
        "file": "leg07_m013_b203_2026-06-18T16-18-09.jpg",
        "leg": "leg07",
        "mark_index": 13,
        "along_track_m": 13.0,
        "achieved_heading": 197.21345707584783,
        "target_bearing": 203.47341671222767,
        "fix_type": 6,
        "hacc_m": 0.014,
        "corrupt": false,
        "position_interpolated": true,
        "captured_at_utc": "2026-06-18T22:18:09.522147+00:00"
      },
      "geometry": {
        "type": "Point",
        "coordinates": [
          -114.00562059248486,
          46.6763539116143
        ]
      }
    },
    {
      "type": "Feature",
      "properties": {
        "file": "leg07_m014_b203_2026-06-18T16-18-10.jpg",
        "leg": "leg07",
        "mark_index": 14,
        "along_track_m": 14.0,
        "achieved_heading": 197.62309297139245,
        "target_bearing": 203.47341671222767,
        "fix_type": 6,
        "hacc_m": 0.014,
        "corrupt": false,
        "position_interpolated": true,
        "captured_at_utc": "2026-06-18T22:18:10.562484+00:00"
      },
      "geometry": {
        "type": "Point",
        "coordinates": [
          -114.0056254,
          46.6763456
        ]
      }
    },
    {
      "type": "Feature",
      "properties": {
        "file": "leg07_m015_b203_2026-06-18T16-18-11.jpg",
        "leg": "leg07",
        "mark_index": 15,
        "along_track_m": 15.0,
        "achieved_heading": 199.3707066573602,
        "target_bearing": 203.47341671222767,
        "fix_type": 6,
        "hacc_m": 0.014,
        "corrupt": false,
        "position_interpolated": true,
        "captured_at_utc": "2026-06-18T22:18:11.544485+00:00"
      },
      "geometry": {
        "type": "Point",
        "coordinates": [
          -114.0056304,
          46.6763377
        ]
      }
    },
    {
      "type": "Feature",
      "properties": {
        "file": "leg07_m016_b203_2026-06-18T16-18-12.jpg",
        "leg": "leg07",
        "mark_index": 16,
        "along_track_m": 16.0,
        "achieved_heading": 200.1390021615379,
        "target_bearing": 203.47341671222767,
        "fix_type": 6,
        "hacc_m": 0.014,
        "corrupt": false,
        "position_interpolated": true,
        "captured_at_utc": "2026-06-18T22:18:12.526873+00:00"
      },
      "geometry": {
        "type": "Point",
        "coordinates": [
          -114.00563596348596,
          46.67632965842246
        ]
      }
    },
    {
      "type": "Feature",
      "properties": {
        "file": "leg07_m017_b203_2026-06-18T16-18-13.jpg",
        "leg": "leg07",
        "mark_index": 17,
        "along_track_m": 17.0,
        "achieved_heading": 198.93703463306397,
        "target_bearing": 203.47341671222767,
        "fix_type": 6,
        "hacc_m": 0.014,
        "corrupt": false,
        "position_interpolated": true,
        "captured_at_utc": "2026-06-18T22:18:13.509552+00:00"
      },
      "geometry": {
        "type": "Point",
        "coordinates": [
          -114.00564153658226,
          46.67632178647871
        ]
      }
    },
    {
      "type": "Feature",
      "properties": {
        "file": "leg07_m018_b203_2026-06-18T16-18-14.jpg",
        "leg": "leg07",
        "mark_index": 18,
        "along_track_m": 18.0,
        "achieved_heading": 196.6900000828664,
        "target_bearing": 203.47341671222767,
        "fix_type": 6,
        "hacc_m": 0.014,
        "corrupt": false,
        "position_interpolated": true,
        "captured_at_utc": "2026-06-18T22:18:14.624000+00:00"
      },
      "geometry": {
        "type": "Point",
        "coordinates": [
          -114.0056467,
          46.6763136
        ]
      }
    },
    {
      "type": "Feature",
      "properties": {
        "file": "leg07_m019_b203_2026-06-18T16-18-15.jpg",
        "leg": "leg07",
        "mark_index": 19,
        "along_track_m": 19.0,
        "achieved_heading": 196.05724909310516,
        "target_bearing": 203.47341671222767,
        "fix_type": 6,
        "hacc_m": 0.014,
        "corrupt": false,
        "position_interpolated": true,
        "captured_at_utc": "2026-06-18T22:18:15.607663+00:00"
      },
      "geometry": {
        "type": "Point",
        "coordinates": [
          -114.00565119999999,
          46.6763054
        ]
      }
    },
    {
      "type": "Feature",
      "properties": {
        "file": "leg07_m020_b203_2026-06-18T16-18-16.jpg",
        "leg": "leg07",
        "mark_index": 20,
        "along_track_m": 20.0,
        "achieved_heading": 197.90948740726907,
        "target_bearing": 203.47341671222767,
        "fix_type": 6,
        "hacc_m": 0.014,
        "corrupt": false,
        "position_interpolated": true,
        "captured_at_utc": "2026-06-18T22:18:16.663255+00:00"
      },
      "geometry": {
        "type": "Point",
        "coordinates": [
          -114.00565569999999,
          46.6762972
        ]
      }
    },
    {
      "type": "Feature",
      "properties": {
        "file": "leg07_m021_b203_2026-06-18T16-18-17.jpg",
        "leg": "leg07",
        "mark_index": 21,
        "along_track_m": 21.0,
        "achieved_heading": 200.1230243992204,
        "target_bearing": 203.47341671222767,
        "fix_type": 6,
        "hacc_m": 0.014,
        "corrupt": false,
        "position_interpolated": true,
        "captured_at_utc": "2026-06-18T22:18:17.579094+00:00"
      },
      "geometry": {
        "type": "Point",
        "coordinates": [
          -114.00566104600912,
          46.67628860798174
        ]
      }
    },
    {
      "type": "Feature",
      "properties": {
        "file": "leg07_m022_b203_2026-06-18T16-18-18.jpg",
        "leg": "leg07",
        "mark_index": 22,
        "along_track_m": 22.0,
        "achieved_heading": 202.13127422736903,
        "target_bearing": 203.47341671222767,
        "fix_type": 6,
        "hacc_m": 0.014,
        "corrupt": false,
        "position_interpolated": true,
        "captured_at_utc": "2026-06-18T22:18:18.625772+00:00"
      },
      "geometry": {
        "type": "Point",
        "coordinates": [
          -114.00566647819007,
          46.67628028707687
        ]
      }
    },
    {
      "type": "Feature",
      "properties": {
        "file": "leg07_m023_b203_2026-06-18T16-18-19.jpg",
        "leg": "leg07",
        "mark_index": 23,
        "along_track_m": 23.0,
        "achieved_heading": 200.9156520433711,
        "target_bearing": 203.47341671222767,
        "fix_type": 6,
        "hacc_m": 0.014,
        "corrupt": false,
        "position_interpolated": true,
        "captured_at_utc": "2026-06-18T22:18:19.749188+00:00"
      },
      "geometry": {
        "type": "Point",
        "coordinates": [
          -114.00567269999999,
          46.6762715
        ]
      }
    },
    {
      "type": "Feature",
      "properties": {
        "file": "leg07_m024_b203_2026-06-18T16-18-20.jpg",
        "leg": "leg07",
        "mark_index": 24,
        "along_track_m": 24.0,
        "achieved_heading": 199.58296146112187,
        "target_bearing": 203.47341671222767,
        "fix_type": 6,
        "hacc_m": 0.014,
        "corrupt": false,
        "position_interpolated": true,
        "captured_at_utc": "2026-06-18T22:18:20.655778+00:00"
      },
      "geometry": {
        "type": "Point",
        "coordinates": [
          -114.00567737719024,
          46.676264238016245
        ]
      }
    },
    {
      "type": "Feature",
      "properties": {
        "file": "leg07_m025_b203_2026-06-18T16-18-21.jpg",
        "leg": "leg07",
        "mark_index": 25,
        "along_track_m": 25.0,
        "achieved_heading": 199.29142065509154,
        "target_bearing": 203.47341671222767,
        "fix_type": 6,
        "hacc_m": 0.014,
        "corrupt": false,
        "position_interpolated": true,
        "captured_at_utc": "2026-06-18T22:18:21.701194+00:00"
      },
      "geometry": {
        "type": "Point",
        "coordinates": [
          -114.00568279983953,
          46.67625543658245
        ]
      }
    },
    {
      "type": "Feature",
      "properties": {
        "file": "leg07_m026_b203_2026-06-18T16-18-22.jpg",
        "leg": "leg07",
        "mark_index": 26,
        "along_track_m": 26.0,
        "achieved_heading": 199.7162147217815,
        "target_bearing": 203.47341671222767,
        "fix_type": 6,
        "hacc_m": 0.014,
        "corrupt": false,
        "position_interpolated": true,
        "captured_at_utc": "2026-06-18T22:18:22.762476+00:00"
      },
      "geometry": {
        "type": "Point",
        "coordinates": [
          -114.00568799999999,
          46.6762471
        ]
      }
    },
    {
      "type": "Feature",
      "properties": {
        "file": "leg07_m027_b203_2026-06-18T16-18-23.jpg",
        "leg": "leg07",
        "mark_index": 27,
        "along_track_m": 27.0,
        "achieved_heading": 199.57453993823282,
        "target_bearing": 203.47341671222767,
        "fix_type": 6,
        "hacc_m": 0.014,
        "corrupt": false,
        "position_interpolated": true,
        "captured_at_utc": "2026-06-18T22:18:23.664283+00:00"
      },
      "geometry": {
        "type": "Point",
        "coordinates": [
          -114.00569243968572,
          46.67623932062856
        ]
      }
    },
    {
      "type": "Feature",
      "properties": {
        "file": "leg07_m028_b203_2026-06-18T16-18-24.jpg",
        "leg": "leg07",
        "mark_index": 28,
        "along_track_m": 28.0,
        "achieved_heading": 200.75641679357528,
        "target_bearing": 203.47341671222767,
        "fix_type": 6,
        "hacc_m": 0.014,
        "corrupt": false,
        "position_interpolated": true,
        "captured_at_utc": "2026-06-18T22:18:24.778829+00:00"
      },
      "geometry": {
        "type": "Point",
        "coordinates": [
          -114.00569759999999,
          46.6762308
        ]
      }
    },
    {
      "type": "Feature",
      "properties": {
        "file": "leg07_m029_b203_2026-06-18T16-18-25.jpg",
        "leg": "leg07",
        "mark_index": 29,
        "along_track_m": 29.0,
        "achieved_heading": 201.6648178833743,
        "target_bearing": 203.47341671222767,
        "fix_type": 6,
        "hacc_m": 0.014,
        "corrupt": false,
        "position_interpolated": true,
        "captured_at_utc": "2026-06-18T22:18:25.760556+00:00"
      },
      "geometry": {
        "type": "Point",
        "coordinates": [
          -114.00570259999999,
          46.6762229
        ]
      }
    },
    {
      "type": "Feature",
      "properties": {
        "file": "leg07_m030_b203_2026-06-18T16-18-26.jpg",
        "leg": "leg07",
        "mark_index": 30,
        "along_track_m": 30.0,
        "achieved_heading": 202.38273524666045,
        "target_bearing": 203.47341671222767,
        "fix_type": 6,
        "hacc_m": 0.014,
        "corrupt": false,
        "position_interpolated": true,
        "captured_at_utc": "2026-06-18T22:18:26.814709+00:00"
      },
      "geometry": {
        "type": "Point",
        "coordinates": [
          -114.00570854520981,
          46.67621407044451
        ]
      }
    },
    {
      "type": "Feature",
      "properties": {
        "file": "leg07_m031_b203_2026-06-18T16-18-28.jpg",
        "leg": "leg07",
        "mark_index": 31,
        "along_track_m": 31.0,
        "achieved_heading": 201.06405560805757,
        "target_bearing": 203.47341671222767,
        "fix_type": 6,
        "hacc_m": 0.014,
        "corrupt": false,
        "position_interpolated": true,
        "captured_at_utc": "2026-06-18T22:18:27.869261+00:00"
      },
      "geometry": {
        "type": "Point",
        "coordinates": [
          -114.0057144873729,
          46.67620556894064
        ]
      }
    },
    {
      "type": "Feature",
      "properties": {
        "file": "leg07_m032_b203_2026-06-18T16-18-28.jpg",
        "leg": "leg07",
        "mark_index": 32,
        "along_track_m": 32.0,
        "achieved_heading": 200.20110411468414,
        "target_bearing": 203.47341671222767,
        "fix_type": 6,
        "hacc_m": 0.014,
        "corrupt": false,
        "position_interpolated": true,
        "captured_at_utc": "2026-06-18T22:18:28.847871+00:00"
      },
      "geometry": {
        "type": "Point",
        "coordinates": [
          -114.00571940495824,
          46.676197674606186
        ]
      }
    },
    {
      "type": "Feature",
      "properties": {
        "file": "leg07_m033_b203_2026-06-18T16-18-29.jpg",
        "leg": "leg07",
        "mark_index": 33,
        "along_track_m": 33.0,
        "achieved_heading": 201.59635548148373,
        "target_bearing": 203.47341671222767,
        "fix_type": 6,
        "hacc_m": 0.014,
        "corrupt": false,
        "position_interpolated": true,
        "captured_at_utc": "2026-06-18T22:18:29.894562+00:00"
      },
      "geometry": {
        "type": "Point",
        "coordinates": [
          -114.00572446462036,
          46.676189555717094
        ]
      }
    },
    {
      "type": "Feature",
      "properties": {
        "file": "leg07_m034_b203_2026-06-18T16-18-31.jpg",
        "leg": "leg07",
        "mark_index": 34,
        "along_track_m": 34.0,
        "achieved_heading": 201.69115662892227,
        "target_bearing": 203.47341671222767,
        "fix_type": 6,
        "hacc_m": 0.014,
        "corrupt": false,
        "position_interpolated": true,
        "captured_at_utc": "2026-06-18T22:18:30.955258+00:00"
      },
      "geometry": {
        "type": "Point",
        "coordinates": [
          -114.00573,
          46.676181299999996
        ]
      }
    },
    {
      "type": "Feature",
      "properties": {
        "file": "leg07_m035_b203_2026-06-18T16-18-31.jpg",
        "leg": "leg07",
        "mark_index": 35,
        "along_track_m": 35.0,
        "achieved_heading": 201.27218466666434,
        "target_bearing": 203.47341671222767,
        "fix_type": 6,
        "hacc_m": 0.014,
        "corrupt": false,
        "position_interpolated": true,
        "captured_at_utc": "2026-06-18T22:18:31.851077+00:00"
      },
      "geometry": {
        "type": "Point",
        "coordinates": [
          -114.00573500787137,
          46.676173641665024
        ]
      }
    },
    {
      "type": "Feature",
      "properties": {
        "file": "leg07_m036_b203_2026-06-18T16-18-32.jpg",
        "leg": "leg07",
        "mark_index": 36,
        "along_track_m": 36.0,
        "achieved_heading": 199.7580136892962,
        "target_bearing": 203.47341671222767,
        "fix_type": 6,
        "hacc_m": 0.014,
        "corrupt": false,
        "position_interpolated": true,
        "captured_at_utc": "2026-06-18T22:18:32.977177+00:00"
      },
      "geometry": {
        "type": "Point",
        "coordinates": [
          -114.00574069999999,
          46.6761651
        ]
      }
    },
    {
      "type": "Feature",
      "properties": {
        "file": "leg07_m037_b203_2026-06-18T16-18-34.jpg",
        "leg": "leg07",
        "mark_index": 37,
        "along_track_m": 37.0,
        "achieved_heading": 199.9144750978524,
        "target_bearing": 203.47341671222767,
        "fix_type": 6,
        "hacc_m": 0.014,
        "corrupt": false,
        "position_interpolated": true,
        "captured_at_utc": "2026-06-18T22:18:34.030283+00:00"
      },
      "geometry": {
        "type": "Point",
        "coordinates": [
          -114.00574519999999,
          46.6761568
        ]
      }
    },
    {
      "type": "Feature",
      "properties": {
        "file": "leg07_m038_b203_2026-06-18T16-18-35.jpg",
        "leg": "leg07",
        "mark_index": 38,
        "along_track_m": 38.0,
        "achieved_heading": 202.12903162692976,
        "target_bearing": 203.47341671222767,
        "fix_type": 6,
        "hacc_m": 0.014,
        "corrupt": false,
        "position_interpolated": true,
        "captured_at_utc": "2026-06-18T22:18:35.082343+00:00"
      },
      "geometry": {
        "type": "Point",
        "coordinates": [
          -114.00575067091604,
          46.676147412351106
        ]
      }
    },
    {
      "type": "Feature",
      "properties": {
        "file": "leg07_m039_b203_2026-06-18T16-18-36.jpg",
        "leg": "leg07",
        "mark_index": 39,
        "along_track_m": 39.0,
        "achieved_heading": 203.46651701251818,
        "target_bearing": 203.47341671222767,
        "fix_type": 6,
        "hacc_m": 0.014,
        "corrupt": false,
        "position_interpolated": true,
        "captured_at_utc": "2026-06-18T22:18:36.057948+00:00"
      },
      "geometry": {
        "type": "Point",
        "coordinates": [
          -114.00575602031627,
          46.67613978323383
        ]
      }
    },
    {
      "type": "Feature",
      "properties": {
        "file": "leg07_m040_b203_2026-06-18T16-18-37.jpg",
        "leg": "leg07",
        "mark_index": 40,
        "along_track_m": 40.0,
        "achieved_heading": 202.072577344286,
        "target_bearing": 203.47341671222767,
        "fix_type": 6,
        "hacc_m": 0.014,
        "corrupt": false,
        "position_interpolated": true,
        "captured_at_utc": "2026-06-18T22:18:37.173831+00:00"
      },
      "geometry": {
        "type": "Point",
        "coordinates": [
          -114.0057619,
          46.676131299999994
        ]
      }
    },
    {
      "type": "Feature",
      "properties": {
        "file": "leg07_m041_b203_2026-06-18T16-18-38.jpg",
        "leg": "leg07",
        "mark_index": 41,
        "along_track_m": 41.0,
        "achieved_heading": 200.03071867849036,
        "target_bearing": 203.47341671222767,
        "fix_type": 6,
        "hacc_m": 0.014,
        "corrupt": false,
        "position_interpolated": true,
        "captured_at_utc": "2026-06-18T22:18:38.087611+00:00"
      },
      "geometry": {
        "type": "Point",
        "coordinates": [
          -114.0057665689557,
          46.67612357807248
        ]
      }
    },
    {
      "type": "Feature",
      "properties": {
        "file": "leg07_m042_b203_2026-06-18T16-18-39.jpg",
        "leg": "leg07",
        "mark_index": 42,
        "along_track_m": 42.0,
        "achieved_heading": 200.2701374234095,
        "target_bearing": 203.47341671222767,
        "fix_type": 6,
        "hacc_m": 0.014,
        "corrupt": false,
        "position_interpolated": true,
        "captured_at_utc": "2026-06-18T22:18:39.145467+00:00"
      },
      "geometry": {
        "type": "Point",
        "coordinates": [
          -114.0057715,
          46.676114999999996
        ]
      }
    },
    {
      "type": "Feature",
      "properties": {
        "file": "leg07_m043_b203_2026-06-18T16-18-40.jpg",
        "leg": "leg07",
        "mark_index": 43,
        "along_track_m": 43.0,
        "achieved_heading": 201.18069315044875,
        "target_bearing": 203.47341671222767,
        "fix_type": 6,
        "hacc_m": 0.014,
        "corrupt": false,
        "position_interpolated": true,
        "captured_at_utc": "2026-06-18T22:18:40.113867+00:00"
      },
      "geometry": {
        "type": "Point",
        "coordinates": [
          -114.00577669130098,
          46.67610696798938
        ]
      }
    },
    {
      "type": "Feature",
      "properties": {
        "file": "leg07_m044_b203_2026-06-18T16-18-41.jpg",
        "leg": "leg07",
        "mark_index": 44,
        "along_track_m": 44.0,
        "achieved_heading": 201.12929378731542,
        "target_bearing": 203.47341671222767,
        "fix_type": 6,
        "hacc_m": 0.014,
        "corrupt": false,
        "position_interpolated": true,
        "captured_at_utc": "2026-06-18T22:18:41.165669+00:00"
      },
      "geometry": {
        "type": "Point",
        "coordinates": [
          -114.005782,
          46.6760989
        ]
      }
    },
    {
      "type": "Feature",
      "properties": {
        "file": "leg07_m045_b203_2026-06-18T16-18-42.jpg",
        "leg": "leg07",
        "mark_index": 45,
        "along_track_m": 45.0,
        "achieved_heading": 200.81550517013443,
        "target_bearing": 203.47341671222767,
        "fix_type": 6,
        "hacc_m": 0.014,
        "corrupt": false,
        "position_interpolated": true,
        "captured_at_utc": "2026-06-18T22:18:42.220535+00:00"
      },
      "geometry": {
        "type": "Point",
        "coordinates": [
          -114.0057867,
          46.6760909
        ]
      }
    },
    {
      "type": "Feature",
      "properties": {
        "file": "leg07_m046_b203_2026-06-18T16-18-43.jpg",
        "leg": "leg07",
        "mark_index": 46,
        "along_track_m": 46.0,
        "achieved_heading": 202.54030738276765,
        "target_bearing": 203.47341671222767,
        "fix_type": 6,
        "hacc_m": 0.014,
        "corrupt": false,
        "position_interpolated": true,
        "captured_at_utc": "2026-06-18T22:18:43.126266+00:00"
      },
      "geometry": {
        "type": "Point",
        "coordinates": [
          -114.00579187752702,
          46.67608283595674
        ]
      }
    },
    {
      "type": "Feature",
      "properties": {
        "file": "leg07_m047_b203_2026-06-18T16-18-44.jpg",
        "leg": "leg07",
        "mark_index": 47,
        "along_track_m": 47.0,
        "achieved_heading": 200.93432782581164,
        "target_bearing": 203.47341671222767,
        "fix_type": 6,
        "hacc_m": 0.014,
        "corrupt": false,
        "position_interpolated": true,
        "captured_at_utc": "2026-06-18T22:18:44.174475+00:00"
      },
      "geometry": {
        "type": "Point",
        "coordinates": [
          -114.00579739999999,
          46.6760745
        ]
      }
    },
    {
      "type": "Feature",
      "properties": {
        "file": "leg07_m048_b203_2026-06-18T16-18-45.jpg",
        "leg": "leg07",
        "mark_index": 48,
        "along_track_m": 48.0,
        "achieved_heading": 200.30876054633836,
        "target_bearing": 203.47341671222767,
        "fix_type": 6,
        "hacc_m": 0.014,
        "corrupt": false,
        "position_interpolated": true,
        "captured_at_utc": "2026-06-18T22:18:45.230860+00:00"
      },
      "geometry": {
        "type": "Point",
        "coordinates": [
          -114.00580287777981,
          46.676065603700295
        ]
      }
    },
    {
      "type": "Feature",
      "properties": {
        "file": "leg07_m049_b203_2026-06-18T16-18-46.jpg",
        "leg": "leg07",
        "mark_index": 49,
        "along_track_m": 49.0,
        "achieved_heading": 201.7682359365818,
        "target_bearing": 203.47341671222767,
        "fix_type": 6,
        "hacc_m": 0.014,
        "corrupt": false,
        "position_interpolated": true,
        "captured_at_utc": "2026-06-18T22:18:46.344912+00:00"
      },
      "geometry": {
        "type": "Point",
        "coordinates": [
          -114.00580819999999,
          46.6760569
        ]
      }
    },
    {
      "type": "Feature",
      "properties": {
        "file": "leg07_m050_b203_2026-06-18T16-18-47.jpg",
        "leg": "leg07",
        "mark_index": 50,
        "along_track_m": 50.0,
        "achieved_heading": 203.95130198695577,
        "target_bearing": 203.47341671222767,
        "fix_type": 6,
        "hacc_m": 0.014,
        "corrupt": false,
        "position_interpolated": true,
        "captured_at_utc": "2026-06-18T22:18:47.260405+00:00"
      },
      "geometry": {
        "type": "Point",
        "coordinates": [
          -114.0058129715112,
          46.67604922558207
        ]
      }
    },
    {
      "type": "Feature",
      "properties": {
        "file": "leg07_m051_b203_2026-06-18T16-18-48.jpg",
        "leg": "leg07",
        "mark_index": 51,
        "along_track_m": 51.0,
        "achieved_heading": 203.84668461182258,
        "target_bearing": 203.47341671222767,
        "fix_type": 6,
        "hacc_m": 0.014,
        "corrupt": false,
        "position_interpolated": true,
        "captured_at_utc": "2026-06-18T22:18:48.246706+00:00"
      },
      "geometry": {
        "type": "Point",
        "coordinates": [
          -114.00581849080369,
          46.67604123655336
        ]
      }
    },
    {
      "type": "Feature",
      "properties": {
        "file": "leg07_m052_b203_2026-06-18T16-18-49.jpg",
        "leg": "leg07",
        "mark_index": 52,
        "along_track_m": 52.0,
        "achieved_heading": 201.97026721936405,
        "target_bearing": 203.47341671222767,
        "fix_type": 6,
        "hacc_m": 0.014,
        "corrupt": false,
        "position_interpolated": true,
        "captured_at_utc": "2026-06-18T22:18:49.356005+00:00"
      },
      "geometry": {
        "type": "Point",
        "coordinates": [
          -114.0058244,
          46.6760324
        ]
      }
    },
    {
      "type": "Feature",
      "properties": {
        "file": "leg07_m053_b203_2026-06-18T16-18-50.jpg",
        "leg": "leg07",
        "mark_index": 53,
        "along_track_m": 53.0,
        "achieved_heading": 200.6175770303193,
        "target_bearing": 203.47341671222767,
        "fix_type": 6,
        "hacc_m": 0.014,
        "corrupt": false,
        "position_interpolated": true,
        "captured_at_utc": "2026-06-18T22:18:50.274484+00:00"
      },
      "geometry": {
        "type": "Point",
        "coordinates": [
          -114.00582925846051,
          46.676024829403524
        ]
      }
    },
    {
      "type": "Feature",
      "properties": {
        "file": "leg07_m054_b203_2026-06-18T16-18-51.jpg",
        "leg": "leg07",
        "mark_index": 54,
        "along_track_m": 54.0,
        "achieved_heading": 201.48336859267977,
        "target_bearing": 203.47341671222767,
        "fix_type": 6,
        "hacc_m": 0.014,
        "corrupt": false,
        "position_interpolated": true,
        "captured_at_utc": "2026-06-18T22:18:51.389322+00:00"
      },
      "geometry": {
        "type": "Point",
        "coordinates": [
          -114.0058342,
          46.6760161
        ]
      }
    },
    {
      "type": "Feature",
      "properties": {
        "file": "leg07_m055_b203_2026-06-18T16-18-52.jpg",
        "leg": "leg07",
        "mark_index": 55,
        "along_track_m": 55.0,
        "achieved_heading": 201.00712985931773,
        "target_bearing": 203.47341671222767,
        "fix_type": 6,
        "hacc_m": 0.014,
        "corrupt": false,
        "position_interpolated": true,
        "captured_at_utc": "2026-06-18T22:18:52.299758+00:00"
      },
      "geometry": {
        "type": "Point",
        "coordinates": [
          -114.00583911423028,
          46.67600804294951
        ]
      }
    },
    {
      "type": "Feature",
      "properties": {
        "file": "leg07_m056_b203_2026-06-18T16-18-53.jpg",
        "leg": "leg07",
        "mark_index": 56,
        "along_track_m": 56.0,
        "achieved_heading": 202.09892752449042,
        "target_bearing": 203.47341671222767,
        "fix_type": 6,
        "hacc_m": 0.014,
        "corrupt": false,
        "position_interpolated": true,
        "captured_at_utc": "2026-06-18T22:18:53.343726+00:00"
      },
      "geometry": {
        "type": "Point",
        "coordinates": [
          -114.005844,
          46.6759997
        ]
      }
    },
    {
      "type": "Feature",
      "properties": {
        "file": "leg07_m057_b203_2026-06-18T16-18-54.jpg",
        "leg": "leg07",
        "mark_index": 57,
        "along_track_m": 57.0,
        "achieved_heading": 203.55906507108557,
        "target_bearing": 203.47341671222767,
        "fix_type": 6,
        "hacc_m": 0.014,
        "corrupt": false,
        "position_interpolated": true,
        "captured_at_utc": "2026-06-18T22:18:54.407119+00:00"
      },
      "geometry": {
        "type": "Point",
        "coordinates": [
          -114.0058486,
          46.6759917
        ]
      }
    },
    {
      "type": "Feature",
      "properties": {
        "file": "leg07_m058_b203_2026-06-18T16-18-55.jpg",
        "leg": "leg07",
        "mark_index": 58,
        "along_track_m": 58.0,
        "achieved_heading": 204.72298744259717,
        "target_bearing": 203.47341671222767,
        "fix_type": 6,
        "hacc_m": 0.014,
        "corrupt": false,
        "position_interpolated": true,
        "captured_at_utc": "2026-06-18T22:18:55.455764+00:00"
      },
      "geometry": {
        "type": "Point",
        "coordinates": [
          -114.00585510216344,
          46.67598269740387
        ]
      }
    },
    {
      "type": "Feature",
      "properties": {
        "file": "leg07_m059_b203_2026-06-18T16-18-56.jpg",
        "leg": "leg07",
        "mark_index": 59,
        "along_track_m": 59.0,
        "achieved_heading": 201.64118058287,
        "target_bearing": 203.47341671222767,
        "fix_type": 6,
        "hacc_m": 0.014,
        "corrupt": false,
        "position_interpolated": true,
        "captured_at_utc": "2026-06-18T22:18:56.510156+00:00"
      },
      "geometry": {
        "type": "Point",
        "coordinates": [
          -114.00586078034569,
          46.67597437948147
        ]
      }
    },
    {
      "type": "Feature",
      "properties": {
        "file": "leg07_m060_b203_2026-06-18T16-18-57.jpg",
        "leg": "leg07",
        "mark_index": 60,
        "along_track_m": 60.0,
        "achieved_heading": 201.1339211405405,
        "target_bearing": 203.47341671222767,
        "fix_type": 6,
        "hacc_m": 0.014,
        "corrupt": false,
        "position_interpolated": true,
        "captured_at_utc": "2026-06-18T22:18:57.483145+00:00"
      },
      "geometry": {
        "type": "Point",
        "coordinates": [
          -114.00586547777635,
          46.67596662323438
        ]
      }
    },
    {
      "type": "Feature",
      "properties": {
        "file": "leg07_m061_b203_2026-06-18T16-18-58.jpg",
        "leg": "leg07",
        "mark_index": 61,
        "along_track_m": 61.0,
        "achieved_heading": 201.87781196104805,
        "target_bearing": 203.47341671222767,
        "fix_type": 6,
        "hacc_m": 0.014,
        "corrupt": false,
        "position_interpolated": true,
        "captured_at_utc": "2026-06-18T22:18:58.532637+00:00"
      },
      "geometry": {
        "type": "Point",
        "coordinates": [
          -114.005870494542,
          46.67595830744273
        ]
      }
    },
    {
      "type": "Feature",
      "properties": {
        "file": "leg07_m062_b203_2026-06-18T16-18-59.jpg",
        "leg": "leg07",
        "mark_index": 62,
        "along_track_m": 62.0,
        "achieved_heading": 203.36427106017328,
        "target_bearing": 203.47341671222767,
        "fix_type": 6,
        "hacc_m": 0.014,
        "corrupt": false,
        "position_interpolated": true,
        "captured_at_utc": "2026-06-18T22:18:59.438572+00:00"
      },
      "geometry": {
        "type": "Point",
        "coordinates": [
          -114.0058749326267,
          46.675950893927336
        ]
      }
    },
    {
      "type": "Feature",
      "properties": {
        "file": "leg07_m063_b203_2026-06-18T16-19-00.jpg",
        "leg": "leg07",
        "mark_index": 63,
        "along_track_m": 63.0,
        "achieved_heading": 203.26020495130103,
        "target_bearing": 203.47341671222767,
        "fix_type": 6,
        "hacc_m": 0.014,
        "corrupt": false,
        "position_interpolated": true,
        "captured_at_utc": "2026-06-18T22:19:00.563278+00:00"
      },
      "geometry": {
        "type": "Point",
        "coordinates": [
          -114.0058809,
          46.6759425
        ]
      }
    },
    {
      "type": "Feature",
      "properties": {
        "file": "leg07_m064_b203_2026-06-18T16-19-01.jpg",
        "leg": "leg07",
        "mark_index": 64,
        "along_track_m": 64.0,
        "achieved_heading": 202.23926808014284,
        "target_bearing": 203.47341671222767,
        "fix_type": 6,
        "hacc_m": 0.014,
        "corrupt": false,
        "position_interpolated": true,
        "captured_at_utc": "2026-06-18T22:19:01.618068+00:00"
      },
      "geometry": {
        "type": "Point",
        "coordinates": [
          -114.0058861,
          46.675934299999994
        ]
      }
    },
    {
      "type": "Feature",
      "properties": {
        "file": "leg07_m065_b203_2026-06-18T16-19-02.jpg",
        "leg": "leg07",
        "mark_index": 65,
        "along_track_m": 65.0,
        "achieved_heading": 203.02095913754994,
        "target_bearing": 203.47341671222767,
        "fix_type": 6,
        "hacc_m": 0.014,
        "corrupt": false,
        "position_interpolated": true,
        "captured_at_utc": "2026-06-18T22:19:02.662493+00:00"
      },
      "geometry": {
        "type": "Point",
        "coordinates": [
          -114.00589177732732,
          46.675925148543556
        ]
      }
    },
    {
      "type": "Feature",
      "properties": {
        "file": "leg07_m066_b203_2026-06-18T16-19-03.jpg",
        "leg": "leg07",
        "mark_index": 66,
        "along_track_m": 66.0,
        "achieved_heading": 203.59344981604804,
        "target_bearing": 203.47341671222767,
        "fix_type": 6,
        "hacc_m": 0.014,
        "corrupt": false,
        "position_interpolated": true,
        "captured_at_utc": "2026-06-18T22:19:03.782270+00:00"
      },
      "geometry": {
        "type": "Point",
        "coordinates": [
          -114.00589719999999,
          46.6759169
        ]
      }
    },
    {
      "type": "Feature",
      "properties": {
        "file": "leg07_m067_b203_2026-06-18T16-19-04.jpg",
        "leg": "leg07",
        "mark_index": 67,
        "along_track_m": 67.0,
        "achieved_heading": 203.12179366429288,
        "target_bearing": 203.47341671222767,
        "fix_type": 6,
        "hacc_m": 0.014,
        "corrupt": false,
        "position_interpolated": true,
        "captured_at_utc": "2026-06-18T22:19:04.755673+00:00"
      },
      "geometry": {
        "type": "Point",
        "coordinates": [
          -114.0059028,
          46.6759087
        ]
      }
    },
    {
      "type": "Feature",
      "properties": {
        "file": "leg07_m068_b203_2026-06-18T16-19-05.jpg",
        "leg": "leg07",
        "mark_index": 68,
        "along_track_m": 68.0,
        "achieved_heading": 200.79084893618432,
        "target_bearing": 203.47341671222767,
        "fix_type": 6,
        "hacc_m": 0.014,
        "corrupt": false,
        "position_interpolated": true,
        "captured_at_utc": "2026-06-18T22:19:05.682646+00:00"
      },
      "geometry": {
        "type": "Point",
        "coordinates": [
          -114.00590760291394,
          46.675900854754886
        ]
      }
    },
    {
      "type": "Feature",
      "properties": {
        "file": "leg07_m069_b203_2026-06-18T16-19-06.jpg",
        "leg": "leg07",
        "mark_index": 69,
        "along_track_m": 69.0,
        "achieved_heading": 200.85059392909346,
        "target_bearing": 203.47341671222767,
        "fix_type": 6,
        "hacc_m": 0.014,
        "corrupt": false,
        "position_interpolated": true,
        "captured_at_utc": "2026-06-18T22:19:06.717484+00:00"
      },
      "geometry": {
        "type": "Point",
        "coordinates": [
          -114.00591249482707,
          46.675892209771064
        ]
      }
    },
    {
      "type": "Feature",
      "properties": {
        "file": "leg07_m070_b203_2026-06-18T16-19-07.jpg",
        "leg": "leg07",
        "mark_index": 70,
        "along_track_m": 70.0,
        "achieved_heading": 201.61685255683142,
        "target_bearing": 203.47341671222767,
        "fix_type": 6,
        "hacc_m": 0.014,
        "corrupt": false,
        "position_interpolated": true,
        "captured_at_utc": "2026-06-18T22:19:07.772744+00:00"
      },
      "geometry": {
        "type": "Point",
        "coordinates": [
          -114.00591759999999,
          46.6758842
        ]
      }
    },
    {
      "type": "Feature",
      "properties": {
        "file": "leg07_m071_b203_2026-06-18T16-19-08.jpg",
        "leg": "leg07",
        "mark_index": 71,
        "along_track_m": 71.0,
        "achieved_heading": 202.75193200036378,
        "target_bearing": 203.47341671222767,
        "fix_type": 6,
        "hacc_m": 0.014,
        "corrupt": false,
        "position_interpolated": true,
        "captured_at_utc": "2026-06-18T22:19:08.826905+00:00"
      },
      "geometry": {
        "type": "Point",
        "coordinates": [
          -114.00592259999999,
          46.6758764
        ]
      }
    },
    {
      "type": "Feature",
      "properties": {
        "file": "leg07_m072_b203_2026-06-18T16-19-10.jpg",
        "leg": "leg07",
        "mark_index": 72,
        "along_track_m": 72.0,
        "achieved_heading": 203.9542382127526,
        "target_bearing": 203.47341671222767,
        "fix_type": 6,
        "hacc_m": 0.014,
        "corrupt": false,
        "position_interpolated": true,
        "captured_at_utc": "2026-06-18T22:19:09.877113+00:00"
      },
      "geometry": {
        "type": "Point",
        "coordinates": [
          -114.00592842680982,
          46.675867109785266
        ]
      }
    },
    {
      "type": "Feature",
      "properties": {
        "file": "leg07_m073_b203_2026-06-18T16-19-10.jpg",
        "leg": "leg07",
        "mark_index": 73,
        "along_track_m": 73.0,
        "achieved_heading": 205.55250843121553,
        "target_bearing": 203.47341671222767,
        "fix_type": 6,
        "hacc_m": 0.014,
        "corrupt": false,
        "position_interpolated": true,
        "captured_at_utc": "2026-06-18T22:19:10.786495+00:00"
      },
      "geometry": {
        "type": "Point",
        "coordinates": [
          -114.00593325339942,
          46.67585991809168
        ]
      }
    },
    {
      "type": "Feature",
      "properties": {
        "file": "leg07_m074_b203_2026-06-18T16-19-11.jpg",
        "leg": "leg07",
        "mark_index": 74,
        "along_track_m": 74.0,
        "achieved_heading": 202.62194010907595,
        "target_bearing": 203.47341671222767,
        "fix_type": 6,
        "hacc_m": 0.014,
        "corrupt": false,
        "position_interpolated": true,
        "captured_at_utc": "2026-06-18T22:19:11.910988+00:00"
      },
      "geometry": {
        "type": "Point",
        "coordinates": [
          -114.00593974317756,
          46.67585119091588
        ]
      }
    },
    {
      "type": "Feature",
      "properties": {
        "file": "leg07_m075_b203_2026-06-18T16-19-13.jpg",
        "leg": "leg07",
        "mark_index": 75,
        "along_track_m": 75.0,
        "achieved_heading": 201.8245448565313,
        "target_bearing": 203.47341671222767,
        "fix_type": 6,
        "hacc_m": 0.014,
        "corrupt": false,
        "position_interpolated": true,
        "captured_at_utc": "2026-06-18T22:19:12.955872+00:00"
      },
      "geometry": {
        "type": "Point",
        "coordinates": [
          -114.0059447,
          46.6758428
        ]
      }
    },
    {
      "type": "Feature",
      "properties": {
        "file": "leg07_m076_b203_2026-06-18T16-19-13.jpg",
        "leg": "leg07",
        "mark_index": 76,
        "along_track_m": 76.0,
        "achieved_heading": 200.79462675585,
        "target_bearing": 203.47341671222767,
        "fix_type": 6,
        "hacc_m": 0.014,
        "corrupt": false,
        "position_interpolated": true,
        "captured_at_utc": "2026-06-18T22:19:13.877293+00:00"
      },
      "geometry": {
        "type": "Point",
        "coordinates": [
          -114.00594963731683,
          46.67583494570171
        ]
      }
    },
    {
      "type": "Feature",
      "properties": {
        "file": "leg07_m077_b203_2026-06-18T16-19-14.jpg",
        "leg": "leg07",
        "mark_index": 77,
        "along_track_m": 77.0,
        "achieved_heading": 201.01879905109607,
        "target_bearing": 203.47341671222767,
        "fix_type": 6,
        "hacc_m": 0.014,
        "corrupt": false,
        "position_interpolated": true,
        "captured_at_utc": "2026-06-18T22:19:14.914112+00:00"
      },
      "geometry": {
        "type": "Point",
        "coordinates": [
          -114.00595457376335,
          46.67582635575286
        ]
      }
    },
    {
      "type": "Feature",
      "properties": {
        "file": "leg07_m078_b203_2026-06-18T16-19-16.jpg",
        "leg": "leg07",
        "mark_index": 78,
        "along_track_m": 78.0,
        "achieved_heading": 203.36480643385784,
        "target_bearing": 203.47341671222767,
        "fix_type": 6,
        "hacc_m": 0.014,
        "corrupt": false,
        "position_interpolated": true,
        "captured_at_utc": "2026-06-18T22:19:16.035935+00:00"
      },
      "geometry": {
        "type": "Point",
        "coordinates": [
          -114.0059593,
          46.675818299999996
        ]
      }
    },
    {
      "type": "Feature",
      "properties": {
        "file": "leg07_m079_b203_2026-06-18T16-19-16.jpg",
        "leg": "leg07",
        "mark_index": 79,
        "along_track_m": 79.0,
        "achieved_heading": 203.34586106531248,
        "target_bearing": 203.47341671222767,
        "fix_type": 6,
        "hacc_m": 0.014,
        "corrupt": false,
        "position_interpolated": true,
        "captured_at_utc": "2026-06-18T22:19:16.951377+00:00"
      },
      "geometry": {
        "type": "Point",
        "coordinates": [
          -114.0059644,
          46.675810299999995
        ]
      }
    },
    {
      "type": "Feature",
      "properties": {
        "file": "leg07_m080_b203_2026-06-18T16-19-18.jpg",
        "leg": "leg07",
        "mark_index": 80,
        "along_track_m": 80.0,
        "achieved_heading": 202.83214379785687,
        "target_bearing": 203.47341671222767,
        "fix_type": 6,
        "hacc_m": 0.014,
        "corrupt": false,
        "position_interpolated": true,
        "captured_at_utc": "2026-06-18T22:19:18.003921+00:00"
      },
      "geometry": {
        "type": "Point",
        "coordinates": [
          -114.00596970919523,
          46.67580192025893
        ]
      }
    },
    {
      "type": "Feature",
      "properties": {
        "file": "leg07_m081_b203_2026-06-18T16-19-19.jpg",
        "leg": "leg07",
        "mark_index": 81,
        "along_track_m": 81.0,
        "achieved_heading": 203.61263536067622,
        "target_bearing": 203.47341671222767,
        "fix_type": 6,
        "hacc_m": 0.014,
        "corrupt": false,
        "position_interpolated": true,
        "captured_at_utc": "2026-06-18T22:19:19.118309+00:00"
      },
      "geometry": {
        "type": "Point",
        "coordinates": [
          -114.00597523348263,
          46.675793206427784
        ]
      }
    },
    {
      "type": "Feature",
      "properties": {
        "file": "leg07_m082_b203_2026-06-18T16-19-20.jpg",
        "leg": "leg07",
        "mark_index": 82,
        "along_track_m": 82.0,
        "achieved_heading": 202.95119040105493,
        "target_bearing": 203.47341671222767,
        "fix_type": 6,
        "hacc_m": 0.014,
        "corrupt": false,
        "position_interpolated": true,
        "captured_at_utc": "2026-06-18T22:19:20.164487+00:00"
      },
      "geometry": {
        "type": "Point",
        "coordinates": [
          -114.00598049999999,
          46.6757852
        ]
      }
    },
    {
      "type": "Feature",
      "properties": {
        "file": "leg07_m083_b203_2026-06-18T16-19-21.jpg",
        "leg": "leg07",
        "mark_index": 83,
        "along_track_m": 83.0,
        "achieved_heading": 201.6589950035326,
        "target_bearing": 203.47341671222767,
        "fix_type": 6,
        "hacc_m": 0.014,
        "corrupt": false,
        "position_interpolated": true,
        "captured_at_utc": "2026-06-18T22:19:21.150000+00:00"
      },
      "geometry": {
        "type": "Point",
        "coordinates": [
          -114.0059855,
          46.6757772
        ]
      }
    },
    {
      "type": "Feature",
      "properties": {
        "file": "leg07_m084_b203_2026-06-18T16-19-22.jpg",
        "leg": "leg07",
        "mark_index": 84,
        "along_track_m": 84.0,
        "achieved_heading": 202.75084980062047,
        "target_bearing": 203.47341671222767,
        "fix_type": 6,
        "hacc_m": 0.014,
        "corrupt": false,
        "position_interpolated": true,
        "captured_at_utc": "2026-06-18T22:19:22.201703+00:00"
      },
      "geometry": {
        "type": "Point",
        "coordinates": [
          -114.00599082009462,
          46.67576889537681
        ]
      }
    },
    {
      "type": "Feature",
      "properties": {
        "file": "leg07_m085_b203_2026-06-18T16-19-23.jpg",
        "leg": "leg07",
        "mark_index": 85,
        "along_track_m": 85.0,
        "achieved_heading": 203.22064736095365,
        "target_bearing": 203.47341671222767,
        "fix_type": 6,
        "hacc_m": 0.014,
        "corrupt": false,
        "position_interpolated": true,
        "captured_at_utc": "2026-06-18T22:19:23.311957+00:00"
      },
      "geometry": {
        "type": "Point",
        "coordinates": [
          -114.00599614051426,
          46.67576000112575
        ]
      }
    },
    {
      "type": "Feature",
      "properties": {
        "file": "leg07_m086_b203_2026-06-18T16-19-24.jpg",
        "leg": "leg07",
        "mark_index": 86,
        "along_track_m": 86.0,
        "achieved_heading": 203.64289495617538,
        "target_bearing": 203.47341671222767,
        "fix_type": 6,
        "hacc_m": 0.014,
        "corrupt": false,
        "position_interpolated": true,
        "captured_at_utc": "2026-06-18T22:19:24.366491+00:00"
      },
      "geometry": {
        "type": "Point",
        "coordinates": [
          -114.0060013,
          46.675751899999995
        ]
      }
    },
    {
      "type": "Feature",
      "properties": {
        "file": "leg07_m087_b203_2026-06-18T16-19-25.jpg",
        "leg": "leg07",
        "mark_index": 87,
        "along_track_m": 87.0,
        "achieved_heading": 202.45137643049705,
        "target_bearing": 203.47341671222767,
        "fix_type": 6,
        "hacc_m": 0.014,
        "corrupt": false,
        "position_interpolated": true,
        "captured_at_utc": "2026-06-18T22:19:25.289170+00:00"
      },
      "geometry": {
        "type": "Point",
        "coordinates": [
          -114.0060063576445,
          46.67574424912213
        ]
      }
    },
    {
      "type": "Feature",
      "properties": {
        "file": "leg07_m088_b203_2026-06-18T16-19-26.jpg",
        "leg": "leg07",
        "mark_index": 88,
        "along_track_m": 88.0,
        "achieved_heading": 202.2689801462177,
        "target_bearing": 203.47341671222767,
        "fix_type": 6,
        "hacc_m": 0.014,
        "corrupt": false,
        "position_interpolated": true,
        "captured_at_utc": "2026-06-18T22:19:26.400072+00:00"
      },
      "geometry": {
        "type": "Point",
        "coordinates": [
          -114.0060115,
          46.6757359
        ]
      }
    },
    {
      "type": "Feature",
      "properties": {
        "file": "leg07_m089_b203_2026-06-18T16-19-27.jpg",
        "leg": "leg07",
        "mark_index": 89,
        "along_track_m": 89.0,
        "achieved_heading": 202.96016559465266,
        "target_bearing": 203.47341671222767,
        "fix_type": 6,
        "hacc_m": 0.014,
        "corrupt": false,
        "position_interpolated": true,
        "captured_at_utc": "2026-06-18T22:19:27.452259+00:00"
      },
      "geometry": {
        "type": "Point",
        "coordinates": [
          -114.0060166,
          46.675728199999995
        ]
      }
    },
    {
      "type": "Feature",
      "properties": {
        "file": "leg07_m090_b203_2026-06-18T16-19-28.jpg",
        "leg": "leg07",
        "mark_index": 90,
        "along_track_m": 90.0,
        "achieved_heading": 203.0899142920161,
        "target_bearing": 203.47341671222767,
        "fix_type": 6,
        "hacc_m": 0.014,
        "corrupt": false,
        "position_interpolated": true,
        "captured_at_utc": "2026-06-18T22:19:28.426364+00:00"
      },
      "geometry": {
        "type": "Point",
        "coordinates": [
          -114.00602233484015,
          46.67571952695082
        ]
      }
    },
    {
      "type": "Feature",
      "properties": {
        "file": "leg07_m091_b203_2026-06-18T16-19-29.jpg",
        "leg": "leg07",
        "mark_index": 91,
        "along_track_m": 91.0,
        "achieved_heading": 200.99177231706963,
        "target_bearing": 203.47341671222767,
        "fix_type": 6,
        "hacc_m": 0.014,
        "corrupt": false,
        "position_interpolated": true,
        "captured_at_utc": "2026-06-18T22:19:29.554274+00:00"
      },
      "geometry": {
        "type": "Point",
        "coordinates": [
          -114.00602769999999,
          46.6757104
        ]
      }
    },
    {
      "type": "Feature",
      "properties": {
        "file": "leg07_m092_b203_2026-06-18T16-19-30.jpg",
        "leg": "leg07",
        "mark_index": 92,
        "along_track_m": 92.0,
        "achieved_heading": 200.94132241733502,
        "target_bearing": 203.47341671222767,
        "fix_type": 6,
        "hacc_m": 0.014,
        "corrupt": false,
        "position_interpolated": true,
        "captured_at_utc": "2026-06-18T22:19:30.467042+00:00"
      },
      "geometry": {
        "type": "Point",
        "coordinates": [
          -114.00603234640808,
          46.67570271431551
        ]
      }
    },
    {
      "type": "Feature",
      "properties": {
        "file": "leg07_m093_b203_2026-06-18T16-19-31.jpg",
        "leg": "leg07",
        "mark_index": 93,
        "along_track_m": 93.0,
        "achieved_heading": 201.60226879211663,
        "target_bearing": 203.47341671222767,
        "fix_type": 6,
        "hacc_m": 0.014,
        "corrupt": false,
        "position_interpolated": true,
        "captured_at_utc": "2026-06-18T22:19:31.448889+00:00"
      },
      "geometry": {
        "type": "Point",
        "coordinates": [
          -114.00603712993552,
          46.67569481809025
        ]
      }
    },
    {
      "type": "Feature",
      "properties": {
        "file": "leg07_m094_b203_2026-06-18T16-19-32.jpg",
        "leg": "leg07",
        "mark_index": 94,
        "along_track_m": 94.0,
        "achieved_heading": 203.64016102733683,
        "target_bearing": 203.47341671222767,
        "fix_type": 6,
        "hacc_m": 0.014,
        "corrupt": false,
        "position_interpolated": true,
        "captured_at_utc": "2026-06-18T22:19:32.558244+00:00"
      },
      "geometry": {
        "type": "Point",
        "coordinates": [
          -114.0060424,
          46.6756866
        ]
      }
    },
    {
      "type": "Feature",
      "properties": {
        "file": "leg07_m095_b203_2026-06-18T16-19-33.jpg",
        "leg": "leg07",
        "mark_index": 95,
        "along_track_m": 95.0,
        "achieved_heading": 203.13588137472334,
        "target_bearing": 203.47341671222767,
        "fix_type": 6,
        "hacc_m": 0.014,
        "corrupt": false,
        "position_interpolated": true,
        "captured_at_utc": "2026-06-18T22:19:33.617794+00:00"
      },
      "geometry": {
        "type": "Point",
        "coordinates": [
          -114.00604759999999,
          46.6756786
        ]
      }
    },
    {
      "type": "Feature",
      "properties": {
        "file": "leg07_m096_b203_2026-06-18T16-19-34.jpg",
        "leg": "leg07",
        "mark_index": 96,
        "along_track_m": 96.0,
        "achieved_heading": 203.2044008732594,
        "target_bearing": 203.47341671222767,
        "fix_type": 6,
        "hacc_m": 0.014,
        "corrupt": false,
        "position_interpolated": true,
        "captured_at_utc": "2026-06-18T22:19:34.669044+00:00"
      },
      "geometry": {
        "type": "Point",
        "coordinates": [
          -114.00605348806937,
          46.67566965371727
        ]
      }
    },
    {
      "type": "Feature",
      "properties": {
        "file": "leg07_m097_b203_2026-06-18T16-19-35.jpg",
        "leg": "leg07",
        "mark_index": 97,
        "along_track_m": 97.0,
        "achieved_heading": 202.29599564936825,
        "target_bearing": 203.47341671222767,
        "fix_type": 6,
        "hacc_m": 0.014,
        "corrupt": false,
        "position_interpolated": true,
        "captured_at_utc": "2026-06-18T22:19:35.714904+00:00"
      },
      "geometry": {
        "type": "Point",
        "coordinates": [
          -114.00605884926662,
          46.67566107610007
        ]
      }
    },
    {
      "type": "Feature",
      "properties": {
        "file": "leg07_m098_b203_2026-06-18T16-19-36.jpg",
        "leg": "leg07",
        "mark_index": 98,
        "along_track_m": 98.0,
        "achieved_heading": 201.20684702538193,
        "target_bearing": 203.47341671222767,
        "fix_type": 6,
        "hacc_m": 0.014,
        "corrupt": false,
        "position_interpolated": true,
        "captured_at_utc": "2026-06-18T22:19:36.759777+00:00"
      },
      "geometry": {
        "type": "Point",
        "coordinates": [
          -114.0060639,
          46.675652899999996
        ]
      }
    },
    {
      "type": "Feature",
      "properties": {
        "file": "leg07_m099_b203_2026-06-18T16-19-37.jpg",
        "leg": "leg07",
        "mark_index": 99,
        "along_track_m": 99.0,
        "achieved_heading": 202.49172146114768,
        "target_bearing": 203.47341671222767,
        "fix_type": 6,
        "hacc_m": 0.014,
        "corrupt": false,
        "position_interpolated": true,
        "captured_at_utc": "2026-06-18T22:19:37.668864+00:00"
      },
      "geometry": {
        "type": "Point",
        "coordinates": [
          -114.00606839873961,
          46.67564513819691
        ]
      }
    },
    {
      "type": "Feature",
      "properties": {
        "file": "leg07_m100_b203_2026-06-18T16-19-38.jpg",
        "leg": "leg07",
        "mark_index": 100,
        "along_track_m": 100.0,
        "achieved_heading": 202.9412466646853,
        "target_bearing": 203.47341671222767,
        "fix_type": 6,
        "hacc_m": 0.014,
        "corrupt": false,
        "position_interpolated": true,
        "captured_at_utc": "2026-06-18T22:19:38.723977+00:00"
      },
      "geometry": {
        "type": "Point",
        "coordinates": [
          -114.00607389999999,
          46.675636499999996
        ]
      }
    },
    {
      "type": "Feature",
      "properties": {
        "file": "leg07_m101_b203_2026-06-18T16-19-39.jpg",
        "leg": "leg07",
        "mark_index": 101,
        "along_track_m": 101.0,
        "achieved_heading": 203.18923924124505,
        "target_bearing": 203.47341671222767,
        "fix_type": 6,
        "hacc_m": 0.014,
        "corrupt": false,
        "position_interpolated": true,
        "captured_at_utc": "2026-06-18T22:19:39.844656+00:00"
      },
      "geometry": {
        "type": "Point",
        "coordinates": [
          -114.006079,
          46.6756287
        ]
      }
    },
    {
      "type": "Feature",
      "properties": {
        "file": "leg07_m102_b203_2026-06-18T16-19-40.jpg",
        "leg": "leg07",
        "mark_index": 102,
        "along_track_m": 102.0,
        "achieved_heading": 202.63342022425263,
        "target_bearing": 203.47341671222767,
        "fix_type": 6,
        "hacc_m": 0.014,
        "corrupt": false,
        "position_interpolated": true,
        "captured_at_utc": "2026-06-18T22:19:40.751617+00:00"
      },
      "geometry": {
        "type": "Point",
        "coordinates": [
          -114.00608419999999,
          46.6756205
        ]
      }
    },
    {
      "type": "Feature",
      "properties": {
        "file": "leg07_m103_b203_2026-06-18T16-19-41.jpg",
        "leg": "leg07",
        "mark_index": 103,
        "along_track_m": 103.0,
        "achieved_heading": 202.80427314110378,
        "target_bearing": 203.47341671222767,
        "fix_type": 6,
        "hacc_m": 0.014,
        "corrupt": false,
        "position_interpolated": true,
        "captured_at_utc": "2026-06-18T22:19:41.806176+00:00"
      },
      "geometry": {
        "type": "Point",
        "coordinates": [
          -114.0060893,
          46.6756123
        ]
      }
    },
    {
      "type": "Feature",
      "properties": {
        "file": "leg07_m104_b203_2026-06-18T16-19-42.jpg",
        "leg": "leg07",
        "mark_index": 104,
        "along_track_m": 104.0,
        "achieved_heading": 202.92190776011475,
        "target_bearing": 203.47341671222767,
        "fix_type": 6,
        "hacc_m": 0.014,
        "corrupt": false,
        "position_interpolated": true,
        "captured_at_utc": "2026-06-18T22:19:42.715296+00:00"
      },
      "geometry": {
        "type": "Point",
        "coordinates": [
          -114.00609399125844,
          46.675604119668506
        ]
      }
    },
    {
      "type": "Feature",
      "properties": {
        "file": "leg07_m105_b203_2026-06-18T16-19-43.jpg",
        "leg": "leg07",
        "mark_index": 105,
        "along_track_m": 105.0,
        "achieved_heading": 202.6242032650976,
        "target_bearing": 203.47341671222767,
        "fix_type": 6,
        "hacc_m": 0.014,
        "corrupt": false,
        "position_interpolated": true,
        "captured_at_utc": "2026-06-18T22:19:43.762230+00:00"
      },
      "geometry": {
        "type": "Point",
        "coordinates": [
          -114.0060993557312,
          46.67559580800399
        ]
      }
    },
    {
      "type": "Feature",
      "properties": {
        "file": "leg07_m106_b203_2026-06-18T16-19-44.jpg",
        "leg": "leg07",
        "mark_index": 106,
        "along_track_m": 106.0,
        "achieved_heading": 213.93951198222683,
        "target_bearing": 203.47341671222767,
        "fix_type": 6,
        "hacc_m": 0.014,
        "corrupt": false,
        "position_interpolated": true,
        "captured_at_utc": "2026-06-18T22:19:44.821712+00:00"
      },
      "geometry": {
        "type": "Point",
        "coordinates": [
          -114.00610544388566,
          46.675587356929576
        ]
      }
    },
    {
      "type": "Feature",
      "properties": {
        "file": "leg07_m107_b203_2026-06-18T16-19-46.jpg",
        "leg": "leg07",
        "mark_index": 107,
        "along_track_m": 107.0,
        "achieved_heading": 209.578157245691,
        "target_bearing": 203.47341671222767,
        "fix_type": 6,
        "hacc_m": 0.014,
        "corrupt": false,
        "position_interpolated": true,
        "captured_at_utc": "2026-06-18T22:19:45.936165+00:00"
      },
      "geometry": {
        "type": "Point",
        "coordinates": [
          -114.0061126,
          46.6755794
        ]
      }
    },
    {
      "type": "Feature",
      "properties": {
        "file": "leg07_m108_b203_2026-06-18T16-19-46.jpg",
        "leg": "leg07",
        "mark_index": 108,
        "along_track_m": 108.0,
        "achieved_heading": 202.66220582339338,
        "target_bearing": 203.47341671222767,
        "fix_type": 6,
        "hacc_m": 0.014,
        "corrupt": false,
        "position_interpolated": true,
        "captured_at_utc": "2026-06-18T22:19:46.849000+00:00"
      },
      "geometry": {
        "type": "Point",
        "coordinates": [
          -114.00611767575003,
          46.67557214041661
        ]
      }
    },
    {
      "type": "Feature",
      "properties": {
        "file": "leg07_m109_b203_2026-06-18T16-19-48.jpg",
        "leg": "leg07",
        "mark_index": 109,
        "along_track_m": 109.0,
        "achieved_heading": 198.9138910459078,
        "target_bearing": 203.47341671222767,
        "fix_type": 6,
        "hacc_m": 0.014,
        "corrupt": false,
        "position_interpolated": true,
        "captured_at_utc": "2026-06-18T22:19:48.102348+00:00"
      },
      "geometry": {
        "type": "Point",
        "coordinates": [
          -114.00612278892224,
          46.67556213604022
        ]
      }
    },
    {
      "type": "Feature",
      "properties": {
        "file": "leg07_m110_b203_2026-06-18T16-19-49.jpg",
        "leg": "leg07",
        "mark_index": 110,
        "along_track_m": 110.0,
        "achieved_heading": 201.80755709443653,
        "target_bearing": 203.47341671222767,
        "fix_type": 6,
        "hacc_m": 0.014,
        "corrupt": false,
        "position_interpolated": true,
        "captured_at_utc": "2026-06-18T22:19:49.084983+00:00"
      },
      "geometry": {
        "type": "Point",
        "coordinates": [
          -114.00612662197838,
          46.67555443379051
        ]
      }
    },
    {
      "type": "Feature",
      "properties": {
        "file": "leg07_m111_b203_2026-06-18T16-19-50.jpg",
        "leg": "leg07",
        "mark_index": 111,
        "along_track_m": 111.0,
        "achieved_heading": 203.83077101693522,
        "target_bearing": 203.47341671222767,
        "fix_type": 6,
        "hacc_m": 0.014,
        "corrupt": false,
        "position_interpolated": true,
        "captured_at_utc": "2026-06-18T22:19:50.145841+00:00"
      },
      "geometry": {
        "type": "Point",
        "coordinates": [
          -114.00613179999999,
          46.6755461
        ]
      }
    },
    {
      "type": "Feature",
      "properties": {
        "file": "leg07_m112_b203_2026-06-18T16-19-51.jpg",
        "leg": "leg07",
        "mark_index": 112,
        "along_track_m": 112.0,
        "achieved_heading": 203.97263019156466,
        "target_bearing": 203.47341671222767,
        "fix_type": 6,
        "hacc_m": 0.014,
        "corrupt": false,
        "position_interpolated": true,
        "captured_at_utc": "2026-06-18T22:19:51.195761+00:00"
      },
      "geometry": {
        "type": "Point",
        "coordinates": [
          -114.0061367,
          46.6755384
        ]
      }
    },
    {
      "type": "Feature",
      "properties": {
        "file": "leg07_m113_b203_2026-06-18T16-19-52.jpg",
        "leg": "leg07",
        "mark_index": 113,
        "along_track_m": 113.0,
        "achieved_heading": 202.30604535710057,
        "target_bearing": 203.47341671222767,
        "fix_type": 6,
        "hacc_m": 0.014,
        "corrupt": false,
        "position_interpolated": true,
        "captured_at_utc": "2026-06-18T22:19:52.233353+00:00"
      },
      "geometry": {
        "type": "Point",
        "coordinates": [
          -114.00614220857673,
          46.67552963784961
        ]
      }
    },
    {
      "type": "Feature",
      "properties": {
        "file": "leg07_m114_b203_2026-06-18T16-19-53.jpg",
        "leg": "leg07",
        "mark_index": 114,
        "along_track_m": 114.0,
        "achieved_heading": 201.9626889503656,
        "target_bearing": 203.47341671222767,
        "fix_type": 6,
        "hacc_m": 0.014,
        "corrupt": false,
        "position_interpolated": true,
        "captured_at_utc": "2026-06-18T22:19:53.355002+00:00"
      },
      "geometry": {
        "type": "Point",
        "coordinates": [
          -114.0061478,
          46.6755207
        ]
      }
    },
    {
      "type": "Feature",
      "properties": {
        "file": "leg07_m115_b203_2026-06-18T16-19-54.jpg",
        "leg": "leg07",
        "mark_index": 115,
        "along_track_m": 115.0,
        "achieved_heading": 201.47636230145102,
        "target_bearing": 203.47341671222767,
        "fix_type": 6,
        "hacc_m": 0.014,
        "corrupt": false,
        "position_interpolated": true,
        "captured_at_utc": "2026-06-18T22:19:54.269525+00:00"
      },
      "geometry": {
        "type": "Point",
        "coordinates": [
          -114.00615241311228,
          46.67551293033158
        ]
      }
    },
    {
      "type": "Feature",
      "properties": {
        "file": "leg07_m116_b203_2026-06-18T16-19-55.jpg",
        "leg": "leg07",
        "mark_index": 116,
        "along_track_m": 116.0,
        "achieved_heading": 201.47175015314872,
        "target_bearing": 203.47341671222767,
        "fix_type": 6,
        "hacc_m": 0.014,
        "corrupt": false,
        "position_interpolated": true,
        "captured_at_utc": "2026-06-18T22:19:55.321321+00:00"
      },
      "geometry": {
        "type": "Point",
        "coordinates": [
          -114.00615739999999,
          46.675504499999995
        ]
      }
    },
    {
      "type": "Feature",
      "properties": {
        "file": "leg07_m117_b203_2026-06-18T16-19-56.jpg",
        "leg": "leg07",
        "mark_index": 117,
        "along_track_m": 117.0,
        "achieved_heading": 202.9945909451909,
        "target_bearing": 203.47341671222767,
        "fix_type": 6,
        "hacc_m": 0.014,
        "corrupt": false,
        "position_interpolated": true,
        "captured_at_utc": "2026-06-18T22:19:56.436211+00:00"
      },
      "geometry": {
        "type": "Point",
        "coordinates": [
          -114.0061624,
          46.6754965
        ]
      }
    },
    {
      "type": "Feature",
      "properties": {
        "file": "leg07_m118_b203_2026-06-18T16-19-57.jpg",
        "leg": "leg07",
        "mark_index": 118,
        "along_track_m": 118.0,
        "achieved_heading": 204.61083207005842,
        "target_bearing": 203.47341671222767,
        "fix_type": 6,
        "hacc_m": 0.014,
        "corrupt": false,
        "position_interpolated": true,
        "captured_at_utc": "2026-06-18T22:19:57.353504+00:00"
      },
      "geometry": {
        "type": "Point",
        "coordinates": [
          -114.0061672,
          46.6754885
        ]
      }
    },
    {
      "type": "Feature",
      "properties": {
        "file": "leg07_m119_b203_2026-06-18T16-19-58.jpg",
        "leg": "leg07",
        "mark_index": 119,
        "along_track_m": 119.0,
        "achieved_heading": 204.88019766013065,
        "target_bearing": 203.47341671222767,
        "fix_type": 6,
        "hacc_m": 0.014,
        "corrupt": false,
        "position_interpolated": true,
        "captured_at_utc": "2026-06-18T22:19:58.392593+00:00"
      },
      "geometry": {
        "type": "Point",
        "coordinates": [
          -114.00617299999999,
          46.6754806
        ]
      }
    },
    {
      "type": "Feature",
      "properties": {
        "file": "leg07_m120_b203_2026-06-18T16-19-59.jpg",
        "leg": "leg07",
        "mark_index": 120,
        "along_track_m": 120.0,
        "achieved_heading": 202.37560422233656,
        "target_bearing": 203.47341671222767,
        "fix_type": 6,
        "hacc_m": 0.014,
        "corrupt": false,
        "position_interpolated": true,
        "captured_at_utc": "2026-06-18T22:19:59.500150+00:00"
      },
      "geometry": {
        "type": "Point",
        "coordinates": [
          -114.00617900900953,
          46.67547130472854
        ]
      }
    },
    {
      "type": "Feature",
      "properties": {
        "file": "leg07_m121_b203_2026-06-18T16-20-00.jpg",
        "leg": "leg07",
        "mark_index": 121,
        "along_track_m": 121.0,
        "achieved_heading": 202.0509038194523,
        "target_bearing": 203.47341671222767,
        "fix_type": 6,
        "hacc_m": 0.014,
        "corrupt": false,
        "position_interpolated": true,
        "captured_at_utc": "2026-06-18T22:20:00.565124+00:00"
      },
      "geometry": {
        "type": "Point",
        "coordinates": [
          -114.00618379999999,
          46.675463
        ]
      }
    },
    {
      "type": "Feature",
      "properties": {
        "file": "leg07_m122_b203_2026-06-18T16-20-01.jpg",
        "leg": "leg07",
        "mark_index": 122,
        "along_track_m": 122.0,
        "achieved_heading": 203.43906395584412,
        "target_bearing": 203.47341671222767,
        "fix_type": 6,
        "hacc_m": 0.014,
        "corrupt": false,
        "position_interpolated": true,
        "captured_at_utc": "2026-06-18T22:20:01.480651+00:00"
      },
      "geometry": {
        "type": "Point",
        "coordinates": [
          -114.0061885091204,
          46.67545553934148
        ]
      }
    },
    {
      "type": "Feature",
      "properties": {
        "file": "leg07_m123_b203_2026-06-18T16-20-02.jpg",
        "leg": "leg07",
        "mark_index": 123,
        "along_track_m": 123.0,
        "achieved_heading": 203.4314815378798,
        "target_bearing": 203.47341671222767,
        "fix_type": 6,
        "hacc_m": 0.014,
        "corrupt": false,
        "position_interpolated": true,
        "captured_at_utc": "2026-06-18T22:20:02.527471+00:00"
      },
      "geometry": {
        "type": "Point",
        "coordinates": [
          -114.0061941,
          46.675446799999996
        ]
      }
    },
    {
      "type": "Feature",
      "properties": {
        "file": "leg07_m124_b203_2026-06-18T16-20-03.jpg",
        "leg": "leg07",
        "mark_index": 124,
        "along_track_m": 124.0,
        "achieved_heading": 203.62518984781133,
        "target_bearing": 203.47341671222767,
        "fix_type": 6,
        "hacc_m": 0.014,
        "corrupt": false,
        "position_interpolated": true,
        "captured_at_utc": "2026-06-18T22:20:03.581638+00:00"
      },
      "geometry": {
        "type": "Point",
        "coordinates": [
          -114.00619929999999,
          46.6754387
        ]
      }
    },
    {
      "type": "Feature",
      "properties": {
        "file": "leg07_m125_b203_2026-06-18T16-20-04.jpg",
        "leg": "leg07",
        "mark_index": 125,
        "along_track_m": 125.0,
        "achieved_heading": 202.8679136632156,
        "target_bearing": 203.47341671222767,
        "fix_type": 6,
        "hacc_m": 0.014,
        "corrupt": false,
        "position_interpolated": true,
        "captured_at_utc": "2026-06-18T22:20:04.483713+00:00"
      },
      "geometry": {
        "type": "Point",
        "coordinates": [
          -114.00620423210383,
          46.675430989667156
        ]
      }
    },
    {
      "type": "Feature",
      "properties": {
        "file": "leg07_m126_b203_2026-06-18T16-20-05.jpg",
        "leg": "leg07",
        "mark_index": 126,
        "along_track_m": 126.0,
        "achieved_heading": 202.2142673786463,
        "target_bearing": 203.47341671222767,
        "fix_type": 6,
        "hacc_m": 0.014,
        "corrupt": false,
        "position_interpolated": true,
        "captured_at_utc": "2026-06-18T22:20:05.538288+00:00"
      },
      "geometry": {
        "type": "Point",
        "coordinates": [
          -114.0062095,
          46.6754222
        ]
      }
    },
    {
      "type": "Feature",
      "properties": {
        "file": "leg07_m127_b203_2026-06-18T16-20-06.jpg",
        "leg": "leg07",
        "mark_index": 127,
        "along_track_m": 127.0,
        "achieved_heading": 202.97656542588464,
        "target_bearing": 203.47341671222767,
        "fix_type": 6,
        "hacc_m": 0.014,
        "corrupt": false,
        "position_interpolated": true,
        "captured_at_utc": "2026-06-18T22:20:06.650416+00:00"
      },
      "geometry": {
        "type": "Point",
        "coordinates": [
          -114.0062145,
          46.6754143
        ]
      }
    },
    {
      "type": "Feature",
      "properties": {
        "file": "leg07_m128_b203_2026-06-18T16-20-07.jpg",
        "leg": "leg07",
        "mark_index": 128,
        "along_track_m": 128.0,
        "achieved_heading": 203.08057515009585,
        "target_bearing": 203.47341671222767,
        "fix_type": 6,
        "hacc_m": 0.014,
        "corrupt": false,
        "position_interpolated": true,
        "captured_at_utc": "2026-06-18T22:20:07.641952+00:00"
      },
      "geometry": {
        "type": "Point",
        "coordinates": [
          -114.00622010768326,
          46.6754053384751
        ]
      }
    },
    {
      "type": "Feature",
      "properties": {
        "file": "leg07_m129_b203_2026-06-18T16-20-08.jpg",
        "leg": "leg07",
        "mark_index": 129,
        "along_track_m": 129.0,
        "achieved_heading": 203.09405574879008,
        "target_bearing": 203.47341671222767,
        "fix_type": 6,
        "hacc_m": 0.014,
        "corrupt": false,
        "position_interpolated": true,
        "captured_at_utc": "2026-06-18T22:20:08.684404+00:00"
      },
      "geometry": {
        "type": "Point",
        "coordinates": [
          -114.006225499927,
          46.67539684012411
        ]
      }
    },
    {
      "type": "Feature",
      "properties": {
        "file": "leg07_m130_b203_2026-06-18T16-20-09.jpg",
        "leg": "leg07",
        "mark_index": 130,
        "along_track_m": 130.0,
        "achieved_heading": 202.56607941910949,
        "target_bearing": 203.47341671222767,
        "fix_type": 6,
        "hacc_m": 0.014,
        "corrupt": false,
        "position_interpolated": true,
        "captured_at_utc": "2026-06-18T22:20:09.603115+00:00"
      },
      "geometry": {
        "type": "Point",
        "coordinates": [
          -114.00623027161637,
          46.67538928063937
        ]
      }
    },
    {
      "type": "Feature",
      "properties": {
        "file": "leg07_m131_b203_2026-06-18T16-20-10.jpg",
        "leg": "leg07",
        "mark_index": 131,
        "along_track_m": 131.0,
        "achieved_heading": 203.73267572816118,
        "target_bearing": 203.47341671222767,
        "fix_type": 6,
        "hacc_m": 0.014,
        "corrupt": false,
        "position_interpolated": true,
        "captured_at_utc": "2026-06-18T22:20:10.723265+00:00"
      },
      "geometry": {
        "type": "Point",
        "coordinates": [
          -114.00623559674021,
          46.67538070529715
        ]
      }
    },
    {
      "type": "Feature",
      "properties": {
        "file": "leg07_m132_b203_2026-06-18T16-20-11.jpg",
        "leg": "leg07",
        "mark_index": 132,
        "along_track_m": 132.0,
        "achieved_heading": 204.22649346061885,
        "target_bearing": 203.47341671222767,
        "fix_type": 6,
        "hacc_m": 0.014,
        "corrupt": false,
        "position_interpolated": true,
        "captured_at_utc": "2026-06-18T22:20:11.839814+00:00"
      },
      "geometry": {
        "type": "Point",
        "coordinates": [
          -114.00624099999999,
          46.6753728
        ]
      }
    }
  ]
}