{
  "type": "FeatureCollection",
  "name": "captures",
  "crs": {
    "type": "name",
    "properties": {
      "name": "urn:ogc:def:crs:OGC:1.3:CRS84"
    }
  },
  "features": [
    {
      "type": "Feature",
      "properties": {
        "file": "leg01_m000_b002_2026-06-18T13-43-07.jpg",
        "leg": "leg01",
        "mark_index": 0,
        "along_track_m": 0.0,
        "achieved_heading": 3.076907992808742,
        "target_bearing": 2.8864991747478257,
        "fix_type": 6,
        "hacc_m": 0.014,
        "corrupt": false,
        "position_interpolated": true,
        "captured_at_utc": "2026-06-18T19:43:07.882387+00:00"
      },
      "geometry": {
        "type": "Point",
        "coordinates": [
          -114.00417309999999,
          46.675314199999995
        ]
      }
    },
    {
      "type": "Feature",
      "properties": {
        "file": "leg01_m001_b002_2026-06-18T13-43-09.jpg",
        "leg": "leg01",
        "mark_index": 1,
        "along_track_m": 1.0,
        "achieved_heading": 3.4129477396529637,
        "target_bearing": 2.8864991747478257,
        "fix_type": 6,
        "hacc_m": 0.014,
        "corrupt": false,
        "position_interpolated": true,
        "captured_at_utc": "2026-06-18T19:43:09.625708+00:00"
      },
      "geometry": {
        "type": "Point",
        "coordinates": [
          -114.00417578053187,
          46.675325014751664
        ]
      }
    },
    {
      "type": "Feature",
      "properties": {
        "file": "leg01_m002_b002_2026-06-18T13-43-10.jpg",
        "leg": "leg01",
        "mark_index": 2,
        "along_track_m": 2.0,
        "achieved_heading": 16.979499708540118,
        "target_bearing": 2.8864991747478257,
        "fix_type": 6,
        "hacc_m": 0.014,
        "corrupt": false,
        "position_interpolated": true,
        "captured_at_utc": "2026-06-18T19:43:10.750810+00:00"
      },
      "geometry": {
        "type": "Point",
        "coordinates": [
          -114.00417669999999,
          46.675334
        ]
      }
    },
    {
      "type": "Feature",
      "properties": {
        "file": "leg01_m003_b002_2026-06-18T13-43-11.jpg",
        "leg": "leg01",
        "mark_index": 3,
        "along_track_m": 3.0,
        "achieved_heading": 26.24967035485929,
        "target_bearing": 2.8864991747478257,
        "fix_type": 6,
        "hacc_m": 0.014,
        "corrupt": false,
        "position_interpolated": true,
        "captured_at_utc": "2026-06-18T19:43:11.729238+00:00"
      },
      "geometry": {
        "type": "Point",
        "coordinates": [
          -114.0041747,
          46.6753425
        ]
      }
    },
    {
      "type": "Feature",
      "properties": {
        "file": "leg01_m004_b002_2026-06-18T13-43-12.jpg",
        "leg": "leg01",
        "mark_index": 4,
        "along_track_m": 4.0,
        "achieved_heading": 24.489314825099314,
        "target_bearing": 2.8864991747478257,
        "fix_type": 6,
        "hacc_m": 0.014,
        "corrupt": false,
        "position_interpolated": true,
        "captured_at_utc": "2026-06-18T19:43:12.770432+00:00"
      },
      "geometry": {
        "type": "Point",
        "coordinates": [
          -114.00417124254315,
          46.6753513668446
        ]
      }
    },
    {
      "type": "Feature",
      "properties": {
        "file": "leg01_m005_b002_2026-06-18T13-43-13.jpg",
        "leg": "leg01",
        "mark_index": 5,
        "along_track_m": 5.0,
        "achieved_heading": 18.54145537839804,
        "target_bearing": 2.8864991747478257,
        "fix_type": 6,
        "hacc_m": 0.014,
        "corrupt": false,
        "position_interpolated": true,
        "captured_at_utc": "2026-06-18T19:43:13.898244+00:00"
      },
      "geometry": {
        "type": "Point",
        "coordinates": [
          -114.0041684,
          46.6753608
        ]
      }
    },
    {
      "type": "Feature",
      "properties": {
        "file": "leg01_m006_b002_2026-06-18T13-43-14.jpg",
        "leg": "leg01",
        "mark_index": 6,
        "along_track_m": 6.0,
        "achieved_heading": 13.282821496552174,
        "target_bearing": 2.8864991747478257,
        "fix_type": 6,
        "hacc_m": 0.014,
        "corrupt": false,
        "position_interpolated": true,
        "captured_at_utc": "2026-06-18T19:43:14.943334+00:00"
      },
      "geometry": {
        "type": "Point",
        "coordinates": [
          -114.0041674,
          46.6753693
        ]
      }
    },
    {
      "type": "Feature",
      "properties": {
        "file": "leg01_m007_b002_2026-06-18T13-43-16.jpg",
        "leg": "leg01",
        "mark_index": 7,
        "along_track_m": 7.0,
        "achieved_heading": 13.32940296529631,
        "target_bearing": 2.8864991747478257,
        "fix_type": 6,
        "hacc_m": 0.014,
        "corrupt": false,
        "position_interpolated": true,
        "captured_at_utc": "2026-06-18T19:43:16.135627+00:00"
      },
      "geometry": {
        "type": "Point",
        "coordinates": [
          -114.0041669,
          46.6753795
        ]
      }
    },
    {
      "type": "Feature",
      "properties": {
        "file": "leg01_m008_b002_2026-06-18T13-43-17.jpg",
        "leg": "leg01",
        "mark_index": 8,
        "along_track_m": 8.0,
        "achieved_heading": 14.81862347482172,
        "target_bearing": 2.8864991747478257,
        "fix_type": 6,
        "hacc_m": 0.014,
        "corrupt": false,
        "position_interpolated": true,
        "captured_at_utc": "2026-06-18T19:43:17.102300+00:00"
      },
      "geometry": {
        "type": "Point",
        "coordinates": [
          -114.00416630286087,
          46.67538785136518
        ]
      }
    },
    {
      "type": "Feature",
      "properties": {
        "file": "leg01_m009_b002_2026-06-18T13-43-18.jpg",
        "leg": "leg01",
        "mark_index": 9,
        "along_track_m": 9.0,
        "achieved_heading": 13.567656921904359,
        "target_bearing": 2.8864991747478257,
        "fix_type": 6,
        "hacc_m": 0.014,
        "corrupt": false,
        "position_interpolated": true,
        "captured_at_utc": "2026-06-18T19:43:18.082719+00:00"
      },
      "geometry": {
        "type": "Point",
        "coordinates": [
          -114.00416552927494,
          46.67539635116304
        ]
      }
    },
    {
      "type": "Feature",
      "properties": {
        "file": "leg01_m010_b002_2026-06-18T13-43-19.jpg",
        "leg": "leg01",
        "mark_index": 10,
        "along_track_m": 10.0,
        "achieved_heading": 14.088291471007437,
        "target_bearing": 2.8864991747478257,
        "fix_type": 6,
        "hacc_m": 0.014,
        "corrupt": false,
        "position_interpolated": true,
        "captured_at_utc": "2026-06-18T19:43:19.201590+00:00"
      },
      "geometry": {
        "type": "Point",
        "coordinates": [
          -114.00416485054618,
          46.67540574690499
        ]
      }
    },
    {
      "type": "Feature",
      "properties": {
        "file": "leg01_m011_b002_2026-06-18T13-43-20.jpg",
        "leg": "leg01",
        "mark_index": 11,
        "along_track_m": 11.0,
        "achieved_heading": 14.864283592443826,
        "target_bearing": 2.8864991747478257,
        "fix_type": 6,
        "hacc_m": 0.014,
        "corrupt": false,
        "position_interpolated": true,
        "captured_at_utc": "2026-06-18T19:43:20.253315+00:00"
      },
      "geometry": {
        "type": "Point",
        "coordinates": [
          -114.00416412543606,
          46.67541451845894
        ]
      }
    },
    {
      "type": "Feature",
      "properties": {
        "file": "leg01_m012_b002_2026-06-18T13-43-21.jpg",
        "leg": "leg01",
        "mark_index": 12,
        "along_track_m": 12.0,
        "achieved_heading": 14.49157423891495,
        "target_bearing": 2.8864991747478257,
        "fix_type": 6,
        "hacc_m": 0.014,
        "corrupt": false,
        "position_interpolated": true,
        "captured_at_utc": "2026-06-18T19:43:21.301569+00:00"
      },
      "geometry": {
        "type": "Point",
        "coordinates": [
          -114.0041626,
          46.6754232
        ]
      }
    },
    {
      "type": "Feature",
      "properties": {
        "file": "leg01_m013_b002_2026-06-18T13-43-22.jpg",
        "leg": "leg01",
        "mark_index": 13,
        "along_track_m": 13.0,
        "achieved_heading": 10.1938208743004,
        "target_bearing": 2.8864991747478257,
        "fix_type": 6,
        "hacc_m": 0.014,
        "corrupt": false,
        "position_interpolated": true,
        "captured_at_utc": "2026-06-18T19:43:22.423488+00:00"
      },
      "geometry": {
        "type": "Point",
        "coordinates": [
          -114.004161641671,
          46.67543269159274
        ]
      }
    },
    {
      "type": "Feature",
      "properties": {
        "file": "leg01_m014_b002_2026-06-18T13-43-23.jpg",
        "leg": "leg01",
        "mark_index": 14,
        "along_track_m": 14.0,
        "achieved_heading": 10.155031076072191,
        "target_bearing": 2.8864991747478257,
        "fix_type": 6,
        "hacc_m": 0.014,
        "corrupt": false,
        "position_interpolated": true,
        "captured_at_utc": "2026-06-18T19:43:23.483771+00:00"
      },
      "geometry": {
        "type": "Point",
        "coordinates": [
          -114.00416129999999,
          46.675441540210684
        ]
      }
    },
    {
      "type": "Feature",
      "properties": {
        "file": "leg01_m015_b002_2026-06-18T13-43-24.jpg",
        "leg": "leg01",
        "mark_index": 15,
        "along_track_m": 15.0,
        "achieved_heading": 10.736408279902207,
        "target_bearing": 2.8864991747478257,
        "fix_type": 6,
        "hacc_m": 0.014,
        "corrupt": false,
        "position_interpolated": true,
        "captured_at_utc": "2026-06-18T19:43:24.602429+00:00"
      },
      "geometry": {
        "type": "Point",
        "coordinates": [
          -114.00416109999999,
          46.675450399999995
        ]
      }
    },
    {
      "type": "Feature",
      "properties": {
        "file": "leg01_m016_b002_2026-06-18T13-43-25.jpg",
        "leg": "leg01",
        "mark_index": 16,
        "along_track_m": 16.0,
        "achieved_heading": 13.578300424264512,
        "target_bearing": 2.8864991747478257,
        "fix_type": 6,
        "hacc_m": 0.014,
        "corrupt": false,
        "position_interpolated": true,
        "captured_at_utc": "2026-06-18T19:43:25.510459+00:00"
      },
      "geometry": {
        "type": "Point",
        "coordinates": [
          -114.0041602,
          46.675458899999995
        ]
      }
    },
    {
      "type": "Feature",
      "properties": {
        "file": "leg01_m017_b002_2026-06-18T13-43-26.jpg",
        "leg": "leg01",
        "mark_index": 17,
        "along_track_m": 17.0,
        "achieved_heading": 13.269155237883979,
        "target_bearing": 2.8864991747478257,
        "fix_type": 6,
        "hacc_m": 0.014,
        "corrupt": false,
        "position_interpolated": true,
        "captured_at_utc": "2026-06-18T19:43:26.705295+00:00"
      },
      "geometry": {
        "type": "Point",
        "coordinates": [
          -114.0041593,
          46.6754694
        ]
      }
    },
    {
      "type": "Feature",
      "properties": {
        "file": "leg01_m018_b002_2026-06-18T13-43-27.jpg",
        "leg": "leg01",
        "mark_index": 18,
        "along_track_m": 18.0,
        "achieved_heading": 13.10762656528459,
        "target_bearing": 2.8864991747478257,
        "fix_type": 6,
        "hacc_m": 0.014,
        "corrupt": false,
        "position_interpolated": true,
        "captured_at_utc": "2026-06-18T19:43:27.618252+00:00"
      },
      "geometry": {
        "type": "Point",
        "coordinates": [
          -114.00415834024018,
          46.675477415916944
        ]
      }
    },
    {
      "type": "Feature",
      "properties": {
        "file": "leg01_m019_b002_2026-06-18T13-43-28.jpg",
        "leg": "leg01",
        "mark_index": 19,
        "along_track_m": 19.0,
        "achieved_heading": 12.189606803473794,
        "target_bearing": 2.8864991747478257,
        "fix_type": 6,
        "hacc_m": 0.014,
        "corrupt": false,
        "position_interpolated": true,
        "captured_at_utc": "2026-06-18T19:43:28.665833+00:00"
      },
      "geometry": {
        "type": "Point",
        "coordinates": [
          -114.00415721801772,
          46.67548632973404
        ]
      }
    },
    {
      "type": "Feature",
      "properties": {
        "file": "leg01_m020_b002_2026-06-18T13-43-29.jpg",
        "leg": "leg01",
        "mark_index": 20,
        "along_track_m": 20.0,
        "achieved_heading": 11.227147092561268,
        "target_bearing": 2.8864991747478257,
        "fix_type": 6,
        "hacc_m": 0.014,
        "corrupt": false,
        "position_interpolated": true,
        "captured_at_utc": "2026-06-18T19:43:29.713820+00:00"
      },
      "geometry": {
        "type": "Point",
        "coordinates": [
          -114.0041564,
          46.675495
        ]
      }
    },
    {
      "type": "Feature",
      "properties": {
        "file": "leg01_m021_b002_2026-06-18T13-43-30.jpg",
        "leg": "leg01",
        "mark_index": 21,
        "along_track_m": 21.0,
        "achieved_heading": 11.584978414511738,
        "target_bearing": 2.8864991747478257,
        "fix_type": 6,
        "hacc_m": 0.014,
        "corrupt": false,
        "position_interpolated": true,
        "captured_at_utc": "2026-06-18T19:43:30.833760+00:00"
      },
      "geometry": {
        "type": "Point",
        "coordinates": [
          -114.00415550149624,
          46.675504492518826
        ]
      }
    },
    {
      "type": "Feature",
      "properties": {
        "file": "leg01_m022_b002_2026-06-18T13-43-31.jpg",
        "leg": "leg01",
        "mark_index": 22,
        "along_track_m": 22.0,
        "achieved_heading": 8.952781206616805,
        "target_bearing": 2.8864991747478257,
        "fix_type": 6,
        "hacc_m": 0.014,
        "corrupt": false,
        "position_interpolated": true,
        "captured_at_utc": "2026-06-18T19:43:31.885157+00:00"
      },
      "geometry": {
        "type": "Point",
        "coordinates": [
          -114.00415490484913,
          46.67551375393322
        ]
      }
    },
    {
      "type": "Feature",
      "properties": {
        "file": "leg01_m023_b002_2026-06-18T13-43-33.jpg",
        "leg": "leg01",
        "mark_index": 23,
        "along_track_m": 23.0,
        "achieved_heading": 8.254357273037499,
        "target_bearing": 2.8864991747478257,
        "fix_type": 6,
        "hacc_m": 0.014,
        "corrupt": false,
        "position_interpolated": true,
        "captured_at_utc": "2026-06-18T19:43:33.001259+00:00"
      },
      "geometry": {
        "type": "Point",
        "coordinates": [
          -114.00415489999999,
          46.675522099999995
        ]
      }
    },
    {
      "type": "Feature",
      "properties": {
        "file": "leg01_m024_b002_2026-06-18T13-43-33.jpg",
        "leg": "leg01",
        "mark_index": 24,
        "along_track_m": 24.0,
        "achieved_heading": 8.587376910949672,
        "target_bearing": 2.8864991747478257,
        "fix_type": 6,
        "hacc_m": 0.014,
        "corrupt": false,
        "position_interpolated": true,
        "captured_at_utc": "2026-06-18T19:43:33.844447+00:00"
      },
      "geometry": {
        "type": "Point",
        "coordinates": [
          -114.0041547747619,
          46.675530470952395
        ]
      }
    },
    {
      "type": "Feature",
      "properties": {
        "file": "leg01_m025_b002_2026-06-18T13-43-35.jpg",
        "leg": "leg01",
        "mark_index": 25,
        "along_track_m": 25.0,
        "achieved_heading": 9.345032773021217,
        "target_bearing": 2.8864991747478257,
        "fix_type": 6,
        "hacc_m": 0.014,
        "corrupt": false,
        "position_interpolated": true,
        "captured_at_utc": "2026-06-18T19:43:35.033635+00:00"
      },
      "geometry": {
        "type": "Point",
        "coordinates": [
          -114.00415406532795,
          46.675540579919314
        ]
      }
    },
    {
      "type": "Feature",
      "properties": {
        "file": "leg01_m026_b002_2026-06-18T13-43-36.jpg",
        "leg": "leg01",
        "mark_index": 26,
        "along_track_m": 26.0,
        "achieved_heading": 10.101989970615193,
        "target_bearing": 2.8864991747478257,
        "fix_type": 6,
        "hacc_m": 0.014,
        "corrupt": false,
        "position_interpolated": true,
        "captured_at_utc": "2026-06-18T19:43:36.081415+00:00"
      },
      "geometry": {
        "type": "Point",
        "coordinates": [
          -114.0041535,
          46.67554933644751
        ]
      }
    },
    {
      "type": "Feature",
      "properties": {
        "file": "leg01_m027_b002_2026-06-18T13-43-37.jpg",
        "leg": "leg01",
        "mark_index": 27,
        "along_track_m": 27.0,
        "achieved_heading": 9.596290191318872,
        "target_bearing": 2.8864991747478257,
        "fix_type": 6,
        "hacc_m": 0.014,
        "corrupt": false,
        "position_interpolated": true,
        "captured_at_utc": "2026-06-18T19:43:37.203371+00:00"
      },
      "geometry": {
        "type": "Point",
        "coordinates": [
          -114.00415299999999,
          46.6755582
        ]
      }
    },
    {
      "type": "Feature",
      "properties": {
        "file": "leg01_m028_b002_2026-06-18T13-43-38.jpg",
        "leg": "leg01",
        "mark_index": 28,
        "along_track_m": 28.0,
        "achieved_heading": 10.511541817616262,
        "target_bearing": 2.8864991747478257,
        "fix_type": 6,
        "hacc_m": 0.014,
        "corrupt": false,
        "position_interpolated": true,
        "captured_at_utc": "2026-06-18T19:43:38.115047+00:00"
      },
      "geometry": {
        "type": "Point",
        "coordinates": [
          -114.0041524,
          46.675566599999996
        ]
      }
    },
    {
      "type": "Feature",
      "properties": {
        "file": "leg01_m029_b002_2026-06-18T13-43-39.jpg",
        "leg": "leg01",
        "mark_index": 29,
        "along_track_m": 29.0,
        "achieved_heading": 10.740527174264116,
        "target_bearing": 2.8864991747478257,
        "fix_type": 6,
        "hacc_m": 0.014,
        "corrupt": false,
        "position_interpolated": true,
        "captured_at_utc": "2026-06-18T19:43:39.234061+00:00"
      },
      "geometry": {
        "type": "Point",
        "coordinates": [
          -114.00415129999999,
          46.67557642094077
        ]
      }
    },
    {
      "type": "Feature",
      "properties": {
        "file": "leg01_m030_b002_2026-06-18T13-43-40.jpg",
        "leg": "leg01",
        "mark_index": 30,
        "along_track_m": 30.0,
        "achieved_heading": 9.342380783179408,
        "target_bearing": 2.8864991747478257,
        "fix_type": 6,
        "hacc_m": 0.014,
        "corrupt": false,
        "position_interpolated": true,
        "captured_at_utc": "2026-06-18T19:43:40.285442+00:00"
      },
      "geometry": {
        "type": "Point",
        "coordinates": [
          -114.00415040384628,
          46.67558563076687
        ]
      }
    },
    {
      "type": "Feature",
      "properties": {
        "file": "leg01_m031_b002_2026-06-18T13-43-41.jpg",
        "leg": "leg01",
        "mark_index": 31,
        "along_track_m": 31.0,
        "achieved_heading": 9.438655733316637,
        "target_bearing": 2.8864991747478257,
        "fix_type": 6,
        "hacc_m": 0.014,
        "corrupt": false,
        "position_interpolated": true,
        "captured_at_utc": "2026-06-18T19:43:41.332543+00:00"
      },
      "geometry": {
        "type": "Point",
        "coordinates": [
          -114.0041499,
          46.675594
        ]
      }
    },
    {
      "type": "Feature",
      "properties": {
        "file": "leg01_m032_b002_2026-06-18T13-43-42.jpg",
        "leg": "leg01",
        "mark_index": 32,
        "along_track_m": 32.0,
        "achieved_heading": 7.849372696044043,
        "target_bearing": 2.8864991747478257,
        "fix_type": 6,
        "hacc_m": 0.014,
        "corrupt": false,
        "position_interpolated": true,
        "captured_at_utc": "2026-06-18T19:43:42.243318+00:00"
      },
      "geometry": {
        "type": "Point",
        "coordinates": [
          -114.0041495842153,
          46.675602222779965
        ]
      }
    },
    {
      "type": "Feature",
      "properties": {
        "file": "leg01_m033_b002_2026-06-18T13-43-43.jpg",
        "leg": "leg01",
        "mark_index": 33,
        "along_track_m": 33.0,
        "achieved_heading": 9.466189674225916,
        "target_bearing": 2.8864991747478257,
        "fix_type": 6,
        "hacc_m": 0.014,
        "corrupt": false,
        "position_interpolated": true,
        "captured_at_utc": "2026-06-18T19:43:43.434511+00:00"
      },
      "geometry": {
        "type": "Point",
        "coordinates": [
          -114.0041494295419,
          46.67561232732951
        ]
      }
    },
    {
      "type": "Feature",
      "properties": {
        "file": "leg01_m034_b002_2026-06-18T13-43-44.jpg",
        "leg": "leg01",
        "mark_index": 34,
        "along_track_m": 34.0,
        "achieved_heading": 10.915219236849396,
        "target_bearing": 2.8864991747478257,
        "fix_type": 6,
        "hacc_m": 0.014,
        "corrupt": false,
        "position_interpolated": true,
        "captured_at_utc": "2026-06-18T19:43:44.558102+00:00"
      },
      "geometry": {
        "type": "Point",
        "coordinates": [
          -114.0041485,
          46.6756214
        ]
      }
    },
    {
      "type": "Feature",
      "properties": {
        "file": "leg01_m035_b002_2026-06-18T13-43-45.jpg",
        "leg": "leg01",
        "mark_index": 35,
        "along_track_m": 35.0,
        "achieved_heading": 9.008424627475165,
        "target_bearing": 2.8864991747478257,
        "fix_type": 6,
        "hacc_m": 0.014,
        "corrupt": false,
        "position_interpolated": true,
        "captured_at_utc": "2026-06-18T19:43:45.460179+00:00"
      },
      "geometry": {
        "type": "Point",
        "coordinates": [
          -114.00414801767482,
          46.675629417202906
        ]
      }
    },
    {
      "type": "Feature",
      "properties": {
        "file": "leg01_m036_b002_2026-06-18T13-43-46.jpg",
        "leg": "leg01",
        "mark_index": 36,
        "along_track_m": 36.0,
        "achieved_heading": 10.829914686838208,
        "target_bearing": 2.8864991747478257,
        "fix_type": 6,
        "hacc_m": 0.014,
        "corrupt": false,
        "position_interpolated": true,
        "captured_at_utc": "2026-06-18T19:43:46.654347+00:00"
      },
      "geometry": {
        "type": "Point",
        "coordinates": [
          -114.00414691206336,
          46.67563969657191
        ]
      }
    },
    {
      "type": "Feature",
      "properties": {
        "file": "leg01_m037_b002_2026-06-18T13-43-47.jpg",
        "leg": "leg01",
        "mark_index": 37,
        "along_track_m": 37.0,
        "achieved_heading": 9.069995614565244,
        "target_bearing": 2.8864991747478257,
        "fix_type": 6,
        "hacc_m": 0.014,
        "corrupt": false,
        "position_interpolated": true,
        "captured_at_utc": "2026-06-18T19:43:47.631416+00:00"
      },
      "geometry": {
        "type": "Point",
        "coordinates": [
          -114.0041459966261,
          46.67564805245214
        ]
      }
    },
    {
      "type": "Feature",
      "properties": {
        "file": "leg01_m038_b002_2026-06-18T13-43-48.jpg",
        "leg": "leg01",
        "mark_index": 38,
        "along_track_m": 38.0,
        "achieved_heading": 7.3046921887131475,
        "target_bearing": 2.8864991747478257,
        "fix_type": 6,
        "hacc_m": 0.014,
        "corrupt": false,
        "position_interpolated": true,
        "captured_at_utc": "2026-06-18T19:43:48.739247+00:00"
      },
      "geometry": {
        "type": "Point",
        "coordinates": [
          -114.0041457,
          46.675657
        ]
      }
    },
    {
      "type": "Feature",
      "properties": {
        "file": "leg01_m039_b002_2026-06-18T13-43-49.jpg",
        "leg": "leg01",
        "mark_index": 39,
        "along_track_m": 39.0,
        "achieved_heading": 8.766426294991732,
        "target_bearing": 2.8864991747478257,
        "fix_type": 6,
        "hacc_m": 0.014,
        "corrupt": false,
        "position_interpolated": true,
        "captured_at_utc": "2026-06-18T19:43:49.719218+00:00"
      },
      "geometry": {
        "type": "Point",
        "coordinates": [
          -114.004145,
          46.6756658
        ]
      }
    },
    {
      "type": "Feature",
      "properties": {
        "file": "leg01_m040_b002_2026-06-18T13-43-50.jpg",
        "leg": "leg01",
        "mark_index": 40,
        "along_track_m": 40.0,
        "achieved_heading": 10.51562295964527,
        "target_bearing": 2.8864991747478257,
        "fix_type": 6,
        "hacc_m": 0.014,
        "corrupt": false,
        "position_interpolated": true,
        "captured_at_utc": "2026-06-18T19:43:50.703759+00:00"
      },
      "geometry": {
        "type": "Point",
        "coordinates": [
          -114.00414409999999,
          46.67567456971728
        ]
      }
    },
    {
      "type": "Feature",
      "properties": {
        "file": "leg01_m041_b002_2026-06-18T13-43-51.jpg",
        "leg": "leg01",
        "mark_index": 41,
        "along_track_m": 41.0,
        "achieved_heading": 7.403712203737541,
        "target_bearing": 2.8864991747478257,
        "fix_type": 6,
        "hacc_m": 0.014,
        "corrupt": false,
        "position_interpolated": true,
        "captured_at_utc": "2026-06-18T19:43:51.897088+00:00"
      },
      "geometry": {
        "type": "Point",
        "coordinates": [
          -114.0041431,
          46.6756847
        ]
      }
    },
    {
      "type": "Feature",
      "properties": {
        "file": "leg01_m042_b002_2026-06-18T13-43-52.jpg",
        "leg": "leg01",
        "mark_index": 42,
        "along_track_m": 42.0,
        "achieved_heading": 6.415129473910554,
        "target_bearing": 2.8864991747478257,
        "fix_type": 6,
        "hacc_m": 0.014,
        "corrupt": false,
        "position_interpolated": true,
        "captured_at_utc": "2026-06-18T19:43:52.885131+00:00"
      },
      "geometry": {
        "type": "Point",
        "coordinates": [
          -114.00414269397858,
          46.67569318559323
        ]
      }
    },
    {
      "type": "Feature",
      "properties": {
        "file": "leg01_m043_b002_2026-06-18T13-43-53.jpg",
        "leg": "leg01",
        "mark_index": 43,
        "along_track_m": 43.0,
        "achieved_heading": 8.139891852802805,
        "target_bearing": 2.8864991747478257,
        "fix_type": 6,
        "hacc_m": 0.014,
        "corrupt": false,
        "position_interpolated": true,
        "captured_at_utc": "2026-06-18T19:43:53.873520+00:00"
      },
      "geometry": {
        "type": "Point",
        "coordinates": [
          -114.00414220978192,
          46.67570184348918
        ]
      }
    },
    {
      "type": "Feature",
      "properties": {
        "file": "leg01_m044_b002_2026-06-18T13-43-54.jpg",
        "leg": "leg01",
        "mark_index": 44,
        "along_track_m": 44.0,
        "achieved_heading": 8.400820699732037,
        "target_bearing": 2.8864991747478257,
        "fix_type": 6,
        "hacc_m": 0.014,
        "corrupt": false,
        "position_interpolated": true,
        "captured_at_utc": "2026-06-18T19:43:54.985783+00:00"
      },
      "geometry": {
        "type": "Point",
        "coordinates": [
          -114.0041418,
          46.6757103
        ]
      }
    },
    {
      "type": "Feature",
      "properties": {
        "file": "leg01_m045_b002_2026-06-18T13-43-56.jpg",
        "leg": "leg01",
        "mark_index": 45,
        "along_track_m": 45.0,
        "achieved_heading": 8.780179575722627,
        "target_bearing": 2.8864991747478257,
        "fix_type": 6,
        "hacc_m": 0.014,
        "corrupt": false,
        "position_interpolated": true,
        "captured_at_utc": "2026-06-18T19:43:56.040699+00:00"
      },
      "geometry": {
        "type": "Point",
        "coordinates": [
          -114.00414153250777,
          46.67572024736768
        ]
      }
    },
    {
      "type": "Feature",
      "properties": {
        "file": "leg01_m046_b002_2026-06-18T13-43-57.jpg",
        "leg": "leg01",
        "mark_index": 46,
        "along_track_m": 46.0,
        "achieved_heading": 8.893847814812261,
        "target_bearing": 2.8864991747478257,
        "fix_type": 6,
        "hacc_m": 0.014,
        "corrupt": false,
        "position_interpolated": true,
        "captured_at_utc": "2026-06-18T19:43:57.073250+00:00"
      },
      "geometry": {
        "type": "Point",
        "coordinates": [
          -114.00414081242518,
          46.67572890119717
        ]
      }
    },
    {
      "type": "Feature",
      "properties": {
        "file": "leg01_m047_b002_2026-06-18T13-43-58.jpg",
        "leg": "leg01",
        "mark_index": 47,
        "along_track_m": 47.0,
        "achieved_heading": 8.759156403061922,
        "target_bearing": 2.8864991747478257,
        "fix_type": 6,
        "hacc_m": 0.014,
        "corrupt": false,
        "position_interpolated": true,
        "captured_at_utc": "2026-06-18T19:43:58.118458+00:00"
      },
      "geometry": {
        "type": "Point",
        "coordinates": [
          -114.00413999999999,
          46.6757378
        ]
      }
    },
    {
      "type": "Feature",
      "properties": {
        "file": "leg01_m048_b002_2026-06-18T13-43-59.jpg",
        "leg": "leg01",
        "mark_index": 48,
        "along_track_m": 48.0,
        "achieved_heading": 8.135389594671608,
        "target_bearing": 2.8864991747478257,
        "fix_type": 6,
        "hacc_m": 0.014,
        "corrupt": false,
        "position_interpolated": true,
        "captured_at_utc": "2026-06-18T19:43:59.170087+00:00"
      },
      "geometry": {
        "type": "Point",
        "coordinates": [
          -114.0041394,
          46.6757467
        ]
      }
    },
    {
      "type": "Feature",
      "properties": {
        "file": "leg01_m049_b002_2026-06-18T13-44-00.jpg",
        "leg": "leg01",
        "mark_index": 49,
        "along_track_m": 49.0,
        "achieved_heading": 8.195424686333013,
        "target_bearing": 2.8864991747478257,
        "fix_type": 6,
        "hacc_m": 0.014,
        "corrupt": false,
        "position_interpolated": true,
        "captured_at_utc": "2026-06-18T19:44:00.150064+00:00"
      },
      "geometry": {
        "type": "Point",
        "coordinates": [
          -114.0041387,
          46.6757554
        ]
      }
    },
    {
      "type": "Feature",
      "properties": {
        "file": "leg01_m050_b002_2026-06-18T13-44-01.jpg",
        "leg": "leg01",
        "mark_index": 50,
        "along_track_m": 50.0,
        "achieved_heading": 8.627842477445427,
        "target_bearing": 2.8864991747478257,
        "fix_type": 6,
        "hacc_m": 0.014,
        "corrupt": false,
        "position_interpolated": true,
        "captured_at_utc": "2026-06-18T19:44:01.268890+00:00"
      },
      "geometry": {
        "type": "Point",
        "coordinates": [
          -114.00413785796036,
          46.67576525366848
        ]
      }
    },
    {
      "type": "Feature",
      "properties": {
        "file": "leg01_m051_b002_2026-06-18T13-44-02.jpg",
        "leg": "leg01",
        "mark_index": 51,
        "along_track_m": 51.0,
        "achieved_heading": 7.121258051306199,
        "target_bearing": 2.8864991747478257,
        "fix_type": 6,
        "hacc_m": 0.014,
        "corrupt": false,
        "position_interpolated": true,
        "captured_at_utc": "2026-06-18T19:44:02.252807+00:00"
      },
      "geometry": {
        "type": "Point",
        "coordinates": [
          -114.00413730850858,
          46.67577368766739
        ]
      }
    },
    {
      "type": "Feature",
      "properties": {
        "file": "leg01_m052_b002_2026-06-18T13-44-03.jpg",
        "leg": "leg01",
        "mark_index": 52,
        "along_track_m": 52.0,
        "achieved_heading": 9.026011595359137,
        "target_bearing": 2.8864991747478257,
        "fix_type": 6,
        "hacc_m": 0.014,
        "corrupt": false,
        "position_interpolated": true,
        "captured_at_utc": "2026-06-18T19:44:03.298375+00:00"
      },
      "geometry": {
        "type": "Point",
        "coordinates": [
          -114.00413669999999,
          46.6757825
        ]
      }
    },
    {
      "type": "Feature",
      "properties": {
        "file": "leg01_m053_b002_2026-06-18T13-44-04.jpg",
        "leg": "leg01",
        "mark_index": 53,
        "along_track_m": 53.0,
        "achieved_heading": 9.564353737283454,
        "target_bearing": 2.8864991747478257,
        "fix_type": 6,
        "hacc_m": 0.014,
        "corrupt": false,
        "position_interpolated": true,
        "captured_at_utc": "2026-06-18T19:44:04.445857+00:00"
      },
      "geometry": {
        "type": "Point",
        "coordinates": [
          -114.004135692159,
          46.675792031364
        ]
      }
    },
    {
      "type": "Feature",
      "properties": {
        "file": "leg01_m054_b002_2026-06-18T13-44-05.jpg",
        "leg": "leg01",
        "mark_index": 54,
        "along_track_m": 54.0,
        "achieved_heading": 6.388261333499486,
        "target_bearing": 2.8864991747478257,
        "fix_type": 6,
        "hacc_m": 0.014,
        "corrupt": false,
        "position_interpolated": true,
        "captured_at_utc": "2026-06-18T19:44:05.423943+00:00"
      },
      "geometry": {
        "type": "Point",
        "coordinates": [
          -114.00413476850123,
          46.67580005199012
        ]
      }
    },
    {
      "type": "Feature",
      "properties": {
        "file": "leg01_m055_b002_2026-06-18T13-44-06.jpg",
        "leg": "leg01",
        "mark_index": 55,
        "along_track_m": 55.0,
        "achieved_heading": 5.413636455092387,
        "target_bearing": 2.8864991747478257,
        "fix_type": 6,
        "hacc_m": 0.014,
        "corrupt": false,
        "position_interpolated": true,
        "captured_at_utc": "2026-06-18T19:44:06.615660+00:00"
      },
      "geometry": {
        "type": "Point",
        "coordinates": [
          -114.00413449999999,
          46.6758093
        ]
      }
    },
    {
      "type": "Feature",
      "properties": {
        "file": "leg01_m056_b002_2026-06-18T13-44-07.jpg",
        "leg": "leg01",
        "mark_index": 56,
        "along_track_m": 56.0,
        "achieved_heading": 5.365226903313555,
        "target_bearing": 2.8864991747478257,
        "fix_type": 6,
        "hacc_m": 0.014,
        "corrupt": false,
        "position_interpolated": true,
        "captured_at_utc": "2026-06-18T19:44:07.590245+00:00"
      },
      "geometry": {
        "type": "Point",
        "coordinates": [
          -114.00413419864826,
          46.6758187614898
        ]
      }
    },
    {
      "type": "Feature",
      "properties": {
        "file": "leg01_m057_b002_2026-06-18T13-44-08.jpg",
        "leg": "leg01",
        "mark_index": 57,
        "along_track_m": 57.0,
        "achieved_heading": 7.624679036009866,
        "target_bearing": 2.8864991747478257,
        "fix_type": 6,
        "hacc_m": 0.014,
        "corrupt": false,
        "position_interpolated": true,
        "captured_at_utc": "2026-06-18T19:44:08.706916+00:00"
      },
      "geometry": {
        "type": "Point",
        "coordinates": [
          -114.00413379999999,
          46.6758278
        ]
      }
    },
    {
      "type": "Feature",
      "properties": {
        "file": "leg01_m058_b002_2026-06-18T13-44-09.jpg",
        "leg": "leg01",
        "mark_index": 58,
        "along_track_m": 58.0,
        "achieved_heading": 9.78000937135107,
        "target_bearing": 2.8864991747478257,
        "fix_type": 6,
        "hacc_m": 0.014,
        "corrupt": false,
        "position_interpolated": true,
        "captured_at_utc": "2026-06-18T19:44:09.691430+00:00"
      },
      "geometry": {
        "type": "Point",
        "coordinates": [
          -114.00413309999999,
          46.6758362
        ]
      }
    },
    {
      "type": "Feature",
      "properties": {
        "file": "leg01_m059_b002_2026-06-18T13-44-10.jpg",
        "leg": "leg01",
        "mark_index": 59,
        "along_track_m": 59.0,
        "achieved_heading": 7.801991418483794,
        "target_bearing": 2.8864991747478257,
        "fix_type": 6,
        "hacc_m": 0.014,
        "corrupt": false,
        "position_interpolated": true,
        "captured_at_utc": "2026-06-18T19:44:10.816672+00:00"
      },
      "geometry": {
        "type": "Point",
        "coordinates": [
          -114.00413157532259,
          46.675846059758
        ]
      }
    },
    {
      "type": "Feature",
      "properties": {
        "file": "leg01_m060_b002_2026-06-18T13-44-11.jpg",
        "leg": "leg01",
        "mark_index": 60,
        "along_track_m": 60.0,
        "achieved_heading": 5.806173025123542,
        "target_bearing": 2.8864991747478257,
        "fix_type": 6,
        "hacc_m": 0.014,
        "corrupt": false,
        "position_interpolated": true,
        "captured_at_utc": "2026-06-18T19:44:11.869017+00:00"
      },
      "geometry": {
        "type": "Point",
        "coordinates": [
          -114.004131,
          46.67585480376133
        ]
      }
    },
    {
      "type": "Feature",
      "properties": {
        "file": "leg01_m061_b002_2026-06-18T13-44-12.jpg",
        "leg": "leg01",
        "mark_index": 61,
        "along_track_m": 61.0,
        "achieved_heading": 5.653076925374819,
        "target_bearing": 2.8864991747478257,
        "fix_type": 6,
        "hacc_m": 0.014,
        "corrupt": false,
        "position_interpolated": true,
        "captured_at_utc": "2026-06-18T19:44:12.971626+00:00"
      },
      "geometry": {
        "type": "Point",
        "coordinates": [
          -114.0041303,
          46.6758636
        ]
      }
    },
    {
      "type": "Feature",
      "properties": {
        "file": "leg01_m062_b002_2026-06-18T13-44-13.jpg",
        "leg": "leg01",
        "mark_index": 62,
        "along_track_m": 62.0,
        "achieved_heading": 7.452238173051796,
        "target_bearing": 2.8864991747478257,
        "fix_type": 6,
        "hacc_m": 0.014,
        "corrupt": false,
        "position_interpolated": true,
        "captured_at_utc": "2026-06-18T19:44:13.894916+00:00"
      },
      "geometry": {
        "type": "Point",
        "coordinates": [
          -114.0041299,
          46.675872299999995
        ]
      }
    },
    {
      "type": "Feature",
      "properties": {
        "file": "leg01_m063_b002_2026-06-18T13-44-15.jpg",
        "leg": "leg01",
        "mark_index": 63,
        "along_track_m": 63.0,
        "achieved_heading": 7.242909259857242,
        "target_bearing": 2.8864991747478257,
        "fix_type": 6,
        "hacc_m": 0.014,
        "corrupt": false,
        "position_interpolated": true,
        "captured_at_utc": "2026-06-18T19:44:15.080072+00:00"
      },
      "geometry": {
        "type": "Point",
        "coordinates": [
          -114.00412919254771,
          46.67588227331102
        ]
      }
    },
    {
      "type": "Feature",
      "properties": {
        "file": "leg01_m064_b002_2026-06-18T13-44-16.jpg",
        "leg": "leg01",
        "mark_index": 64,
        "along_track_m": 64.0,
        "achieved_heading": 7.220564947714706,
        "target_bearing": 2.8864991747478257,
        "fix_type": 6,
        "hacc_m": 0.014,
        "corrupt": false,
        "position_interpolated": true,
        "captured_at_utc": "2026-06-18T19:44:16.067422+00:00"
      },
      "geometry": {
        "type": "Point",
        "coordinates": [
          -114.00412841794167,
          46.675890577049906
        ]
      }
    },
    {
      "type": "Feature",
      "properties": {
        "file": "leg01_m065_b002_2026-06-18T13-44-17.jpg",
        "leg": "leg01",
        "mark_index": 65,
        "along_track_m": 65.0,
        "achieved_heading": 6.567755735736171,
        "target_bearing": 2.8864991747478257,
        "fix_type": 6,
        "hacc_m": 0.014,
        "corrupt": false,
        "position_interpolated": true,
        "captured_at_utc": "2026-06-18T19:44:17.109925+00:00"
      },
      "geometry": {
        "type": "Point",
        "coordinates": [
          -114.0041279,
          46.6758996
        ]
      }
    },
    {
      "type": "Feature",
      "properties": {
        "file": "leg01_m066_b002_2026-06-18T13-44-18.jpg",
        "leg": "leg01",
        "mark_index": 66,
        "along_track_m": 66.0,
        "achieved_heading": 6.537429406891647,
        "target_bearing": 2.8864991747478257,
        "fix_type": 6,
        "hacc_m": 0.014,
        "corrupt": false,
        "position_interpolated": true,
        "captured_at_utc": "2026-06-18T19:44:18.231561+00:00"
      },
      "geometry": {
        "type": "Point",
        "coordinates": [
          -114.00412709999999,
          46.675909010428626
        ]
      }
    },
    {
      "type": "Feature",
      "properties": {
        "file": "leg01_m067_b002_2026-06-18T13-44-19.jpg",
        "leg": "leg01",
        "mark_index": 67,
        "along_track_m": 67.0,
        "achieved_heading": 6.8157421678639025,
        "target_bearing": 2.8864991747478257,
        "fix_type": 6,
        "hacc_m": 0.014,
        "corrupt": false,
        "position_interpolated": true,
        "captured_at_utc": "2026-06-18T19:44:19.271324+00:00"
      },
      "geometry": {
        "type": "Point",
        "coordinates": [
          -114.00412639999999,
          46.67591788869432
        ]
      }
    },
    {
      "type": "Feature",
      "properties": {
        "file": "leg01_m068_b002_2026-06-18T13-44-20.jpg",
        "leg": "leg01",
        "mark_index": 68,
        "along_track_m": 68.0,
        "achieved_heading": 7.734579378958131,
        "target_bearing": 2.8864991747478257,
        "fix_type": 6,
        "hacc_m": 0.014,
        "corrupt": false,
        "position_interpolated": true,
        "captured_at_utc": "2026-06-18T19:44:20.245577+00:00"
      },
      "geometry": {
        "type": "Point",
        "coordinates": [
          -114.00412577545063,
          46.67592612274679
        ]
      }
    },
    {
      "type": "Feature",
      "properties": {
        "file": "leg01_m069_b002_2026-06-18T13-44-21.jpg",
        "leg": "leg01",
        "mark_index": 69,
        "along_track_m": 69.0,
        "achieved_heading": 6.8771224542394975,
        "target_bearing": 2.8864991747478257,
        "fix_type": 6,
        "hacc_m": 0.014,
        "corrupt": false,
        "position_interpolated": true,
        "captured_at_utc": "2026-06-18T19:44:21.368878+00:00"
      },
      "geometry": {
        "type": "Point",
        "coordinates": [
          -114.00412469999999,
          46.6759351
        ]
      }
    },
    {
      "type": "Feature",
      "properties": {
        "file": "leg01_m070_b002_2026-06-18T13-44-22.jpg",
        "leg": "leg01",
        "mark_index": 70,
        "along_track_m": 70.0,
        "achieved_heading": 5.924319349754796,
        "target_bearing": 2.8864991747478257,
        "fix_type": 6,
        "hacc_m": 0.014,
        "corrupt": false,
        "position_interpolated": true,
        "captured_at_utc": "2026-06-18T19:44:22.343302+00:00"
      },
      "geometry": {
        "type": "Point",
        "coordinates": [
          -114.0041241,
          46.6759439
        ]
      }
    },
    {
      "type": "Feature",
      "properties": {
        "file": "leg01_m071_b002_2026-06-18T13-44-23.jpg",
        "leg": "leg01",
        "mark_index": 71,
        "along_track_m": 71.0,
        "achieved_heading": 5.105573524573572,
        "target_bearing": 2.8864991747478257,
        "fix_type": 6,
        "hacc_m": 0.014,
        "corrupt": false,
        "position_interpolated": true,
        "captured_at_utc": "2026-06-18T19:44:23.462980+00:00"
      },
      "geometry": {
        "type": "Point",
        "coordinates": [
          -114.00412362751321,
          46.675953579894276
        ]
      }
    },
    {
      "type": "Feature",
      "properties": {
        "file": "leg01_m072_b002_2026-06-18T13-44-24.jpg",
        "leg": "leg01",
        "mark_index": 72,
        "along_track_m": 72.0,
        "achieved_heading": 6.44435272826172,
        "target_bearing": 2.8864991747478257,
        "fix_type": 6,
        "hacc_m": 0.014,
        "corrupt": false,
        "position_interpolated": true,
        "captured_at_utc": "2026-06-18T19:44:24.522882+00:00"
      },
      "geometry": {
        "type": "Point",
        "coordinates": [
          -114.0041232,
          46.6759627
        ]
      }
    },
    {
      "type": "Feature",
      "properties": {
        "file": "leg01_m073_b002_2026-06-18T13-44-25.jpg",
        "leg": "leg01",
        "mark_index": 73,
        "along_track_m": 73.0,
        "achieved_heading": 6.353810221550987,
        "target_bearing": 2.8864991747478257,
        "fix_type": 6,
        "hacc_m": 0.014,
        "corrupt": false,
        "position_interpolated": true,
        "captured_at_utc": "2026-06-18T19:44:25.502276+00:00"
      },
      "geometry": {
        "type": "Point",
        "coordinates": [
          -114.0041225,
          46.675971
        ]
      }
    },
    {
      "type": "Feature",
      "properties": {
        "file": "leg01_m074_b002_2026-06-18T13-44-26.jpg",
        "leg": "leg01",
        "mark_index": 74,
        "along_track_m": 74.0,
        "achieved_heading": 5.491388334351427,
        "target_bearing": 2.8864991747478257,
        "fix_type": 6,
        "hacc_m": 0.014,
        "corrupt": false,
        "position_interpolated": true,
        "captured_at_utc": "2026-06-18T19:44:26.550375+00:00"
      },
      "geometry": {
        "type": "Point",
        "coordinates": [
          -114.00412172860331,
          46.675980028380145
        ]
      }
    },
    {
      "type": "Feature",
      "properties": {
        "file": "leg01_m075_b002_2026-06-18T13-44-27.jpg",
        "leg": "leg01",
        "mark_index": 75,
        "along_track_m": 75.0,
        "achieved_heading": 5.078729361011142,
        "target_bearing": 2.8864991747478257,
        "fix_type": 6,
        "hacc_m": 0.014,
        "corrupt": false,
        "position_interpolated": true,
        "captured_at_utc": "2026-06-18T19:44:27.599498+00:00"
      },
      "geometry": {
        "type": "Point",
        "coordinates": [
          -114.00412093388755,
          46.67598945204552
        ]
      }
    },
    {
      "type": "Feature",
      "properties": {
        "file": "leg01_m076_b002_2026-06-18T13-44-28.jpg",
        "leg": "leg01",
        "mark_index": 76,
        "along_track_m": 76.0,
        "achieved_heading": 4.94287868928717,
        "target_bearing": 2.8864991747478257,
        "fix_type": 6,
        "hacc_m": 0.014,
        "corrupt": false,
        "position_interpolated": true,
        "captured_at_utc": "2026-06-18T19:44:28.738167+00:00"
      },
      "geometry": {
        "type": "Point",
        "coordinates": [
          -114.0041208,
          46.675998899999996
        ]
      }
    },
    {
      "type": "Feature",
      "properties": {
        "file": "leg01_m077_b002_2026-06-18T13-44-29.jpg",
        "leg": "leg01",
        "mark_index": 77,
        "along_track_m": 77.0,
        "achieved_heading": 6.936387141447085,
        "target_bearing": 2.8864991747478257,
        "fix_type": 6,
        "hacc_m": 0.014,
        "corrupt": false,
        "position_interpolated": true,
        "captured_at_utc": "2026-06-18T19:44:29.643165+00:00"
      },
      "geometry": {
        "type": "Point",
        "coordinates": [
          -114.00412039999999,
          46.6760070419548
        ]
      }
    },
    {
      "type": "Feature",
      "properties": {
        "file": "leg01_m078_b002_2026-06-18T13-44-30.jpg",
        "leg": "leg01",
        "mark_index": 78,
        "along_track_m": 78.0,
        "achieved_heading": 8.438707371094381,
        "target_bearing": 2.8864991747478257,
        "fix_type": 6,
        "hacc_m": 0.014,
        "corrupt": false,
        "position_interpolated": true,
        "captured_at_utc": "2026-06-18T19:44:30.697822+00:00"
      },
      "geometry": {
        "type": "Point",
        "coordinates": [
          -114.00411950319098,
          46.67601613937142
        ]
      }
    },
    {
      "type": "Feature",
      "properties": {
        "file": "leg01_m079_b002_2026-06-18T13-44-31.jpg",
        "leg": "leg01",
        "mark_index": 79,
        "along_track_m": 79.0,
        "achieved_heading": 7.4734016957712015,
        "target_bearing": 2.8864991747478257,
        "fix_type": 6,
        "hacc_m": 0.014,
        "corrupt": false,
        "position_interpolated": true,
        "captured_at_utc": "2026-06-18T19:44:31.746828+00:00"
      },
      "geometry": {
        "type": "Point",
        "coordinates": [
          -114.0041181,
          46.6760247
        ]
      }
    },
    {
      "type": "Feature",
      "properties": {
        "file": "leg01_m080_b002_2026-06-18T13-44-32.jpg",
        "leg": "leg01",
        "mark_index": 80,
        "along_track_m": 80.0,
        "achieved_heading": 5.064506221448028,
        "target_bearing": 2.8864991747478257,
        "fix_type": 6,
        "hacc_m": 0.014,
        "corrupt": false,
        "position_interpolated": true,
        "captured_at_utc": "2026-06-18T19:44:32.867161+00:00"
      },
      "geometry": {
        "type": "Point",
        "coordinates": [
          -114.00411729999999,
          46.67603481130115
        ]
      }
    },
    {
      "type": "Feature",
      "properties": {
        "file": "leg01_m081_b002_2026-06-18T13-44-33.jpg",
        "leg": "leg01",
        "mark_index": 81,
        "along_track_m": 81.0,
        "achieved_heading": 5.8040231751804185,
        "target_bearing": 2.8864991747478257,
        "fix_type": 6,
        "hacc_m": 0.014,
        "corrupt": false,
        "position_interpolated": true,
        "captured_at_utc": "2026-06-18T19:44:33.827442+00:00"
      },
      "geometry": {
        "type": "Point",
        "coordinates": [
          -114.00411706974354,
          46.67604322512739
        ]
      }
    },
    {
      "type": "Feature",
      "properties": {
        "file": "leg01_m082_b002_2026-06-18T13-44-34.jpg",
        "leg": "leg01",
        "mark_index": 82,
        "along_track_m": 82.0,
        "achieved_heading": 6.938175487968749,
        "target_bearing": 2.8864991747478257,
        "fix_type": 6,
        "hacc_m": 0.014,
        "corrupt": false,
        "position_interpolated": true,
        "captured_at_utc": "2026-06-18T19:44:34.879350+00:00"
      },
      "geometry": {
        "type": "Point",
        "coordinates": [
          -114.00411660595077,
          46.67605217024611
        ]
      }
    },
    {
      "type": "Feature",
      "properties": {
        "file": "leg01_m083_b002_2026-06-18T13-44-35.jpg",
        "leg": "leg01",
        "mark_index": 83,
        "along_track_m": 83.0,
        "achieved_heading": 8.478983882697435,
        "target_bearing": 2.8864991747478257,
        "fix_type": 6,
        "hacc_m": 0.014,
        "corrupt": false,
        "position_interpolated": true,
        "captured_at_utc": "2026-06-18T19:44:35.855993+00:00"
      },
      "geometry": {
        "type": "Point",
        "coordinates": [
          -114.00411588510403,
          46.67606051064628
        ]
      }
    },
    {
      "type": "Feature",
      "properties": {
        "file": "leg01_m084_b002_2026-06-18T13-44-37.jpg",
        "leg": "leg01",
        "mark_index": 84,
        "along_track_m": 84.0,
        "achieved_heading": 6.340749080531907,
        "target_bearing": 2.8864991747478257,
        "fix_type": 6,
        "hacc_m": 0.014,
        "corrupt": false,
        "position_interpolated": true,
        "captured_at_utc": "2026-06-18T19:44:36.979240+00:00"
      },
      "geometry": {
        "type": "Point",
        "coordinates": [
          -114.00411469999999,
          46.6760697
        ]
      }
    },
    {
      "type": "Feature",
      "properties": {
        "file": "leg01_m085_b002_2026-06-18T13-44-38.jpg",
        "leg": "leg01",
        "mark_index": 85,
        "along_track_m": 85.0,
        "achieved_heading": 4.5900913779210555,
        "target_bearing": 2.8864991747478257,
        "fix_type": 6,
        "hacc_m": 0.014,
        "corrupt": false,
        "position_interpolated": true,
        "captured_at_utc": "2026-06-18T19:44:38.099626+00:00"
      },
      "geometry": {
        "type": "Point",
        "coordinates": [
          -114.00411420391997,
          46.67607958040013
        ]
      }
    },
    {
      "type": "Feature",
      "properties": {
        "file": "leg01_m086_b002_2026-06-18T13-44-39.jpg",
        "leg": "leg01",
        "mark_index": 86,
        "along_track_m": 86.0,
        "achieved_heading": 5.185060435642413,
        "target_bearing": 2.8864991747478257,
        "fix_type": 6,
        "hacc_m": 0.014,
        "corrupt": false,
        "position_interpolated": true,
        "captured_at_utc": "2026-06-18T19:44:39.146501+00:00"
      },
      "geometry": {
        "type": "Point",
        "coordinates": [
          -114.0041139,
          46.676088299999996
        ]
      }
    },
    {
      "type": "Feature",
      "properties": {
        "file": "leg01_m087_b002_2026-06-18T13-44-40.jpg",
        "leg": "leg01",
        "mark_index": 87,
        "along_track_m": 87.0,
        "achieved_heading": 5.500103797982774,
        "target_bearing": 2.8864991747478257,
        "fix_type": 6,
        "hacc_m": 0.014,
        "corrupt": false,
        "position_interpolated": true,
        "captured_at_utc": "2026-06-18T19:44:40.262256+00:00"
      },
      "geometry": {
        "type": "Point",
        "coordinates": [
          -114.00411305142315,
          46.67609779430738
        ]
      }
    },
    {
      "type": "Feature",
      "properties": {
        "file": "leg01_m088_b002_2026-06-18T13-44-41.jpg",
        "leg": "leg01",
        "mark_index": 88,
        "along_track_m": 88.0,
        "achieved_heading": 4.849123259526209,
        "target_bearing": 2.8864991747478257,
        "fix_type": 6,
        "hacc_m": 0.014,
        "corrupt": false,
        "position_interpolated": true,
        "captured_at_utc": "2026-06-18T19:44:41.250999+00:00"
      },
      "geometry": {
        "type": "Point",
        "coordinates": [
          -114.00411284100826,
          46.67610633092557
        ]
      }
    },
    {
      "type": "Feature",
      "properties": {
        "file": "leg01_m089_b002_2026-06-18T13-44-42.jpg",
        "leg": "leg01",
        "mark_index": 89,
        "along_track_m": 89.0,
        "achieved_heading": 5.548478727596489,
        "target_bearing": 2.8864991747478257,
        "fix_type": 6,
        "hacc_m": 0.014,
        "corrupt": false,
        "position_interpolated": true,
        "captured_at_utc": "2026-06-18T19:44:42.299332+00:00"
      },
      "geometry": {
        "type": "Point",
        "coordinates": [
          -114.00411199999999,
          46.6761151
        ]
      }
    },
    {
      "type": "Feature",
      "properties": {
        "file": "leg01_m090_b002_2026-06-18T13-44-43.jpg",
        "leg": "leg01",
        "mark_index": 90,
        "along_track_m": 90.0,
        "achieved_heading": 4.283985252161699,
        "target_bearing": 2.8864991747478257,
        "fix_type": 6,
        "hacc_m": 0.014,
        "corrupt": false,
        "position_interpolated": true,
        "captured_at_utc": "2026-06-18T19:44:43.346986+00:00"
      },
      "geometry": {
        "type": "Point",
        "coordinates": [
          -114.0041117,
          46.6761236
        ]
      }
    },
    {
      "type": "Feature",
      "properties": {
        "file": "leg01_m091_b002_2026-06-18T13-44-44.jpg",
        "leg": "leg01",
        "mark_index": 91,
        "along_track_m": 91.0,
        "achieved_heading": 3.9526292589627587,
        "target_bearing": 2.8864991747478257,
        "fix_type": 6,
        "hacc_m": 0.014,
        "corrupt": false,
        "position_interpolated": true,
        "captured_at_utc": "2026-06-18T19:44:44.396358+00:00"
      },
      "geometry": {
        "type": "Point",
        "coordinates": [
          -114.004111,
          46.67613289069443
        ]
      }
    },
    {
      "type": "Feature",
      "properties": {
        "file": "leg01_m092_b002_2026-06-18T13-44-45.jpg",
        "leg": "leg01",
        "mark_index": 92,
        "along_track_m": 92.0,
        "achieved_heading": 5.963119196702962,
        "target_bearing": 2.8864991747478257,
        "fix_type": 6,
        "hacc_m": 0.014,
        "corrupt": false,
        "position_interpolated": true,
        "captured_at_utc": "2026-06-18T19:44:45.522671+00:00"
      },
      "geometry": {
        "type": "Point",
        "coordinates": [
          -114.0041105,
          46.676142
        ]
      }
    },
    {
      "type": "Feature",
      "properties": {
        "file": "leg01_m093_b002_2026-06-18T13-44-46.jpg",
        "leg": "leg01",
        "mark_index": 93,
        "along_track_m": 93.0,
        "achieved_heading": 6.554074647323546,
        "target_bearing": 2.8864991747478257,
        "fix_type": 6,
        "hacc_m": 0.014,
        "corrupt": false,
        "position_interpolated": true,
        "captured_at_utc": "2026-06-18T19:44:46.568151+00:00"
      },
      "geometry": {
        "type": "Point",
        "coordinates": [
          -114.00410959999999,
          46.6761506
        ]
      }
    },
    {
      "type": "Feature",
      "properties": {
        "file": "leg01_m094_b002_2026-06-18T13-44-47.jpg",
        "leg": "leg01",
        "mark_index": 94,
        "along_track_m": 94.0,
        "achieved_heading": 5.621654245462253,
        "target_bearing": 2.8864991747478257,
        "fix_type": 6,
        "hacc_m": 0.014,
        "corrupt": false,
        "position_interpolated": true,
        "captured_at_utc": "2026-06-18T19:44:47.693974+00:00"
      },
      "geometry": {
        "type": "Point",
        "coordinates": [
          -114.0041086,
          46.6761607
        ]
      }
    },
    {
      "type": "Feature",
      "properties": {
        "file": "leg01_m095_b002_2026-06-18T13-44-48.jpg",
        "leg": "leg01",
        "mark_index": 95,
        "along_track_m": 95.0,
        "achieved_heading": 5.942685307105535,
        "target_bearing": 2.8864991747478257,
        "fix_type": 6,
        "hacc_m": 0.014,
        "corrupt": false,
        "position_interpolated": true,
        "captured_at_utc": "2026-06-18T19:44:48.674716+00:00"
      },
      "geometry": {
        "type": "Point",
        "coordinates": [
          -114.00410769999999,
          46.67616916955882
        ]
      }
    },
    {
      "type": "Feature",
      "properties": {
        "file": "leg01_m096_b002_2026-06-18T13-44-49.jpg",
        "leg": "leg01",
        "mark_index": 96,
        "along_track_m": 96.0,
        "achieved_heading": 5.431178329815339,
        "target_bearing": 2.8864991747478257,
        "fix_type": 6,
        "hacc_m": 0.014,
        "corrupt": false,
        "position_interpolated": true,
        "captured_at_utc": "2026-06-18T19:44:49.723546+00:00"
      },
      "geometry": {
        "type": "Point",
        "coordinates": [
          -114.0041071,
          46.6761777
        ]
      }
    },
    {
      "type": "Feature",
      "properties": {
        "file": "leg01_m097_b002_2026-06-18T13-44-50.jpg",
        "leg": "leg01",
        "mark_index": 97,
        "along_track_m": 97.0,
        "achieved_heading": 4.332409062882675,
        "target_bearing": 2.8864991747478257,
        "fix_type": 6,
        "hacc_m": 0.014,
        "corrupt": false,
        "position_interpolated": true,
        "captured_at_utc": "2026-06-18T19:44:50.841409+00:00"
      },
      "geometry": {
        "type": "Point",
        "coordinates": [
          -114.00410687575811,
          46.676187587887874
        ]
      }
    },
    {
      "type": "Feature",
      "properties": {
        "file": "leg01_m098_b002_2026-06-18T13-44-51.jpg",
        "leg": "leg01",
        "mark_index": 98,
        "along_track_m": 98.0,
        "achieved_heading": 4.71697860882017,
        "target_bearing": 2.8864991747478257,
        "fix_type": 6,
        "hacc_m": 0.014,
        "corrupt": false,
        "position_interpolated": true,
        "captured_at_utc": "2026-06-18T19:44:51.894569+00:00"
      },
      "geometry": {
        "type": "Point",
        "coordinates": [
          -114.00410649999999,
          46.676196499999996
        ]
      }
    },
    {
      "type": "Feature",
      "properties": {
        "file": "leg01_m099_b002_2026-06-18T13-44-52.jpg",
        "leg": "leg01",
        "mark_index": 99,
        "along_track_m": 99.0,
        "achieved_heading": 6.648667883793337,
        "target_bearing": 2.8864991747478257,
        "fix_type": 6,
        "hacc_m": 0.014,
        "corrupt": false,
        "position_interpolated": true,
        "captured_at_utc": "2026-06-18T19:44:52.873635+00:00"
      },
      "geometry": {
        "type": "Point",
        "coordinates": [
          -114.00410570379435,
          46.67620493170157
        ]
      }
    },
    {
      "type": "Feature",
      "properties": {
        "file": "leg01_m100_b002_2026-06-18T13-44-53.jpg",
        "leg": "leg01",
        "mark_index": 100,
        "along_track_m": 100.0,
        "achieved_heading": 5.548786993753765,
        "target_bearing": 2.8864991747478257,
        "fix_type": 6,
        "hacc_m": 0.014,
        "corrupt": false,
        "position_interpolated": true,
        "captured_at_utc": "2026-06-18T19:44:53.924389+00:00"
      },
      "geometry": {
        "type": "Point",
        "coordinates": [
          -114.0041049,
          46.676213399999995
        ]
      }
    },
    {
      "type": "Feature",
      "properties": {
        "file": "leg01_m101_b002_2026-06-18T13-44-55.jpg",
        "leg": "leg01",
        "mark_index": 101,
        "along_track_m": 101.0,
        "achieved_heading": 4.082179414198606,
        "target_bearing": 2.8864991747478257,
        "fix_type": 6,
        "hacc_m": 0.014,
        "corrupt": false,
        "position_interpolated": true,
        "captured_at_utc": "2026-06-18T19:44:55.119356+00:00"
      },
      "geometry": {
        "type": "Point",
        "coordinates": [
          -114.00410439999999,
          46.6762235
        ]
      }
    },
    {
      "type": "Feature",
      "properties": {
        "file": "leg01_m102_b002_2026-06-18T13-44-56.jpg",
        "leg": "leg01",
        "mark_index": 102,
        "along_track_m": 102.0,
        "achieved_heading": 3.3976032668613243,
        "target_bearing": 2.8864991747478257,
        "fix_type": 6,
        "hacc_m": 0.014,
        "corrupt": false,
        "position_interpolated": true,
        "captured_at_utc": "2026-06-18T19:44:56.163915+00:00"
      },
      "geometry": {
        "type": "Point",
        "coordinates": [
          -114.0041043,
          46.676231699999995
        ]
      }
    },
    {
      "type": "Feature",
      "properties": {
        "file": "leg01_m103_b002_2026-06-18T13-44-57.jpg",
        "leg": "leg01",
        "mark_index": 103,
        "along_track_m": 103.0,
        "achieved_heading": 4.7746239289054415,
        "target_bearing": 2.8864991747478257,
        "fix_type": 6,
        "hacc_m": 0.014,
        "corrupt": false,
        "position_interpolated": true,
        "captured_at_utc": "2026-06-18T19:44:57.151373+00:00"
      },
      "geometry": {
        "type": "Point",
        "coordinates": [
          -114.0041043,
          46.6762404
        ]
      }
    },
    {
      "type": "Feature",
      "properties": {
        "file": "leg01_m104_b002_2026-06-18T13-44-58.jpg",
        "leg": "leg01",
        "mark_index": 104,
        "along_track_m": 104.0,
        "achieved_heading": 9.221546330167428,
        "target_bearing": 2.8864991747478257,
        "fix_type": 6,
        "hacc_m": 0.014,
        "corrupt": false,
        "position_interpolated": true,
        "captured_at_utc": "2026-06-18T19:44:58.196211+00:00"
      },
      "geometry": {
        "type": "Point",
        "coordinates": [
          -114.00410324537982,
          46.676249676180944
        ]
      }
    },
    {
      "type": "Feature",
      "properties": {
        "file": "leg01_m105_b002_2026-06-18T13-44-59.jpg",
        "leg": "leg01",
        "mark_index": 105,
        "along_track_m": 105.0,
        "achieved_heading": 8.322444978325677,
        "target_bearing": 2.8864991747478257,
        "fix_type": 6,
        "hacc_m": 0.014,
        "corrupt": false,
        "position_interpolated": true,
        "captured_at_utc": "2026-06-18T19:44:59.315136+00:00"
      },
      "geometry": {
        "type": "Point",
        "coordinates": [
          -114.00410149999999,
          46.6762587
        ]
      }
    },
    {
      "type": "Feature",
      "properties": {
        "file": "leg01_m106_b002_2026-06-18T13-45-00.jpg",
        "leg": "leg01",
        "mark_index": 106,
        "along_track_m": 106.0,
        "achieved_heading": 6.215397493803607,
        "target_bearing": 2.8864991747478257,
        "fix_type": 6,
        "hacc_m": 0.014,
        "corrupt": false,
        "position_interpolated": true,
        "captured_at_utc": "2026-06-18T19:45:00.366933+00:00"
      },
      "geometry": {
        "type": "Point",
        "coordinates": [
          -114.00410049999999,
          46.6762674
        ]
      }
    },
    {
      "type": "Feature",
      "properties": {
        "file": "leg01_m107_b002_2026-06-18T13-45-01.jpg",
        "leg": "leg01",
        "mark_index": 107,
        "along_track_m": 107.0,
        "achieved_heading": 5.072687684543439,
        "target_bearing": 2.8864991747478257,
        "fix_type": 6,
        "hacc_m": 0.014,
        "corrupt": false,
        "position_interpolated": true,
        "captured_at_utc": "2026-06-18T19:45:01.415096+00:00"
      },
      "geometry": {
        "type": "Point",
        "coordinates": [
          -114.00410003459073,
          46.676276681138916
        ]
      }
    },
    {
      "type": "Feature",
      "properties": {
        "file": "leg01_m108_b002_2026-06-18T13-45-02.jpg",
        "leg": "leg01",
        "mark_index": 108,
        "along_track_m": 108.0,
        "achieved_heading": 2.9922739910080622,
        "target_bearing": 2.8864991747478257,
        "fix_type": 6,
        "hacc_m": 0.014,
        "corrupt": false,
        "position_interpolated": true,
        "captured_at_utc": "2026-06-18T19:45:02.467214+00:00"
      },
      "geometry": {
        "type": "Point",
        "coordinates": [
          -114.00409955568787,
          46.676285510661195
        ]
      }
    },
    {
      "type": "Feature",
      "properties": {
        "file": "leg01_m109_b002_2026-06-18T13-45-03.jpg",
        "leg": "leg01",
        "mark_index": 109,
        "along_track_m": 109.0,
        "achieved_heading": 2.7823495126384614,
        "target_bearing": 2.8864991747478257,
        "fix_type": 6,
        "hacc_m": 0.014,
        "corrupt": false,
        "position_interpolated": true,
        "captured_at_utc": "2026-06-18T19:45:03.587281+00:00"
      },
      "geometry": {
        "type": "Point",
        "coordinates": [
          -114.004099,
          46.676294399999996
        ]
      }
    },
    {
      "type": "Feature",
      "properties": {
        "file": "leg01_m110_b002_2026-06-18T13-45-04.jpg",
        "leg": "leg01",
        "mark_index": 110,
        "along_track_m": 110.0,
        "achieved_heading": 4.463306989575642,
        "target_bearing": 2.8864991747478257,
        "fix_type": 6,
        "hacc_m": 0.014,
        "corrupt": false,
        "position_interpolated": true,
        "captured_at_utc": "2026-06-18T19:45:04.637008+00:00"
      },
      "geometry": {
        "type": "Point",
        "coordinates": [
          -114.00409877895358,
          46.676304078914285
        ]
      }
    },
    {
      "type": "Feature",
      "properties": {
        "file": "leg01_m111_b002_2026-06-18T13-45-05.jpg",
        "leg": "leg01",
        "mark_index": 111,
        "along_track_m": 111.0,
        "achieved_heading": 4.358370081599787,
        "target_bearing": 2.8864991747478257,
        "fix_type": 6,
        "hacc_m": 0.014,
        "corrupt": false,
        "position_interpolated": true,
        "captured_at_utc": "2026-06-18T19:45:05.686398+00:00"
      },
      "geometry": {
        "type": "Point",
        "coordinates": [
          -114.0040985,
          46.676313099999994
        ]
      }
    },
    {
      "type": "Feature",
      "properties": {
        "file": "leg01_m112_b002_2026-06-18T13-45-06.jpg",
        "leg": "leg01",
        "mark_index": 112,
        "along_track_m": 112.0,
        "achieved_heading": 3.7228685744199197,
        "target_bearing": 2.8864991747478257,
        "fix_type": 6,
        "hacc_m": 0.014,
        "corrupt": false,
        "position_interpolated": true,
        "captured_at_utc": "2026-06-18T19:45:06.738719+00:00"
      },
      "geometry": {
        "type": "Point",
        "coordinates": [
          -114.004098,
          46.6763214
        ]
      }
    },
    {
      "type": "Feature",
      "properties": {
        "file": "leg01_m113_b002_2026-06-18T13-45-07.jpg",
        "leg": "leg01",
        "mark_index": 113,
        "along_track_m": 113.0,
        "achieved_heading": 5.232121620008456,
        "target_bearing": 2.8864991747478257,
        "fix_type": 6,
        "hacc_m": 0.014,
        "corrupt": false,
        "position_interpolated": true,
        "captured_at_utc": "2026-06-18T19:45:07.789361+00:00"
      },
      "geometry": {
        "type": "Point",
        "coordinates": [
          -114.00409733962863,
          46.67633086222818
        ]
      }
    },
    {
      "type": "Feature",
      "properties": {
        "file": "leg01_m114_b002_2026-06-18T13-45-08.jpg",
        "leg": "leg01",
        "mark_index": 114,
        "along_track_m": 114.0,
        "achieved_heading": 6.941851776708518,
        "target_bearing": 2.8864991747478257,
        "fix_type": 6,
        "hacc_m": 0.014,
        "corrupt": false,
        "position_interpolated": true,
        "captured_at_utc": "2026-06-18T19:45:08.907031+00:00"
      },
      "geometry": {
        "type": "Point",
        "coordinates": [
          -114.0040968,
          46.6763402
        ]
      }
    },
    {
      "type": "Feature",
      "properties": {
        "file": "leg01_m115_b002_2026-06-18T13-45-09.jpg",
        "leg": "leg01",
        "mark_index": 115,
        "along_track_m": 115.0,
        "achieved_heading": 8.134115529618043,
        "target_bearing": 2.8864991747478257,
        "fix_type": 6,
        "hacc_m": 0.014,
        "corrupt": false,
        "position_interpolated": true,
        "captured_at_utc": "2026-06-18T19:45:09.819662+00:00"
      },
      "geometry": {
        "type": "Point",
        "coordinates": [
          -114.00409583306784,
          46.676348104778896
        ]
      }
    },
    {
      "type": "Feature",
      "properties": {
        "file": "leg01_m116_b002_2026-06-18T13-45-10.jpg",
        "leg": "leg01",
        "mark_index": 116,
        "along_track_m": 116.0,
        "achieved_heading": 6.723490060813333,
        "target_bearing": 2.8864991747478257,
        "fix_type": 6,
        "hacc_m": 0.014,
        "corrupt": false,
        "position_interpolated": true,
        "captured_at_utc": "2026-06-18T19:45:10.938737+00:00"
      },
      "geometry": {
        "type": "Point",
        "coordinates": [
          -114.0040944,
          46.6763571
        ]
      }
    },
    {
      "type": "Feature",
      "properties": {
        "file": "leg01_m117_b002_2026-06-18T13-45-12.jpg",
        "leg": "leg01",
        "mark_index": 117,
        "along_track_m": 117.0,
        "achieved_heading": 4.586025339306445,
        "target_bearing": 2.8864991747478257,
        "fix_type": 6,
        "hacc_m": 0.014,
        "corrupt": false,
        "position_interpolated": true,
        "captured_at_utc": "2026-06-18T19:45:12.058018+00:00"
      },
      "geometry": {
        "type": "Point",
        "coordinates": [
          -114.00409382021796,
          46.67636683607673
        ]
      }
    },
    {
      "type": "Feature",
      "properties": {
        "file": "leg01_m118_b002_2026-06-18T13-45-13.jpg",
        "leg": "leg01",
        "mark_index": 118,
        "along_track_m": 118.0,
        "achieved_heading": 6.288106394893759,
        "target_bearing": 2.8864991747478257,
        "fix_type": 6,
        "hacc_m": 0.014,
        "corrupt": false,
        "position_interpolated": true,
        "captured_at_utc": "2026-06-18T19:45:13.034746+00:00"
      },
      "geometry": {
        "type": "Point",
        "coordinates": [
          -114.00409289999999,
          46.67637530146306
        ]
      }
    },
    {
      "type": "Feature",
      "properties": {
        "file": "leg01_m119_b002_2026-06-18T13-45-14.jpg",
        "leg": "leg01",
        "mark_index": 119,
        "along_track_m": 119.0,
        "achieved_heading": 5.124357977388627,
        "target_bearing": 2.8864991747478257,
        "fix_type": 6,
        "hacc_m": 0.014,
        "corrupt": false,
        "position_interpolated": true,
        "captured_at_utc": "2026-06-18T19:45:14.085439+00:00"
      },
      "geometry": {
        "type": "Point",
        "coordinates": [
          -114.00409219375666,
          46.67638448762013
        ]
      }
    },
    {
      "type": "Feature",
      "properties": {
        "file": "leg01_m120_b002_2026-06-18T13-45-15.jpg",
        "leg": "leg01",
        "mark_index": 120,
        "along_track_m": 120.0,
        "achieved_heading": 4.9018232578904986,
        "target_bearing": 2.8864991747478257,
        "fix_type": 6,
        "hacc_m": 0.014,
        "corrupt": false,
        "position_interpolated": true,
        "captured_at_utc": "2026-06-18T19:45:15.136831+00:00"
      },
      "geometry": {
        "type": "Point",
        "coordinates": [
          -114.00409189999999,
          46.6763932
        ]
      }
    },
    {
      "type": "Feature",
      "properties": {
        "file": "leg01_m121_b002_2026-06-18T13-45-16.jpg",
        "leg": "leg01",
        "mark_index": 121,
        "along_track_m": 121.0,
        "achieved_heading": 4.056046673958406,
        "target_bearing": 2.8864991747478257,
        "fix_type": 6,
        "hacc_m": 0.014,
        "corrupt": false,
        "position_interpolated": true,
        "captured_at_utc": "2026-06-18T19:45:16.186666+00:00"
      },
      "geometry": {
        "type": "Point",
        "coordinates": [
          -114.00409114892643,
          46.67640257852878
        ]
      }
    },
    {
      "type": "Feature",
      "properties": {
        "file": "leg01_m122_b002_2026-06-18T13-45-17.jpg",
        "leg": "leg01",
        "mark_index": 122,
        "along_track_m": 122.0,
        "achieved_heading": 5.708736153582379,
        "target_bearing": 2.8864991747478257,
        "fix_type": 6,
        "hacc_m": 0.014,
        "corrupt": false,
        "position_interpolated": true,
        "captured_at_utc": "2026-06-18T19:45:17.304076+00:00"
      },
      "geometry": {
        "type": "Point",
        "coordinates": [
          -114.0040908,
          46.6764124
        ]
      }
    },
    {
      "type": "Feature",
      "properties": {
        "file": "leg01_m123_b002_2026-06-18T13-45-18.jpg",
        "leg": "leg01",
        "mark_index": 123,
        "along_track_m": 123.0,
        "achieved_heading": 7.531988546774926,
        "target_bearing": 2.8864991747478257,
        "fix_type": 6,
        "hacc_m": 0.014,
        "corrupt": false,
        "position_interpolated": true,
        "captured_at_utc": "2026-06-18T19:45:18.216368+00:00"
      },
      "geometry": {
        "type": "Point",
        "coordinates": [
          -114.00409010701843,
          46.67642022923502
        ]
      }
    },
    {
      "type": "Feature",
      "properties": {
        "file": "leg01_m124_b002_2026-06-18T13-45-19.jpg",
        "leg": "leg01",
        "mark_index": 124,
        "along_track_m": 124.0,
        "achieved_heading": 9.90878364054447,
        "target_bearing": 2.8864991747478257,
        "fix_type": 6,
        "hacc_m": 0.014,
        "corrupt": false,
        "position_interpolated": true,
        "captured_at_utc": "2026-06-18T19:45:19.338849+00:00"
      },
      "geometry": {
        "type": "Point",
        "coordinates": [
          -114.0040889,
          46.6764295
        ]
      }
    },
    {
      "type": "Feature",
      "properties": {
        "file": "leg01_m125_b002_2026-06-18T13-45-20.jpg",
        "leg": "leg01",
        "mark_index": 125,
        "along_track_m": 125.0,
        "achieved_heading": 12.576459207531116,
        "target_bearing": 2.8864991747478257,
        "fix_type": 6,
        "hacc_m": 0.014,
        "corrupt": false,
        "position_interpolated": true,
        "captured_at_utc": "2026-06-18T19:45:20.331208+00:00"
      },
      "geometry": {
        "type": "Point",
        "coordinates": [
          -114.0040872,
          46.6764383
        ]
      }
    },
    {
      "type": "Feature",
      "properties": {
        "file": "leg02_m000_b272_2026-06-18T13-45-25.jpg",
        "leg": "leg02",
        "mark_index": 0,
        "along_track_m": 0.0,
        "achieved_heading": 271.4433208009811,
        "target_bearing": 272.90487336930994,
        "fix_type": 6,
        "hacc_m": 0.014,
        "corrupt": false,
        "position_interpolated": true,
        "captured_at_utc": "2026-06-18T19:45:25.013111+00:00"
      },
      "geometry": {
        "type": "Point",
        "coordinates": [
          -114.0040863,
          46.676443
        ]
      }
    },
    {
      "type": "Feature",
      "properties": {
        "file": "leg02_m001_b272_2026-06-18T13-45-26.jpg",
        "leg": "leg02",
        "mark_index": 1,
        "along_track_m": 1.0,
        "achieved_heading": 266.5834354869019,
        "target_bearing": 272.90487336930994,
        "fix_type": 6,
        "hacc_m": 0.014,
        "corrupt": false,
        "position_interpolated": true,
        "captured_at_utc": "2026-06-18T19:45:26.556659+00:00"
      },
      "geometry": {
        "type": "Point",
        "coordinates": [
          -114.0040993,
          46.676442099999996
        ]
      }
    },
    {
      "type": "Feature",
      "properties": {
        "file": "leg02_m002_b272_2026-06-18T13-45-27.jpg",
        "leg": "leg02",
        "mark_index": 2,
        "along_track_m": 2.0,
        "achieved_heading": 269.2652790385708,
        "target_bearing": 272.90487336930994,
        "fix_type": 6,
        "hacc_m": 0.014,
        "corrupt": false,
        "position_interpolated": true,
        "captured_at_utc": "2026-06-18T19:45:27.542591+00:00"
      },
      "geometry": {
        "type": "Point",
        "coordinates": [
          -114.0041122,
          46.6764416
        ]
      }
    },
    {
      "type": "Feature",
      "properties": {
        "file": "leg02_m003_b272_2026-06-18T13-45-28.jpg",
        "leg": "leg02",
        "mark_index": 3,
        "along_track_m": 3.0,
        "achieved_heading": 274.9460409857339,
        "target_bearing": 272.90487336930994,
        "fix_type": 6,
        "hacc_m": 0.014,
        "corrupt": false,
        "position_interpolated": true,
        "captured_at_utc": "2026-06-18T19:45:28.728596+00:00"
      },
      "geometry": {
        "type": "Point",
        "coordinates": [
          -114.0041274,
          46.6764419
        ]
      }
    },
    {
      "type": "Feature",
      "properties": {
        "file": "leg02_m004_b272_2026-06-18T13-45-29.jpg",
        "leg": "leg02",
        "mark_index": 4,
        "along_track_m": 4.0,
        "achieved_heading": 276.4563014809982,
        "target_bearing": 272.90487336930994,
        "fix_type": 6,
        "hacc_m": 0.014,
        "corrupt": false,
        "position_interpolated": true,
        "captured_at_utc": "2026-06-18T19:45:29.642267+00:00"
      },
      "geometry": {
        "type": "Point",
        "coordinates": [
          -114.00413973157481,
          46.676442848582674
        ]
      }
    },
    {
      "type": "Feature",
      "properties": {
        "file": "leg02_m005_b272_2026-06-18T13-45-30.jpg",
        "leg": "leg02",
        "mark_index": 5,
        "along_track_m": 4.901,
        "achieved_heading": 278.05078572906774,
        "target_bearing": 272.90487336930994,
        "fix_type": 6,
        "hacc_m": 0.014,
        "corrupt": false,
        "position_interpolated": true,
        "captured_at_utc": "2026-06-18T19:45:30.552950+00:00"
      },
      "geometry": {
        "type": "Point",
        "coordinates": [
          -114.00415009999999,
          46.6764438
        ]
      }
    },
    {
      "type": "Feature",
      "properties": {
        "file": "leg03_m000_b182_2026-06-18T13-45-34.jpg",
        "leg": "leg03",
        "mark_index": 0,
        "along_track_m": 0.0,
        "achieved_heading": 183.44330704771207,
        "target_bearing": 182.88651178649675,
        "fix_type": 6,
        "hacc_m": 0.014,
        "corrupt": false,
        "position_interpolated": true,
        "captured_at_utc": "2026-06-18T19:45:34.687863+00:00"
      },
      "geometry": {
        "type": "Point",
        "coordinates": [
          -114.0041566,
          46.67644511245121
        ]
      }
    },
    {
      "type": "Feature",
      "properties": {
        "file": "leg03_m001_b182_2026-06-18T13-45-36.jpg",
        "leg": "leg03",
        "mark_index": 1,
        "along_track_m": 1.0,
        "achieved_heading": 181.4836195010261,
        "target_bearing": 182.88651178649675,
        "fix_type": 6,
        "hacc_m": 0.014,
        "corrupt": false,
        "position_interpolated": true,
        "captured_at_utc": "2026-06-18T19:45:36.438634+00:00"
      },
      "geometry": {
        "type": "Point",
        "coordinates": [
          -114.00415733591868,
          46.67643471265059
        ]
      }
    },
    {
      "type": "Feature",
      "properties": {
        "file": "leg03_m002_b182_2026-06-18T13-45-37.jpg",
        "leg": "leg03",
        "mark_index": 2,
        "along_track_m": 2.0,
        "achieved_heading": 177.14569873831113,
        "target_bearing": 182.88651178649675,
        "fix_type": 6,
        "hacc_m": 0.014,
        "corrupt": false,
        "position_interpolated": true,
        "captured_at_utc": "2026-06-18T19:45:37.556975+00:00"
      },
      "geometry": {
        "type": "Point",
        "coordinates": [
          -114.0041574,
          46.6764258
        ]
      }
    },
    {
      "type": "Feature",
      "properties": {
        "file": "leg03_m003_b182_2026-06-18T13-45-38.jpg",
        "leg": "leg03",
        "mark_index": 3,
        "along_track_m": 3.0,
        "achieved_heading": 176.5709647740154,
        "target_bearing": 182.88651178649675,
        "fix_type": 6,
        "hacc_m": 0.014,
        "corrupt": false,
        "position_interpolated": true,
        "captured_at_utc": "2026-06-18T19:45:38.675016+00:00"
      },
      "geometry": {
        "type": "Point",
        "coordinates": [
          -114.00415672963102,
          46.676415837048154
        ]
      }
    },
    {
      "type": "Feature",
      "properties": {
        "file": "leg03_m004_b182_2026-06-18T13-45-39.jpg",
        "leg": "leg03",
        "mark_index": 4,
        "along_track_m": 4.0,
        "achieved_heading": 178.12032204689524,
        "target_bearing": 182.88651178649675,
        "fix_type": 6,
        "hacc_m": 0.014,
        "corrupt": false,
        "position_interpolated": true,
        "captured_at_utc": "2026-06-18T19:45:39.724649+00:00"
      },
      "geometry": {
        "type": "Point",
        "coordinates": [
          -114.0041566,
          46.6764071
        ]
      }
    },
    {
      "type": "Feature",
      "properties": {
        "file": "leg03_m005_b182_2026-06-18T13-45-40.jpg",
        "leg": "leg03",
        "mark_index": 5,
        "along_track_m": 5.0,
        "achieved_heading": 178.7828770473435,
        "target_bearing": 182.88651178649675,
        "fix_type": 6,
        "hacc_m": 0.014,
        "corrupt": false,
        "position_interpolated": true,
        "captured_at_utc": "2026-06-18T19:45:40.777943+00:00"
      },
      "geometry": {
        "type": "Point",
        "coordinates": [
          -114.0041566,
          46.6763984
        ]
      }
    },
    {
      "type": "Feature",
      "properties": {
        "file": "leg03_m006_b182_2026-06-18T13-45-41.jpg",
        "leg": "leg03",
        "mark_index": 6,
        "along_track_m": 6.0,
        "achieved_heading": 178.4512472776787,
        "target_bearing": 182.88651178649675,
        "fix_type": 6,
        "hacc_m": 0.014,
        "corrupt": false,
        "position_interpolated": true,
        "captured_at_utc": "2026-06-18T19:45:41.683909+00:00"
      },
      "geometry": {
        "type": "Point",
        "coordinates": [
          -114.0041566,
          46.676389755727506
        ]
      }
    },
    {
      "type": "Feature",
      "properties": {
        "file": "leg03_m007_b182_2026-06-18T13-45-43.jpg",
        "leg": "leg03",
        "mark_index": 7,
        "along_track_m": 7.0,
        "achieved_heading": 181.95326756486364,
        "target_bearing": 182.88651178649675,
        "fix_type": 6,
        "hacc_m": 0.014,
        "corrupt": false,
        "position_interpolated": true,
        "captured_at_utc": "2026-06-18T19:45:42.875732+00:00"
      },
      "geometry": {
        "type": "Point",
        "coordinates": [
          -114.00415631372753,
          46.67637963336812
        ]
      }
    },
    {
      "type": "Feature",
      "properties": {
        "file": "leg03_m008_b182_2026-06-18T13-45-43.jpg",
        "leg": "leg03",
        "mark_index": 8,
        "along_track_m": 8.0,
        "achieved_heading": 183.54916673564298,
        "target_bearing": 182.88651178649675,
        "fix_type": 6,
        "hacc_m": 0.014,
        "corrupt": false,
        "position_interpolated": true,
        "captured_at_utc": "2026-06-18T19:45:43.786123+00:00"
      },
      "geometry": {
        "type": "Point",
        "coordinates": [
          -114.00415688132917,
          46.676371768037384
        ]
      }
    },
    {
      "type": "Feature",
      "properties": {
        "file": "leg03_m009_b182_2026-06-18T13-45-44.jpg",
        "leg": "leg03",
        "mark_index": 9,
        "along_track_m": 9.0,
        "achieved_heading": 183.05650280577171,
        "target_bearing": 182.88651178649675,
        "fix_type": 6,
        "hacc_m": 0.014,
        "corrupt": false,
        "position_interpolated": true,
        "captured_at_utc": "2026-06-18T19:45:44.911603+00:00"
      },
      "geometry": {
        "type": "Point",
        "coordinates": [
          -114.0041581,
          46.6763621
        ]
      }
    },
    {
      "type": "Feature",
      "properties": {
        "file": "leg03_m010_b182_2026-06-18T13-45-45.jpg",
        "leg": "leg03",
        "mark_index": 10,
        "along_track_m": 10.0,
        "achieved_heading": 180.96384097665467,
        "target_bearing": 182.88651178649675,
        "fix_type": 6,
        "hacc_m": 0.014,
        "corrupt": false,
        "position_interpolated": true,
        "captured_at_utc": "2026-06-18T19:45:45.963176+00:00"
      },
      "geometry": {
        "type": "Point",
        "coordinates": [
          -114.004159,
          46.676353399999996
        ]
      }
    },
    {
      "type": "Feature",
      "properties": {
        "file": "leg03_m011_b182_2026-06-18T13-45-47.jpg",
        "leg": "leg03",
        "mark_index": 11,
        "along_track_m": 11.0,
        "achieved_heading": 178.81431505377105,
        "target_bearing": 182.88651178649675,
        "fix_type": 6,
        "hacc_m": 0.014,
        "corrupt": false,
        "position_interpolated": true,
        "captured_at_utc": "2026-06-18T19:45:46.940866+00:00"
      },
      "geometry": {
        "type": "Point",
        "coordinates": [
          -114.00415969999999,
          46.6763451
        ]
      }
    },
    {
      "type": "Feature",
      "properties": {
        "file": "leg03_m012_b182_2026-06-18T13-45-48.jpg",
        "leg": "leg03",
        "mark_index": 12,
        "along_track_m": 12.0,
        "achieved_heading": 180.445531949184,
        "target_bearing": 182.88651178649675,
        "fix_type": 6,
        "hacc_m": 0.014,
        "corrupt": false,
        "position_interpolated": true,
        "captured_at_utc": "2026-06-18T19:45:48.073393+00:00"
      },
      "geometry": {
        "type": "Point",
        "coordinates": [
          -114.0041595082571,
          46.676335289907286
        ]
      }
    },
    {
      "type": "Feature",
      "properties": {
        "file": "leg03_m013_b182_2026-06-18T13-45-49.jpg",
        "leg": "leg03",
        "mark_index": 13,
        "along_track_m": 13.0,
        "achieved_heading": 183.5328900209434,
        "target_bearing": 182.88651178649675,
        "fix_type": 6,
        "hacc_m": 0.014,
        "corrupt": false,
        "position_interpolated": true,
        "captured_at_utc": "2026-06-18T19:45:49.125499+00:00"
      },
      "geometry": {
        "type": "Point",
        "coordinates": [
          -114.0041603,
          46.676326599999996
        ]
      }
    },
    {
      "type": "Feature",
      "properties": {
        "file": "leg03_m014_b182_2026-06-18T13-45-50.jpg",
        "leg": "leg03",
        "mark_index": 14,
        "along_track_m": 14.0,
        "achieved_heading": 182.84638472824207,
        "target_bearing": 182.88651178649675,
        "fix_type": 6,
        "hacc_m": 0.014,
        "corrupt": false,
        "position_interpolated": true,
        "captured_at_utc": "2026-06-18T19:45:50.238616+00:00"
      },
      "geometry": {
        "type": "Point",
        "coordinates": [
          -114.00416142321964,
          46.67631709102318
        ]
      }
    },
    {
      "type": "Feature",
      "properties": {
        "file": "leg03_m015_b182_2026-06-18T13-45-51.jpg",
        "leg": "leg03",
        "mark_index": 15,
        "along_track_m": 15.0,
        "achieved_heading": 181.08424779135976,
        "target_bearing": 182.88651178649675,
        "fix_type": 6,
        "hacc_m": 0.014,
        "corrupt": false,
        "position_interpolated": true,
        "captured_at_utc": "2026-06-18T19:45:51.297909+00:00"
      },
      "geometry": {
        "type": "Point",
        "coordinates": [
          -114.00416218362525,
          46.67630809279022
        ]
      }
    },
    {
      "type": "Feature",
      "properties": {
        "file": "leg03_m016_b182_2026-06-18T13-45-52.jpg",
        "leg": "leg03",
        "mark_index": 16,
        "along_track_m": 16.0,
        "achieved_heading": 182.77640575155988,
        "target_bearing": 182.88651178649675,
        "fix_type": 6,
        "hacc_m": 0.014,
        "corrupt": false,
        "position_interpolated": true,
        "captured_at_utc": "2026-06-18T19:45:52.349286+00:00"
      },
      "geometry": {
        "type": "Point",
        "coordinates": [
          -114.0041626,
          46.6762997
        ]
      }
    },
    {
      "type": "Feature",
      "properties": {
        "file": "leg03_m017_b182_2026-06-18T13-45-53.jpg",
        "leg": "leg03",
        "mark_index": 17,
        "along_track_m": 17.0,
        "achieved_heading": 182.29386510447262,
        "target_bearing": 182.88651178649675,
        "fix_type": 6,
        "hacc_m": 0.014,
        "corrupt": false,
        "position_interpolated": true,
        "captured_at_utc": "2026-06-18T19:45:53.404170+00:00"
      },
      "geometry": {
        "type": "Point",
        "coordinates": [
          -114.00416349999999,
          46.6762911
        ]
      }
    },
    {
      "type": "Feature",
      "properties": {
        "file": "leg03_m018_b182_2026-06-18T13-45-54.jpg",
        "leg": "leg03",
        "mark_index": 18,
        "along_track_m": 18.0,
        "achieved_heading": 181.71418500186283,
        "target_bearing": 182.88651178649675,
        "fix_type": 6,
        "hacc_m": 0.014,
        "corrupt": false,
        "position_interpolated": true,
        "captured_at_utc": "2026-06-18T19:45:54.512134+00:00"
      },
      "geometry": {
        "type": "Point",
        "coordinates": [
          -114.00416387995386,
          46.67628096036906
        ]
      }
    },
    {
      "type": "Feature",
      "properties": {
        "file": "leg03_m019_b182_2026-06-18T13-45-55.jpg",
        "leg": "leg03",
        "mark_index": 19,
        "along_track_m": 19.0,
        "achieved_heading": 183.56832295207374,
        "target_bearing": 182.88651178649675,
        "fix_type": 6,
        "hacc_m": 0.014,
        "corrupt": false,
        "position_interpolated": true,
        "captured_at_utc": "2026-06-18T19:45:55.431270+00:00"
      },
      "geometry": {
        "type": "Point",
        "coordinates": [
          -114.00416461797629,
          46.67627309720154
        ]
      }
    },
    {
      "type": "Feature",
      "properties": {
        "file": "leg03_m020_b182_2026-06-18T13-45-56.jpg",
        "leg": "leg03",
        "mark_index": 20,
        "along_track_m": 20.0,
        "achieved_heading": 183.129215868575,
        "target_bearing": 182.88651178649675,
        "fix_type": 6,
        "hacc_m": 0.014,
        "corrupt": false,
        "position_interpolated": true,
        "captured_at_utc": "2026-06-18T19:45:56.540561+00:00"
      },
      "geometry": {
        "type": "Point",
        "coordinates": [
          -114.0041655,
          46.6762638
        ]
      }
    },
    {
      "type": "Feature",
      "properties": {
        "file": "leg03_m021_b182_2026-06-18T13-45-57.jpg",
        "leg": "leg03",
        "mark_index": 21,
        "along_track_m": 21.0,
        "achieved_heading": 181.2150988790332,
        "target_bearing": 182.88651178649675,
        "fix_type": 6,
        "hacc_m": 0.014,
        "corrupt": false,
        "position_interpolated": true,
        "captured_at_utc": "2026-06-18T19:45:57.593726+00:00"
      },
      "geometry": {
        "type": "Point",
        "coordinates": [
          -114.00416589999999,
          46.67625471073727
        ]
      }
    },
    {
      "type": "Feature",
      "properties": {
        "file": "leg03_m022_b182_2026-06-18T13-45-58.jpg",
        "leg": "leg03",
        "mark_index": 22,
        "along_track_m": 22.0,
        "achieved_heading": 181.892936099393,
        "target_bearing": 182.88651178649675,
        "fix_type": 6,
        "hacc_m": 0.014,
        "corrupt": false,
        "position_interpolated": true,
        "captured_at_utc": "2026-06-18T19:45:58.643674+00:00"
      },
      "geometry": {
        "type": "Point",
        "coordinates": [
          -114.0041663,
          46.676245726334606
        ]
      }
    },
    {
      "type": "Feature",
      "properties": {
        "file": "leg03_m023_b182_2026-06-18T13-45-59.jpg",
        "leg": "leg03",
        "mark_index": 23,
        "along_track_m": 23.0,
        "achieved_heading": 182.39374457037349,
        "target_bearing": 182.88651178649675,
        "fix_type": 6,
        "hacc_m": 0.014,
        "corrupt": false,
        "position_interpolated": true,
        "captured_at_utc": "2026-06-18T19:45:59.695478+00:00"
      },
      "geometry": {
        "type": "Point",
        "coordinates": [
          -114.00416680838222,
          46.67623665088001
        ]
      }
    },
    {
      "type": "Feature",
      "properties": {
        "file": "leg03_m024_b182_2026-06-18T13-46-00.jpg",
        "leg": "leg03",
        "mark_index": 24,
        "along_track_m": 24.0,
        "achieved_heading": 184.04377869869427,
        "target_bearing": 182.88651178649675,
        "fix_type": 6,
        "hacc_m": 0.014,
        "corrupt": false,
        "position_interpolated": true,
        "captured_at_utc": "2026-06-18T19:46:00.744079+00:00"
      },
      "geometry": {
        "type": "Point",
        "coordinates": [
          -114.00416709999999,
          46.6762279
        ]
      }
    },
    {
      "type": "Feature",
      "properties": {
        "file": "leg03_m025_b182_2026-06-18T13-46-01.jpg",
        "leg": "leg03",
        "mark_index": 25,
        "along_track_m": 25.0,
        "achieved_heading": 184.52731743153385,
        "target_bearing": 182.88651178649675,
        "fix_type": 6,
        "hacc_m": 0.014,
        "corrupt": false,
        "position_interpolated": true,
        "captured_at_utc": "2026-06-18T19:46:01.862876+00:00"
      },
      "geometry": {
        "type": "Point",
        "coordinates": [
          -114.0041681200956,
          46.67621817942637
        ]
      }
    },
    {
      "type": "Feature",
      "properties": {
        "file": "leg03_m026_b182_2026-06-18T13-46-03.jpg",
        "leg": "leg03",
        "mark_index": 26,
        "along_track_m": 26.0,
        "achieved_heading": 182.65311965074804,
        "target_bearing": 182.88651178649675,
        "fix_type": 6,
        "hacc_m": 0.014,
        "corrupt": false,
        "position_interpolated": true,
        "captured_at_utc": "2026-06-18T19:46:02.920604+00:00"
      },
      "geometry": {
        "type": "Point",
        "coordinates": [
          -114.00416899999999,
          46.6762091
        ]
      }
    },
    {
      "type": "Feature",
      "properties": {
        "file": "leg03_m027_b182_2026-06-18T13-46-03.jpg",
        "leg": "leg03",
        "mark_index": 27,
        "along_track_m": 27.0,
        "achieved_heading": 183.22785697465673,
        "target_bearing": 182.88651178649675,
        "fix_type": 6,
        "hacc_m": 0.014,
        "corrupt": false,
        "position_interpolated": true,
        "captured_at_utc": "2026-06-18T19:46:03.900821+00:00"
      },
      "geometry": {
        "type": "Point",
        "coordinates": [
          -114.0041694,
          46.676200618254256
        ]
      }
    },
    {
      "type": "Feature",
      "properties": {
        "file": "leg03_m028_b182_2026-06-18T13-46-05.jpg",
        "leg": "leg03",
        "mark_index": 28,
        "along_track_m": 28.0,
        "achieved_heading": 184.48519828167179,
        "target_bearing": 182.88651178649675,
        "fix_type": 6,
        "hacc_m": 0.014,
        "corrupt": false,
        "position_interpolated": true,
        "captured_at_utc": "2026-06-18T19:46:04.955279+00:00"
      },
      "geometry": {
        "type": "Point",
        "coordinates": [
          -114.00417039999999,
          46.676192099999994
        ]
      }
    },
    {
      "type": "Feature",
      "properties": {
        "file": "leg03_m029_b182_2026-06-18T13-46-06.jpg",
        "leg": "leg03",
        "mark_index": 29,
        "along_track_m": 29.0,
        "achieved_heading": 185.24233729298652,
        "target_bearing": 182.88651178649675,
        "fix_type": 6,
        "hacc_m": 0.014,
        "corrupt": false,
        "position_interpolated": true,
        "captured_at_utc": "2026-06-18T19:46:06.073672+00:00"
      },
      "geometry": {
        "type": "Point",
        "coordinates": [
          -114.00417181783537,
          46.67618233821132
        ]
      }
    },
    {
      "type": "Feature",
      "properties": {
        "file": "leg03_m030_b182_2026-06-18T13-46-07.jpg",
        "leg": "leg03",
        "mark_index": 30,
        "along_track_m": 30.0,
        "achieved_heading": 182.77192975956478,
        "target_bearing": 182.88651178649675,
        "fix_type": 6,
        "hacc_m": 0.014,
        "corrupt": false,
        "position_interpolated": true,
        "captured_at_utc": "2026-06-18T19:46:07.119072+00:00"
      },
      "geometry": {
        "type": "Point",
        "coordinates": [
          -114.00417239670166,
          46.67617345277333
        ]
      }
    },
    {
      "type": "Feature",
      "properties": {
        "file": "leg03_m031_b182_2026-06-18T13-46-08.jpg",
        "leg": "leg03",
        "mark_index": 31,
        "along_track_m": 31.0,
        "achieved_heading": 183.75851763555374,
        "target_bearing": 182.88651178649675,
        "fix_type": 6,
        "hacc_m": 0.014,
        "corrupt": false,
        "position_interpolated": true,
        "captured_at_utc": "2026-06-18T19:46:08.172215+00:00"
      },
      "geometry": {
        "type": "Point",
        "coordinates": [
          -114.0041729,
          46.676164799999995
        ]
      }
    },
    {
      "type": "Feature",
      "properties": {
        "file": "leg03_m032_b182_2026-06-18T13-46-09.jpg",
        "leg": "leg03",
        "mark_index": 32,
        "along_track_m": 32.0,
        "achieved_heading": 182.55318139535473,
        "target_bearing": 182.88651178649675,
        "fix_type": 6,
        "hacc_m": 0.014,
        "corrupt": false,
        "position_interpolated": true,
        "captured_at_utc": "2026-06-18T19:46:09.087183+00:00"
      },
      "geometry": {
        "type": "Point",
        "coordinates": [
          -114.00417357868179,
          46.67615658372787
        ]
      }
    },
    {
      "type": "Feature",
      "properties": {
        "file": "leg03_m033_b182_2026-06-18T13-46-10.jpg",
        "leg": "leg03",
        "mark_index": 33,
        "along_track_m": 33.0,
        "achieved_heading": 183.82003056908786,
        "target_bearing": 182.88651178649675,
        "fix_type": 6,
        "hacc_m": 0.014,
        "corrupt": false,
        "position_interpolated": true,
        "captured_at_utc": "2026-06-18T19:46:10.346543+00:00"
      },
      "geometry": {
        "type": "Point",
        "coordinates": [
          -114.0041744,
          46.6761462
        ]
      }
    },
    {
      "type": "Feature",
      "properties": {
        "file": "leg03_m034_b182_2026-06-18T13-46-11.jpg",
        "leg": "leg03",
        "mark_index": 34,
        "along_track_m": 34.0,
        "achieved_heading": 183.73300149646076,
        "target_bearing": 182.88651178649675,
        "fix_type": 6,
        "hacc_m": 0.014,
        "corrupt": false,
        "position_interpolated": true,
        "captured_at_utc": "2026-06-18T19:46:11.331677+00:00"
      },
      "geometry": {
        "type": "Point",
        "coordinates": [
          -114.0041746,
          46.6761376
        ]
      }
    },
    {
      "type": "Feature",
      "properties": {
        "file": "leg03_m035_b182_2026-06-18T13-46-12.jpg",
        "leg": "leg03",
        "mark_index": 35,
        "along_track_m": 35.0,
        "achieved_heading": 183.13937548808065,
        "target_bearing": 182.88651178649675,
        "fix_type": 6,
        "hacc_m": 0.014,
        "corrupt": false,
        "position_interpolated": true,
        "captured_at_utc": "2026-06-18T19:46:12.380604+00:00"
      },
      "geometry": {
        "type": "Point",
        "coordinates": [
          -114.0041751,
          46.6761287
        ]
      }
    },
    {
      "type": "Feature",
      "properties": {
        "file": "leg03_m036_b182_2026-06-18T13-46-13.jpg",
        "leg": "leg03",
        "mark_index": 36,
        "along_track_m": 36.0,
        "achieved_heading": 183.53376690111537,
        "target_bearing": 182.88651178649675,
        "fix_type": 6,
        "hacc_m": 0.014,
        "corrupt": false,
        "position_interpolated": true,
        "captured_at_utc": "2026-06-18T19:46:13.295377+00:00"
      },
      "geometry": {
        "type": "Point",
        "coordinates": [
          -114.00417568533408,
          46.67612073465457
        ]
      }
    },
    {
      "type": "Feature",
      "properties": {
        "file": "leg03_m037_b182_2026-06-18T13-46-14.jpg",
        "leg": "leg03",
        "mark_index": 37,
        "along_track_m": 37.0,
        "achieved_heading": 184.01474275994548,
        "target_bearing": 182.88651178649675,
        "fix_type": 6,
        "hacc_m": 0.014,
        "corrupt": false,
        "position_interpolated": true,
        "captured_at_utc": "2026-06-18T19:46:14.485898+00:00"
      },
      "geometry": {
        "type": "Point",
        "coordinates": [
          -114.00417665761591,
          46.676110581456626
        ]
      }
    },
    {
      "type": "Feature",
      "properties": {
        "file": "leg03_m038_b182_2026-06-18T13-46-15.jpg",
        "leg": "leg03",
        "mark_index": 38,
        "along_track_m": 38.0,
        "achieved_heading": 182.2474333511533,
        "target_bearing": 182.88651178649675,
        "fix_type": 6,
        "hacc_m": 0.014,
        "corrupt": false,
        "position_interpolated": true,
        "captured_at_utc": "2026-06-18T19:46:15.535495+00:00"
      },
      "geometry": {
        "type": "Point",
        "coordinates": [
          -114.0041773,
          46.6761017
        ]
      }
    },
    {
      "type": "Feature",
      "properties": {
        "file": "leg03_m039_b182_2026-06-18T13-46-16.jpg",
        "leg": "leg03",
        "mark_index": 39,
        "along_track_m": 39.0,
        "achieved_heading": 181.79907428143565,
        "target_bearing": 182.88651178649675,
        "fix_type": 6,
        "hacc_m": 0.014,
        "corrupt": false,
        "position_interpolated": true,
        "captured_at_utc": "2026-06-18T19:46:16.518767+00:00"
      },
      "geometry": {
        "type": "Point",
        "coordinates": [
          -114.0041777,
          46.67609314905323
        ]
      }
    },
    {
      "type": "Feature",
      "properties": {
        "file": "leg03_m040_b182_2026-06-18T13-46-17.jpg",
        "leg": "leg03",
        "mark_index": 40,
        "along_track_m": 40.0,
        "achieved_heading": 182.60839596348666,
        "target_bearing": 182.88651178649675,
        "fix_type": 6,
        "hacc_m": 0.014,
        "corrupt": false,
        "position_interpolated": true,
        "captured_at_utc": "2026-06-18T19:46:17.560621+00:00"
      },
      "geometry": {
        "type": "Point",
        "coordinates": [
          -114.004178,
          46.676084599999996
        ]
      }
    },
    {
      "type": "Feature",
      "properties": {
        "file": "leg03_m041_b182_2026-06-18T13-46-18.jpg",
        "leg": "leg03",
        "mark_index": 41,
        "along_track_m": 41.0,
        "achieved_heading": 183.77736758108767,
        "target_bearing": 182.88651178649675,
        "fix_type": 6,
        "hacc_m": 0.014,
        "corrupt": false,
        "position_interpolated": true,
        "captured_at_utc": "2026-06-18T19:46:18.614873+00:00"
      },
      "geometry": {
        "type": "Point",
        "coordinates": [
          -114.00417843934594,
          46.6760751917732
        ]
      }
    },
    {
      "type": "Feature",
      "properties": {
        "file": "leg03_m042_b182_2026-06-18T13-46-19.jpg",
        "leg": "leg03",
        "mark_index": 42,
        "along_track_m": 42.0,
        "achieved_heading": 184.54559346888055,
        "target_bearing": 182.88651178649675,
        "fix_type": 6,
        "hacc_m": 0.014,
        "corrupt": false,
        "position_interpolated": true,
        "captured_at_utc": "2026-06-18T19:46:19.667470+00:00"
      },
      "geometry": {
        "type": "Point",
        "coordinates": [
          -114.004179,
          46.676065824827674
        ]
      }
    },
    {
      "type": "Feature",
      "properties": {
        "file": "leg03_m043_b182_2026-06-18T13-46-20.jpg",
        "leg": "leg03",
        "mark_index": 43,
        "along_track_m": 43.0,
        "achieved_heading": 184.08851214347408,
        "target_bearing": 182.88651178649675,
        "fix_type": 6,
        "hacc_m": 0.014,
        "corrupt": false,
        "position_interpolated": true,
        "captured_at_utc": "2026-06-18T19:46:20.651531+00:00"
      },
      "geometry": {
        "type": "Point",
        "coordinates": [
          -114.00417975773757,
          46.676057160723445
        ]
      }
    },
    {
      "type": "Feature",
      "properties": {
        "file": "leg03_m044_b182_2026-06-18T13-46-21.jpg",
        "leg": "leg03",
        "mark_index": 44,
        "along_track_m": 44.0,
        "achieved_heading": 183.8051778091479,
        "target_bearing": 182.88651178649675,
        "fix_type": 6,
        "hacc_m": 0.014,
        "corrupt": false,
        "position_interpolated": true,
        "captured_at_utc": "2026-06-18T19:46:21.701000+00:00"
      },
      "geometry": {
        "type": "Point",
        "coordinates": [
          -114.00418017217451,
          46.676048036516605
        ]
      }
    },
    {
      "type": "Feature",
      "properties": {
        "file": "leg03_m045_b182_2026-06-18T13-46-22.jpg",
        "leg": "leg03",
        "mark_index": 45,
        "along_track_m": 45.0,
        "achieved_heading": 184.19366887561918,
        "target_bearing": 182.88651178649675,
        "fix_type": 6,
        "hacc_m": 0.014,
        "corrupt": false,
        "position_interpolated": true,
        "captured_at_utc": "2026-06-18T19:46:22.749275+00:00"
      },
      "geometry": {
        "type": "Point",
        "coordinates": [
          -114.0041809,
          46.6760391
        ]
      }
    },
    {
      "type": "Feature",
      "properties": {
        "file": "leg03_m046_b182_2026-06-18T13-46-23.jpg",
        "leg": "leg03",
        "mark_index": 46,
        "along_track_m": 46.0,
        "achieved_heading": 183.633208924972,
        "target_bearing": 182.88651178649675,
        "fix_type": 6,
        "hacc_m": 0.014,
        "corrupt": false,
        "position_interpolated": true,
        "captured_at_utc": "2026-06-18T19:46:23.803780+00:00"
      },
      "geometry": {
        "type": "Point",
        "coordinates": [
          -114.0041813,
          46.676030399999995
        ]
      }
    },
    {
      "type": "Feature",
      "properties": {
        "file": "leg03_m047_b182_2026-06-18T13-46-24.jpg",
        "leg": "leg03",
        "mark_index": 47,
        "along_track_m": 47.0,
        "achieved_heading": 184.99836339477088,
        "target_bearing": 182.88651178649675,
        "fix_type": 6,
        "hacc_m": 0.014,
        "corrupt": false,
        "position_interpolated": true,
        "captured_at_utc": "2026-06-18T19:46:24.708618+00:00"
      },
      "geometry": {
        "type": "Point",
        "coordinates": [
          -114.00418208392614,
          46.676021836627825
        ]
      }
    },
    {
      "type": "Feature",
      "properties": {
        "file": "leg03_m048_b182_2026-06-18T13-46-25.jpg",
        "leg": "leg03",
        "mark_index": 48,
        "along_track_m": 48.0,
        "achieved_heading": 184.35412473189942,
        "target_bearing": 182.88651178649675,
        "fix_type": 6,
        "hacc_m": 0.014,
        "corrupt": false,
        "position_interpolated": true,
        "captured_at_utc": "2026-06-18T19:46:25.901060+00:00"
      },
      "geometry": {
        "type": "Point",
        "coordinates": [
          -114.00418286075018,
          46.67601172241558
        ]
      }
    },
    {
      "type": "Feature",
      "properties": {
        "file": "leg03_m049_b182_2026-06-18T13-46-27.jpg",
        "leg": "leg03",
        "mark_index": 49,
        "along_track_m": 49.0,
        "achieved_heading": 184.87842748141742,
        "target_bearing": 182.88651178649675,
        "fix_type": 6,
        "hacc_m": 0.014,
        "corrupt": false,
        "position_interpolated": true,
        "captured_at_utc": "2026-06-18T19:46:26.959857+00:00"
      },
      "geometry": {
        "type": "Point",
        "coordinates": [
          -114.00418359999999,
          46.6760028
        ]
      }
    },
    {
      "type": "Feature",
      "properties": {
        "file": "leg03_m050_b182_2026-06-18T13-46-28.jpg",
        "leg": "leg03",
        "mark_index": 50,
        "along_track_m": 50.0,
        "achieved_heading": 185.15378637293657,
        "target_bearing": 182.88651178649675,
        "fix_type": 6,
        "hacc_m": 0.014,
        "corrupt": false,
        "position_interpolated": true,
        "captured_at_utc": "2026-06-18T19:46:28.010668+00:00"
      },
      "geometry": {
        "type": "Point",
        "coordinates": [
          -114.0041844,
          46.6759941
        ]
      }
    },
    {
      "type": "Feature",
      "properties": {
        "file": "leg03_m051_b182_2026-06-18T13-46-28.jpg",
        "leg": "leg03",
        "mark_index": 51,
        "along_track_m": 51.0,
        "achieved_heading": 185.3552419207451,
        "target_bearing": 182.88651178649675,
        "fix_type": 6,
        "hacc_m": 0.014,
        "corrupt": false,
        "position_interpolated": true,
        "captured_at_utc": "2026-06-18T19:46:28.917848+00:00"
      },
      "geometry": {
        "type": "Point",
        "coordinates": [
          -114.00418519292914,
          46.67598562020453
        ]
      }
    },
    {
      "type": "Feature",
      "properties": {
        "file": "leg03_m052_b182_2026-06-18T13-46-30.jpg",
        "leg": "leg03",
        "mark_index": 52,
        "along_track_m": 52.0,
        "achieved_heading": 184.08732409162923,
        "target_bearing": 182.88651178649675,
        "fix_type": 6,
        "hacc_m": 0.014,
        "corrupt": false,
        "position_interpolated": true,
        "captured_at_utc": "2026-06-18T19:46:30.105380+00:00"
      },
      "geometry": {
        "type": "Point",
        "coordinates": [
          -114.00418616967544,
          46.67597547292103
        ]
      }
    },
    {
      "type": "Feature",
      "properties": {
        "file": "leg03_m053_b182_2026-06-18T13-46-31.jpg",
        "leg": "leg03",
        "mark_index": 53,
        "along_track_m": 53.0,
        "achieved_heading": 184.1371166922733,
        "target_bearing": 182.88651178649675,
        "fix_type": 6,
        "hacc_m": 0.014,
        "corrupt": false,
        "position_interpolated": true,
        "captured_at_utc": "2026-06-18T19:46:31.087830+00:00"
      },
      "geometry": {
        "type": "Point",
        "coordinates": [
          -114.0041871,
          46.675967025581066
        ]
      }
    },
    {
      "type": "Feature",
      "properties": {
        "file": "leg03_m054_b182_2026-06-18T13-46-32.jpg",
        "leg": "leg03",
        "mark_index": 54,
        "along_track_m": 54.0,
        "achieved_heading": 182.5967142678286,
        "target_bearing": 182.88651178649675,
        "fix_type": 6,
        "hacc_m": 0.014,
        "corrupt": false,
        "position_interpolated": true,
        "captured_at_utc": "2026-06-18T19:46:32.073905+00:00"
      },
      "geometry": {
        "type": "Point",
        "coordinates": [
          -114.0041875,
          46.675958352368774
        ]
      }
    },
    {
      "type": "Feature",
      "properties": {
        "file": "leg03_m055_b182_2026-06-18T13-46-33.jpg",
        "leg": "leg03",
        "mark_index": 55,
        "along_track_m": 55.0,
        "achieved_heading": 183.60810565125135,
        "target_bearing": 182.88651178649675,
        "fix_type": 6,
        "hacc_m": 0.014,
        "corrupt": false,
        "position_interpolated": true,
        "captured_at_utc": "2026-06-18T19:46:33.116979+00:00"
      },
      "geometry": {
        "type": "Point",
        "coordinates": [
          -114.00418768937197,
          46.67594938067619
        ]
      }
    },
    {
      "type": "Feature",
      "properties": {
        "file": "leg03_m056_b182_2026-06-18T13-46-34.jpg",
        "leg": "leg03",
        "mark_index": 56,
        "along_track_m": 56.0,
        "achieved_heading": 184.86489505573883,
        "target_bearing": 182.88651178649675,
        "fix_type": 6,
        "hacc_m": 0.014,
        "corrupt": false,
        "position_interpolated": true,
        "captured_at_utc": "2026-06-18T19:46:34.178012+00:00"
      },
      "geometry": {
        "type": "Point",
        "coordinates": [
          -114.0041881,
          46.6759406
        ]
      }
    },
    {
      "type": "Feature",
      "properties": {
        "file": "leg03_m057_b182_2026-06-18T13-46-35.jpg",
        "leg": "leg03",
        "mark_index": 57,
        "along_track_m": 57.0,
        "achieved_heading": 185.07332872319773,
        "target_bearing": 182.88651178649675,
        "fix_type": 6,
        "hacc_m": 0.014,
        "corrupt": false,
        "position_interpolated": true,
        "captured_at_utc": "2026-06-18T19:46:35.223302+00:00"
      },
      "geometry": {
        "type": "Point",
        "coordinates": [
          -114.00418878848181,
          46.67593120366358
        ]
      }
    },
    {
      "type": "Feature",
      "properties": {
        "file": "leg03_m058_b182_2026-06-18T13-46-36.jpg",
        "leg": "leg03",
        "mark_index": 58,
        "along_track_m": 58.0,
        "achieved_heading": 185.35781651077446,
        "target_bearing": 182.88651178649675,
        "fix_type": 6,
        "hacc_m": 0.014,
        "corrupt": false,
        "position_interpolated": true,
        "captured_at_utc": "2026-06-18T19:46:36.339982+00:00"
      },
      "geometry": {
        "type": "Point",
        "coordinates": [
          -114.00418959999999,
          46.675921599999995
        ]
      }
    },
    {
      "type": "Feature",
      "properties": {
        "file": "leg03_m059_b182_2026-06-18T13-46-37.jpg",
        "leg": "leg03",
        "mark_index": 59,
        "along_track_m": 59.0,
        "achieved_heading": 186.13666417074364,
        "target_bearing": 182.88651178649675,
        "fix_type": 6,
        "hacc_m": 0.014,
        "corrupt": false,
        "position_interpolated": true,
        "captured_at_utc": "2026-06-18T19:46:37.257452+00:00"
      },
      "geometry": {
        "type": "Point",
        "coordinates": [
          -114.00419055917988,
          46.67591349394212
        ]
      }
    },
    {
      "type": "Feature",
      "properties": {
        "file": "leg03_m060_b182_2026-06-18T13-46-38.jpg",
        "leg": "leg03",
        "mark_index": 60,
        "along_track_m": 60.0,
        "achieved_heading": 184.71155342742384,
        "target_bearing": 182.88651178649675,
        "fix_type": 6,
        "hacc_m": 0.014,
        "corrupt": false,
        "position_interpolated": true,
        "captured_at_utc": "2026-06-18T19:46:38.387353+00:00"
      },
      "geometry": {
        "type": "Point",
        "coordinates": [
          -114.0041914,
          46.6759042
        ]
      }
    },
    {
      "type": "Feature",
      "properties": {
        "file": "leg03_m061_b182_2026-06-18T13-46-39.jpg",
        "leg": "leg03",
        "mark_index": 61,
        "along_track_m": 61.0,
        "achieved_heading": 184.3895815746858,
        "target_bearing": 182.88651178649675,
        "fix_type": 6,
        "hacc_m": 0.014,
        "corrupt": false,
        "position_interpolated": true,
        "captured_at_utc": "2026-06-18T19:46:39.566373+00:00"
      },
      "geometry": {
        "type": "Point",
        "coordinates": [
          -114.0041924,
          46.675894799999995
        ]
      }
    },
    {
      "type": "Feature",
      "properties": {
        "file": "leg03_m062_b182_2026-06-18T13-46-40.jpg",
        "leg": "leg03",
        "mark_index": 62,
        "along_track_m": 62.0,
        "achieved_heading": 182.3139506548255,
        "target_bearing": 182.88651178649675,
        "fix_type": 6,
        "hacc_m": 0.014,
        "corrupt": false,
        "position_interpolated": true,
        "captured_at_utc": "2026-06-18T19:46:40.537532+00:00"
      },
      "geometry": {
        "type": "Point",
        "coordinates": [
          -114.00419270996395,
          46.67588648469362
        ]
      }
    },
    {
      "type": "Feature",
      "properties": {
        "file": "leg03_m063_b182_2026-06-18T13-46-41.jpg",
        "leg": "leg03",
        "mark_index": 63,
        "along_track_m": 63.0,
        "achieved_heading": 182.1622448202541,
        "target_bearing": 182.88651178649675,
        "fix_type": 6,
        "hacc_m": 0.014,
        "corrupt": false,
        "position_interpolated": true,
        "captured_at_utc": "2026-06-18T19:46:41.519253+00:00"
      },
      "geometry": {
        "type": "Point",
        "coordinates": [
          -114.00419291465909,
          46.67587782460223
        ]
      }
    },
    {
      "type": "Feature",
      "properties": {
        "file": "leg03_m064_b182_2026-06-18T13-46-42.jpg",
        "leg": "leg03",
        "mark_index": 64,
        "along_track_m": 64.0,
        "achieved_heading": 182.82066926646323,
        "target_bearing": 182.88651178649675,
        "fix_type": 6,
        "hacc_m": 0.014,
        "corrupt": false,
        "position_interpolated": true,
        "captured_at_utc": "2026-06-18T19:46:42.580755+00:00"
      },
      "geometry": {
        "type": "Point",
        "coordinates": [
          -114.004193,
          46.675869
        ]
      }
    },
    {
      "type": "Feature",
      "properties": {
        "file": "leg03_m065_b182_2026-06-18T13-46-43.jpg",
        "leg": "leg03",
        "mark_index": 65,
        "along_track_m": 65.0,
        "achieved_heading": 185.45069334610636,
        "target_bearing": 182.88651178649675,
        "fix_type": 6,
        "hacc_m": 0.014,
        "corrupt": false,
        "position_interpolated": true,
        "captured_at_utc": "2026-06-18T19:46:43.685174+00:00"
      },
      "geometry": {
        "type": "Point",
        "coordinates": [
          -114.00419347514628,
          46.675859147366864
        ]
      }
    },
    {
      "type": "Feature",
      "properties": {
        "file": "leg03_m066_b182_2026-06-18T13-46-44.jpg",
        "leg": "leg03",
        "mark_index": 66,
        "along_track_m": 66.0,
        "achieved_heading": 185.5018399036324,
        "target_bearing": 182.88651178649675,
        "fix_type": 6,
        "hacc_m": 0.014,
        "corrupt": false,
        "position_interpolated": true,
        "captured_at_utc": "2026-06-18T19:46:44.739932+00:00"
      },
      "geometry": {
        "type": "Point",
        "coordinates": [
          -114.0041945,
          46.67585
        ]
      }
    },
    {
      "type": "Feature",
      "properties": {
        "file": "leg03_m067_b182_2026-06-18T13-46-45.jpg",
        "leg": "leg03",
        "mark_index": 67,
        "along_track_m": 67.0,
        "achieved_heading": 183.938926914949,
        "target_bearing": 182.88651178649675,
        "fix_type": 6,
        "hacc_m": 0.014,
        "corrupt": false,
        "position_interpolated": true,
        "captured_at_utc": "2026-06-18T19:46:45.792408+00:00"
      },
      "geometry": {
        "type": "Point",
        "coordinates": [
          -114.0041955,
          46.675841299999995
        ]
      }
    },
    {
      "type": "Feature",
      "properties": {
        "file": "leg03_m068_b182_2026-06-18T13-46-46.jpg",
        "leg": "leg03",
        "mark_index": 68,
        "along_track_m": 68.0,
        "achieved_heading": 183.81210820424752,
        "target_bearing": 182.88651178649675,
        "fix_type": 6,
        "hacc_m": 0.014,
        "corrupt": false,
        "position_interpolated": true,
        "captured_at_utc": "2026-06-18T19:46:46.702057+00:00"
      },
      "geometry": {
        "type": "Point",
        "coordinates": [
          -114.0041962,
          46.675833122454236
        ]
      }
    },
    {
      "type": "Feature",
      "properties": {
        "file": "leg03_m069_b182_2026-06-18T13-46-48.jpg",
        "leg": "leg03",
        "mark_index": 69,
        "along_track_m": 69.0,
        "achieved_heading": 184.07112244207673,
        "target_bearing": 182.88651178649675,
        "fix_type": 6,
        "hacc_m": 0.014,
        "corrupt": false,
        "position_interpolated": true,
        "captured_at_utc": "2026-06-18T19:46:47.962624+00:00"
      },
      "geometry": {
        "type": "Point",
        "coordinates": [
          -114.00419649999999,
          46.6758229
        ]
      }
    },
    {
      "type": "Feature",
      "properties": {
        "file": "leg03_m070_b182_2026-06-18T13-46-49.jpg",
        "leg": "leg03",
        "mark_index": 70,
        "along_track_m": 70.0,
        "achieved_heading": 185.24345049929164,
        "target_bearing": 182.88651178649675,
        "fix_type": 6,
        "hacc_m": 0.014,
        "corrupt": false,
        "position_interpolated": true,
        "captured_at_utc": "2026-06-18T19:46:49.013526+00:00"
      },
      "geometry": {
        "type": "Point",
        "coordinates": [
          -114.0041967,
          46.6758141
        ]
      }
    },
    {
      "type": "Feature",
      "properties": {
        "file": "leg03_m071_b182_2026-06-18T13-46-49.jpg",
        "leg": "leg03",
        "mark_index": 71,
        "along_track_m": 71.0,
        "achieved_heading": 189.35716666792632,
        "target_bearing": 182.88651178649675,
        "fix_type": 6,
        "hacc_m": 0.014,
        "corrupt": false,
        "position_interpolated": true,
        "captured_at_utc": "2026-06-18T19:46:49.923391+00:00"
      },
      "geometry": {
        "type": "Point",
        "coordinates": [
          -114.00419809573339,
          46.67580595973252
        ]
      }
    },
    {
      "type": "Feature",
      "properties": {
        "file": "leg03_m072_b182_2026-06-18T13-46-50.jpg",
        "leg": "leg03",
        "mark_index": 72,
        "along_track_m": 72.0,
        "achieved_heading": 187.02455458921185,
        "target_bearing": 182.88651178649675,
        "fix_type": 6,
        "hacc_m": 0.014,
        "corrupt": false,
        "position_interpolated": true,
        "captured_at_utc": "2026-06-18T19:46:50.983021+00:00"
      },
      "geometry": {
        "type": "Point",
        "coordinates": [
          -114.0041993,
          46.6757971
        ]
      }
    },
    {
      "type": "Feature",
      "properties": {
        "file": "leg03_m073_b182_2026-06-18T13-46-52.jpg",
        "leg": "leg03",
        "mark_index": 73,
        "along_track_m": 73.0,
        "achieved_heading": 184.82598827649312,
        "target_bearing": 182.88651178649675,
        "fix_type": 6,
        "hacc_m": 0.014,
        "corrupt": false,
        "position_interpolated": true,
        "captured_at_utc": "2026-06-18T19:46:52.034060+00:00"
      },
      "geometry": {
        "type": "Point",
        "coordinates": [
          -114.0042002,
          46.67578757146352
        ]
      }
    },
    {
      "type": "Feature",
      "properties": {
        "file": "leg03_m074_b182_2026-06-18T13-46-53.jpg",
        "leg": "leg03",
        "mark_index": 74,
        "along_track_m": 74.0,
        "achieved_heading": 184.8937611036745,
        "target_bearing": 182.88651178649675,
        "fix_type": 6,
        "hacc_m": 0.014,
        "corrupt": false,
        "position_interpolated": true,
        "captured_at_utc": "2026-06-18T19:46:53.153207+00:00"
      },
      "geometry": {
        "type": "Point",
        "coordinates": [
          -114.0042009,
          46.6757783
        ]
      }
    },
    {
      "type": "Feature",
      "properties": {
        "file": "leg03_m075_b182_2026-06-18T13-46-54.jpg",
        "leg": "leg03",
        "mark_index": 75,
        "along_track_m": 75.0,
        "achieved_heading": 184.3271462894528,
        "target_bearing": 182.88651178649675,
        "fix_type": 6,
        "hacc_m": 0.014,
        "corrupt": false,
        "position_interpolated": true,
        "captured_at_utc": "2026-06-18T19:46:54.200632+00:00"
      },
      "geometry": {
        "type": "Point",
        "coordinates": [
          -114.0042016,
          46.6757698
        ]
      }
    },
    {
      "type": "Feature",
      "properties": {
        "file": "leg03_m076_b182_2026-06-18T13-46-55.jpg",
        "leg": "leg03",
        "mark_index": 76,
        "along_track_m": 76.0,
        "achieved_heading": 183.4127584647061,
        "target_bearing": 182.88651178649675,
        "fix_type": 6,
        "hacc_m": 0.014,
        "corrupt": false,
        "position_interpolated": true,
        "captured_at_utc": "2026-06-18T19:46:55.184928+00:00"
      },
      "geometry": {
        "type": "Point",
        "coordinates": [
          -114.0042022,
          46.675761
        ]
      }
    },
    {
      "type": "Feature",
      "properties": {
        "file": "leg03_m077_b182_2026-06-18T13-46-56.jpg",
        "leg": "leg03",
        "mark_index": 77,
        "along_track_m": 77.0,
        "achieved_heading": 183.6947250494366,
        "target_bearing": 182.88651178649675,
        "fix_type": 6,
        "hacc_m": 0.014,
        "corrupt": false,
        "position_interpolated": true,
        "captured_at_utc": "2026-06-18T19:46:56.375970+00:00"
      },
      "geometry": {
        "type": "Point",
        "coordinates": [
          -114.0042021,
          46.675750799999996
        ]
      }
    },
    {
      "type": "Feature",
      "properties": {
        "file": "leg03_m078_b182_2026-06-18T13-46-57.jpg",
        "leg": "leg03",
        "mark_index": 78,
        "along_track_m": 78.0,
        "achieved_heading": 185.69758468837347,
        "target_bearing": 182.88651178649675,
        "fix_type": 6,
        "hacc_m": 0.014,
        "corrupt": false,
        "position_interpolated": true,
        "captured_at_utc": "2026-06-18T19:46:57.291686+00:00"
      },
      "geometry": {
        "type": "Point",
        "coordinates": [
          -114.00420275426427,
          46.675742565885805
        ]
      }
    },
    {
      "type": "Feature",
      "properties": {
        "file": "leg03_m079_b182_2026-06-18T13-46-58.jpg",
        "leg": "leg03",
        "mark_index": 79,
        "along_track_m": 79.0,
        "achieved_heading": 186.79346617235205,
        "target_bearing": 182.88651178649675,
        "fix_type": 6,
        "hacc_m": 0.014,
        "corrupt": false,
        "position_interpolated": true,
        "captured_at_utc": "2026-06-18T19:46:58.413418+00:00"
      },
      "geometry": {
        "type": "Point",
        "coordinates": [
          -114.0042036,
          46.6757339
        ]
      }
    },
    {
      "type": "Feature",
      "properties": {
        "file": "leg03_m080_b182_2026-06-18T13-46-59.jpg",
        "leg": "leg03",
        "mark_index": 80,
        "along_track_m": 80.0,
        "achieved_heading": 187.63127358448276,
        "target_bearing": 182.88651178649675,
        "fix_type": 6,
        "hacc_m": 0.014,
        "corrupt": false,
        "position_interpolated": true,
        "captured_at_utc": "2026-06-18T19:46:59.384498+00:00"
      },
      "geometry": {
        "type": "Point",
        "coordinates": [
          -114.00420439999999,
          46.6757251
        ]
      }
    },
    {
      "type": "Feature",
      "properties": {
        "file": "leg03_m081_b182_2026-06-18T13-47-00.jpg",
        "leg": "leg03",
        "mark_index": 81,
        "along_track_m": 81.0,
        "achieved_heading": 186.0315990117693,
        "target_bearing": 182.88651178649675,
        "fix_type": 6,
        "hacc_m": 0.014,
        "corrupt": false,
        "position_interpolated": true,
        "captured_at_utc": "2026-06-18T19:47:00.436303+00:00"
      },
      "geometry": {
        "type": "Point",
        "coordinates": [
          -114.00420534715501,
          46.67571559836468
        ]
      }
    },
    {
      "type": "Feature",
      "properties": {
        "file": "leg03_m082_b182_2026-06-18T13-47-01.jpg",
        "leg": "leg03",
        "mark_index": 82,
        "along_track_m": 82.0,
        "achieved_heading": 186.88002645504173,
        "target_bearing": 182.88651178649675,
        "fix_type": 6,
        "hacc_m": 0.014,
        "corrupt": false,
        "position_interpolated": true,
        "captured_at_utc": "2026-06-18T19:47:01.497581+00:00"
      },
      "geometry": {
        "type": "Point",
        "coordinates": [
          -114.00420605629051,
          46.6757065278211
        ]
      }
    },
    {
      "type": "Feature",
      "properties": {
        "file": "leg03_m083_b182_2026-06-18T13-47-02.jpg",
        "leg": "leg03",
        "mark_index": 83,
        "along_track_m": 83.0,
        "achieved_heading": 185.71447050737254,
        "target_bearing": 182.88651178649675,
        "fix_type": 6,
        "hacc_m": 0.014,
        "corrupt": false,
        "position_interpolated": true,
        "captured_at_utc": "2026-06-18T19:47:02.538988+00:00"
      },
      "geometry": {
        "type": "Point",
        "coordinates": [
          -114.004207,
          46.675697799999995
        ]
      }
    },
    {
      "type": "Feature",
      "properties": {
        "file": "leg03_m084_b182_2026-06-18T13-47-03.jpg",
        "leg": "leg03",
        "mark_index": 84,
        "along_track_m": 84.0,
        "achieved_heading": 184.4291711007912,
        "target_bearing": 182.88651178649675,
        "fix_type": 6,
        "hacc_m": 0.014,
        "corrupt": false,
        "position_interpolated": true,
        "captured_at_utc": "2026-06-18T19:47:03.586111+00:00"
      },
      "geometry": {
        "type": "Point",
        "coordinates": [
          -114.0042074,
          46.675689
        ]
      }
    },
    {
      "type": "Feature",
      "properties": {
        "file": "leg03_m085_b182_2026-06-18T13-47-04.jpg",
        "leg": "leg03",
        "mark_index": 85,
        "along_track_m": 85.0,
        "achieved_heading": 183.23761382270726,
        "target_bearing": 182.88651178649675,
        "fix_type": 6,
        "hacc_m": 0.014,
        "corrupt": false,
        "position_interpolated": true,
        "captured_at_utc": "2026-06-18T19:47:04.492245+00:00"
      },
      "geometry": {
        "type": "Point",
        "coordinates": [
          -114.0042079754951,
          46.6756805410879
        ]
      }
    },
    {
      "type": "Feature",
      "properties": {
        "file": "leg03_m086_b182_2026-06-18T13-47-05.jpg",
        "leg": "leg03",
        "mark_index": 86,
        "along_track_m": 86.0,
        "achieved_heading": 183.53767072737224,
        "target_bearing": 182.88651178649675,
        "fix_type": 6,
        "hacc_m": 0.014,
        "corrupt": false,
        "position_interpolated": true,
        "captured_at_utc": "2026-06-18T19:47:05.551074+00:00"
      },
      "geometry": {
        "type": "Point",
        "coordinates": [
          -114.0042082,
          46.6756713
        ]
      }
    },
    {
      "type": "Feature",
      "properties": {
        "file": "leg03_m087_b182_2026-06-18T13-47-06.jpg",
        "leg": "leg03",
        "mark_index": 87,
        "along_track_m": 87.0,
        "achieved_heading": 184.29836386611763,
        "target_bearing": 182.88651178649675,
        "fix_type": 6,
        "hacc_m": 0.014,
        "corrupt": false,
        "position_interpolated": true,
        "captured_at_utc": "2026-06-18T19:47:06.675108+00:00"
      },
      "geometry": {
        "type": "Point",
        "coordinates": [
          -114.00420846277767,
          46.675661632779565
        ]
      }
    },
    {
      "type": "Feature",
      "properties": {
        "file": "leg03_m088_b182_2026-06-18T13-47-07.jpg",
        "leg": "leg03",
        "mark_index": 88,
        "along_track_m": 88.0,
        "achieved_heading": 186.3855108933185,
        "target_bearing": 182.88651178649675,
        "fix_type": 6,
        "hacc_m": 0.014,
        "corrupt": false,
        "position_interpolated": true,
        "captured_at_utc": "2026-06-18T19:47:07.718938+00:00"
      },
      "geometry": {
        "type": "Point",
        "coordinates": [
          -114.00420888824868,
          46.67565219977234
        ]
      }
    },
    {
      "type": "Feature",
      "properties": {
        "file": "leg03_m089_b182_2026-06-18T13-47-08.jpg",
        "leg": "leg03",
        "mark_index": 89,
        "along_track_m": 89.0,
        "achieved_heading": 187.44596284918117,
        "target_bearing": 182.88651178649675,
        "fix_type": 6,
        "hacc_m": 0.014,
        "corrupt": false,
        "position_interpolated": true,
        "captured_at_utc": "2026-06-18T19:47:08.771538+00:00"
      },
      "geometry": {
        "type": "Point",
        "coordinates": [
          -114.00420969999999,
          46.6756433
        ]
      }
    },
    {
      "type": "Feature",
      "properties": {
        "file": "leg03_m090_b182_2026-06-18T13-47-09.jpg",
        "leg": "leg03",
        "mark_index": 90,
        "along_track_m": 90.0,
        "achieved_heading": 187.10607007310574,
        "target_bearing": 182.88651178649675,
        "fix_type": 6,
        "hacc_m": 0.014,
        "corrupt": false,
        "position_interpolated": true,
        "captured_at_utc": "2026-06-18T19:47:09.675801+00:00"
      },
      "geometry": {
        "type": "Point",
        "coordinates": [
          -114.004210637603,
          46.67563519917605
        ]
      }
    },
    {
      "type": "Feature",
      "properties": {
        "file": "leg03_m091_b182_2026-06-18T13-47-10.jpg",
        "leg": "leg03",
        "mark_index": 91,
        "along_track_m": 91.0,
        "achieved_heading": 186.99022119311746,
        "target_bearing": 182.88651178649675,
        "fix_type": 6,
        "hacc_m": 0.014,
        "corrupt": false,
        "position_interpolated": true,
        "captured_at_utc": "2026-06-18T19:47:10.737875+00:00"
      },
      "geometry": {
        "type": "Point",
        "coordinates": [
          -114.00421138534098,
          46.675626031931095
        ]
      }
    },
    {
      "type": "Feature",
      "properties": {
        "file": "leg03_m092_b182_2026-06-18T13-47-11.jpg",
        "leg": "leg03",
        "mark_index": 92,
        "along_track_m": 92.0,
        "achieved_heading": 185.24812819726947,
        "target_bearing": 182.88651178649675,
        "fix_type": 6,
        "hacc_m": 0.014,
        "corrupt": false,
        "position_interpolated": true,
        "captured_at_utc": "2026-06-18T19:47:11.706481+00:00"
      },
      "geometry": {
        "type": "Point",
        "coordinates": [
          -114.00421166571724,
          46.675617508544924
        ]
      }
    },
    {
      "type": "Feature",
      "properties": {
        "file": "leg03_m093_b182_2026-06-18T13-47-13.jpg",
        "leg": "leg03",
        "mark_index": 93,
        "along_track_m": 93.0,
        "achieved_heading": 187.19151513783862,
        "target_bearing": 182.88651178649675,
        "fix_type": 6,
        "hacc_m": 0.014,
        "corrupt": false,
        "position_interpolated": true,
        "captured_at_utc": "2026-06-18T19:47:12.957870+00:00"
      },
      "geometry": {
        "type": "Point",
        "coordinates": [
          -114.00421229999999,
          46.6756071
        ]
      }
    },
    {
      "type": "Feature",
      "properties": {
        "file": "leg03_m094_b182_2026-06-18T13-47-13.jpg",
        "leg": "leg03",
        "mark_index": 94,
        "along_track_m": 94.0,
        "achieved_heading": 187.90495320253672,
        "target_bearing": 182.88651178649675,
        "fix_type": 6,
        "hacc_m": 0.014,
        "corrupt": false,
        "position_interpolated": true,
        "captured_at_utc": "2026-06-18T19:47:13.877176+00:00"
      },
      "geometry": {
        "type": "Point",
        "coordinates": [
          -114.00421320627063,
          46.675598662376146
        ]
      }
    },
    {
      "type": "Feature",
      "properties": {
        "file": "leg03_m095_b182_2026-06-18T13-47-15.jpg",
        "leg": "leg03",
        "mark_index": 95,
        "along_track_m": 95.0,
        "achieved_heading": 185.92748880619445,
        "target_bearing": 182.88651178649675,
        "fix_type": 6,
        "hacc_m": 0.014,
        "corrupt": false,
        "position_interpolated": true,
        "captured_at_utc": "2026-06-18T19:47:14.995260+00:00"
      },
      "geometry": {
        "type": "Point",
        "coordinates": [
          -114.00421399999999,
          46.6755894
        ]
      }
    },
    {
      "type": "Feature",
      "properties": {
        "file": "leg03_m096_b182_2026-06-18T13-47-15.jpg",
        "leg": "leg03",
        "mark_index": 96,
        "along_track_m": 96.0,
        "achieved_heading": 184.86120326006596,
        "target_bearing": 182.88651178649675,
        "fix_type": 6,
        "hacc_m": 0.014,
        "corrupt": false,
        "position_interpolated": true,
        "captured_at_utc": "2026-06-18T19:47:15.902373+00:00"
      },
      "geometry": {
        "type": "Point",
        "coordinates": [
          -114.00421466132045,
          46.67558114811593
        ]
      }
    },
    {
      "type": "Feature",
      "properties": {
        "file": "leg03_m097_b182_2026-06-18T13-47-16.jpg",
        "leg": "leg03",
        "mark_index": 97,
        "along_track_m": 97.0,
        "achieved_heading": 184.50851827895173,
        "target_bearing": 182.88651178649675,
        "fix_type": 6,
        "hacc_m": 0.014,
        "corrupt": false,
        "position_interpolated": true,
        "captured_at_utc": "2026-06-18T19:47:16.882860+00:00"
      },
      "geometry": {
        "type": "Point",
        "coordinates": [
          -114.00421513745565,
          46.67557290035473
        ]
      }
    },
    {
      "type": "Feature",
      "properties": {
        "file": "leg03_m098_b182_2026-06-18T13-47-17.jpg",
        "leg": "leg03",
        "mark_index": 98,
        "along_track_m": 98.0,
        "achieved_heading": 184.50147551645557,
        "target_bearing": 182.88651178649675,
        "fix_type": 6,
        "hacc_m": 0.014,
        "corrupt": false,
        "position_interpolated": true,
        "captured_at_utc": "2026-06-18T19:47:17.927333+00:00"
      },
      "geometry": {
        "type": "Point",
        "coordinates": [
          -114.00421549215189,
          46.67556373341806
        ]
      }
    },
    {
      "type": "Feature",
      "properties": {
        "file": "leg03_m099_b182_2026-06-18T13-47-19.jpg",
        "leg": "leg03",
        "mark_index": 99,
        "along_track_m": 99.0,
        "achieved_heading": 185.28897912298297,
        "target_bearing": 182.88651178649675,
        "fix_type": 6,
        "hacc_m": 0.014,
        "corrupt": false,
        "position_interpolated": true,
        "captured_at_utc": "2026-06-18T19:47:19.051709+00:00"
      },
      "geometry": {
        "type": "Point",
        "coordinates": [
          -114.00421639816913,
          46.675553816477795
        ]
      }
    },
    {
      "type": "Feature",
      "properties": {
        "file": "leg03_m100_b182_2026-06-18T13-47-20.jpg",
        "leg": "leg03",
        "mark_index": 100,
        "along_track_m": 100.0,
        "achieved_heading": 184.7410127859003,
        "target_bearing": 182.88651178649675,
        "fix_type": 6,
        "hacc_m": 0.014,
        "corrupt": false,
        "position_interpolated": true,
        "captured_at_utc": "2026-06-18T19:47:20.101041+00:00"
      },
      "geometry": {
        "type": "Point",
        "coordinates": [
          -114.00421697349748,
          46.6755446770453
        ]
      }
    },
    {
      "type": "Feature",
      "properties": {
        "file": "leg03_m101_b182_2026-06-18T13-47-21.jpg",
        "leg": "leg03",
        "mark_index": 101,
        "along_track_m": 101.0,
        "achieved_heading": 185.19214058109353,
        "target_bearing": 182.88651178649675,
        "fix_type": 6,
        "hacc_m": 0.014,
        "corrupt": false,
        "position_interpolated": true,
        "captured_at_utc": "2026-06-18T19:47:21.171743+00:00"
      },
      "geometry": {
        "type": "Point",
        "coordinates": [
          -114.0042174,
          46.675535499999995
        ]
      }
    },
    {
      "type": "Feature",
      "properties": {
        "file": "leg03_m102_b182_2026-06-18T13-47-22.jpg",
        "leg": "leg03",
        "mark_index": 102,
        "along_track_m": 102.0,
        "achieved_heading": 185.16033394122067,
        "target_bearing": 182.88651178649675,
        "fix_type": 6,
        "hacc_m": 0.014,
        "corrupt": false,
        "position_interpolated": true,
        "captured_at_utc": "2026-06-18T19:47:22.145849+00:00"
      },
      "geometry": {
        "type": "Point",
        "coordinates": [
          -114.00421828997226,
          46.675526790249606
        ]
      }
    },
    {
      "type": "Feature",
      "properties": {
        "file": "leg03_m103_b182_2026-06-18T13-47-23.jpg",
        "leg": "leg03",
        "mark_index": 103,
        "along_track_m": 103.0,
        "achieved_heading": 185.36277957906125,
        "target_bearing": 182.88651178649675,
        "fix_type": 6,
        "hacc_m": 0.014,
        "corrupt": false,
        "position_interpolated": true,
        "captured_at_utc": "2026-06-18T19:47:23.123821+00:00"
      },
      "geometry": {
        "type": "Point",
        "coordinates": [
          -114.00421917337835,
          46.67551832628405
        ]
      }
    },
    {
      "type": "Feature",
      "properties": {
        "file": "leg03_m104_b182_2026-06-18T13-47-24.jpg",
        "leg": "leg03",
        "mark_index": 104,
        "along_track_m": 104.0,
        "achieved_heading": 185.21745418594753,
        "target_bearing": 182.88651178649675,
        "fix_type": 6,
        "hacc_m": 0.014,
        "corrupt": false,
        "position_interpolated": true,
        "captured_at_utc": "2026-06-18T19:47:24.183092+00:00"
      },
      "geometry": {
        "type": "Point",
        "coordinates": [
          -114.0042198,
          46.675509399999996
        ]
      }
    },
    {
      "type": "Feature",
      "properties": {
        "file": "leg03_m105_b182_2026-06-18T13-47-25.jpg",
        "leg": "leg03",
        "mark_index": 105,
        "along_track_m": 105.0,
        "achieved_heading": 186.4410923753918,
        "target_bearing": 182.88651178649675,
        "fix_type": 6,
        "hacc_m": 0.014,
        "corrupt": false,
        "position_interpolated": true,
        "captured_at_utc": "2026-06-18T19:47:25.306133+00:00"
      },
      "geometry": {
        "type": "Point",
        "coordinates": [
          -114.00422015645469,
          46.67549939190773
        ]
      }
    },
    {
      "type": "Feature",
      "properties": {
        "file": "leg03_m106_b182_2026-06-18T13-47-26.jpg",
        "leg": "leg03",
        "mark_index": 106,
        "along_track_m": 106.0,
        "achieved_heading": 186.4013115149707,
        "target_bearing": 182.88651178649675,
        "fix_type": 6,
        "hacc_m": 0.014,
        "corrupt": false,
        "position_interpolated": true,
        "captured_at_utc": "2026-06-18T19:47:26.295310+00:00"
      },
      "geometry": {
        "type": "Point",
        "coordinates": [
          -114.00422094494535,
          46.67549066796458
        ]
      }
    },
    {
      "type": "Feature",
      "properties": {
        "file": "leg03_m107_b182_2026-06-18T13-47-27.jpg",
        "leg": "leg03",
        "mark_index": 107,
        "along_track_m": 107.0,
        "achieved_heading": 185.62677847092272,
        "target_bearing": 182.88651178649675,
        "fix_type": 6,
        "hacc_m": 0.014,
        "corrupt": false,
        "position_interpolated": true,
        "captured_at_utc": "2026-06-18T19:47:27.340832+00:00"
      },
      "geometry": {
        "type": "Point",
        "coordinates": [
          -114.00422189339133,
          46.67548165617357
        ]
      }
    },
    {
      "type": "Feature",
      "properties": {
        "file": "leg03_m108_b182_2026-06-18T13-47-28.jpg",
        "leg": "leg03",
        "mark_index": 108,
        "along_track_m": 108.0,
        "achieved_heading": 184.07687335097205,
        "target_bearing": 182.88651178649675,
        "fix_type": 6,
        "hacc_m": 0.014,
        "corrupt": false,
        "position_interpolated": true,
        "captured_at_utc": "2026-06-18T19:47:28.391614+00:00"
      },
      "geometry": {
        "type": "Point",
        "coordinates": [
          -114.0042225,
          46.6754732
        ]
      }
    },
    {
      "type": "Feature",
      "properties": {
        "file": "leg03_m109_b182_2026-06-18T13-47-29.jpg",
        "leg": "leg03",
        "mark_index": 109,
        "along_track_m": 109.0,
        "achieved_heading": 184.49730332425247,
        "target_bearing": 182.88651178649675,
        "fix_type": 6,
        "hacc_m": 0.014,
        "corrupt": false,
        "position_interpolated": true,
        "captured_at_utc": "2026-06-18T19:47:29.378567+00:00"
      },
      "geometry": {
        "type": "Point",
        "coordinates": [
          -114.00422259999999,
          46.6754648
        ]
      }
    },
    {
      "type": "Feature",
      "properties": {
        "file": "leg03_m110_b182_2026-06-18T13-47-30.jpg",
        "leg": "leg03",
        "mark_index": 110,
        "along_track_m": 110.0,
        "achieved_heading": 185.06746285803558,
        "target_bearing": 182.88651178649675,
        "fix_type": 6,
        "hacc_m": 0.014,
        "corrupt": false,
        "position_interpolated": true,
        "captured_at_utc": "2026-06-18T19:47:30.428318+00:00"
      },
      "geometry": {
        "type": "Point",
        "coordinates": [
          -114.00422273944561,
          46.67545552942458
        ]
      }
    },
    {
      "type": "Feature",
      "properties": {
        "file": "leg03_m111_b182_2026-06-18T13-47-31.jpg",
        "leg": "leg03",
        "mark_index": 111,
        "along_track_m": 111.0,
        "achieved_heading": 187.57283877585712,
        "target_bearing": 182.88651178649675,
        "fix_type": 6,
        "hacc_m": 0.014,
        "corrupt": false,
        "position_interpolated": true,
        "captured_at_utc": "2026-06-18T19:47:31.558134+00:00"
      },
      "geometry": {
        "type": "Point",
        "coordinates": [
          -114.0042234,
          46.6754457
        ]
      }
    },
    {
      "type": "Feature",
      "properties": {
        "file": "leg03_m112_b182_2026-06-18T13-47-32.jpg",
        "leg": "leg03",
        "mark_index": 112,
        "along_track_m": 112.0,
        "achieved_heading": 187.79948430820448,
        "target_bearing": 182.88651178649675,
        "fix_type": 6,
        "hacc_m": 0.014,
        "corrupt": false,
        "position_interpolated": true,
        "captured_at_utc": "2026-06-18T19:47:32.597443+00:00"
      },
      "geometry": {
        "type": "Point",
        "coordinates": [
          -114.0042246,
          46.6754368
        ]
      }
    },
    {
      "type": "Feature",
      "properties": {
        "file": "leg03_m113_b182_2026-06-18T13-47-33.jpg",
        "leg": "leg03",
        "mark_index": 113,
        "along_track_m": 113.0,
        "achieved_heading": 186.52624934378326,
        "target_bearing": 182.88651178649675,
        "fix_type": 6,
        "hacc_m": 0.014,
        "corrupt": false,
        "position_interpolated": true,
        "captured_at_utc": "2026-06-18T19:47:33.527864+00:00"
      },
      "geometry": {
        "type": "Point",
        "coordinates": [
          -114.0042259888431,
          46.67542831198079
        ]
      }
    },
    {
      "type": "Feature",
      "properties": {
        "file": "leg03_m114_b182_2026-06-18T13-47-34.jpg",
        "leg": "leg03",
        "mark_index": 114,
        "along_track_m": 114.0,
        "achieved_heading": 183.99901421431818,
        "target_bearing": 182.88651178649675,
        "fix_type": 6,
        "hacc_m": 0.014,
        "corrupt": false,
        "position_interpolated": true,
        "captured_at_utc": "2026-06-18T19:47:34.628320+00:00"
      },
      "geometry": {
        "type": "Point",
        "coordinates": [
          -114.00422669999999,
          46.6754196
        ]
      }
    },
    {
      "type": "Feature",
      "properties": {
        "file": "leg03_m115_b182_2026-06-18T13-47-35.jpg",
        "leg": "leg03",
        "mark_index": 115,
        "along_track_m": 115.0,
        "achieved_heading": 183.95732224835473,
        "target_bearing": 182.88651178649675,
        "fix_type": 6,
        "hacc_m": 0.014,
        "corrupt": false,
        "position_interpolated": true,
        "captured_at_utc": "2026-06-18T19:47:35.680884+00:00"
      },
      "geometry": {
        "type": "Point",
        "coordinates": [
          -114.004227,
          46.675409901118435
        ]
      }
    },
    {
      "type": "Feature",
      "properties": {
        "file": "leg03_m116_b182_2026-06-18T13-47-36.jpg",
        "leg": "leg03",
        "mark_index": 116,
        "along_track_m": 116.0,
        "achieved_heading": 183.60875711438416,
        "target_bearing": 182.88651178649675,
        "fix_type": 6,
        "hacc_m": 0.014,
        "corrupt": false,
        "position_interpolated": true,
        "captured_at_utc": "2026-06-18T19:47:36.661974+00:00"
      },
      "geometry": {
        "type": "Point",
        "coordinates": [
          -114.00422764688567,
          46.67540134394211
        ]
      }
    },
    {
      "type": "Feature",
      "properties": {
        "file": "leg03_m117_b182_2026-06-18T13-47-37.jpg",
        "leg": "leg03",
        "mark_index": 117,
        "along_track_m": 117.0,
        "achieved_heading": 184.20102329343464,
        "target_bearing": 182.88651178649675,
        "fix_type": 6,
        "hacc_m": 0.014,
        "corrupt": false,
        "position_interpolated": true,
        "captured_at_utc": "2026-06-18T19:47:37.781518+00:00"
      },
      "geometry": {
        "type": "Point",
        "coordinates": [
          -114.00422789999999,
          46.6753917
        ]
      }
    },
    {
      "type": "Feature",
      "properties": {
        "file": "leg03_m118_b182_2026-06-18T13-47-38.jpg",
        "leg": "leg03",
        "mark_index": 118,
        "along_track_m": 118.0,
        "achieved_heading": 186.25543298599973,
        "target_bearing": 182.88651178649675,
        "fix_type": 6,
        "hacc_m": 0.014,
        "corrupt": false,
        "position_interpolated": true,
        "captured_at_utc": "2026-06-18T19:47:38.686895+00:00"
      },
      "geometry": {
        "type": "Point",
        "coordinates": [
          -114.00422859999999,
          46.67538361748545
        ]
      }
    },
    {
      "type": "Feature",
      "properties": {
        "file": "leg03_m119_b182_2026-06-18T13-47-39.jpg",
        "leg": "leg03",
        "mark_index": 119,
        "along_track_m": 119.0,
        "achieved_heading": 184.95768878624054,
        "target_bearing": 182.88651178649675,
        "fix_type": 6,
        "hacc_m": 0.014,
        "corrupt": false,
        "position_interpolated": true,
        "captured_at_utc": "2026-06-18T19:47:39.757232+00:00"
      },
      "geometry": {
        "type": "Point",
        "coordinates": [
          -114.0042294,
          46.6753741
        ]
      }
    },
    {
      "type": "Feature",
      "properties": {
        "file": "leg03_m120_b182_2026-06-18T13-47-40.jpg",
        "leg": "leg03",
        "mark_index": 120,
        "along_track_m": 120.0,
        "achieved_heading": 182.7076961246621,
        "target_bearing": 182.88651178649675,
        "fix_type": 6,
        "hacc_m": 0.014,
        "corrupt": false,
        "position_interpolated": true,
        "captured_at_utc": "2026-06-18T19:47:40.887668+00:00"
      },
      "geometry": {
        "type": "Point",
        "coordinates": [
          -114.00422979999999,
          46.6753654
        ]
      }
    },
    {
      "type": "Feature",
      "properties": {
        "file": "leg03_m121_b182_2026-06-18T13-47-41.jpg",
        "leg": "leg03",
        "mark_index": 121,
        "along_track_m": 121.0,
        "achieved_heading": 184.94040805301373,
        "target_bearing": 182.88651178649675,
        "fix_type": 6,
        "hacc_m": 0.014,
        "corrupt": false,
        "position_interpolated": true,
        "captured_at_utc": "2026-06-18T19:47:41.771156+00:00"
      },
      "geometry": {
        "type": "Point",
        "coordinates": [
          -114.00422999999999,
          46.6753569
        ]
      }
    },
    {
      "type": "Feature",
      "properties": {
        "file": "leg03_m122_b182_2026-06-18T13-47-42.jpg",
        "leg": "leg03",
        "mark_index": 122,
        "along_track_m": 122.0,
        "achieved_heading": 186.30043892951596,
        "target_bearing": 182.88651178649675,
        "fix_type": 6,
        "hacc_m": 0.014,
        "corrupt": false,
        "position_interpolated": true,
        "captured_at_utc": "2026-06-18T19:47:42.826902+00:00"
      },
      "geometry": {
        "type": "Point",
        "coordinates": [
          -114.0042310657785,
          46.67534747510415
        ]
      }
    },
    {
      "type": "Feature",
      "properties": {
        "file": "leg03_m123_b182_2026-06-18T13-47-43.jpg",
        "leg": "leg03",
        "mark_index": 123,
        "along_track_m": 123.0,
        "achieved_heading": 186.13693263636173,
        "target_bearing": 182.88651178649675,
        "fix_type": 6,
        "hacc_m": 0.014,
        "corrupt": false,
        "position_interpolated": true,
        "captured_at_utc": "2026-06-18T19:47:43.817140+00:00"
      },
      "geometry": {
        "type": "Point",
        "coordinates": [
          -114.00423183493382,
          46.67533870612505
        ]
      }
    },
    {
      "type": "Feature",
      "properties": {
        "file": "leg03_m124_b182_2026-06-18T13-47-45.jpg",
        "leg": "leg03",
        "mark_index": 124,
        "along_track_m": 124.0,
        "achieved_heading": 186.35959892336356,
        "target_bearing": 182.88651178649675,
        "fix_type": 6,
        "hacc_m": 0.014,
        "corrupt": false,
        "position_interpolated": true,
        "captured_at_utc": "2026-06-18T19:47:44.925339+00:00"
      },
      "geometry": {
        "type": "Point",
        "coordinates": [
          -114.0042327862176,
          46.67532894808319
        ]
      }
    },
    {
      "type": "Feature",
      "properties": {
        "file": "leg03_m125_b182_2026-06-18T13-47-46.jpg",
        "leg": "leg03",
        "mark_index": 125,
        "along_track_m": 125.0,
        "achieved_heading": 185.79733305016867,
        "target_bearing": 182.88651178649675,
        "fix_type": 6,
        "hacc_m": 0.014,
        "corrupt": false,
        "position_interpolated": true,
        "captured_at_utc": "2026-06-18T19:47:45.971949+00:00"
      },
      "geometry": {
        "type": "Point",
        "coordinates": [
          -114.00423389999999,
          46.6753198
        ]
      }
    },
    {
      "type": "Feature",
      "properties": {
        "file": "leg04_m000_b272_2026-06-18T13-47-50.jpg",
        "leg": "leg04",
        "mark_index": 0,
        "along_track_m": 0.0,
        "achieved_heading": 270.67073497026394,
        "target_bearing": 272.9047650887794,
        "fix_type": 6,
        "hacc_m": 0.014,
        "corrupt": false,
        "position_interpolated": true,
        "captured_at_utc": "2026-06-18T19:47:50.453100+00:00"
      },
      "geometry": {
        "type": "Point",
        "coordinates": [
          -114.0042352,
          46.675314199999995
        ]
      }
    },
    {
      "type": "Feature",
      "properties": {
        "file": "leg04_m001_b272_2026-06-18T13-47-51.jpg",
        "leg": "leg04",
        "mark_index": 1,
        "along_track_m": 1.0,
        "achieved_heading": 271.0550177634582,
        "target_bearing": 272.9047650887794,
        "fix_type": 6,
        "hacc_m": 0.014,
        "corrupt": false,
        "position_interpolated": true,
        "captured_at_utc": "2026-06-18T19:47:51.916276+00:00"
      },
      "geometry": {
        "type": "Point",
        "coordinates": [
          -114.00424846397422,
          46.675313599999996
        ]
      }
    },
    {
      "type": "Feature",
      "properties": {
        "file": "leg04_m002_b272_2026-06-18T13-47-52.jpg",
        "leg": "leg04",
        "mark_index": 2,
        "along_track_m": 2.0,
        "achieved_heading": 277.5433064270786,
        "target_bearing": 272.9047650887794,
        "fix_type": 6,
        "hacc_m": 0.014,
        "corrupt": false,
        "position_interpolated": true,
        "captured_at_utc": "2026-06-18T19:47:52.891599+00:00"
      },
      "geometry": {
        "type": "Point",
        "coordinates": [
          -114.00426081188388,
          46.675313241621026
        ]
      }
    },
    {
      "type": "Feature",
      "properties": {
        "file": "leg04_m003_b272_2026-06-18T13-47-53.jpg",
        "leg": "leg04",
        "mark_index": 3,
        "along_track_m": 3.0,
        "achieved_heading": 289.01225990799185,
        "target_bearing": 272.9047650887794,
        "fix_type": 6,
        "hacc_m": 0.014,
        "corrupt": false,
        "position_interpolated": true,
        "captured_at_utc": "2026-06-18T19:47:53.884597+00:00"
      },
      "geometry": {
        "type": "Point",
        "coordinates": [
          -114.00427395894043,
          46.675314138257775
        ]
      }
    },
    {
      "type": "Feature",
      "properties": {
        "file": "leg04_m004_b272_2026-06-18T13-47-55.jpg",
        "leg": "leg04",
        "mark_index": 4,
        "along_track_m": 4.0,
        "achieved_heading": 295.6223593988571,
        "target_bearing": 272.9047650887794,
        "fix_type": 6,
        "hacc_m": 0.014,
        "corrupt": false,
        "position_interpolated": true,
        "captured_at_utc": "2026-06-18T19:47:54.936530+00:00"
      },
      "geometry": {
        "type": "Point",
        "coordinates": [
          -114.00428717751979,
          46.67531661937995
        ]
      }
    },
    {
      "type": "Feature",
      "properties": {
        "file": "leg04_m005_b272_2026-06-18T13-47-55.jpg",
        "leg": "leg04",
        "mark_index": 5,
        "along_track_m": 4.837,
        "achieved_heading": 296.8347380933539,
        "target_bearing": 272.9047650887794,
        "fix_type": 6,
        "hacc_m": 0.014,
        "corrupt": false,
        "position_interpolated": true,
        "captured_at_utc": "2026-06-18T19:47:55.776254+00:00"
      },
      "geometry": {
        "type": "Point",
        "coordinates": [
          -114.0042974,
          46.6753189
        ]
      }
    },
    {
      "type": "Feature",
      "properties": {
        "file": "leg05_m000_b002_2026-06-18T13-47-59.jpg",
        "leg": "leg05",
        "mark_index": 0,
        "along_track_m": 0.0,
        "achieved_heading": 358.66404616040893,
        "target_bearing": 2.886403940576429,
        "fix_type": 6,
        "hacc_m": 0.014,
        "corrupt": false,
        "position_interpolated": true,
        "captured_at_utc": "2026-06-18T19:47:59.064064+00:00"
      },
      "geometry": {
        "type": "Point",
        "coordinates": [
          -114.0043039,
          46.675320299999996
        ]
      }
    },
    {
      "type": "Feature",
      "properties": {
        "file": "leg05_m001_b002_2026-06-18T13-48-00.jpg",
        "leg": "leg05",
        "mark_index": 1,
        "along_track_m": 1.0,
        "achieved_heading": 354.55009459981056,
        "target_bearing": 2.886403940576429,
        "fix_type": 6,
        "hacc_m": 0.014,
        "corrupt": false,
        "position_interpolated": true,
        "captured_at_utc": "2026-06-18T19:48:00.665562+00:00"
      },
      "geometry": {
        "type": "Point",
        "coordinates": [
          -114.0043063,
          46.6753292
        ]
      }
    },
    {
      "type": "Feature",
      "properties": {
        "file": "leg05_m002_b002_2026-06-18T13-48-01.jpg",
        "leg": "leg05",
        "mark_index": 2,
        "along_track_m": 2.0,
        "achieved_heading": 8.654997713002615,
        "target_bearing": 2.886403940576429,
        "fix_type": 6,
        "hacc_m": 0.014,
        "corrupt": false,
        "position_interpolated": true,
        "captured_at_utc": "2026-06-18T19:48:01.597704+00:00"
      },
      "geometry": {
        "type": "Point",
        "coordinates": [
          -114.00430829999999,
          46.675337999999996
        ]
      }
    },
    {
      "type": "Feature",
      "properties": {
        "file": "leg05_m003_b002_2026-06-18T13-48-02.jpg",
        "leg": "leg05",
        "mark_index": 3,
        "along_track_m": 3.0,
        "achieved_heading": 23.565364894589607,
        "target_bearing": 2.886403940576429,
        "fix_type": 6,
        "hacc_m": 0.014,
        "corrupt": false,
        "position_interpolated": true,
        "captured_at_utc": "2026-06-18T19:48:02.715482+00:00"
      },
      "geometry": {
        "type": "Point",
        "coordinates": [
          -114.00430659685611,
          46.67534773993348
        ]
      }
    },
    {
      "type": "Feature",
      "properties": {
        "file": "leg05_m004_b002_2026-06-18T13-48-03.jpg",
        "leg": "leg05",
        "mark_index": 4,
        "along_track_m": 4.0,
        "achieved_heading": 23.023289524616303,
        "target_bearing": 2.886403940576429,
        "fix_type": 6,
        "hacc_m": 0.014,
        "corrupt": false,
        "position_interpolated": true,
        "captured_at_utc": "2026-06-18T19:48:03.758170+00:00"
      },
      "geometry": {
        "type": "Point",
        "coordinates": [
          -114.0043029,
          46.6753566
        ]
      }
    },
    {
      "type": "Feature",
      "properties": {
        "file": "leg05_m005_b002_2026-06-18T13-48-04.jpg",
        "leg": "leg05",
        "mark_index": 5,
        "along_track_m": 5.0,
        "achieved_heading": 17.920928471637808,
        "target_bearing": 2.886403940576429,
        "fix_type": 6,
        "hacc_m": 0.014,
        "corrupt": false,
        "position_interpolated": true,
        "captured_at_utc": "2026-06-18T19:48:04.468503+00:00"
      },
      "geometry": {
        "type": "Point",
        "coordinates": [
          -114.00430093857094,
          46.675362536573
        ]
      }
    },
    {
      "type": "Feature",
      "properties": {
        "file": "leg05_m006_b002_2026-06-18T13-48-06.jpg",
        "leg": "leg05",
        "mark_index": 6,
        "along_track_m": 6.0,
        "achieved_heading": 11.59638498421441,
        "target_bearing": 2.886403940576429,
        "fix_type": 6,
        "hacc_m": 0.014,
        "corrupt": false,
        "position_interpolated": true,
        "captured_at_utc": "2026-06-18T19:48:05.928854+00:00"
      },
      "geometry": {
        "type": "Point",
        "coordinates": [
          -114.00429851019682,
          46.675375026654024
        ]
      }
    },
    {
      "type": "Feature",
      "properties": {
        "file": "leg05_m007_b002_2026-06-18T13-48-07.jpg",
        "leg": "leg05",
        "mark_index": 7,
        "along_track_m": 7.0,
        "achieved_heading": 11.533588809868036,
        "target_bearing": 2.886403940576429,
        "fix_type": 6,
        "hacc_m": 0.014,
        "corrupt": false,
        "position_interpolated": true,
        "captured_at_utc": "2026-06-18T19:48:06.990056+00:00"
      },
      "geometry": {
        "type": "Point",
        "coordinates": [
          -114.0042976,
          46.675383599999996
        ]
      }
    },
    {
      "type": "Feature",
      "properties": {
        "file": "leg05_m008_b002_2026-06-18T13-48-07.jpg",
        "leg": "leg05",
        "mark_index": 8,
        "along_track_m": 8.0,
        "achieved_heading": 11.447459291980294,
        "target_bearing": 2.886403940576429,
        "fix_type": 6,
        "hacc_m": 0.014,
        "corrupt": false,
        "position_interpolated": true,
        "captured_at_utc": "2026-06-18T19:48:07.887205+00:00"
      },
      "geometry": {
        "type": "Point",
        "coordinates": [
          -114.00429702836976,
          46.67539169024363
        ]
      }
    },
    {
      "type": "Feature",
      "properties": {
        "file": "leg05_m009_b002_2026-06-18T13-48-09.jpg",
        "leg": "leg05",
        "mark_index": 9,
        "along_track_m": 9.0,
        "achieved_heading": 12.355222081567149,
        "target_bearing": 2.886403940576429,
        "fix_type": 6,
        "hacc_m": 0.014,
        "corrupt": false,
        "position_interpolated": true,
        "captured_at_utc": "2026-06-18T19:48:08.951161+00:00"
      },
      "geometry": {
        "type": "Point",
        "coordinates": [
          -114.00429630648215,
          46.675401061107046
        ]
      }
    },
    {
      "type": "Feature",
      "properties": {
        "file": "leg05_m010_b002_2026-06-18T13-48-10.jpg",
        "leg": "leg05",
        "mark_index": 10,
        "along_track_m": 10.0,
        "achieved_heading": 12.695578422440974,
        "target_bearing": 2.886403940576429,
        "fix_type": 6,
        "hacc_m": 0.014,
        "corrupt": false,
        "position_interpolated": true,
        "captured_at_utc": "2026-06-18T19:48:10.056563+00:00"
      },
      "geometry": {
        "type": "Point",
        "coordinates": [
          -114.00429469999999,
          46.675409699999996
        ]
      }
    },
    {
      "type": "Feature",
      "properties": {
        "file": "leg05_m011_b002_2026-06-18T13-48-11.jpg",
        "leg": "leg05",
        "mark_index": 11,
        "along_track_m": 11.0,
        "achieved_heading": 11.176855990963702,
        "target_bearing": 2.886403940576429,
        "fix_type": 6,
        "hacc_m": 0.014,
        "corrupt": false,
        "position_interpolated": true,
        "captured_at_utc": "2026-06-18T19:48:11.106595+00:00"
      },
      "geometry": {
        "type": "Point",
        "coordinates": [
          -114.00429349768704,
          46.67541976040831
        ]
      }
    },
    {
      "type": "Feature",
      "properties": {
        "file": "leg05_m012_b002_2026-06-18T13-48-12.jpg",
        "leg": "leg05",
        "mark_index": 12,
        "along_track_m": 12.0,
        "achieved_heading": 10.47095435659503,
        "target_bearing": 2.886403940576429,
        "fix_type": 6,
        "hacc_m": 0.014,
        "corrupt": false,
        "position_interpolated": true,
        "captured_at_utc": "2026-06-18T19:48:12.095222+00:00"
      },
      "geometry": {
        "type": "Point",
        "coordinates": [
          -114.00429286495859,
          46.67542850614906
        ]
      }
    },
    {
      "type": "Feature",
      "properties": {
        "file": "leg05_m013_b002_2026-06-18T13-48-13.jpg",
        "leg": "leg05",
        "mark_index": 13,
        "along_track_m": 13.0,
        "achieved_heading": 9.606649374004917,
        "target_bearing": 2.886403940576429,
        "fix_type": 6,
        "hacc_m": 0.014,
        "corrupt": false,
        "position_interpolated": true,
        "captured_at_utc": "2026-06-18T19:48:13.143505+00:00"
      },
      "geometry": {
        "type": "Point",
        "coordinates": [
          -114.0042924,
          46.67543736227709
        ]
      }
    },
    {
      "type": "Feature",
      "properties": {
        "file": "leg05_m014_b002_2026-06-18T13-48-14.jpg",
        "leg": "leg05",
        "mark_index": 14,
        "along_track_m": 14.0,
        "achieved_heading": 10.099657992908533,
        "target_bearing": 2.886403940576429,
        "fix_type": 6,
        "hacc_m": 0.014,
        "corrupt": false,
        "position_interpolated": true,
        "captured_at_utc": "2026-06-18T19:48:14.196321+00:00"
      },
      "geometry": {
        "type": "Point",
        "coordinates": [
          -114.00429159999999,
          46.6754463
        ]
      }
    },
    {
      "type": "Feature",
      "properties": {
        "file": "leg05_m015_b002_2026-06-18T13-48-15.jpg",
        "leg": "leg05",
        "mark_index": 15,
        "along_track_m": 15.0,
        "achieved_heading": 10.143831697041662,
        "target_bearing": 2.886403940576429,
        "fix_type": 6,
        "hacc_m": 0.014,
        "corrupt": false,
        "position_interpolated": true,
        "captured_at_utc": "2026-06-18T19:48:15.178348+00:00"
      },
      "geometry": {
        "type": "Point",
        "coordinates": [
          -114.00429079999999,
          46.6754551
        ]
      }
    },
    {
      "type": "Feature",
      "properties": {
        "file": "leg05_m016_b002_2026-06-18T13-48-16.jpg",
        "leg": "leg05",
        "mark_index": 16,
        "along_track_m": 16.0,
        "achieved_heading": 9.998641863384364,
        "target_bearing": 2.886403940576429,
        "fix_type": 6,
        "hacc_m": 0.014,
        "corrupt": false,
        "position_interpolated": true,
        "captured_at_utc": "2026-06-18T19:48:16.220549+00:00"
      },
      "geometry": {
        "type": "Point",
        "coordinates": [
          -114.00428989999999,
          46.6754635
        ]
      }
    },
    {
      "type": "Feature",
      "properties": {
        "file": "leg05_m017_b002_2026-06-18T13-48-17.jpg",
        "leg": "leg05",
        "mark_index": 17,
        "along_track_m": 17.0,
        "achieved_heading": 9.409211641322486,
        "target_bearing": 2.886403940576429,
        "fix_type": 6,
        "hacc_m": 0.014,
        "corrupt": false,
        "position_interpolated": true,
        "captured_at_utc": "2026-06-18T19:48:17.343277+00:00"
      },
      "geometry": {
        "type": "Point",
        "coordinates": [
          -114.00428919474066,
          46.67547340007276
        ]
      }
    },
    {
      "type": "Feature",
      "properties": {
        "file": "leg05_m018_b002_2026-06-18T13-48-18.jpg",
        "leg": "leg05",
        "mark_index": 18,
        "along_track_m": 18.0,
        "achieved_heading": 9.737571064127337,
        "target_bearing": 2.886403940576429,
        "fix_type": 6,
        "hacc_m": 0.014,
        "corrupt": false,
        "position_interpolated": true,
        "captured_at_utc": "2026-06-18T19:48:18.399737+00:00"
      },
      "geometry": {
        "type": "Point",
        "coordinates": [
          -114.0042888,
          46.675481999999995
        ]
      }
    },
    {
      "type": "Feature",
      "properties": {
        "file": "leg05_m019_b002_2026-06-18T13-48-19.jpg",
        "leg": "leg05",
        "mark_index": 19,
        "along_track_m": 19.0,
        "achieved_heading": 10.19755520994903,
        "target_bearing": 2.886403940576429,
        "fix_type": 6,
        "hacc_m": 0.014,
        "corrupt": false,
        "position_interpolated": true,
        "captured_at_utc": "2026-06-18T19:48:19.369564+00:00"
      },
      "geometry": {
        "type": "Point",
        "coordinates": [
          -114.00428819999999,
          46.6754907
        ]
      }
    },
    {
      "type": "Feature",
      "properties": {
        "file": "leg05_m020_b002_2026-06-18T13-48-20.jpg",
        "leg": "leg05",
        "mark_index": 20,
        "along_track_m": 20.0,
        "achieved_heading": 10.940736630132164,
        "target_bearing": 2.886403940576429,
        "fix_type": 6,
        "hacc_m": 0.014,
        "corrupt": false,
        "position_interpolated": true,
        "captured_at_utc": "2026-06-18T19:48:20.426389+00:00"
      },
      "geometry": {
        "type": "Point",
        "coordinates": [
          -114.0042869,
          46.6754993
        ]
      }
    },
    {
      "type": "Feature",
      "properties": {
        "file": "leg05_m021_b002_2026-06-18T13-48-21.jpg",
        "leg": "leg05",
        "mark_index": 21,
        "along_track_m": 21.0,
        "achieved_heading": 8.606440117763327,
        "target_bearing": 2.886403940576429,
        "fix_type": 6,
        "hacc_m": 0.014,
        "corrupt": false,
        "position_interpolated": true,
        "captured_at_utc": "2026-06-18T19:48:21.491489+00:00"
      },
      "geometry": {
        "type": "Point",
        "coordinates": [
          -114.00428616241693,
          46.675509031872956
        ]
      }
    },
    {
      "type": "Feature",
      "properties": {
        "file": "leg05_m022_b002_2026-06-18T13-48-22.jpg",
        "leg": "leg05",
        "mark_index": 22,
        "along_track_m": 22.0,
        "achieved_heading": 9.390122425603352,
        "target_bearing": 2.886403940576429,
        "fix_type": 6,
        "hacc_m": 0.014,
        "corrupt": false,
        "position_interpolated": true,
        "captured_at_utc": "2026-06-18T19:48:22.590965+00:00"
      },
      "geometry": {
        "type": "Point",
        "coordinates": [
          -114.00428559999999,
          46.675518
        ]
      }
    },
    {
      "type": "Feature",
      "properties": {
        "file": "leg05_m023_b002_2026-06-18T13-48-23.jpg",
        "leg": "leg05",
        "mark_index": 23,
        "along_track_m": 23.0,
        "achieved_heading": 7.55492677423706,
        "target_bearing": 2.886403940576429,
        "fix_type": 6,
        "hacc_m": 0.014,
        "corrupt": false,
        "position_interpolated": true,
        "captured_at_utc": "2026-06-18T19:48:23.577792+00:00"
      },
      "geometry": {
        "type": "Point",
        "coordinates": [
          -114.00428509999999,
          46.675526399999995
        ]
      }
    },
    {
      "type": "Feature",
      "properties": {
        "file": "leg05_m024_b002_2026-06-18T13-48-24.jpg",
        "leg": "leg05",
        "mark_index": 24,
        "along_track_m": 24.0,
        "achieved_heading": 7.951789985854134,
        "target_bearing": 2.886403940576429,
        "fix_type": 6,
        "hacc_m": 0.014,
        "corrupt": false,
        "position_interpolated": true,
        "captured_at_utc": "2026-06-18T19:48:24.626937+00:00"
      },
      "geometry": {
        "type": "Point",
        "coordinates": [
          -114.0042845825865,
          46.67553552836075
        ]
      }
    },
    {
      "type": "Feature",
      "properties": {
        "file": "leg05_m025_b002_2026-06-18T13-48-25.jpg",
        "leg": "leg05",
        "mark_index": 25,
        "along_track_m": 25.0,
        "achieved_heading": 7.957555134274855,
        "target_bearing": 2.886403940576429,
        "fix_type": 6,
        "hacc_m": 0.014,
        "corrupt": false,
        "position_interpolated": true,
        "captured_at_utc": "2026-06-18T19:48:25.816474+00:00"
      },
      "geometry": {
        "type": "Point",
        "coordinates": [
          -114.0042835,
          46.6755454
        ]
      }
    },
    {
      "type": "Feature",
      "properties": {
        "file": "leg05_m026_b002_2026-06-18T13-48-26.jpg",
        "leg": "leg05",
        "mark_index": 26,
        "along_track_m": 26.0,
        "achieved_heading": 6.876148264509538,
        "target_bearing": 2.886403940576429,
        "fix_type": 6,
        "hacc_m": 0.014,
        "corrupt": false,
        "position_interpolated": true,
        "captured_at_utc": "2026-06-18T19:48:26.731263+00:00"
      },
      "geometry": {
        "type": "Point",
        "coordinates": [
          -114.00428311281426,
          46.67555358215733
        ]
      }
    },
    {
      "type": "Feature",
      "properties": {
        "file": "leg05_m027_b002_2026-06-18T13-48-27.jpg",
        "leg": "leg05",
        "mark_index": 27,
        "along_track_m": 27.0,
        "achieved_heading": 7.7012289913772065,
        "target_bearing": 2.886403940576429,
        "fix_type": 6,
        "hacc_m": 0.014,
        "corrupt": false,
        "position_interpolated": true,
        "captured_at_utc": "2026-06-18T19:48:27.850479+00:00"
      },
      "geometry": {
        "type": "Point",
        "coordinates": [
          -114.0042828,
          46.6755624
        ]
      }
    },
    {
      "type": "Feature",
      "properties": {
        "file": "leg05_m028_b002_2026-06-18T13-48-28.jpg",
        "leg": "leg05",
        "mark_index": 28,
        "along_track_m": 28.0,
        "achieved_heading": 9.109501127254077,
        "target_bearing": 2.886403940576429,
        "fix_type": 6,
        "hacc_m": 0.014,
        "corrupt": false,
        "position_interpolated": true,
        "captured_at_utc": "2026-06-18T19:48:28.902154+00:00"
      },
      "geometry": {
        "type": "Point",
        "coordinates": [
          -114.00428199999999,
          46.6755711
        ]
      }
    },
    {
      "type": "Feature",
      "properties": {
        "file": "leg05_m029_b002_2026-06-18T13-48-29.jpg",
        "leg": "leg05",
        "mark_index": 29,
        "along_track_m": 29.0,
        "achieved_heading": 8.155065615959984,
        "target_bearing": 2.886403940576429,
        "fix_type": 6,
        "hacc_m": 0.014,
        "corrupt": false,
        "position_interpolated": true,
        "captured_at_utc": "2026-06-18T19:48:29.881658+00:00"
      },
      "geometry": {
        "type": "Point",
        "coordinates": [
          -114.00428116483295,
          46.67558056699319
        ]
      }
    },
    {
      "type": "Feature",
      "properties": {
        "file": "leg05_m030_b002_2026-06-18T13-48-31.jpg",
        "leg": "leg05",
        "mark_index": 30,
        "along_track_m": 30.0,
        "achieved_heading": 8.540754156560865,
        "target_bearing": 2.886403940576429,
        "fix_type": 6,
        "hacc_m": 0.014,
        "corrupt": false,
        "position_interpolated": true,
        "captured_at_utc": "2026-06-18T19:48:30.931454+00:00"
      },
      "geometry": {
        "type": "Point",
        "coordinates": [
          -114.00428068017749,
          46.67558952337228
        ]
      }
    },
    {
      "type": "Feature",
      "properties": {
        "file": "leg05_m031_b002_2026-06-18T13-48-32.jpg",
        "leg": "leg05",
        "mark_index": 31,
        "along_track_m": 31.0,
        "achieved_heading": 7.852326646756865,
        "target_bearing": 2.886403940576429,
        "fix_type": 6,
        "hacc_m": 0.014,
        "corrupt": false,
        "position_interpolated": true,
        "captured_at_utc": "2026-06-18T19:48:32.049110+00:00"
      },
      "geometry": {
        "type": "Point",
        "coordinates": [
          -114.0042799,
          46.6755985
        ]
      }
    },
    {
      "type": "Feature",
      "properties": {
        "file": "leg05_m032_b002_2026-06-18T13-48-32.jpg",
        "leg": "leg05",
        "mark_index": 32,
        "along_track_m": 32.0,
        "achieved_heading": 7.77420008761851,
        "target_bearing": 2.886403940576429,
        "fix_type": 6,
        "hacc_m": 0.014,
        "corrupt": false,
        "position_interpolated": true,
        "captured_at_utc": "2026-06-18T19:48:32.959899+00:00"
      },
      "geometry": {
        "type": "Point",
        "coordinates": [
          -114.0042792,
          46.6756071
        ]
      }
    },
    {
      "type": "Feature",
      "properties": {
        "file": "leg05_m033_b002_2026-06-18T13-48-34.jpg",
        "leg": "leg05",
        "mark_index": 33,
        "along_track_m": 33.0,
        "achieved_heading": 7.757776973402258,
        "target_bearing": 2.886403940576429,
        "fix_type": 6,
        "hacc_m": 0.014,
        "corrupt": false,
        "position_interpolated": true,
        "captured_at_utc": "2026-06-18T19:48:34.080528+00:00"
      },
      "geometry": {
        "type": "Point",
        "coordinates": [
          -114.00427859999999,
          46.675616
        ]
      }
    },
    {
      "type": "Feature",
      "properties": {
        "file": "leg05_m034_b002_2026-06-18T13-48-35.jpg",
        "leg": "leg05",
        "mark_index": 34,
        "along_track_m": 34.0,
        "achieved_heading": 7.6683417410023935,
        "target_bearing": 2.886403940576429,
        "fix_type": 6,
        "hacc_m": 0.014,
        "corrupt": false,
        "position_interpolated": true,
        "captured_at_utc": "2026-06-18T19:48:35.124091+00:00"
      },
      "geometry": {
        "type": "Point",
        "coordinates": [
          -114.00427821827216,
          46.67562600764545
        ]
      }
    },
    {
      "type": "Feature",
      "properties": {
        "file": "leg05_m035_b002_2026-06-18T13-48-36.jpg",
        "leg": "leg05",
        "mark_index": 35,
        "along_track_m": 35.0,
        "achieved_heading": 7.601738122438178,
        "target_bearing": 2.886403940576429,
        "fix_type": 6,
        "hacc_m": 0.014,
        "corrupt": false,
        "position_interpolated": true,
        "captured_at_utc": "2026-06-18T19:48:36.171058+00:00"
      },
      "geometry": {
        "type": "Point",
        "coordinates": [
          -114.0042773,
          46.675635
        ]
      }
    },
    {
      "type": "Feature",
      "properties": {
        "file": "leg05_m036_b002_2026-06-18T13-48-37.jpg",
        "leg": "leg05",
        "mark_index": 36,
        "along_track_m": 36.0,
        "achieved_heading": 6.529368469895985,
        "target_bearing": 2.886403940576429,
        "fix_type": 6,
        "hacc_m": 0.014,
        "corrupt": false,
        "position_interpolated": true,
        "captured_at_utc": "2026-06-18T19:48:37.160171+00:00"
      },
      "geometry": {
        "type": "Point",
        "coordinates": [
          -114.00427720334181,
          46.675643869923604
        ]
      }
    },
    {
      "type": "Feature",
      "properties": {
        "file": "leg05_m037_b002_2026-06-18T13-48-38.jpg",
        "leg": "leg05",
        "mark_index": 37,
        "along_track_m": 37.0,
        "achieved_heading": 7.638964823271522,
        "target_bearing": 2.886403940576429,
        "fix_type": 6,
        "hacc_m": 0.014,
        "corrupt": false,
        "position_interpolated": true,
        "captured_at_utc": "2026-06-18T19:48:38.079739+00:00"
      },
      "geometry": {
        "type": "Point",
        "coordinates": [
          -114.00427687535564,
          46.675651959477094
        ]
      }
    },
    {
      "type": "Feature",
      "properties": {
        "file": "leg05_m038_b002_2026-06-18T13-48-39.jpg",
        "leg": "leg05",
        "mark_index": 38,
        "along_track_m": 38.0,
        "achieved_heading": 7.399443746507188,
        "target_bearing": 2.886403940576429,
        "fix_type": 6,
        "hacc_m": 0.014,
        "corrupt": false,
        "position_interpolated": true,
        "captured_at_utc": "2026-06-18T19:48:39.194894+00:00"
      },
      "geometry": {
        "type": "Point",
        "coordinates": [
          -114.00427619999999,
          46.675661
        ]
      }
    },
    {
      "type": "Feature",
      "properties": {
        "file": "leg05_m039_b002_2026-06-18T13-48-40.jpg",
        "leg": "leg05",
        "mark_index": 39,
        "along_track_m": 39.0,
        "achieved_heading": 7.9830625170824305,
        "target_bearing": 2.886403940576429,
        "fix_type": 6,
        "hacc_m": 0.014,
        "corrupt": false,
        "position_interpolated": true,
        "captured_at_utc": "2026-06-18T19:48:40.237054+00:00"
      },
      "geometry": {
        "type": "Point",
        "coordinates": [
          -114.00427502539968,
          46.67567053410272
        ]
      }
    },
    {
      "type": "Feature",
      "properties": {
        "file": "leg05_m040_b002_2026-06-18T13-48-41.jpg",
        "leg": "leg05",
        "mark_index": 40,
        "along_track_m": 40.0,
        "achieved_heading": 7.662231621266017,
        "target_bearing": 2.886403940576429,
        "fix_type": 6,
        "hacc_m": 0.014,
        "corrupt": false,
        "position_interpolated": true,
        "captured_at_utc": "2026-06-18T19:48:41.366612+00:00"
      },
      "geometry": {
        "type": "Point",
        "coordinates": [
          -114.0042744,
          46.675680199999995
        ]
      }
    },
    {
      "type": "Feature",
      "properties": {
        "file": "leg05_m041_b002_2026-06-18T13-48-42.jpg",
        "leg": "leg05",
        "mark_index": 41,
        "along_track_m": 41.0,
        "achieved_heading": 7.5100936466735675,
        "target_bearing": 2.886403940576429,
        "fix_type": 6,
        "hacc_m": 0.014,
        "corrupt": false,
        "position_interpolated": true,
        "captured_at_utc": "2026-06-18T19:48:42.279575+00:00"
      },
      "geometry": {
        "type": "Point",
        "coordinates": [
          -114.00427324065028,
          46.67568826829506
        ]
      }
    },
    {
      "type": "Feature",
      "properties": {
        "file": "leg05_m042_b002_2026-06-18T13-48-43.jpg",
        "leg": "leg05",
        "mark_index": 42,
        "along_track_m": 42.0,
        "achieved_heading": 5.762452911422997,
        "target_bearing": 2.886403940576429,
        "fix_type": 6,
        "hacc_m": 0.014,
        "corrupt": false,
        "position_interpolated": true,
        "captured_at_utc": "2026-06-18T19:48:43.324195+00:00"
      },
      "geometry": {
        "type": "Point",
        "coordinates": [
          -114.0042725,
          46.67569754475179
        ]
      }
    },
    {
      "type": "Feature",
      "properties": {
        "file": "leg05_m043_b002_2026-06-18T13-48-44.jpg",
        "leg": "leg05",
        "mark_index": 43,
        "along_track_m": 43.0,
        "achieved_heading": 4.720293628523223,
        "target_bearing": 2.886403940576429,
        "fix_type": 6,
        "hacc_m": 0.014,
        "corrupt": false,
        "position_interpolated": true,
        "captured_at_utc": "2026-06-18T19:48:44.384499+00:00"
      },
      "geometry": {
        "type": "Point",
        "coordinates": [
          -114.0042723,
          46.675706299999995
        ]
      }
    },
    {
      "type": "Feature",
      "properties": {
        "file": "leg05_m044_b002_2026-06-18T13-48-45.jpg",
        "leg": "leg05",
        "mark_index": 44,
        "along_track_m": 44.0,
        "achieved_heading": 4.783933488508467,
        "target_bearing": 2.886403940576429,
        "fix_type": 6,
        "hacc_m": 0.014,
        "corrupt": false,
        "position_interpolated": true,
        "captured_at_utc": "2026-06-18T19:48:45.426194+00:00"
      },
      "geometry": {
        "type": "Point",
        "coordinates": [
          -114.00427189999999,
          46.675714899999996
        ]
      }
    },
    {
      "type": "Feature",
      "properties": {
        "file": "leg05_m045_b002_2026-06-18T13-48-46.jpg",
        "leg": "leg05",
        "mark_index": 45,
        "along_track_m": 45.0,
        "achieved_heading": 6.437588183579749,
        "target_bearing": 2.886403940576429,
        "fix_type": 6,
        "hacc_m": 0.014,
        "corrupt": false,
        "position_interpolated": true,
        "captured_at_utc": "2026-06-18T19:48:46.198112+00:00"
      },
      "geometry": {
        "type": "Point",
        "coordinates": [
          -114.00427202628633,
          46.675722394854645
        ]
      }
    },
    {
      "type": "Feature",
      "properties": {
        "file": "leg05_m047_b002_2026-06-18T13-48-52.jpg",
        "leg": "leg05",
        "mark_index": 47,
        "along_track_m": 47.0,
        "achieved_heading": 6.935313294017874,
        "target_bearing": 2.886403940576429,
        "fix_type": 6,
        "hacc_m": 0.014,
        "corrupt": false,
        "position_interpolated": true,
        "captured_at_utc": "2026-06-18T19:48:51.783445+00:00"
      },
      "geometry": {
        "type": "Point",
        "coordinates": [
          -114.00426999999999,
          46.6757442
        ]
      }
    },
    {
      "type": "Feature",
      "properties": {
        "file": "leg05_m048_b002_2026-06-18T13-48-53.jpg",
        "leg": "leg05",
        "mark_index": 48,
        "along_track_m": 48.0,
        "achieved_heading": 6.480445426231597,
        "target_bearing": 2.886403940576429,
        "fix_type": 6,
        "hacc_m": 0.014,
        "corrupt": false,
        "position_interpolated": true,
        "captured_at_utc": "2026-06-18T19:48:53.967840+00:00"
      },
      "geometry": {
        "type": "Point",
        "coordinates": [
          -114.0042694,
          46.675751299999995
        ]
      }
    },
    {
      "type": "Feature",
      "properties": {
        "file": "leg05_m049_b002_2026-06-18T13-48-55.jpg",
        "leg": "leg05",
        "mark_index": 49,
        "along_track_m": 49.0,
        "achieved_heading": 4.33824315111741,
        "target_bearing": 2.886403940576429,
        "fix_type": 6,
        "hacc_m": 0.014,
        "corrupt": false,
        "position_interpolated": true,
        "captured_at_utc": "2026-06-18T19:48:55.018351+00:00"
      },
      "geometry": {
        "type": "Point",
        "coordinates": [
          -114.00426879999999,
          46.67576011608897
        ]
      }
    },
    {
      "type": "Feature",
      "properties": {
        "file": "leg05_m050_b002_2026-06-18T13-48-56.jpg",
        "leg": "leg05",
        "mark_index": 50,
        "along_track_m": 50.0,
        "achieved_heading": 5.057838609839223,
        "target_bearing": 2.886403940576429,
        "fix_type": 6,
        "hacc_m": 0.014,
        "corrupt": false,
        "position_interpolated": true,
        "captured_at_utc": "2026-06-18T19:48:56.142000+00:00"
      },
      "geometry": {
        "type": "Point",
        "coordinates": [
          -114.0042684,
          46.67576982128042
        ]
      }
    },
    {
      "type": "Feature",
      "properties": {
        "file": "leg05_m051_b002_2026-06-18T13-48-57.jpg",
        "leg": "leg05",
        "mark_index": 51,
        "along_track_m": 51.0,
        "achieved_heading": 6.728425786984587,
        "target_bearing": 2.886403940576429,
        "fix_type": 6,
        "hacc_m": 0.014,
        "corrupt": false,
        "position_interpolated": true,
        "captured_at_utc": "2026-06-18T19:48:57.190780+00:00"
      },
      "geometry": {
        "type": "Point",
        "coordinates": [
          -114.0042678,
          46.675778699999995
        ]
      }
    },
    {
      "type": "Feature",
      "properties": {
        "file": "leg05_m052_b002_2026-06-18T13-48-58.jpg",
        "leg": "leg05",
        "mark_index": 52,
        "along_track_m": 52.0,
        "achieved_heading": 7.189347528432336,
        "target_bearing": 2.886403940576429,
        "fix_type": 6,
        "hacc_m": 0.014,
        "corrupt": false,
        "position_interpolated": true,
        "captured_at_utc": "2026-06-18T19:48:58.240836+00:00"
      },
      "geometry": {
        "type": "Point",
        "coordinates": [
          -114.0042672,
          46.675787199999995
        ]
      }
    },
    {
      "type": "Feature",
      "properties": {
        "file": "leg05_m053_b002_2026-06-18T13-48-59.jpg",
        "leg": "leg05",
        "mark_index": 53,
        "along_track_m": 53.0,
        "achieved_heading": 7.400286289656094,
        "target_bearing": 2.886403940576429,
        "fix_type": 6,
        "hacc_m": 0.014,
        "corrupt": false,
        "position_interpolated": true,
        "captured_at_utc": "2026-06-18T19:48:59.145223+00:00"
      },
      "geometry": {
        "type": "Point",
        "coordinates": [
          -114.00426632666924,
          46.67579578665575
        ]
      }
    },
    {
      "type": "Feature",
      "properties": {
        "file": "leg05_m054_b002_2026-06-18T13-49-00.jpg",
        "leg": "leg05",
        "mark_index": 54,
        "along_track_m": 54.0,
        "achieved_heading": 7.273742894537634,
        "target_bearing": 2.886403940576429,
        "fix_type": 6,
        "hacc_m": 0.014,
        "corrupt": false,
        "position_interpolated": true,
        "captured_at_utc": "2026-06-18T19:49:00.337195+00:00"
      },
      "geometry": {
        "type": "Point",
        "coordinates": [
          -114.00426531167173,
          46.675805913252226
        ]
      }
    },
    {
      "type": "Feature",
      "properties": {
        "file": "leg05_m055_b002_2026-06-18T13-49-01.jpg",
        "leg": "leg05",
        "mark_index": 55,
        "along_track_m": 55.0,
        "achieved_heading": 7.444007904982129,
        "target_bearing": 2.886403940576429,
        "fix_type": 6,
        "hacc_m": 0.014,
        "corrupt": false,
        "position_interpolated": true,
        "captured_at_utc": "2026-06-18T19:49:01.321046+00:00"
      },
      "geometry": {
        "type": "Point",
        "coordinates": [
          -114.00426485072421,
          46.675814629470906
        ]
      }
    },
    {
      "type": "Feature",
      "properties": {
        "file": "leg05_m056_b002_2026-06-18T13-49-02.jpg",
        "leg": "leg05",
        "mark_index": 56,
        "along_track_m": 56.0,
        "achieved_heading": 7.1655992574037555,
        "target_bearing": 2.886403940576429,
        "fix_type": 6,
        "hacc_m": 0.014,
        "corrupt": false,
        "position_interpolated": true,
        "captured_at_utc": "2026-06-18T19:49:02.365302+00:00"
      },
      "geometry": {
        "type": "Point",
        "coordinates": [
          -114.0042637,
          46.6758235
        ]
      }
    },
    {
      "type": "Feature",
      "properties": {
        "file": "leg05_m057_b002_2026-06-18T13-49-03.jpg",
        "leg": "leg05",
        "mark_index": 57,
        "along_track_m": 57.0,
        "achieved_heading": 6.749827906083624,
        "target_bearing": 2.886403940576429,
        "fix_type": 6,
        "hacc_m": 0.014,
        "corrupt": false,
        "position_interpolated": true,
        "captured_at_utc": "2026-06-18T19:49:03.279289+00:00"
      },
      "geometry": {
        "type": "Point",
        "coordinates": [
          -114.00426297766818,
          46.6758315398204
        ]
      }
    },
    {
      "type": "Feature",
      "properties": {
        "file": "leg05_m058_b002_2026-06-18T13-49-04.jpg",
        "leg": "leg05",
        "mark_index": 58,
        "along_track_m": 58.0,
        "achieved_heading": 4.148715022724389,
        "target_bearing": 2.886403940576429,
        "fix_type": 6,
        "hacc_m": 0.014,
        "corrupt": false,
        "position_interpolated": true,
        "captured_at_utc": "2026-06-18T19:49:04.393133+00:00"
      },
      "geometry": {
        "type": "Point",
        "coordinates": [
          -114.0042625,
          46.675841
        ]
      }
    },
    {
      "type": "Feature",
      "properties": {
        "file": "leg05_m059_b002_2026-06-18T13-49-05.jpg",
        "leg": "leg05",
        "mark_index": 59,
        "along_track_m": 59.0,
        "achieved_heading": 4.910771954027666,
        "target_bearing": 2.886403940576429,
        "fix_type": 6,
        "hacc_m": 0.014,
        "corrupt": false,
        "position_interpolated": true,
        "captured_at_utc": "2026-06-18T19:49:05.455333+00:00"
      },
      "geometry": {
        "type": "Point",
        "coordinates": [
          -114.00426209999999,
          46.675849799999995
        ]
      }
    },
    {
      "type": "Feature",
      "properties": {
        "file": "leg05_m060_b002_2026-06-18T13-49-06.jpg",
        "leg": "leg05",
        "mark_index": 60,
        "along_track_m": 60.0,
        "achieved_heading": 6.210883664920061,
        "target_bearing": 2.886403940576429,
        "fix_type": 6,
        "hacc_m": 0.014,
        "corrupt": false,
        "position_interpolated": true,
        "captured_at_utc": "2026-06-18T19:49:06.495764+00:00"
      },
      "geometry": {
        "type": "Point",
        "coordinates": [
          -114.00426136269121,
          46.67585936575071
        ]
      }
    },
    {
      "type": "Feature",
      "properties": {
        "file": "leg05_m061_b002_2026-06-18T13-49-07.jpg",
        "leg": "leg05",
        "mark_index": 61,
        "along_track_m": 61.0,
        "achieved_heading": 7.871140859846719,
        "target_bearing": 2.886403940576429,
        "fix_type": 6,
        "hacc_m": 0.014,
        "corrupt": false,
        "position_interpolated": true,
        "captured_at_utc": "2026-06-18T19:49:07.477924+00:00"
      },
      "geometry": {
        "type": "Point",
        "coordinates": [
          -114.0042603,
          46.67586784614212
        ]
      }
    },
    {
      "type": "Feature",
      "properties": {
        "file": "leg05_m062_b002_2026-06-18T13-49-08.jpg",
        "leg": "leg05",
        "mark_index": 62,
        "along_track_m": 62.0,
        "achieved_heading": 6.300193352874544,
        "target_bearing": 2.886403940576429,
        "fix_type": 6,
        "hacc_m": 0.014,
        "corrupt": false,
        "position_interpolated": true,
        "captured_at_utc": "2026-06-18T19:49:08.598202+00:00"
      },
      "geometry": {
        "type": "Point",
        "coordinates": [
          -114.00425969999999,
          46.6758771
        ]
      }
    },
    {
      "type": "Feature",
      "properties": {
        "file": "leg05_m063_b002_2026-06-18T13-49-09.jpg",
        "leg": "leg05",
        "mark_index": 63,
        "along_track_m": 63.0,
        "achieved_heading": 5.909470006134143,
        "target_bearing": 2.886403940576429,
        "fix_type": 6,
        "hacc_m": 0.014,
        "corrupt": false,
        "position_interpolated": true,
        "captured_at_utc": "2026-06-18T19:49:09.580444+00:00"
      },
      "geometry": {
        "type": "Point",
        "coordinates": [
          -114.0042587,
          46.675885799999996
        ]
      }
    },
    {
      "type": "Feature",
      "properties": {
        "file": "leg05_m064_b002_2026-06-18T13-49-10.jpg",
        "leg": "leg05",
        "mark_index": 64,
        "along_track_m": 64.0,
        "achieved_heading": 5.956868547453382,
        "target_bearing": 2.886403940576429,
        "fix_type": 6,
        "hacc_m": 0.014,
        "corrupt": false,
        "position_interpolated": true,
        "captured_at_utc": "2026-06-18T19:49:10.621483+00:00"
      },
      "geometry": {
        "type": "Point",
        "coordinates": [
          -114.0042582,
          46.6758945
        ]
      }
    },
    {
      "type": "Feature",
      "properties": {
        "file": "leg05_m065_b002_2026-06-18T13-49-11.jpg",
        "leg": "leg05",
        "mark_index": 65,
        "along_track_m": 65.0,
        "achieved_heading": 5.460885484387859,
        "target_bearing": 2.886403940576429,
        "fix_type": 6,
        "hacc_m": 0.014,
        "corrupt": false,
        "position_interpolated": true,
        "captured_at_utc": "2026-06-18T19:49:11.748940+00:00"
      },
      "geometry": {
        "type": "Point",
        "coordinates": [
          -114.00425740394797,
          46.675904336832346
        ]
      }
    },
    {
      "type": "Feature",
      "properties": {
        "file": "leg05_m066_b002_2026-06-18T13-49-12.jpg",
        "leg": "leg05",
        "mark_index": 66,
        "along_track_m": 66.0,
        "achieved_heading": 5.0272695212592,
        "target_bearing": 2.886403940576429,
        "fix_type": 6,
        "hacc_m": 0.014,
        "corrupt": false,
        "position_interpolated": true,
        "captured_at_utc": "2026-06-18T19:49:12.794826+00:00"
      },
      "geometry": {
        "type": "Point",
        "coordinates": [
          -114.00425659999999,
          46.675913099999995
        ]
      }
    },
    {
      "type": "Feature",
      "properties": {
        "file": "leg05_m067_b002_2026-06-18T13-49-13.jpg",
        "leg": "leg05",
        "mark_index": 67,
        "along_track_m": 67.0,
        "achieved_heading": 2.621466366912898,
        "target_bearing": 2.886403940576429,
        "fix_type": 6,
        "hacc_m": 0.014,
        "corrupt": false,
        "position_interpolated": true,
        "captured_at_utc": "2026-06-18T19:49:13.778611+00:00"
      },
      "geometry": {
        "type": "Point",
        "coordinates": [
          -114.0042565,
          46.6759219
        ]
      }
    },
    {
      "type": "Feature",
      "properties": {
        "file": "leg05_m068_b002_2026-06-18T13-49-14.jpg",
        "leg": "leg05",
        "mark_index": 68,
        "along_track_m": 68.0,
        "achieved_heading": 4.889179609307121,
        "target_bearing": 2.886403940576429,
        "fix_type": 6,
        "hacc_m": 0.014,
        "corrupt": false,
        "position_interpolated": true,
        "captured_at_utc": "2026-06-18T19:49:14.826296+00:00"
      },
      "geometry": {
        "type": "Point",
        "coordinates": [
          -114.00425639999999,
          46.6759306
        ]
      }
    },
    {
      "type": "Feature",
      "properties": {
        "file": "leg05_m069_b002_2026-06-18T13-49-15.jpg",
        "leg": "leg05",
        "mark_index": 69,
        "along_track_m": 69.0,
        "achieved_heading": 6.349473688464059,
        "target_bearing": 2.886403940576429,
        "fix_type": 6,
        "hacc_m": 0.014,
        "corrupt": false,
        "position_interpolated": true,
        "captured_at_utc": "2026-06-18T19:49:15.876273+00:00"
      },
      "geometry": {
        "type": "Point",
        "coordinates": [
          -114.0042555,
          46.6759394
        ]
      }
    },
    {
      "type": "Feature",
      "properties": {
        "file": "leg05_m070_b002_2026-06-18T13-49-17.jpg",
        "leg": "leg05",
        "mark_index": 70,
        "along_track_m": 70.0,
        "achieved_heading": 6.376107318196887,
        "target_bearing": 2.886403940576429,
        "fix_type": 6,
        "hacc_m": 0.014,
        "corrupt": false,
        "position_interpolated": true,
        "captured_at_utc": "2026-06-18T19:49:16.867498+00:00"
      },
      "geometry": {
        "type": "Point",
        "coordinates": [
          -114.00425484918235,
          46.6759491043608
        ]
      }
    },
    {
      "type": "Feature",
      "properties": {
        "file": "leg05_m071_b002_2026-06-18T13-49-18.jpg",
        "leg": "leg05",
        "mark_index": 71,
        "along_track_m": 71.0,
        "achieved_heading": 5.19804142576254,
        "target_bearing": 2.886403940576429,
        "fix_type": 6,
        "hacc_m": 0.014,
        "corrupt": false,
        "position_interpolated": true,
        "captured_at_utc": "2026-06-18T19:49:17.980127+00:00"
      },
      "geometry": {
        "type": "Point",
        "coordinates": [
          -114.00425419999999,
          46.6759588
        ]
      }
    },
    {
      "type": "Feature",
      "properties": {
        "file": "leg05_m072_b002_2026-06-18T13-49-18.jpg",
        "leg": "leg05",
        "mark_index": 72,
        "along_track_m": 72.0,
        "achieved_heading": 5.775767939852983,
        "target_bearing": 2.886403940576429,
        "fix_type": 6,
        "hacc_m": 0.014,
        "corrupt": false,
        "position_interpolated": true,
        "captured_at_utc": "2026-06-18T19:49:18.891435+00:00"
      },
      "geometry": {
        "type": "Point",
        "coordinates": [
          -114.0042538,
          46.67596705707494
        ]
      }
    },
    {
      "type": "Feature",
      "properties": {
        "file": "leg05_m073_b002_2026-06-18T13-49-20.jpg",
        "leg": "leg05",
        "mark_index": 73,
        "along_track_m": 73.0,
        "achieved_heading": 6.017078150769976,
        "target_bearing": 2.886403940576429,
        "fix_type": 6,
        "hacc_m": 0.014,
        "corrupt": false,
        "position_interpolated": true,
        "captured_at_utc": "2026-06-18T19:49:19.946709+00:00"
      },
      "geometry": {
        "type": "Point",
        "coordinates": [
          -114.0042531,
          46.67597610947318
        ]
      }
    },
    {
      "type": "Feature",
      "properties": {
        "file": "leg05_m074_b002_2026-06-18T13-49-21.jpg",
        "leg": "leg05",
        "mark_index": 74,
        "along_track_m": 74.0,
        "achieved_heading": 6.001686239588935,
        "target_bearing": 2.886403940576429,
        "fix_type": 6,
        "hacc_m": 0.014,
        "corrupt": false,
        "position_interpolated": true,
        "captured_at_utc": "2026-06-18T19:49:20.994612+00:00"
      },
      "geometry": {
        "type": "Point",
        "coordinates": [
          -114.0042524,
          46.675984899999996
        ]
      }
    },
    {
      "type": "Feature",
      "properties": {
        "file": "leg05_m075_b002_2026-06-18T13-49-22.jpg",
        "leg": "leg05",
        "mark_index": 75,
        "along_track_m": 75.0,
        "achieved_heading": 5.40486471475964,
        "target_bearing": 2.886403940576429,
        "fix_type": 6,
        "hacc_m": 0.014,
        "corrupt": false,
        "position_interpolated": true,
        "captured_at_utc": "2026-06-18T19:49:21.977473+00:00"
      },
      "geometry": {
        "type": "Point",
        "coordinates": [
          -114.00425159999999,
          46.675993899999995
        ]
      }
    },
    {
      "type": "Feature",
      "properties": {
        "file": "leg05_m076_b002_2026-06-18T13-49-22.jpg",
        "leg": "leg05",
        "mark_index": 76,
        "along_track_m": 76.0,
        "achieved_heading": 6.1494636625412795,
        "target_bearing": 2.886403940576429,
        "fix_type": 6,
        "hacc_m": 0.014,
        "corrupt": false,
        "position_interpolated": true,
        "captured_at_utc": "2026-06-18T19:49:22.884540+00:00"
      },
      "geometry": {
        "type": "Point",
        "coordinates": [
          -114.0042514,
          46.67600219315909
        ]
      }
    },
    {
      "type": "Feature",
      "properties": {
        "file": "leg05_m077_b002_2026-06-18T13-49-24.jpg",
        "leg": "leg05",
        "mark_index": 77,
        "along_track_m": 77.0,
        "achieved_heading": 8.3063617006203,
        "target_bearing": 2.886403940576429,
        "fix_type": 6,
        "hacc_m": 0.014,
        "corrupt": false,
        "position_interpolated": true,
        "captured_at_utc": "2026-06-18T19:49:24.010909+00:00"
      },
      "geometry": {
        "type": "Point",
        "coordinates": [
          -114.0042508,
          46.676011599999995
        ]
      }
    },
    {
      "type": "Feature",
      "properties": {
        "file": "leg05_m078_b002_2026-06-18T13-49-25.jpg",
        "leg": "leg05",
        "mark_index": 78,
        "along_track_m": 78.0,
        "achieved_heading": 8.044950465058207,
        "target_bearing": 2.886403940576429,
        "fix_type": 6,
        "hacc_m": 0.014,
        "corrupt": false,
        "position_interpolated": true,
        "captured_at_utc": "2026-06-18T19:49:25.078882+00:00"
      },
      "geometry": {
        "type": "Point",
        "coordinates": [
          -114.00425004184004,
          46.67602124687932
        ]
      }
    },
    {
      "type": "Feature",
      "properties": {
        "file": "leg05_m079_b002_2026-06-18T13-49-26.jpg",
        "leg": "leg05",
        "mark_index": 79,
        "along_track_m": 79.0,
        "achieved_heading": 7.2919016840253335,
        "target_bearing": 2.886403940576429,
        "fix_type": 6,
        "hacc_m": 0.014,
        "corrupt": false,
        "position_interpolated": true,
        "captured_at_utc": "2026-06-18T19:49:26.479851+00:00"
      },
      "geometry": {
        "type": "Point",
        "coordinates": [
          -114.004249,
          46.6760324
        ]
      }
    },
    {
      "type": "Feature",
      "properties": {
        "file": "leg05_m080_b002_2026-06-18T13-49-27.jpg",
        "leg": "leg05",
        "mark_index": 80,
        "along_track_m": 80.0,
        "achieved_heading": 7.848448284146116,
        "target_bearing": 2.886403940576429,
        "fix_type": 6,
        "hacc_m": 0.014,
        "corrupt": false,
        "position_interpolated": true,
        "captured_at_utc": "2026-06-18T19:49:26.951665+00:00"
      },
      "geometry": {
        "type": "Point",
        "coordinates": [
          -114.00424830659539,
          46.67603734393926
        ]
      }
    },
    {
      "type": "Feature",
      "properties": {
        "file": "leg05_m082_b002_2026-06-18T13-49-33.jpg",
        "leg": "leg05",
        "mark_index": 82,
        "along_track_m": 82.0,
        "achieved_heading": 6.56261050770388,
        "target_bearing": 2.886403940576429,
        "fix_type": 6,
        "hacc_m": 0.014,
        "corrupt": false,
        "position_interpolated": true,
        "captured_at_utc": "2026-06-18T19:49:32.745202+00:00"
      },
      "geometry": {
        "type": "Point",
        "coordinates": [
          -114.00424708539235,
          46.67605768539236
        ]
      }
    },
    {
      "type": "Feature",
      "properties": {
        "file": "leg05_m083_b002_2026-06-18T13-49-34.jpg",
        "leg": "leg05",
        "mark_index": 83,
        "along_track_m": 83.0,
        "achieved_heading": 6.9729703358535176,
        "target_bearing": 2.886403940576429,
        "fix_type": 6,
        "hacc_m": 0.014,
        "corrupt": false,
        "position_interpolated": true,
        "captured_at_utc": "2026-06-18T19:49:34.663711+00:00"
      },
      "geometry": {
        "type": "Point",
        "coordinates": [
          -114.0042464,
          46.6760655
        ]
      }
    },
    {
      "type": "Feature",
      "properties": {
        "file": "leg05_m084_b002_2026-06-18T13-49-35.jpg",
        "leg": "leg05",
        "mark_index": 84,
        "along_track_m": 84.0,
        "achieved_heading": 9.547451442295085,
        "target_bearing": 2.886403940576429,
        "fix_type": 6,
        "hacc_m": 0.014,
        "corrupt": false,
        "position_interpolated": true,
        "captured_at_utc": "2026-06-18T19:49:35.780009+00:00"
      },
      "geometry": {
        "type": "Point",
        "coordinates": [
          -114.0042453,
          46.6760757
        ]
      }
    },
    {
      "type": "Feature",
      "properties": {
        "file": "leg05_m085_b002_2026-06-18T13-49-36.jpg",
        "leg": "leg05",
        "mark_index": 85,
        "along_track_m": 85.0,
        "achieved_heading": 15.82230101350649,
        "target_bearing": 2.886403940576429,
        "fix_type": 6,
        "hacc_m": 0.014,
        "corrupt": false,
        "position_interpolated": true,
        "captured_at_utc": "2026-06-18T19:49:36.750607+00:00"
      },
      "geometry": {
        "type": "Point",
        "coordinates": [
          -114.00424403372413,
          46.676083610068986
        ]
      }
    },
    {
      "type": "Feature",
      "properties": {
        "file": "leg05_m087_b002_2026-06-18T13-49-43.jpg",
        "leg": "leg05",
        "mark_index": 87,
        "along_track_m": 87.0,
        "achieved_heading": 4.105627694104783,
        "target_bearing": 2.886403940576429,
        "fix_type": 6,
        "hacc_m": 0.014,
        "corrupt": false,
        "position_interpolated": true,
        "captured_at_utc": "2026-06-18T19:49:42.136574+00:00"
      },
      "geometry": {
        "type": "Point",
        "coordinates": [
          -114.0042405852257,
          46.6761033
        ]
      }
    },
    {
      "type": "Feature",
      "properties": {
        "file": "leg05_m088_b002_2026-06-18T13-49-46.jpg",
        "leg": "leg05",
        "mark_index": 88,
        "along_track_m": 88.0,
        "achieved_heading": 10.474476934456845,
        "target_bearing": 2.886403940576429,
        "fix_type": 6,
        "hacc_m": 0.014,
        "corrupt": false,
        "position_interpolated": true,
        "captured_at_utc": "2026-06-18T19:49:46.127595+00:00"
      },
      "geometry": {
        "type": "Point",
        "coordinates": [
          -114.00423929783967,
          46.67611082604893
        ]
      }
    },
    {
      "type": "Feature",
      "properties": {
        "file": "leg05_m089_b002_2026-06-18T13-49-47.jpg",
        "leg": "leg05",
        "mark_index": 89,
        "along_track_m": 89.0,
        "achieved_heading": 4.21644047144332,
        "target_bearing": 2.886403940576429,
        "fix_type": 6,
        "hacc_m": 0.014,
        "corrupt": false,
        "position_interpolated": true,
        "captured_at_utc": "2026-06-18T19:49:47.402619+00:00"
      },
      "geometry": {
        "type": "Point",
        "coordinates": [
          -114.0042378,
          46.676119799999995
        ]
      }
    },
    {
      "type": "Feature",
      "properties": {
        "file": "leg05_m090_b002_2026-06-18T13-49-48.jpg",
        "leg": "leg05",
        "mark_index": 90,
        "along_track_m": 90.0,
        "achieved_heading": 357.72860216574094,
        "target_bearing": 2.886403940576429,
        "fix_type": 6,
        "hacc_m": 0.014,
        "corrupt": false,
        "position_interpolated": true,
        "captured_at_utc": "2026-06-18T19:49:48.375426+00:00"
      },
      "geometry": {
        "type": "Point",
        "coordinates": [
          -114.0042381,
          46.676128399999996
        ]
      }
    },
    {
      "type": "Feature",
      "properties": {
        "file": "leg05_m091_b002_2026-06-18T13-49-49.jpg",
        "leg": "leg05",
        "mark_index": 91,
        "along_track_m": 91.0,
        "achieved_heading": 359.4568865372638,
        "target_bearing": 2.886403940576429,
        "fix_type": 6,
        "hacc_m": 0.014,
        "corrupt": false,
        "position_interpolated": true,
        "captured_at_utc": "2026-06-18T19:49:49.413983+00:00"
      },
      "geometry": {
        "type": "Point",
        "coordinates": [
          -114.00423909999999,
          46.6761371
        ]
      }
    },
    {
      "type": "Feature",
      "properties": {
        "file": "leg05_m092_b002_2026-06-18T13-49-50.jpg",
        "leg": "leg05",
        "mark_index": 92,
        "along_track_m": 92.0,
        "achieved_heading": 4.602098747169123,
        "target_bearing": 2.886403940576429,
        "fix_type": 6,
        "hacc_m": 0.014,
        "corrupt": false,
        "position_interpolated": true,
        "captured_at_utc": "2026-06-18T19:49:50.538880+00:00"
      },
      "geometry": {
        "type": "Point",
        "coordinates": [
          -114.00423971844981,
          46.676147186353305
        ]
      }
    },
    {
      "type": "Feature",
      "properties": {
        "file": "leg05_m093_b002_2026-06-18T13-49-51.jpg",
        "leg": "leg05",
        "mark_index": 93,
        "along_track_m": 93.0,
        "achieved_heading": 357.0359530495863,
        "target_bearing": 2.886403940576429,
        "fix_type": 6,
        "hacc_m": 0.014,
        "corrupt": false,
        "position_interpolated": true,
        "captured_at_utc": "2026-06-18T19:49:51.593158+00:00"
      },
      "geometry": {
        "type": "Point",
        "coordinates": [
          -114.00423939999999,
          46.6761555
        ]
      }
    },
    {
      "type": "Feature",
      "properties": {
        "file": "leg05_m094_b002_2026-06-18T13-49-52.jpg",
        "leg": "leg05",
        "mark_index": 94,
        "along_track_m": 94.0,
        "achieved_heading": 358.74701007292776,
        "target_bearing": 2.886403940576429,
        "fix_type": 6,
        "hacc_m": 0.014,
        "corrupt": false,
        "position_interpolated": true,
        "captured_at_utc": "2026-06-18T19:49:52.778592+00:00"
      },
      "geometry": {
        "type": "Point",
        "coordinates": [
          -114.0042411,
          46.6761641
        ]
      }
    },
    {
      "type": "Feature",
      "properties": {
        "file": "leg05_m095_b002_2026-06-18T13-49-54.jpg",
        "leg": "leg05",
        "mark_index": 95,
        "along_track_m": 95.0,
        "achieved_heading": 8.705667562278734,
        "target_bearing": 2.886403940576429,
        "fix_type": 6,
        "hacc_m": 0.014,
        "corrupt": false,
        "position_interpolated": true,
        "captured_at_utc": "2026-06-18T19:49:53.902086+00:00"
      },
      "geometry": {
        "type": "Point",
        "coordinates": [
          -114.00424112710827,
          46.676174012051085
        ]
      }
    },
    {
      "type": "Feature",
      "properties": {
        "file": "leg05_m096_b002_2026-06-18T13-49-55.jpg",
        "leg": "leg05",
        "mark_index": 96,
        "along_track_m": 96.0,
        "achieved_heading": 11.683474808671747,
        "target_bearing": 2.886403940576429,
        "fix_type": 6,
        "hacc_m": 0.014,
        "corrupt": false,
        "position_interpolated": true,
        "captured_at_utc": "2026-06-18T19:49:55.015264+00:00"
      },
      "geometry": {
        "type": "Point",
        "coordinates": [
          -114.00423939999999,
          46.6761828
        ]
      }
    },
    {
      "type": "Feature",
      "properties": {
        "file": "leg05_m097_b002_2026-06-18T13-49-56.jpg",
        "leg": "leg05",
        "mark_index": 97,
        "along_track_m": 97.0,
        "achieved_heading": 8.956940548982686,
        "target_bearing": 2.886403940576429,
        "fix_type": 6,
        "hacc_m": 0.014,
        "corrupt": false,
        "position_interpolated": true,
        "captured_at_utc": "2026-06-18T19:49:56.001853+00:00"
      },
      "geometry": {
        "type": "Point",
        "coordinates": [
          -114.00423749999999,
          46.6761914
        ]
      }
    },
    {
      "type": "Feature",
      "properties": {
        "file": "leg05_m098_b002_2026-06-18T13-49-57.jpg",
        "leg": "leg05",
        "mark_index": 98,
        "along_track_m": 98.0,
        "achieved_heading": 7.507092588877299,
        "target_bearing": 2.886403940576429,
        "fix_type": 6,
        "hacc_m": 0.014,
        "corrupt": false,
        "position_interpolated": true,
        "captured_at_utc": "2026-06-18T19:49:57.115160+00:00"
      },
      "geometry": {
        "type": "Point",
        "coordinates": [
          -114.00423631038117,
          46.676200946780234
        ]
      }
    },
    {
      "type": "Feature",
      "properties": {
        "file": "leg05_m099_b002_2026-06-18T13-49-58.jpg",
        "leg": "leg05",
        "mark_index": 99,
        "along_track_m": 99.0,
        "achieved_heading": 6.021296439643379,
        "target_bearing": 2.886403940576429,
        "fix_type": 6,
        "hacc_m": 0.014,
        "corrupt": false,
        "position_interpolated": true,
        "captured_at_utc": "2026-06-18T19:49:58.170049+00:00"
      },
      "geometry": {
        "type": "Point",
        "coordinates": [
          -114.0042355,
          46.6762102
        ]
      }
    },
    {
      "type": "Feature",
      "properties": {
        "file": "leg05_m100_b002_2026-06-18T13-49-59.jpg",
        "leg": "leg05",
        "mark_index": 100,
        "along_track_m": 100.0,
        "achieved_heading": 4.911706392854853,
        "target_bearing": 2.886403940576429,
        "fix_type": 6,
        "hacc_m": 0.014,
        "corrupt": false,
        "position_interpolated": true,
        "captured_at_utc": "2026-06-18T19:49:59.143315+00:00"
      },
      "geometry": {
        "type": "Point",
        "coordinates": [
          -114.00423459999999,
          46.67621833010466
        ]
      }
    },
    {
      "type": "Feature",
      "properties": {
        "file": "leg05_m101_b002_2026-06-18T13-50-00.jpg",
        "leg": "leg05",
        "mark_index": 101,
        "along_track_m": 101.0,
        "achieved_heading": 3.694110082158886,
        "target_bearing": 2.886403940576429,
        "fix_type": 6,
        "hacc_m": 0.014,
        "corrupt": false,
        "position_interpolated": true,
        "captured_at_utc": "2026-06-18T19:50:00.261343+00:00"
      },
      "geometry": {
        "type": "Point",
        "coordinates": [
          -114.0042343,
          46.676227
        ]
      }
    },
    {
      "type": "Feature",
      "properties": {
        "file": "leg05_m102_b002_2026-06-18T13-50-01.jpg",
        "leg": "leg05",
        "mark_index": 102,
        "along_track_m": 102.0,
        "achieved_heading": 5.227641090714201,
        "target_bearing": 2.886403940576429,
        "fix_type": 6,
        "hacc_m": 0.014,
        "corrupt": false,
        "position_interpolated": true,
        "captured_at_utc": "2026-06-18T19:50:01.326122+00:00"
      },
      "geometry": {
        "type": "Point",
        "coordinates": [
          -114.0042337662126,
          46.676236929700785
        ]
      }
    },
    {
      "type": "Feature",
      "properties": {
        "file": "leg05_m103_b002_2026-06-18T13-50-02.jpg",
        "leg": "leg05",
        "mark_index": 103,
        "along_track_m": 103.0,
        "achieved_heading": 5.689114739717979,
        "target_bearing": 2.886403940576429,
        "fix_type": 6,
        "hacc_m": 0.014,
        "corrupt": false,
        "position_interpolated": true,
        "captured_at_utc": "2026-06-18T19:50:02.299561+00:00"
      },
      "geometry": {
        "type": "Point",
        "coordinates": [
          -114.00423323164915,
          46.67624496196434
        ]
      }
    },
    {
      "type": "Feature",
      "properties": {
        "file": "leg05_m104_b002_2026-06-18T13-50-03.jpg",
        "leg": "leg05",
        "mark_index": 104,
        "along_track_m": 104.0,
        "achieved_heading": 5.905980777840568,
        "target_bearing": 2.886403940576429,
        "fix_type": 6,
        "hacc_m": 0.014,
        "corrupt": false,
        "position_interpolated": true,
        "captured_at_utc": "2026-06-18T19:50:03.335073+00:00"
      },
      "geometry": {
        "type": "Point",
        "coordinates": [
          -114.00423248971077,
          46.67625401479398
        ]
      }
    },
    {
      "type": "Feature",
      "properties": {
        "file": "leg05_m105_b002_2026-06-18T13-50-04.jpg",
        "leg": "leg05",
        "mark_index": 105,
        "along_track_m": 105.0,
        "achieved_heading": 4.845292840311743,
        "target_bearing": 2.886403940576429,
        "fix_type": 6,
        "hacc_m": 0.014,
        "corrupt": false,
        "position_interpolated": true,
        "captured_at_utc": "2026-06-18T19:50:04.465992+00:00"
      },
      "geometry": {
        "type": "Point",
        "coordinates": [
          -114.00423219999999,
          46.6762634986644
        ]
      }
    },
    {
      "type": "Feature",
      "properties": {
        "file": "leg05_m106_b002_2026-06-18T13-50-05.jpg",
        "leg": "leg05",
        "mark_index": 106,
        "along_track_m": 106.0,
        "achieved_heading": 6.453365165077571,
        "target_bearing": 2.886403940576429,
        "fix_type": 6,
        "hacc_m": 0.014,
        "corrupt": false,
        "position_interpolated": true,
        "captured_at_utc": "2026-06-18T19:50:05.527138+00:00"
      },
      "geometry": {
        "type": "Point",
        "coordinates": [
          -114.00423149999999,
          46.67627290390137
        ]
      }
    },
    {
      "type": "Feature",
      "properties": {
        "file": "leg05_m107_b002_2026-06-18T13-50-06.jpg",
        "leg": "leg05",
        "mark_index": 107,
        "along_track_m": 107.0,
        "achieved_heading": 5.703569632964559,
        "target_bearing": 2.886403940576429,
        "fix_type": 6,
        "hacc_m": 0.014,
        "corrupt": false,
        "position_interpolated": true,
        "captured_at_utc": "2026-06-18T19:50:06.576243+00:00"
      },
      "geometry": {
        "type": "Point",
        "coordinates": [
          -114.00423079999999,
          46.6762814
        ]
      }
    },
    {
      "type": "Feature",
      "properties": {
        "file": "leg05_m108_b002_2026-06-18T13-50-07.jpg",
        "leg": "leg05",
        "mark_index": 108,
        "along_track_m": 108.0,
        "achieved_heading": 5.423229119663176,
        "target_bearing": 2.886403940576429,
        "fix_type": 6,
        "hacc_m": 0.014,
        "corrupt": false,
        "position_interpolated": true,
        "captured_at_utc": "2026-06-18T19:50:07.688034+00:00"
      },
      "geometry": {
        "type": "Point",
        "coordinates": [
          -114.0042302,
          46.676289999999995
        ]
      }
    },
    {
      "type": "Feature",
      "properties": {
        "file": "leg05_m109_b002_2026-06-18T13-50-08.jpg",
        "leg": "leg05",
        "mark_index": 109,
        "along_track_m": 109.0,
        "achieved_heading": 6.4364547325918124,
        "target_bearing": 2.886403940576429,
        "fix_type": 6,
        "hacc_m": 0.014,
        "corrupt": false,
        "position_interpolated": true,
        "captured_at_utc": "2026-06-18T19:50:08.739264+00:00"
      },
      "geometry": {
        "type": "Point",
        "coordinates": [
          -114.00422971949769,
          46.676300044018426
        ]
      }
    },
    {
      "type": "Feature",
      "properties": {
        "file": "leg05_m110_b002_2026-06-18T13-50-09.jpg",
        "leg": "leg05",
        "mark_index": 110,
        "along_track_m": 110.0,
        "achieved_heading": 6.5554156962907655,
        "target_bearing": 2.886403940576429,
        "fix_type": 6,
        "hacc_m": 0.014,
        "corrupt": false,
        "position_interpolated": true,
        "captured_at_utc": "2026-06-18T19:50:09.719178+00:00"
      },
      "geometry": {
        "type": "Point",
        "coordinates": [
          -114.00422895267779,
          46.676308683933264
        ]
      }
    },
    {
      "type": "Feature",
      "properties": {
        "file": "leg05_m111_b002_2026-06-18T13-50-10.jpg",
        "leg": "leg05",
        "mark_index": 111,
        "along_track_m": 111.0,
        "achieved_heading": 4.65623737073679,
        "target_bearing": 2.886403940576429,
        "fix_type": 6,
        "hacc_m": 0.014,
        "corrupt": false,
        "position_interpolated": true,
        "captured_at_utc": "2026-06-18T19:50:10.695008+00:00"
      },
      "geometry": {
        "type": "Point",
        "coordinates": [
          -114.00422813921803,
          46.676317103909824
        ]
      }
    },
    {
      "type": "Feature",
      "properties": {
        "file": "leg05_m112_b002_2026-06-18T13-50-11.jpg",
        "leg": "leg05",
        "mark_index": 112,
        "along_track_m": 112.0,
        "achieved_heading": 3.474089285584,
        "target_bearing": 2.886403940576429,
        "fix_type": 6,
        "hacc_m": 0.014,
        "corrupt": false,
        "position_interpolated": true,
        "captured_at_utc": "2026-06-18T19:50:11.757018+00:00"
      },
      "geometry": {
        "type": "Point",
        "coordinates": [
          -114.0042275,
          46.676326499999995
        ]
      }
    },
    {
      "type": "Feature",
      "properties": {
        "file": "leg05_m113_b002_2026-06-18T13-50-12.jpg",
        "leg": "leg05",
        "mark_index": 113,
        "along_track_m": 113.0,
        "achieved_heading": 4.629813133991206,
        "target_bearing": 2.886403940576429,
        "fix_type": 6,
        "hacc_m": 0.014,
        "corrupt": false,
        "position_interpolated": true,
        "captured_at_utc": "2026-06-18T19:50:12.802952+00:00"
      },
      "geometry": {
        "type": "Point",
        "coordinates": [
          -114.0042271,
          46.6763352
        ]
      }
    },
    {
      "type": "Feature",
      "properties": {
        "file": "leg05_m114_b002_2026-06-18T13-50-13.jpg",
        "leg": "leg05",
        "mark_index": 114,
        "along_track_m": 114.0,
        "achieved_heading": 6.213603338407438,
        "target_bearing": 2.886403940576429,
        "fix_type": 6,
        "hacc_m": 0.014,
        "corrupt": false,
        "position_interpolated": true,
        "captured_at_utc": "2026-06-18T19:50:13.715477+00:00"
      },
      "geometry": {
        "type": "Point",
        "coordinates": [
          -114.00422657844338,
          46.67634341198088
        ]
      }
    },
    {
      "type": "Feature",
      "properties": {
        "file": "leg05_m115_b002_2026-06-18T13-50-15.jpg",
        "leg": "leg05",
        "mark_index": 115,
        "along_track_m": 115.0,
        "achieved_heading": 6.27078221559816,
        "target_bearing": 2.886403940576429,
        "fix_type": 6,
        "hacc_m": 0.014,
        "corrupt": false,
        "position_interpolated": true,
        "captured_at_utc": "2026-06-18T19:50:14.904332+00:00"
      },
      "geometry": {
        "type": "Point",
        "coordinates": [
          -114.00422517671164,
          46.67635356530069
        ]
      }
    },
    {
      "type": "Feature",
      "properties": {
        "file": "leg05_m116_b002_2026-06-18T13-50-16.jpg",
        "leg": "leg05",
        "mark_index": 116,
        "along_track_m": 116.0,
        "achieved_heading": 4.7911507846558266,
        "target_bearing": 2.886403940576429,
        "fix_type": 6,
        "hacc_m": 0.014,
        "corrupt": false,
        "position_interpolated": true,
        "captured_at_utc": "2026-06-18T19:50:15.952703+00:00"
      },
      "geometry": {
        "type": "Point",
        "coordinates": [
          -114.00422410407258,
          46.67636256334676
        ]
      }
    },
    {
      "type": "Feature",
      "properties": {
        "file": "leg05_m117_b002_2026-06-18T13-50-17.jpg",
        "leg": "leg05",
        "mark_index": 117,
        "along_track_m": 117.0,
        "achieved_heading": 6.660510446250385,
        "target_bearing": 2.886403940576429,
        "fix_type": 6,
        "hacc_m": 0.014,
        "corrupt": false,
        "position_interpolated": true,
        "captured_at_utc": "2026-06-18T19:50:16.999759+00:00"
      },
      "geometry": {
        "type": "Point",
        "coordinates": [
          -114.0042234,
          46.676370999999996
        ]
      }
    },
    {
      "type": "Feature",
      "properties": {
        "file": "leg05_m118_b002_2026-06-18T13-50-18.jpg",
        "leg": "leg05",
        "mark_index": 118,
        "along_track_m": 118.0,
        "achieved_heading": 6.3424906041061035,
        "target_bearing": 2.886403940576429,
        "fix_type": 6,
        "hacc_m": 0.014,
        "corrupt": false,
        "position_interpolated": true,
        "captured_at_utc": "2026-06-18T19:50:17.984545+00:00"
      },
      "geometry": {
        "type": "Point",
        "coordinates": [
          -114.0042225,
          46.6763797
        ]
      }
    },
    {
      "type": "Feature",
      "properties": {
        "file": "leg05_m119_b002_2026-06-18T13-50-19.jpg",
        "leg": "leg05",
        "mark_index": 119,
        "along_track_m": 119.0,
        "achieved_heading": 4.636286788563439,
        "target_bearing": 2.886403940576429,
        "fix_type": 6,
        "hacc_m": 0.014,
        "corrupt": false,
        "position_interpolated": true,
        "captured_at_utc": "2026-06-18T19:50:19.167980+00:00"
      },
      "geometry": {
        "type": "Point",
        "coordinates": [
          -114.004222,
          46.67639
        ]
      }
    },
    {
      "type": "Feature",
      "properties": {
        "file": "leg05_m120_b002_2026-06-18T13-50-20.jpg",
        "leg": "leg05",
        "mark_index": 120,
        "along_track_m": 120.0,
        "achieved_heading": 4.498288236617441,
        "target_bearing": 2.886403940576429,
        "fix_type": 6,
        "hacc_m": 0.014,
        "corrupt": false,
        "position_interpolated": true,
        "captured_at_utc": "2026-06-18T19:50:20.153578+00:00"
      },
      "geometry": {
        "type": "Point",
        "coordinates": [
          -114.00422169372486,
          46.67639838704756
        ]
      }
    },
    {
      "type": "Feature",
      "properties": {
        "file": "leg05_m121_b002_2026-06-18T13-50-21.jpg",
        "leg": "leg05",
        "mark_index": 121,
        "along_track_m": 121.0,
        "achieved_heading": 3.7787359616657454,
        "target_bearing": 2.886403940576429,
        "fix_type": 6,
        "hacc_m": 0.014,
        "corrupt": false,
        "position_interpolated": true,
        "captured_at_utc": "2026-06-18T19:50:21.137010+00:00"
      },
      "geometry": {
        "type": "Point",
        "coordinates": [
          -114.0042215120498,
          46.676406907203166
        ]
      }
    },
    {
      "type": "Feature",
      "properties": {
        "file": "leg05_m122_b002_2026-06-18T13-50-22.jpg",
        "leg": "leg05",
        "mark_index": 122,
        "along_track_m": 122.0,
        "achieved_heading": 5.260904846504275,
        "target_bearing": 2.886403940576429,
        "fix_type": 6,
        "hacc_m": 0.014,
        "corrupt": false,
        "position_interpolated": true,
        "captured_at_utc": "2026-06-18T19:50:22.247040+00:00"
      },
      "geometry": {
        "type": "Point",
        "coordinates": [
          -114.004221,
          46.676415899999995
        ]
      }
    },
    {
      "type": "Feature",
      "properties": {
        "file": "leg05_m123_b002_2026-06-18T13-50-23.jpg",
        "leg": "leg05",
        "mark_index": 123,
        "along_track_m": 123.0,
        "achieved_heading": 4.669841414781956,
        "target_bearing": 2.886403940576429,
        "fix_type": 6,
        "hacc_m": 0.014,
        "corrupt": false,
        "position_interpolated": true,
        "captured_at_utc": "2026-06-18T19:50:23.164531+00:00"
      },
      "geometry": {
        "type": "Point",
        "coordinates": [
          -114.00422070049828,
          46.67642449103083
        ]
      }
    },
    {
      "type": "Feature",
      "properties": {
        "file": "leg05_m124_b002_2026-06-18T13-50-24.jpg",
        "leg": "leg05",
        "mark_index": 124,
        "along_track_m": 124.0,
        "achieved_heading": 8.771117132166182,
        "target_bearing": 2.886403940576429,
        "fix_type": 6,
        "hacc_m": 0.014,
        "corrupt": false,
        "position_interpolated": true,
        "captured_at_utc": "2026-06-18T19:50:24.217529+00:00"
      },
      "geometry": {
        "type": "Point",
        "coordinates": [
          -114.00421988612534,
          46.676433655498585
        ]
      }
    },
    {
      "type": "Feature",
      "properties": {
        "file": "leg05_m125_b002_2026-06-18T13-50-25.jpg",
        "leg": "leg05",
        "mark_index": 125,
        "along_track_m": 125.0,
        "achieved_heading": 13.400713702598068,
        "target_bearing": 2.886403940576429,
        "fix_type": 6,
        "hacc_m": 0.014,
        "corrupt": false,
        "position_interpolated": true,
        "captured_at_utc": "2026-06-18T19:50:25.404216+00:00"
      },
      "geometry": {
        "type": "Point",
        "coordinates": [
          -114.004218,
          46.6764436
        ]
      }
    },
    {
      "type": "Feature",
      "properties": {
        "file": "leg06_m000_b272_2026-06-18T13-50-30.jpg",
        "leg": "leg06",
        "mark_index": 0,
        "along_track_m": 0.0,
        "achieved_heading": 275.2974476258107,
        "target_bearing": 272.90477755983903,
        "fix_type": 6,
        "hacc_m": 0.014,
        "corrupt": false,
        "position_interpolated": true,
        "captured_at_utc": "2026-06-18T19:50:30.153815+00:00"
      },
      "geometry": {
        "type": "Point",
        "coordinates": [
          -114.0042187,
          46.6764484
        ]
      }
    },
    {
      "type": "Feature",
      "properties": {
        "file": "leg06_m001_b272_2026-06-18T13-50-31.jpg",
        "leg": "leg06",
        "mark_index": 1,
        "along_track_m": 1.0,
        "achieved_heading": 272.1681813319242,
        "target_bearing": 272.90477755983903,
        "fix_type": 6,
        "hacc_m": 0.014,
        "corrupt": false,
        "position_interpolated": true,
        "captured_at_utc": "2026-06-18T19:50:31.562576+00:00"
      },
      "geometry": {
        "type": "Point",
        "coordinates": [
          -114.00423119999999,
          46.676448699999995
        ]
      }
    },
    {
      "type": "Feature",
      "properties": {
        "file": "leg06_m002_b272_2026-06-18T13-50-32.jpg",
        "leg": "leg06",
        "mark_index": 2,
        "along_track_m": 2.0,
        "achieved_heading": 270.0733903371464,
        "target_bearing": 272.90477755983903,
        "fix_type": 6,
        "hacc_m": 0.014,
        "corrupt": false,
        "position_interpolated": true,
        "captured_at_utc": "2026-06-18T19:50:32.547186+00:00"
      },
      "geometry": {
        "type": "Point",
        "coordinates": [
          -114.00424382796464,
          46.676448813286974
        ]
      }
    },
    {
      "type": "Feature",
      "properties": {
        "file": "leg06_m003_b272_2026-06-18T13-50-33.jpg",
        "leg": "leg06",
        "mark_index": 3,
        "along_track_m": 3.0,
        "achieved_heading": 268.5908620422454,
        "target_bearing": 272.90477755983903,
        "fix_type": 6,
        "hacc_m": 0.014,
        "corrupt": false,
        "position_interpolated": true,
        "captured_at_utc": "2026-06-18T19:50:33.523090+00:00"
      },
      "geometry": {
        "type": "Point",
        "coordinates": [
          -114.00425640414475,
          46.676448699999995
        ]
      }
    },
    {
      "type": "Feature",
      "properties": {
        "file": "leg06_m004_b272_2026-06-18T13-50-34.jpg",
        "leg": "leg06",
        "mark_index": 4,
        "along_track_m": 4.0,
        "achieved_heading": 268.37900066810096,
        "target_bearing": 272.90477755983903,
        "fix_type": 6,
        "hacc_m": 0.014,
        "corrupt": false,
        "position_interpolated": true,
        "captured_at_utc": "2026-06-18T19:50:34.575543+00:00"
      },
      "geometry": {
        "type": "Point",
        "coordinates": [
          -114.0042697,
          46.6764485
        ]
      }
    },
    {
      "type": "Feature",
      "properties": {
        "file": "leg06_m005_b272_2026-06-18T13-50-35.jpg",
        "leg": "leg06",
        "mark_index": 5,
        "along_track_m": 4.869,
        "achieved_heading": 269.1413730804342,
        "target_bearing": 272.90477755983903,
        "fix_type": 6,
        "hacc_m": 0.014,
        "corrupt": false,
        "position_interpolated": true,
        "captured_at_utc": "2026-06-18T19:50:35.415190+00:00"
      },
      "geometry": {
        "type": "Point",
        "coordinates": [
          -114.00428029999999,
          46.6764483
        ]
      }
    },
    {
      "type": "Feature",
      "properties": {
        "file": "leg07_m000_b182_2026-06-18T13-50-39.jpg",
        "leg": "leg07",
        "mark_index": 0,
        "along_track_m": 0.0,
        "achieved_heading": 184.1639971322989,
        "target_bearing": 182.8864165503796,
        "fix_type": 6,
        "hacc_m": 0.014,
        "corrupt": false,
        "position_interpolated": true,
        "captured_at_utc": "2026-06-18T19:50:39.390928+00:00"
      },
      "geometry": {
        "type": "Point",
        "coordinates": [
          -114.0042848,
          46.676448699999995
        ]
      }
    },
    {
      "type": "Feature",
      "properties": {
        "file": "leg07_m001_b182_2026-06-18T13-50-41.jpg",
        "leg": "leg07",
        "mark_index": 1,
        "along_track_m": 1.0,
        "achieved_heading": 184.2252463205984,
        "target_bearing": 182.8864165503796,
        "fix_type": 6,
        "hacc_m": 0.014,
        "corrupt": false,
        "position_interpolated": true,
        "captured_at_utc": "2026-06-18T19:50:41.013868+00:00"
      },
      "geometry": {
        "type": "Point",
        "coordinates": [
          -114.0042864,
          46.6764395
        ]
      }
    },
    {
      "type": "Feature",
      "properties": {
        "file": "leg07_m002_b182_2026-06-18T13-50-42.jpg",
        "leg": "leg07",
        "mark_index": 2,
        "along_track_m": 2.0,
        "achieved_heading": 178.10565599814458,
        "target_bearing": 182.8864165503796,
        "fix_type": 6,
        "hacc_m": 0.014,
        "corrupt": false,
        "position_interpolated": true,
        "captured_at_utc": "2026-06-18T19:50:42.140072+00:00"
      },
      "geometry": {
        "type": "Point",
        "coordinates": [
          -114.00428748910505,
          46.67642949610899
        ]
      }
    },
    {
      "type": "Feature",
      "properties": {
        "file": "leg07_m003_b182_2026-06-18T13-50-43.jpg",
        "leg": "leg07",
        "mark_index": 3,
        "along_track_m": 3.0,
        "achieved_heading": 175.34669232725116,
        "target_bearing": 182.8864165503796,
        "fix_type": 6,
        "hacc_m": 0.014,
        "corrupt": false,
        "position_interpolated": true,
        "captured_at_utc": "2026-06-18T19:50:43.180101+00:00"
      },
      "geometry": {
        "type": "Point",
        "coordinates": [
          -114.0042869,
          46.676421
        ]
      }
    },
    {
      "type": "Feature",
      "properties": {
        "file": "leg07_m004_b182_2026-06-18T13-50-44.jpg",
        "leg": "leg07",
        "mark_index": 4,
        "along_track_m": 4.0,
        "achieved_heading": 178.38943933272662,
        "target_bearing": 182.8864165503796,
        "fix_type": 6,
        "hacc_m": 0.014,
        "corrupt": false,
        "position_interpolated": true,
        "captured_at_utc": "2026-06-18T19:50:44.233113+00:00"
      },
      "geometry": {
        "type": "Point",
        "coordinates": [
          -114.0042862,
          46.6764125
        ]
      }
    },
    {
      "type": "Feature",
      "properties": {
        "file": "leg07_m005_b182_2026-06-18T13-50-45.jpg",
        "leg": "leg07",
        "mark_index": 5,
        "along_track_m": 5.0,
        "achieved_heading": 180.82305913149634,
        "target_bearing": 182.8864165503796,
        "fix_type": 6,
        "hacc_m": 0.014,
        "corrupt": false,
        "position_interpolated": true,
        "captured_at_utc": "2026-06-18T19:50:45.359646+00:00"
      },
      "geometry": {
        "type": "Point",
        "coordinates": [
          -114.0042869,
          46.6764021
        ]
      }
    },
    {
      "type": "Feature",
      "properties": {
        "file": "leg07_m006_b182_2026-06-18T13-50-46.jpg",
        "leg": "leg07",
        "mark_index": 6,
        "along_track_m": 6.0,
        "achieved_heading": 180.15616484902927,
        "target_bearing": 182.8864165503796,
        "fix_type": 6,
        "hacc_m": 0.014,
        "corrupt": false,
        "position_interpolated": true,
        "captured_at_utc": "2026-06-18T19:50:46.331326+00:00"
      },
      "geometry": {
        "type": "Point",
        "coordinates": [
          -114.0042875645263,
          46.67639388919311
        ]
      }
    },
    {
      "type": "Feature",
      "properties": {
        "file": "leg07_m007_b182_2026-06-18T13-50-47.jpg",
        "leg": "leg07",
        "mark_index": 7,
        "along_track_m": 7.0,
        "achieved_heading": 180.29573914488216,
        "target_bearing": 182.8864165503796,
        "fix_type": 6,
        "hacc_m": 0.014,
        "corrupt": false,
        "position_interpolated": true,
        "captured_at_utc": "2026-06-18T19:50:47.453717+00:00"
      },
      "geometry": {
        "type": "Point",
        "coordinates": [
          -114.0042876,
          46.6763852
        ]
      }
    },
    {
      "type": "Feature",
      "properties": {
        "file": "leg07_m008_b182_2026-06-18T13-50-48.jpg",
        "leg": "leg07",
        "mark_index": 8,
        "along_track_m": 8.0,
        "achieved_heading": 182.04232253196722,
        "target_bearing": 182.8864165503796,
        "fix_type": 6,
        "hacc_m": 0.014,
        "corrupt": false,
        "position_interpolated": true,
        "captured_at_utc": "2026-06-18T19:50:48.364142+00:00"
      },
      "geometry": {
        "type": "Point",
        "coordinates": [
          -114.0042879,
          46.676376399999995
        ]
      }
    },
    {
      "type": "Feature",
      "properties": {
        "file": "leg07_m009_b182_2026-06-18T13-50-49.jpg",
        "leg": "leg07",
        "mark_index": 9,
        "along_track_m": 9.0,
        "achieved_heading": 182.85355040360292,
        "target_bearing": 182.8864165503796,
        "fix_type": 6,
        "hacc_m": 0.014,
        "corrupt": false,
        "position_interpolated": true,
        "captured_at_utc": "2026-06-18T19:50:49.562857+00:00"
      },
      "geometry": {
        "type": "Point",
        "coordinates": [
          -114.00428869999999,
          46.6763664
        ]
      }
    },
    {
      "type": "Feature",
      "properties": {
        "file": "leg07_m010_b182_2026-06-18T13-50-50.jpg",
        "leg": "leg07",
        "mark_index": 10,
        "along_track_m": 10.0,
        "achieved_heading": 181.95230708178994,
        "target_bearing": 182.8864165503796,
        "fix_type": 6,
        "hacc_m": 0.014,
        "corrupt": false,
        "position_interpolated": true,
        "captured_at_utc": "2026-06-18T19:50:50.541267+00:00"
      },
      "geometry": {
        "type": "Point",
        "coordinates": [
          -114.00428969135744,
          46.67635795556593
        ]
      }
    },
    {
      "type": "Feature",
      "properties": {
        "file": "leg07_m011_b182_2026-06-18T13-50-51.jpg",
        "leg": "leg07",
        "mark_index": 11,
        "along_track_m": 11.0,
        "achieved_heading": 180.92247145083923,
        "target_bearing": 182.8864165503796,
        "fix_type": 6,
        "hacc_m": 0.014,
        "corrupt": false,
        "position_interpolated": true,
        "captured_at_utc": "2026-06-18T19:50:51.586864+00:00"
      },
      "geometry": {
        "type": "Point",
        "coordinates": [
          -114.0042903,
          46.6763494
        ]
      }
    },
    {
      "type": "Feature",
      "properties": {
        "file": "leg07_m012_b182_2026-06-18T13-50-52.jpg",
        "leg": "leg07",
        "mark_index": 12,
        "along_track_m": 12.0,
        "achieved_heading": 180.07720680076335,
        "target_bearing": 182.8864165503796,
        "fix_type": 6,
        "hacc_m": 0.014,
        "corrupt": false,
        "position_interpolated": true,
        "captured_at_utc": "2026-06-18T19:50:52.710758+00:00"
      },
      "geometry": {
        "type": "Point",
        "coordinates": [
          -114.0042910748392,
          46.67633980257258
        ]
      }
    },
    {
      "type": "Feature",
      "properties": {
        "file": "leg07_m013_b182_2026-06-18T13-50-53.jpg",
        "leg": "leg07",
        "mark_index": 13,
        "along_track_m": 13.0,
        "achieved_heading": 181.97703631506224,
        "target_bearing": 182.8864165503796,
        "fix_type": 6,
        "hacc_m": 0.014,
        "corrupt": false,
        "position_interpolated": true,
        "captured_at_utc": "2026-06-18T19:50:53.686360+00:00"
      },
      "geometry": {
        "type": "Point",
        "coordinates": [
          -114.00429126480337,
          46.67633126873588
        ]
      }
    },
    {
      "type": "Feature",
      "properties": {
        "file": "leg07_m014_b182_2026-06-18T13-50-54.jpg",
        "leg": "leg07",
        "mark_index": 14,
        "along_track_m": 14.0,
        "achieved_heading": 183.08451939956842,
        "target_bearing": 182.8864165503796,
        "fix_type": 6,
        "hacc_m": 0.014,
        "corrupt": false,
        "position_interpolated": true,
        "captured_at_utc": "2026-06-18T19:50:54.806854+00:00"
      },
      "geometry": {
        "type": "Point",
        "coordinates": [
          -114.00429179999999,
          46.6763221
        ]
      }
    },
    {
      "type": "Feature",
      "properties": {
        "file": "leg07_m015_b182_2026-06-18T13-50-55.jpg",
        "leg": "leg07",
        "mark_index": 15,
        "along_track_m": 15.0,
        "achieved_heading": 183.51443298299,
        "target_bearing": 182.8864165503796,
        "fix_type": 6,
        "hacc_m": 0.014,
        "corrupt": false,
        "position_interpolated": true,
        "captured_at_utc": "2026-06-18T19:50:55.855923+00:00"
      },
      "geometry": {
        "type": "Point",
        "coordinates": [
          -114.0042927,
          46.676313699999994
        ]
      }
    },
    {
      "type": "Feature",
      "properties": {
        "file": "leg07_m016_b182_2026-06-18T13-50-57.jpg",
        "leg": "leg07",
        "mark_index": 16,
        "along_track_m": 16.0,
        "achieved_heading": 181.42597295557186,
        "target_bearing": 182.8864165503796,
        "fix_type": 6,
        "hacc_m": 0.014,
        "corrupt": false,
        "position_interpolated": true,
        "captured_at_utc": "2026-06-18T19:50:56.904983+00:00"
      },
      "geometry": {
        "type": "Point",
        "coordinates": [
          -114.00429333113667,
          46.67630376046005
        ]
      }
    },
    {
      "type": "Feature",
      "properties": {
        "file": "leg07_m017_b182_2026-06-18T13-50-57.jpg",
        "leg": "leg07",
        "mark_index": 17,
        "along_track_m": 17.0,
        "achieved_heading": 181.8343766408388,
        "target_bearing": 182.8864165503796,
        "fix_type": 6,
        "hacc_m": 0.014,
        "corrupt": false,
        "position_interpolated": true,
        "captured_at_utc": "2026-06-18T19:50:57.883388+00:00"
      },
      "geometry": {
        "type": "Point",
        "coordinates": [
          -114.0042937648382,
          46.67629509775055
        ]
      }
    },
    {
      "type": "Feature",
      "properties": {
        "file": "leg07_m018_b182_2026-06-18T13-50-59.jpg",
        "leg": "leg07",
        "mark_index": 18,
        "along_track_m": 18.0,
        "achieved_heading": 183.42518330330913,
        "target_bearing": 182.8864165503796,
        "fix_type": 6,
        "hacc_m": 0.014,
        "corrupt": false,
        "position_interpolated": true,
        "captured_at_utc": "2026-06-18T19:50:59.007516+00:00"
      },
      "geometry": {
        "type": "Point",
        "coordinates": [
          -114.00429419999999,
          46.6762863
        ]
      }
    },
    {
      "type": "Feature",
      "properties": {
        "file": "leg07_m019_b182_2026-06-18T13-50-59.jpg",
        "leg": "leg07",
        "mark_index": 19,
        "along_track_m": 19.0,
        "achieved_heading": 184.83057278383257,
        "target_bearing": 182.8864165503796,
        "fix_type": 6,
        "hacc_m": 0.014,
        "corrupt": false,
        "position_interpolated": true,
        "captured_at_utc": "2026-06-18T19:50:59.983381+00:00"
      },
      "geometry": {
        "type": "Point",
        "coordinates": [
          -114.004295,
          46.6762776
        ]
      }
    },
    {
      "type": "Feature",
      "properties": {
        "file": "leg07_m020_b182_2026-06-18T13-51-01.jpg",
        "leg": "leg07",
        "mark_index": 20,
        "along_track_m": 20.0,
        "achieved_heading": 183.15554702542224,
        "target_bearing": 182.8864165503796,
        "fix_type": 6,
        "hacc_m": 0.014,
        "corrupt": false,
        "position_interpolated": true,
        "captured_at_utc": "2026-06-18T19:51:01.039868+00:00"
      },
      "geometry": {
        "type": "Point",
        "coordinates": [
          -114.004296,
          46.67626834540099
        ]
      }
    },
    {
      "type": "Feature",
      "properties": {
        "file": "leg07_m021_b182_2026-06-18T13-51-02.jpg",
        "leg": "leg07",
        "mark_index": 21,
        "along_track_m": 21.0,
        "achieved_heading": 182.53771395298355,
        "target_bearing": 182.8864165503796,
        "fix_type": 6,
        "hacc_m": 0.014,
        "corrupt": false,
        "position_interpolated": true,
        "captured_at_utc": "2026-06-18T19:51:02.223991+00:00"
      },
      "geometry": {
        "type": "Point",
        "coordinates": [
          -114.0042967,
          46.676258999999995
        ]
      }
    },
    {
      "type": "Feature",
      "properties": {
        "file": "leg07_m022_b182_2026-06-18T13-51-03.jpg",
        "leg": "leg07",
        "mark_index": 22,
        "along_track_m": 22.0,
        "achieved_heading": 182.93126634692737,
        "target_bearing": 182.8864165503796,
        "fix_type": 6,
        "hacc_m": 0.014,
        "corrupt": false,
        "position_interpolated": true,
        "captured_at_utc": "2026-06-18T19:51:03.131874+00:00"
      },
      "geometry": {
        "type": "Point",
        "coordinates": [
          -114.00429706884078,
          46.676250496012415
        ]
      }
    },
    {
      "type": "Feature",
      "properties": {
        "file": "leg07_m023_b182_2026-06-18T13-51-04.jpg",
        "leg": "leg07",
        "mark_index": 23,
        "along_track_m": 23.0,
        "achieved_heading": 183.46284590752617,
        "target_bearing": 182.8864165503796,
        "fix_type": 6,
        "hacc_m": 0.014,
        "corrupt": false,
        "position_interpolated": true,
        "captured_at_utc": "2026-06-18T19:51:04.249269+00:00"
      },
      "geometry": {
        "type": "Point",
        "coordinates": [
          -114.0042976,
          46.6762416
        ]
      }
    },
    {
      "type": "Feature",
      "properties": {
        "file": "leg07_m024_b182_2026-06-18T13-51-05.jpg",
        "leg": "leg07",
        "mark_index": 24,
        "along_track_m": 24.0,
        "achieved_heading": 183.75116468764756,
        "target_bearing": 182.8864165503796,
        "fix_type": 6,
        "hacc_m": 0.014,
        "corrupt": false,
        "position_interpolated": true,
        "captured_at_utc": "2026-06-18T19:51:05.303870+00:00"
      },
      "geometry": {
        "type": "Point",
        "coordinates": [
          -114.00429844602974,
          46.67623205874718
        ]
      }
    },
    {
      "type": "Feature",
      "properties": {
        "file": "leg07_m025_b182_2026-06-18T13-51-06.jpg",
        "leg": "leg07",
        "mark_index": 25,
        "along_track_m": 25.0,
        "achieved_heading": 182.05612399400377,
        "target_bearing": 182.8864165503796,
        "fix_type": 6,
        "hacc_m": 0.014,
        "corrupt": false,
        "position_interpolated": true,
        "captured_at_utc": "2026-06-18T19:51:06.354459+00:00"
      },
      "geometry": {
        "type": "Point",
        "coordinates": [
          -114.0042991,
          46.676223219223345
        ]
      }
    },
    {
      "type": "Feature",
      "properties": {
        "file": "leg07_m026_b182_2026-06-18T13-51-07.jpg",
        "leg": "leg07",
        "mark_index": 26,
        "along_track_m": 26.0,
        "achieved_heading": 182.95809388466935,
        "target_bearing": 182.8864165503796,
        "fix_type": 6,
        "hacc_m": 0.014,
        "corrupt": false,
        "position_interpolated": true,
        "captured_at_utc": "2026-06-18T19:51:07.471206+00:00"
      },
      "geometry": {
        "type": "Point",
        "coordinates": [
          -114.0042994,
          46.676214699999996
        ]
      }
    },
    {
      "type": "Feature",
      "properties": {
        "file": "leg07_m027_b182_2026-06-18T13-51-08.jpg",
        "leg": "leg07",
        "mark_index": 27,
        "along_track_m": 27.0,
        "achieved_heading": 183.8297754866022,
        "target_bearing": 182.8864165503796,
        "fix_type": 6,
        "hacc_m": 0.014,
        "corrupt": false,
        "position_interpolated": true,
        "captured_at_utc": "2026-06-18T19:51:08.599037+00:00"
      },
      "geometry": {
        "type": "Point",
        "coordinates": [
          -114.00430019999999,
          46.6762047
        ]
      }
    },
    {
      "type": "Feature",
      "properties": {
        "file": "leg07_m028_b182_2026-06-18T13-51-09.jpg",
        "leg": "leg07",
        "mark_index": 28,
        "along_track_m": 28.0,
        "achieved_heading": 183.8782328451886,
        "target_bearing": 182.8864165503796,
        "fix_type": 6,
        "hacc_m": 0.014,
        "corrupt": false,
        "position_interpolated": true,
        "captured_at_utc": "2026-06-18T19:51:09.577089+00:00"
      },
      "geometry": {
        "type": "Point",
        "coordinates": [
          -114.00430089999999,
          46.676196399999995
        ]
      }
    },
    {
      "type": "Feature",
      "properties": {
        "file": "leg07_m029_b182_2026-06-18T13-51-10.jpg",
        "leg": "leg07",
        "mark_index": 29,
        "along_track_m": 29.0,
        "achieved_heading": 184.23097474738805,
        "target_bearing": 182.8864165503796,
        "fix_type": 6,
        "hacc_m": 0.014,
        "corrupt": false,
        "position_interpolated": true,
        "captured_at_utc": "2026-06-18T19:51:10.697923+00:00"
      },
      "geometry": {
        "type": "Point",
        "coordinates": [
          -114.00430193586912,
          46.67618690924335
        ]
      }
    },
    {
      "type": "Feature",
      "properties": {
        "file": "leg07_m030_b182_2026-06-18T13-51-11.jpg",
        "leg": "leg07",
        "mark_index": 30,
        "along_track_m": 30.0,
        "achieved_heading": 183.51062304411732,
        "target_bearing": 182.8864165503796,
        "fix_type": 6,
        "hacc_m": 0.014,
        "corrupt": false,
        "position_interpolated": true,
        "captured_at_utc": "2026-06-18T19:51:11.683587+00:00"
      },
      "geometry": {
        "type": "Point",
        "coordinates": [
          -114.00430276362755,
          46.67617841833144
        ]
      }
    },
    {
      "type": "Feature",
      "properties": {
        "file": "leg07_m031_b182_2026-06-18T13-51-12.jpg",
        "leg": "leg07",
        "mark_index": 31,
        "along_track_m": 31.0,
        "achieved_heading": 182.2367468988835,
        "target_bearing": 182.8864165503796,
        "fix_type": 6,
        "hacc_m": 0.014,
        "corrupt": false,
        "position_interpolated": true,
        "captured_at_utc": "2026-06-18T19:51:12.873032+00:00"
      },
      "geometry": {
        "type": "Point",
        "coordinates": [
          -114.004303,
          46.6761695
        ]
      }
    },
    {
      "type": "Feature",
      "properties": {
        "file": "leg07_m032_b182_2026-06-18T13-51-14.jpg",
        "leg": "leg07",
        "mark_index": 32,
        "along_track_m": 32.0,
        "achieved_heading": 183.99190948671696,
        "target_bearing": 182.8864165503796,
        "fix_type": 6,
        "hacc_m": 0.014,
        "corrupt": false,
        "position_interpolated": true,
        "captured_at_utc": "2026-06-18T19:51:13.932909+00:00"
      },
      "geometry": {
        "type": "Point",
        "coordinates": [
          -114.00430387778687,
          46.676159499918136
        ]
      }
    },
    {
      "type": "Feature",
      "properties": {
        "file": "leg07_m033_b182_2026-06-18T13-51-14.jpg",
        "leg": "leg07",
        "mark_index": 33,
        "along_track_m": 33.0,
        "achieved_heading": 182.35392664675882,
        "target_bearing": 182.8864165503796,
        "fix_type": 6,
        "hacc_m": 0.014,
        "corrupt": false,
        "position_interpolated": true,
        "captured_at_utc": "2026-06-18T19:51:14.973698+00:00"
      },
      "geometry": {
        "type": "Point",
        "coordinates": [
          -114.00430419999999,
          46.676151999999995
        ]
      }
    },
    {
      "type": "Feature",
      "properties": {
        "file": "leg07_m034_b182_2026-06-18T13-51-16.jpg",
        "leg": "leg07",
        "mark_index": 34,
        "along_track_m": 34.0,
        "achieved_heading": 183.453386722088,
        "target_bearing": 182.8864165503796,
        "fix_type": 6,
        "hacc_m": 0.014,
        "corrupt": false,
        "position_interpolated": true,
        "captured_at_utc": "2026-06-18T19:51:16.089838+00:00"
      },
      "geometry": {
        "type": "Point",
        "coordinates": [
          -114.00430432983227,
          46.676142726257936
        ]
      }
    },
    {
      "type": "Feature",
      "properties": {
        "file": "leg07_m035_b182_2026-06-18T13-51-17.jpg",
        "leg": "leg07",
        "mark_index": 35,
        "along_track_m": 35.0,
        "achieved_heading": 185.96883870776287,
        "target_bearing": 182.8864165503796,
        "fix_type": 6,
        "hacc_m": 0.014,
        "corrupt": false,
        "position_interpolated": true,
        "captured_at_utc": "2026-06-18T19:51:17.214540+00:00"
      },
      "geometry": {
        "type": "Point",
        "coordinates": [
          -114.00430519999999,
          46.676134
        ]
      }
    },
    {
      "type": "Feature",
      "properties": {
        "file": "leg07_m036_b182_2026-06-18T13-51-18.jpg",
        "leg": "leg07",
        "mark_index": 36,
        "along_track_m": 36.0,
        "achieved_heading": 184.93991465720876,
        "target_bearing": 182.8864165503796,
        "fix_type": 6,
        "hacc_m": 0.014,
        "corrupt": false,
        "position_interpolated": true,
        "captured_at_utc": "2026-06-18T19:51:18.334795+00:00"
      },
      "geometry": {
        "type": "Point",
        "coordinates": [
          -114.00430668219002,
          46.67612376028978
        ]
      }
    },
    {
      "type": "Feature",
      "properties": {
        "file": "leg07_m037_b182_2026-06-18T13-51-19.jpg",
        "leg": "leg07",
        "mark_index": 37,
        "along_track_m": 37.0,
        "achieved_heading": 182.69955872037096,
        "target_bearing": 182.8864165503796,
        "fix_type": 6,
        "hacc_m": 0.014,
        "corrupt": false,
        "position_interpolated": true,
        "captured_at_utc": "2026-06-18T19:51:19.315500+00:00"
      },
      "geometry": {
        "type": "Point",
        "coordinates": [
          -114.00430725804202,
          46.67611571468485
        ]
      }
    },
    {
      "type": "Feature",
      "properties": {
        "file": "leg07_m038_b182_2026-06-18T13-51-20.jpg",
        "leg": "leg07",
        "mark_index": 38,
        "along_track_m": 38.0,
        "achieved_heading": 185.33955454296768,
        "target_bearing": 182.8864165503796,
        "fix_type": 6,
        "hacc_m": 0.014,
        "corrupt": false,
        "position_interpolated": true,
        "captured_at_utc": "2026-06-18T19:51:20.368177+00:00"
      },
      "geometry": {
        "type": "Point",
        "coordinates": [
          -114.00430809999999,
          46.676106999999995
        ]
      }
    },
    {
      "type": "Feature",
      "properties": {
        "file": "leg07_m039_b182_2026-06-18T13-51-21.jpg",
        "leg": "leg07",
        "mark_index": 39,
        "along_track_m": 39.0,
        "achieved_heading": 185.6463192499227,
        "target_bearing": 182.8864165503796,
        "fix_type": 6,
        "hacc_m": 0.014,
        "corrupt": false,
        "position_interpolated": true,
        "captured_at_utc": "2026-06-18T19:51:21.558627+00:00"
      },
      "geometry": {
        "type": "Point",
        "coordinates": [
          -114.00430879999999,
          46.6760971
        ]
      }
    },
    {
      "type": "Feature",
      "properties": {
        "file": "leg07_m040_b182_2026-06-18T13-51-22.jpg",
        "leg": "leg07",
        "mark_index": 40,
        "along_track_m": 40.0,
        "achieved_heading": 184.89877700776407,
        "target_bearing": 182.8864165503796,
        "fix_type": 6,
        "hacc_m": 0.014,
        "corrupt": false,
        "position_interpolated": true,
        "captured_at_utc": "2026-06-18T19:51:22.670874+00:00"
      },
      "geometry": {
        "type": "Point",
        "coordinates": [
          -114.0043098,
          46.6760887
        ]
      }
    },
    {
      "type": "Feature",
      "properties": {
        "file": "leg07_m041_b182_2026-06-18T13-51-23.jpg",
        "leg": "leg07",
        "mark_index": 41,
        "along_track_m": 41.0,
        "achieved_heading": 183.41998705316684,
        "target_bearing": 182.8864165503796,
        "fix_type": 6,
        "hacc_m": 0.014,
        "corrupt": false,
        "position_interpolated": true,
        "captured_at_utc": "2026-06-18T19:51:23.723368+00:00"
      },
      "geometry": {
        "type": "Point",
        "coordinates": [
          -114.00431086872355,
          46.676079418935075
        ]
      }
    },
    {
      "type": "Feature",
      "properties": {
        "file": "leg07_m042_b182_2026-06-18T13-51-24.jpg",
        "leg": "leg07",
        "mark_index": 42,
        "along_track_m": 42.0,
        "achieved_heading": 183.28605142481914,
        "target_bearing": 182.8864165503796,
        "fix_type": 6,
        "hacc_m": 0.014,
        "corrupt": false,
        "position_interpolated": true,
        "captured_at_utc": "2026-06-18T19:51:24.843850+00:00"
      },
      "geometry": {
        "type": "Point",
        "coordinates": [
          -114.00431119999999,
          46.6760709
        ]
      }
    },
    {
      "type": "Feature",
      "properties": {
        "file": "leg07_m043_b182_2026-06-18T13-51-26.jpg",
        "leg": "leg07",
        "mark_index": 43,
        "along_track_m": 43.0,
        "achieved_heading": 183.50804329593905,
        "target_bearing": 182.8864165503796,
        "fix_type": 6,
        "hacc_m": 0.014,
        "corrupt": false,
        "position_interpolated": true,
        "captured_at_utc": "2026-06-18T19:51:25.965336+00:00"
      },
      "geometry": {
        "type": "Point",
        "coordinates": [
          -114.00431209999999,
          46.676060899999996
        ]
      }
    },
    {
      "type": "Feature",
      "properties": {
        "file": "leg07_m044_b182_2026-06-18T13-51-27.jpg",
        "leg": "leg07",
        "mark_index": 44,
        "along_track_m": 44.0,
        "achieved_heading": 183.0630745599459,
        "target_bearing": 182.8864165503796,
        "fix_type": 6,
        "hacc_m": 0.014,
        "corrupt": false,
        "position_interpolated": true,
        "captured_at_utc": "2026-06-18T19:51:27.016845+00:00"
      },
      "geometry": {
        "type": "Point",
        "coordinates": [
          -114.0043127,
          46.676052299999995
        ]
      }
    },
    {
      "type": "Feature",
      "properties": {
        "file": "leg07_m045_b182_2026-06-18T13-51-28.jpg",
        "leg": "leg07",
        "mark_index": 45,
        "along_track_m": 45.0,
        "achieved_heading": 184.08124702641138,
        "target_bearing": 182.8864165503796,
        "fix_type": 6,
        "hacc_m": 0.014,
        "corrupt": false,
        "position_interpolated": true,
        "captured_at_utc": "2026-06-18T19:51:27.987333+00:00"
      },
      "geometry": {
        "type": "Point",
        "coordinates": [
          -114.00431309999999,
          46.6760437
        ]
      }
    },
    {
      "type": "Feature",
      "properties": {
        "file": "leg07_m046_b182_2026-06-18T13-51-28.jpg",
        "leg": "leg07",
        "mark_index": 46,
        "along_track_m": 46.0,
        "achieved_heading": 184.82533981323752,
        "target_bearing": 182.8864165503796,
        "fix_type": 6,
        "hacc_m": 0.014,
        "corrupt": false,
        "position_interpolated": true,
        "captured_at_utc": "2026-06-18T19:51:28.901063+00:00"
      },
      "geometry": {
        "type": "Point",
        "coordinates": [
          -114.0043138481496,
          46.67603551480324
        ]
      }
    },
    {
      "type": "Feature",
      "properties": {
        "file": "leg07_m047_b182_2026-06-18T13-51-30.jpg",
        "leg": "leg07",
        "mark_index": 47,
        "along_track_m": 47.0,
        "achieved_heading": 183.7393219492468,
        "target_bearing": 182.8864165503796,
        "fix_type": 6,
        "hacc_m": 0.014,
        "corrupt": false,
        "position_interpolated": true,
        "captured_at_utc": "2026-06-18T19:51:30.092152+00:00"
      },
      "geometry": {
        "type": "Point",
        "coordinates": [
          -114.00431429999999,
          46.67602552633104
        ]
      }
    },
    {
      "type": "Feature",
      "properties": {
        "file": "leg07_m048_b182_2026-06-18T13-51-31.jpg",
        "leg": "leg07",
        "mark_index": 48,
        "along_track_m": 48.0,
        "achieved_heading": 183.5717902340307,
        "target_bearing": 182.8864165503796,
        "fix_type": 6,
        "hacc_m": 0.014,
        "corrupt": false,
        "position_interpolated": true,
        "captured_at_utc": "2026-06-18T19:51:31.211603+00:00"
      },
      "geometry": {
        "type": "Point",
        "coordinates": [
          -114.00431479999999,
          46.6760162
        ]
      }
    },
    {
      "type": "Feature",
      "properties": {
        "file": "leg07_m049_b182_2026-06-18T13-51-32.jpg",
        "leg": "leg07",
        "mark_index": 49,
        "along_track_m": 49.0,
        "achieved_heading": 184.47853610997666,
        "target_bearing": 182.8864165503796,
        "fix_type": 6,
        "hacc_m": 0.014,
        "corrupt": false,
        "position_interpolated": true,
        "captured_at_utc": "2026-06-18T19:51:32.118290+00:00"
      },
      "geometry": {
        "type": "Point",
        "coordinates": [
          -114.00431557669147,
          46.676008072936426
        ]
      }
    },
    {
      "type": "Feature",
      "properties": {
        "file": "leg07_m050_b182_2026-06-18T13-51-33.jpg",
        "leg": "leg07",
        "mark_index": 50,
        "along_track_m": 50.0,
        "achieved_heading": 184.42906118373756,
        "target_bearing": 182.8864165503796,
        "fix_type": 6,
        "hacc_m": 0.014,
        "corrupt": false,
        "position_interpolated": true,
        "captured_at_utc": "2026-06-18T19:51:33.313890+00:00"
      },
      "geometry": {
        "type": "Point",
        "coordinates": [
          -114.00431627896913,
          46.67599805752486
        ]
      }
    },
    {
      "type": "Feature",
      "properties": {
        "file": "leg07_m051_b182_2026-06-18T13-51-34.jpg",
        "leg": "leg07",
        "mark_index": 51,
        "along_track_m": 51.0,
        "achieved_heading": 184.1592929444489,
        "target_bearing": 182.8864165503796,
        "fix_type": 6,
        "hacc_m": 0.014,
        "corrupt": false,
        "position_interpolated": true,
        "captured_at_utc": "2026-06-18T19:51:34.293314+00:00"
      },
      "geometry": {
        "type": "Point",
        "coordinates": [
          -114.00431689999999,
          46.67598962423751
        ]
      }
    },
    {
      "type": "Feature",
      "properties": {
        "file": "leg07_m052_b182_2026-06-18T13-51-35.jpg",
        "leg": "leg07",
        "mark_index": 52,
        "along_track_m": 52.0,
        "achieved_heading": 182.03188019536321,
        "target_bearing": 182.8864165503796,
        "fix_type": 6,
        "hacc_m": 0.014,
        "corrupt": false,
        "position_interpolated": true,
        "captured_at_utc": "2026-06-18T19:51:35.340030+00:00"
      },
      "geometry": {
        "type": "Point",
        "coordinates": [
          -114.00431710831037,
          46.6759807246558
        ]
      }
    },
    {
      "type": "Feature",
      "properties": {
        "file": "leg07_m053_b182_2026-06-18T13-51-36.jpg",
        "leg": "leg07",
        "mark_index": 53,
        "along_track_m": 53.0,
        "achieved_heading": 183.8804357320418,
        "target_bearing": 182.8864165503796,
        "fix_type": 6,
        "hacc_m": 0.014,
        "corrupt": false,
        "position_interpolated": true,
        "captured_at_utc": "2026-06-18T19:51:36.315091+00:00"
      },
      "geometry": {
        "type": "Point",
        "coordinates": [
          -114.00431725800335,
          46.675972414974794
        ]
      }
    },
    {
      "type": "Feature",
      "properties": {
        "file": "leg07_m054_b182_2026-06-18T13-51-37.jpg",
        "leg": "leg07",
        "mark_index": 54,
        "along_track_m": 54.0,
        "achieved_heading": 185.33972820508905,
        "target_bearing": 182.8864165503796,
        "fix_type": 6,
        "hacc_m": 0.014,
        "corrupt": false,
        "position_interpolated": true,
        "captured_at_utc": "2026-06-18T19:51:37.369725+00:00"
      },
      "geometry": {
        "type": "Point",
        "coordinates": [
          -114.00431809999999,
          46.6759634
        ]
      }
    },
    {
      "type": "Feature",
      "properties": {
        "file": "leg07_m055_b182_2026-06-18T13-51-38.jpg",
        "leg": "leg07",
        "mark_index": 55,
        "along_track_m": 55.0,
        "achieved_heading": 184.42196322957494,
        "target_bearing": 182.8864165503796,
        "fix_type": 6,
        "hacc_m": 0.014,
        "corrupt": false,
        "position_interpolated": true,
        "captured_at_utc": "2026-06-18T19:51:38.492009+00:00"
      },
      "geometry": {
        "type": "Point",
        "coordinates": [
          -114.00431892224124,
          46.67595372207009
        ]
      }
    },
    {
      "type": "Feature",
      "properties": {
        "file": "leg07_m056_b182_2026-06-18T13-51-39.jpg",
        "leg": "leg07",
        "mark_index": 56,
        "along_track_m": 56.0,
        "achieved_heading": 184.8685707660062,
        "target_bearing": 182.8864165503796,
        "fix_type": 6,
        "hacc_m": 0.014,
        "corrupt": false,
        "position_interpolated": true,
        "captured_at_utc": "2026-06-18T19:51:39.618721+00:00"
      },
      "geometry": {
        "type": "Point",
        "coordinates": [
          -114.0043194,
          46.675944699999995
        ]
      }
    },
    {
      "type": "Feature",
      "properties": {
        "file": "leg07_m057_b182_2026-06-18T13-51-40.jpg",
        "leg": "leg07",
        "mark_index": 57,
        "along_track_m": 57.0,
        "achieved_heading": 186.2229515523194,
        "target_bearing": 182.8864165503796,
        "fix_type": 6,
        "hacc_m": 0.014,
        "corrupt": false,
        "position_interpolated": true,
        "captured_at_utc": "2026-06-18T19:51:40.667959+00:00"
      },
      "geometry": {
        "type": "Point",
        "coordinates": [
          -114.0043201,
          46.675936199999995
        ]
      }
    },
    {
      "type": "Feature",
      "properties": {
        "file": "leg07_m058_b182_2026-06-18T13-51-41.jpg",
        "leg": "leg07",
        "mark_index": 58,
        "along_track_m": 58.0,
        "achieved_heading": 185.36681057680414,
        "target_bearing": 182.8864165503796,
        "fix_type": 6,
        "hacc_m": 0.014,
        "corrupt": false,
        "position_interpolated": true,
        "captured_at_utc": "2026-06-18T19:51:41.507278+00:00"
      },
      "geometry": {
        "type": "Point",
        "coordinates": [
          -114.0043208582297,
          46.67592779681779
        ]
      }
    },
    {
      "type": "Feature",
      "properties": {
        "file": "leg07_m059_b182_2026-06-18T13-51-42.jpg",
        "leg": "leg07",
        "mark_index": 59,
        "along_track_m": 59.0,
        "achieved_heading": 185.89079927785622,
        "target_bearing": 182.8864165503796,
        "fix_type": 6,
        "hacc_m": 0.014,
        "corrupt": false,
        "position_interpolated": true,
        "captured_at_utc": "2026-06-18T19:51:42.756327+00:00"
      },
      "geometry": {
        "type": "Point",
        "coordinates": [
          -114.00432169822803,
          46.67591742835138
        ]
      }
    },
    {
      "type": "Feature",
      "properties": {
        "file": "leg07_m060_b182_2026-06-18T13-51-43.jpg",
        "leg": "leg07",
        "mark_index": 60,
        "along_track_m": 60.0,
        "achieved_heading": 183.73674620037016,
        "target_bearing": 182.8864165503796,
        "fix_type": 6,
        "hacc_m": 0.014,
        "corrupt": false,
        "position_interpolated": true,
        "captured_at_utc": "2026-06-18T19:51:43.671706+00:00"
      },
      "geometry": {
        "type": "Point",
        "coordinates": [
          -114.00432277656937,
          46.67590929944024
        ]
      }
    },
    {
      "type": "Feature",
      "properties": {
        "file": "leg07_m061_b182_2026-06-18T13-51-44.jpg",
        "leg": "leg07",
        "mark_index": 61,
        "along_track_m": 61.0,
        "achieved_heading": 181.8054609860397,
        "target_bearing": 182.8864165503796,
        "fix_type": 6,
        "hacc_m": 0.014,
        "corrupt": false,
        "position_interpolated": true,
        "captured_at_utc": "2026-06-18T19:51:44.797457+00:00"
      },
      "geometry": {
        "type": "Point",
        "coordinates": [
          -114.0043228,
          46.6758999
        ]
      }
    },
    {
      "type": "Feature",
      "properties": {
        "file": "leg07_m062_b182_2026-06-18T13-51-45.jpg",
        "leg": "leg07",
        "mark_index": 62,
        "along_track_m": 62.0,
        "achieved_heading": 184.27379823739682,
        "target_bearing": 182.8864165503796,
        "fix_type": 6,
        "hacc_m": 0.014,
        "corrupt": false,
        "position_interpolated": true,
        "captured_at_utc": "2026-06-18T19:51:45.771352+00:00"
      },
      "geometry": {
        "type": "Point",
        "coordinates": [
          -114.0043228,
          46.6758911
        ]
      }
    },
    {
      "type": "Feature",
      "properties": {
        "file": "leg07_m063_b182_2026-06-18T13-51-46.jpg",
        "leg": "leg07",
        "mark_index": 63,
        "along_track_m": 63.0,
        "achieved_heading": 186.73544728526718,
        "target_bearing": 182.8864165503796,
        "fix_type": 6,
        "hacc_m": 0.014,
        "corrupt": false,
        "position_interpolated": true,
        "captured_at_utc": "2026-06-18T19:51:46.902453+00:00"
      },
      "geometry": {
        "type": "Point",
        "coordinates": [
          -114.00432339999999,
          46.6758825
        ]
      }
    },
    {
      "type": "Feature",
      "properties": {
        "file": "leg07_m064_b182_2026-06-18T13-51-47.jpg",
        "leg": "leg07",
        "mark_index": 64,
        "along_track_m": 64.0,
        "achieved_heading": 185.75277419686165,
        "target_bearing": 182.8864165503796,
        "fix_type": 6,
        "hacc_m": 0.014,
        "corrupt": false,
        "position_interpolated": true,
        "captured_at_utc": "2026-06-18T19:51:47.882483+00:00"
      },
      "geometry": {
        "type": "Point",
        "coordinates": [
          -114.00432436329025,
          46.67587298735589
        ]
      }
    },
    {
      "type": "Feature",
      "properties": {
        "file": "leg07_m065_b182_2026-06-18T13-51-49.jpg",
        "leg": "leg07",
        "mark_index": 65,
        "along_track_m": 65.0,
        "achieved_heading": 184.35776957636588,
        "target_bearing": 182.8864165503796,
        "fix_type": 6,
        "hacc_m": 0.014,
        "corrupt": false,
        "position_interpolated": true,
        "captured_at_utc": "2026-06-18T19:51:48.929455+00:00"
      },
      "geometry": {
        "type": "Point",
        "coordinates": [
          -114.00432507397043,
          46.67586394728071
        ]
      }
    },
    {
      "type": "Feature",
      "properties": {
        "file": "leg07_m066_b182_2026-06-18T13-51-49.jpg",
        "leg": "leg07",
        "mark_index": 66,
        "along_track_m": 66.0,
        "achieved_heading": 183.74519441253668,
        "target_bearing": 182.8864165503796,
        "fix_type": 6,
        "hacc_m": 0.014,
        "corrupt": false,
        "position_interpolated": true,
        "captured_at_utc": "2026-06-18T19:51:49.972643+00:00"
      },
      "geometry": {
        "type": "Point",
        "coordinates": [
          -114.0043254,
          46.6758551
        ]
      }
    },
    {
      "type": "Feature",
      "properties": {
        "file": "leg07_m067_b182_2026-06-18T13-51-51.jpg",
        "leg": "leg07",
        "mark_index": 67,
        "along_track_m": 67.0,
        "achieved_heading": 184.90284414880117,
        "target_bearing": 182.8864165503796,
        "fix_type": 6,
        "hacc_m": 0.014,
        "corrupt": false,
        "position_interpolated": true,
        "captured_at_utc": "2026-06-18T19:51:51.018291+00:00"
      },
      "geometry": {
        "type": "Point",
        "coordinates": [
          -114.00432599999999,
          46.6758466
        ]
      }
    },
    {
      "type": "Feature",
      "properties": {
        "file": "leg07_m068_b182_2026-06-18T13-51-52.jpg",
        "leg": "leg07",
        "mark_index": 68,
        "along_track_m": 68.0,
        "achieved_heading": 184.7819131268549,
        "target_bearing": 182.8864165503796,
        "fix_type": 6,
        "hacc_m": 0.014,
        "corrupt": false,
        "position_interpolated": true,
        "captured_at_utc": "2026-06-18T19:51:52.138827+00:00"
      },
      "geometry": {
        "type": "Point",
        "coordinates": [
          -114.00432668802057,
          46.67583640365022
        ]
      }
    },
    {
      "type": "Feature",
      "properties": {
        "file": "leg07_m069_b182_2026-06-18T13-51-53.jpg",
        "leg": "leg07",
        "mark_index": 69,
        "along_track_m": 69.0,
        "achieved_heading": 185.10957618887858,
        "target_bearing": 182.8864165503796,
        "fix_type": 6,
        "hacc_m": 0.014,
        "corrupt": false,
        "position_interpolated": true,
        "captured_at_utc": "2026-06-18T19:51:53.193188+00:00"
      },
      "geometry": {
        "type": "Point",
        "coordinates": [
          -114.00432699999999,
          46.6758277
        ]
      }
    },
    {
      "type": "Feature",
      "properties": {
        "file": "leg07_m070_b182_2026-06-18T13-51-54.jpg",
        "leg": "leg07",
        "mark_index": 70,
        "along_track_m": 70.0,
        "achieved_heading": 185.6377892478591,
        "target_bearing": 182.8864165503796,
        "fix_type": 6,
        "hacc_m": 0.014,
        "corrupt": false,
        "position_interpolated": true,
        "captured_at_utc": "2026-06-18T19:51:54.258448+00:00"
      },
      "geometry": {
        "type": "Point",
        "coordinates": [
          -114.00432749999999,
          46.6758191
        ]
      }
    },
    {
      "type": "Feature",
      "properties": {
        "file": "leg07_m071_b182_2026-06-18T13-51-55.jpg",
        "leg": "leg07",
        "mark_index": 71,
        "along_track_m": 71.0,
        "achieved_heading": 186.02602563841657,
        "target_bearing": 182.8864165503796,
        "fix_type": 6,
        "hacc_m": 0.014,
        "corrupt": false,
        "position_interpolated": true,
        "captured_at_utc": "2026-06-18T19:51:55.155826+00:00"
      },
      "geometry": {
        "type": "Point",
        "coordinates": [
          -114.00432835993622,
          46.67581086025505
        ]
      }
    },
    {
      "type": "Feature",
      "properties": {
        "file": "leg07_m072_b182_2026-06-18T13-51-56.jpg",
        "leg": "leg07",
        "mark_index": 72,
        "along_track_m": 72.0,
        "achieved_heading": 185.46715032772028,
        "target_bearing": 182.8864165503796,
        "fix_type": 6,
        "hacc_m": 0.014,
        "corrupt": false,
        "position_interpolated": true,
        "captured_at_utc": "2026-06-18T19:51:56.291110+00:00"
      },
      "geometry": {
        "type": "Point",
        "coordinates": [
          -114.00432926623277,
          46.67580147404275
        ]
      }
    },
    {
      "type": "Feature",
      "properties": {
        "file": "leg07_m073_b182_2026-06-18T13-51-57.jpg",
        "leg": "leg07",
        "mark_index": 73,
        "along_track_m": 73.0,
        "achieved_heading": 186.09212964389542,
        "target_bearing": 182.8864165503796,
        "fix_type": 6,
        "hacc_m": 0.014,
        "corrupt": false,
        "position_interpolated": true,
        "captured_at_utc": "2026-06-18T19:51:57.544085+00:00"
      },
      "geometry": {
        "type": "Point",
        "coordinates": [
          -114.00432998842187,
          46.67579138683592
        ]
      }
    },
    {
      "type": "Feature",
      "properties": {
        "file": "leg07_m074_b182_2026-06-18T13-51-58.jpg",
        "leg": "leg07",
        "mark_index": 74,
        "along_track_m": 74.0,
        "achieved_heading": 186.168646549061,
        "target_bearing": 182.8864165503796,
        "fix_type": 6,
        "hacc_m": 0.014,
        "corrupt": false,
        "position_interpolated": true,
        "captured_at_utc": "2026-06-18T19:51:58.578537+00:00"
      },
      "geometry": {
        "type": "Point",
        "coordinates": [
          -114.0043307,
          46.675782999999996
        ]
      }
    },
    {
      "type": "Feature",
      "properties": {
        "file": "leg07_m075_b182_2026-06-18T13-51-59.jpg",
        "leg": "leg07",
        "mark_index": 75,
        "along_track_m": 75.0,
        "achieved_heading": 185.41037677579573,
        "target_bearing": 182.8864165503796,
        "fix_type": 6,
        "hacc_m": 0.014,
        "corrupt": false,
        "position_interpolated": true,
        "captured_at_utc": "2026-06-18T19:51:59.558430+00:00"
      },
      "geometry": {
        "type": "Point",
        "coordinates": [
          -114.0043314,
          46.675774499999996
        ]
      }
    },
    {
      "type": "Feature",
      "properties": {
        "file": "leg07_m076_b182_2026-06-18T13-52-00.jpg",
        "leg": "leg07",
        "mark_index": 76,
        "along_track_m": 76.0,
        "achieved_heading": 184.44183337817947,
        "target_bearing": 182.8864165503796,
        "fix_type": 6,
        "hacc_m": 0.014,
        "corrupt": false,
        "position_interpolated": true,
        "captured_at_utc": "2026-06-18T19:52:00.541978+00:00"
      },
      "geometry": {
        "type": "Point",
        "coordinates": [
          -114.00433186899345,
          46.67576607905898
        ]
      }
    },
    {
      "type": "Feature",
      "properties": {
        "file": "leg07_m077_b182_2026-06-18T13-52-01.jpg",
        "leg": "leg07",
        "mark_index": 77,
        "along_track_m": 77.0,
        "achieved_heading": 187.0576687183431,
        "target_bearing": 182.8864165503796,
        "fix_type": 6,
        "hacc_m": 0.014,
        "corrupt": false,
        "position_interpolated": true,
        "captured_at_utc": "2026-06-18T19:52:01.664549+00:00"
      },
      "geometry": {
        "type": "Point",
        "coordinates": [
          -114.00433286333474,
          46.67575652888132
        ]
      }
    },
    {
      "type": "Feature",
      "properties": {
        "file": "leg07_m078_b182_2026-06-18T13-52-02.jpg",
        "leg": "leg07",
        "mark_index": 78,
        "along_track_m": 78.0,
        "achieved_heading": 186.019024244314,
        "target_bearing": 182.8864165503796,
        "fix_type": 6,
        "hacc_m": 0.014,
        "corrupt": false,
        "position_interpolated": true,
        "captured_at_utc": "2026-06-18T19:52:02.780334+00:00"
      },
      "geometry": {
        "type": "Point",
        "coordinates": [
          -114.00433389999999,
          46.675747199999996
        ]
      }
    },
    {
      "type": "Feature",
      "properties": {
        "file": "leg07_m079_b182_2026-06-18T13-52-03.jpg",
        "leg": "leg07",
        "mark_index": 79,
        "along_track_m": 79.0,
        "achieved_heading": 184.35282617287015,
        "target_bearing": 182.8864165503796,
        "fix_type": 6,
        "hacc_m": 0.014,
        "corrupt": false,
        "position_interpolated": true,
        "captured_at_utc": "2026-06-18T19:52:03.779909+00:00"
      },
      "geometry": {
        "type": "Point",
        "coordinates": [
          -114.0043343,
          46.6757385
        ]
      }
    },
    {
      "type": "Feature",
      "properties": {
        "file": "leg07_m080_b182_2026-06-18T13-52-04.jpg",
        "leg": "leg07",
        "mark_index": 80,
        "along_track_m": 80.0,
        "achieved_heading": 185.2282430466432,
        "target_bearing": 182.8864165503796,
        "fix_type": 6,
        "hacc_m": 0.014,
        "corrupt": false,
        "position_interpolated": true,
        "captured_at_utc": "2026-06-18T19:52:04.826209+00:00"
      },
      "geometry": {
        "type": "Point",
        "coordinates": [
          -114.00433483014199,
          46.67572954787001
        ]
      }
    },
    {
      "type": "Feature",
      "properties": {
        "file": "leg07_m081_b182_2026-06-18T13-52-06.jpg",
        "leg": "leg07",
        "mark_index": 81,
        "along_track_m": 81.0,
        "achieved_heading": 186.3419495792376,
        "target_bearing": 182.8864165503796,
        "fix_type": 6,
        "hacc_m": 0.014,
        "corrupt": false,
        "position_interpolated": true,
        "captured_at_utc": "2026-06-18T19:52:05.946132+00:00"
      },
      "geometry": {
        "type": "Point",
        "coordinates": [
          -114.0043354895522,
          46.675720278358405
        ]
      }
    },
    {
      "type": "Feature",
      "properties": {
        "file": "leg07_m082_b182_2026-06-18T13-52-07.jpg",
        "leg": "leg07",
        "mark_index": 82,
        "along_track_m": 82.0,
        "achieved_heading": 186.50384683238582,
        "target_bearing": 182.8864165503796,
        "fix_type": 6,
        "hacc_m": 0.014,
        "corrupt": false,
        "position_interpolated": true,
        "captured_at_utc": "2026-06-18T19:52:07.062744+00:00"
      },
      "geometry": {
        "type": "Point",
        "coordinates": [
          -114.0043362,
          46.675711799999995
        ]
      }
    },
    {
      "type": "Feature",
      "properties": {
        "file": "leg07_m083_b182_2026-06-18T13-52-08.jpg",
        "leg": "leg07",
        "mark_index": 83,
        "along_track_m": 83.0,
        "achieved_heading": 186.1945105846338,
        "target_bearing": 182.8864165503796,
        "fix_type": 6,
        "hacc_m": 0.014,
        "corrupt": false,
        "position_interpolated": true,
        "captured_at_utc": "2026-06-18T19:52:08.172228+00:00"
      },
      "geometry": {
        "type": "Point",
        "coordinates": [
          -114.00433729999999,
          46.6757019
        ]
      }
    },
    {
      "type": "Feature",
      "properties": {
        "file": "leg07_m084_b182_2026-06-18T13-52-09.jpg",
        "leg": "leg07",
        "mark_index": 84,
        "along_track_m": 84.0,
        "achieved_heading": 183.7981689461621,
        "target_bearing": 182.8864165503796,
        "fix_type": 6,
        "hacc_m": 0.014,
        "corrupt": false,
        "position_interpolated": true,
        "captured_at_utc": "2026-06-18T19:52:09.153193+00:00"
      },
      "geometry": {
        "type": "Point",
        "coordinates": [
          -114.00433759545685,
          46.67569338177685
        ]
      }
    },
    {
      "type": "Feature",
      "properties": {
        "file": "leg07_m085_b182_2026-06-18T13-52-10.jpg",
        "leg": "leg07",
        "mark_index": 85,
        "along_track_m": 85.0,
        "achieved_heading": 183.8539040215581,
        "target_bearing": 182.8864165503796,
        "fix_type": 6,
        "hacc_m": 0.014,
        "corrupt": false,
        "position_interpolated": true,
        "captured_at_utc": "2026-06-18T19:52:10.208313+00:00"
      },
      "geometry": {
        "type": "Point",
        "coordinates": [
          -114.0043378,
          46.6756846
        ]
      }
    },
    {
      "type": "Feature",
      "properties": {
        "file": "leg07_m086_b182_2026-06-18T13-52-11.jpg",
        "leg": "leg07",
        "mark_index": 86,
        "along_track_m": 86.0,
        "achieved_heading": 186.0910404309463,
        "target_bearing": 182.8864165503796,
        "fix_type": 6,
        "hacc_m": 0.014,
        "corrupt": false,
        "position_interpolated": true,
        "captured_at_utc": "2026-06-18T19:52:11.324190+00:00"
      },
      "geometry": {
        "type": "Point",
        "coordinates": [
          -114.0043381713901,
          46.67567481457421
        ]
      }
    },
    {
      "type": "Feature",
      "properties": {
        "file": "leg07_m087_b182_2026-06-18T13-52-12.jpg",
        "leg": "leg07",
        "mark_index": 87,
        "along_track_m": 87.0,
        "achieved_heading": 187.60298182920806,
        "target_bearing": 182.8864165503796,
        "fix_type": 6,
        "hacc_m": 0.014,
        "corrupt": false,
        "position_interpolated": true,
        "captured_at_utc": "2026-06-18T19:52:12.310782+00:00"
      },
      "geometry": {
        "type": "Point",
        "coordinates": [
          -114.00433905445473,
          46.67566630990743
        ]
      }
    },
    {
      "type": "Feature",
      "properties": {
        "file": "leg07_m088_b182_2026-06-18T13-52-13.jpg",
        "leg": "leg07",
        "mark_index": 88,
        "along_track_m": 88.0,
        "achieved_heading": 187.72620257516803,
        "target_bearing": 182.8864165503796,
        "fix_type": 6,
        "hacc_m": 0.014,
        "corrupt": false,
        "position_interpolated": true,
        "captured_at_utc": "2026-06-18T19:52:13.424765+00:00"
      },
      "geometry": {
        "type": "Point",
        "coordinates": [
          -114.0043402,
          46.6756574
        ]
      }
    },
    {
      "type": "Feature",
      "properties": {
        "file": "leg07_m089_b182_2026-06-18T13-52-14.jpg",
        "leg": "leg07",
        "mark_index": 89,
        "along_track_m": 89.0,
        "achieved_heading": 185.20043019428005,
        "target_bearing": 182.8864165503796,
        "fix_type": 6,
        "hacc_m": 0.014,
        "corrupt": false,
        "position_interpolated": true,
        "captured_at_utc": "2026-06-18T19:52:14.342816+00:00"
      },
      "geometry": {
        "type": "Point",
        "coordinates": [
          -114.00434108390434,
          46.67564913681309
        ]
      }
    },
    {
      "type": "Feature",
      "properties": {
        "file": "leg07_m090_b182_2026-06-18T13-52-15.jpg",
        "leg": "leg07",
        "mark_index": 90,
        "along_track_m": 90.0,
        "achieved_heading": 185.59630624437887,
        "target_bearing": 182.8864165503796,
        "fix_type": 6,
        "hacc_m": 0.014,
        "corrupt": false,
        "position_interpolated": true,
        "captured_at_utc": "2026-06-18T19:52:15.454614+00:00"
      },
      "geometry": {
        "type": "Point",
        "coordinates": [
          -114.00434174690625,
          46.67563981649996
        ]
      }
    },
    {
      "type": "Feature",
      "properties": {
        "file": "leg07_m091_b182_2026-06-18T13-52-16.jpg",
        "leg": "leg07",
        "mark_index": 91,
        "along_track_m": 91.0,
        "achieved_heading": 184.79365406793758,
        "target_bearing": 182.8864165503796,
        "fix_type": 6,
        "hacc_m": 0.014,
        "corrupt": false,
        "position_interpolated": true,
        "captured_at_utc": "2026-06-18T19:52:16.585216+00:00"
      },
      "geometry": {
        "type": "Point",
        "coordinates": [
          -114.00434229999999,
          46.675630299999995
        ]
      }
    },
    {
      "type": "Feature",
      "properties": {
        "file": "leg07_m092_b182_2026-06-18T13-52-17.jpg",
        "leg": "leg07",
        "mark_index": 92,
        "along_track_m": 92.0,
        "achieved_heading": 185.0407634330901,
        "target_bearing": 182.8864165503796,
        "fix_type": 6,
        "hacc_m": 0.014,
        "corrupt": false,
        "position_interpolated": true,
        "captured_at_utc": "2026-06-18T19:52:17.563788+00:00"
      },
      "geometry": {
        "type": "Point",
        "coordinates": [
          -114.00434249999999,
          46.6756217
        ]
      }
    },
    {
      "type": "Feature",
      "properties": {
        "file": "leg07_m093_b182_2026-06-18T13-52-18.jpg",
        "leg": "leg07",
        "mark_index": 93,
        "along_track_m": 93.0,
        "achieved_heading": 184.77120082290537,
        "target_bearing": 182.8864165503796,
        "fix_type": 6,
        "hacc_m": 0.014,
        "corrupt": false,
        "position_interpolated": true,
        "captured_at_utc": "2026-06-18T19:52:18.745201+00:00"
      },
      "geometry": {
        "type": "Point",
        "coordinates": [
          -114.0043434859009,
          46.67561182558529
        ]
      }
    },
    {
      "type": "Feature",
      "properties": {
        "file": "leg07_m094_b182_2026-06-18T13-52-19.jpg",
        "leg": "leg07",
        "mark_index": 94,
        "along_track_m": 94.0,
        "achieved_heading": 185.18062876066134,
        "target_bearing": 182.8864165503796,
        "fix_type": 6,
        "hacc_m": 0.014,
        "corrupt": false,
        "position_interpolated": true,
        "captured_at_utc": "2026-06-18T19:52:19.719552+00:00"
      },
      "geometry": {
        "type": "Point",
        "coordinates": [
          -114.00434394325546,
          46.675603202637475
        ]
      }
    },
    {
      "type": "Feature",
      "properties": {
        "file": "leg07_m095_b182_2026-06-18T13-52-20.jpg",
        "leg": "leg07",
        "mark_index": 95,
        "along_track_m": 95.0,
        "achieved_heading": 185.37804346320132,
        "target_bearing": 182.8864165503796,
        "fix_type": 6,
        "hacc_m": 0.014,
        "corrupt": false,
        "position_interpolated": true,
        "captured_at_utc": "2026-06-18T19:52:20.772074+00:00"
      },
      "geometry": {
        "type": "Point",
        "coordinates": [
          -114.00434449617195,
          46.675594134452275
        ]
      }
    },
    {
      "type": "Feature",
      "properties": {
        "file": "leg07_m096_b182_2026-06-18T13-52-21.jpg",
        "leg": "leg07",
        "mark_index": 96,
        "along_track_m": 96.0,
        "achieved_heading": 184.46030968351602,
        "target_bearing": 182.8864165503796,
        "fix_type": 6,
        "hacc_m": 0.014,
        "corrupt": false,
        "position_interpolated": true,
        "captured_at_utc": "2026-06-18T19:52:21.751331+00:00"
      },
      "geometry": {
        "type": "Point",
        "coordinates": [
          -114.00434499807858,
          46.675585434585656
        ]
      }
    },
    {
      "type": "Feature",
      "properties": {
        "file": "leg07_m097_b182_2026-06-18T13-52-22.jpg",
        "leg": "leg07",
        "mark_index": 97,
        "along_track_m": 97.0,
        "achieved_heading": 184.9043196889473,
        "target_bearing": 182.8864165503796,
        "fix_type": 6,
        "hacc_m": 0.014,
        "corrupt": false,
        "position_interpolated": true,
        "captured_at_utc": "2026-06-18T19:52:22.802021+00:00"
      },
      "geometry": {
        "type": "Point",
        "coordinates": [
          -114.0043455,
          46.6755767
        ]
      }
    },
    {
      "type": "Feature",
      "properties": {
        "file": "leg07_m098_b182_2026-06-18T13-52-23.jpg",
        "leg": "leg07",
        "mark_index": 98,
        "along_track_m": 98.0,
        "achieved_heading": 185.82575527935856,
        "target_bearing": 182.8864165503796,
        "fix_type": 6,
        "hacc_m": 0.014,
        "corrupt": false,
        "position_interpolated": true,
        "captured_at_utc": "2026-06-18T19:52:23.711393+00:00"
      },
      "geometry": {
        "type": "Point",
        "coordinates": [
          -114.00434595385852,
          46.67556829220256
        ]
      }
    },
    {
      "type": "Feature",
      "properties": {
        "file": "leg07_m099_b182_2026-06-18T13-52-24.jpg",
        "leg": "leg07",
        "mark_index": 99,
        "along_track_m": 99.0,
        "achieved_heading": 185.70663618451,
        "target_bearing": 182.8864165503796,
        "fix_type": 6,
        "hacc_m": 0.014,
        "corrupt": false,
        "position_interpolated": true,
        "captured_at_utc": "2026-06-18T19:52:24.767131+00:00"
      },
      "geometry": {
        "type": "Point",
        "coordinates": [
          -114.0043469,
          46.6755591
        ]
      }
    },
    {
      "type": "Feature",
      "properties": {
        "file": "leg07_m100_b182_2026-06-18T13-52-25.jpg",
        "leg": "leg07",
        "mark_index": 100,
        "along_track_m": 100.0,
        "achieved_heading": 185.46887994035643,
        "target_bearing": 182.8864165503796,
        "fix_type": 6,
        "hacc_m": 0.014,
        "corrupt": false,
        "position_interpolated": true,
        "captured_at_utc": "2026-06-18T19:52:25.892218+00:00"
      },
      "geometry": {
        "type": "Point",
        "coordinates": [
          -114.00434786705321,
          46.675549493042034
        ]
      }
    },
    {
      "type": "Feature",
      "properties": {
        "file": "leg07_m101_b182_2026-06-18T13-52-27.jpg",
        "leg": "leg07",
        "mark_index": 101,
        "along_track_m": 101.0,
        "achieved_heading": 186.61088135909532,
        "target_bearing": 182.8864165503796,
        "fix_type": 6,
        "hacc_m": 0.014,
        "corrupt": false,
        "position_interpolated": true,
        "captured_at_utc": "2026-06-18T19:52:27.013973+00:00"
      },
      "geometry": {
        "type": "Point",
        "coordinates": [
          -114.00434849999999,
          46.6755401
        ]
      }
    },
    {
      "type": "Feature",
      "properties": {
        "file": "leg07_m102_b182_2026-06-18T13-52-28.jpg",
        "leg": "leg07",
        "mark_index": 102,
        "along_track_m": 102.0,
        "achieved_heading": 186.16666303692338,
        "target_bearing": 182.8864165503796,
        "fix_type": 6,
        "hacc_m": 0.014,
        "corrupt": false,
        "position_interpolated": true,
        "captured_at_utc": "2026-06-18T19:52:27.923287+00:00"
      },
      "geometry": {
        "type": "Point",
        "coordinates": [
          -114.004349268679,
          46.675531666228586
        ]
      }
    },
    {
      "type": "Feature",
      "properties": {
        "file": "leg07_m103_b182_2026-06-18T13-52-29.jpg",
        "leg": "leg07",
        "mark_index": 103,
        "along_track_m": 103.0,
        "achieved_heading": 185.27931177225878,
        "target_bearing": 182.8864165503796,
        "fix_type": 6,
        "hacc_m": 0.014,
        "corrupt": false,
        "position_interpolated": true,
        "captured_at_utc": "2026-06-18T19:52:29.043021+00:00"
      },
      "geometry": {
        "type": "Point",
        "coordinates": [
          -114.0043501,
          46.6755229
        ]
      }
    },
    {
      "type": "Feature",
      "properties": {
        "file": "leg07_m104_b182_2026-06-18T13-52-30.jpg",
        "leg": "leg07",
        "mark_index": 104,
        "along_track_m": 104.0,
        "achieved_heading": 185.25988934726985,
        "target_bearing": 182.8864165503796,
        "fix_type": 6,
        "hacc_m": 0.014,
        "corrupt": false,
        "position_interpolated": true,
        "captured_at_utc": "2026-06-18T19:52:30.024448+00:00"
      },
      "geometry": {
        "type": "Point",
        "coordinates": [
          -114.00435069999999,
          46.675514299999996
        ]
      }
    },
    {
      "type": "Feature",
      "properties": {
        "file": "leg07_m105_b182_2026-06-18T13-52-31.jpg",
        "leg": "leg07",
        "mark_index": 105,
        "along_track_m": 105.0,
        "achieved_heading": 185.25824519935986,
        "target_bearing": 182.8864165503796,
        "fix_type": 6,
        "hacc_m": 0.014,
        "corrupt": false,
        "position_interpolated": true,
        "captured_at_utc": "2026-06-18T19:52:31.076784+00:00"
      },
      "geometry": {
        "type": "Point",
        "coordinates": [
          -114.00435191392606,
          46.67550453162848
        ]
      }
    },
    {
      "type": "Feature",
      "properties": {
        "file": "leg07_m106_b182_2026-06-18T13-52-32.jpg",
        "leg": "leg07",
        "mark_index": 106,
        "along_track_m": 106.0,
        "achieved_heading": 184.9761462890283,
        "target_bearing": 182.8864165503796,
        "fix_type": 6,
        "hacc_m": 0.014,
        "corrupt": false,
        "position_interpolated": true,
        "captured_at_utc": "2026-06-18T19:52:32.201391+00:00"
      },
      "geometry": {
        "type": "Point",
        "coordinates": [
          -114.0043524,
          46.675495299999994
        ]
      }
    },
    {
      "type": "Feature",
      "properties": {
        "file": "leg07_m107_b182_2026-06-18T13-52-33.jpg",
        "leg": "leg07",
        "mark_index": 107,
        "along_track_m": 107.0,
        "achieved_heading": 186.24380014370468,
        "target_bearing": 182.8864165503796,
        "fix_type": 6,
        "hacc_m": 0.014,
        "corrupt": false,
        "position_interpolated": true,
        "captured_at_utc": "2026-06-18T19:52:33.181524+00:00"
      },
      "geometry": {
        "type": "Point",
        "coordinates": [
          -114.00435309999999,
          46.675486899999996
        ]
      }
    },
    {
      "type": "Feature",
      "properties": {
        "file": "leg07_m108_b182_2026-06-18T13-52-34.jpg",
        "leg": "leg07",
        "mark_index": 108,
        "along_track_m": 108.0,
        "achieved_heading": 185.12714830836745,
        "target_bearing": 182.8864165503796,
        "fix_type": 6,
        "hacc_m": 0.014,
        "corrupt": false,
        "position_interpolated": true,
        "captured_at_utc": "2026-06-18T19:52:34.238523+00:00"
      },
      "geometry": {
        "type": "Point",
        "coordinates": [
          -114.0043539371573,
          46.67547790548308
        ]
      }
    },
    {
      "type": "Feature",
      "properties": {
        "file": "leg07_m109_b182_2026-06-18T13-52-35.jpg",
        "leg": "leg07",
        "mark_index": 109,
        "along_track_m": 109.0,
        "achieved_heading": 184.9341248402069,
        "target_bearing": 182.8864165503796,
        "fix_type": 6,
        "hacc_m": 0.014,
        "corrupt": false,
        "position_interpolated": true,
        "captured_at_utc": "2026-06-18T19:52:35.412225+00:00"
      },
      "geometry": {
        "type": "Point",
        "coordinates": [
          -114.0043546,
          46.6754684
        ]
      }
    },
    {
      "type": "Feature",
      "properties": {
        "file": "leg07_m110_b182_2026-06-18T13-52-36.jpg",
        "leg": "leg07",
        "mark_index": 110,
        "along_track_m": 110.0,
        "achieved_heading": 184.36978542755975,
        "target_bearing": 182.8864165503796,
        "fix_type": 6,
        "hacc_m": 0.014,
        "corrupt": false,
        "position_interpolated": true,
        "captured_at_utc": "2026-06-18T19:52:36.393929+00:00"
      },
      "geometry": {
        "type": "Point",
        "coordinates": [
          -114.0043553,
          46.6754598
        ]
      }
    },
    {
      "type": "Feature",
      "properties": {
        "file": "leg07_m111_b182_2026-06-18T13-52-37.jpg",
        "leg": "leg07",
        "mark_index": 111,
        "along_track_m": 111.0,
        "achieved_heading": 183.85872785408404,
        "target_bearing": 182.8864165503796,
        "fix_type": 6,
        "hacc_m": 0.014,
        "corrupt": false,
        "position_interpolated": true,
        "captured_at_utc": "2026-06-18T19:52:37.373039+00:00"
      },
      "geometry": {
        "type": "Point",
        "coordinates": [
          -114.0043558,
          46.6754512
        ]
      }
    },
    {
      "type": "Feature",
      "properties": {
        "file": "leg07_m112_b182_2026-06-18T13-52-38.jpg",
        "leg": "leg07",
        "mark_index": 112,
        "along_track_m": 112.0,
        "achieved_heading": 184.29982777561779,
        "target_bearing": 182.8864165503796,
        "fix_type": 6,
        "hacc_m": 0.014,
        "corrupt": false,
        "position_interpolated": true,
        "captured_at_utc": "2026-06-18T19:52:38.499667+00:00"
      },
      "geometry": {
        "type": "Point",
        "coordinates": [
          -114.004356,
          46.67544134062942
        ]
      }
    },
    {
      "type": "Feature",
      "properties": {
        "file": "leg07_m113_b182_2026-06-18T13-52-39.jpg",
        "leg": "leg07",
        "mark_index": 113,
        "along_track_m": 113.0,
        "achieved_heading": 185.06807569303214,
        "target_bearing": 182.8864165503796,
        "fix_type": 6,
        "hacc_m": 0.014,
        "corrupt": false,
        "position_interpolated": true,
        "captured_at_utc": "2026-06-18T19:52:39.544158+00:00"
      },
      "geometry": {
        "type": "Point",
        "coordinates": [
          -114.0043565,
          46.675432322638315
        ]
      }
    },
    {
      "type": "Feature",
      "properties": {
        "file": "leg07_m114_b182_2026-06-18T13-52-40.jpg",
        "leg": "leg07",
        "mark_index": 114,
        "along_track_m": 114.0,
        "achieved_heading": 186.39058579299822,
        "target_bearing": 182.8864165503796,
        "fix_type": 6,
        "hacc_m": 0.014,
        "corrupt": false,
        "position_interpolated": true,
        "captured_at_utc": "2026-06-18T19:52:40.527346+00:00"
      },
      "geometry": {
        "type": "Point",
        "coordinates": [
          -114.00435691168813,
          46.67542413116947
        ]
      }
    },
    {
      "type": "Feature",
      "properties": {
        "file": "leg07_m115_b182_2026-06-18T13-52-41.jpg",
        "leg": "leg07",
        "mark_index": 115,
        "along_track_m": 115.0,
        "achieved_heading": 186.69523074199918,
        "target_bearing": 182.8864165503796,
        "fix_type": 6,
        "hacc_m": 0.014,
        "corrupt": false,
        "position_interpolated": true,
        "captured_at_utc": "2026-06-18T19:52:41.638804+00:00"
      },
      "geometry": {
        "type": "Point",
        "coordinates": [
          -114.00435809999999,
          46.675415
        ]
      }
    },
    {
      "type": "Feature",
      "properties": {
        "file": "leg07_m116_b182_2026-06-18T13-52-42.jpg",
        "leg": "leg07",
        "mark_index": 116,
        "along_track_m": 116.0,
        "achieved_heading": 185.49025367833173,
        "target_bearing": 182.8864165503796,
        "fix_type": 6,
        "hacc_m": 0.014,
        "corrupt": false,
        "position_interpolated": true,
        "captured_at_utc": "2026-06-18T19:52:42.557191+00:00"
      },
      "geometry": {
        "type": "Point",
        "coordinates": [
          -114.00435866443618,
          46.67540636892813
        ]
      }
    },
    {
      "type": "Feature",
      "properties": {
        "file": "leg07_m117_b182_2026-06-18T13-52-43.jpg",
        "leg": "leg07",
        "mark_index": 117,
        "along_track_m": 117.0,
        "achieved_heading": 184.69210801328921,
        "target_bearing": 182.8864165503796,
        "fix_type": 6,
        "hacc_m": 0.014,
        "corrupt": false,
        "position_interpolated": true,
        "captured_at_utc": "2026-06-18T19:52:43.604545+00:00"
      },
      "geometry": {
        "type": "Point",
        "coordinates": [
          -114.00435929999999,
          46.6753974
        ]
      }
    },
    {
      "type": "Feature",
      "properties": {
        "file": "leg07_m118_b182_2026-06-18T13-52-44.jpg",
        "leg": "leg07",
        "mark_index": 118,
        "along_track_m": 118.0,
        "achieved_heading": 185.2137707168771,
        "target_bearing": 182.8864165503796,
        "fix_type": 6,
        "hacc_m": 0.014,
        "corrupt": false,
        "position_interpolated": true,
        "captured_at_utc": "2026-06-18T19:52:44.657205+00:00"
      },
      "geometry": {
        "type": "Point",
        "coordinates": [
          -114.00436014682647,
          46.675388150776406
        ]
      }
    },
    {
      "type": "Feature",
      "properties": {
        "file": "leg07_m119_b182_2026-06-18T13-52-45.jpg",
        "leg": "leg07",
        "mark_index": 119,
        "along_track_m": 119.0,
        "achieved_heading": 185.14310228903616,
        "target_bearing": 182.8864165503796,
        "fix_type": 6,
        "hacc_m": 0.014,
        "corrupt": false,
        "position_interpolated": true,
        "captured_at_utc": "2026-06-18T19:52:45.715474+00:00"
      },
      "geometry": {
        "type": "Point",
        "coordinates": [
          -114.00436055989188,
          46.675379140919034
        ]
      }
    },
    {
      "type": "Feature",
      "properties": {
        "file": "leg07_m120_b182_2026-06-18T13-52-46.jpg",
        "leg": "leg07",
        "mark_index": 120,
        "along_track_m": 120.0,
        "achieved_heading": 186.0580524274058,
        "target_bearing": 182.8864165503796,
        "fix_type": 6,
        "hacc_m": 0.014,
        "corrupt": false,
        "position_interpolated": true,
        "captured_at_utc": "2026-06-18T19:52:46.706212+00:00"
      },
      "geometry": {
        "type": "Point",
        "coordinates": [
          -114.00436111454182,
          46.67537058426297
        ]
      }
    },
    {
      "type": "Feature",
      "properties": {
        "file": "leg07_m121_b182_2026-06-18T13-52-47.jpg",
        "leg": "leg07",
        "mark_index": 121,
        "along_track_m": 121.0,
        "achieved_heading": 185.4484009409474,
        "target_bearing": 182.8864165503796,
        "fix_type": 6,
        "hacc_m": 0.014,
        "corrupt": false,
        "position_interpolated": true,
        "captured_at_utc": "2026-06-18T19:52:47.818168+00:00"
      },
      "geometry": {
        "type": "Point",
        "coordinates": [
          -114.00436213101956,
          46.675361203686876
        ]
      }
    },
    {
      "type": "Feature",
      "properties": {
        "file": "leg07_m122_b182_2026-06-18T13-52-49.jpg",
        "leg": "leg07",
        "mark_index": 122,
        "along_track_m": 122.0,
        "achieved_heading": 185.12545867585402,
        "target_bearing": 182.8864165503796,
        "fix_type": 6,
        "hacc_m": 0.014,
        "corrupt": false,
        "position_interpolated": true,
        "captured_at_utc": "2026-06-18T19:52:48.940847+00:00"
      },
      "geometry": {
        "type": "Point",
        "coordinates": [
          -114.00436269328466,
          46.67535162087597
        ]
      }
    },
    {
      "type": "Feature",
      "properties": {
        "file": "leg07_m123_b182_2026-06-18T13-52-49.jpg",
        "leg": "leg07",
        "mark_index": 123,
        "along_track_m": 123.0,
        "achieved_heading": 184.10095852343898,
        "target_bearing": 182.8864165503796,
        "fix_type": 6,
        "hacc_m": 0.014,
        "corrupt": false,
        "position_interpolated": true,
        "captured_at_utc": "2026-06-18T19:52:49.917177+00:00"
      },
      "geometry": {
        "type": "Point",
        "coordinates": [
          -114.00436316611096,
          46.67534310500131
        ]
      }
    },
    {
      "type": "Feature",
      "properties": {
        "file": "leg07_m124_b182_2026-06-18T13-52-50.jpg",
        "leg": "leg07",
        "mark_index": 124,
        "along_track_m": 124.0,
        "achieved_heading": 183.8406069553298,
        "target_bearing": 182.8864165503796,
        "fix_type": 6,
        "hacc_m": 0.014,
        "corrupt": false,
        "position_interpolated": true,
        "captured_at_utc": "2026-06-18T19:52:50.974007+00:00"
      },
      "geometry": {
        "type": "Point",
        "coordinates": [
          -114.00436359999999,
          46.675334299999996
        ]
      }
    },
    {
      "type": "Feature",
      "properties": {
        "file": "leg07_m125_b182_2026-06-18T13-52-52.jpg",
        "leg": "leg07",
        "mark_index": 125,
        "along_track_m": 125.0,
        "achieved_heading": 188.7992170622255,
        "target_bearing": 182.8864165503796,
        "fix_type": 6,
        "hacc_m": 0.014,
        "corrupt": false,
        "position_interpolated": true,
        "captured_at_utc": "2026-06-18T19:52:52.156229+00:00"
      },
      "geometry": {
        "type": "Point",
        "coordinates": [
          -114.0043639895636,
          46.675323999145746
        ]
      }
    }
  ]
}