{
  "type": "FeatureCollection",
  "name": "captures",
  "crs": {
    "type": "name",
    "properties": {
      "name": "urn:ogc:def:crs:OGC:1.3:CRS84"
    }
  },
  "features": [
    {
      "type": "Feature",
      "properties": {
        "file": "leg01_m000_b076_2026-06-17T10-49-51.jpg",
        "leg": "leg01",
        "mark_index": 0,
        "along_track_m": 0.0,
        "achieved_heading": 74.04195472123706,
        "target_bearing": 76.04516649777787,
        "fix_type": 6,
        "hacc_m": 0.014,
        "corrupt": false,
        "position_interpolated": true,
        "captured_at_utc": "2026-06-17T16:49:51.126224+00:00"
      },
      "geometry": {
        "type": "Point",
        "coordinates": [
          -114.0166727,
          46.6970689
        ]
      }
    },
    {
      "type": "Feature",
      "properties": {
        "file": "leg01_m001_b076_2026-06-17T10-49-52.jpg",
        "leg": "leg01",
        "mark_index": 1,
        "along_track_m": 1.0,
        "achieved_heading": 70.64316908052102,
        "target_bearing": 76.04516649777787,
        "fix_type": 6,
        "hacc_m": 0.014,
        "corrupt": false,
        "position_interpolated": true,
        "captured_at_utc": "2026-06-17T16:49:52.528286+00:00"
      },
      "geometry": {
        "type": "Point",
        "coordinates": [
          -114.01666189999999,
          46.697071799999996
        ]
      }
    },
    {
      "type": "Feature",
      "properties": {
        "file": "leg01_m002_b076_2026-06-17T10-49-53.jpg",
        "leg": "leg01",
        "mark_index": 2,
        "along_track_m": 2.0,
        "achieved_heading": 76.38540939910163,
        "target_bearing": 76.04516649777787,
        "fix_type": 6,
        "hacc_m": 0.014,
        "corrupt": false,
        "position_interpolated": true,
        "captured_at_utc": "2026-06-17T16:49:53.582326+00:00"
      },
      "geometry": {
        "type": "Point",
        "coordinates": [
          -114.0166505,
          46.697075
        ]
      }
    },
    {
      "type": "Feature",
      "properties": {
        "file": "leg01_m003_b076_2026-06-17T10-49-54.jpg",
        "leg": "leg01",
        "mark_index": 3,
        "along_track_m": 3.0,
        "achieved_heading": 84.13363225421479,
        "target_bearing": 76.04516649777787,
        "fix_type": 6,
        "hacc_m": 0.014,
        "corrupt": false,
        "position_interpolated": true,
        "captured_at_utc": "2026-06-17T16:49:54.693574+00:00"
      },
      "geometry": {
        "type": "Point",
        "coordinates": [
          -114.01663673269503,
          46.69707725007365
        ]
      }
    },
    {
      "type": "Feature",
      "properties": {
        "file": "leg01_m004_b076_2026-06-17T10-49-55.jpg",
        "leg": "leg01",
        "mark_index": 4,
        "along_track_m": 4.0,
        "achieved_heading": 85.27255775937584,
        "target_bearing": 76.04516649777787,
        "fix_type": 6,
        "hacc_m": 0.014,
        "corrupt": false,
        "position_interpolated": true,
        "captured_at_utc": "2026-06-17T16:49:55.749532+00:00"
      },
      "geometry": {
        "type": "Point",
        "coordinates": [
          -114.01662449999999,
          46.6970782
        ]
      }
    },
    {
      "type": "Feature",
      "properties": {
        "file": "leg01_m005_b076_2026-06-17T10-49-56.jpg",
        "leg": "leg01",
        "mark_index": 5,
        "along_track_m": 5.0,
        "achieved_heading": 80.90043141629155,
        "target_bearing": 76.04516649777787,
        "fix_type": 6,
        "hacc_m": 0.014,
        "corrupt": false,
        "position_interpolated": true,
        "captured_at_utc": "2026-06-17T16:49:56.734942+00:00"
      },
      "geometry": {
        "type": "Point",
        "coordinates": [
          -114.01661209999999,
          46.6970795
        ]
      }
    },
    {
      "type": "Feature",
      "properties": {
        "file": "leg01_m006_b076_2026-06-17T10-49-57.jpg",
        "leg": "leg01",
        "mark_index": 6,
        "along_track_m": 6.0,
        "achieved_heading": 77.73089478465525,
        "target_bearing": 76.04516649777787,
        "fix_type": 6,
        "hacc_m": 0.014,
        "corrupt": false,
        "position_interpolated": true,
        "captured_at_utc": "2026-06-17T16:49:57.920651+00:00"
      },
      "geometry": {
        "type": "Point",
        "coordinates": [
          -114.0165981,
          46.697081999999995
        ]
      }
    },
    {
      "type": "Feature",
      "properties": {
        "file": "leg01_m007_b076_2026-06-17T10-49-58.jpg",
        "leg": "leg01",
        "mark_index": 7,
        "along_track_m": 7.0,
        "achieved_heading": 79.13593983247054,
        "target_bearing": 76.04516649777787,
        "fix_type": 6,
        "hacc_m": 0.014,
        "corrupt": false,
        "position_interpolated": true,
        "captured_at_utc": "2026-06-17T16:49:58.966813+00:00"
      },
      "geometry": {
        "type": "Point",
        "coordinates": [
          -114.0165866,
          46.697084
        ]
      }
    },
    {
      "type": "Feature",
      "properties": {
        "file": "leg01_m008_b076_2026-06-17T10-50-00.jpg",
        "leg": "leg01",
        "mark_index": 8,
        "along_track_m": 8.0,
        "achieved_heading": 80.34028419369473,
        "target_bearing": 76.04516649777787,
        "fix_type": 6,
        "hacc_m": 0.014,
        "corrupt": false,
        "position_interpolated": true,
        "captured_at_utc": "2026-06-17T16:50:00.088625+00:00"
      },
      "geometry": {
        "type": "Point",
        "coordinates": [
          -114.01657309161114,
          46.69708604892028
        ]
      }
    },
    {
      "type": "Feature",
      "properties": {
        "file": "leg01_m009_b076_2026-06-17T10-50-01.jpg",
        "leg": "leg01",
        "mark_index": 9,
        "along_track_m": 9.0,
        "achieved_heading": 81.69614476039058,
        "target_bearing": 76.04516649777787,
        "fix_type": 6,
        "hacc_m": 0.014,
        "corrupt": false,
        "position_interpolated": true,
        "captured_at_utc": "2026-06-17T16:50:01.207368+00:00"
      },
      "geometry": {
        "type": "Point",
        "coordinates": [
          -114.01656129999999,
          46.697088099999995
        ]
      }
    },
    {
      "type": "Feature",
      "properties": {
        "file": "leg01_m010_b076_2026-06-17T10-50-02.jpg",
        "leg": "leg01",
        "mark_index": 10,
        "along_track_m": 10.0,
        "achieved_heading": 81.0461147519587,
        "target_bearing": 76.04516649777787,
        "fix_type": 6,
        "hacc_m": 0.014,
        "corrupt": false,
        "position_interpolated": true,
        "captured_at_utc": "2026-06-17T16:50:02.329880+00:00"
      },
      "geometry": {
        "type": "Point",
        "coordinates": [
          -114.0165471,
          46.6970901
        ]
      }
    },
    {
      "type": "Feature",
      "properties": {
        "file": "leg01_m011_b076_2026-06-17T10-50-03.jpg",
        "leg": "leg01",
        "mark_index": 11,
        "along_track_m": 11.0,
        "achieved_heading": 78.0217264320911,
        "target_bearing": 76.04516649777787,
        "fix_type": 6,
        "hacc_m": 0.014,
        "corrupt": false,
        "position_interpolated": true,
        "captured_at_utc": "2026-06-17T16:50:03.315073+00:00"
      },
      "geometry": {
        "type": "Point",
        "coordinates": [
          -114.01653519999999,
          46.6970921
        ]
      }
    },
    {
      "type": "Feature",
      "properties": {
        "file": "leg01_m012_b076_2026-06-17T10-50-04.jpg",
        "leg": "leg01",
        "mark_index": 12,
        "along_track_m": 12.0,
        "achieved_heading": 77.78371904725643,
        "target_bearing": 76.04516649777787,
        "fix_type": 6,
        "hacc_m": 0.014,
        "corrupt": false,
        "position_interpolated": true,
        "captured_at_utc": "2026-06-17T16:50:04.503083+00:00"
      },
      "geometry": {
        "type": "Point",
        "coordinates": [
          -114.01652159303872,
          46.6970943851138
        ]
      }
    },
    {
      "type": "Feature",
      "properties": {
        "file": "leg01_m013_b076_2026-06-17T10-50-05.jpg",
        "leg": "leg01",
        "mark_index": 13,
        "along_track_m": 13.0,
        "achieved_heading": 76.95069740275723,
        "target_bearing": 76.04516649777787,
        "fix_type": 6,
        "hacc_m": 0.014,
        "corrupt": false,
        "position_interpolated": true,
        "captured_at_utc": "2026-06-17T16:50:05.626241+00:00"
      },
      "geometry": {
        "type": "Point",
        "coordinates": [
          -114.0165102,
          46.697096599999995
        ]
      }
    },
    {
      "type": "Feature",
      "properties": {
        "file": "leg01_m014_b076_2026-06-17T10-50-06.jpg",
        "leg": "leg01",
        "mark_index": 14,
        "along_track_m": 14.0,
        "achieved_heading": 77.12005392738745,
        "target_bearing": 76.04516649777787,
        "fix_type": 6,
        "hacc_m": 0.014,
        "corrupt": false,
        "position_interpolated": true,
        "captured_at_utc": "2026-06-17T16:50:06.741860+00:00"
      },
      "geometry": {
        "type": "Point",
        "coordinates": [
          -114.0164961,
          46.697099099999996
        ]
      }
    },
    {
      "type": "Feature",
      "properties": {
        "file": "leg01_m015_b076_2026-06-17T10-50-07.jpg",
        "leg": "leg01",
        "mark_index": 15,
        "along_track_m": 15.0,
        "achieved_heading": 78.13208172425479,
        "target_bearing": 76.04516649777787,
        "fix_type": 6,
        "hacc_m": 0.014,
        "corrupt": false,
        "position_interpolated": true,
        "captured_at_utc": "2026-06-17T16:50:07.729269+00:00"
      },
      "geometry": {
        "type": "Point",
        "coordinates": [
          -114.0164841,
          46.697100999999996
        ]
      }
    },
    {
      "type": "Feature",
      "properties": {
        "file": "leg01_m016_b076_2026-06-17T10-50-08.jpg",
        "leg": "leg01",
        "mark_index": 16,
        "along_track_m": 16.0,
        "achieved_heading": 75.92184716974396,
        "target_bearing": 76.04516649777787,
        "fix_type": 6,
        "hacc_m": 0.014,
        "corrupt": false,
        "position_interpolated": true,
        "captured_at_utc": "2026-06-17T16:50:08.780748+00:00"
      },
      "geometry": {
        "type": "Point",
        "coordinates": [
          -114.01647190862366,
          46.69710338262531
        ]
      }
    },
    {
      "type": "Feature",
      "properties": {
        "file": "leg01_m017_b076_2026-06-17T10-50-10.jpg",
        "leg": "leg01",
        "mark_index": 17,
        "along_track_m": 17.0,
        "achieved_heading": 78.45169160106774,
        "target_bearing": 76.04516649777787,
        "fix_type": 6,
        "hacc_m": 0.014,
        "corrupt": false,
        "position_interpolated": true,
        "captured_at_utc": "2026-06-17T16:50:09.966371+00:00"
      },
      "geometry": {
        "type": "Point",
        "coordinates": [
          -114.016459,
          46.6971059
        ]
      }
    },
    {
      "type": "Feature",
      "properties": {
        "file": "leg01_m018_b076_2026-06-17T10-50-11.jpg",
        "leg": "leg01",
        "mark_index": 18,
        "along_track_m": 18.0,
        "achieved_heading": 81.6194228681951,
        "target_bearing": 76.04516649777787,
        "fix_type": 6,
        "hacc_m": 0.014,
        "corrupt": false,
        "position_interpolated": true,
        "captured_at_utc": "2026-06-17T16:50:11.078000+00:00"
      },
      "geometry": {
        "type": "Point",
        "coordinates": [
          -114.01644578557945,
          46.69710788072103
        ]
      }
    },
    {
      "type": "Feature",
      "properties": {
        "file": "leg01_m019_b076_2026-06-17T10-50-12.jpg",
        "leg": "leg01",
        "mark_index": 19,
        "along_track_m": 19.0,
        "achieved_heading": 78.39758520092937,
        "target_bearing": 76.04516649777787,
        "fix_type": 6,
        "hacc_m": 0.014,
        "corrupt": false,
        "position_interpolated": true,
        "captured_at_utc": "2026-06-17T16:50:12.128150+00:00"
      },
      "geometry": {
        "type": "Point",
        "coordinates": [
          -114.0164336,
          46.697109499999996
        ]
      }
    },
    {
      "type": "Feature",
      "properties": {
        "file": "leg01_m020_b076_2026-06-17T10-50-13.jpg",
        "leg": "leg01",
        "mark_index": 20,
        "along_track_m": 20.0,
        "achieved_heading": 76.33590649508467,
        "target_bearing": 76.04516649777787,
        "fix_type": 6,
        "hacc_m": 0.014,
        "corrupt": false,
        "position_interpolated": true,
        "captured_at_utc": "2026-06-17T16:50:13.249702+00:00"
      },
      "geometry": {
        "type": "Point",
        "coordinates": [
          -114.01642010748247,
          46.697111878503506
        ]
      }
    },
    {
      "type": "Feature",
      "properties": {
        "file": "leg01_m021_b076_2026-06-17T10-50-14.jpg",
        "leg": "leg01",
        "mark_index": 21,
        "along_track_m": 21.0,
        "achieved_heading": 75.91349849271884,
        "target_bearing": 76.04516649777787,
        "fix_type": 6,
        "hacc_m": 0.014,
        "corrupt": false,
        "position_interpolated": true,
        "captured_at_utc": "2026-06-17T16:50:14.304205+00:00"
      },
      "geometry": {
        "type": "Point",
        "coordinates": [
          -114.01640785221171,
          46.69711437352839
        ]
      }
    },
    {
      "type": "Feature",
      "properties": {
        "file": "leg01_m022_b076_2026-06-17T10-50-15.jpg",
        "leg": "leg01",
        "mark_index": 22,
        "along_track_m": 22.0,
        "achieved_heading": 78.0057433567247,
        "target_bearing": 76.04516649777787,
        "fix_type": 6,
        "hacc_m": 0.014,
        "corrupt": false,
        "position_interpolated": true,
        "captured_at_utc": "2026-06-17T16:50:15.494950+00:00"
      },
      "geometry": {
        "type": "Point",
        "coordinates": [
          -114.01639390903685,
          46.69711696784048
        ]
      }
    },
    {
      "type": "Feature",
      "properties": {
        "file": "leg01_m023_b076_2026-06-17T10-50-16.jpg",
        "leg": "leg01",
        "mark_index": 23,
        "along_track_m": 23.0,
        "achieved_heading": 77.39896545713381,
        "target_bearing": 76.04516649777787,
        "fix_type": 6,
        "hacc_m": 0.014,
        "corrupt": false,
        "position_interpolated": true,
        "captured_at_utc": "2026-06-17T16:50:16.472118+00:00"
      },
      "geometry": {
        "type": "Point",
        "coordinates": [
          -114.01638288646446,
          46.69711897198303
        ]
      }
    },
    {
      "type": "Feature",
      "properties": {
        "file": "leg01_m024_b076_2026-06-17T10-50-17.jpg",
        "leg": "leg01",
        "mark_index": 24,
        "along_track_m": 24.0,
        "achieved_heading": 79.12571746039453,
        "target_bearing": 76.04516649777787,
        "fix_type": 6,
        "hacc_m": 0.014,
        "corrupt": false,
        "position_interpolated": true,
        "captured_at_utc": "2026-06-17T16:50:17.593081+00:00"
      },
      "geometry": {
        "type": "Point",
        "coordinates": [
          -114.0163705,
          46.6971211
        ]
      }
    },
    {
      "type": "Feature",
      "properties": {
        "file": "leg01_m025_b076_2026-06-17T10-50-18.jpg",
        "leg": "leg01",
        "mark_index": 25,
        "along_track_m": 25.0,
        "achieved_heading": 78.29167762255946,
        "target_bearing": 76.04516649777787,
        "fix_type": 6,
        "hacc_m": 0.014,
        "corrupt": false,
        "position_interpolated": true,
        "captured_at_utc": "2026-06-17T16:50:18.715513+00:00"
      },
      "geometry": {
        "type": "Point",
        "coordinates": [
          -114.0163563,
          46.6971232
        ]
      }
    },
    {
      "type": "Feature",
      "properties": {
        "file": "leg01_m026_b076_2026-06-17T10-50-19.jpg",
        "leg": "leg01",
        "mark_index": 26,
        "along_track_m": 26.0,
        "achieved_heading": 76.88887728631879,
        "target_bearing": 76.04516649777787,
        "fix_type": 6,
        "hacc_m": 0.014,
        "corrupt": false,
        "position_interpolated": true,
        "captured_at_utc": "2026-06-17T16:50:19.691684+00:00"
      },
      "geometry": {
        "type": "Point",
        "coordinates": [
          -114.01634432393492,
          46.69712534158219
        ]
      }
    },
    {
      "type": "Feature",
      "properties": {
        "file": "leg01_m027_b076_2026-06-17T10-50-21.jpg",
        "leg": "leg01",
        "mark_index": 27,
        "along_track_m": 27.0,
        "achieved_heading": 76.84861510202563,
        "target_bearing": 76.04516649777787,
        "fix_type": 6,
        "hacc_m": 0.014,
        "corrupt": false,
        "position_interpolated": true,
        "captured_at_utc": "2026-06-17T16:50:20.884946+00:00"
      },
      "geometry": {
        "type": "Point",
        "coordinates": [
          -114.0163302959374,
          46.69712792601565
        ]
      }
    },
    {
      "type": "Feature",
      "properties": {
        "file": "leg01_m028_b076_2026-06-17T10-50-21.jpg",
        "leg": "leg01",
        "mark_index": 28,
        "along_track_m": 28.0,
        "achieved_heading": 79.13234623368557,
        "target_bearing": 76.04516649777787,
        "fix_type": 6,
        "hacc_m": 0.014,
        "corrupt": false,
        "position_interpolated": true,
        "captured_at_utc": "2026-06-17T16:50:21.935977+00:00"
      },
      "geometry": {
        "type": "Point",
        "coordinates": [
          -114.01631859999999,
          46.69713
        ]
      }
    },
    {
      "type": "Feature",
      "properties": {
        "file": "leg01_m029_b076_2026-06-17T10-50-22.jpg",
        "leg": "leg01",
        "mark_index": 29,
        "along_track_m": 29.0,
        "achieved_heading": 79.28984999360841,
        "target_bearing": 76.04516649777787,
        "fix_type": 6,
        "hacc_m": 0.014,
        "corrupt": false,
        "position_interpolated": true,
        "captured_at_utc": "2026-06-17T16:50:22.983780+00:00"
      },
      "geometry": {
        "type": "Point",
        "coordinates": [
          -114.0163065,
          46.6971315
        ]
      }
    },
    {
      "type": "Feature",
      "properties": {
        "file": "leg01_m030_b076_2026-06-17T10-50-24.jpg",
        "leg": "leg01",
        "mark_index": 30,
        "along_track_m": 30.0,
        "achieved_heading": 78.43000767558549,
        "target_bearing": 76.04516649777787,
        "fix_type": 6,
        "hacc_m": 0.014,
        "corrupt": false,
        "position_interpolated": true,
        "captured_at_utc": "2026-06-17T16:50:24.105249+00:00"
      },
      "geometry": {
        "type": "Point",
        "coordinates": [
          -114.01629261659784,
          46.69713368333862
        ]
      }
    },
    {
      "type": "Feature",
      "properties": {
        "file": "leg01_m031_b076_2026-06-17T10-50-25.jpg",
        "leg": "leg01",
        "mark_index": 31,
        "along_track_m": 31.0,
        "achieved_heading": 77.4144298975686,
        "target_bearing": 76.04516649777787,
        "fix_type": 6,
        "hacc_m": 0.014,
        "corrupt": false,
        "position_interpolated": true,
        "captured_at_utc": "2026-06-17T16:50:25.157000+00:00"
      },
      "geometry": {
        "type": "Point",
        "coordinates": [
          -114.0162806,
          46.697135599999996
        ]
      }
    },
    {
      "type": "Feature",
      "properties": {
        "file": "leg01_m032_b076_2026-06-17T10-50-26.jpg",
        "leg": "leg01",
        "mark_index": 32,
        "along_track_m": 32.0,
        "achieved_heading": 76.13492943872764,
        "target_bearing": 76.04516649777787,
        "fix_type": 6,
        "hacc_m": 0.014,
        "corrupt": false,
        "position_interpolated": true,
        "captured_at_utc": "2026-06-17T16:50:26.202337+00:00"
      },
      "geometry": {
        "type": "Point",
        "coordinates": [
          -114.01626797491288,
          46.69713746401394
        ]
      }
    },
    {
      "type": "Feature",
      "properties": {
        "file": "leg01_m033_b076_2026-06-17T10-50-27.jpg",
        "leg": "leg01",
        "mark_index": 33,
        "along_track_m": 33.0,
        "achieved_heading": 74.70144348423169,
        "target_bearing": 76.04516649777787,
        "fix_type": 6,
        "hacc_m": 0.014,
        "corrupt": false,
        "position_interpolated": true,
        "captured_at_utc": "2026-06-17T16:50:27.326261+00:00"
      },
      "geometry": {
        "type": "Point",
        "coordinates": [
          -114.0162553,
          46.697139799999995
        ]
      }
    },
    {
      "type": "Feature",
      "properties": {
        "file": "leg01_m034_b076_2026-06-17T10-50-28.jpg",
        "leg": "leg01",
        "mark_index": 34,
        "along_track_m": 34.0,
        "achieved_heading": 76.21567634068633,
        "target_bearing": 76.04516649777787,
        "fix_type": 6,
        "hacc_m": 0.014,
        "corrupt": false,
        "position_interpolated": true,
        "captured_at_utc": "2026-06-17T16:50:28.377871+00:00"
      },
      "geometry": {
        "type": "Point",
        "coordinates": [
          -114.0162429,
          46.6971421
        ]
      }
    },
    {
      "type": "Feature",
      "properties": {
        "file": "leg01_m035_b076_2026-06-17T10-50-29.jpg",
        "leg": "leg01",
        "mark_index": 35,
        "along_track_m": 35.0,
        "achieved_heading": 77.15285798145779,
        "target_bearing": 76.04516649777787,
        "fix_type": 6,
        "hacc_m": 0.014,
        "corrupt": false,
        "position_interpolated": true,
        "captured_at_utc": "2026-06-17T16:50:29.564576+00:00"
      },
      "geometry": {
        "type": "Point",
        "coordinates": [
          -114.0162294,
          46.6971444
        ]
      }
    },
    {
      "type": "Feature",
      "properties": {
        "file": "leg01_m036_b076_2026-06-17T10-50-30.jpg",
        "leg": "leg01",
        "mark_index": 36,
        "along_track_m": 36.0,
        "achieved_heading": 77.34150870837126,
        "target_bearing": 76.04516649777787,
        "fix_type": 6,
        "hacc_m": 0.014,
        "corrupt": false,
        "position_interpolated": true,
        "captured_at_utc": "2026-06-17T16:50:30.760421+00:00"
      },
      "geometry": {
        "type": "Point",
        "coordinates": [
          -114.01621589999999,
          46.6971469
        ]
      }
    },
    {
      "type": "Feature",
      "properties": {
        "file": "leg01_m037_b076_2026-06-17T10-50-31.jpg",
        "leg": "leg01",
        "mark_index": 37,
        "along_track_m": 37.0,
        "achieved_heading": 78.53842766886805,
        "target_bearing": 76.04516649777787,
        "fix_type": 6,
        "hacc_m": 0.014,
        "corrupt": false,
        "position_interpolated": true,
        "captured_at_utc": "2026-06-17T16:50:31.740740+00:00"
      },
      "geometry": {
        "type": "Point",
        "coordinates": [
          -114.01620439999999,
          46.697148899999995
        ]
      }
    },
    {
      "type": "Feature",
      "properties": {
        "file": "leg01_m038_b076_2026-06-17T10-50-32.jpg",
        "leg": "leg01",
        "mark_index": 38,
        "along_track_m": 38.0,
        "achieved_heading": 78.49941451229114,
        "target_bearing": 76.04516649777787,
        "fix_type": 6,
        "hacc_m": 0.014,
        "corrupt": false,
        "position_interpolated": true,
        "captured_at_utc": "2026-06-17T16:50:32.920187+00:00"
      },
      "geometry": {
        "type": "Point",
        "coordinates": [
          -114.0161905,
          46.697151
        ]
      }
    },
    {
      "type": "Feature",
      "properties": {
        "file": "leg01_m039_b076_2026-06-17T10-50-34.jpg",
        "leg": "leg01",
        "mark_index": 39,
        "along_track_m": 39.0,
        "achieved_heading": 77.15049765749671,
        "target_bearing": 76.04516649777787,
        "fix_type": 6,
        "hacc_m": 0.014,
        "corrupt": false,
        "position_interpolated": true,
        "captured_at_utc": "2026-06-17T16:50:33.969836+00:00"
      },
      "geometry": {
        "type": "Point",
        "coordinates": [
          -114.01617859999999,
          46.6971528
        ]
      }
    },
    {
      "type": "Feature",
      "properties": {
        "file": "leg01_m040_b076_2026-06-17T10-50-34.jpg",
        "leg": "leg01",
        "mark_index": 40,
        "along_track_m": 40.0,
        "achieved_heading": 75.12233898439925,
        "target_bearing": 76.04516649777787,
        "fix_type": 6,
        "hacc_m": 0.014,
        "corrupt": false,
        "position_interpolated": true,
        "captured_at_utc": "2026-06-17T16:50:34.953140+00:00"
      },
      "geometry": {
        "type": "Point",
        "coordinates": [
          -114.01616659999999,
          46.6971548
        ]
      }
    },
    {
      "type": "Feature",
      "properties": {
        "file": "leg01_m041_b076_2026-06-17T10-50-36.jpg",
        "leg": "leg01",
        "mark_index": 41,
        "along_track_m": 41.0,
        "achieved_heading": 75.23833995636875,
        "target_bearing": 76.04516649777787,
        "fix_type": 6,
        "hacc_m": 0.014,
        "corrupt": false,
        "position_interpolated": true,
        "captured_at_utc": "2026-06-17T16:50:36.152530+00:00"
      },
      "geometry": {
        "type": "Point",
        "coordinates": [
          -114.01615269999999,
          46.6971572
        ]
      }
    },
    {
      "type": "Feature",
      "properties": {
        "file": "leg01_m042_b076_2026-06-17T10-50-37.jpg",
        "leg": "leg01",
        "mark_index": 42,
        "along_track_m": 42.0,
        "achieved_heading": 75.02861680989909,
        "target_bearing": 76.04516649777787,
        "fix_type": 6,
        "hacc_m": 0.014,
        "corrupt": false,
        "position_interpolated": true,
        "captured_at_utc": "2026-06-17T16:50:37.199400+00:00"
      },
      "geometry": {
        "type": "Point",
        "coordinates": [
          -114.0161411,
          46.697159299999996
        ]
      }
    },
    {
      "type": "Feature",
      "properties": {
        "file": "leg01_m043_b076_2026-06-17T10-50-38.jpg",
        "leg": "leg01",
        "mark_index": 43,
        "along_track_m": 43.0,
        "achieved_heading": 75.6078647221441,
        "target_bearing": 76.04516649777787,
        "fix_type": 6,
        "hacc_m": 0.014,
        "corrupt": false,
        "position_interpolated": true,
        "captured_at_utc": "2026-06-17T16:50:38.325172+00:00"
      },
      "geometry": {
        "type": "Point",
        "coordinates": [
          -114.0161268,
          46.697162
        ]
      }
    },
    {
      "type": "Feature",
      "properties": {
        "file": "leg01_m044_b076_2026-06-17T10-50-39.jpg",
        "leg": "leg01",
        "mark_index": 44,
        "along_track_m": 44.0,
        "achieved_heading": 75.70477953169049,
        "target_bearing": 76.04516649777787,
        "fix_type": 6,
        "hacc_m": 0.014,
        "corrupt": false,
        "position_interpolated": true,
        "captured_at_utc": "2026-06-17T16:50:39.308174+00:00"
      },
      "geometry": {
        "type": "Point",
        "coordinates": [
          -114.01611514065821,
          46.697164190759494
        ]
      }
    },
    {
      "type": "Feature",
      "properties": {
        "file": "leg01_m045_b076_2026-06-17T10-50-40.jpg",
        "leg": "leg01",
        "mark_index": 45,
        "along_track_m": 45.0,
        "achieved_heading": 77.47180952520034,
        "target_bearing": 76.04516649777787,
        "fix_type": 6,
        "hacc_m": 0.014,
        "corrupt": false,
        "position_interpolated": true,
        "captured_at_utc": "2026-06-17T16:50:40.494427+00:00"
      },
      "geometry": {
        "type": "Point",
        "coordinates": [
          -114.01610221428047,
          46.69716655285793
        ]
      }
    },
    {
      "type": "Feature",
      "properties": {
        "file": "leg01_m046_b076_2026-06-17T10-50-41.jpg",
        "leg": "leg01",
        "mark_index": 46,
        "along_track_m": 46.0,
        "achieved_heading": 78.29004654990018,
        "target_bearing": 76.04516649777787,
        "fix_type": 6,
        "hacc_m": 0.014,
        "corrupt": false,
        "position_interpolated": true,
        "captured_at_utc": "2026-06-17T16:50:41.537218+00:00"
      },
      "geometry": {
        "type": "Point",
        "coordinates": [
          -114.0160904,
          46.6971682
        ]
      }
    },
    {
      "type": "Feature",
      "properties": {
        "file": "leg01_m047_b076_2026-06-17T10-50-42.jpg",
        "leg": "leg01",
        "mark_index": 47,
        "along_track_m": 47.0,
        "achieved_heading": 76.99332201309481,
        "target_bearing": 76.04516649777787,
        "fix_type": 6,
        "hacc_m": 0.014,
        "corrupt": false,
        "position_interpolated": true,
        "captured_at_utc": "2026-06-17T16:50:42.672843+00:00"
      },
      "geometry": {
        "type": "Point",
        "coordinates": [
          -114.01607695273243,
          46.6971701937053
        ]
      }
    },
    {
      "type": "Feature",
      "properties": {
        "file": "leg01_m048_b076_2026-06-17T10-50-43.jpg",
        "leg": "leg01",
        "mark_index": 48,
        "along_track_m": 48.0,
        "achieved_heading": 75.79763210284787,
        "target_bearing": 76.04516649777787,
        "fix_type": 6,
        "hacc_m": 0.014,
        "corrupt": false,
        "position_interpolated": true,
        "captured_at_utc": "2026-06-17T16:50:43.784226+00:00"
      },
      "geometry": {
        "type": "Point",
        "coordinates": [
          -114.0160643139025,
          46.69717249262989
        ]
      }
    },
    {
      "type": "Feature",
      "properties": {
        "file": "leg01_m049_b076_2026-06-17T10-50-44.jpg",
        "leg": "leg01",
        "mark_index": 49,
        "along_track_m": 49.0,
        "achieved_heading": 77.18073467094987,
        "target_bearing": 76.04516649777787,
        "fix_type": 6,
        "hacc_m": 0.014,
        "corrupt": false,
        "position_interpolated": true,
        "captured_at_utc": "2026-06-17T16:50:44.969788+00:00"
      },
      "geometry": {
        "type": "Point",
        "coordinates": [
          -114.0160518,
          46.697175099999995
        ]
      }
    },
    {
      "type": "Feature",
      "properties": {
        "file": "leg01_m050_b076_2026-06-17T10-50-46.jpg",
        "leg": "leg01",
        "mark_index": 50,
        "along_track_m": 50.0,
        "achieved_heading": 78.53624552502006,
        "target_bearing": 76.04516649777787,
        "fix_type": 6,
        "hacc_m": 0.014,
        "corrupt": false,
        "position_interpolated": true,
        "captured_at_utc": "2026-06-17T16:50:46.091199+00:00"
      },
      "geometry": {
        "type": "Point",
        "coordinates": [
          -114.01603741748504,
          46.69717713577153
        ]
      }
    },
    {
      "type": "Feature",
      "properties": {
        "file": "leg01_m051_b076_2026-06-17T10-50-47.jpg",
        "leg": "leg01",
        "mark_index": 51,
        "along_track_m": 51.0,
        "achieved_heading": 77.46524318617237,
        "target_bearing": 76.04516649777787,
        "fix_type": 6,
        "hacc_m": 0.014,
        "corrupt": false,
        "position_interpolated": true,
        "captured_at_utc": "2026-06-17T16:50:47.142987+00:00"
      },
      "geometry": {
        "type": "Point",
        "coordinates": [
          -114.016025,
          46.6971789
        ]
      }
    },
    {
      "type": "Feature",
      "properties": {
        "file": "leg01_m052_b076_2026-06-17T10-50-48.jpg",
        "leg": "leg01",
        "mark_index": 52,
        "along_track_m": 52.0,
        "achieved_heading": 74.81478260700335,
        "target_bearing": 76.04516649777787,
        "fix_type": 6,
        "hacc_m": 0.014,
        "corrupt": false,
        "position_interpolated": true,
        "captured_at_utc": "2026-06-17T16:50:48.056085+00:00"
      },
      "geometry": {
        "type": "Point",
        "coordinates": [
          -114.01601397426494,
          46.6971810386948
        ]
      }
    },
    {
      "type": "Feature",
      "properties": {
        "file": "leg01_m053_b076_2026-06-17T10-50-49.jpg",
        "leg": "leg01",
        "mark_index": 53,
        "along_track_m": 53.0,
        "achieved_heading": 76.7347367296065,
        "target_bearing": 76.04516649777787,
        "fix_type": 6,
        "hacc_m": 0.014,
        "corrupt": false,
        "position_interpolated": true,
        "captured_at_utc": "2026-06-17T16:50:49.312333+00:00"
      },
      "geometry": {
        "type": "Point",
        "coordinates": [
          -114.01599951003351,
          46.697183598795974
        ]
      }
    },
    {
      "type": "Feature",
      "properties": {
        "file": "leg01_m054_b076_2026-06-17T10-50-50.jpg",
        "leg": "leg01",
        "mark_index": 54,
        "along_track_m": 54.0,
        "achieved_heading": 77.37367792115428,
        "target_bearing": 76.04516649777787,
        "fix_type": 6,
        "hacc_m": 0.014,
        "corrupt": false,
        "position_interpolated": true,
        "captured_at_utc": "2026-06-17T16:50:50.429060+00:00"
      },
      "geometry": {
        "type": "Point",
        "coordinates": [
          -114.01598849999999,
          46.697185399999995
        ]
      }
    },
    {
      "type": "Feature",
      "properties": {
        "file": "leg01_m055_b076_2026-06-17T10-50-51.jpg",
        "leg": "leg01",
        "mark_index": 55,
        "along_track_m": 55.0,
        "achieved_heading": 76.58075392771003,
        "target_bearing": 76.04516649777787,
        "fix_type": 6,
        "hacc_m": 0.014,
        "corrupt": false,
        "position_interpolated": true,
        "captured_at_utc": "2026-06-17T16:50:51.554148+00:00"
      },
      "geometry": {
        "type": "Point",
        "coordinates": [
          -114.01597559999999,
          46.6971877
        ]
      }
    },
    {
      "type": "Feature",
      "properties": {
        "file": "leg01_m056_b076_2026-06-17T10-50-52.jpg",
        "leg": "leg01",
        "mark_index": 56,
        "along_track_m": 56.0,
        "achieved_heading": 75.69635794452834,
        "target_bearing": 76.04516649777787,
        "fix_type": 6,
        "hacc_m": 0.014,
        "corrupt": false,
        "position_interpolated": true,
        "captured_at_utc": "2026-06-17T16:50:52.820413+00:00"
      },
      "geometry": {
        "type": "Point",
        "coordinates": [
          -114.01596289999999,
          46.69719
        ]
      }
    },
    {
      "type": "Feature",
      "properties": {
        "file": "leg01_m057_b076_2026-06-17T10-50-54.jpg",
        "leg": "leg01",
        "mark_index": 57,
        "along_track_m": 57.0,
        "achieved_heading": 75.20643788491995,
        "target_bearing": 76.04516649777787,
        "fix_type": 6,
        "hacc_m": 0.014,
        "corrupt": false,
        "position_interpolated": true,
        "captured_at_utc": "2026-06-17T16:50:53.938066+00:00"
      },
      "geometry": {
        "type": "Point",
        "coordinates": [
          -114.01594929999999,
          46.6971924
        ]
      }
    },
    {
      "type": "Feature",
      "properties": {
        "file": "leg01_m058_b076_2026-06-17T10-50-54.jpg",
        "leg": "leg01",
        "mark_index": 58,
        "along_track_m": 58.0,
        "achieved_heading": 76.06956177141616,
        "target_bearing": 76.04516649777787,
        "fix_type": 6,
        "hacc_m": 0.014,
        "corrupt": false,
        "position_interpolated": true,
        "captured_at_utc": "2026-06-17T16:50:54.918700+00:00"
      },
      "geometry": {
        "type": "Point",
        "coordinates": [
          -114.01593779999999,
          46.697194499999995
        ]
      }
    },
    {
      "type": "Feature",
      "properties": {
        "file": "leg01_m059_b076_2026-06-17T10-50-56.jpg",
        "leg": "leg01",
        "mark_index": 59,
        "along_track_m": 59.0,
        "achieved_heading": 77.5136882358349,
        "target_bearing": 76.04516649777787,
        "fix_type": 6,
        "hacc_m": 0.014,
        "corrupt": false,
        "position_interpolated": true,
        "captured_at_utc": "2026-06-17T16:50:56.177308+00:00"
      },
      "geometry": {
        "type": "Point",
        "coordinates": [
          -114.01592409999999,
          46.6971967
        ]
      }
    },
    {
      "type": "Feature",
      "properties": {
        "file": "leg01_m060_b076_2026-06-17T10-50-57.jpg",
        "leg": "leg01",
        "mark_index": 60,
        "along_track_m": 60.0,
        "achieved_heading": 77.20454949647831,
        "target_bearing": 76.04516649777787,
        "fix_type": 6,
        "hacc_m": 0.014,
        "corrupt": false,
        "position_interpolated": true,
        "captured_at_utc": "2026-06-17T16:50:57.222909+00:00"
      },
      "geometry": {
        "type": "Point",
        "coordinates": [
          -114.01591129986502,
          46.69719850477476
        ]
      }
    },
    {
      "type": "Feature",
      "properties": {
        "file": "leg01_m061_b076_2026-06-17T10-50-58.jpg",
        "leg": "leg01",
        "mark_index": 61,
        "along_track_m": 61.0,
        "achieved_heading": 75.31511101270192,
        "target_bearing": 76.04516649777787,
        "fix_type": 6,
        "hacc_m": 0.014,
        "corrupt": false,
        "position_interpolated": true,
        "captured_at_utc": "2026-06-17T16:50:58.343718+00:00"
      },
      "geometry": {
        "type": "Point",
        "coordinates": [
          -114.01589849999999,
          46.697200599999995
        ]
      }
    },
    {
      "type": "Feature",
      "properties": {
        "file": "leg01_m062_b076_2026-06-17T10-50-59.jpg",
        "leg": "leg01",
        "mark_index": 62,
        "along_track_m": 62.0,
        "achieved_heading": 76.45132475923384,
        "target_bearing": 76.04516649777787,
        "fix_type": 6,
        "hacc_m": 0.014,
        "corrupt": false,
        "position_interpolated": true,
        "captured_at_utc": "2026-06-17T16:50:59.539278+00:00"
      },
      "geometry": {
        "type": "Point",
        "coordinates": [
          -114.0158845,
          46.6972032
        ]
      }
    },
    {
      "type": "Feature",
      "properties": {
        "file": "leg02_m000_b346_2026-06-17T10-51-03.jpg",
        "leg": "leg02",
        "mark_index": 0,
        "along_track_m": 0.0,
        "achieved_heading": 347.79424196342984,
        "target_bearing": 346.13039395262194,
        "fix_type": 6,
        "hacc_m": 0.014,
        "corrupt": false,
        "position_interpolated": true,
        "captured_at_utc": "2026-06-17T16:51:03.814543+00:00"
      },
      "geometry": {
        "type": "Point",
        "coordinates": [
          -114.0158816,
          46.697204899999996
        ]
      }
    },
    {
      "type": "Feature",
      "properties": {
        "file": "leg02_m001_b346_2026-06-17T10-51-05.jpg",
        "leg": "leg02",
        "mark_index": 1,
        "along_track_m": 1.0,
        "achieved_heading": 341.99029409031357,
        "target_bearing": 346.13039395262194,
        "fix_type": 6,
        "hacc_m": 0.014,
        "corrupt": false,
        "position_interpolated": true,
        "captured_at_utc": "2026-06-17T16:51:05.207309+00:00"
      },
      "geometry": {
        "type": "Point",
        "coordinates": [
          -114.0158850802966,
          46.697212394173704
        ]
      }
    },
    {
      "type": "Feature",
      "properties": {
        "file": "leg02_m002_b346_2026-06-17T10-51-06.jpg",
        "leg": "leg02",
        "mark_index": 2,
        "along_track_m": 2.0,
        "achieved_heading": 341.69653862875003,
        "target_bearing": 346.13039395262194,
        "fix_type": 6,
        "hacc_m": 0.014,
        "corrupt": false,
        "position_interpolated": true,
        "captured_at_utc": "2026-06-17T16:51:06.330523+00:00"
      },
      "geometry": {
        "type": "Point",
        "coordinates": [
          -114.01588919999999,
          46.6972216
        ]
      }
    },
    {
      "type": "Feature",
      "properties": {
        "file": "leg02_m003_b346_2026-06-17T10-51-07.jpg",
        "leg": "leg02",
        "mark_index": 3,
        "along_track_m": 3.0,
        "achieved_heading": 344.4951509790665,
        "target_bearing": 346.13039395262194,
        "fix_type": 6,
        "hacc_m": 0.014,
        "corrupt": false,
        "position_interpolated": true,
        "captured_at_utc": "2026-06-17T16:51:07.250356+00:00"
      },
      "geometry": {
        "type": "Point",
        "coordinates": [
          -114.015892710812,
          46.69722915375601
        ]
      }
    },
    {
      "type": "Feature",
      "properties": {
        "file": "leg02_m004_b346_2026-06-17T10-51-08.jpg",
        "leg": "leg02",
        "mark_index": 4,
        "along_track_m": 4.0,
        "achieved_heading": 348.47080749537645,
        "target_bearing": 346.13039395262194,
        "fix_type": 6,
        "hacc_m": 0.014,
        "corrupt": false,
        "position_interpolated": true,
        "captured_at_utc": "2026-06-17T16:51:08.373014+00:00"
      },
      "geometry": {
        "type": "Point",
        "coordinates": [
          -114.0158957,
          46.697238
        ]
      }
    },
    {
      "type": "Feature",
      "properties": {
        "file": "leg02_m005_b346_2026-06-17T10-51-09.jpg",
        "leg": "leg02",
        "mark_index": 5,
        "along_track_m": 4.816,
        "achieved_heading": 349.97880146745155,
        "target_bearing": 346.13039395262194,
        "fix_type": 6,
        "hacc_m": 0.014,
        "corrupt": false,
        "position_interpolated": true,
        "captured_at_utc": "2026-06-17T16:51:09.195442+00:00"
      },
      "geometry": {
        "type": "Point",
        "coordinates": [
          -114.01589729999999,
          46.697244999999995
        ]
      }
    },
    {
      "type": "Feature",
      "properties": {
        "file": "leg03_m000_b256_2026-06-17T10-51-14.jpg",
        "leg": "leg03",
        "mark_index": 0,
        "along_track_m": 0.0,
        "achieved_heading": 259.4871078116387,
        "target_bearing": 256.04573276471194,
        "fix_type": 6,
        "hacc_m": 0.014,
        "corrupt": false,
        "position_interpolated": true,
        "captured_at_utc": "2026-06-17T16:51:14.454894+00:00"
      },
      "geometry": {
        "type": "Point",
        "coordinates": [
          -114.0159001,
          46.6972478
        ]
      }
    },
    {
      "type": "Feature",
      "properties": {
        "file": "leg03_m001_b256_2026-06-17T10-51-16.jpg",
        "leg": "leg03",
        "mark_index": 1,
        "along_track_m": 1.0,
        "achieved_heading": 256.52428575723764,
        "target_bearing": 256.04573276471194,
        "fix_type": 6,
        "hacc_m": 0.014,
        "corrupt": false,
        "position_interpolated": true,
        "captured_at_utc": "2026-06-17T16:51:15.856630+00:00"
      },
      "geometry": {
        "type": "Point",
        "coordinates": [
          -114.01591250603715,
          46.697246206763516
        ]
      }
    },
    {
      "type": "Feature",
      "properties": {
        "file": "leg03_m002_b256_2026-06-17T10-51-16.jpg",
        "leg": "leg03",
        "mark_index": 2,
        "along_track_m": 2.0,
        "achieved_heading": 252.4724428216315,
        "target_bearing": 256.04573276471194,
        "fix_type": 6,
        "hacc_m": 0.014,
        "corrupt": false,
        "position_interpolated": true,
        "captured_at_utc": "2026-06-17T16:51:16.830864+00:00"
      },
      "geometry": {
        "type": "Point",
        "coordinates": [
          -114.01592495042513,
          46.69724456528651
        ]
      }
    },
    {
      "type": "Feature",
      "properties": {
        "file": "leg03_m003_b256_2026-06-17T10-51-17.jpg",
        "leg": "leg03",
        "mark_index": 3,
        "along_track_m": 3.0,
        "achieved_heading": 247.56431446120234,
        "target_bearing": 256.04573276471194,
        "fix_type": 6,
        "hacc_m": 0.014,
        "corrupt": false,
        "position_interpolated": true,
        "captured_at_utc": "2026-06-17T16:51:17.981208+00:00"
      },
      "geometry": {
        "type": "Point",
        "coordinates": [
          -114.01593829999999,
          46.6972416
        ]
      }
    },
    {
      "type": "Feature",
      "properties": {
        "file": "leg03_m004_b256_2026-06-17T10-51-18.jpg",
        "leg": "leg03",
        "mark_index": 4,
        "along_track_m": 4.0,
        "achieved_heading": 247.10291154878348,
        "target_bearing": 256.04573276471194,
        "fix_type": 6,
        "hacc_m": 0.014,
        "corrupt": false,
        "position_interpolated": true,
        "captured_at_utc": "2026-06-17T16:51:18.885982+00:00"
      },
      "geometry": {
        "type": "Point",
        "coordinates": [
          -114.01595017674552,
          46.697238507751486
        ]
      }
    },
    {
      "type": "Feature",
      "properties": {
        "file": "leg03_m005_b256_2026-06-17T10-51-20.jpg",
        "leg": "leg03",
        "mark_index": 5,
        "along_track_m": 5.0,
        "achieved_heading": 248.39463960020393,
        "target_bearing": 256.04573276471194,
        "fix_type": 6,
        "hacc_m": 0.014,
        "corrupt": false,
        "position_interpolated": true,
        "captured_at_utc": "2026-06-17T16:51:20.145827+00:00"
      },
      "geometry": {
        "type": "Point",
        "coordinates": [
          -114.015965,
          46.697235
        ]
      }
    },
    {
      "type": "Feature",
      "properties": {
        "file": "leg03_m006_b256_2026-06-17T10-51-20.jpg",
        "leg": "leg03",
        "mark_index": 6,
        "along_track_m": 6.0,
        "achieved_heading": 250.59635641918953,
        "target_bearing": 256.04573276471194,
        "fix_type": 6,
        "hacc_m": 0.014,
        "corrupt": false,
        "position_interpolated": true,
        "captured_at_utc": "2026-06-17T16:51:20.829936+00:00"
      },
      "geometry": {
        "type": "Point",
        "coordinates": [
          -114.01597359670117,
          46.697233009020586
        ]
      }
    },
    {
      "type": "Feature",
      "properties": {
        "file": "leg03_m007_b256_2026-06-17T10-51-21.jpg",
        "leg": "leg03",
        "mark_index": 7,
        "along_track_m": 7.0,
        "achieved_heading": 252.7523785205928,
        "target_bearing": 256.04573276471194,
        "fix_type": 6,
        "hacc_m": 0.014,
        "corrupt": false,
        "position_interpolated": true,
        "captured_at_utc": "2026-06-17T16:51:21.948003+00:00"
      },
      "geometry": {
        "type": "Point",
        "coordinates": [
          -114.0159869,
          46.697230499999996
        ]
      }
    },
    {
      "type": "Feature",
      "properties": {
        "file": "leg03_m008_b256_2026-06-17T10-51-22.jpg",
        "leg": "leg03",
        "mark_index": 8,
        "along_track_m": 8.0,
        "achieved_heading": 253.12426954834538,
        "target_bearing": 256.04573276471194,
        "fix_type": 6,
        "hacc_m": 0.014,
        "corrupt": false,
        "position_interpolated": true,
        "captured_at_utc": "2026-06-17T16:51:22.939719+00:00"
      },
      "geometry": {
        "type": "Point",
        "coordinates": [
          -114.01599929999999,
          46.6972282
        ]
      }
    },
    {
      "type": "Feature",
      "properties": {
        "file": "leg03_m009_b256_2026-06-17T10-51-23.jpg",
        "leg": "leg03",
        "mark_index": 9,
        "along_track_m": 9.0,
        "achieved_heading": 253.69079388171696,
        "target_bearing": 256.04573276471194,
        "fix_type": 6,
        "hacc_m": 0.014,
        "corrupt": false,
        "position_interpolated": true,
        "captured_at_utc": "2026-06-17T16:51:23.979042+00:00"
      },
      "geometry": {
        "type": "Point",
        "coordinates": [
          -114.0160118,
          46.6972257
        ]
      }
    },
    {
      "type": "Feature",
      "properties": {
        "file": "leg03_m010_b256_2026-06-17T10-51-25.jpg",
        "leg": "leg03",
        "mark_index": 10,
        "along_track_m": 10.0,
        "achieved_heading": 255.4246371076381,
        "target_bearing": 256.04573276471194,
        "fix_type": 6,
        "hacc_m": 0.014,
        "corrupt": false,
        "position_interpolated": true,
        "captured_at_utc": "2026-06-17T16:51:25.030320+00:00"
      },
      "geometry": {
        "type": "Point",
        "coordinates": [
          -114.01602542437828,
          46.69722357209947
        ]
      }
    },
    {
      "type": "Feature",
      "properties": {
        "file": "leg03_m011_b256_2026-06-17T10-51-26.jpg",
        "leg": "leg03",
        "mark_index": 11,
        "along_track_m": 11.0,
        "achieved_heading": 253.72362844563685,
        "target_bearing": 256.04573276471194,
        "fix_type": 6,
        "hacc_m": 0.014,
        "corrupt": false,
        "position_interpolated": true,
        "captured_at_utc": "2026-06-17T16:51:26.156995+00:00"
      },
      "geometry": {
        "type": "Point",
        "coordinates": [
          -114.0160386,
          46.6972214
        ]
      }
    },
    {
      "type": "Feature",
      "properties": {
        "file": "leg03_m012_b256_2026-06-17T10-51-27.jpg",
        "leg": "leg03",
        "mark_index": 12,
        "along_track_m": 12.0,
        "achieved_heading": 253.16997378002455,
        "target_bearing": 256.04573276471194,
        "fix_type": 6,
        "hacc_m": 0.014,
        "corrupt": false,
        "position_interpolated": true,
        "captured_at_utc": "2026-06-17T16:51:27.064709+00:00"
      },
      "geometry": {
        "type": "Point",
        "coordinates": [
          -114.01605004176203,
          46.69721920149781
        ]
      }
    },
    {
      "type": "Feature",
      "properties": {
        "file": "leg03_m013_b256_2026-06-17T10-51-28.jpg",
        "leg": "leg03",
        "mark_index": 13,
        "along_track_m": 13.0,
        "achieved_heading": 253.97236556233588,
        "target_bearing": 256.04573276471194,
        "fix_type": 6,
        "hacc_m": 0.014,
        "corrupt": false,
        "position_interpolated": true,
        "captured_at_utc": "2026-06-17T16:51:28.175406+00:00"
      },
      "geometry": {
        "type": "Point",
        "coordinates": [
          -114.01606319999999,
          46.697216999999995
        ]
      }
    },
    {
      "type": "Feature",
      "properties": {
        "file": "leg03_m014_b256_2026-06-17T10-51-29.jpg",
        "leg": "leg03",
        "mark_index": 14,
        "along_track_m": 14.0,
        "achieved_heading": 254.39395922288156,
        "target_bearing": 256.04573276471194,
        "fix_type": 6,
        "hacc_m": 0.014,
        "corrupt": false,
        "position_interpolated": true,
        "captured_at_utc": "2026-06-17T16:51:29.236968+00:00"
      },
      "geometry": {
        "type": "Point",
        "coordinates": [
          -114.0160755,
          46.6972148
        ]
      }
    },
    {
      "type": "Feature",
      "properties": {
        "file": "leg03_m015_b256_2026-06-17T10-51-30.jpg",
        "leg": "leg03",
        "mark_index": 15,
        "along_track_m": 15.0,
        "achieved_heading": 256.30818618250976,
        "target_bearing": 256.04573276471194,
        "fix_type": 6,
        "hacc_m": 0.014,
        "corrupt": false,
        "position_interpolated": true,
        "captured_at_utc": "2026-06-17T16:51:30.282475+00:00"
      },
      "geometry": {
        "type": "Point",
        "coordinates": [
          -114.01608952764312,
          46.697212661611765
        ]
      }
    },
    {
      "type": "Feature",
      "properties": {
        "file": "leg03_m016_b256_2026-06-17T10-51-31.jpg",
        "leg": "leg03",
        "mark_index": 16,
        "along_track_m": 16.0,
        "achieved_heading": 254.66716957428338,
        "target_bearing": 256.04573276471194,
        "fix_type": 6,
        "hacc_m": 0.014,
        "corrupt": false,
        "position_interpolated": true,
        "captured_at_utc": "2026-06-17T16:51:31.264521+00:00"
      },
      "geometry": {
        "type": "Point",
        "coordinates": [
          -114.01610163691885,
          46.69721083626449
        ]
      }
    },
    {
      "type": "Feature",
      "properties": {
        "file": "leg03_m017_b256_2026-06-17T10-51-32.jpg",
        "leg": "leg03",
        "mark_index": 17,
        "along_track_m": 17.0,
        "achieved_heading": 252.80302085705725,
        "target_bearing": 256.04573276471194,
        "fix_type": 6,
        "hacc_m": 0.014,
        "corrupt": false,
        "position_interpolated": true,
        "captured_at_utc": "2026-06-17T16:51:32.320922+00:00"
      },
      "geometry": {
        "type": "Point",
        "coordinates": [
          -114.0161151,
          46.6972083
        ]
      }
    },
    {
      "type": "Feature",
      "properties": {
        "file": "leg03_m018_b256_2026-06-17T10-51-33.jpg",
        "leg": "leg03",
        "mark_index": 18,
        "along_track_m": 18.0,
        "achieved_heading": 253.23013767242514,
        "target_bearing": 256.04573276471194,
        "fix_type": 6,
        "hacc_m": 0.014,
        "corrupt": false,
        "position_interpolated": true,
        "captured_at_utc": "2026-06-17T16:51:33.219262+00:00"
      },
      "geometry": {
        "type": "Point",
        "coordinates": [
          -114.01612625625047,
          46.697206498611
        ]
      }
    },
    {
      "type": "Feature",
      "properties": {
        "file": "leg03_m019_b256_2026-06-17T10-51-34.jpg",
        "leg": "leg03",
        "mark_index": 19,
        "along_track_m": 19.0,
        "achieved_heading": 255.72677752756334,
        "target_bearing": 256.04573276471194,
        "fix_type": 6,
        "hacc_m": 0.014,
        "corrupt": false,
        "position_interpolated": true,
        "captured_at_utc": "2026-06-17T16:51:34.345297+00:00"
      },
      "geometry": {
        "type": "Point",
        "coordinates": [
          -114.01613909999999,
          46.6972041
        ]
      }
    },
    {
      "type": "Feature",
      "properties": {
        "file": "leg03_m020_b256_2026-06-17T10-51-35.jpg",
        "leg": "leg03",
        "mark_index": 20,
        "along_track_m": 20.0,
        "achieved_heading": 256.4722546816856,
        "target_bearing": 256.04573276471194,
        "fix_type": 6,
        "hacc_m": 0.014,
        "corrupt": false,
        "position_interpolated": true,
        "captured_at_utc": "2026-06-17T16:51:35.467903+00:00"
      },
      "geometry": {
        "type": "Point",
        "coordinates": [
          -114.01615270810879,
          46.69720171837824
        ]
      }
    },
    {
      "type": "Feature",
      "properties": {
        "file": "leg03_m021_b256_2026-06-17T10-51-36.jpg",
        "leg": "leg03",
        "mark_index": 21,
        "along_track_m": 21.0,
        "achieved_heading": 256.5892222258651,
        "target_bearing": 256.04573276471194,
        "fix_type": 6,
        "hacc_m": 0.014,
        "corrupt": false,
        "position_interpolated": true,
        "captured_at_utc": "2026-06-17T16:51:36.515991+00:00"
      },
      "geometry": {
        "type": "Point",
        "coordinates": [
          -114.01616568130734,
          46.69719980311544
        ]
      }
    },
    {
      "type": "Feature",
      "properties": {
        "file": "leg03_m022_b256_2026-06-17T10-51-37.jpg",
        "leg": "leg03",
        "mark_index": 22,
        "along_track_m": 22.0,
        "achieved_heading": 255.71792708527835,
        "target_bearing": 256.04573276471194,
        "fix_type": 6,
        "hacc_m": 0.014,
        "corrupt": false,
        "position_interpolated": true,
        "captured_at_utc": "2026-06-17T16:51:37.570358+00:00"
      },
      "geometry": {
        "type": "Point",
        "coordinates": [
          -114.0161782,
          46.6971979
        ]
      }
    },
    {
      "type": "Feature",
      "properties": {
        "file": "leg03_m023_b256_2026-06-17T10-51-38.jpg",
        "leg": "leg03",
        "mark_index": 23,
        "along_track_m": 23.0,
        "achieved_heading": 254.46911613502797,
        "target_bearing": 256.04573276471194,
        "fix_type": 6,
        "hacc_m": 0.014,
        "corrupt": false,
        "position_interpolated": true,
        "captured_at_utc": "2026-06-17T16:51:38.474502+00:00"
      },
      "geometry": {
        "type": "Point",
        "coordinates": [
          -114.01619011840266,
          46.697196152430564
        ]
      }
    },
    {
      "type": "Feature",
      "properties": {
        "file": "leg03_m024_b256_2026-06-17T10-51-39.jpg",
        "leg": "leg03",
        "mark_index": 24,
        "along_track_m": 24.0,
        "achieved_heading": 252.8190108244444,
        "target_bearing": 256.04573276471194,
        "fix_type": 6,
        "hacc_m": 0.014,
        "corrupt": false,
        "position_interpolated": true,
        "captured_at_utc": "2026-06-17T16:51:39.521891+00:00"
      },
      "geometry": {
        "type": "Point",
        "coordinates": [
          -114.01620319999999,
          46.6971938
        ]
      }
    },
    {
      "type": "Feature",
      "properties": {
        "file": "leg03_m025_b256_2026-06-17T10-51-40.jpg",
        "leg": "leg03",
        "mark_index": 25,
        "along_track_m": 25.0,
        "achieved_heading": 253.89217478183065,
        "target_bearing": 256.04573276471194,
        "fix_type": 6,
        "hacc_m": 0.014,
        "corrupt": false,
        "position_interpolated": true,
        "captured_at_utc": "2026-06-17T16:51:40.573364+00:00"
      },
      "geometry": {
        "type": "Point",
        "coordinates": [
          -114.016216,
          46.6971914
        ]
      }
    },
    {
      "type": "Feature",
      "properties": {
        "file": "leg03_m026_b256_2026-06-17T10-51-41.jpg",
        "leg": "leg03",
        "mark_index": 26,
        "along_track_m": 26.0,
        "achieved_heading": 254.5298919908421,
        "target_bearing": 256.04573276471194,
        "fix_type": 6,
        "hacc_m": 0.014,
        "corrupt": false,
        "position_interpolated": true,
        "captured_at_utc": "2026-06-17T16:51:41.624424+00:00"
      },
      "geometry": {
        "type": "Point",
        "coordinates": [
          -114.01622809999999,
          46.697188999999995
        ]
      }
    },
    {
      "type": "Feature",
      "properties": {
        "file": "leg03_m027_b256_2026-06-17T10-51-42.jpg",
        "leg": "leg03",
        "mark_index": 27,
        "along_track_m": 27.0,
        "achieved_heading": 257.00223513092305,
        "target_bearing": 256.04573276471194,
        "fix_type": 6,
        "hacc_m": 0.014,
        "corrupt": false,
        "position_interpolated": true,
        "captured_at_utc": "2026-06-17T16:51:42.674565+00:00"
      },
      "geometry": {
        "type": "Point",
        "coordinates": [
          -114.01624235222135,
          46.69718674982912
        ]
      }
    },
    {
      "type": "Feature",
      "properties": {
        "file": "leg03_m028_b256_2026-06-17T10-51-43.jpg",
        "leg": "leg03",
        "mark_index": 28,
        "along_track_m": 28.0,
        "achieved_heading": 256.0856680313267,
        "target_bearing": 256.04573276471194,
        "fix_type": 6,
        "hacc_m": 0.014,
        "corrupt": false,
        "position_interpolated": true,
        "captured_at_utc": "2026-06-17T16:51:43.581197+00:00"
      },
      "geometry": {
        "type": "Point",
        "coordinates": [
          -114.01625390665568,
          46.69718497093509
        ]
      }
    },
    {
      "type": "Feature",
      "properties": {
        "file": "leg03_m029_b256_2026-06-17T10-51-44.jpg",
        "leg": "leg03",
        "mark_index": 29,
        "along_track_m": 29.0,
        "achieved_heading": 253.8351428822132,
        "target_bearing": 256.04573276471194,
        "fix_type": 6,
        "hacc_m": 0.014,
        "corrupt": false,
        "position_interpolated": true,
        "captured_at_utc": "2026-06-17T16:51:44.705971+00:00"
      },
      "geometry": {
        "type": "Point",
        "coordinates": [
          -114.01626768867908,
          46.69718274981135
        ]
      }
    },
    {
      "type": "Feature",
      "properties": {
        "file": "leg03_m030_b256_2026-06-17T10-51-45.jpg",
        "leg": "leg03",
        "mark_index": 30,
        "along_track_m": 30.0,
        "achieved_heading": 252.53628050428551,
        "target_bearing": 256.04573276471194,
        "fix_type": 6,
        "hacc_m": 0.014,
        "corrupt": false,
        "position_interpolated": true,
        "captured_at_utc": "2026-06-17T16:51:45.761499+00:00"
      },
      "geometry": {
        "type": "Point",
        "coordinates": [
          -114.0162802,
          46.6971803
        ]
      }
    },
    {
      "type": "Feature",
      "properties": {
        "file": "leg03_m031_b256_2026-06-17T10-51-46.jpg",
        "leg": "leg03",
        "mark_index": 31,
        "along_track_m": 31.0,
        "achieved_heading": 254.32427460497797,
        "target_bearing": 256.04573276471194,
        "fix_type": 6,
        "hacc_m": 0.014,
        "corrupt": false,
        "position_interpolated": true,
        "captured_at_utc": "2026-06-17T16:51:46.667160+00:00"
      },
      "geometry": {
        "type": "Point",
        "coordinates": [
          -114.01629200425278,
          46.69717813748013
        ]
      }
    },
    {
      "type": "Feature",
      "properties": {
        "file": "leg03_m032_b256_2026-06-17T10-51-47.jpg",
        "leg": "leg03",
        "mark_index": 32,
        "along_track_m": 32.0,
        "achieved_heading": 255.77262930834615,
        "target_bearing": 256.04573276471194,
        "fix_type": 6,
        "hacc_m": 0.014,
        "corrupt": false,
        "position_interpolated": true,
        "captured_at_utc": "2026-06-17T16:51:47.785146+00:00"
      },
      "geometry": {
        "type": "Point",
        "coordinates": [
          -114.01630499999999,
          46.6971758
        ]
      }
    },
    {
      "type": "Feature",
      "properties": {
        "file": "leg03_m033_b256_2026-06-17T10-51-48.jpg",
        "leg": "leg03",
        "mark_index": 33,
        "along_track_m": 33.0,
        "achieved_heading": 254.80668075321347,
        "target_bearing": 256.04573276471194,
        "fix_type": 6,
        "hacc_m": 0.014,
        "corrupt": false,
        "position_interpolated": true,
        "captured_at_utc": "2026-06-17T16:51:48.846770+00:00"
      },
      "geometry": {
        "type": "Point",
        "coordinates": [
          -114.0163175,
          46.697173799999995
        ]
      }
    },
    {
      "type": "Feature",
      "properties": {
        "file": "leg03_m034_b256_2026-06-17T10-51-49.jpg",
        "leg": "leg03",
        "mark_index": 34,
        "along_track_m": 34.0,
        "achieved_heading": 254.5798247619285,
        "target_bearing": 256.04573276471194,
        "fix_type": 6,
        "hacc_m": 0.014,
        "corrupt": false,
        "position_interpolated": true,
        "captured_at_utc": "2026-06-17T16:51:49.750942+00:00"
      },
      "geometry": {
        "type": "Point",
        "coordinates": [
          -114.0163297,
          46.6971718
        ]
      }
    },
    {
      "type": "Feature",
      "properties": {
        "file": "leg03_m035_b256_2026-06-17T10-51-50.jpg",
        "leg": "leg03",
        "mark_index": 35,
        "along_track_m": 35.0,
        "achieved_heading": 254.43024716214032,
        "target_bearing": 256.04573276471194,
        "fix_type": 6,
        "hacc_m": 0.014,
        "corrupt": false,
        "position_interpolated": true,
        "captured_at_utc": "2026-06-17T16:51:50.805457+00:00"
      },
      "geometry": {
        "type": "Point",
        "coordinates": [
          -114.01634334165105,
          46.69716938045172
        ]
      }
    },
    {
      "type": "Feature",
      "properties": {
        "file": "leg03_m036_b256_2026-06-17T10-51-52.jpg",
        "leg": "leg03",
        "mark_index": 36,
        "along_track_m": 36.0,
        "achieved_heading": 254.75151962884325,
        "target_bearing": 256.04573276471194,
        "fix_type": 6,
        "hacc_m": 0.014,
        "corrupt": false,
        "position_interpolated": true,
        "captured_at_utc": "2026-06-17T16:51:51.853159+00:00"
      },
      "geometry": {
        "type": "Point",
        "coordinates": [
          -114.01635640117786,
          46.69716685976442
        ]
      }
    },
    {
      "type": "Feature",
      "properties": {
        "file": "leg03_m037_b256_2026-06-17T10-51-53.jpg",
        "leg": "leg03",
        "mark_index": 37,
        "along_track_m": 37.0,
        "achieved_heading": 255.03411447872946,
        "target_bearing": 256.04573276471194,
        "fix_type": 6,
        "hacc_m": 0.014,
        "corrupt": false,
        "position_interpolated": true,
        "captured_at_utc": "2026-06-17T16:51:52.973556+00:00"
      },
      "geometry": {
        "type": "Point",
        "coordinates": [
          -114.01636939999999,
          46.6971646
        ]
      }
    },
    {
      "type": "Feature",
      "properties": {
        "file": "leg03_m038_b256_2026-06-17T10-51-53.jpg",
        "leg": "leg03",
        "mark_index": 38,
        "along_track_m": 38.0,
        "achieved_heading": 255.53770411259742,
        "target_bearing": 256.04573276471194,
        "fix_type": 6,
        "hacc_m": 0.014,
        "corrupt": false,
        "position_interpolated": true,
        "captured_at_utc": "2026-06-17T16:51:53.881103+00:00"
      },
      "geometry": {
        "type": "Point",
        "coordinates": [
          -114.01638147029071,
          46.69716243956511
        ]
      }
    },
    {
      "type": "Feature",
      "properties": {
        "file": "leg03_m039_b256_2026-06-17T10-51-55.jpg",
        "leg": "leg03",
        "mark_index": 39,
        "along_track_m": 39.0,
        "achieved_heading": 255.87091777154265,
        "target_bearing": 256.04573276471194,
        "fix_type": 6,
        "hacc_m": 0.014,
        "corrupt": false,
        "position_interpolated": true,
        "captured_at_utc": "2026-06-17T16:51:54.934000+00:00"
      },
      "geometry": {
        "type": "Point",
        "coordinates": [
          -114.0163946,
          46.6971604
        ]
      }
    },
    {
      "type": "Feature",
      "properties": {
        "file": "leg03_m040_b256_2026-06-17T10-51-55.jpg",
        "leg": "leg03",
        "mark_index": 40,
        "along_track_m": 40.0,
        "achieved_heading": 254.8158865900039,
        "target_bearing": 256.04573276471194,
        "fix_type": 6,
        "hacc_m": 0.014,
        "corrupt": false,
        "position_interpolated": true,
        "captured_at_utc": "2026-06-17T16:51:55.841280+00:00"
      },
      "geometry": {
        "type": "Point",
        "coordinates": [
          -114.01640633071283,
          46.69715838110149
        ]
      }
    },
    {
      "type": "Feature",
      "properties": {
        "file": "leg03_m041_b256_2026-06-17T10-51-56.jpg",
        "leg": "leg03",
        "mark_index": 41,
        "along_track_m": 41.0,
        "achieved_heading": 255.12972005507046,
        "target_bearing": 256.04573276471194,
        "fix_type": 6,
        "hacc_m": 0.014,
        "corrupt": false,
        "position_interpolated": true,
        "captured_at_utc": "2026-06-17T16:51:56.957651+00:00"
      },
      "geometry": {
        "type": "Point",
        "coordinates": [
          -114.0164193,
          46.6971561
        ]
      }
    },
    {
      "type": "Feature",
      "properties": {
        "file": "leg03_m042_b256_2026-06-17T10-51-58.jpg",
        "leg": "leg03",
        "mark_index": 42,
        "along_track_m": 42.0,
        "achieved_heading": 254.83267234474366,
        "target_bearing": 256.04573276471194,
        "fix_type": 6,
        "hacc_m": 0.014,
        "corrupt": false,
        "position_interpolated": true,
        "captured_at_utc": "2026-06-17T16:51:58.012417+00:00"
      },
      "geometry": {
        "type": "Point",
        "coordinates": [
          -114.01643159999999,
          46.697154
        ]
      }
    },
    {
      "type": "Feature",
      "properties": {
        "file": "leg03_m043_b256_2026-06-17T10-51-58.jpg",
        "leg": "leg03",
        "mark_index": 43,
        "along_track_m": 43.0,
        "achieved_heading": 255.72937474319326,
        "target_bearing": 256.04573276471194,
        "fix_type": 6,
        "hacc_m": 0.014,
        "corrupt": false,
        "position_interpolated": true,
        "captured_at_utc": "2026-06-17T16:51:58.927332+00:00"
      },
      "geometry": {
        "type": "Point",
        "coordinates": [
          -114.01644429999999,
          46.6971521
        ]
      }
    },
    {
      "type": "Feature",
      "properties": {
        "file": "leg03_m044_b256_2026-06-17T10-52-00.jpg",
        "leg": "leg03",
        "mark_index": 44,
        "along_track_m": 44.0,
        "achieved_heading": 254.00535338952665,
        "target_bearing": 256.04573276471194,
        "fix_type": 6,
        "hacc_m": 0.014,
        "corrupt": false,
        "position_interpolated": true,
        "captured_at_utc": "2026-06-17T16:52:00.115848+00:00"
      },
      "geometry": {
        "type": "Point",
        "coordinates": [
          -114.01645851606446,
          46.69714973198879
        ]
      }
    },
    {
      "type": "Feature",
      "properties": {
        "file": "leg03_m045_b256_2026-06-17T10-52-01.jpg",
        "leg": "leg03",
        "mark_index": 45,
        "along_track_m": 45.0,
        "achieved_heading": 252.7193792616428,
        "target_bearing": 256.04573276471194,
        "fix_type": 6,
        "hacc_m": 0.014,
        "corrupt": false,
        "position_interpolated": true,
        "captured_at_utc": "2026-06-17T16:52:01.091180+00:00"
      },
      "geometry": {
        "type": "Point",
        "coordinates": [
          -114.01647057664444,
          46.69714748435362
        ]
      }
    },
    {
      "type": "Feature",
      "properties": {
        "file": "leg03_m046_b256_2026-06-17T10-52-02.jpg",
        "leg": "leg03",
        "mark_index": 46,
        "along_track_m": 46.0,
        "achieved_heading": 254.54558129048814,
        "target_bearing": 256.04573276471194,
        "fix_type": 6,
        "hacc_m": 0.014,
        "corrupt": false,
        "position_interpolated": true,
        "captured_at_utc": "2026-06-17T16:52:02.153109+00:00"
      },
      "geometry": {
        "type": "Point",
        "coordinates": [
          -114.01648329999999,
          46.6971452
        ]
      }
    },
    {
      "type": "Feature",
      "properties": {
        "file": "leg03_m047_b256_2026-06-17T10-52-03.jpg",
        "leg": "leg03",
        "mark_index": 47,
        "along_track_m": 47.0,
        "achieved_heading": 256.20216576358564,
        "target_bearing": 256.04573276471194,
        "fix_type": 6,
        "hacc_m": 0.014,
        "corrupt": false,
        "position_interpolated": true,
        "captured_at_utc": "2026-06-17T16:52:03.128568+00:00"
      },
      "geometry": {
        "type": "Point",
        "coordinates": [
          -114.0164954,
          46.6971433
        ]
      }
    },
    {
      "type": "Feature",
      "properties": {
        "file": "leg03_m048_b256_2026-06-17T10-52-04.jpg",
        "leg": "leg03",
        "mark_index": 48,
        "along_track_m": 48.0,
        "achieved_heading": 255.75506754176752,
        "target_bearing": 256.04573276471194,
        "fix_type": 6,
        "hacc_m": 0.014,
        "corrupt": false,
        "position_interpolated": true,
        "captured_at_utc": "2026-06-17T16:52:04.176143+00:00"
      },
      "geometry": {
        "type": "Point",
        "coordinates": [
          -114.01650819029611,
          46.69714125242597
        ]
      }
    },
    {
      "type": "Feature",
      "properties": {
        "file": "leg03_m049_b256_2026-06-17T10-52-05.jpg",
        "leg": "leg03",
        "mark_index": 49,
        "along_track_m": 49.0,
        "achieved_heading": 254.68891514457096,
        "target_bearing": 256.04573276471194,
        "fix_type": 6,
        "hacc_m": 0.014,
        "corrupt": false,
        "position_interpolated": true,
        "captured_at_utc": "2026-06-17T16:52:05.296173+00:00"
      },
      "geometry": {
        "type": "Point",
        "coordinates": [
          -114.01652204504414,
          46.697138750991165
        ]
      }
    },
    {
      "type": "Feature",
      "properties": {
        "file": "leg03_m050_b256_2026-06-17T10-52-06.jpg",
        "leg": "leg03",
        "mark_index": 50,
        "along_track_m": 50.0,
        "achieved_heading": 256.0454216531979,
        "target_bearing": 256.04573276471194,
        "fix_type": 6,
        "hacc_m": 0.014,
        "corrupt": false,
        "position_interpolated": true,
        "captured_at_utc": "2026-06-17T16:52:06.272692+00:00"
      },
      "geometry": {
        "type": "Point",
        "coordinates": [
          -114.01653377730658,
          46.69713649503516
        ]
      }
    },
    {
      "type": "Feature",
      "properties": {
        "file": "leg03_m051_b256_2026-06-17T10-52-07.jpg",
        "leg": "leg03",
        "mark_index": 51,
        "along_track_m": 51.0,
        "achieved_heading": 257.14981134211695,
        "target_bearing": 256.04573276471194,
        "fix_type": 6,
        "hacc_m": 0.014,
        "corrupt": false,
        "position_interpolated": true,
        "captured_at_utc": "2026-06-17T16:52:07.389054+00:00"
      },
      "geometry": {
        "type": "Point",
        "coordinates": [
          -114.0165468,
          46.697134399999996
        ]
      }
    },
    {
      "type": "Feature",
      "properties": {
        "file": "leg03_m052_b256_2026-06-17T10-52-08.jpg",
        "leg": "leg03",
        "mark_index": 52,
        "along_track_m": 52.0,
        "achieved_heading": 255.2972405682326,
        "target_bearing": 256.04573276471194,
        "fix_type": 6,
        "hacc_m": 0.014,
        "corrupt": false,
        "position_interpolated": true,
        "captured_at_utc": "2026-06-17T16:52:08.242911+00:00"
      },
      "geometry": {
        "type": "Point",
        "coordinates": [
          -114.01655864024181,
          46.69713257569701
        ]
      }
    },
    {
      "type": "Feature",
      "properties": {
        "file": "leg03_m053_b256_2026-06-17T10-52-09.jpg",
        "leg": "leg03",
        "mark_index": 53,
        "along_track_m": 53.0,
        "achieved_heading": 254.1638296153189,
        "target_bearing": 256.04573276471194,
        "fix_type": 6,
        "hacc_m": 0.014,
        "corrupt": false,
        "position_interpolated": true,
        "captured_at_utc": "2026-06-17T16:52:09.435555+00:00"
      },
      "geometry": {
        "type": "Point",
        "coordinates": [
          -114.0165713,
          46.6971302
        ]
      }
    },
    {
      "type": "Feature",
      "properties": {
        "file": "leg03_m054_b256_2026-06-17T10-52-10.jpg",
        "leg": "leg03",
        "mark_index": 54,
        "along_track_m": 54.0,
        "achieved_heading": 255.9441967112803,
        "target_bearing": 256.04573276471194,
        "fix_type": 6,
        "hacc_m": 0.014,
        "corrupt": false,
        "position_interpolated": true,
        "captured_at_utc": "2026-06-17T16:52:10.547845+00:00"
      },
      "geometry": {
        "type": "Point",
        "coordinates": [
          -114.01658599999999,
          46.6971275
        ]
      }
    },
    {
      "type": "Feature",
      "properties": {
        "file": "leg03_m055_b256_2026-06-17T10-52-11.jpg",
        "leg": "leg03",
        "mark_index": 55,
        "along_track_m": 55.0,
        "achieved_heading": 257.46951784892985,
        "target_bearing": 256.04573276471194,
        "fix_type": 6,
        "hacc_m": 0.014,
        "corrupt": false,
        "position_interpolated": true,
        "captured_at_utc": "2026-06-17T16:52:11.459362+00:00"
      },
      "geometry": {
        "type": "Point",
        "coordinates": [
          -114.01659785319185,
          46.697125486170165
        ]
      }
    },
    {
      "type": "Feature",
      "properties": {
        "file": "leg03_m056_b256_2026-06-17T10-52-12.jpg",
        "leg": "leg03",
        "mark_index": 56,
        "along_track_m": 56.0,
        "achieved_heading": 257.2678301198782,
        "target_bearing": 256.04573276471194,
        "fix_type": 6,
        "hacc_m": 0.014,
        "corrupt": false,
        "position_interpolated": true,
        "captured_at_utc": "2026-06-17T16:52:12.505177+00:00"
      },
      "geometry": {
        "type": "Point",
        "coordinates": [
          -114.01661083828013,
          46.69712354019109
        ]
      }
    },
    {
      "type": "Feature",
      "properties": {
        "file": "leg03_m057_b256_2026-06-17T10-52-13.jpg",
        "leg": "leg03",
        "mark_index": 57,
        "along_track_m": 57.0,
        "achieved_heading": 256.42272703226683,
        "target_bearing": 256.04573276471194,
        "fix_type": 6,
        "hacc_m": 0.014,
        "corrupt": false,
        "position_interpolated": true,
        "captured_at_utc": "2026-06-17T16:52:13.562909+00:00"
      },
      "geometry": {
        "type": "Point",
        "coordinates": [
          -114.016624,
          46.6971213
        ]
      }
    },
    {
      "type": "Feature",
      "properties": {
        "file": "leg03_m058_b256_2026-06-17T10-52-14.jpg",
        "leg": "leg03",
        "mark_index": 58,
        "along_track_m": 58.0,
        "achieved_heading": 255.59839834690686,
        "target_bearing": 256.04573276471194,
        "fix_type": 6,
        "hacc_m": 0.014,
        "corrupt": false,
        "position_interpolated": true,
        "captured_at_utc": "2026-06-17T16:52:14.471473+00:00"
      },
      "geometry": {
        "type": "Point",
        "coordinates": [
          -114.01663597092151,
          46.69711978748941
        ]
      }
    },
    {
      "type": "Feature",
      "properties": {
        "file": "leg03_m059_b256_2026-06-17T10-52-15.jpg",
        "leg": "leg03",
        "mark_index": 59,
        "along_track_m": 59.0,
        "achieved_heading": 252.25013961504848,
        "target_bearing": 256.04573276471194,
        "fix_type": 6,
        "hacc_m": 0.014,
        "corrupt": false,
        "position_interpolated": true,
        "captured_at_utc": "2026-06-17T16:52:15.518636+00:00"
      },
      "geometry": {
        "type": "Point",
        "coordinates": [
          -114.016649,
          46.697117399999996
        ]
      }
    },
    {
      "type": "Feature",
      "properties": {
        "file": "leg03_m060_b256_2026-06-17T10-52-16.jpg",
        "leg": "leg03",
        "mark_index": 60,
        "along_track_m": 60.0,
        "achieved_heading": 254.0125184697832,
        "target_bearing": 256.04573276471194,
        "fix_type": 6,
        "hacc_m": 0.014,
        "corrupt": false,
        "position_interpolated": true,
        "captured_at_utc": "2026-06-17T16:52:16.568175+00:00"
      },
      "geometry": {
        "type": "Point",
        "coordinates": [
          -114.01666159999999,
          46.6971148
        ]
      }
    },
    {
      "type": "Feature",
      "properties": {
        "file": "leg03_m061_b256_2026-06-17T10-52-17.jpg",
        "leg": "leg03",
        "mark_index": 61,
        "along_track_m": 61.0,
        "achieved_heading": 257.88840705020965,
        "target_bearing": 256.04573276471194,
        "fix_type": 6,
        "hacc_m": 0.014,
        "corrupt": false,
        "position_interpolated": true,
        "captured_at_utc": "2026-06-17T16:52:17.476607+00:00"
      },
      "geometry": {
        "type": "Point",
        "coordinates": [
          -114.0166738386486,
          46.69711270395396
        ]
      }
    },
    {
      "type": "Feature",
      "properties": {
        "file": "leg03_m062_b256_2026-06-17T10-52-18.jpg",
        "leg": "leg03",
        "mark_index": 62,
        "along_track_m": 62.0,
        "achieved_heading": 263.9879027205394,
        "target_bearing": 256.04573276471194,
        "fix_type": 6,
        "hacc_m": 0.014,
        "corrupt": false,
        "position_interpolated": true,
        "captured_at_utc": "2026-06-17T16:52:18.538517+00:00"
      },
      "geometry": {
        "type": "Point",
        "coordinates": [
          -114.0166873,
          46.6971111
        ]
      }
    },
    {
      "type": "Feature",
      "properties": {
        "file": "leg04_m000_b346_2026-06-17T10-52-22.jpg",
        "leg": "leg04",
        "mark_index": 0,
        "along_track_m": 0.0,
        "achieved_heading": 345.19768009523295,
        "target_bearing": 346.12980352238736,
        "fix_type": 6,
        "hacc_m": 0.014,
        "corrupt": false,
        "position_interpolated": true,
        "captured_at_utc": "2026-06-17T16:52:22.451967+00:00"
      },
      "geometry": {
        "type": "Point",
        "coordinates": [
          -114.0166958,
          46.697110699999996
        ]
      }
    },
    {
      "type": "Feature",
      "properties": {
        "file": "leg04_m001_b346_2026-06-17T10-52-23.jpg",
        "leg": "leg04",
        "mark_index": 1,
        "along_track_m": 1.0,
        "achieved_heading": 341.733462674313,
        "target_bearing": 346.12980352238736,
        "fix_type": 6,
        "hacc_m": 0.014,
        "corrupt": false,
        "position_interpolated": true,
        "captured_at_utc": "2026-06-17T16:52:23.923342+00:00"
      },
      "geometry": {
        "type": "Point",
        "coordinates": [
          -114.01670019999999,
          46.6971196
        ]
      }
    },
    {
      "type": "Feature",
      "properties": {
        "file": "leg04_m002_b346_2026-06-17T10-52-25.jpg",
        "leg": "leg04",
        "mark_index": 2,
        "along_track_m": 2.0,
        "achieved_heading": 349.6284773165387,
        "target_bearing": 346.12980352238736,
        "fix_type": 6,
        "hacc_m": 0.014,
        "corrupt": false,
        "position_interpolated": true,
        "captured_at_utc": "2026-06-17T16:52:25.117589+00:00"
      },
      "geometry": {
        "type": "Point",
        "coordinates": [
          -114.01670446315285,
          46.697129410514094
        ]
      }
    },
    {
      "type": "Feature",
      "properties": {
        "file": "leg04_m003_b346_2026-06-17T10-52-26.jpg",
        "leg": "leg04",
        "mark_index": 3,
        "along_track_m": 3.0,
        "achieved_heading": 356.0536260311357,
        "target_bearing": 346.12980352238736,
        "fix_type": 6,
        "hacc_m": 0.014,
        "corrupt": false,
        "position_interpolated": true,
        "captured_at_utc": "2026-06-17T16:52:26.086514+00:00"
      },
      "geometry": {
        "type": "Point",
        "coordinates": [
          -114.01670666977944,
          46.69713770933833
        ]
      }
    },
    {
      "type": "Feature",
      "properties": {
        "file": "leg04_m004_b346_2026-06-17T10-52-27.jpg",
        "leg": "leg04",
        "mark_index": 4,
        "along_track_m": 4.0,
        "achieved_heading": 1.49099550692722,
        "target_bearing": 346.12980352238736,
        "fix_type": 6,
        "hacc_m": 0.014,
        "corrupt": false,
        "position_interpolated": true,
        "captured_at_utc": "2026-06-17T16:52:27.654484+00:00"
      },
      "geometry": {
        "type": "Point",
        "coordinates": [
          -114.0167074,
          46.69715
        ]
      }
    },
    {
      "type": "Feature",
      "properties": {
        "file": "leg04_m005_b346_2026-06-17T10-52-27.jpg",
        "leg": "leg04",
        "mark_index": 5,
        "along_track_m": 4.823,
        "achieved_heading": 0.28721117935736373,
        "target_bearing": 346.12980352238736,
        "fix_type": 6,
        "hacc_m": 0.014,
        "corrupt": false,
        "position_interpolated": true,
        "captured_at_utc": "2026-06-17T16:52:27.733675+00:00"
      },
      "geometry": {
        "type": "Point",
        "coordinates": [
          -114.01670752444359,
          46.69715183036586
        ]
      }
    },
    {
      "type": "Feature",
      "properties": {
        "file": "leg05_m000_b076_2026-06-17T10-52-31.jpg",
        "leg": "leg05",
        "mark_index": 0,
        "along_track_m": 0.0,
        "achieved_heading": 75.5343313716835,
        "target_bearing": 76.04514356320271,
        "fix_type": 6,
        "hacc_m": 0.014,
        "corrupt": false,
        "position_interpolated": true,
        "captured_at_utc": "2026-06-17T16:52:31.544406+00:00"
      },
      "geometry": {
        "type": "Point",
        "coordinates": [
          -114.0167085,
          46.6971561
        ]
      }
    },
    {
      "type": "Feature",
      "properties": {
        "file": "leg05_m001_b076_2026-06-17T10-52-33.jpg",
        "leg": "leg05",
        "mark_index": 1,
        "along_track_m": 1.0,
        "achieved_heading": 72.49444649383742,
        "target_bearing": 76.04514356320271,
        "fix_type": 6,
        "hacc_m": 0.014,
        "corrupt": false,
        "position_interpolated": true,
        "captured_at_utc": "2026-06-17T16:52:33.226899+00:00"
      },
      "geometry": {
        "type": "Point",
        "coordinates": [
          -114.01669437574121,
          46.69715985551336
        ]
      }
    },
    {
      "type": "Feature",
      "properties": {
        "file": "leg05_m002_b076_2026-06-17T10-52-34.jpg",
        "leg": "leg05",
        "mark_index": 2,
        "along_track_m": 2.0,
        "achieved_heading": 80.12034285969013,
        "target_bearing": 76.04514356320271,
        "fix_type": 6,
        "hacc_m": 0.014,
        "corrupt": false,
        "position_interpolated": true,
        "captured_at_utc": "2026-06-17T16:52:34.281401+00:00"
      },
      "geometry": {
        "type": "Point",
        "coordinates": [
          -114.01668211773314,
          46.697162517162695
        ]
      }
    },
    {
      "type": "Feature",
      "properties": {
        "file": "leg05_m003_b076_2026-06-17T10-52-35.jpg",
        "leg": "leg05",
        "mark_index": 3,
        "along_track_m": 3.0,
        "achieved_heading": 85.95545963686146,
        "target_bearing": 76.04514356320271,
        "fix_type": 6,
        "hacc_m": 0.014,
        "corrupt": false,
        "position_interpolated": true,
        "captured_at_utc": "2026-06-17T16:52:35.335651+00:00"
      },
      "geometry": {
        "type": "Point",
        "coordinates": [
          -114.0166691,
          46.6971639
        ]
      }
    },
    {
      "type": "Feature",
      "properties": {
        "file": "leg05_m004_b076_2026-06-17T10-52-36.jpg",
        "leg": "leg05",
        "mark_index": 4,
        "along_track_m": 4.0,
        "achieved_heading": 81.75258502645882,
        "target_bearing": 76.04514356320271,
        "fix_type": 6,
        "hacc_m": 0.014,
        "corrupt": false,
        "position_interpolated": true,
        "captured_at_utc": "2026-06-17T16:52:36.448385+00:00"
      },
      "geometry": {
        "type": "Point",
        "coordinates": [
          -114.01665561174372,
          46.697164938121006
        ]
      }
    },
    {
      "type": "Feature",
      "properties": {
        "file": "leg05_m005_b076_2026-06-17T10-52-37.jpg",
        "leg": "leg05",
        "mark_index": 5,
        "along_track_m": 5.0,
        "achieved_heading": 77.22521212493528,
        "target_bearing": 76.04514356320271,
        "fix_type": 6,
        "hacc_m": 0.014,
        "corrupt": false,
        "position_interpolated": true,
        "captured_at_utc": "2026-06-17T16:52:37.566939+00:00"
      },
      "geometry": {
        "type": "Point",
        "coordinates": [
          -114.0166428,
          46.697167
        ]
      }
    },
    {
      "type": "Feature",
      "properties": {
        "file": "leg05_m006_b076_2026-06-17T10-52-38.jpg",
        "leg": "leg05",
        "mark_index": 6,
        "along_track_m": 6.0,
        "achieved_heading": 76.86535356413191,
        "target_bearing": 76.04514356320271,
        "fix_type": 6,
        "hacc_m": 0.014,
        "corrupt": false,
        "position_interpolated": true,
        "captured_at_utc": "2026-06-17T16:52:38.615498+00:00"
      },
      "geometry": {
        "type": "Point",
        "coordinates": [
          -114.0166309,
          46.6971692
        ]
      }
    },
    {
      "type": "Feature",
      "properties": {
        "file": "leg05_m007_b076_2026-06-17T10-52-39.jpg",
        "leg": "leg05",
        "mark_index": 7,
        "along_track_m": 7.0,
        "achieved_heading": 77.49565899831026,
        "target_bearing": 76.04514356320271,
        "fix_type": 6,
        "hacc_m": 0.014,
        "corrupt": false,
        "position_interpolated": true,
        "captured_at_utc": "2026-06-17T16:52:39.667106+00:00"
      },
      "geometry": {
        "type": "Point",
        "coordinates": [
          -114.01661720211419,
          46.697171495284486
        ]
      }
    },
    {
      "type": "Feature",
      "properties": {
        "file": "leg05_m008_b076_2026-06-17T10-52-40.jpg",
        "leg": "leg05",
        "mark_index": 8,
        "along_track_m": 8.0,
        "achieved_heading": 77.77529274713254,
        "target_bearing": 76.04514356320271,
        "fix_type": 6,
        "hacc_m": 0.014,
        "corrupt": false,
        "position_interpolated": true,
        "captured_at_utc": "2026-06-17T16:52:40.647284+00:00"
      },
      "geometry": {
        "type": "Point",
        "coordinates": [
          -114.01660543007894,
          46.69717355691093
        ]
      }
    },
    {
      "type": "Feature",
      "properties": {
        "file": "leg05_m009_b076_2026-06-17T10-52-42.jpg",
        "leg": "leg05",
        "mark_index": 9,
        "along_track_m": 9.0,
        "achieved_heading": 80.40285863038625,
        "target_bearing": 76.04514356320271,
        "fix_type": 6,
        "hacc_m": 0.014,
        "corrupt": false,
        "position_interpolated": true,
        "captured_at_utc": "2026-06-17T16:52:41.909642+00:00"
      },
      "geometry": {
        "type": "Point",
        "coordinates": [
          -114.01659038014397,
          46.697175690752616
        ]
      }
    },
    {
      "type": "Feature",
      "properties": {
        "file": "leg05_m010_b076_2026-06-17T10-52-42.jpg",
        "leg": "leg05",
        "mark_index": 10,
        "along_track_m": 10.0,
        "achieved_heading": 78.30617542361398,
        "target_bearing": 76.04514356320271,
        "fix_type": 6,
        "hacc_m": 0.014,
        "corrupt": false,
        "position_interpolated": true,
        "captured_at_utc": "2026-06-17T16:52:42.889977+00:00"
      },
      "geometry": {
        "type": "Point",
        "coordinates": [
          -114.01657853446524,
          46.69717706959407
        ]
      }
    },
    {
      "type": "Feature",
      "properties": {
        "file": "leg05_m011_b076_2026-06-17T10-52-44.jpg",
        "leg": "leg05",
        "mark_index": 11,
        "along_track_m": 11.0,
        "achieved_heading": 74.87655140318354,
        "target_bearing": 76.04514356320271,
        "fix_type": 6,
        "hacc_m": 0.014,
        "corrupt": false,
        "position_interpolated": true,
        "captured_at_utc": "2026-06-17T16:52:44.007766+00:00"
      },
      "geometry": {
        "type": "Point",
        "coordinates": [
          -114.01656639999999,
          46.6971791
        ]
      }
    },
    {
      "type": "Feature",
      "properties": {
        "file": "leg05_m012_b076_2026-06-17T10-52-44.jpg",
        "leg": "leg05",
        "mark_index": 12,
        "along_track_m": 12.0,
        "achieved_heading": 75.21980435785494,
        "target_bearing": 76.04514356320271,
        "fix_type": 6,
        "hacc_m": 0.014,
        "corrupt": false,
        "position_interpolated": true,
        "captured_at_utc": "2026-06-17T16:52:44.988506+00:00"
      },
      "geometry": {
        "type": "Point",
        "coordinates": [
          -114.01655439999999,
          46.6971815
        ]
      }
    },
    {
      "type": "Feature",
      "properties": {
        "file": "leg05_m013_b076_2026-06-17T10-52-46.jpg",
        "leg": "leg05",
        "mark_index": 13,
        "along_track_m": 13.0,
        "achieved_heading": 77.37294844559366,
        "target_bearing": 76.04514356320271,
        "fix_type": 6,
        "hacc_m": 0.014,
        "corrupt": false,
        "position_interpolated": true,
        "captured_at_utc": "2026-06-17T16:52:46.176550+00:00"
      },
      "geometry": {
        "type": "Point",
        "coordinates": [
          -114.0165409,
          46.6971841
        ]
      }
    },
    {
      "type": "Feature",
      "properties": {
        "file": "leg05_m014_b076_2026-06-17T10-52-47.jpg",
        "leg": "leg05",
        "mark_index": 14,
        "along_track_m": 14.0,
        "achieved_heading": 77.70977400447241,
        "target_bearing": 76.04514356320271,
        "fix_type": 6,
        "hacc_m": 0.014,
        "corrupt": false,
        "position_interpolated": true,
        "captured_at_utc": "2026-06-17T16:52:47.307378+00:00"
      },
      "geometry": {
        "type": "Point",
        "coordinates": [
          -114.0165270631589,
          46.69718616862328
        ]
      }
    },
    {
      "type": "Feature",
      "properties": {
        "file": "leg05_m015_b076_2026-06-17T10-52-48.jpg",
        "leg": "leg05",
        "mark_index": 15,
        "along_track_m": 15.0,
        "achieved_heading": 76.52980188514209,
        "target_bearing": 76.04514356320271,
        "fix_type": 6,
        "hacc_m": 0.014,
        "corrupt": false,
        "position_interpolated": true,
        "captured_at_utc": "2026-06-17T16:52:48.346321+00:00"
      },
      "geometry": {
        "type": "Point",
        "coordinates": [
          -114.01651539999999,
          46.697187899999996
        ]
      }
    },
    {
      "type": "Feature",
      "properties": {
        "file": "leg05_m016_b076_2026-06-17T10-52-49.jpg",
        "leg": "leg05",
        "mark_index": 16,
        "along_track_m": 16.0,
        "achieved_heading": 75.63411373289401,
        "target_bearing": 76.04514356320271,
        "fix_type": 6,
        "hacc_m": 0.014,
        "corrupt": false,
        "position_interpolated": true,
        "captured_at_utc": "2026-06-17T16:52:49.466048+00:00"
      },
      "geometry": {
        "type": "Point",
        "coordinates": [
          -114.01650216332632,
          46.697190292699744
        ]
      }
    },
    {
      "type": "Feature",
      "properties": {
        "file": "leg05_m017_b076_2026-06-17T10-52-50.jpg",
        "leg": "leg05",
        "mark_index": 17,
        "along_track_m": 17.0,
        "achieved_heading": 75.58381671471686,
        "target_bearing": 76.04514356320271,
        "fix_type": 6,
        "hacc_m": 0.014,
        "corrupt": false,
        "position_interpolated": true,
        "captured_at_utc": "2026-06-17T16:52:50.525877+00:00"
      },
      "geometry": {
        "type": "Point",
        "coordinates": [
          -114.01649012378093,
          46.69719248514629
        ]
      }
    },
    {
      "type": "Feature",
      "properties": {
        "file": "leg05_m018_b076_2026-06-17T10-52-51.jpg",
        "leg": "leg05",
        "mark_index": 18,
        "along_track_m": 18.0,
        "achieved_heading": 77.39948443535914,
        "target_bearing": 76.04514356320271,
        "fix_type": 6,
        "hacc_m": 0.014,
        "corrupt": false,
        "position_interpolated": true,
        "captured_at_utc": "2026-06-17T16:52:51.644535+00:00"
      },
      "geometry": {
        "type": "Point",
        "coordinates": [
          -114.01647705216878,
          46.69719479773975
        ]
      }
    },
    {
      "type": "Feature",
      "properties": {
        "file": "leg05_m019_b076_2026-06-17T10-52-52.jpg",
        "leg": "leg05",
        "mark_index": 19,
        "along_track_m": 19.0,
        "achieved_heading": 77.03934545847316,
        "target_bearing": 76.04514356320271,
        "fix_type": 6,
        "hacc_m": 0.014,
        "corrupt": false,
        "position_interpolated": true,
        "captured_at_utc": "2026-06-17T16:52:52.688622+00:00"
      },
      "geometry": {
        "type": "Point",
        "coordinates": [
          -114.01646483172824,
          46.69719694112796
        ]
      }
    },
    {
      "type": "Feature",
      "properties": {
        "file": "leg05_m020_b076_2026-06-17T10-52-53.jpg",
        "leg": "leg05",
        "mark_index": 20,
        "along_track_m": 20.0,
        "achieved_heading": 76.70790709996905,
        "target_bearing": 76.04514356320271,
        "fix_type": 6,
        "hacc_m": 0.014,
        "corrupt": false,
        "position_interpolated": true,
        "captured_at_utc": "2026-06-17T16:52:53.877718+00:00"
      },
      "geometry": {
        "type": "Point",
        "coordinates": [
          -114.01645103998818,
          46.69719913769367
        ]
      }
    },
    {
      "type": "Feature",
      "properties": {
        "file": "leg05_m021_b076_2026-06-17T10-52-55.jpg",
        "leg": "leg05",
        "mark_index": 21,
        "along_track_m": 21.0,
        "achieved_heading": 74.3914828247207,
        "target_bearing": 76.04514356320271,
        "fix_type": 6,
        "hacc_m": 0.014,
        "corrupt": false,
        "position_interpolated": true,
        "captured_at_utc": "2026-06-17T16:52:54.934294+00:00"
      },
      "geometry": {
        "type": "Point",
        "coordinates": [
          -114.0164391,
          46.6972014
        ]
      }
    },
    {
      "type": "Feature",
      "properties": {
        "file": "leg05_m022_b076_2026-06-17T10-52-56.jpg",
        "leg": "leg05",
        "mark_index": 22,
        "along_track_m": 22.0,
        "achieved_heading": 74.56700464872347,
        "target_bearing": 76.04514356320271,
        "fix_type": 6,
        "hacc_m": 0.014,
        "corrupt": false,
        "position_interpolated": true,
        "captured_at_utc": "2026-06-17T16:52:55.980900+00:00"
      },
      "geometry": {
        "type": "Point",
        "coordinates": [
          -114.016426775077,
          46.69720348927471
        ]
      }
    },
    {
      "type": "Feature",
      "properties": {
        "file": "leg05_m023_b076_2026-06-17T10-52-57.jpg",
        "leg": "leg05",
        "mark_index": 23,
        "along_track_m": 23.0,
        "achieved_heading": 74.88985045616597,
        "target_bearing": 76.04514356320271,
        "fix_type": 6,
        "hacc_m": 0.014,
        "corrupt": false,
        "position_interpolated": true,
        "captured_at_utc": "2026-06-17T16:52:57.106465+00:00"
      },
      "geometry": {
        "type": "Point",
        "coordinates": [
          -114.01641332585517,
          46.697205945794764
        ]
      }
    },
    {
      "type": "Feature",
      "properties": {
        "file": "leg05_m024_b076_2026-06-17T10-52-58.jpg",
        "leg": "leg05",
        "mark_index": 24,
        "along_track_m": 24.0,
        "achieved_heading": 76.5234535501555,
        "target_bearing": 76.04514356320271,
        "fix_type": 6,
        "hacc_m": 0.014,
        "corrupt": false,
        "position_interpolated": true,
        "captured_at_utc": "2026-06-17T16:52:58.151767+00:00"
      },
      "geometry": {
        "type": "Point",
        "coordinates": [
          -114.0164015,
          46.697207899999995
        ]
      }
    },
    {
      "type": "Feature",
      "properties": {
        "file": "leg05_m025_b076_2026-06-17T10-52-59.jpg",
        "leg": "leg05",
        "mark_index": 25,
        "along_track_m": 25.0,
        "achieved_heading": 75.83099195099601,
        "target_bearing": 76.04514356320271,
        "fix_type": 6,
        "hacc_m": 0.014,
        "corrupt": false,
        "position_interpolated": true,
        "captured_at_utc": "2026-06-17T16:52:59.275050+00:00"
      },
      "geometry": {
        "type": "Point",
        "coordinates": [
          -114.01638759437351,
          46.697210281125294
        ]
      }
    },
    {
      "type": "Feature",
      "properties": {
        "file": "leg05_m026_b076_2026-06-17T10-53-00.jpg",
        "leg": "leg05",
        "mark_index": 26,
        "along_track_m": 26.0,
        "achieved_heading": 76.68474230674617,
        "target_bearing": 76.04514356320271,
        "fix_type": 6,
        "hacc_m": 0.014,
        "corrupt": false,
        "position_interpolated": true,
        "captured_at_utc": "2026-06-17T16:53:00.392024+00:00"
      },
      "geometry": {
        "type": "Point",
        "coordinates": [
          -114.01637559999999,
          46.6972123
        ]
      }
    },
    {
      "type": "Feature",
      "properties": {
        "file": "leg05_m027_b076_2026-06-17T10-53-01.jpg",
        "leg": "leg05",
        "mark_index": 27,
        "along_track_m": 27.0,
        "achieved_heading": 76.30121186188526,
        "target_bearing": 76.04514356320271,
        "fix_type": 6,
        "hacc_m": 0.014,
        "corrupt": false,
        "position_interpolated": true,
        "captured_at_utc": "2026-06-17T16:53:01.441840+00:00"
      },
      "geometry": {
        "type": "Point",
        "coordinates": [
          -114.01636339999999,
          46.6972143
        ]
      }
    },
    {
      "type": "Feature",
      "properties": {
        "file": "leg05_m028_b076_2026-06-17T10-53-02.jpg",
        "leg": "leg05",
        "mark_index": 28,
        "along_track_m": 28.0,
        "achieved_heading": 76.01086822509383,
        "target_bearing": 76.04514356320271,
        "fix_type": 6,
        "hacc_m": 0.014,
        "corrupt": false,
        "position_interpolated": true,
        "captured_at_utc": "2026-06-17T16:53:02.498592+00:00"
      },
      "geometry": {
        "type": "Point",
        "coordinates": [
          -114.01634978482042,
          46.69721681982908
        ]
      }
    },
    {
      "type": "Feature",
      "properties": {
        "file": "leg05_m029_b076_2026-06-17T10-53-03.jpg",
        "leg": "leg05",
        "mark_index": 29,
        "along_track_m": 29.0,
        "achieved_heading": 76.28087602749616,
        "target_bearing": 76.04514356320271,
        "fix_type": 6,
        "hacc_m": 0.014,
        "corrupt": false,
        "position_interpolated": true,
        "captured_at_utc": "2026-06-17T16:53:03.617642+00:00"
      },
      "geometry": {
        "type": "Point",
        "coordinates": [
          -114.01633799999999,
          46.697219
        ]
      }
    },
    {
      "type": "Feature",
      "properties": {
        "file": "leg05_m030_b076_2026-06-17T10-53-04.jpg",
        "leg": "leg05",
        "mark_index": 30,
        "along_track_m": 30.0,
        "achieved_heading": 75.59396860690624,
        "target_bearing": 76.04514356320271,
        "fix_type": 6,
        "hacc_m": 0.014,
        "corrupt": false,
        "position_interpolated": true,
        "captured_at_utc": "2026-06-17T16:53:04.593665+00:00"
      },
      "geometry": {
        "type": "Point",
        "coordinates": [
          -114.01632525112339,
          46.697221130239406
        ]
      }
    },
    {
      "type": "Feature",
      "properties": {
        "file": "leg05_m031_b076_2026-06-17T10-53-05.jpg",
        "leg": "leg05",
        "mark_index": 31,
        "along_track_m": 31.0,
        "achieved_heading": 77.22919372302738,
        "target_bearing": 76.04514356320271,
        "fix_type": 6,
        "hacc_m": 0.014,
        "corrupt": false,
        "position_interpolated": true,
        "captured_at_utc": "2026-06-17T16:53:05.714468+00:00"
      },
      "geometry": {
        "type": "Point",
        "coordinates": [
          -114.01631213350318,
          46.69722339463949
        ]
      }
    },
    {
      "type": "Feature",
      "properties": {
        "file": "leg05_m032_b076_2026-06-17T10-53-06.jpg",
        "leg": "leg05",
        "mark_index": 32,
        "along_track_m": 32.0,
        "achieved_heading": 76.54415763348706,
        "target_bearing": 76.04514356320271,
        "fix_type": 6,
        "hacc_m": 0.014,
        "corrupt": false,
        "position_interpolated": true,
        "captured_at_utc": "2026-06-17T16:53:06.839073+00:00"
      },
      "geometry": {
        "type": "Point",
        "coordinates": [
          -114.01629922472492,
          46.69722562386192
        ]
      }
    },
    {
      "type": "Feature",
      "properties": {
        "file": "leg05_m033_b076_2026-06-17T10-53-08.jpg",
        "leg": "leg05",
        "mark_index": 33,
        "along_track_m": 33.0,
        "achieved_heading": 77.3769196768739,
        "target_bearing": 76.04514356320271,
        "fix_type": 6,
        "hacc_m": 0.014,
        "corrupt": false,
        "position_interpolated": true,
        "captured_at_utc": "2026-06-17T16:53:07.953416+00:00"
      },
      "geometry": {
        "type": "Point",
        "coordinates": [
          -114.016286,
          46.697227899999994
        ]
      }
    },
    {
      "type": "Feature",
      "properties": {
        "file": "leg05_m034_b076_2026-06-17T10-53-09.jpg",
        "leg": "leg05",
        "mark_index": 34,
        "along_track_m": 34.0,
        "achieved_heading": 76.59620625406036,
        "target_bearing": 76.04514356320271,
        "fix_type": 6,
        "hacc_m": 0.014,
        "corrupt": false,
        "position_interpolated": true,
        "captured_at_utc": "2026-06-17T16:53:09.080640+00:00"
      },
      "geometry": {
        "type": "Point",
        "coordinates": [
          -114.01627265501712,
          46.69722991461275
        ]
      }
    },
    {
      "type": "Feature",
      "properties": {
        "file": "leg05_m035_b076_2026-06-17T10-53-10.jpg",
        "leg": "leg05",
        "mark_index": 35,
        "along_track_m": 35.0,
        "achieved_heading": 76.4307222169877,
        "target_bearing": 76.04514356320271,
        "fix_type": 6,
        "hacc_m": 0.014,
        "corrupt": false,
        "position_interpolated": true,
        "captured_at_utc": "2026-06-17T16:53:10.065908+00:00"
      },
      "geometry": {
        "type": "Point",
        "coordinates": [
          -114.01626086258098,
          46.69723160964804
        ]
      }
    },
    {
      "type": "Feature",
      "properties": {
        "file": "leg05_m036_b076_2026-06-17T10-53-11.jpg",
        "leg": "leg05",
        "mark_index": 36,
        "along_track_m": 36.0,
        "achieved_heading": 74.82003379324436,
        "target_bearing": 76.04514356320271,
        "fix_type": 6,
        "hacc_m": 0.014,
        "corrupt": false,
        "position_interpolated": true,
        "captured_at_utc": "2026-06-17T16:53:11.123792+00:00"
      },
      "geometry": {
        "type": "Point",
        "coordinates": [
          -114.01624824174709,
          46.69723369332046
        ]
      }
    },
    {
      "type": "Feature",
      "properties": {
        "file": "leg05_m037_b076_2026-06-17T10-53-12.jpg",
        "leg": "leg05",
        "mark_index": 37,
        "along_track_m": 37.0,
        "achieved_heading": 75.06129644702693,
        "target_bearing": 76.04514356320271,
        "fix_type": 6,
        "hacc_m": 0.014,
        "corrupt": false,
        "position_interpolated": true,
        "captured_at_utc": "2026-06-17T16:53:12.224200+00:00"
      },
      "geometry": {
        "type": "Point",
        "coordinates": [
          -114.01623549140125,
          46.697236440142554
        ]
      }
    },
    {
      "type": "Feature",
      "properties": {
        "file": "leg05_m038_b076_2026-06-17T10-53-13.jpg",
        "leg": "leg05",
        "mark_index": 38,
        "along_track_m": 38.0,
        "achieved_heading": 77.70121897948957,
        "target_bearing": 76.04514356320271,
        "fix_type": 6,
        "hacc_m": 0.014,
        "corrupt": false,
        "position_interpolated": true,
        "captured_at_utc": "2026-06-17T16:53:13.350619+00:00"
      },
      "geometry": {
        "type": "Point",
        "coordinates": [
          -114.01622259999999,
          46.6972388
        ]
      }
    },
    {
      "type": "Feature",
      "properties": {
        "file": "leg05_m039_b076_2026-06-17T10-53-14.jpg",
        "leg": "leg05",
        "mark_index": 39,
        "along_track_m": 39.0,
        "achieved_heading": 77.2656843391302,
        "target_bearing": 76.04514356320271,
        "fix_type": 6,
        "hacc_m": 0.014,
        "corrupt": false,
        "position_interpolated": true,
        "captured_at_utc": "2026-06-17T16:53:14.329760+00:00"
      },
      "geometry": {
        "type": "Point",
        "coordinates": [
          -114.0162108,
          46.697240699999995
        ]
      }
    },
    {
      "type": "Feature",
      "properties": {
        "file": "leg05_m040_b076_2026-06-17T10-53-15.jpg",
        "leg": "leg05",
        "mark_index": 40,
        "along_track_m": 40.0,
        "achieved_heading": 74.32630730902642,
        "target_bearing": 76.04514356320271,
        "fix_type": 6,
        "hacc_m": 0.014,
        "corrupt": false,
        "position_interpolated": true,
        "captured_at_utc": "2026-06-17T16:53:15.123469+00:00"
      },
      "geometry": {
        "type": "Point",
        "coordinates": [
          -114.01620122356873,
          46.69724199663303
        ]
      }
    },
    {
      "type": "Feature",
      "properties": {
        "file": "leg05_m041_b076_2026-06-17T10-53-16.jpg",
        "leg": "leg05",
        "mark_index": 41,
        "along_track_m": 41.0,
        "achieved_heading": 73.10037967014017,
        "target_bearing": 76.04514356320271,
        "fix_type": 6,
        "hacc_m": 0.014,
        "corrupt": false,
        "position_interpolated": true,
        "captured_at_utc": "2026-06-17T16:53:16.573997+00:00"
      },
      "geometry": {
        "type": "Point",
        "coordinates": [
          -114.01618533413733,
          46.697245067903516
        ]
      }
    },
    {
      "type": "Feature",
      "properties": {
        "file": "leg05_m042_b076_2026-06-17T10-53-17.jpg",
        "leg": "leg05",
        "mark_index": 42,
        "along_track_m": 42.0,
        "achieved_heading": 75.38549915009654,
        "target_bearing": 76.04514356320271,
        "fix_type": 6,
        "hacc_m": 0.014,
        "corrupt": false,
        "position_interpolated": true,
        "captured_at_utc": "2026-06-17T16:53:17.699826+00:00"
      },
      "geometry": {
        "type": "Point",
        "coordinates": [
          -114.01617224006411,
          46.69724746868729
        ]
      }
    },
    {
      "type": "Feature",
      "properties": {
        "file": "leg05_m043_b076_2026-06-17T10-53-18.jpg",
        "leg": "leg05",
        "mark_index": 43,
        "along_track_m": 43.0,
        "achieved_heading": 76.6296406147169,
        "target_bearing": 76.04514356320271,
        "fix_type": 6,
        "hacc_m": 0.014,
        "corrupt": false,
        "position_interpolated": true,
        "captured_at_utc": "2026-06-17T16:53:18.823254+00:00"
      },
      "geometry": {
        "type": "Point",
        "coordinates": [
          -114.01615893946263,
          46.6972496616418
        ]
      }
    },
    {
      "type": "Feature",
      "properties": {
        "file": "leg05_m044_b076_2026-06-17T10-53-19.jpg",
        "leg": "leg05",
        "mark_index": 44,
        "along_track_m": 44.0,
        "achieved_heading": 76.7562490035013,
        "target_bearing": 76.04514356320271,
        "fix_type": 6,
        "hacc_m": 0.014,
        "corrupt": false,
        "position_interpolated": true,
        "captured_at_utc": "2026-06-17T16:53:19.856199+00:00"
      },
      "geometry": {
        "type": "Point",
        "coordinates": [
          -114.0161468205147,
          46.69725167589706
        ]
      }
    },
    {
      "type": "Feature",
      "properties": {
        "file": "leg05_m045_b076_2026-06-17T10-53-20.jpg",
        "leg": "leg05",
        "mark_index": 45,
        "along_track_m": 45.0,
        "achieved_heading": 76.17285749459292,
        "target_bearing": 76.04514356320271,
        "fix_type": 6,
        "hacc_m": 0.014,
        "corrupt": false,
        "position_interpolated": true,
        "captured_at_utc": "2026-06-17T16:53:20.979855+00:00"
      },
      "geometry": {
        "type": "Point",
        "coordinates": [
          -114.01613449999999,
          46.697253499999995
        ]
      }
    },
    {
      "type": "Feature",
      "properties": {
        "file": "leg05_m046_b076_2026-06-17T10-53-22.jpg",
        "leg": "leg05",
        "mark_index": 46,
        "along_track_m": 46.0,
        "achieved_heading": 74.67712397851366,
        "target_bearing": 76.04514356320271,
        "fix_type": 6,
        "hacc_m": 0.014,
        "corrupt": false,
        "position_interpolated": true,
        "captured_at_utc": "2026-06-17T16:53:22.101584+00:00"
      },
      "geometry": {
        "type": "Point",
        "coordinates": [
          -114.01612124269555,
          46.69725585587353
        ]
      }
    },
    {
      "type": "Feature",
      "properties": {
        "file": "leg05_m047_b076_2026-06-17T10-53-23.jpg",
        "leg": "leg05",
        "mark_index": 47,
        "along_track_m": 47.0,
        "achieved_heading": 76.39621382969014,
        "target_bearing": 76.04514356320271,
        "fix_type": 6,
        "hacc_m": 0.014,
        "corrupt": false,
        "position_interpolated": true,
        "captured_at_utc": "2026-06-17T16:53:23.223244+00:00"
      },
      "geometry": {
        "type": "Point",
        "coordinates": [
          -114.01610829368612,
          46.69725813959854
        ]
      }
    },
    {
      "type": "Feature",
      "properties": {
        "file": "leg05_m048_b076_2026-06-17T10-53-24.jpg",
        "leg": "leg05",
        "mark_index": 48,
        "along_track_m": 48.0,
        "achieved_heading": 76.7118342780598,
        "target_bearing": 76.04514356320271,
        "fix_type": 6,
        "hacc_m": 0.014,
        "corrupt": false,
        "position_interpolated": true,
        "captured_at_utc": "2026-06-17T16:53:24.418498+00:00"
      },
      "geometry": {
        "type": "Point",
        "coordinates": [
          -114.0160961,
          46.6972601
        ]
      }
    },
    {
      "type": "Feature",
      "properties": {
        "file": "leg05_m049_b076_2026-06-17T10-53-25.jpg",
        "leg": "leg05",
        "mark_index": 49,
        "along_track_m": 49.0,
        "achieved_heading": 75.23690674918421,
        "target_bearing": 76.04514356320271,
        "fix_type": 6,
        "hacc_m": 0.014,
        "corrupt": false,
        "position_interpolated": true,
        "captured_at_utc": "2026-06-17T16:53:25.464784+00:00"
      },
      "geometry": {
        "type": "Point",
        "coordinates": [
          -114.01608306645309,
          46.69726228409511
        ]
      }
    },
    {
      "type": "Feature",
      "properties": {
        "file": "leg05_m050_b076_2026-06-17T10-53-26.jpg",
        "leg": "leg05",
        "mark_index": 50,
        "along_track_m": 50.0,
        "achieved_heading": 76.30173476249239,
        "target_bearing": 76.04514356320271,
        "fix_type": 6,
        "hacc_m": 0.014,
        "corrupt": false,
        "position_interpolated": true,
        "captured_at_utc": "2026-06-17T16:53:26.651954+00:00"
      },
      "geometry": {
        "type": "Point",
        "coordinates": [
          -114.01606960863798,
          46.697264765227004
        ]
      }
    },
    {
      "type": "Feature",
      "properties": {
        "file": "leg05_m051_b076_2026-06-17T10-53-27.jpg",
        "leg": "leg05",
        "mark_index": 51,
        "along_track_m": 51.0,
        "achieved_heading": 76.83679778196547,
        "target_bearing": 76.04514356320271,
        "fix_type": 6,
        "hacc_m": 0.014,
        "corrupt": false,
        "position_interpolated": true,
        "captured_at_utc": "2026-06-17T16:53:27.770601+00:00"
      },
      "geometry": {
        "type": "Point",
        "coordinates": [
          -114.01605719999999,
          46.6972667
        ]
      }
    },
    {
      "type": "Feature",
      "properties": {
        "file": "leg05_m052_b076_2026-06-17T10-53-28.jpg",
        "leg": "leg05",
        "mark_index": 52,
        "along_track_m": 52.0,
        "achieved_heading": 76.42958918135983,
        "target_bearing": 76.04514356320271,
        "fix_type": 6,
        "hacc_m": 0.014,
        "corrupt": false,
        "position_interpolated": true,
        "captured_at_utc": "2026-06-17T16:53:28.819778+00:00"
      },
      "geometry": {
        "type": "Point",
        "coordinates": [
          -114.0160452,
          46.697269
        ]
      }
    },
    {
      "type": "Feature",
      "properties": {
        "file": "leg05_m053_b076_2026-06-17T10-53-30.jpg",
        "leg": "leg05",
        "mark_index": 53,
        "along_track_m": 53.0,
        "achieved_heading": 78.42773703915971,
        "target_bearing": 76.04514356320271,
        "fix_type": 6,
        "hacc_m": 0.014,
        "corrupt": false,
        "position_interpolated": true,
        "captured_at_utc": "2026-06-17T16:53:29.942569+00:00"
      },
      "geometry": {
        "type": "Point",
        "coordinates": [
          -114.0160313,
          46.6972713
        ]
      }
    },
    {
      "type": "Feature",
      "properties": {
        "file": "leg05_m054_b076_2026-06-17T10-53-30.jpg",
        "leg": "leg05",
        "mark_index": 54,
        "along_track_m": 54.0,
        "achieved_heading": 76.37663211217018,
        "target_bearing": 76.04514356320271,
        "fix_type": 6,
        "hacc_m": 0.014,
        "corrupt": false,
        "position_interpolated": true,
        "captured_at_utc": "2026-06-17T16:53:30.929346+00:00"
      },
      "geometry": {
        "type": "Point",
        "coordinates": [
          -114.0160198,
          46.6972731
        ]
      }
    },
    {
      "type": "Feature",
      "properties": {
        "file": "leg05_m055_b076_2026-06-17T10-53-32.jpg",
        "leg": "leg05",
        "mark_index": 55,
        "along_track_m": 55.0,
        "achieved_heading": 76.0424512861712,
        "target_bearing": 76.04514356320271,
        "fix_type": 6,
        "hacc_m": 0.014,
        "corrupt": false,
        "position_interpolated": true,
        "captured_at_utc": "2026-06-17T16:53:32.184834+00:00"
      },
      "geometry": {
        "type": "Point",
        "coordinates": [
          -114.01600579999999,
          46.697275399999995
        ]
      }
    },
    {
      "type": "Feature",
      "properties": {
        "file": "leg05_m056_b076_2026-06-17T10-53-33.jpg",
        "leg": "leg05",
        "mark_index": 56,
        "along_track_m": 56.0,
        "achieved_heading": 75.04598266554865,
        "target_bearing": 76.04514356320271,
        "fix_type": 6,
        "hacc_m": 0.014,
        "corrupt": false,
        "position_interpolated": true,
        "captured_at_utc": "2026-06-17T16:53:33.231084+00:00"
      },
      "geometry": {
        "type": "Point",
        "coordinates": [
          -114.01599399999999,
          46.6972774
        ]
      }
    },
    {
      "type": "Feature",
      "properties": {
        "file": "leg05_m057_b076_2026-06-17T10-53-34.jpg",
        "leg": "leg05",
        "mark_index": 57,
        "along_track_m": 57.0,
        "achieved_heading": 75.06411426058821,
        "target_bearing": 76.04514356320271,
        "fix_type": 6,
        "hacc_m": 0.014,
        "corrupt": false,
        "position_interpolated": true,
        "captured_at_utc": "2026-06-17T16:53:34.283767+00:00"
      },
      "geometry": {
        "type": "Point",
        "coordinates": [
          -114.0159804597619,
          46.697279724260646
        ]
      }
    },
    {
      "type": "Feature",
      "properties": {
        "file": "leg05_m058_b076_2026-06-17T10-53-35.jpg",
        "leg": "leg05",
        "mark_index": 58,
        "along_track_m": 58.0,
        "achieved_heading": 75.99492212820762,
        "target_bearing": 76.04514356320271,
        "fix_type": 6,
        "hacc_m": 0.014,
        "corrupt": false,
        "position_interpolated": true,
        "captured_at_utc": "2026-06-17T16:53:35.334681+00:00"
      },
      "geometry": {
        "type": "Point",
        "coordinates": [
          -114.015968,
          46.6972818
        ]
      }
    },
    {
      "type": "Feature",
      "properties": {
        "file": "leg05_m059_b076_2026-06-17T10-53-36.jpg",
        "leg": "leg05",
        "mark_index": 59,
        "along_track_m": 59.0,
        "achieved_heading": 76.21898094023474,
        "target_bearing": 76.04514356320271,
        "fix_type": 6,
        "hacc_m": 0.014,
        "corrupt": false,
        "position_interpolated": true,
        "captured_at_utc": "2026-06-17T16:53:36.381485+00:00"
      },
      "geometry": {
        "type": "Point",
        "coordinates": [
          -114.01595619999999,
          46.6972837
        ]
      }
    },
    {
      "type": "Feature",
      "properties": {
        "file": "leg05_m060_b076_2026-06-17T10-53-37.jpg",
        "leg": "leg05",
        "mark_index": 60,
        "along_track_m": 60.0,
        "achieved_heading": 76.99602578670955,
        "target_bearing": 76.04514356320271,
        "fix_type": 6,
        "hacc_m": 0.014,
        "corrupt": false,
        "position_interpolated": true,
        "captured_at_utc": "2026-06-17T16:53:37.506614+00:00"
      },
      "geometry": {
        "type": "Point",
        "coordinates": [
          -114.01594237467225,
          46.69728617618106
        ]
      }
    },
    {
      "type": "Feature",
      "properties": {
        "file": "leg05_m061_b076_2026-06-17T10-53-38.jpg",
        "leg": "leg05",
        "mark_index": 61,
        "along_track_m": 61.0,
        "achieved_heading": 78.33652967239782,
        "target_bearing": 76.04514356320271,
        "fix_type": 5,
        "hacc_m": 0.014,
        "corrupt": false,
        "position_interpolated": true,
        "captured_at_utc": "2026-06-17T16:53:38.548211+00:00"
      },
      "geometry": {
        "type": "Point",
        "coordinates": [
          -114.0159305,
          46.6972879
        ]
      }
    },
    {
      "type": "Feature",
      "properties": {
        "file": "leg05_m062_b076_2026-06-17T10-53-39.jpg",
        "leg": "leg05",
        "mark_index": 62,
        "along_track_m": 62.0,
        "achieved_heading": 77.92486086686725,
        "target_bearing": 76.04514356320271,
        "fix_type": 6,
        "hacc_m": 0.014,
        "corrupt": false,
        "position_interpolated": true,
        "captured_at_utc": "2026-06-17T16:53:39.682783+00:00"
      },
      "geometry": {
        "type": "Point",
        "coordinates": [
          -114.01591694201203,
          46.69728994474849
        ]
      }
    },
    {
      "type": "Feature",
      "properties": {
        "file": "leg06_m001_b346_2026-06-17T10-53-50.jpg",
        "leg": "leg06",
        "mark_index": 1,
        "along_track_m": 1.0,
        "achieved_heading": 344.6466289815188,
        "target_bearing": 346.1303708780512,
        "fix_type": 6,
        "hacc_m": 0.014,
        "corrupt": false,
        "position_interpolated": true,
        "captured_at_utc": "2026-06-17T16:53:50.957574+00:00"
      },
      "geometry": {
        "type": "Point",
        "coordinates": [
          -114.0159156,
          46.6972999
        ]
      }
    },
    {
      "type": "Feature",
      "properties": {
        "file": "leg06_m002_b346_2026-06-17T10-53-52.jpg",
        "leg": "leg06",
        "mark_index": 2,
        "along_track_m": 2.0,
        "achieved_heading": 342.40842665061973,
        "target_bearing": 346.1303708780512,
        "fix_type": 6,
        "hacc_m": 0.014,
        "corrupt": false,
        "position_interpolated": true,
        "captured_at_utc": "2026-06-17T16:53:52.008973+00:00"
      },
      "geometry": {
        "type": "Point",
        "coordinates": [
          -114.015919,
          46.6973081
        ]
      }
    },
    {
      "type": "Feature",
      "properties": {
        "file": "leg06_m003_b346_2026-06-17T10-53-53.jpg",
        "leg": "leg06",
        "mark_index": 3,
        "along_track_m": 3.0,
        "achieved_heading": 340.83479806629293,
        "target_bearing": 346.1303708780512,
        "fix_type": 6,
        "hacc_m": 0.014,
        "corrupt": false,
        "position_interpolated": true,
        "captured_at_utc": "2026-06-17T16:53:53.061986+00:00"
      },
      "geometry": {
        "type": "Point",
        "coordinates": [
          -114.01592320172911,
          46.69731760345823
        ]
      }
    },
    {
      "type": "Feature",
      "properties": {
        "file": "leg06_m004_b346_2026-06-17T10-53-54.jpg",
        "leg": "leg06",
        "mark_index": 4,
        "along_track_m": 4.0,
        "achieved_heading": 342.1426438625714,
        "target_bearing": 346.1303708780512,
        "fix_type": 6,
        "hacc_m": 0.014,
        "corrupt": false,
        "position_interpolated": true,
        "captured_at_utc": "2026-06-17T16:53:54.172604+00:00"
      },
      "geometry": {
        "type": "Point",
        "coordinates": [
          -114.0159274,
          46.697326
        ]
      }
    },
    {
      "type": "Feature",
      "properties": {
        "file": "leg06_m005_b346_2026-06-17T10-53-55.jpg",
        "leg": "leg06",
        "mark_index": 5,
        "along_track_m": 4.869,
        "achieved_heading": 350.11641720871114,
        "target_bearing": 346.1303708780512,
        "fix_type": 6,
        "hacc_m": 0.014,
        "corrupt": false,
        "position_interpolated": true,
        "captured_at_utc": "2026-06-17T16:53:55.013810+00:00"
      },
      "geometry": {
        "type": "Point",
        "coordinates": [
          -114.0159303,
          46.697332599999996
        ]
      }
    },
    {
      "type": "Feature",
      "properties": {
        "file": "leg07_m000_b256_2026-06-17T10-53-59.jpg",
        "leg": "leg07",
        "mark_index": 0,
        "along_track_m": 0.0,
        "achieved_heading": 254.03849964193168,
        "target_bearing": 256.04570982985075,
        "fix_type": 6,
        "hacc_m": 0.014,
        "corrupt": false,
        "position_interpolated": true,
        "captured_at_utc": "2026-06-17T16:53:59.349661+00:00"
      },
      "geometry": {
        "type": "Point",
        "coordinates": [
          -114.0159314,
          46.697336
        ]
      }
    },
    {
      "type": "Feature",
      "properties": {
        "file": "leg07_m001_b256_2026-06-17T10-54-00.jpg",
        "leg": "leg07",
        "mark_index": 1,
        "along_track_m": 1.0,
        "achieved_heading": 251.36295862600926,
        "target_bearing": 256.04570982985075,
        "fix_type": 6,
        "hacc_m": 0.014,
        "corrupt": false,
        "position_interpolated": true,
        "captured_at_utc": "2026-06-17T16:54:00.758521+00:00"
      },
      "geometry": {
        "type": "Point",
        "coordinates": [
          -114.015943,
          46.697334
        ]
      }
    },
    {
      "type": "Feature",
      "properties": {
        "file": "leg07_m002_b256_2026-06-17T10-54-02.jpg",
        "leg": "leg07",
        "mark_index": 2,
        "along_track_m": 2.0,
        "achieved_heading": 247.5229954830425,
        "target_bearing": 256.04570982985075,
        "fix_type": 6,
        "hacc_m": 0.014,
        "corrupt": false,
        "position_interpolated": true,
        "captured_at_utc": "2026-06-17T16:54:01.890680+00:00"
      },
      "geometry": {
        "type": "Point",
        "coordinates": [
          -114.01595691284338,
          46.69733080037393
        ]
      }
    },
    {
      "type": "Feature",
      "properties": {
        "file": "leg07_m003_b256_2026-06-17T10-54-02.jpg",
        "leg": "leg07",
        "mark_index": 3,
        "along_track_m": 3.0,
        "achieved_heading": 249.24742655904774,
        "target_bearing": 256.04570982985075,
        "fix_type": 6,
        "hacc_m": 0.014,
        "corrupt": false,
        "position_interpolated": true,
        "captured_at_utc": "2026-06-17T16:54:02.870018+00:00"
      },
      "geometry": {
        "type": "Point",
        "coordinates": [
          -114.01596887312813,
          46.69732798283762
        ]
      }
    },
    {
      "type": "Feature",
      "properties": {
        "file": "leg07_m004_b256_2026-06-17T10-54-03.jpg",
        "leg": "leg07",
        "mark_index": 4,
        "along_track_m": 4.0,
        "achieved_heading": 250.20662998373507,
        "target_bearing": 256.04570982985075,
        "fix_type": 6,
        "hacc_m": 0.014,
        "corrupt": false,
        "position_interpolated": true,
        "captured_at_utc": "2026-06-17T16:54:03.843216+00:00"
      },
      "geometry": {
        "type": "Point",
        "coordinates": [
          -114.01598105706509,
          46.69732533573373
        ]
      }
    },
    {
      "type": "Feature",
      "properties": {
        "file": "leg07_m005_b256_2026-06-17T10-54-05.jpg",
        "leg": "leg07",
        "mark_index": 5,
        "along_track_m": 5.0,
        "achieved_heading": 251.1959824289637,
        "target_bearing": 256.04570982985075,
        "fix_type": 6,
        "hacc_m": 0.014,
        "corrupt": false,
        "position_interpolated": true,
        "captured_at_utc": "2026-06-17T16:54:04.949785+00:00"
      },
      "geometry": {
        "type": "Point",
        "coordinates": [
          -114.0159942,
          46.6973226
        ]
      }
    },
    {
      "type": "Feature",
      "properties": {
        "file": "leg07_m006_b256_2026-06-17T10-54-05.jpg",
        "leg": "leg07",
        "mark_index": 6,
        "along_track_m": 6.0,
        "achieved_heading": 251.39285452760177,
        "target_bearing": 256.04570982985075,
        "fix_type": 6,
        "hacc_m": 0.014,
        "corrupt": false,
        "position_interpolated": true,
        "captured_at_utc": "2026-06-17T16:54:05.867190+00:00"
      },
      "geometry": {
        "type": "Point",
        "coordinates": [
          -114.01600590475492,
          46.69732023370098
        ]
      }
    },
    {
      "type": "Feature",
      "properties": {
        "file": "leg07_m007_b256_2026-06-17T10-54-07.jpg",
        "leg": "leg07",
        "mark_index": 7,
        "along_track_m": 7.0,
        "achieved_heading": 253.34750163692388,
        "target_bearing": 256.04570982985075,
        "fix_type": 6,
        "hacc_m": 0.014,
        "corrupt": false,
        "position_interpolated": true,
        "captured_at_utc": "2026-06-17T16:54:06.923713+00:00"
      },
      "geometry": {
        "type": "Point",
        "coordinates": [
          -114.016019,
          46.6973177
        ]
      }
    },
    {
      "type": "Feature",
      "properties": {
        "file": "leg07_m008_b256_2026-06-17T10-54-08.jpg",
        "leg": "leg07",
        "mark_index": 8,
        "along_track_m": 8.0,
        "achieved_heading": 253.90924709939506,
        "target_bearing": 256.04570982985075,
        "fix_type": 6,
        "hacc_m": 0.014,
        "corrupt": false,
        "position_interpolated": true,
        "captured_at_utc": "2026-06-17T16:54:07.829944+00:00"
      },
      "geometry": {
        "type": "Point",
        "coordinates": [
          -114.01603048202287,
          46.6973155873811
        ]
      }
    },
    {
      "type": "Feature",
      "properties": {
        "file": "leg07_m009_b256_2026-06-17T10-54-09.jpg",
        "leg": "leg07",
        "mark_index": 9,
        "along_track_m": 9.0,
        "achieved_heading": 253.9625467505581,
        "target_bearing": 256.04570982985075,
        "fix_type": 6,
        "hacc_m": 0.014,
        "corrupt": false,
        "position_interpolated": true,
        "captured_at_utc": "2026-06-17T16:54:08.692238+00:00"
      },
      "geometry": {
        "type": "Point",
        "coordinates": [
          -114.01604113149759,
          46.69731357086585
        ]
      }
    },
    {
      "type": "Feature",
      "properties": {
        "file": "leg07_m010_b256_2026-06-17T10-54-09.jpg",
        "leg": "leg07",
        "mark_index": 10,
        "along_track_m": 10.0,
        "achieved_heading": 253.78012464250844,
        "target_bearing": 256.04570982985075,
        "fix_type": 6,
        "hacc_m": 0.014,
        "corrupt": false,
        "position_interpolated": true,
        "captured_at_utc": "2026-06-17T16:54:09.729179+00:00"
      },
      "geometry": {
        "type": "Point",
        "coordinates": [
          -114.01605400401891,
          46.69731138699763
        ]
      }
    },
    {
      "type": "Feature",
      "properties": {
        "file": "leg07_m011_b256_2026-06-17T10-54-11.jpg",
        "leg": "leg07",
        "mark_index": 11,
        "along_track_m": 11.0,
        "achieved_heading": 252.23501403708033,
        "target_bearing": 256.04570982985075,
        "fix_type": 6,
        "hacc_m": 0.014,
        "corrupt": false,
        "position_interpolated": true,
        "captured_at_utc": "2026-06-17T16:54:10.843939+00:00"
      },
      "geometry": {
        "type": "Point",
        "coordinates": [
          -114.01606800458103,
          46.69730912385474
        ]
      }
    },
    {
      "type": "Feature",
      "properties": {
        "file": "leg07_m014_b256_2026-06-17T10-54-22.jpg",
        "leg": "leg07",
        "mark_index": 14,
        "along_track_m": 14.0,
        "achieved_heading": 253.15090923056016,
        "target_bearing": 256.04570982985075,
        "fix_type": 6,
        "hacc_m": 0.014,
        "corrupt": false,
        "position_interpolated": true,
        "captured_at_utc": "2026-06-17T16:54:22.043302+00:00"
      },
      "geometry": {
        "type": "Point",
        "coordinates": [
          -114.01610699999999,
          46.697301599999996
        ]
      }
    },
    {
      "type": "Feature",
      "properties": {
        "file": "leg07_m015_b256_2026-06-17T10-54-23.jpg",
        "leg": "leg07",
        "mark_index": 15,
        "along_track_m": 15.0,
        "achieved_heading": 256.8632388151359,
        "target_bearing": 256.04570982985075,
        "fix_type": 6,
        "hacc_m": 0.014,
        "corrupt": false,
        "position_interpolated": true,
        "captured_at_utc": "2026-06-17T16:54:23.253592+00:00"
      },
      "geometry": {
        "type": "Point",
        "coordinates": [
          -114.01611488234968,
          46.69730046813752
        ]
      }
    },
    {
      "type": "Feature",
      "properties": {
        "file": "leg07_m017_b256_2026-06-17T10-54-29.jpg",
        "leg": "leg07",
        "mark_index": 17,
        "along_track_m": 17.0,
        "achieved_heading": 251.7383717661205,
        "target_bearing": 256.04570982985075,
        "fix_type": 6,
        "hacc_m": 0.014,
        "corrupt": false,
        "position_interpolated": true,
        "captured_at_utc": "2026-06-17T16:54:28.907414+00:00"
      },
      "geometry": {
        "type": "Point",
        "coordinates": [
          -114.016148,
          46.6972953
        ]
      }
    },
    {
      "type": "Feature",
      "properties": {
        "file": "leg07_m018_b256_2026-06-17T10-54-31.jpg",
        "leg": "leg07",
        "mark_index": 18,
        "along_track_m": 18.0,
        "achieved_heading": 253.5491554474235,
        "target_bearing": 256.04570982985075,
        "fix_type": 6,
        "hacc_m": 0.014,
        "corrupt": false,
        "position_interpolated": true,
        "captured_at_utc": "2026-06-17T16:54:30.864685+00:00"
      },
      "geometry": {
        "type": "Point",
        "coordinates": [
          -114.01615653340026,
          46.69729332265595
        ]
      }
    },
    {
      "type": "Feature",
      "properties": {
        "file": "leg07_m019_b256_2026-06-17T10-54-32.jpg",
        "leg": "leg07",
        "mark_index": 19,
        "along_track_m": 19.0,
        "achieved_heading": 256.9050733614663,
        "target_bearing": 256.04570982985075,
        "fix_type": 6,
        "hacc_m": 0.014,
        "corrupt": false,
        "position_interpolated": true,
        "captured_at_utc": "2026-06-17T16:54:32.148561+00:00"
      },
      "geometry": {
        "type": "Point",
        "coordinates": [
          -114.0161718,
          46.6972908
        ]
      }
    },
    {
      "type": "Feature",
      "properties": {
        "file": "leg07_m021_b256_2026-06-17T10-54-38.jpg",
        "leg": "leg07",
        "mark_index": 21,
        "along_track_m": 21.0,
        "achieved_heading": 257.81871439052657,
        "target_bearing": 256.04570982985075,
        "fix_type": 6,
        "hacc_m": 0.014,
        "corrupt": false,
        "position_interpolated": true,
        "captured_at_utc": "2026-06-17T16:54:37.235644+00:00"
      },
      "geometry": {
        "type": "Point",
        "coordinates": [
          -114.01619989999999,
          46.6972862
        ]
      }
    },
    {
      "type": "Feature",
      "properties": {
        "file": "leg07_m022_b256_2026-06-17T10-54-39.jpg",
        "leg": "leg07",
        "mark_index": 22,
        "along_track_m": 22.0,
        "achieved_heading": 257.3947897528751,
        "target_bearing": 256.04570982985075,
        "fix_type": 6,
        "hacc_m": 0.014,
        "corrupt": false,
        "position_interpolated": true,
        "captured_at_utc": "2026-06-17T16:54:39.268850+00:00"
      },
      "geometry": {
        "type": "Point",
        "coordinates": [
          -114.01620954896124,
          46.69728458137984
        ]
      }
    },
    {
      "type": "Feature",
      "properties": {
        "file": "leg07_m023_b256_2026-06-17T10-54-40.jpg",
        "leg": "leg07",
        "mark_index": 23,
        "along_track_m": 23.0,
        "achieved_heading": 256.4976171571638,
        "target_bearing": 256.04570982985075,
        "fix_type": 6,
        "hacc_m": 0.014,
        "corrupt": false,
        "position_interpolated": true,
        "captured_at_utc": "2026-06-17T16:54:40.320445+00:00"
      },
      "geometry": {
        "type": "Point",
        "coordinates": [
          -114.0162227858419,
          46.69728270169897
        ]
      }
    },
    {
      "type": "Feature",
      "properties": {
        "file": "leg07_m024_b256_2026-06-17T10-54-41.jpg",
        "leg": "leg07",
        "mark_index": 24,
        "along_track_m": 24.0,
        "achieved_heading": 254.9961527419461,
        "target_bearing": 256.04570982985075,
        "fix_type": 6,
        "hacc_m": 0.014,
        "corrupt": false,
        "position_interpolated": true,
        "captured_at_utc": "2026-06-17T16:54:41.367581+00:00"
      },
      "geometry": {
        "type": "Point",
        "coordinates": [
          -114.01623509999999,
          46.6972807
        ]
      }
    },
    {
      "type": "Feature",
      "properties": {
        "file": "leg07_m025_b256_2026-06-17T10-54-42.jpg",
        "leg": "leg07",
        "mark_index": 25,
        "along_track_m": 25.0,
        "achieved_heading": 254.5373330131257,
        "target_bearing": 256.04570982985075,
        "fix_type": 6,
        "hacc_m": 0.014,
        "corrupt": false,
        "position_interpolated": true,
        "captured_at_utc": "2026-06-17T16:54:42.357195+00:00"
      },
      "geometry": {
        "type": "Point",
        "coordinates": [
          -114.0162472,
          46.697278399999995
        ]
      }
    },
    {
      "type": "Feature",
      "properties": {
        "file": "leg07_m026_b256_2026-06-17T10-54-43.jpg",
        "leg": "leg07",
        "mark_index": 26,
        "along_track_m": 26.0,
        "achieved_heading": 254.25674841158974,
        "target_bearing": 256.04570982985075,
        "fix_type": 6,
        "hacc_m": 0.014,
        "corrupt": false,
        "position_interpolated": true,
        "captured_at_utc": "2026-06-17T16:54:43.394176+00:00"
      },
      "geometry": {
        "type": "Point",
        "coordinates": [
          -114.0162594,
          46.6972762
        ]
      }
    },
    {
      "type": "Feature",
      "properties": {
        "file": "leg07_m027_b256_2026-06-17T10-54-44.jpg",
        "leg": "leg07",
        "mark_index": 27,
        "along_track_m": 27.0,
        "achieved_heading": 256.5489896661789,
        "target_bearing": 256.04570982985075,
        "fix_type": 6,
        "hacc_m": 0.014,
        "corrupt": false,
        "position_interpolated": true,
        "captured_at_utc": "2026-06-17T16:54:44.306628+00:00"
      },
      "geometry": {
        "type": "Point",
        "coordinates": [
          -114.01627174929408,
          46.69727425223039
        ]
      }
    },
    {
      "type": "Feature",
      "properties": {
        "file": "leg07_m028_b256_2026-06-17T10-54-45.jpg",
        "leg": "leg07",
        "mark_index": 28,
        "along_track_m": 28.0,
        "achieved_heading": 255.15768003759405,
        "target_bearing": 256.04570982985075,
        "fix_type": 6,
        "hacc_m": 0.014,
        "corrupt": false,
        "position_interpolated": true,
        "captured_at_utc": "2026-06-17T16:54:45.502810+00:00"
      },
      "geometry": {
        "type": "Point",
        "coordinates": [
          -114.01628652049305,
          46.69727165823061
        ]
      }
    },
    {
      "type": "Feature",
      "properties": {
        "file": "leg07_m029_b256_2026-06-17T10-54-46.jpg",
        "leg": "leg07",
        "mark_index": 29,
        "along_track_m": 29.0,
        "achieved_heading": 253.99524697016403,
        "target_bearing": 256.04570982985075,
        "fix_type": 6,
        "hacc_m": 0.014,
        "corrupt": false,
        "position_interpolated": true,
        "captured_at_utc": "2026-06-17T16:54:46.545329+00:00"
      },
      "geometry": {
        "type": "Point",
        "coordinates": [
          -114.0162988,
          46.6972698
        ]
      }
    },
    {
      "type": "Feature",
      "properties": {
        "file": "leg07_m030_b256_2026-06-17T10-54-47.jpg",
        "leg": "leg07",
        "mark_index": 30,
        "along_track_m": 30.0,
        "achieved_heading": 255.98848849674508,
        "target_bearing": 256.04570982985075,
        "fix_type": 6,
        "hacc_m": 0.014,
        "corrupt": false,
        "position_interpolated": true,
        "captured_at_utc": "2026-06-17T16:54:47.527398+00:00"
      },
      "geometry": {
        "type": "Point",
        "coordinates": [
          -114.0163109,
          46.697267499999995
        ]
      }
    },
    {
      "type": "Feature",
      "properties": {
        "file": "leg07_m031_b256_2026-06-17T10-54-48.jpg",
        "leg": "leg07",
        "mark_index": 31,
        "along_track_m": 31.0,
        "achieved_heading": 256.408858026213,
        "target_bearing": 256.04570982985075,
        "fix_type": 6,
        "hacc_m": 0.014,
        "corrupt": false,
        "position_interpolated": true,
        "captured_at_utc": "2026-06-17T16:54:48.582681+00:00"
      },
      "geometry": {
        "type": "Point",
        "coordinates": [
          -114.016323,
          46.697265699999996
        ]
      }
    },
    {
      "type": "Feature",
      "properties": {
        "file": "leg07_m032_b256_2026-06-17T10-54-49.jpg",
        "leg": "leg07",
        "mark_index": 32,
        "along_track_m": 32.0,
        "achieved_heading": 255.6690448704532,
        "target_bearing": 256.04570982985075,
        "fix_type": 6,
        "hacc_m": 0.014,
        "corrupt": false,
        "position_interpolated": true,
        "captured_at_utc": "2026-06-17T16:54:49.632036+00:00"
      },
      "geometry": {
        "type": "Point",
        "coordinates": [
          -114.01633693981411,
          46.697263380041306
        ]
      }
    },
    {
      "type": "Feature",
      "properties": {
        "file": "leg07_m033_b256_2026-06-17T10-54-50.jpg",
        "leg": "leg07",
        "mark_index": 33,
        "along_track_m": 33.0,
        "achieved_heading": 255.15714773727188,
        "target_bearing": 256.04570982985075,
        "fix_type": 6,
        "hacc_m": 0.014,
        "corrupt": false,
        "position_interpolated": true,
        "captured_at_utc": "2026-06-17T16:54:50.603578+00:00"
      },
      "geometry": {
        "type": "Point",
        "coordinates": [
          -114.01634885849865,
          46.69726115691689
        ]
      }
    },
    {
      "type": "Feature",
      "properties": {
        "file": "leg07_m034_b256_2026-06-17T10-54-51.jpg",
        "leg": "leg07",
        "mark_index": 34,
        "along_track_m": 34.0,
        "achieved_heading": 256.04431709656757,
        "target_bearing": 256.04570982985075,
        "fix_type": 6,
        "hacc_m": 0.014,
        "corrupt": false,
        "position_interpolated": true,
        "captured_at_utc": "2026-06-17T16:54:51.741196+00:00"
      },
      "geometry": {
        "type": "Point",
        "coordinates": [
          -114.01636219999999,
          46.6972588
        ]
      }
    },
    {
      "type": "Feature",
      "properties": {
        "file": "leg07_m035_b256_2026-06-17T10-54-52.jpg",
        "leg": "leg07",
        "mark_index": 35,
        "along_track_m": 35.0,
        "achieved_heading": 255.8703833169253,
        "target_bearing": 256.04570982985075,
        "fix_type": 6,
        "hacc_m": 0.014,
        "corrupt": false,
        "position_interpolated": true,
        "captured_at_utc": "2026-06-17T16:54:52.773887+00:00"
      },
      "geometry": {
        "type": "Point",
        "coordinates": [
          -114.0163748,
          46.6972567
        ]
      }
    },
    {
      "type": "Feature",
      "properties": {
        "file": "leg07_m036_b256_2026-06-17T10-54-53.jpg",
        "leg": "leg07",
        "mark_index": 36,
        "along_track_m": 36.0,
        "achieved_heading": 254.62527493258216,
        "target_bearing": 256.04570982985075,
        "fix_type": 6,
        "hacc_m": 0.014,
        "corrupt": false,
        "position_interpolated": true,
        "captured_at_utc": "2026-06-17T16:54:53.761415+00:00"
      },
      "geometry": {
        "type": "Point",
        "coordinates": [
          -114.016387,
          46.6972545
        ]
      }
    },
    {
      "type": "Feature",
      "properties": {
        "file": "leg07_m037_b256_2026-06-17T10-54-54.jpg",
        "leg": "leg07",
        "mark_index": 37,
        "along_track_m": 37.0,
        "achieved_heading": 254.46285442336034,
        "target_bearing": 256.04570982985075,
        "fix_type": 6,
        "hacc_m": 0.014,
        "corrupt": false,
        "position_interpolated": true,
        "captured_at_utc": "2026-06-17T16:54:54.809708+00:00"
      },
      "geometry": {
        "type": "Point",
        "coordinates": [
          -114.01639979999999,
          46.697252299999995
        ]
      }
    },
    {
      "type": "Feature",
      "properties": {
        "file": "leg07_m038_b256_2026-06-17T10-54-55.jpg",
        "leg": "leg07",
        "mark_index": 38,
        "along_track_m": 38.0,
        "achieved_heading": 255.04875864794158,
        "target_bearing": 256.04570982985075,
        "fix_type": 6,
        "hacc_m": 0.014,
        "corrupt": false,
        "position_interpolated": true,
        "captured_at_utc": "2026-06-17T16:54:55.722186+00:00"
      },
      "geometry": {
        "type": "Point",
        "coordinates": [
          -114.0164123,
          46.69725
        ]
      }
    },
    {
      "type": "Feature",
      "properties": {
        "file": "leg07_m039_b256_2026-06-17T10-54-56.jpg",
        "leg": "leg07",
        "mark_index": 39,
        "along_track_m": 39.0,
        "achieved_heading": 254.51498247764266,
        "target_bearing": 256.04570982985075,
        "fix_type": 6,
        "hacc_m": 0.014,
        "corrupt": false,
        "position_interpolated": true,
        "captured_at_utc": "2026-06-17T16:54:56.771590+00:00"
      },
      "geometry": {
        "type": "Point",
        "coordinates": [
          -114.01642520715043,
          46.69724792410619
        ]
      }
    },
    {
      "type": "Feature",
      "properties": {
        "file": "leg07_m040_b256_2026-06-17T10-54-57.jpg",
        "leg": "leg07",
        "mark_index": 40,
        "along_track_m": 40.0,
        "achieved_heading": 254.30954241495505,
        "target_bearing": 256.04570982985075,
        "fix_type": 6,
        "hacc_m": 0.014,
        "corrupt": false,
        "position_interpolated": true,
        "captured_at_utc": "2026-06-17T16:54:57.823887+00:00"
      },
      "geometry": {
        "type": "Point",
        "coordinates": [
          -114.01643829769174,
          46.6972455505246
        ]
      }
    },
    {
      "type": "Feature",
      "properties": {
        "file": "leg07_m041_b256_2026-06-17T10-54-59.jpg",
        "leg": "leg07",
        "mark_index": 41,
        "along_track_m": 41.0,
        "achieved_heading": 255.6391883333975,
        "target_bearing": 256.04570982985075,
        "fix_type": 6,
        "hacc_m": 0.014,
        "corrupt": false,
        "position_interpolated": true,
        "captured_at_utc": "2026-06-17T16:54:58.942553+00:00"
      },
      "geometry": {
        "type": "Point",
        "coordinates": [
          -114.01645169999999,
          46.6972433
        ]
      }
    },
    {
      "type": "Feature",
      "properties": {
        "file": "leg07_m042_b256_2026-06-17T10-54-59.jpg",
        "leg": "leg07",
        "mark_index": 42,
        "along_track_m": 42.0,
        "achieved_heading": 256.51067268862175,
        "target_bearing": 256.04570982985075,
        "fix_type": 6,
        "hacc_m": 0.014,
        "corrupt": false,
        "position_interpolated": true,
        "captured_at_utc": "2026-06-17T16:54:59.855641+00:00"
      },
      "geometry": {
        "type": "Point",
        "coordinates": [
          -114.0164634231485,
          46.69724130235035
        ]
      }
    },
    {
      "type": "Feature",
      "properties": {
        "file": "leg07_m043_b256_2026-06-17T10-55-00.jpg",
        "leg": "leg07",
        "mark_index": 43,
        "along_track_m": 43.0,
        "achieved_heading": 255.65882978869675,
        "target_bearing": 256.04570982985075,
        "fix_type": 6,
        "hacc_m": 0.014,
        "corrupt": false,
        "position_interpolated": true,
        "captured_at_utc": "2026-06-17T16:55:00.913780+00:00"
      },
      "geometry": {
        "type": "Point",
        "coordinates": [
          -114.0164765845468,
          46.697238919242196
        ]
      }
    },
    {
      "type": "Feature",
      "properties": {
        "file": "leg07_m044_b256_2026-06-17T10-55-02.jpg",
        "leg": "leg07",
        "mark_index": 44,
        "along_track_m": 44.0,
        "achieved_heading": 255.9787679228622,
        "target_bearing": 256.04570982985075,
        "fix_type": 6,
        "hacc_m": 0.014,
        "corrupt": false,
        "position_interpolated": true,
        "captured_at_utc": "2026-06-17T16:55:01.945952+00:00"
      },
      "geometry": {
        "type": "Point",
        "coordinates": [
          -114.0164892,
          46.697237099999995
        ]
      }
    },
    {
      "type": "Feature",
      "properties": {
        "file": "leg07_m045_b256_2026-06-17T10-55-02.jpg",
        "leg": "leg07",
        "mark_index": 45,
        "along_track_m": 45.0,
        "achieved_heading": 254.51823724585591,
        "target_bearing": 256.04570982985075,
        "fix_type": 6,
        "hacc_m": 0.014,
        "corrupt": false,
        "position_interpolated": true,
        "captured_at_utc": "2026-06-17T16:55:02.869815+00:00"
      },
      "geometry": {
        "type": "Point",
        "coordinates": [
          -114.01650116819961,
          46.6972350844385
        ]
      }
    },
    {
      "type": "Feature",
      "properties": {
        "file": "leg07_m046_b256_2026-06-17T10-55-04.jpg",
        "leg": "leg07",
        "mark_index": 46,
        "along_track_m": 46.0,
        "achieved_heading": 254.09054389988796,
        "target_bearing": 256.04570982985075,
        "fix_type": 6,
        "hacc_m": 0.014,
        "corrupt": false,
        "position_interpolated": true,
        "captured_at_utc": "2026-06-17T16:55:03.987781+00:00"
      },
      "geometry": {
        "type": "Point",
        "coordinates": [
          -114.0165147,
          46.6972327
        ]
      }
    },
    {
      "type": "Feature",
      "properties": {
        "file": "leg07_m047_b256_2026-06-17T10-55-04.jpg",
        "leg": "leg07",
        "mark_index": 47,
        "along_track_m": 47.0,
        "achieved_heading": 254.62768047064694,
        "target_bearing": 256.04570982985075,
        "fix_type": 6,
        "hacc_m": 0.014,
        "corrupt": false,
        "position_interpolated": true,
        "captured_at_utc": "2026-06-17T16:55:04.968372+00:00"
      },
      "geometry": {
        "type": "Point",
        "coordinates": [
          -114.01652729999999,
          46.6972303
        ]
      }
    },
    {
      "type": "Feature",
      "properties": {
        "file": "leg07_m048_b256_2026-06-17T10-55-06.jpg",
        "leg": "leg07",
        "mark_index": 48,
        "along_track_m": 48.0,
        "achieved_heading": 256.279004656199,
        "target_bearing": 256.04570982985075,
        "fix_type": 6,
        "hacc_m": 0.014,
        "corrupt": false,
        "position_interpolated": true,
        "captured_at_utc": "2026-06-17T16:55:06.014963+00:00"
      },
      "geometry": {
        "type": "Point",
        "coordinates": [
          -114.01653999999999,
          46.6972283
        ]
      }
    },
    {
      "type": "Feature",
      "properties": {
        "file": "leg07_m049_b256_2026-06-17T10-55-06.jpg",
        "leg": "leg07",
        "mark_index": 49,
        "along_track_m": 49.0,
        "achieved_heading": 254.96323861881842,
        "target_bearing": 256.04570982985075,
        "fix_type": 6,
        "hacc_m": 0.014,
        "corrupt": false,
        "position_interpolated": true,
        "captured_at_utc": "2026-06-17T16:55:06.929519+00:00"
      },
      "geometry": {
        "type": "Point",
        "coordinates": [
          -114.01655249999999,
          46.697226199999996
        ]
      }
    },
    {
      "type": "Feature",
      "properties": {
        "file": "leg07_m050_b256_2026-06-17T10-55-07.jpg",
        "leg": "leg07",
        "mark_index": 50,
        "along_track_m": 50.0,
        "achieved_heading": 255.18657080531202,
        "target_bearing": 256.04570982985075,
        "fix_type": 6,
        "hacc_m": 0.014,
        "corrupt": false,
        "position_interpolated": true,
        "captured_at_utc": "2026-06-17T16:55:07.970134+00:00"
      },
      "geometry": {
        "type": "Point",
        "coordinates": [
          -114.0165648,
          46.6972241
        ]
      }
    },
    {
      "type": "Feature",
      "properties": {
        "file": "leg07_m051_b256_2026-06-17T10-55-09.jpg",
        "leg": "leg07",
        "mark_index": 51,
        "along_track_m": 51.0,
        "achieved_heading": 254.24560075461505,
        "target_bearing": 256.04570982985075,
        "fix_type": 6,
        "hacc_m": 0.014,
        "corrupt": false,
        "position_interpolated": true,
        "captured_at_utc": "2026-06-17T16:55:09.023387+00:00"
      },
      "geometry": {
        "type": "Point",
        "coordinates": [
          -114.0165775,
          46.697222
        ]
      }
    },
    {
      "type": "Feature",
      "properties": {
        "file": "leg07_m052_b256_2026-06-17T10-55-09.jpg",
        "leg": "leg07",
        "mark_index": 52,
        "along_track_m": 52.0,
        "achieved_heading": 254.99464309691024,
        "target_bearing": 256.04570982985075,
        "fix_type": 6,
        "hacc_m": 0.014,
        "corrupt": false,
        "position_interpolated": true,
        "captured_at_utc": "2026-06-17T16:55:09.943965+00:00"
      },
      "geometry": {
        "type": "Point",
        "coordinates": [
          -114.0165904,
          46.6972196
        ]
      }
    },
    {
      "type": "Feature",
      "properties": {
        "file": "leg07_m053_b256_2026-06-17T10-55-11.jpg",
        "leg": "leg07",
        "mark_index": 53,
        "along_track_m": 53.0,
        "achieved_heading": 256.19717157499736,
        "target_bearing": 256.04570982985075,
        "fix_type": 6,
        "hacc_m": 0.014,
        "corrupt": false,
        "position_interpolated": true,
        "captured_at_utc": "2026-06-17T16:55:10.986268+00:00"
      },
      "geometry": {
        "type": "Point",
        "coordinates": [
          -114.01660343790381,
          46.697217577016026
        ]
      }
    },
    {
      "type": "Feature",
      "properties": {
        "file": "leg07_m054_b256_2026-06-17T10-55-12.jpg",
        "leg": "leg07",
        "mark_index": 54,
        "along_track_m": 54.0,
        "achieved_heading": 255.6695976186744,
        "target_bearing": 256.04570982985075,
        "fix_type": 6,
        "hacc_m": 0.014,
        "corrupt": false,
        "position_interpolated": true,
        "captured_at_utc": "2026-06-17T16:55:12.111857+00:00"
      },
      "geometry": {
        "type": "Point",
        "coordinates": [
          -114.01661736411457,
          46.697215377512016
        ]
      }
    },
    {
      "type": "Feature",
      "properties": {
        "file": "leg07_m055_b256_2026-06-17T10-55-13.jpg",
        "leg": "leg07",
        "mark_index": 55,
        "along_track_m": 55.0,
        "achieved_heading": 255.18884156183955,
        "target_bearing": 256.04570982985075,
        "fix_type": 6,
        "hacc_m": 0.014,
        "corrupt": false,
        "position_interpolated": true,
        "captured_at_utc": "2026-06-17T16:55:13.162415+00:00"
      },
      "geometry": {
        "type": "Point",
        "coordinates": [
          -114.0166304,
          46.697213399999995
        ]
      }
    },
    {
      "type": "Feature",
      "properties": {
        "file": "leg07_m056_b256_2026-06-17T10-55-14.jpg",
        "leg": "leg07",
        "mark_index": 56,
        "along_track_m": 56.0,
        "achieved_heading": 255.30418316247778,
        "target_bearing": 256.04570982985075,
        "fix_type": 6,
        "hacc_m": 0.014,
        "corrupt": false,
        "position_interpolated": true,
        "captured_at_utc": "2026-06-17T16:55:14.061772+00:00"
      },
      "geometry": {
        "type": "Point",
        "coordinates": [
          -114.01664161075058,
          46.6972116422799
        ]
      }
    },
    {
      "type": "Feature",
      "properties": {
        "file": "leg07_m057_b256_2026-06-17T10-55-15.jpg",
        "leg": "leg07",
        "mark_index": 57,
        "along_track_m": 57.0,
        "achieved_heading": 254.92661201342457,
        "target_bearing": 256.04570982985075,
        "fix_type": 6,
        "hacc_m": 0.014,
        "corrupt": false,
        "position_interpolated": true,
        "captured_at_utc": "2026-06-17T16:55:15.184438+00:00"
      },
      "geometry": {
        "type": "Point",
        "coordinates": [
          -114.0166553,
          46.6972094
        ]
      }
    },
    {
      "type": "Feature",
      "properties": {
        "file": "leg07_m058_b256_2026-06-17T10-55-16.jpg",
        "leg": "leg07",
        "mark_index": 58,
        "along_track_m": 58.0,
        "achieved_heading": 254.37386054386147,
        "target_bearing": 256.04570982985075,
        "fix_type": 6,
        "hacc_m": 0.014,
        "corrupt": false,
        "position_interpolated": true,
        "captured_at_utc": "2026-06-17T16:55:16.106635+00:00"
      },
      "geometry": {
        "type": "Point",
        "coordinates": [
          -114.01666763529371,
          46.697207360784375
        ]
      }
    },
    {
      "type": "Feature",
      "properties": {
        "file": "leg07_m059_b256_2026-06-17T10-55-17.jpg",
        "leg": "leg07",
        "mark_index": 59,
        "along_track_m": 59.0,
        "achieved_heading": 255.14610117249484,
        "target_bearing": 256.04570982985075,
        "fix_type": 6,
        "hacc_m": 0.014,
        "corrupt": false,
        "position_interpolated": true,
        "captured_at_utc": "2026-06-17T16:55:17.217816+00:00"
      },
      "geometry": {
        "type": "Point",
        "coordinates": [
          -114.01668029999999,
          46.697204899999996
        ]
      }
    },
    {
      "type": "Feature",
      "properties": {
        "file": "leg07_m060_b256_2026-06-17T10-55-18.jpg",
        "leg": "leg07",
        "mark_index": 60,
        "along_track_m": 60.0,
        "achieved_heading": 255.23121477443203,
        "target_bearing": 256.04570982985075,
        "fix_type": 6,
        "hacc_m": 0.014,
        "corrupt": false,
        "position_interpolated": true,
        "captured_at_utc": "2026-06-17T16:55:18.137038+00:00"
      },
      "geometry": {
        "type": "Point",
        "coordinates": [
          -114.01669257435015,
          46.697202704932664
        ]
      }
    },
    {
      "type": "Feature",
      "properties": {
        "file": "leg07_m061_b256_2026-06-17T10-55-19.jpg",
        "leg": "leg07",
        "mark_index": 61,
        "along_track_m": 61.0,
        "achieved_heading": 258.2893591610849,
        "target_bearing": 256.04570982985075,
        "fix_type": 6,
        "hacc_m": 0.014,
        "corrupt": false,
        "position_interpolated": true,
        "captured_at_utc": "2026-06-17T16:55:19.176248+00:00"
      },
      "geometry": {
        "type": "Point",
        "coordinates": [
          -114.01670523740087,
          46.69720067344163
        ]
      }
    },
    {
      "type": "Feature",
      "properties": {
        "file": "leg07_m062_b256_2026-06-17T10-55-20.jpg",
        "leg": "leg07",
        "mark_index": 62,
        "along_track_m": 62.0,
        "achieved_heading": 259.4815617433037,
        "target_bearing": 256.04570982985075,
        "fix_type": 6,
        "hacc_m": 0.014,
        "corrupt": false,
        "position_interpolated": true,
        "captured_at_utc": "2026-06-17T16:55:20.303096+00:00"
      },
      "geometry": {
        "type": "Point",
        "coordinates": [
          -114.01671931023388,
          46.69719892998201
        ]
      }
    },
    {
      "type": "Feature",
      "properties": {
        "file": "leg08_m000_b346_2026-06-17T10-55-24.jpg",
        "leg": "leg08",
        "mark_index": 0,
        "along_track_m": 0.0,
        "achieved_heading": 344.5337659794831,
        "target_bearing": 346.1297804547387,
        "fix_type": 6,
        "hacc_m": 0.014,
        "corrupt": false,
        "position_interpolated": true,
        "captured_at_utc": "2026-06-17T16:55:24.429190+00:00"
      },
      "geometry": {
        "type": "Point",
        "coordinates": [
          -114.01672579999999,
          46.6971989
        ]
      }
    },
    {
      "type": "Feature",
      "properties": {
        "file": "leg08_m001_b346_2026-06-17T10-55-26.jpg",
        "leg": "leg08",
        "mark_index": 1,
        "along_track_m": 1.0,
        "achieved_heading": 345.35762199310176,
        "target_bearing": 346.1297804547387,
        "fix_type": 6,
        "hacc_m": 0.014,
        "corrupt": false,
        "position_interpolated": true,
        "captured_at_utc": "2026-06-17T16:55:26.048733+00:00"
      },
      "geometry": {
        "type": "Point",
        "coordinates": [
          -114.016729,
          46.6972076
        ]
      }
    },
    {
      "type": "Feature",
      "properties": {
        "file": "leg08_m002_b346_2026-06-17T10-55-27.jpg",
        "leg": "leg08",
        "mark_index": 2,
        "along_track_m": 2.0,
        "achieved_heading": 347.4315000283573,
        "target_bearing": 346.1297804547387,
        "fix_type": 6,
        "hacc_m": 0.014,
        "corrupt": false,
        "position_interpolated": true,
        "captured_at_utc": "2026-06-17T16:55:27.023342+00:00"
      },
      "geometry": {
        "type": "Point",
        "coordinates": [
          -114.0167328,
          46.697215899999996
        ]
      }
    },
    {
      "type": "Feature",
      "properties": {
        "file": "leg08_m003_b346_2026-06-17T10-55-28.jpg",
        "leg": "leg08",
        "mark_index": 3,
        "along_track_m": 3.0,
        "achieved_heading": 352.6769859385595,
        "target_bearing": 346.1297804547387,
        "fix_type": 6,
        "hacc_m": 0.014,
        "corrupt": false,
        "position_interpolated": true,
        "captured_at_utc": "2026-06-17T16:55:28.070132+00:00"
      },
      "geometry": {
        "type": "Point",
        "coordinates": [
          -114.01673588560577,
          46.697225513824556
        ]
      }
    },
    {
      "type": "Feature",
      "properties": {
        "file": "leg08_m004_b346_2026-06-17T10-55-29.jpg",
        "leg": "leg08",
        "mark_index": 4,
        "along_track_m": 4.0,
        "achieved_heading": 354.3642556622748,
        "target_bearing": 346.1297804547387,
        "fix_type": 6,
        "hacc_m": 0.014,
        "corrupt": false,
        "position_interpolated": true,
        "captured_at_utc": "2026-06-17T16:55:29.055810+00:00"
      },
      "geometry": {
        "type": "Point",
        "coordinates": [
          -114.01673778867284,
          46.69723383203711
        ]
      }
    },
    {
      "type": "Feature",
      "properties": {
        "file": "leg08_m005_b346_2026-06-17T10-55-30.jpg",
        "leg": "leg08",
        "mark_index": 5,
        "along_track_m": 4.901,
        "achieved_heading": 357.3771542279702,
        "target_bearing": 346.1297804547387,
        "fix_type": 6,
        "hacc_m": 0.014,
        "corrupt": false,
        "position_interpolated": true,
        "captured_at_utc": "2026-06-17T16:55:30.029314+00:00"
      },
      "geometry": {
        "type": "Point",
        "coordinates": [
          -114.01673919999999,
          46.697241399999996
        ]
      }
    },
    {
      "type": "Feature",
      "properties": {
        "file": "leg09_m000_b076_2026-06-17T10-55-33.jpg",
        "leg": "leg09",
        "mark_index": 0,
        "along_track_m": 0.0,
        "achieved_heading": 79.4028807987096,
        "target_bearing": 76.04512062356434,
        "fix_type": 6,
        "hacc_m": 0.014,
        "corrupt": false,
        "position_interpolated": true,
        "captured_at_utc": "2026-06-17T16:55:33.735064+00:00"
      },
      "geometry": {
        "type": "Point",
        "coordinates": [
          -114.0167407,
          46.6972447
        ]
      }
    },
    {
      "type": "Feature",
      "properties": {
        "file": "leg09_m001_b076_2026-06-17T10-55-35.jpg",
        "leg": "leg09",
        "mark_index": 1,
        "along_track_m": 1.0,
        "achieved_heading": 75.64347552173822,
        "target_bearing": 76.04512062356434,
        "fix_type": 6,
        "hacc_m": 0.014,
        "corrupt": false,
        "position_interpolated": true,
        "captured_at_utc": "2026-06-17T16:55:35.559771+00:00"
      },
      "geometry": {
        "type": "Point",
        "coordinates": [
          -114.01672529999999,
          46.6972484
        ]
      }
    },
    {
      "type": "Feature",
      "properties": {
        "file": "leg09_m002_b076_2026-06-17T10-55-36.jpg",
        "leg": "leg09",
        "mark_index": 2,
        "along_track_m": 2.0,
        "achieved_heading": 81.76902460526136,
        "target_bearing": 76.04512062356434,
        "fix_type": 6,
        "hacc_m": 0.014,
        "corrupt": false,
        "position_interpolated": true,
        "captured_at_utc": "2026-06-17T16:55:36.543393+00:00"
      },
      "geometry": {
        "type": "Point",
        "coordinates": [
          -114.016714,
          46.6972503
        ]
      }
    },
    {
      "type": "Feature",
      "properties": {
        "file": "leg09_m003_b076_2026-06-17T10-55-37.jpg",
        "leg": "leg09",
        "mark_index": 3,
        "along_track_m": 3.0,
        "achieved_heading": 84.26878216963763,
        "target_bearing": 76.04512062356434,
        "fix_type": 6,
        "hacc_m": 0.014,
        "corrupt": false,
        "position_interpolated": true,
        "captured_at_utc": "2026-06-17T16:55:37.660042+00:00"
      },
      "geometry": {
        "type": "Point",
        "coordinates": [
          -114.0167002108467,
          46.69725163537757
        ]
      }
    },
    {
      "type": "Feature",
      "properties": {
        "file": "leg09_m004_b076_2026-06-17T10-55-38.jpg",
        "leg": "leg09",
        "mark_index": 4,
        "along_track_m": 4.0,
        "achieved_heading": 82.28187912768297,
        "target_bearing": 76.04512062356434,
        "fix_type": 6,
        "hacc_m": 0.014,
        "corrupt": false,
        "position_interpolated": true,
        "captured_at_utc": "2026-06-17T16:55:38.774502+00:00"
      },
      "geometry": {
        "type": "Point",
        "coordinates": [
          -114.0166878,
          46.697252999999996
        ]
      }
    },
    {
      "type": "Feature",
      "properties": {
        "file": "leg09_m005_b076_2026-06-17T10-55-39.jpg",
        "leg": "leg09",
        "mark_index": 5,
        "along_track_m": 5.0,
        "achieved_heading": 79.42070319448217,
        "target_bearing": 76.04512062356434,
        "fix_type": 6,
        "hacc_m": 0.014,
        "corrupt": false,
        "position_interpolated": true,
        "captured_at_utc": "2026-06-17T16:55:39.899866+00:00"
      },
      "geometry": {
        "type": "Point",
        "coordinates": [
          -114.01667433411905,
          46.69725504431349
        ]
      }
    },
    {
      "type": "Feature",
      "properties": {
        "file": "leg09_m006_b076_2026-06-17T10-55-40.jpg",
        "leg": "leg09",
        "mark_index": 6,
        "along_track_m": 6.0,
        "achieved_heading": 81.16436712628082,
        "target_bearing": 76.04512062356434,
        "fix_type": 6,
        "hacc_m": 0.014,
        "corrupt": false,
        "position_interpolated": true,
        "captured_at_utc": "2026-06-17T16:55:40.953382+00:00"
      },
      "geometry": {
        "type": "Point",
        "coordinates": [
          -114.0166622,
          46.6972567
        ]
      }
    },
    {
      "type": "Feature",
      "properties": {
        "file": "leg09_m007_b076_2026-06-17T10-55-42.jpg",
        "leg": "leg09",
        "mark_index": 7,
        "along_track_m": 7.0,
        "achieved_heading": 79.27940021684716,
        "target_bearing": 76.04512062356434,
        "fix_type": 6,
        "hacc_m": 0.014,
        "corrupt": false,
        "position_interpolated": true,
        "captured_at_utc": "2026-06-17T16:55:42.063599+00:00"
      },
      "geometry": {
        "type": "Point",
        "coordinates": [
          -114.01664860255954,
          46.69725852643086
        ]
      }
    },
    {
      "type": "Feature",
      "properties": {
        "file": "leg09_m008_b076_2026-06-17T10-55-43.jpg",
        "leg": "leg09",
        "mark_index": 8,
        "along_track_m": 8.0,
        "achieved_heading": 78.87029344729416,
        "target_bearing": 76.04512062356434,
        "fix_type": 6,
        "hacc_m": 0.014,
        "corrupt": false,
        "position_interpolated": true,
        "captured_at_utc": "2026-06-17T16:55:43.119683+00:00"
      },
      "geometry": {
        "type": "Point",
        "coordinates": [
          -114.01663644449619,
          46.69726008623846
        ]
      }
    },
    {
      "type": "Feature",
      "properties": {
        "file": "leg09_m009_b076_2026-06-17T10-55-44.jpg",
        "leg": "leg09",
        "mark_index": 9,
        "along_track_m": 9.0,
        "achieved_heading": 76.72271045729636,
        "target_bearing": 76.04512062356434,
        "fix_type": 6,
        "hacc_m": 0.014,
        "corrupt": false,
        "position_interpolated": true,
        "captured_at_utc": "2026-06-17T16:55:44.308424+00:00"
      },
      "geometry": {
        "type": "Point",
        "coordinates": [
          -114.01662228691707,
          46.697262366015075
        ]
      }
    },
    {
      "type": "Feature",
      "properties": {
        "file": "leg09_m010_b076_2026-06-17T10-55-45.jpg",
        "leg": "leg09",
        "mark_index": 10,
        "along_track_m": 10.0,
        "achieved_heading": 75.603295821562,
        "target_bearing": 76.04512062356434,
        "fix_type": 6,
        "hacc_m": 0.014,
        "corrupt": false,
        "position_interpolated": true,
        "captured_at_utc": "2026-06-17T16:55:45.293735+00:00"
      },
      "geometry": {
        "type": "Point",
        "coordinates": [
          -114.01661091666777,
          46.69726454038449
        ]
      }
    },
    {
      "type": "Feature",
      "properties": {
        "file": "leg09_m011_b076_2026-06-17T10-55-46.jpg",
        "leg": "leg09",
        "mark_index": 11,
        "along_track_m": 11.0,
        "achieved_heading": 76.92081172771078,
        "target_bearing": 76.04512062356434,
        "fix_type": 6,
        "hacc_m": 0.014,
        "corrupt": false,
        "position_interpolated": true,
        "captured_at_utc": "2026-06-17T16:55:46.413996+00:00"
      },
      "geometry": {
        "type": "Point",
        "coordinates": [
          -114.01659774797781,
          46.697266675337026
        ]
      }
    },
    {
      "type": "Feature",
      "properties": {
        "file": "leg09_m012_b076_2026-06-17T10-55-47.jpg",
        "leg": "leg09",
        "mark_index": 12,
        "along_track_m": 12.0,
        "achieved_heading": 76.75001166074796,
        "target_bearing": 76.04512062356434,
        "fix_type": 6,
        "hacc_m": 0.014,
        "corrupt": false,
        "position_interpolated": true,
        "captured_at_utc": "2026-06-17T16:55:47.530773+00:00"
      },
      "geometry": {
        "type": "Point",
        "coordinates": [
          -114.0165849,
          46.697269
        ]
      }
    },
    {
      "type": "Feature",
      "properties": {
        "file": "leg09_m013_b076_2026-06-17T10-55-48.jpg",
        "leg": "leg09",
        "mark_index": 13,
        "along_track_m": 13.0,
        "achieved_heading": 77.13511444133874,
        "target_bearing": 76.04512062356434,
        "fix_type": 6,
        "hacc_m": 0.014,
        "corrupt": false,
        "position_interpolated": true,
        "captured_at_utc": "2026-06-17T16:55:48.721116+00:00"
      },
      "geometry": {
        "type": "Point",
        "coordinates": [
          -114.01657139033942,
          46.69727126689749
        ]
      }
    },
    {
      "type": "Feature",
      "properties": {
        "file": "leg09_m014_b076_2026-06-17T10-55-49.jpg",
        "leg": "leg09",
        "mark_index": 14,
        "along_track_m": 14.0,
        "achieved_heading": 75.16869333863386,
        "target_bearing": 76.04512062356434,
        "fix_type": 6,
        "hacc_m": 0.014,
        "corrupt": false,
        "position_interpolated": true,
        "captured_at_utc": "2026-06-17T16:55:49.771573+00:00"
      },
      "geometry": {
        "type": "Point",
        "coordinates": [
          -114.0165598,
          46.6972734
        ]
      }
    },
    {
      "type": "Feature",
      "properties": {
        "file": "leg09_m015_b076_2026-06-17T10-55-50.jpg",
        "leg": "leg09",
        "mark_index": 15,
        "along_track_m": 15.0,
        "achieved_heading": 75.24156743311516,
        "target_bearing": 76.04512062356434,
        "fix_type": 6,
        "hacc_m": 0.014,
        "corrupt": false,
        "position_interpolated": true,
        "captured_at_utc": "2026-06-17T16:55:50.894241+00:00"
      },
      "geometry": {
        "type": "Point",
        "coordinates": [
          -114.01654677671299,
          46.69727582718079
        ]
      }
    },
    {
      "type": "Feature",
      "properties": {
        "file": "leg09_m016_b076_2026-06-17T10-55-52.jpg",
        "leg": "leg09",
        "mark_index": 16,
        "along_track_m": 16.0,
        "achieved_heading": 76.87245551391372,
        "target_bearing": 76.04512062356434,
        "fix_type": 6,
        "hacc_m": 0.014,
        "corrupt": false,
        "position_interpolated": true,
        "captured_at_utc": "2026-06-17T16:55:52.011140+00:00"
      },
      "geometry": {
        "type": "Point",
        "coordinates": [
          -114.01653464573957,
          46.69727806271627
        ]
      }
    },
    {
      "type": "Feature",
      "properties": {
        "file": "leg09_m017_b076_2026-06-17T10-55-53.jpg",
        "leg": "leg09",
        "mark_index": 17,
        "along_track_m": 17.0,
        "achieved_heading": 78.19197059565771,
        "target_bearing": 76.04512062356434,
        "fix_type": 6,
        "hacc_m": 0.014,
        "corrupt": false,
        "position_interpolated": true,
        "captured_at_utc": "2026-06-17T16:55:53.134155+00:00"
      },
      "geometry": {
        "type": "Point",
        "coordinates": [
          -114.01652139999999,
          46.6972801
        ]
      }
    },
    {
      "type": "Feature",
      "properties": {
        "file": "leg09_m018_b076_2026-06-17T10-55-54.jpg",
        "leg": "leg09",
        "mark_index": 18,
        "along_track_m": 18.0,
        "achieved_heading": 76.88390903106784,
        "target_bearing": 76.04512062356434,
        "fix_type": 6,
        "hacc_m": 0.014,
        "corrupt": false,
        "position_interpolated": true,
        "captured_at_utc": "2026-06-17T16:55:54.259555+00:00"
      },
      "geometry": {
        "type": "Point",
        "coordinates": [
          -114.01650859031918,
          46.69728218632339
        ]
      }
    },
    {
      "type": "Feature",
      "properties": {
        "file": "leg09_m019_b076_2026-06-17T10-55-55.jpg",
        "leg": "leg09",
        "mark_index": 19,
        "along_track_m": 19.0,
        "achieved_heading": 75.94911771543599,
        "target_bearing": 76.04512062356434,
        "fix_type": 6,
        "hacc_m": 0.014,
        "corrupt": false,
        "position_interpolated": true,
        "captured_at_utc": "2026-06-17T16:55:55.376121+00:00"
      },
      "geometry": {
        "type": "Point",
        "coordinates": [
          -114.01649649999999,
          46.697284499999995
        ]
      }
    },
    {
      "type": "Feature",
      "properties": {
        "file": "leg09_m020_b076_2026-06-17T10-55-56.jpg",
        "leg": "leg09",
        "mark_index": 20,
        "along_track_m": 20.0,
        "achieved_heading": 78.63737149078487,
        "target_bearing": 76.04512062356434,
        "fix_type": 6,
        "hacc_m": 0.014,
        "corrupt": false,
        "position_interpolated": true,
        "captured_at_utc": "2026-06-17T16:55:56.489114+00:00"
      },
      "geometry": {
        "type": "Point",
        "coordinates": [
          -114.01648320462442,
          46.69728667384389
        ]
      }
    },
    {
      "type": "Feature",
      "properties": {
        "file": "leg09_m021_b076_2026-06-17T10-55-57.jpg",
        "leg": "leg09",
        "mark_index": 21,
        "along_track_m": 21.0,
        "achieved_heading": 77.21318215000741,
        "target_bearing": 76.04512062356434,
        "fix_type": 6,
        "hacc_m": 0.014,
        "corrupt": false,
        "position_interpolated": true,
        "captured_at_utc": "2026-06-17T16:55:57.532336+00:00"
      },
      "geometry": {
        "type": "Point",
        "coordinates": [
          -114.016471,
          46.6972884
        ]
      }
    },
    {
      "type": "Feature",
      "properties": {
        "file": "leg09_m022_b076_2026-06-17T10-55-58.jpg",
        "leg": "leg09",
        "mark_index": 22,
        "along_track_m": 22.0,
        "achieved_heading": 76.92570312014098,
        "target_bearing": 76.04512062356434,
        "fix_type": 6,
        "hacc_m": 0.014,
        "corrupt": false,
        "position_interpolated": true,
        "captured_at_utc": "2026-06-17T16:55:58.658555+00:00"
      },
      "geometry": {
        "type": "Point",
        "coordinates": [
          -114.01645780884816,
          46.697290738361026
        ]
      }
    },
    {
      "type": "Feature",
      "properties": {
        "file": "leg09_m023_b076_2026-06-17T10-55-59.jpg",
        "leg": "leg09",
        "mark_index": 23,
        "along_track_m": 23.0,
        "achieved_heading": 76.41014631094876,
        "target_bearing": 76.04512062356434,
        "fix_type": 6,
        "hacc_m": 0.014,
        "corrupt": false,
        "position_interpolated": true,
        "captured_at_utc": "2026-06-17T16:55:59.786444+00:00"
      },
      "geometry": {
        "type": "Point",
        "coordinates": [
          -114.0164454,
          46.697292999999995
        ]
      }
    },
    {
      "type": "Feature",
      "properties": {
        "file": "leg09_m024_b076_2026-06-17T10-56-01.jpg",
        "leg": "leg09",
        "mark_index": 24,
        "along_track_m": 24.0,
        "achieved_heading": 77.30049474201878,
        "target_bearing": 76.04512062356434,
        "fix_type": 6,
        "hacc_m": 0.014,
        "corrupt": false,
        "position_interpolated": true,
        "captured_at_utc": "2026-06-17T16:56:00.970302+00:00"
      },
      "geometry": {
        "type": "Point",
        "coordinates": [
          -114.0164313,
          46.6972953
        ]
      }
    },
    {
      "type": "Feature",
      "properties": {
        "file": "leg09_m025_b076_2026-06-17T10-56-02.jpg",
        "leg": "leg09",
        "mark_index": 25,
        "along_track_m": 25.0,
        "achieved_heading": 75.80820023264965,
        "target_bearing": 76.04512062356434,
        "fix_type": 6,
        "hacc_m": 0.014,
        "corrupt": false,
        "position_interpolated": true,
        "captured_at_utc": "2026-06-17T16:56:02.030307+00:00"
      },
      "geometry": {
        "type": "Point",
        "coordinates": [
          -114.0164193614149,
          46.697297198014795
        ]
      }
    },
    {
      "type": "Feature",
      "properties": {
        "file": "leg09_m026_b076_2026-06-17T10-56-03.jpg",
        "leg": "leg09",
        "mark_index": 26,
        "along_track_m": 26.0,
        "achieved_heading": 74.03456183796861,
        "target_bearing": 76.04512062356434,
        "fix_type": 6,
        "hacc_m": 0.014,
        "corrupt": false,
        "position_interpolated": true,
        "captured_at_utc": "2026-06-17T16:56:03.070785+00:00"
      },
      "geometry": {
        "type": "Point",
        "coordinates": [
          -114.01640736109243,
          46.697299487781514
        ]
      }
    },
    {
      "type": "Feature",
      "properties": {
        "file": "leg09_m027_b076_2026-06-17T10-56-04.jpg",
        "leg": "leg09",
        "mark_index": 27,
        "along_track_m": 27.0,
        "achieved_heading": 75.59190760405404,
        "target_bearing": 76.04512062356434,
        "fix_type": 6,
        "hacc_m": 0.014,
        "corrupt": false,
        "position_interpolated": true,
        "captured_at_utc": "2026-06-17T16:56:04.195506+00:00"
      },
      "geometry": {
        "type": "Point",
        "coordinates": [
          -114.0163948,
          46.697302099999995
        ]
      }
    },
    {
      "type": "Feature",
      "properties": {
        "file": "leg09_m028_b076_2026-06-17T10-56-05.jpg",
        "leg": "leg09",
        "mark_index": 28,
        "along_track_m": 28.0,
        "achieved_heading": 78.80022417489262,
        "target_bearing": 76.04512062356434,
        "fix_type": 6,
        "hacc_m": 0.014,
        "corrupt": false,
        "position_interpolated": true,
        "captured_at_utc": "2026-06-17T16:56:05.317554+00:00"
      },
      "geometry": {
        "type": "Point",
        "coordinates": [
          -114.01638115748554,
          46.69730417577145
        ]
      }
    },
    {
      "type": "Feature",
      "properties": {
        "file": "leg09_m029_b076_2026-06-17T10-56-06.jpg",
        "leg": "leg09",
        "mark_index": 29,
        "along_track_m": 29.0,
        "achieved_heading": 78.41661935300517,
        "target_bearing": 76.04512062356434,
        "fix_type": 6,
        "hacc_m": 0.014,
        "corrupt": false,
        "position_interpolated": true,
        "captured_at_utc": "2026-06-17T16:56:06.433055+00:00"
      },
      "geometry": {
        "type": "Point",
        "coordinates": [
          -114.01636939999999,
          46.697305899999996
        ]
      }
    },
    {
      "type": "Feature",
      "properties": {
        "file": "leg09_m030_b076_2026-06-17T10-56-07.jpg",
        "leg": "leg09",
        "mark_index": 30,
        "along_track_m": 30.0,
        "achieved_heading": 76.68566743492771,
        "target_bearing": 76.04512062356434,
        "fix_type": 6,
        "hacc_m": 0.014,
        "corrupt": false,
        "position_interpolated": true,
        "captured_at_utc": "2026-06-17T16:56:07.484446+00:00"
      },
      "geometry": {
        "type": "Point",
        "coordinates": [
          -114.0163556570293,
          46.697308312946795
        ]
      }
    },
    {
      "type": "Feature",
      "properties": {
        "file": "leg09_m031_b076_2026-06-17T10-56-08.jpg",
        "leg": "leg09",
        "mark_index": 31,
        "along_track_m": 31.0,
        "achieved_heading": 75.67224252322097,
        "target_bearing": 76.04512062356434,
        "fix_type": 6,
        "hacc_m": 0.014,
        "corrupt": false,
        "position_interpolated": true,
        "captured_at_utc": "2026-06-17T16:56:08.544252+00:00"
      },
      "geometry": {
        "type": "Point",
        "coordinates": [
          -114.01634329999999,
          46.6973104
        ]
      }
    },
    {
      "type": "Feature",
      "properties": {
        "file": "leg09_m032_b076_2026-06-17T10-56-09.jpg",
        "leg": "leg09",
        "mark_index": 32,
        "along_track_m": 32.0,
        "achieved_heading": 75.92326306590681,
        "target_bearing": 76.04512062356434,
        "fix_type": 6,
        "hacc_m": 0.014,
        "corrupt": false,
        "position_interpolated": true,
        "captured_at_utc": "2026-06-17T16:56:09.727402+00:00"
      },
      "geometry": {
        "type": "Point",
        "coordinates": [
          -114.0163295,
          46.6973129
        ]
      }
    },
    {
      "type": "Feature",
      "properties": {
        "file": "leg09_m033_b076_2026-06-17T10-56-10.jpg",
        "leg": "leg09",
        "mark_index": 33,
        "along_track_m": 33.0,
        "achieved_heading": 75.8465733802727,
        "target_bearing": 76.04512062356434,
        "fix_type": 6,
        "hacc_m": 0.014,
        "corrupt": false,
        "position_interpolated": true,
        "captured_at_utc": "2026-06-17T16:56:10.708267+00:00"
      },
      "geometry": {
        "type": "Point",
        "coordinates": [
          -114.01631808266703,
          46.697314968231815
        ]
      }
    },
    {
      "type": "Feature",
      "properties": {
        "file": "leg09_m034_b076_2026-06-17T10-56-11.jpg",
        "leg": "leg09",
        "mark_index": 34,
        "along_track_m": 34.0,
        "achieved_heading": 76.01624626562082,
        "target_bearing": 76.04512062356434,
        "fix_type": 6,
        "hacc_m": 0.014,
        "corrupt": false,
        "position_interpolated": true,
        "captured_at_utc": "2026-06-17T16:56:11.755247+00:00"
      },
      "geometry": {
        "type": "Point",
        "coordinates": [
          -114.01630589999999,
          46.697317
        ]
      }
    },
    {
      "type": "Feature",
      "properties": {
        "file": "leg09_m035_b076_2026-06-17T10-56-13.jpg",
        "leg": "leg09",
        "mark_index": 35,
        "along_track_m": 35.0,
        "achieved_heading": 75.34319932175464,
        "target_bearing": 76.04512062356434,
        "fix_type": 6,
        "hacc_m": 0.014,
        "corrupt": false,
        "position_interpolated": true,
        "captured_at_utc": "2026-06-17T16:56:12.946832+00:00"
      },
      "geometry": {
        "type": "Point",
        "coordinates": [
          -114.01629199999999,
          46.6973193
        ]
      }
    },
    {
      "type": "Feature",
      "properties": {
        "file": "leg09_m036_b076_2026-06-17T10-56-14.jpg",
        "leg": "leg09",
        "mark_index": 36,
        "along_track_m": 36.0,
        "achieved_heading": 75.53200395248858,
        "target_bearing": 76.04512062356434,
        "fix_type": 6,
        "hacc_m": 0.014,
        "corrupt": false,
        "position_interpolated": true,
        "captured_at_utc": "2026-06-17T16:56:13.998846+00:00"
      },
      "geometry": {
        "type": "Point",
        "coordinates": [
          -114.0162804,
          46.6973214
        ]
      }
    },
    {
      "type": "Feature",
      "properties": {
        "file": "leg09_m037_b076_2026-06-17T10-56-15.jpg",
        "leg": "leg09",
        "mark_index": 37,
        "along_track_m": 37.0,
        "achieved_heading": 75.47218601246074,
        "target_bearing": 76.04512062356434,
        "fix_type": 6,
        "hacc_m": 0.014,
        "corrupt": false,
        "position_interpolated": true,
        "captured_at_utc": "2026-06-17T16:56:15.047561+00:00"
      },
      "geometry": {
        "type": "Point",
        "coordinates": [
          -114.01626724880548,
          46.69732387228668
        ]
      }
    },
    {
      "type": "Feature",
      "properties": {
        "file": "leg09_m038_b076_2026-06-17T10-56-16.jpg",
        "leg": "leg09",
        "mark_index": 38,
        "along_track_m": 38.0,
        "achieved_heading": 76.05210962265268,
        "target_bearing": 76.04512062356434,
        "fix_type": 6,
        "hacc_m": 0.014,
        "corrupt": false,
        "position_interpolated": true,
        "captured_at_utc": "2026-06-17T16:56:16.171442+00:00"
      },
      "geometry": {
        "type": "Point",
        "coordinates": [
          -114.01625449999999,
          46.6973261
        ]
      }
    },
    {
      "type": "Feature",
      "properties": {
        "file": "leg09_m039_b076_2026-06-17T10-56-17.jpg",
        "leg": "leg09",
        "mark_index": 39,
        "along_track_m": 39.0,
        "achieved_heading": 77.32445671235027,
        "target_bearing": 76.04512062356434,
        "fix_type": 6,
        "hacc_m": 0.014,
        "corrupt": false,
        "position_interpolated": true,
        "captured_at_utc": "2026-06-17T16:56:17.217277+00:00"
      },
      "geometry": {
        "type": "Point",
        "coordinates": [
          -114.01624198025223,
          46.69732817734744
        ]
      }
    },
    {
      "type": "Feature",
      "properties": {
        "file": "leg09_m040_b076_2026-06-17T10-56-18.jpg",
        "leg": "leg09",
        "mark_index": 40,
        "along_track_m": 40.0,
        "achieved_heading": 75.217640920826,
        "target_bearing": 76.04512062356434,
        "fix_type": 6,
        "hacc_m": 0.014,
        "corrupt": false,
        "position_interpolated": true,
        "captured_at_utc": "2026-06-17T16:56:18.271984+00:00"
      },
      "geometry": {
        "type": "Point",
        "coordinates": [
          -114.0162296059311,
          46.69733029139521
        ]
      }
    },
    {
      "type": "Feature",
      "properties": {
        "file": "leg09_m041_b076_2026-06-17T10-56-19.jpg",
        "leg": "leg09",
        "mark_index": 41,
        "along_track_m": 41.0,
        "achieved_heading": 75.00289306585447,
        "target_bearing": 76.04512062356434,
        "fix_type": 6,
        "hacc_m": 0.014,
        "corrupt": false,
        "position_interpolated": true,
        "captured_at_utc": "2026-06-17T16:56:19.388252+00:00"
      },
      "geometry": {
        "type": "Point",
        "coordinates": [
          -114.01621673240139,
          46.697332600121555
        ]
      }
    },
    {
      "type": "Feature",
      "properties": {
        "file": "leg09_m042_b076_2026-06-17T10-56-20.jpg",
        "leg": "leg09",
        "mark_index": 42,
        "along_track_m": 42.0,
        "achieved_heading": 77.27589004607168,
        "target_bearing": 76.04512062356434,
        "fix_type": 6,
        "hacc_m": 0.014,
        "corrupt": false,
        "position_interpolated": true,
        "captured_at_utc": "2026-06-17T16:56:20.575628+00:00"
      },
      "geometry": {
        "type": "Point",
        "coordinates": [
          -114.01620369999999,
          46.6973347
        ]
      }
    },
    {
      "type": "Feature",
      "properties": {
        "file": "leg09_m043_b076_2026-06-17T10-56-21.jpg",
        "leg": "leg09",
        "mark_index": 43,
        "along_track_m": 43.0,
        "achieved_heading": 75.69047658006919,
        "target_bearing": 76.04512062356434,
        "fix_type": 6,
        "hacc_m": 0.014,
        "corrupt": false,
        "position_interpolated": true,
        "captured_at_utc": "2026-06-17T16:56:21.701397+00:00"
      },
      "geometry": {
        "type": "Point",
        "coordinates": [
          -114.01619045372738,
          46.69733686690512
        ]
      }
    },
    {
      "type": "Feature",
      "properties": {
        "file": "leg09_m044_b076_2026-06-17T10-56-22.jpg",
        "leg": "leg09",
        "mark_index": 44,
        "along_track_m": 44.0,
        "achieved_heading": 74.24392365678085,
        "target_bearing": 76.04512062356434,
        "fix_type": 6,
        "hacc_m": 0.014,
        "corrupt": false,
        "position_interpolated": true,
        "captured_at_utc": "2026-06-17T16:56:22.826940+00:00"
      },
      "geometry": {
        "type": "Point",
        "coordinates": [
          -114.01617879999999,
          46.697339
        ]
      }
    },
    {
      "type": "Feature",
      "properties": {
        "file": "leg09_m045_b076_2026-06-17T10-56-24.jpg",
        "leg": "leg09",
        "mark_index": 45,
        "along_track_m": 45.0,
        "achieved_heading": 74.76112981283967,
        "target_bearing": 76.04512062356434,
        "fix_type": 6,
        "hacc_m": 0.014,
        "corrupt": false,
        "position_interpolated": true,
        "captured_at_utc": "2026-06-17T16:56:23.929812+00:00"
      },
      "geometry": {
        "type": "Point",
        "coordinates": [
          -114.0161648,
          46.6973414
        ]
      }
    },
    {
      "type": "Feature",
      "properties": {
        "file": "leg09_m046_b076_2026-06-17T10-56-24.jpg",
        "leg": "leg09",
        "mark_index": 46,
        "along_track_m": 46.0,
        "achieved_heading": 75.73035281376208,
        "target_bearing": 76.04512062356434,
        "fix_type": 6,
        "hacc_m": 0.014,
        "corrupt": false,
        "position_interpolated": true,
        "captured_at_utc": "2026-06-17T16:56:24.924601+00:00"
      },
      "geometry": {
        "type": "Point",
        "coordinates": [
          -114.0161534025801,
          46.697343282159984
        ]
      }
    },
    {
      "type": "Feature",
      "properties": {
        "file": "leg09_m047_b076_2026-06-17T10-56-26.jpg",
        "leg": "leg09",
        "mark_index": 47,
        "along_track_m": 47.0,
        "achieved_heading": 75.00146893204533,
        "target_bearing": 76.04512062356434,
        "fix_type": 6,
        "hacc_m": 0.014,
        "corrupt": false,
        "position_interpolated": true,
        "captured_at_utc": "2026-06-17T16:56:26.131382+00:00"
      },
      "geometry": {
        "type": "Point",
        "coordinates": [
          -114.01613977086309,
          46.697345885827374
        ]
      }
    },
    {
      "type": "Feature",
      "properties": {
        "file": "leg09_m048_b076_2026-06-17T10-56-27.jpg",
        "leg": "leg09",
        "mark_index": 48,
        "along_track_m": 48.0,
        "achieved_heading": 75.6657071260823,
        "target_bearing": 76.04512062356434,
        "fix_type": 6,
        "hacc_m": 0.014,
        "corrupt": false,
        "position_interpolated": true,
        "captured_at_utc": "2026-06-17T16:56:27.370040+00:00"
      },
      "geometry": {
        "type": "Point",
        "coordinates": [
          -114.01612619999999,
          46.697348299999994
        ]
      }
    },
    {
      "type": "Feature",
      "properties": {
        "file": "leg09_m049_b076_2026-06-17T10-56-28.jpg",
        "leg": "leg09",
        "mark_index": 49,
        "along_track_m": 49.0,
        "achieved_heading": 77.80936664169704,
        "target_bearing": 76.04512062356434,
        "fix_type": 6,
        "hacc_m": 0.014,
        "corrupt": false,
        "position_interpolated": true,
        "captured_at_utc": "2026-06-17T16:56:28.349977+00:00"
      },
      "geometry": {
        "type": "Point",
        "coordinates": [
          -114.0161148,
          46.6973501
        ]
      }
    },
    {
      "type": "Feature",
      "properties": {
        "file": "leg09_m050_b076_2026-06-17T10-56-29.jpg",
        "leg": "leg09",
        "mark_index": 50,
        "along_track_m": 50.0,
        "achieved_heading": 77.77372322103825,
        "target_bearing": 76.04512062356434,
        "fix_type": 6,
        "hacc_m": 0.014,
        "corrupt": false,
        "position_interpolated": true,
        "captured_at_utc": "2026-06-17T16:56:29.400127+00:00"
      },
      "geometry": {
        "type": "Point",
        "coordinates": [
          -114.0161017603794,
          46.69735176341227
        ]
      }
    },
    {
      "type": "Feature",
      "properties": {
        "file": "leg09_m051_b076_2026-06-17T10-56-30.jpg",
        "leg": "leg09",
        "mark_index": 51,
        "along_track_m": 51.0,
        "achieved_heading": 76.01519382372625,
        "target_bearing": 76.04512062356434,
        "fix_type": 6,
        "hacc_m": 0.014,
        "corrupt": false,
        "position_interpolated": true,
        "captured_at_utc": "2026-06-17T16:56:30.590040+00:00"
      },
      "geometry": {
        "type": "Point",
        "coordinates": [
          -114.0160894,
          46.6973537
        ]
      }
    },
    {
      "type": "Feature",
      "properties": {
        "file": "leg09_m052_b076_2026-06-17T10-56-31.jpg",
        "leg": "leg09",
        "mark_index": 52,
        "along_track_m": 52.0,
        "achieved_heading": 75.53896122607239,
        "target_bearing": 76.04512062356434,
        "fix_type": 6,
        "hacc_m": 0.014,
        "corrupt": false,
        "position_interpolated": true,
        "captured_at_utc": "2026-06-17T16:56:31.708850+00:00"
      },
      "geometry": {
        "type": "Point",
        "coordinates": [
          -114.01607593164408,
          46.6973560811937
        ]
      }
    },
    {
      "type": "Feature",
      "properties": {
        "file": "leg09_m053_b076_2026-06-17T10-56-32.jpg",
        "leg": "leg09",
        "mark_index": 53,
        "along_track_m": 53.0,
        "achieved_heading": 75.19812353987595,
        "target_bearing": 76.04512062356434,
        "fix_type": 6,
        "hacc_m": 0.014,
        "corrupt": false,
        "position_interpolated": true,
        "captured_at_utc": "2026-06-17T16:56:32.828247+00:00"
      },
      "geometry": {
        "type": "Point",
        "coordinates": [
          -114.01606439999999,
          46.6973586
        ]
      }
    },
    {
      "type": "Feature",
      "properties": {
        "file": "leg09_m054_b076_2026-06-17T10-56-34.jpg",
        "leg": "leg09",
        "mark_index": 54,
        "along_track_m": 54.0,
        "achieved_heading": 77.64118852351272,
        "target_bearing": 76.04512062356434,
        "fix_type": 6,
        "hacc_m": 0.014,
        "corrupt": false,
        "position_interpolated": true,
        "captured_at_utc": "2026-06-17T16:56:33.952550+00:00"
      },
      "geometry": {
        "type": "Point",
        "coordinates": [
          -114.01604979999999,
          46.697361199999996
        ]
      }
    },
    {
      "type": "Feature",
      "properties": {
        "file": "leg09_m055_b076_2026-06-17T10-56-34.jpg",
        "leg": "leg09",
        "mark_index": 55,
        "along_track_m": 55.0,
        "achieved_heading": 77.89667314263582,
        "target_bearing": 76.04512062356434,
        "fix_type": 6,
        "hacc_m": 0.014,
        "corrupt": false,
        "position_interpolated": true,
        "captured_at_utc": "2026-06-17T16:56:34.937137+00:00"
      },
      "geometry": {
        "type": "Point",
        "coordinates": [
          -114.0160382,
          46.6973628
        ]
      }
    },
    {
      "type": "Feature",
      "properties": {
        "file": "leg09_m056_b076_2026-06-17T10-56-36.jpg",
        "leg": "leg09",
        "mark_index": 56,
        "along_track_m": 56.0,
        "achieved_heading": 75.43239753310903,
        "target_bearing": 76.04512062356434,
        "fix_type": 6,
        "hacc_m": 0.014,
        "corrupt": false,
        "position_interpolated": true,
        "captured_at_utc": "2026-06-17T16:56:36.117257+00:00"
      },
      "geometry": {
        "type": "Point",
        "coordinates": [
          -114.01602417840658,
          46.69736476897276
        ]
      }
    },
    {
      "type": "Feature",
      "properties": {
        "file": "leg09_m057_b076_2026-06-17T10-56-37.jpg",
        "leg": "leg09",
        "mark_index": 57,
        "along_track_m": 57.0,
        "achieved_heading": 73.14622643022206,
        "target_bearing": 76.04512062356434,
        "fix_type": 6,
        "hacc_m": 0.014,
        "corrupt": false,
        "position_interpolated": true,
        "captured_at_utc": "2026-06-17T16:56:37.246268+00:00"
      },
      "geometry": {
        "type": "Point",
        "coordinates": [
          -114.01601269999999,
          46.6973669
        ]
      }
    },
    {
      "type": "Feature",
      "properties": {
        "file": "leg09_m058_b076_2026-06-17T10-56-38.jpg",
        "leg": "leg09",
        "mark_index": 58,
        "along_track_m": 58.0,
        "achieved_heading": 74.61477026621576,
        "target_bearing": 76.04512062356434,
        "fix_type": 6,
        "hacc_m": 0.014,
        "corrupt": false,
        "position_interpolated": true,
        "captured_at_utc": "2026-06-17T16:56:38.366099+00:00"
      },
      "geometry": {
        "type": "Point",
        "coordinates": [
          -114.0159991,
          46.6973693
        ]
      }
    },
    {
      "type": "Feature",
      "properties": {
        "file": "leg09_m059_b076_2026-06-17T10-56-39.jpg",
        "leg": "leg09",
        "mark_index": 59,
        "along_track_m": 59.0,
        "achieved_heading": 74.59132246094275,
        "target_bearing": 76.04512062356434,
        "fix_type": 6,
        "hacc_m": 0.014,
        "corrupt": false,
        "position_interpolated": true,
        "captured_at_utc": "2026-06-17T16:56:39.487852+00:00"
      },
      "geometry": {
        "type": "Point",
        "coordinates": [
          -114.01598624965628,
          46.69737152179891
        ]
      }
    },
    {
      "type": "Feature",
      "properties": {
        "file": "leg09_m060_b076_2026-06-17T10-56-40.jpg",
        "leg": "leg09",
        "mark_index": 60,
        "along_track_m": 60.0,
        "achieved_heading": 77.07376416548337,
        "target_bearing": 76.04512062356434,
        "fix_type": 6,
        "hacc_m": 0.014,
        "corrupt": false,
        "position_interpolated": true,
        "captured_at_utc": "2026-06-17T16:56:40.468450+00:00"
      },
      "geometry": {
        "type": "Point",
        "coordinates": [
          -114.01597506786953,
          46.69737347278675
        ]
      }
    },
    {
      "type": "Feature",
      "properties": {
        "file": "leg09_m061_b076_2026-06-17T10-56-41.jpg",
        "leg": "leg09",
        "mark_index": 61,
        "along_track_m": 61.0,
        "achieved_heading": 79.53342162486709,
        "target_bearing": 76.04512062356434,
        "fix_type": 6,
        "hacc_m": 0.014,
        "corrupt": false,
        "position_interpolated": true,
        "captured_at_utc": "2026-06-17T16:56:41.657124+00:00"
      },
      "geometry": {
        "type": "Point",
        "coordinates": [
          -114.01596152216821,
          46.697375534348346
        ]
      }
    },
    {
      "type": "Feature",
      "properties": {
        "file": "leg09_m062_b076_2026-06-17T10-56-42.jpg",
        "leg": "leg09",
        "mark_index": 62,
        "along_track_m": 62.0,
        "achieved_heading": 77.21970008317666,
        "target_bearing": 76.04512062356434,
        "fix_type": 6,
        "hacc_m": 0.014,
        "corrupt": false,
        "position_interpolated": true,
        "captured_at_utc": "2026-06-17T16:56:42.771026+00:00"
      },
      "geometry": {
        "type": "Point",
        "coordinates": [
          -114.0159494,
          46.6973772
        ]
      }
    }
  ]
}