{
  "type": "FeatureCollection",
  "name": "captures",
  "crs": {
    "type": "name",
    "properties": {
      "name": "urn:ogc:def:crs:OGC:1.3:CRS84"
    }
  },
  "features": [
    {
      "type": "Feature",
      "properties": {
        "file": "leg01_m000_b020_2026-06-19T10-35-59.jpg",
        "leg": "leg01",
        "mark_index": 0,
        "along_track_m": 0.0,
        "achieved_heading": 16.690160800133867,
        "target_bearing": 20.07275696369129,
        "fix_type": 6,
        "hacc_m": 0.014,
        "corrupt": false,
        "position_interpolated": true,
        "captured_at_utc": "2026-06-19T16:35:59.375977+00:00"
      },
      "geometry": {
        "type": "Point",
        "coordinates": [
          -114.00504629999999,
          46.6752512
        ]
      }
    },
    {
      "type": "Feature",
      "properties": {
        "file": "leg01_m001_b020_2026-06-19T10-36-00.jpg",
        "leg": "leg01",
        "mark_index": 1,
        "along_track_m": 1.0,
        "achieved_heading": 9.857925572096406,
        "target_bearing": 20.07275696369129,
        "fix_type": 6,
        "hacc_m": 0.014,
        "corrupt": false,
        "position_interpolated": true,
        "captured_at_utc": "2026-06-19T16:36:00.921772+00:00"
      },
      "geometry": {
        "type": "Point",
        "coordinates": [
          -114.00504275979438,
          46.67525922061684
        ]
      }
    },
    {
      "type": "Feature",
      "properties": {
        "file": "leg01_m002_b020_2026-06-19T10-36-02.jpg",
        "leg": "leg01",
        "mark_index": 2,
        "along_track_m": 2.0,
        "achieved_heading": 11.33896417673003,
        "target_bearing": 20.07275696369129,
        "fix_type": 6,
        "hacc_m": 0.014,
        "corrupt": false,
        "position_interpolated": true,
        "captured_at_utc": "2026-06-19T16:36:02.038986+00:00"
      },
      "geometry": {
        "type": "Point",
        "coordinates": [
          -114.0050395,
          46.6752678
        ]
      }
    },
    {
      "type": "Feature",
      "properties": {
        "file": "leg01_m003_b020_2026-06-19T10-36-03.jpg",
        "leg": "leg01",
        "mark_index": 3,
        "along_track_m": 3.0,
        "achieved_heading": 16.67893082734929,
        "target_bearing": 20.07275696369129,
        "fix_type": 6,
        "hacc_m": 0.014,
        "corrupt": false,
        "position_interpolated": true,
        "captured_at_utc": "2026-06-19T16:36:03.095324+00:00"
      },
      "geometry": {
        "type": "Point",
        "coordinates": [
          -114.00503508622171,
          46.67527722114416
        ]
      }
    },
    {
      "type": "Feature",
      "properties": {
        "file": "leg01_m004_b020_2026-06-19T10-36-04.jpg",
        "leg": "leg01",
        "mark_index": 4,
        "along_track_m": 4.0,
        "achieved_heading": 20.728467507419907,
        "target_bearing": 20.07275696369129,
        "fix_type": 6,
        "hacc_m": 0.014,
        "corrupt": false,
        "position_interpolated": true,
        "captured_at_utc": "2026-06-19T16:36:04.068102+00:00"
      },
      "geometry": {
        "type": "Point",
        "coordinates": [
          -114.00503070198494,
          46.67528499702259
        ]
      }
    },
    {
      "type": "Feature",
      "properties": {
        "file": "leg01_m005_b020_2026-06-19T10-36-05.jpg",
        "leg": "leg01",
        "mark_index": 5,
        "along_track_m": 5.0,
        "achieved_heading": 20.399933507691912,
        "target_bearing": 20.07275696369129,
        "fix_type": 6,
        "hacc_m": 0.014,
        "corrupt": false,
        "position_interpolated": true,
        "captured_at_utc": "2026-06-19T16:36:05.128175+00:00"
      },
      "geometry": {
        "type": "Point",
        "coordinates": [
          -114.00502512418832,
          46.67529348887984
        ]
      }
    },
    {
      "type": "Feature",
      "properties": {
        "file": "leg01_m006_b020_2026-06-19T10-36-06.jpg",
        "leg": "leg01",
        "mark_index": 6,
        "along_track_m": 6.0,
        "achieved_heading": 17.1042012457562,
        "target_bearing": 20.07275696369129,
        "fix_type": 6,
        "hacc_m": 0.014,
        "corrupt": false,
        "position_interpolated": true,
        "captured_at_utc": "2026-06-19T16:36:06.173930+00:00"
      },
      "geometry": {
        "type": "Point",
        "coordinates": [
          -114.00502039999999,
          46.675301499999996
        ]
      }
    },
    {
      "type": "Feature",
      "properties": {
        "file": "leg01_m007_b020_2026-06-19T10-36-07.jpg",
        "leg": "leg01",
        "mark_index": 7,
        "along_track_m": 7.0,
        "achieved_heading": 15.73711597404889,
        "target_bearing": 20.07275696369129,
        "fix_type": 6,
        "hacc_m": 0.014,
        "corrupt": false,
        "position_interpolated": true,
        "captured_at_utc": "2026-06-19T16:36:07.219775+00:00"
      },
      "geometry": {
        "type": "Point",
        "coordinates": [
          -114.00501609999999,
          46.6753096
        ]
      }
    },
    {
      "type": "Feature",
      "properties": {
        "file": "leg01_m008_b020_2026-06-19T10-36-08.jpg",
        "leg": "leg01",
        "mark_index": 8,
        "along_track_m": 8.0,
        "achieved_heading": 16.974443717504812,
        "target_bearing": 20.07275696369129,
        "fix_type": 6,
        "hacc_m": 0.014,
        "corrupt": false,
        "position_interpolated": true,
        "captured_at_utc": "2026-06-19T16:36:08.128837+00:00"
      },
      "geometry": {
        "type": "Point",
        "coordinates": [
          -114.00501243721233,
          46.67531792557533
        ]
      }
    },
    {
      "type": "Feature",
      "properties": {
        "file": "leg01_m009_b020_2026-06-19T10-36-09.jpg",
        "leg": "leg01",
        "mark_index": 9,
        "along_track_m": 9.0,
        "achieved_heading": 17.827399987058357,
        "target_bearing": 20.07275696369129,
        "fix_type": 6,
        "hacc_m": 0.014,
        "corrupt": false,
        "position_interpolated": true,
        "captured_at_utc": "2026-06-19T16:36:09.318746+00:00"
      },
      "geometry": {
        "type": "Point",
        "coordinates": [
          -114.00500731789603,
          46.67532797599752
        ]
      }
    },
    {
      "type": "Feature",
      "properties": {
        "file": "leg01_m010_b020_2026-06-19T10-36-10.jpg",
        "leg": "leg01",
        "mark_index": 10,
        "along_track_m": 10.0,
        "achieved_heading": 19.214362178013687,
        "target_bearing": 20.07275696369129,
        "fix_type": 6,
        "hacc_m": 0.014,
        "corrupt": false,
        "position_interpolated": true,
        "captured_at_utc": "2026-06-19T16:36:10.304021+00:00"
      },
      "geometry": {
        "type": "Point",
        "coordinates": [
          -114.00500309033445,
          46.67533601933106
        ]
      }
    },
    {
      "type": "Feature",
      "properties": {
        "file": "leg01_m011_b020_2026-06-19T10-36-11.jpg",
        "leg": "leg01",
        "mark_index": 11,
        "along_track_m": 11.0,
        "achieved_heading": 20.248306944433523,
        "target_bearing": 20.07275696369129,
        "fix_type": 6,
        "hacc_m": 0.014,
        "corrupt": false,
        "position_interpolated": true,
        "captured_at_utc": "2026-06-19T16:36:11.347887+00:00"
      },
      "geometry": {
        "type": "Point",
        "coordinates": [
          -114.0049981,
          46.6753445
        ]
      }
    },
    {
      "type": "Feature",
      "properties": {
        "file": "leg01_m012_b020_2026-06-19T10-36-12.jpg",
        "leg": "leg01",
        "mark_index": 12,
        "along_track_m": 12.0,
        "achieved_heading": 19.58400989050756,
        "target_bearing": 20.07275696369129,
        "fix_type": 6,
        "hacc_m": 0.014,
        "corrupt": false,
        "position_interpolated": true,
        "captured_at_utc": "2026-06-19T16:36:12.331943+00:00"
      },
      "geometry": {
        "type": "Point",
        "coordinates": [
          -114.00499315299237,
          46.67535211167938
        ]
      }
    },
    {
      "type": "Feature",
      "properties": {
        "file": "leg01_m013_b020_2026-06-19T10-36-13.jpg",
        "leg": "leg01",
        "mark_index": 13,
        "along_track_m": 13.0,
        "achieved_heading": 17.26803891086996,
        "target_bearing": 20.07275696369129,
        "fix_type": 6,
        "hacc_m": 0.014,
        "corrupt": false,
        "position_interpolated": true,
        "captured_at_utc": "2026-06-19T16:36:13.375065+00:00"
      },
      "geometry": {
        "type": "Point",
        "coordinates": [
          -114.0049885,
          46.6753601
        ]
      }
    },
    {
      "type": "Feature",
      "properties": {
        "file": "leg01_m014_b020_2026-06-19T10-36-14.jpg",
        "leg": "leg01",
        "mark_index": 14,
        "along_track_m": 14.0,
        "achieved_heading": 16.806877690824763,
        "target_bearing": 20.07275696369129,
        "fix_type": 6,
        "hacc_m": 0.014,
        "corrupt": false,
        "position_interpolated": true,
        "captured_at_utc": "2026-06-19T16:36:14.431846+00:00"
      },
      "geometry": {
        "type": "Point",
        "coordinates": [
          -114.00498429999999,
          46.6753686
        ]
      }
    },
    {
      "type": "Feature",
      "properties": {
        "file": "leg01_m015_b020_2026-06-19T10-36-15.jpg",
        "leg": "leg01",
        "mark_index": 15,
        "along_track_m": 15.0,
        "achieved_heading": 17.639918139223994,
        "target_bearing": 20.07275696369129,
        "fix_type": 6,
        "hacc_m": 0.014,
        "corrupt": false,
        "position_interpolated": true,
        "captured_at_utc": "2026-06-19T16:36:15.551492+00:00"
      },
      "geometry": {
        "type": "Point",
        "coordinates": [
          -114.0049792,
          46.675378599999995
        ]
      }
    },
    {
      "type": "Feature",
      "properties": {
        "file": "leg01_m016_b020_2026-06-19T10-36-16.jpg",
        "leg": "leg01",
        "mark_index": 16,
        "along_track_m": 16.0,
        "achieved_heading": 18.410002313608402,
        "target_bearing": 20.07275696369129,
        "fix_type": 6,
        "hacc_m": 0.014,
        "corrupt": false,
        "position_interpolated": true,
        "captured_at_utc": "2026-06-19T16:36:16.459667+00:00"
      },
      "geometry": {
        "type": "Point",
        "coordinates": [
          -114.00497511396392,
          46.675385752416105
        ]
      }
    },
    {
      "type": "Feature",
      "properties": {
        "file": "leg01_m017_b020_2026-06-19T10-36-17.jpg",
        "leg": "leg01",
        "mark_index": 17,
        "along_track_m": 17.0,
        "achieved_heading": 17.27897701803488,
        "target_bearing": 20.07275696369129,
        "fix_type": 6,
        "hacc_m": 0.014,
        "corrupt": false,
        "position_interpolated": true,
        "captured_at_utc": "2026-06-19T16:36:17.441497+00:00"
      },
      "geometry": {
        "type": "Point",
        "coordinates": [
          -114.00497088720748,
          46.67539406812274
        ]
      }
    },
    {
      "type": "Feature",
      "properties": {
        "file": "leg01_m018_b020_2026-06-19T10-36-18.jpg",
        "leg": "leg01",
        "mark_index": 18,
        "along_track_m": 18.0,
        "achieved_heading": 17.67007597564327,
        "target_bearing": 20.07275696369129,
        "fix_type": 6,
        "hacc_m": 0.014,
        "corrupt": false,
        "position_interpolated": true,
        "captured_at_utc": "2026-06-19T16:36:18.559236+00:00"
      },
      "geometry": {
        "type": "Point",
        "coordinates": [
          -114.004966,
          46.6754031
        ]
      }
    },
    {
      "type": "Feature",
      "properties": {
        "file": "leg01_m019_b020_2026-06-19T10-36-19.jpg",
        "leg": "leg01",
        "mark_index": 19,
        "along_track_m": 19.0,
        "achieved_heading": 18.677432894149263,
        "target_bearing": 20.07275696369129,
        "fix_type": 6,
        "hacc_m": 0.014,
        "corrupt": false,
        "position_interpolated": true,
        "captured_at_utc": "2026-06-19T16:36:19.544848+00:00"
      },
      "geometry": {
        "type": "Point",
        "coordinates": [
          -114.0049612,
          46.6754113
        ]
      }
    },
    {
      "type": "Feature",
      "properties": {
        "file": "leg01_m020_b020_2026-06-19T10-36-20.jpg",
        "leg": "leg01",
        "mark_index": 20,
        "along_track_m": 20.0,
        "achieved_heading": 16.965613744318944,
        "target_bearing": 20.07275696369129,
        "fix_type": 6,
        "hacc_m": 0.014,
        "corrupt": false,
        "position_interpolated": true,
        "captured_at_utc": "2026-06-19T16:36:20.595083+00:00"
      },
      "geometry": {
        "type": "Point",
        "coordinates": [
          -114.0049571,
          46.675419399999996
        ]
      }
    },
    {
      "type": "Feature",
      "properties": {
        "file": "leg01_m021_b020_2026-06-19T10-36-21.jpg",
        "leg": "leg01",
        "mark_index": 21,
        "along_track_m": 21.0,
        "achieved_heading": 17.407809046698105,
        "target_bearing": 20.07275696369129,
        "fix_type": 6,
        "hacc_m": 0.014,
        "corrupt": false,
        "position_interpolated": true,
        "captured_at_utc": "2026-06-19T16:36:21.570389+00:00"
      },
      "geometry": {
        "type": "Point",
        "coordinates": [
          -114.0049526,
          46.6754276
        ]
      }
    },
    {
      "type": "Feature",
      "properties": {
        "file": "leg01_m022_b020_2026-06-19T10-36-22.jpg",
        "leg": "leg01",
        "mark_index": 22,
        "along_track_m": 22.0,
        "achieved_heading": 17.847846422756447,
        "target_bearing": 20.07275696369129,
        "fix_type": 6,
        "hacc_m": 0.014,
        "corrupt": false,
        "position_interpolated": true,
        "captured_at_utc": "2026-06-19T16:36:22.694439+00:00"
      },
      "geometry": {
        "type": "Point",
        "coordinates": [
          -114.00494733817601,
          46.67543678319197
        ]
      }
    },
    {
      "type": "Feature",
      "properties": {
        "file": "leg01_m023_b020_2026-06-19T10-36-23.jpg",
        "leg": "leg01",
        "mark_index": 23,
        "along_track_m": 23.0,
        "achieved_heading": 16.535264724239198,
        "target_bearing": 20.07275696369129,
        "fix_type": 6,
        "hacc_m": 0.014,
        "corrupt": false,
        "position_interpolated": true,
        "captured_at_utc": "2026-06-19T16:36:23.739813+00:00"
      },
      "geometry": {
        "type": "Point",
        "coordinates": [
          -114.00494291007676,
          46.67544527984644
        ]
      }
    },
    {
      "type": "Feature",
      "properties": {
        "file": "leg01_m024_b020_2026-06-19T10-36-24.jpg",
        "leg": "leg01",
        "mark_index": 24,
        "along_track_m": 24.0,
        "achieved_heading": 16.528503881766312,
        "target_bearing": 20.07275696369129,
        "fix_type": 6,
        "hacc_m": 0.014,
        "corrupt": false,
        "position_interpolated": true,
        "captured_at_utc": "2026-06-19T16:36:24.716546+00:00"
      },
      "geometry": {
        "type": "Point",
        "coordinates": [
          -114.004938900189,
          46.67545339962197
        ]
      }
    },
    {
      "type": "Feature",
      "properties": {
        "file": "leg01_m025_b020_2026-06-19T10-36-25.jpg",
        "leg": "leg01",
        "mark_index": 25,
        "along_track_m": 25.0,
        "achieved_heading": 18.708721561100788,
        "target_bearing": 20.07275696369129,
        "fix_type": 6,
        "hacc_m": 0.014,
        "corrupt": false,
        "position_interpolated": true,
        "captured_at_utc": "2026-06-19T16:36:25.844474+00:00"
      },
      "geometry": {
        "type": "Point",
        "coordinates": [
          -114.0049346,
          46.675461899999995
        ]
      }
    },
    {
      "type": "Feature",
      "properties": {
        "file": "leg01_m026_b020_2026-06-19T10-36-26.jpg",
        "leg": "leg01",
        "mark_index": 26,
        "along_track_m": 26.0,
        "achieved_heading": 20.6112462941868,
        "target_bearing": 20.07275696369129,
        "fix_type": 6,
        "hacc_m": 0.014,
        "corrupt": false,
        "position_interpolated": true,
        "captured_at_utc": "2026-06-19T16:36:26.751755+00:00"
      },
      "geometry": {
        "type": "Point",
        "coordinates": [
          -114.00493,
          46.6754703
        ]
      }
    },
    {
      "type": "Feature",
      "properties": {
        "file": "leg01_m027_b020_2026-06-19T10-36-27.jpg",
        "leg": "leg01",
        "mark_index": 27,
        "along_track_m": 27.0,
        "achieved_heading": 19.125160297845014,
        "target_bearing": 20.07275696369129,
        "fix_type": 6,
        "hacc_m": 0.014,
        "corrupt": false,
        "position_interpolated": true,
        "captured_at_utc": "2026-06-19T16:36:27.799807+00:00"
      },
      "geometry": {
        "type": "Point",
        "coordinates": [
          -114.0049251,
          46.675478299999995
        ]
      }
    },
    {
      "type": "Feature",
      "properties": {
        "file": "leg01_m028_b020_2026-06-19T10-36-29.jpg",
        "leg": "leg01",
        "mark_index": 28,
        "along_track_m": 28.0,
        "achieved_heading": 16.492162305705392,
        "target_bearing": 20.07275696369129,
        "fix_type": 6,
        "hacc_m": 0.014,
        "corrupt": false,
        "position_interpolated": true,
        "captured_at_utc": "2026-06-19T16:36:28.921666+00:00"
      },
      "geometry": {
        "type": "Point",
        "coordinates": [
          -114.00492015499623,
          46.675487944177334
        ]
      }
    },
    {
      "type": "Feature",
      "properties": {
        "file": "leg01_m029_b020_2026-06-19T10-36-29.jpg",
        "leg": "leg01",
        "mark_index": 29,
        "along_track_m": 29.0,
        "achieved_heading": 16.508841188642634,
        "target_bearing": 20.07275696369129,
        "fix_type": 6,
        "hacc_m": 0.014,
        "corrupt": false,
        "position_interpolated": true,
        "captured_at_utc": "2026-06-19T16:36:29.910977+00:00"
      },
      "geometry": {
        "type": "Point",
        "coordinates": [
          -114.004916012048,
          46.67549611187656
        ]
      }
    },
    {
      "type": "Feature",
      "properties": {
        "file": "leg01_m030_b020_2026-06-19T10-36-31.jpg",
        "leg": "leg01",
        "mark_index": 30,
        "along_track_m": 30.0,
        "achieved_heading": 17.89539780636636,
        "target_bearing": 20.07275696369129,
        "fix_type": 6,
        "hacc_m": 0.014,
        "corrupt": false,
        "position_interpolated": true,
        "captured_at_utc": "2026-06-19T16:36:30.957763+00:00"
      },
      "geometry": {
        "type": "Point",
        "coordinates": [
          -114.0049119,
          46.6755048
        ]
      }
    },
    {
      "type": "Feature",
      "properties": {
        "file": "leg01_m031_b020_2026-06-19T10-36-32.jpg",
        "leg": "leg01",
        "mark_index": 31,
        "along_track_m": 31.0,
        "achieved_heading": 19.005062277593254,
        "target_bearing": 20.07275696369129,
        "fix_type": 6,
        "hacc_m": 0.014,
        "corrupt": false,
        "position_interpolated": true,
        "captured_at_utc": "2026-06-19T16:36:31.934714+00:00"
      },
      "geometry": {
        "type": "Point",
        "coordinates": [
          -114.00490751544567,
          46.67551276717796
        ]
      }
    },
    {
      "type": "Feature",
      "properties": {
        "file": "leg01_m032_b020_2026-06-19T10-36-32.jpg",
        "leg": "leg01",
        "mark_index": 32,
        "along_track_m": 32.0,
        "achieved_heading": 18.71722801529728,
        "target_bearing": 20.07275696369129,
        "fix_type": 6,
        "hacc_m": 0.014,
        "corrupt": false,
        "position_interpolated": true,
        "captured_at_utc": "2026-06-19T16:36:32.911002+00:00"
      },
      "geometry": {
        "type": "Point",
        "coordinates": [
          -114.00490308873236,
          46.67552055211273
        ]
      }
    },
    {
      "type": "Feature",
      "properties": {
        "file": "leg01_m033_b020_2026-06-19T10-36-34.jpg",
        "leg": "leg01",
        "mark_index": 33,
        "along_track_m": 33.0,
        "achieved_heading": 19.071721095564385,
        "target_bearing": 20.07275696369129,
        "fix_type": 6,
        "hacc_m": 0.014,
        "corrupt": false,
        "position_interpolated": true,
        "captured_at_utc": "2026-06-19T16:36:33.962862+00:00"
      },
      "geometry": {
        "type": "Point",
        "coordinates": [
          -114.0048982,
          46.6755291
        ]
      }
    },
    {
      "type": "Feature",
      "properties": {
        "file": "leg01_m034_b020_2026-06-19T10-36-34.jpg",
        "leg": "leg01",
        "mark_index": 34,
        "along_track_m": 34.0,
        "achieved_heading": 17.496195491488493,
        "target_bearing": 20.07275696369129,
        "fix_type": 6,
        "hacc_m": 0.014,
        "corrupt": false,
        "position_interpolated": true,
        "captured_at_utc": "2026-06-19T16:36:34.945261+00:00"
      },
      "geometry": {
        "type": "Point",
        "coordinates": [
          -114.00489379999999,
          46.675537299999995
        ]
      }
    },
    {
      "type": "Feature",
      "properties": {
        "file": "leg01_m035_b020_2026-06-19T10-36-36.jpg",
        "leg": "leg01",
        "mark_index": 35,
        "along_track_m": 35.0,
        "achieved_heading": 17.564869288977945,
        "target_bearing": 20.07275696369129,
        "fix_type": 6,
        "hacc_m": 0.014,
        "corrupt": false,
        "position_interpolated": true,
        "captured_at_utc": "2026-06-19T16:36:36.064390+00:00"
      },
      "geometry": {
        "type": "Point",
        "coordinates": [
          -114.00488900342556,
          46.67554654980237
        ]
      }
    },
    {
      "type": "Feature",
      "properties": {
        "file": "leg01_m036_b020_2026-06-19T10-36-37.jpg",
        "leg": "leg01",
        "mark_index": 36,
        "along_track_m": 36.0,
        "achieved_heading": 18.16585309957827,
        "target_bearing": 20.07275696369129,
        "fix_type": 6,
        "hacc_m": 0.014,
        "corrupt": false,
        "position_interpolated": true,
        "captured_at_utc": "2026-06-19T16:36:37.180316+00:00"
      },
      "geometry": {
        "type": "Point",
        "coordinates": [
          -114.0048844,
          46.6755553
        ]
      }
    },
    {
      "type": "Feature",
      "properties": {
        "file": "leg01_m037_b020_2026-06-19T10-36-38.jpg",
        "leg": "leg01",
        "mark_index": 37,
        "along_track_m": 37.0,
        "achieved_heading": 18.116112596070366,
        "target_bearing": 20.07275696369129,
        "fix_type": 6,
        "hacc_m": 0.014,
        "corrupt": false,
        "position_interpolated": true,
        "captured_at_utc": "2026-06-19T16:36:38.098086+00:00"
      },
      "geometry": {
        "type": "Point",
        "coordinates": [
          -114.00488044363084,
          46.67556306687848
        ]
      }
    },
    {
      "type": "Feature",
      "properties": {
        "file": "leg01_m038_b020_2026-06-19T10-36-39.jpg",
        "leg": "leg01",
        "mark_index": 38,
        "along_track_m": 38.0,
        "achieved_heading": 18.802383093307412,
        "target_bearing": 20.07275696369129,
        "fix_type": 6,
        "hacc_m": 0.014,
        "corrupt": false,
        "position_interpolated": true,
        "captured_at_utc": "2026-06-19T16:36:39.215512+00:00"
      },
      "geometry": {
        "type": "Point",
        "coordinates": [
          -114.00487609999999,
          46.6755717
        ]
      }
    },
    {
      "type": "Feature",
      "properties": {
        "file": "leg01_m039_b020_2026-06-19T10-36-40.jpg",
        "leg": "leg01",
        "mark_index": 39,
        "along_track_m": 39.0,
        "achieved_heading": 19.46146254898906,
        "target_bearing": 20.07275696369129,
        "fix_type": 6,
        "hacc_m": 0.014,
        "corrupt": false,
        "position_interpolated": true,
        "captured_at_utc": "2026-06-19T16:36:40.337437+00:00"
      },
      "geometry": {
        "type": "Point",
        "coordinates": [
          -114.00487110337448,
          46.675581294600796
        ]
      }
    },
    {
      "type": "Feature",
      "properties": {
        "file": "leg01_m040_b020_2026-06-19T10-36-41.jpg",
        "leg": "leg01",
        "mark_index": 40,
        "along_track_m": 40.0,
        "achieved_heading": 20.039103434209153,
        "target_bearing": 20.07275696369129,
        "fix_type": 6,
        "hacc_m": 0.014,
        "corrupt": false,
        "position_interpolated": true,
        "captured_at_utc": "2026-06-19T16:36:41.247368+00:00"
      },
      "geometry": {
        "type": "Point",
        "coordinates": [
          -114.0048669031737,
          46.67558864460469
        ]
      }
    },
    {
      "type": "Feature",
      "properties": {
        "file": "leg01_m041_b020_2026-06-19T10-36-42.jpg",
        "leg": "leg01",
        "mark_index": 41,
        "along_track_m": 41.0,
        "achieved_heading": 17.9911582112087,
        "target_bearing": 20.07275696369129,
        "fix_type": 6,
        "hacc_m": 0.014,
        "corrupt": false,
        "position_interpolated": true,
        "captured_at_utc": "2026-06-19T16:36:42.360646+00:00"
      },
      "geometry": {
        "type": "Point",
        "coordinates": [
          -114.0048621,
          46.6755974
        ]
      }
    },
    {
      "type": "Feature",
      "properties": {
        "file": "leg01_m042_b020_2026-06-19T10-36-43.jpg",
        "leg": "leg01",
        "mark_index": 42,
        "along_track_m": 42.0,
        "achieved_heading": 17.757270853415037,
        "target_bearing": 20.07275696369129,
        "fix_type": 6,
        "hacc_m": 0.014,
        "corrupt": false,
        "position_interpolated": true,
        "captured_at_utc": "2026-06-19T16:36:43.341353+00:00"
      },
      "geometry": {
        "type": "Point",
        "coordinates": [
          -114.00485790244802,
          46.675605694754225
        ]
      }
    },
    {
      "type": "Feature",
      "properties": {
        "file": "leg01_m043_b020_2026-06-19T10-36-44.jpg",
        "leg": "leg01",
        "mark_index": 43,
        "along_track_m": 43.0,
        "achieved_heading": 18.476344058754762,
        "target_bearing": 20.07275696369129,
        "fix_type": 6,
        "hacc_m": 0.014,
        "corrupt": false,
        "position_interpolated": true,
        "captured_at_utc": "2026-06-19T16:36:44.395270+00:00"
      },
      "geometry": {
        "type": "Point",
        "coordinates": [
          -114.0048537,
          46.675613899999995
        ]
      }
    },
    {
      "type": "Feature",
      "properties": {
        "file": "leg01_m044_b020_2026-06-19T10-36-45.jpg",
        "leg": "leg01",
        "mark_index": 44,
        "along_track_m": 44.0,
        "achieved_heading": 20.742846616679515,
        "target_bearing": 20.07275696369129,
        "fix_type": 6,
        "hacc_m": 0.014,
        "corrupt": false,
        "position_interpolated": true,
        "captured_at_utc": "2026-06-19T16:36:45.305704+00:00"
      },
      "geometry": {
        "type": "Point",
        "coordinates": [
          -114.00484938947909,
          46.67562175893763
        ]
      }
    },
    {
      "type": "Feature",
      "properties": {
        "file": "leg01_m045_b020_2026-06-19T10-36-46.jpg",
        "leg": "leg01",
        "mark_index": 45,
        "along_track_m": 45.0,
        "achieved_heading": 19.279117372789074,
        "target_bearing": 20.07275696369129,
        "fix_type": 6,
        "hacc_m": 0.014,
        "corrupt": false,
        "position_interpolated": true,
        "captured_at_utc": "2026-06-19T16:36:46.429438+00:00"
      },
      "geometry": {
        "type": "Point",
        "coordinates": [
          -114.00484430036828,
          46.67563096605284
        ]
      }
    },
    {
      "type": "Feature",
      "properties": {
        "file": "leg01_m046_b020_2026-06-19T10-36-47.jpg",
        "leg": "leg01",
        "mark_index": 46,
        "along_track_m": 46.0,
        "achieved_heading": 18.53668973115066,
        "target_bearing": 20.07275696369129,
        "fix_type": 6,
        "hacc_m": 0.014,
        "corrupt": false,
        "position_interpolated": true,
        "captured_at_utc": "2026-06-19T16:36:47.563144+00:00"
      },
      "geometry": {
        "type": "Point",
        "coordinates": [
          -114.00483919999999,
          46.6756398
        ]
      }
    },
    {
      "type": "Feature",
      "properties": {
        "file": "leg01_m047_b020_2026-06-19T10-36-48.jpg",
        "leg": "leg01",
        "mark_index": 47,
        "along_track_m": 47.0,
        "achieved_heading": 17.4407858693433,
        "target_bearing": 20.07275696369129,
        "fix_type": 6,
        "hacc_m": 0.014,
        "corrupt": false,
        "position_interpolated": true,
        "captured_at_utc": "2026-06-19T16:36:48.602667+00:00"
      },
      "geometry": {
        "type": "Point",
        "coordinates": [
          -114.00483489999999,
          46.6756483
        ]
      }
    },
    {
      "type": "Feature",
      "properties": {
        "file": "leg01_m048_b020_2026-06-19T10-36-49.jpg",
        "leg": "leg01",
        "mark_index": 48,
        "along_track_m": 48.0,
        "achieved_heading": 18.924211680188307,
        "target_bearing": 20.07275696369129,
        "fix_type": 6,
        "hacc_m": 0.014,
        "corrupt": false,
        "position_interpolated": true,
        "captured_at_utc": "2026-06-19T16:36:49.497463+00:00"
      },
      "geometry": {
        "type": "Point",
        "coordinates": [
          -114.00483115645939,
          46.675655997675854
        ]
      }
    },
    {
      "type": "Feature",
      "properties": {
        "file": "leg01_m049_b020_2026-06-19T10-36-50.jpg",
        "leg": "leg01",
        "mark_index": 49,
        "along_track_m": 49.0,
        "achieved_heading": 20.485614534513445,
        "target_bearing": 20.07275696369129,
        "fix_type": 6,
        "hacc_m": 0.014,
        "corrupt": false,
        "position_interpolated": true,
        "captured_at_utc": "2026-06-19T16:36:50.563607+00:00"
      },
      "geometry": {
        "type": "Point",
        "coordinates": [
          -114.00482679999999,
          46.6756647
        ]
      }
    },
    {
      "type": "Feature",
      "properties": {
        "file": "leg01_m050_b020_2026-06-19T10-36-51.jpg",
        "leg": "leg01",
        "mark_index": 50,
        "along_track_m": 50.0,
        "achieved_heading": 20.850424848406533,
        "target_bearing": 20.07275696369129,
        "fix_type": 6,
        "hacc_m": 0.014,
        "corrupt": false,
        "position_interpolated": true,
        "captured_at_utc": "2026-06-19T16:36:51.540132+00:00"
      },
      "geometry": {
        "type": "Point",
        "coordinates": [
          -114.00482220412626,
          46.67567259266441
        ]
      }
    },
    {
      "type": "Feature",
      "properties": {
        "file": "leg01_m051_b020_2026-06-19T10-36-52.jpg",
        "leg": "leg01",
        "mark_index": 51,
        "along_track_m": 51.0,
        "achieved_heading": 18.86542157486781,
        "target_bearing": 20.07275696369129,
        "fix_type": 6,
        "hacc_m": 0.014,
        "corrupt": false,
        "position_interpolated": true,
        "captured_at_utc": "2026-06-19T16:36:52.734099+00:00"
      },
      "geometry": {
        "type": "Point",
        "coordinates": [
          -114.00481661687364,
          46.67568216625272
        ]
      }
    },
    {
      "type": "Feature",
      "properties": {
        "file": "leg01_m052_b020_2026-06-19T10-36-53.jpg",
        "leg": "leg01",
        "mark_index": 52,
        "along_track_m": 52.0,
        "achieved_heading": 17.66429111909821,
        "target_bearing": 20.07275696369129,
        "fix_type": 6,
        "hacc_m": 0.014,
        "corrupt": false,
        "position_interpolated": true,
        "captured_at_utc": "2026-06-19T16:36:53.784796+00:00"
      },
      "geometry": {
        "type": "Point",
        "coordinates": [
          -114.00481239999999,
          46.675690499999995
        ]
      }
    },
    {
      "type": "Feature",
      "properties": {
        "file": "leg01_m053_b020_2026-06-19T10-36-54.jpg",
        "leg": "leg01",
        "mark_index": 53,
        "along_track_m": 53.0,
        "achieved_heading": 17.976216790322326,
        "target_bearing": 20.07275696369129,
        "fix_type": 6,
        "hacc_m": 0.014,
        "corrupt": false,
        "position_interpolated": true,
        "captured_at_utc": "2026-06-19T16:36:54.766022+00:00"
      },
      "geometry": {
        "type": "Point",
        "coordinates": [
          -114.0048085,
          46.6756987
        ]
      }
    },
    {
      "type": "Feature",
      "properties": {
        "file": "leg01_m054_b020_2026-06-19T10-36-55.jpg",
        "leg": "leg01",
        "mark_index": 54,
        "along_track_m": 54.0,
        "achieved_heading": 17.871359840025548,
        "target_bearing": 20.07275696369129,
        "fix_type": 6,
        "hacc_m": 0.014,
        "corrupt": false,
        "position_interpolated": true,
        "captured_at_utc": "2026-06-19T16:36:55.811216+00:00"
      },
      "geometry": {
        "type": "Point",
        "coordinates": [
          -114.0048044,
          46.6757068
        ]
      }
    },
    {
      "type": "Feature",
      "properties": {
        "file": "leg01_m055_b020_2026-06-19T10-36-56.jpg",
        "leg": "leg01",
        "mark_index": 55,
        "along_track_m": 55.0,
        "achieved_heading": 19.562622452958976,
        "target_bearing": 20.07275696369129,
        "fix_type": 6,
        "hacc_m": 0.014,
        "corrupt": false,
        "position_interpolated": true,
        "captured_at_utc": "2026-06-19T16:36:56.797282+00:00"
      },
      "geometry": {
        "type": "Point",
        "coordinates": [
          -114.0048004,
          46.6757151
        ]
      }
    },
    {
      "type": "Feature",
      "properties": {
        "file": "leg01_m056_b020_2026-06-19T10-36-58.jpg",
        "leg": "leg01",
        "mark_index": 56,
        "along_track_m": 56.0,
        "achieved_heading": 20.727411064705223,
        "target_bearing": 20.07275696369129,
        "fix_type": 6,
        "hacc_m": 0.014,
        "corrupt": false,
        "position_interpolated": true,
        "captured_at_utc": "2026-06-19T16:36:57.922289+00:00"
      },
      "geometry": {
        "type": "Point",
        "coordinates": [
          -114.00479505772532,
          46.67572478454935
        ]
      }
    },
    {
      "type": "Feature",
      "properties": {
        "file": "leg01_m057_b020_2026-06-19T10-36-58.jpg",
        "leg": "leg01",
        "mark_index": 57,
        "along_track_m": 57.0,
        "achieved_heading": 19.714755039509043,
        "target_bearing": 20.07275696369129,
        "fix_type": 6,
        "hacc_m": 0.014,
        "corrupt": false,
        "position_interpolated": true,
        "captured_at_utc": "2026-06-19T16:36:58.907772+00:00"
      },
      "geometry": {
        "type": "Point",
        "coordinates": [
          -114.00479057071465,
          46.67573260978507
        ]
      }
    },
    {
      "type": "Feature",
      "properties": {
        "file": "leg01_m058_b020_2026-06-19T10-37-00.jpg",
        "leg": "leg01",
        "mark_index": 58,
        "along_track_m": 58.0,
        "achieved_heading": 18.59778523146258,
        "target_bearing": 20.07275696369129,
        "fix_type": 6,
        "hacc_m": 0.014,
        "corrupt": false,
        "position_interpolated": true,
        "captured_at_utc": "2026-06-19T16:36:59.945571+00:00"
      },
      "geometry": {
        "type": "Point",
        "coordinates": [
          -114.0047857,
          46.675741099999996
        ]
      }
    },
    {
      "type": "Feature",
      "properties": {
        "file": "leg01_m059_b020_2026-06-19T10-37-00.jpg",
        "leg": "leg01",
        "mark_index": 59,
        "along_track_m": 59.0,
        "achieved_heading": 18.352772998614796,
        "target_bearing": 20.07275696369129,
        "fix_type": 6,
        "hacc_m": 0.014,
        "corrupt": false,
        "position_interpolated": true,
        "captured_at_utc": "2026-06-19T16:37:00.865196+00:00"
      },
      "geometry": {
        "type": "Point",
        "coordinates": [
          -114.00478199512507,
          46.67574872828738
        ]
      }
    },
    {
      "type": "Feature",
      "properties": {
        "file": "leg01_m060_b020_2026-06-19T10-37-02.jpg",
        "leg": "leg01",
        "mark_index": 60,
        "along_track_m": 60.0,
        "achieved_heading": 19.64321990011058,
        "target_bearing": 20.07275696369129,
        "fix_type": 6,
        "hacc_m": 0.014,
        "corrupt": false,
        "position_interpolated": true,
        "captured_at_utc": "2026-06-19T16:37:02.049231+00:00"
      },
      "geometry": {
        "type": "Point",
        "coordinates": [
          -114.0047771,
          46.6757573
        ]
      }
    },
    {
      "type": "Feature",
      "properties": {
        "file": "leg01_m061_b020_2026-06-19T10-37-03.jpg",
        "leg": "leg01",
        "mark_index": 61,
        "along_track_m": 61.0,
        "achieved_heading": 19.93427062041701,
        "target_bearing": 20.07275696369129,
        "fix_type": 6,
        "hacc_m": 0.014,
        "corrupt": false,
        "position_interpolated": true,
        "captured_at_utc": "2026-06-19T16:37:03.097369+00:00"
      },
      "geometry": {
        "type": "Point",
        "coordinates": [
          -114.00477185669975,
          46.675766703282186
        ]
      }
    },
    {
      "type": "Feature",
      "properties": {
        "file": "leg01_m062_b020_2026-06-19T10-37-04.jpg",
        "leg": "leg01",
        "mark_index": 62,
        "along_track_m": 62.0,
        "achieved_heading": 21.020336014451686,
        "target_bearing": 20.07275696369129,
        "fix_type": 6,
        "hacc_m": 0.014,
        "corrupt": false,
        "position_interpolated": true,
        "captured_at_utc": "2026-06-19T16:37:04.002128+00:00"
      },
      "geometry": {
        "type": "Point",
        "coordinates": [
          -114.004767863351,
          46.675774189671266
        ]
      }
    },
    {
      "type": "Feature",
      "properties": {
        "file": "leg01_m063_b020_2026-06-19T10-37-05.jpg",
        "leg": "leg01",
        "mark_index": 63,
        "along_track_m": 63.0,
        "achieved_heading": 20.39335827772038,
        "target_bearing": 20.07275696369129,
        "fix_type": 6,
        "hacc_m": 0.014,
        "corrupt": false,
        "position_interpolated": true,
        "captured_at_utc": "2026-06-19T16:37:05.198847+00:00"
      },
      "geometry": {
        "type": "Point",
        "coordinates": [
          -114.0047625,
          46.6757831
        ]
      }
    },
    {
      "type": "Feature",
      "properties": {
        "file": "leg01_m064_b020_2026-06-19T10-37-06.jpg",
        "leg": "leg01",
        "mark_index": 64,
        "along_track_m": 64.0,
        "achieved_heading": 17.705844762976255,
        "target_bearing": 20.07275696369129,
        "fix_type": 6,
        "hacc_m": 0.014,
        "corrupt": false,
        "position_interpolated": true,
        "captured_at_utc": "2026-06-19T16:37:06.174216+00:00"
      },
      "geometry": {
        "type": "Point",
        "coordinates": [
          -114.00475809999999,
          46.6757912
        ]
      }
    },
    {
      "type": "Feature",
      "properties": {
        "file": "leg01_m065_b020_2026-06-19T10-37-07.jpg",
        "leg": "leg01",
        "mark_index": 65,
        "along_track_m": 65.0,
        "achieved_heading": 18.273555424571327,
        "target_bearing": 20.07275696369129,
        "fix_type": 6,
        "hacc_m": 0.014,
        "corrupt": false,
        "position_interpolated": true,
        "captured_at_utc": "2026-06-19T16:37:07.158142+00:00"
      },
      "geometry": {
        "type": "Point",
        "coordinates": [
          -114.0047539,
          46.6757993
        ]
      }
    },
    {
      "type": "Feature",
      "properties": {
        "file": "leg01_m066_b020_2026-06-19T10-37-08.jpg",
        "leg": "leg01",
        "mark_index": 66,
        "along_track_m": 66.0,
        "achieved_heading": 18.680788370537698,
        "target_bearing": 20.07275696369129,
        "fix_type": 6,
        "hacc_m": 0.014,
        "corrupt": false,
        "position_interpolated": true,
        "captured_at_utc": "2026-06-19T16:37:08.204873+00:00"
      },
      "geometry": {
        "type": "Point",
        "coordinates": [
          -114.00474970669154,
          46.67580791423238
        ]
      }
    },
    {
      "type": "Feature",
      "properties": {
        "file": "leg01_m067_b020_2026-06-19T10-37-09.jpg",
        "leg": "leg01",
        "mark_index": 67,
        "along_track_m": 67.0,
        "achieved_heading": 19.279684175069576,
        "target_bearing": 20.07275696369129,
        "fix_type": 6,
        "hacc_m": 0.014,
        "corrupt": false,
        "position_interpolated": true,
        "captured_at_utc": "2026-06-19T16:37:09.397796+00:00"
      },
      "geometry": {
        "type": "Point",
        "coordinates": [
          -114.0047448,
          46.6758174
        ]
      }
    },
    {
      "type": "Feature",
      "properties": {
        "file": "leg01_m068_b020_2026-06-19T10-37-10.jpg",
        "leg": "leg01",
        "mark_index": 68,
        "along_track_m": 68.0,
        "achieved_heading": 20.15944951970158,
        "target_bearing": 20.07275696369129,
        "fix_type": 6,
        "hacc_m": 0.014,
        "corrupt": false,
        "position_interpolated": true,
        "captured_at_utc": "2026-06-19T16:37:10.380896+00:00"
      },
      "geometry": {
        "type": "Point",
        "coordinates": [
          -114.00474039999999,
          46.6758258
        ]
      }
    },
    {
      "type": "Feature",
      "properties": {
        "file": "leg01_m069_b020_2026-06-19T10-37-11.jpg",
        "leg": "leg01",
        "mark_index": 69,
        "along_track_m": 69.0,
        "achieved_heading": 19.998751284761227,
        "target_bearing": 20.07275696369129,
        "fix_type": 6,
        "hacc_m": 0.014,
        "corrupt": false,
        "position_interpolated": true,
        "captured_at_utc": "2026-06-19T16:37:11.292692+00:00"
      },
      "geometry": {
        "type": "Point",
        "coordinates": [
          -114.00473590987397,
          46.67583355401781
        ]
      }
    },
    {
      "type": "Feature",
      "properties": {
        "file": "leg01_m070_b020_2026-06-19T10-37-12.jpg",
        "leg": "leg01",
        "mark_index": 70,
        "along_track_m": 70.0,
        "achieved_heading": 18.660061786895028,
        "target_bearing": 20.07275696369129,
        "fix_type": 6,
        "hacc_m": 0.014,
        "corrupt": false,
        "position_interpolated": true,
        "captured_at_utc": "2026-06-19T16:37:12.340074+00:00"
      },
      "geometry": {
        "type": "Point",
        "coordinates": [
          -114.0047316,
          46.675841899999995
        ]
      }
    },
    {
      "type": "Feature",
      "properties": {
        "file": "leg01_m071_b020_2026-06-19T10-37-13.jpg",
        "leg": "leg01",
        "mark_index": 71,
        "along_track_m": 71.0,
        "achieved_heading": 18.672022223248575,
        "target_bearing": 20.07275696369129,
        "fix_type": 6,
        "hacc_m": 0.014,
        "corrupt": false,
        "position_interpolated": true,
        "captured_at_utc": "2026-06-19T16:37:13.462033+00:00"
      },
      "geometry": {
        "type": "Point",
        "coordinates": [
          -114.0047273,
          46.6758501
        ]
      }
    },
    {
      "type": "Feature",
      "properties": {
        "file": "leg01_m072_b020_2026-06-19T10-37-14.jpg",
        "leg": "leg01",
        "mark_index": 72,
        "along_track_m": 72.0,
        "achieved_heading": 18.6140960928916,
        "target_bearing": 20.07275696369129,
        "fix_type": 6,
        "hacc_m": 0.014,
        "corrupt": false,
        "position_interpolated": true,
        "captured_at_utc": "2026-06-19T16:37:14.375053+00:00"
      },
      "geometry": {
        "type": "Point",
        "coordinates": [
          -114.00472339999999,
          46.6758585
        ]
      }
    },
    {
      "type": "Feature",
      "properties": {
        "file": "leg01_m073_b020_2026-06-19T10-37-15.jpg",
        "leg": "leg01",
        "mark_index": 73,
        "along_track_m": 73.0,
        "achieved_heading": 19.333874205680843,
        "target_bearing": 20.07275696369129,
        "fix_type": 6,
        "hacc_m": 0.014,
        "corrupt": false,
        "position_interpolated": true,
        "captured_at_utc": "2026-06-19T16:37:15.487747+00:00"
      },
      "geometry": {
        "type": "Point",
        "coordinates": [
          -114.00471866938963,
          46.6758680128237
        ]
      }
    },
    {
      "type": "Feature",
      "properties": {
        "file": "leg01_m074_b020_2026-06-19T10-37-16.jpg",
        "leg": "leg01",
        "mark_index": 74,
        "along_track_m": 74.0,
        "achieved_heading": 20.234687483426,
        "target_bearing": 20.07275696369129,
        "fix_type": 6,
        "hacc_m": 0.014,
        "corrupt": false,
        "position_interpolated": true,
        "captured_at_utc": "2026-06-19T16:37:16.471010+00:00"
      },
      "geometry": {
        "type": "Point",
        "coordinates": [
          -114.00471426971248,
          46.67587594543127
        ]
      }
    },
    {
      "type": "Feature",
      "properties": {
        "file": "leg01_m075_b020_2026-06-19T10-37-17.jpg",
        "leg": "leg01",
        "mark_index": 75,
        "along_track_m": 75.0,
        "achieved_heading": 19.61281741930486,
        "target_bearing": 20.07275696369129,
        "fix_type": 6,
        "hacc_m": 0.014,
        "corrupt": false,
        "position_interpolated": true,
        "captured_at_utc": "2026-06-19T16:37:17.592447+00:00"
      },
      "geometry": {
        "type": "Point",
        "coordinates": [
          -114.0047094,
          46.675884599999996
        ]
      }
    },
    {
      "type": "Feature",
      "properties": {
        "file": "leg01_m076_b020_2026-06-19T10-37-18.jpg",
        "leg": "leg01",
        "mark_index": 76,
        "along_track_m": 76.0,
        "achieved_heading": 17.93623430539259,
        "target_bearing": 20.07275696369129,
        "fix_type": 6,
        "hacc_m": 0.014,
        "corrupt": false,
        "position_interpolated": true,
        "captured_at_utc": "2026-06-19T16:37:18.570354+00:00"
      },
      "geometry": {
        "type": "Point",
        "coordinates": [
          -114.00470539999999,
          46.675892499999996
        ]
      }
    },
    {
      "type": "Feature",
      "properties": {
        "file": "leg01_m077_b020_2026-06-19T10-37-19.jpg",
        "leg": "leg01",
        "mark_index": 77,
        "along_track_m": 77.0,
        "achieved_heading": 17.081444569717064,
        "target_bearing": 20.07275696369129,
        "fix_type": 6,
        "hacc_m": 0.014,
        "corrupt": false,
        "position_interpolated": true,
        "captured_at_utc": "2026-06-19T16:37:19.681921+00:00"
      },
      "geometry": {
        "type": "Point",
        "coordinates": [
          -114.00470054683552,
          46.67590173375511
        ]
      }
    },
    {
      "type": "Feature",
      "properties": {
        "file": "leg01_m078_b020_2026-06-19T10-37-20.jpg",
        "leg": "leg01",
        "mark_index": 78,
        "along_track_m": 78.0,
        "achieved_heading": 18.165824568042297,
        "target_bearing": 20.07275696369129,
        "fix_type": 6,
        "hacc_m": 0.014,
        "corrupt": false,
        "position_interpolated": true,
        "captured_at_utc": "2026-06-19T16:37:20.672425+00:00"
      },
      "geometry": {
        "type": "Point",
        "coordinates": [
          -114.00469677081642,
          46.67590981967906
        ]
      }
    },
    {
      "type": "Feature",
      "properties": {
        "file": "leg01_m079_b020_2026-06-19T10-37-21.jpg",
        "leg": "leg01",
        "mark_index": 79,
        "along_track_m": 79.0,
        "achieved_heading": 20.16786953875362,
        "target_bearing": 20.07275696369129,
        "fix_type": 6,
        "hacc_m": 0.014,
        "corrupt": false,
        "position_interpolated": true,
        "captured_at_utc": "2026-06-19T16:37:21.794986+00:00"
      },
      "geometry": {
        "type": "Point",
        "coordinates": [
          -114.0046921,
          46.675918499999995
        ]
      }
    },
    {
      "type": "Feature",
      "properties": {
        "file": "leg01_m080_b020_2026-06-19T10-37-22.jpg",
        "leg": "leg01",
        "mark_index": 80,
        "along_track_m": 80.0,
        "achieved_heading": 19.758723089564,
        "target_bearing": 20.07275696369129,
        "fix_type": 6,
        "hacc_m": 0.014,
        "corrupt": false,
        "position_interpolated": true,
        "captured_at_utc": "2026-06-19T16:37:22.699860+00:00"
      },
      "geometry": {
        "type": "Point",
        "coordinates": [
          -114.00468766446964,
          46.67592637707802
        ]
      }
    },
    {
      "type": "Feature",
      "properties": {
        "file": "leg01_m081_b020_2026-06-19T10-37-23.jpg",
        "leg": "leg01",
        "mark_index": 81,
        "along_track_m": 81.0,
        "achieved_heading": 19.802270669917448,
        "target_bearing": 20.07275696369129,
        "fix_type": 6,
        "hacc_m": 0.014,
        "corrupt": false,
        "position_interpolated": true,
        "captured_at_utc": "2026-06-19T16:37:23.824977+00:00"
      },
      "geometry": {
        "type": "Point",
        "coordinates": [
          -114.0046833,
          46.675934899999994
        ]
      }
    },
    {
      "type": "Feature",
      "properties": {
        "file": "leg01_m082_b020_2026-06-19T10-37-24.jpg",
        "leg": "leg01",
        "mark_index": 82,
        "along_track_m": 82.0,
        "achieved_heading": 20.609060651882828,
        "target_bearing": 20.07275696369129,
        "fix_type": 6,
        "hacc_m": 0.014,
        "corrupt": false,
        "position_interpolated": true,
        "captured_at_utc": "2026-06-19T16:37:24.865320+00:00"
      },
      "geometry": {
        "type": "Point",
        "coordinates": [
          -114.00467828812691,
          46.675943859762036
        ]
      }
    },
    {
      "type": "Feature",
      "properties": {
        "file": "leg01_m083_b020_2026-06-19T10-37-25.jpg",
        "leg": "leg01",
        "mark_index": 83,
        "along_track_m": 83.0,
        "achieved_heading": 19.973306967384815,
        "target_bearing": 20.07275696369129,
        "fix_type": 6,
        "hacc_m": 0.014,
        "corrupt": false,
        "position_interpolated": true,
        "captured_at_utc": "2026-06-19T16:37:25.924846+00:00"
      },
      "geometry": {
        "type": "Point",
        "coordinates": [
          -114.00467355234075,
          46.67595237288676
        ]
      }
    },
    {
      "type": "Feature",
      "properties": {
        "file": "leg01_m084_b020_2026-06-19T10-37-27.jpg",
        "leg": "leg01",
        "mark_index": 84,
        "along_track_m": 84.0,
        "achieved_heading": 18.86180524022967,
        "target_bearing": 20.07275696369129,
        "fix_type": 6,
        "hacc_m": 0.014,
        "corrupt": false,
        "position_interpolated": true,
        "captured_at_utc": "2026-06-19T16:37:26.980934+00:00"
      },
      "geometry": {
        "type": "Point",
        "coordinates": [
          -114.0046692,
          46.6759604
        ]
      }
    },
    {
      "type": "Feature",
      "properties": {
        "file": "leg01_m085_b020_2026-06-19T10-37-27.jpg",
        "leg": "leg01",
        "mark_index": 85,
        "along_track_m": 85.0,
        "achieved_heading": 19.545867180673838,
        "target_bearing": 20.07275696369129,
        "fix_type": 6,
        "hacc_m": 0.014,
        "corrupt": false,
        "position_interpolated": true,
        "captured_at_utc": "2026-06-19T16:37:27.950190+00:00"
      },
      "geometry": {
        "type": "Point",
        "coordinates": [
          -114.00466499999999,
          46.675968499999996
        ]
      }
    },
    {
      "type": "Feature",
      "properties": {
        "file": "leg01_m086_b020_2026-06-19T10-37-29.jpg",
        "leg": "leg01",
        "mark_index": 86,
        "along_track_m": 86.0,
        "achieved_heading": 19.06814759567743,
        "target_bearing": 20.07275696369129,
        "fix_type": 6,
        "hacc_m": 0.014,
        "corrupt": false,
        "position_interpolated": true,
        "captured_at_utc": "2026-06-19T16:37:29.077251+00:00"
      },
      "geometry": {
        "type": "Point",
        "coordinates": [
          -114.00465988793285,
          46.675977716159466
        ]
      }
    },
    {
      "type": "Feature",
      "properties": {
        "file": "leg01_m087_b020_2026-06-19T10-37-30.jpg",
        "leg": "leg01",
        "mark_index": 87,
        "along_track_m": 87.0,
        "achieved_heading": 19.62082346780585,
        "target_bearing": 20.07275696369129,
        "fix_type": 6,
        "hacc_m": 0.014,
        "corrupt": false,
        "position_interpolated": true,
        "captured_at_utc": "2026-06-19T16:37:30.131992+00:00"
      },
      "geometry": {
        "type": "Point",
        "coordinates": [
          -114.00465528532824,
          46.67598641867745
        ]
      }
    },
    {
      "type": "Feature",
      "properties": {
        "file": "leg01_m088_b020_2026-06-19T10-37-31.jpg",
        "leg": "leg01",
        "mark_index": 88,
        "along_track_m": 88.0,
        "achieved_heading": 19.855990110185132,
        "target_bearing": 20.07275696369129,
        "fix_type": 6,
        "hacc_m": 0.014,
        "corrupt": false,
        "position_interpolated": true,
        "captured_at_utc": "2026-06-19T16:37:31.165644+00:00"
      },
      "geometry": {
        "type": "Point",
        "coordinates": [
          -114.00465109999999,
          46.675994599999996
        ]
      }
    },
    {
      "type": "Feature",
      "properties": {
        "file": "leg01_m089_b020_2026-06-19T10-37-32.jpg",
        "leg": "leg01",
        "mark_index": 89,
        "along_track_m": 89.0,
        "achieved_heading": 21.004249412529077,
        "target_bearing": 20.07275696369129,
        "fix_type": 6,
        "hacc_m": 0.014,
        "corrupt": false,
        "position_interpolated": true,
        "captured_at_utc": "2026-06-19T16:37:32.222502+00:00"
      },
      "geometry": {
        "type": "Point",
        "coordinates": [
          -114.0046464,
          46.676002499999996
        ]
      }
    },
    {
      "type": "Feature",
      "properties": {
        "file": "leg01_m090_b020_2026-06-19T10-37-33.jpg",
        "leg": "leg01",
        "mark_index": 90,
        "along_track_m": 90.0,
        "achieved_heading": 19.70598420696109,
        "target_bearing": 20.07275696369129,
        "fix_type": 6,
        "hacc_m": 0.014,
        "corrupt": false,
        "position_interpolated": true,
        "captured_at_utc": "2026-06-19T16:37:33.196244+00:00"
      },
      "geometry": {
        "type": "Point",
        "coordinates": [
          -114.0046418,
          46.6760107
        ]
      }
    },
    {
      "type": "Feature",
      "properties": {
        "file": "leg01_m091_b020_2026-06-19T10-37-34.jpg",
        "leg": "leg01",
        "mark_index": 91,
        "along_track_m": 91.0,
        "achieved_heading": 19.713130185548835,
        "target_bearing": 20.07275696369129,
        "fix_type": 6,
        "hacc_m": 0.014,
        "corrupt": false,
        "position_interpolated": true,
        "captured_at_utc": "2026-06-19T16:37:34.182614+00:00"
      },
      "geometry": {
        "type": "Point",
        "coordinates": [
          -114.0046373,
          46.6760188
        ]
      }
    },
    {
      "type": "Feature",
      "properties": {
        "file": "leg01_m092_b020_2026-06-19T10-37-35.jpg",
        "leg": "leg01",
        "mark_index": 92,
        "along_track_m": 92.0,
        "achieved_heading": 19.449397814711688,
        "target_bearing": 20.07275696369129,
        "fix_type": 6,
        "hacc_m": 0.014,
        "corrupt": false,
        "position_interpolated": true,
        "captured_at_utc": "2026-06-19T16:37:35.231588+00:00"
      },
      "geometry": {
        "type": "Point",
        "coordinates": [
          -114.00463283756439,
          46.67602771467321
        ]
      }
    },
    {
      "type": "Feature",
      "properties": {
        "file": "leg01_m093_b020_2026-06-19T10-37-36.jpg",
        "leg": "leg01",
        "mark_index": 93,
        "along_track_m": 93.0,
        "achieved_heading": 19.216206617957482,
        "target_bearing": 20.07275696369129,
        "fix_type": 6,
        "hacc_m": 0.014,
        "corrupt": false,
        "position_interpolated": true,
        "captured_at_utc": "2026-06-19T16:37:36.272901+00:00"
      },
      "geometry": {
        "type": "Point",
        "coordinates": [
          -114.00462813274349,
          46.676036482399
        ]
      }
    },
    {
      "type": "Feature",
      "properties": {
        "file": "leg01_m094_b020_2026-06-19T10-37-37.jpg",
        "leg": "leg01",
        "mark_index": 94,
        "along_track_m": 94.0,
        "achieved_heading": 18.726959642017334,
        "target_bearing": 20.07275696369129,
        "fix_type": 6,
        "hacc_m": 0.014,
        "corrupt": false,
        "position_interpolated": true,
        "captured_at_utc": "2026-06-19T16:37:37.256735+00:00"
      },
      "geometry": {
        "type": "Point",
        "coordinates": [
          -114.00462424398643,
          46.67604480082441
        ]
      }
    },
    {
      "type": "Feature",
      "properties": {
        "file": "leg01_m095_b020_2026-06-19T10-37-38.jpg",
        "leg": "leg01",
        "mark_index": 95,
        "along_track_m": 95.0,
        "achieved_heading": 20.50056117518966,
        "target_bearing": 20.07275696369129,
        "fix_type": 6,
        "hacc_m": 0.014,
        "corrupt": false,
        "position_interpolated": true,
        "captured_at_utc": "2026-06-19T16:37:38.379544+00:00"
      },
      "geometry": {
        "type": "Point",
        "coordinates": [
          -114.00461969999999,
          46.676053499999995
        ]
      }
    },
    {
      "type": "Feature",
      "properties": {
        "file": "leg01_m096_b020_2026-06-19T10-37-39.jpg",
        "leg": "leg01",
        "mark_index": 96,
        "along_track_m": 96.0,
        "achieved_heading": 19.62772767110215,
        "target_bearing": 20.07275696369129,
        "fix_type": 6,
        "hacc_m": 0.014,
        "corrupt": false,
        "position_interpolated": true,
        "captured_at_utc": "2026-06-19T16:37:39.362917+00:00"
      },
      "geometry": {
        "type": "Point",
        "coordinates": [
          -114.00461539999999,
          46.6760617
        ]
      }
    },
    {
      "type": "Feature",
      "properties": {
        "file": "leg01_m097_b020_2026-06-19T10-37-40.jpg",
        "leg": "leg01",
        "mark_index": 97,
        "along_track_m": 97.0,
        "achieved_heading": 19.22774227671374,
        "target_bearing": 20.07275696369129,
        "fix_type": 6,
        "hacc_m": 0.014,
        "corrupt": false,
        "position_interpolated": true,
        "captured_at_utc": "2026-06-19T16:37:40.415696+00:00"
      },
      "geometry": {
        "type": "Point",
        "coordinates": [
          -114.00461089999999,
          46.676069999999996
        ]
      }
    },
    {
      "type": "Feature",
      "properties": {
        "file": "leg01_m098_b020_2026-06-19T10-37-41.jpg",
        "leg": "leg01",
        "mark_index": 98,
        "along_track_m": 98.0,
        "achieved_heading": 19.560081541640102,
        "target_bearing": 20.07275696369129,
        "fix_type": 6,
        "hacc_m": 0.014,
        "corrupt": false,
        "position_interpolated": true,
        "captured_at_utc": "2026-06-19T16:37:41.320790+00:00"
      },
      "geometry": {
        "type": "Point",
        "coordinates": [
          -114.0046063591527,
          46.676078281694586
        ]
      }
    },
    {
      "type": "Feature",
      "properties": {
        "file": "leg01_m099_b020_2026-06-19T10-37-42.jpg",
        "leg": "leg01",
        "mark_index": 99,
        "along_track_m": 99.0,
        "achieved_heading": 19.509297996404314,
        "target_bearing": 20.07275696369129,
        "fix_type": 6,
        "hacc_m": 0.014,
        "corrupt": false,
        "position_interpolated": true,
        "captured_at_utc": "2026-06-19T16:37:42.298115+00:00"
      },
      "geometry": {
        "type": "Point",
        "coordinates": [
          -114.0046023125925,
          46.676086274815006
        ]
      }
    },
    {
      "type": "Feature",
      "properties": {
        "file": "leg01_m100_b020_2026-06-19T10-37-43.jpg",
        "leg": "leg01",
        "mark_index": 100,
        "along_track_m": 100.0,
        "achieved_heading": 20.75656846694858,
        "target_bearing": 20.07275696369129,
        "fix_type": 6,
        "hacc_m": 0.014,
        "corrupt": false,
        "position_interpolated": true,
        "captured_at_utc": "2026-06-19T16:37:43.560668+00:00"
      },
      "geometry": {
        "type": "Point",
        "coordinates": [
          -114.0045973,
          46.676096
        ]
      }
    },
    {
      "type": "Feature",
      "properties": {
        "file": "leg01_m101_b020_2026-06-19T10-37-44.jpg",
        "leg": "leg01",
        "mark_index": 101,
        "along_track_m": 101.0,
        "achieved_heading": 21.80699810208381,
        "target_bearing": 20.07275696369129,
        "fix_type": 6,
        "hacc_m": 0.014,
        "corrupt": false,
        "position_interpolated": true,
        "captured_at_utc": "2026-06-19T16:37:44.611633+00:00"
      },
      "geometry": {
        "type": "Point",
        "coordinates": [
          -114.0045928,
          46.6761043
        ]
      }
    },
    {
      "type": "Feature",
      "properties": {
        "file": "leg01_m102_b020_2026-06-19T10-37-45.jpg",
        "leg": "leg01",
        "mark_index": 102,
        "along_track_m": 102.0,
        "achieved_heading": 23.02495303061562,
        "target_bearing": 20.07275696369129,
        "fix_type": 6,
        "hacc_m": 0.014,
        "corrupt": false,
        "position_interpolated": true,
        "captured_at_utc": "2026-06-19T16:37:45.594495+00:00"
      },
      "geometry": {
        "type": "Point",
        "coordinates": [
          -114.0045882,
          46.6761123
        ]
      }
    },
    {
      "type": "Feature",
      "properties": {
        "file": "leg01_m103_b020_2026-06-19T10-37-46.jpg",
        "leg": "leg01",
        "mark_index": 103,
        "along_track_m": 103.0,
        "achieved_heading": 19.762172169120674,
        "target_bearing": 20.07275696369129,
        "fix_type": 6,
        "hacc_m": 0.014,
        "corrupt": false,
        "position_interpolated": true,
        "captured_at_utc": "2026-06-19T16:37:46.641360+00:00"
      },
      "geometry": {
        "type": "Point",
        "coordinates": [
          -114.00458302004041,
          46.67612095490907
        ]
      }
    },
    {
      "type": "Feature",
      "properties": {
        "file": "leg01_m104_b020_2026-06-19T10-37-47.jpg",
        "leg": "leg01",
        "mark_index": 104,
        "along_track_m": 104.0,
        "achieved_heading": 16.977995927493055,
        "target_bearing": 20.07275696369129,
        "fix_type": 6,
        "hacc_m": 0.014,
        "corrupt": false,
        "position_interpolated": true,
        "captured_at_utc": "2026-06-19T16:37:47.690717+00:00"
      },
      "geometry": {
        "type": "Point",
        "coordinates": [
          -114.00457880278547,
          46.67612976908085
        ]
      }
    },
    {
      "type": "Feature",
      "properties": {
        "file": "leg01_m105_b020_2026-06-19T10-37-48.jpg",
        "leg": "leg01",
        "mark_index": 105,
        "along_track_m": 105.0,
        "achieved_heading": 18.531314734351326,
        "target_bearing": 20.07275696369129,
        "fix_type": 6,
        "hacc_m": 0.014,
        "corrupt": false,
        "position_interpolated": true,
        "captured_at_utc": "2026-06-19T16:37:48.666500+00:00"
      },
      "geometry": {
        "type": "Point",
        "coordinates": [
          -114.00457498879291,
          46.67613835021593
        ]
      }
    },
    {
      "type": "Feature",
      "properties": {
        "file": "leg01_m106_b020_2026-06-19T10-37-49.jpg",
        "leg": "leg01",
        "mark_index": 106,
        "along_track_m": 106.0,
        "achieved_heading": 21.0016592478961,
        "target_bearing": 20.07275696369129,
        "fix_type": 6,
        "hacc_m": 0.014,
        "corrupt": false,
        "position_interpolated": true,
        "captured_at_utc": "2026-06-19T16:37:49.649089+00:00"
      },
      "geometry": {
        "type": "Point",
        "coordinates": [
          -114.00457085827762,
          46.67614643866006
        ]
      }
    },
    {
      "type": "Feature",
      "properties": {
        "file": "leg01_m107_b020_2026-06-19T10-37-50.jpg",
        "leg": "leg01",
        "mark_index": 107,
        "along_track_m": 107.0,
        "achieved_heading": 21.92196003325546,
        "target_bearing": 20.07275696369129,
        "fix_type": 6,
        "hacc_m": 0.014,
        "corrupt": false,
        "position_interpolated": true,
        "captured_at_utc": "2026-06-19T16:37:50.700981+00:00"
      },
      "geometry": {
        "type": "Point",
        "coordinates": [
          -114.00456604612688,
          46.676154707746214
        ]
      }
    },
    {
      "type": "Feature",
      "properties": {
        "file": "leg01_m108_b020_2026-06-19T10-37-51.jpg",
        "leg": "leg01",
        "mark_index": 108,
        "along_track_m": 108.0,
        "achieved_heading": 21.032621072392715,
        "target_bearing": 20.07275696369129,
        "fix_type": 6,
        "hacc_m": 0.014,
        "corrupt": false,
        "position_interpolated": true,
        "captured_at_utc": "2026-06-19T16:37:51.674553+00:00"
      },
      "geometry": {
        "type": "Point",
        "coordinates": [
          -114.00456152473596,
          46.67616278631779
        ]
      }
    },
    {
      "type": "Feature",
      "properties": {
        "file": "leg01_m109_b020_2026-06-19T10-37-52.jpg",
        "leg": "leg01",
        "mark_index": 109,
        "along_track_m": 109.0,
        "achieved_heading": 22.535095202433297,
        "target_bearing": 20.07275696369129,
        "fix_type": 6,
        "hacc_m": 0.014,
        "corrupt": false,
        "position_interpolated": true,
        "captured_at_utc": "2026-06-19T16:37:52.667493+00:00"
      },
      "geometry": {
        "type": "Point",
        "coordinates": [
          -114.0045573374596,
          46.67617102508077
        ]
      }
    },
    {
      "type": "Feature",
      "properties": {
        "file": "leg01_m110_b020_2026-06-19T10-37-54.jpg",
        "leg": "leg01",
        "mark_index": 110,
        "along_track_m": 110.0,
        "achieved_heading": 19.93327540509921,
        "target_bearing": 20.07275696369129,
        "fix_type": 6,
        "hacc_m": 0.014,
        "corrupt": false,
        "position_interpolated": true,
        "captured_at_utc": "2026-06-19T16:37:53.923753+00:00"
      },
      "geometry": {
        "type": "Point",
        "coordinates": [
          -114.00455163673368,
          46.67618112653263
        ]
      }
    },
    {
      "type": "Feature",
      "properties": {
        "file": "leg01_m111_b020_2026-06-19T10-37-54.jpg",
        "leg": "leg01",
        "mark_index": 111,
        "along_track_m": 111.0,
        "achieved_heading": 20.72606461508957,
        "target_bearing": 20.07275696369129,
        "fix_type": 6,
        "hacc_m": 0.014,
        "corrupt": false,
        "position_interpolated": true,
        "captured_at_utc": "2026-06-19T16:37:54.830169+00:00"
      },
      "geometry": {
        "type": "Point",
        "coordinates": [
          -114.00454728710605,
          46.67618847166499
        ]
      }
    },
    {
      "type": "Feature",
      "properties": {
        "file": "leg01_m112_b020_2026-06-19T10-37-56.jpg",
        "leg": "leg01",
        "mark_index": 112,
        "along_track_m": 112.0,
        "achieved_heading": 18.899255884801903,
        "target_bearing": 20.07275696369129,
        "fix_type": 6,
        "hacc_m": 0.014,
        "corrupt": false,
        "position_interpolated": true,
        "captured_at_utc": "2026-06-19T16:37:55.888277+00:00"
      },
      "geometry": {
        "type": "Point",
        "coordinates": [
          -114.00454256807734,
          46.67619729181214
        ]
      }
    },
    {
      "type": "Feature",
      "properties": {
        "file": "leg01_m113_b020_2026-06-19T10-37-57.jpg",
        "leg": "leg01",
        "mark_index": 113,
        "along_track_m": 113.0,
        "achieved_heading": 19.095871113705527,
        "target_bearing": 20.07275696369129,
        "fix_type": 6,
        "hacc_m": 0.014,
        "corrupt": false,
        "position_interpolated": true,
        "captured_at_utc": "2026-06-19T16:37:56.933221+00:00"
      },
      "geometry": {
        "type": "Point",
        "coordinates": [
          -114.00453841611083,
          46.676206160873676
        ]
      }
    },
    {
      "type": "Feature",
      "properties": {
        "file": "leg01_m114_b020_2026-06-19T10-37-57.jpg",
        "leg": "leg01",
        "mark_index": 114,
        "along_track_m": 114.0,
        "achieved_heading": 18.996236977744616,
        "target_bearing": 20.07275696369129,
        "fix_type": 6,
        "hacc_m": 0.014,
        "corrupt": false,
        "position_interpolated": true,
        "captured_at_utc": "2026-06-19T16:37:57.911203+00:00"
      },
      "geometry": {
        "type": "Point",
        "coordinates": [
          -114.00453452035165,
          46.67621405929668
        ]
      }
    },
    {
      "type": "Feature",
      "properties": {
        "file": "leg01_m115_b020_2026-06-19T10-37-59.jpg",
        "leg": "leg01",
        "mark_index": 115,
        "along_track_m": 115.0,
        "achieved_heading": 20.0457546523254,
        "target_bearing": 20.07275696369129,
        "fix_type": 6,
        "hacc_m": 0.014,
        "corrupt": false,
        "position_interpolated": true,
        "captured_at_utc": "2026-06-19T16:37:59.024868+00:00"
      },
      "geometry": {
        "type": "Point",
        "coordinates": [
          -114.0045301,
          46.6762223
        ]
      }
    },
    {
      "type": "Feature",
      "properties": {
        "file": "leg01_m116_b020_2026-06-19T10-37-59.jpg",
        "leg": "leg01",
        "mark_index": 116,
        "along_track_m": 116.0,
        "achieved_heading": 20.31439253415499,
        "target_bearing": 20.07275696369129,
        "fix_type": 6,
        "hacc_m": 0.014,
        "corrupt": false,
        "position_interpolated": true,
        "captured_at_utc": "2026-06-19T16:37:59.941860+00:00"
      },
      "geometry": {
        "type": "Point",
        "coordinates": [
          -114.0045255,
          46.6762308
        ]
      }
    },
    {
      "type": "Feature",
      "properties": {
        "file": "leg01_m117_b020_2026-06-19T10-38-00.jpg",
        "leg": "leg01",
        "mark_index": 117,
        "along_track_m": 117.0,
        "achieved_heading": 21.07524366111454,
        "target_bearing": 20.07275696369129,
        "fix_type": 6,
        "hacc_m": 0.014,
        "corrupt": false,
        "position_interpolated": true,
        "captured_at_utc": "2026-06-19T16:38:00.924767+00:00"
      },
      "geometry": {
        "type": "Point",
        "coordinates": [
          -114.0045208673666,
          46.67623899221345
        ]
      }
    },
    {
      "type": "Feature",
      "properties": {
        "file": "leg01_m118_b020_2026-06-19T10-38-02.jpg",
        "leg": "leg01",
        "mark_index": 118,
        "along_track_m": 118.0,
        "achieved_heading": 18.899114981247294,
        "target_bearing": 20.07275696369129,
        "fix_type": 6,
        "hacc_m": 0.014,
        "corrupt": false,
        "position_interpolated": true,
        "captured_at_utc": "2026-06-19T16:38:01.971031+00:00"
      },
      "geometry": {
        "type": "Point",
        "coordinates": [
          -114.0045165,
          46.6762472
        ]
      }
    },
    {
      "type": "Feature",
      "properties": {
        "file": "leg01_m119_b020_2026-06-19T10-38-03.jpg",
        "leg": "leg01",
        "mark_index": 119,
        "along_track_m": 119.0,
        "achieved_heading": 18.766684742902044,
        "target_bearing": 20.07275696369129,
        "fix_type": 6,
        "hacc_m": 0.014,
        "corrupt": false,
        "position_interpolated": true,
        "captured_at_utc": "2026-06-19T16:38:03.086349+00:00"
      },
      "geometry": {
        "type": "Point",
        "coordinates": [
          -114.00451156770488,
          46.67625642521316
        ]
      }
    },
    {
      "type": "Feature",
      "properties": {
        "file": "leg01_m120_b020_2026-06-19T10-38-04.jpg",
        "leg": "leg01",
        "mark_index": 120,
        "along_track_m": 120.0,
        "achieved_heading": 18.749125597219177,
        "target_bearing": 20.07275696369129,
        "fix_type": 6,
        "hacc_m": 0.014,
        "corrupt": false,
        "position_interpolated": true,
        "captured_at_utc": "2026-06-19T16:38:04.075254+00:00"
      },
      "geometry": {
        "type": "Point",
        "coordinates": [
          -114.00450734908159,
          46.67626467165313
        ]
      }
    },
    {
      "type": "Feature",
      "properties": {
        "file": "leg01_m121_b020_2026-06-19T10-38-05.jpg",
        "leg": "leg01",
        "mark_index": 121,
        "along_track_m": 121.0,
        "achieved_heading": 19.262037487261182,
        "target_bearing": 20.07275696369129,
        "fix_type": 6,
        "hacc_m": 0.014,
        "corrupt": false,
        "position_interpolated": true,
        "captured_at_utc": "2026-06-19T16:38:05.119087+00:00"
      },
      "geometry": {
        "type": "Point",
        "coordinates": [
          -114.00450293595046,
          46.67627316888422
        ]
      }
    },
    {
      "type": "Feature",
      "properties": {
        "file": "leg01_m122_b020_2026-06-19T10-38-06.jpg",
        "leg": "leg01",
        "mark_index": 122,
        "along_track_m": 122.0,
        "achieved_heading": 19.95368664110191,
        "target_bearing": 20.07275696369129,
        "fix_type": 6,
        "hacc_m": 0.014,
        "corrupt": false,
        "position_interpolated": true,
        "captured_at_utc": "2026-06-19T16:38:06.172391+00:00"
      },
      "geometry": {
        "type": "Point",
        "coordinates": [
          -114.00449859999999,
          46.6762814
        ]
      }
    },
    {
      "type": "Feature",
      "properties": {
        "file": "leg01_m123_b020_2026-06-19T10-38-07.jpg",
        "leg": "leg01",
        "mark_index": 123,
        "along_track_m": 123.0,
        "achieved_heading": 20.46767121513841,
        "target_bearing": 20.07275696369129,
        "fix_type": 6,
        "hacc_m": 0.014,
        "corrupt": false,
        "position_interpolated": true,
        "captured_at_utc": "2026-06-19T16:38:07.148854+00:00"
      },
      "geometry": {
        "type": "Point",
        "coordinates": [
          -114.00449431141703,
          46.67628948002017
        ]
      }
    },
    {
      "type": "Feature",
      "properties": {
        "file": "leg01_m124_b020_2026-06-19T10-38-08.jpg",
        "leg": "leg01",
        "mark_index": 124,
        "along_track_m": 124.0,
        "achieved_heading": 20.38176023457646,
        "target_bearing": 20.07275696369129,
        "fix_type": 6,
        "hacc_m": 0.014,
        "corrupt": false,
        "position_interpolated": true,
        "captured_at_utc": "2026-06-19T16:38:08.133534+00:00"
      },
      "geometry": {
        "type": "Point",
        "coordinates": [
          -114.0044896632109,
          46.67629767357819
        ]
      }
    },
    {
      "type": "Feature",
      "properties": {
        "file": "leg01_m125_b020_2026-06-19T10-38-09.jpg",
        "leg": "leg01",
        "mark_index": 125,
        "along_track_m": 125.0,
        "achieved_heading": 19.477861725081254,
        "target_bearing": 20.07275696369129,
        "fix_type": 6,
        "hacc_m": 0.014,
        "corrupt": false,
        "position_interpolated": true,
        "captured_at_utc": "2026-06-19T16:38:09.254029+00:00"
      },
      "geometry": {
        "type": "Point",
        "coordinates": [
          -114.00448479000701,
          46.67630698726252
        ]
      }
    },
    {
      "type": "Feature",
      "properties": {
        "file": "leg01_m126_b020_2026-06-19T10-38-10.jpg",
        "leg": "leg01",
        "mark_index": 126,
        "along_track_m": 126.0,
        "achieved_heading": 18.38501867344098,
        "target_bearing": 20.07275696369129,
        "fix_type": 6,
        "hacc_m": 0.014,
        "corrupt": false,
        "position_interpolated": true,
        "captured_at_utc": "2026-06-19T16:38:10.304446+00:00"
      },
      "geometry": {
        "type": "Point",
        "coordinates": [
          -114.0044804582033,
          46.67631570336881
        ]
      }
    },
    {
      "type": "Feature",
      "properties": {
        "file": "leg01_m127_b020_2026-06-19T10-38-11.jpg",
        "leg": "leg01",
        "mark_index": 127,
        "along_track_m": 127.0,
        "achieved_heading": 18.952717259788926,
        "target_bearing": 20.07275696369129,
        "fix_type": 6,
        "hacc_m": 0.014,
        "corrupt": false,
        "position_interpolated": true,
        "captured_at_utc": "2026-06-19T16:38:11.349532+00:00"
      },
      "geometry": {
        "type": "Point",
        "coordinates": [
          -114.00447609999999,
          46.676324
        ]
      }
    },
    {
      "type": "Feature",
      "properties": {
        "file": "leg01_m128_b020_2026-06-19T10-38-12.jpg",
        "leg": "leg01",
        "mark_index": 128,
        "along_track_m": 128.0,
        "achieved_heading": 18.13162047178804,
        "target_bearing": 20.07275696369129,
        "fix_type": 6,
        "hacc_m": 0.014,
        "corrupt": false,
        "position_interpolated": true,
        "captured_at_utc": "2026-06-19T16:38:12.407710+00:00"
      },
      "geometry": {
        "type": "Point",
        "coordinates": [
          -114.00447179999999,
          46.6763324
        ]
      }
    },
    {
      "type": "Feature",
      "properties": {
        "file": "leg01_m129_b020_2026-06-19T10-38-13.jpg",
        "leg": "leg01",
        "mark_index": 129,
        "along_track_m": 129.0,
        "achieved_heading": 19.6871205024828,
        "target_bearing": 20.07275696369129,
        "fix_type": 6,
        "hacc_m": 0.014,
        "corrupt": false,
        "position_interpolated": true,
        "captured_at_utc": "2026-06-19T16:38:13.378380+00:00"
      },
      "geometry": {
        "type": "Point",
        "coordinates": [
          -114.0044674,
          46.676340499999995
        ]
      }
    },
    {
      "type": "Feature",
      "properties": {
        "file": "leg01_m130_b020_2026-06-19T10-38-14.jpg",
        "leg": "leg01",
        "mark_index": 130,
        "along_track_m": 130.0,
        "achieved_heading": 20.79996210033852,
        "target_bearing": 20.07275696369129,
        "fix_type": 6,
        "hacc_m": 0.014,
        "corrupt": false,
        "position_interpolated": true,
        "captured_at_utc": "2026-06-19T16:38:14.442943+00:00"
      },
      "geometry": {
        "type": "Point",
        "coordinates": [
          -114.0044629,
          46.6763488
        ]
      }
    },
    {
      "type": "Feature",
      "properties": {
        "file": "leg01_m131_b020_2026-06-19T10-38-15.jpg",
        "leg": "leg01",
        "mark_index": 131,
        "along_track_m": 131.0,
        "achieved_heading": 20.108534417758847,
        "target_bearing": 20.07275696369129,
        "fix_type": 6,
        "hacc_m": 0.014,
        "corrupt": false,
        "position_interpolated": true,
        "captured_at_utc": "2026-06-19T16:38:15.420882+00:00"
      },
      "geometry": {
        "type": "Point",
        "coordinates": [
          -114.00445799789988,
          46.67635740420023
        ]
      }
    },
    {
      "type": "Feature",
      "properties": {
        "file": "leg01_m132_b020_2026-06-19T10-38-16.jpg",
        "leg": "leg01",
        "mark_index": 132,
        "along_track_m": 132.0,
        "achieved_heading": 18.201187339412,
        "target_bearing": 20.07275696369129,
        "fix_type": 6,
        "hacc_m": 0.014,
        "corrupt": false,
        "position_interpolated": true,
        "captured_at_utc": "2026-06-19T16:38:16.531199+00:00"
      },
      "geometry": {
        "type": "Point",
        "coordinates": [
          -114.00445313865536,
          46.67636607815142
        ]
      }
    },
    {
      "type": "Feature",
      "properties": {
        "file": "leg01_m133_b020_2026-06-19T10-38-17.jpg",
        "leg": "leg01",
        "mark_index": 133,
        "along_track_m": 133.0,
        "achieved_heading": 18.270963731254085,
        "target_bearing": 20.07275696369129,
        "fix_type": 6,
        "hacc_m": 0.014,
        "corrupt": false,
        "position_interpolated": true,
        "captured_at_utc": "2026-06-19T16:38:17.516029+00:00"
      },
      "geometry": {
        "type": "Point",
        "coordinates": [
          -114.00444859470196,
          46.676374486920594
        ]
      }
    },
    {
      "type": "Feature",
      "properties": {
        "file": "leg01_m134_b020_2026-06-19T10-38-18.jpg",
        "leg": "leg01",
        "mark_index": 134,
        "along_track_m": 134.0,
        "achieved_heading": 19.757659031265348,
        "target_bearing": 20.07275696369129,
        "fix_type": 6,
        "hacc_m": 0.014,
        "corrupt": false,
        "position_interpolated": true,
        "captured_at_utc": "2026-06-19T16:38:18.489655+00:00"
      },
      "geometry": {
        "type": "Point",
        "coordinates": [
          -114.00444468240835,
          46.676382657008276
        ]
      }
    },
    {
      "type": "Feature",
      "properties": {
        "file": "leg01_m135_b020_2026-06-19T10-38-19.jpg",
        "leg": "leg01",
        "mark_index": 135,
        "along_track_m": 135.0,
        "achieved_heading": 20.952513501393867,
        "target_bearing": 20.07275696369129,
        "fix_type": 6,
        "hacc_m": 0.014,
        "corrupt": false,
        "position_interpolated": true,
        "captured_at_utc": "2026-06-19T16:38:19.618345+00:00"
      },
      "geometry": {
        "type": "Point",
        "coordinates": [
          -114.00444019999999,
          46.6763911
        ]
      }
    },
    {
      "type": "Feature",
      "properties": {
        "file": "leg01_m136_b020_2026-06-19T10-38-20.jpg",
        "leg": "leg01",
        "mark_index": 136,
        "along_track_m": 136.0,
        "achieved_heading": 21.05611096448399,
        "target_bearing": 20.07275696369129,
        "fix_type": 6,
        "hacc_m": 0.014,
        "corrupt": false,
        "position_interpolated": true,
        "captured_at_utc": "2026-06-19T16:38:20.602186+00:00"
      },
      "geometry": {
        "type": "Point",
        "coordinates": [
          -114.00443549346521,
          46.676399367172955
        ]
      }
    },
    {
      "type": "Feature",
      "properties": {
        "file": "leg01_m137_b020_2026-06-19T10-38-21.jpg",
        "leg": "leg01",
        "mark_index": 137,
        "along_track_m": 137.0,
        "achieved_heading": 19.301586976806277,
        "target_bearing": 20.07275696369129,
        "fix_type": 6,
        "hacc_m": 0.014,
        "corrupt": false,
        "position_interpolated": true,
        "captured_at_utc": "2026-06-19T16:38:21.715320+00:00"
      },
      "geometry": {
        "type": "Point",
        "coordinates": [
          -114.00443041202158,
          46.676408575956835
        ]
      }
    },
    {
      "type": "Feature",
      "properties": {
        "file": "leg01_m138_b020_2026-06-19T10-38-22.jpg",
        "leg": "leg01",
        "mark_index": 138,
        "along_track_m": 138.0,
        "achieved_heading": 18.922224033405087,
        "target_bearing": 20.07275696369129,
        "fix_type": 6,
        "hacc_m": 0.014,
        "corrupt": false,
        "position_interpolated": true,
        "captured_at_utc": "2026-06-19T16:38:22.772260+00:00"
      },
      "geometry": {
        "type": "Point",
        "coordinates": [
          -114.00442609999999,
          46.6764167
        ]
      }
    },
    {
      "type": "Feature",
      "properties": {
        "file": "leg01_m139_b020_2026-06-19T10-38-23.jpg",
        "leg": "leg01",
        "mark_index": 139,
        "along_track_m": 139.0,
        "achieved_heading": 19.285842122143436,
        "target_bearing": 20.07275696369129,
        "fix_type": 6,
        "hacc_m": 0.014,
        "corrupt": false,
        "position_interpolated": true,
        "captured_at_utc": "2026-06-19T16:38:23.750856+00:00"
      },
      "geometry": {
        "type": "Point",
        "coordinates": [
          -114.00442179999999,
          46.676424999999995
        ]
      }
    },
    {
      "type": "Feature",
      "properties": {
        "file": "leg01_m140_b020_2026-06-19T10-38-24.jpg",
        "leg": "leg01",
        "mark_index": 140,
        "along_track_m": 140.0,
        "achieved_heading": 20.863562507417896,
        "target_bearing": 20.07275696369129,
        "fix_type": 6,
        "hacc_m": 0.014,
        "corrupt": false,
        "position_interpolated": true,
        "captured_at_utc": "2026-06-19T16:38:24.796273+00:00"
      },
      "geometry": {
        "type": "Point",
        "coordinates": [
          -114.0044176,
          46.6764333
        ]
      }
    },
    {
      "type": "Feature",
      "properties": {
        "file": "leg01_m141_b020_2026-06-19T10-38-25.jpg",
        "leg": "leg01",
        "mark_index": 141,
        "along_track_m": 141.0,
        "achieved_heading": 21.72174820236671,
        "target_bearing": 20.07275696369129,
        "fix_type": 6,
        "hacc_m": 0.014,
        "corrupt": false,
        "position_interpolated": true,
        "captured_at_utc": "2026-06-19T16:38:25.768362+00:00"
      },
      "geometry": {
        "type": "Point",
        "coordinates": [
          -114.0044131,
          46.676441499999996
        ]
      }
    },
    {
      "type": "Feature",
      "properties": {
        "file": "leg01_m142_b020_2026-06-19T10-38-26.jpg",
        "leg": "leg01",
        "mark_index": 142,
        "along_track_m": 142.0,
        "achieved_heading": 20.64421672949561,
        "target_bearing": 20.07275696369129,
        "fix_type": 6,
        "hacc_m": 0.014,
        "corrupt": false,
        "position_interpolated": true,
        "captured_at_utc": "2026-06-19T16:38:26.834895+00:00"
      },
      "geometry": {
        "type": "Point",
        "coordinates": [
          -114.0044083,
          46.6764497
        ]
      }
    },
    {
      "type": "Feature",
      "properties": {
        "file": "leg01_m143_b020_2026-06-19T10-38-28.jpg",
        "leg": "leg01",
        "mark_index": 143,
        "along_track_m": 143.0,
        "achieved_heading": 18.96088394639844,
        "target_bearing": 20.07275696369129,
        "fix_type": 6,
        "hacc_m": 0.014,
        "corrupt": false,
        "position_interpolated": true,
        "captured_at_utc": "2026-06-19T16:38:27.935935+00:00"
      },
      "geometry": {
        "type": "Point",
        "coordinates": [
          -114.004403,
          46.6764595
        ]
      }
    },
    {
      "type": "Feature",
      "properties": {
        "file": "leg01_m144_b020_2026-06-19T10-38-28.jpg",
        "leg": "leg01",
        "mark_index": 144,
        "along_track_m": 144.0,
        "achieved_heading": 18.45385216001671,
        "target_bearing": 20.07275696369129,
        "fix_type": 6,
        "hacc_m": 0.014,
        "corrupt": false,
        "position_interpolated": true,
        "captured_at_utc": "2026-06-19T16:38:28.857642+00:00"
      },
      "geometry": {
        "type": "Point",
        "coordinates": [
          -114.00439899519267,
          46.6764672886532
        ]
      }
    },
    {
      "type": "Feature",
      "properties": {
        "file": "leg01_m145_b020_2026-06-19T10-38-30.jpg",
        "leg": "leg01",
        "mark_index": 145,
        "along_track_m": 145.0,
        "achieved_heading": 20.595584427706683,
        "target_bearing": 20.07275696369129,
        "fix_type": 6,
        "hacc_m": 0.014,
        "corrupt": false,
        "position_interpolated": true,
        "captured_at_utc": "2026-06-19T16:38:29.911628+00:00"
      },
      "geometry": {
        "type": "Point",
        "coordinates": [
          -114.00439459109928,
          46.67647623804569
        ]
      }
    },
    {
      "type": "Feature",
      "properties": {
        "file": "leg01_m146_b020_2026-06-19T10-38-30.jpg",
        "leg": "leg01",
        "mark_index": 146,
        "along_track_m": 146.0,
        "achieved_heading": 20.102922289961498,
        "target_bearing": 20.07275696369129,
        "fix_type": 6,
        "hacc_m": 0.014,
        "corrupt": false,
        "position_interpolated": true,
        "captured_at_utc": "2026-06-19T16:38:30.900353+00:00"
      },
      "geometry": {
        "type": "Point",
        "coordinates": [
          -114.00439026161074,
          46.67648413064875
        ]
      }
    },
    {
      "type": "Feature",
      "properties": {
        "file": "leg01_m147_b020_2026-06-19T10-38-32.jpg",
        "leg": "leg01",
        "mark_index": 147,
        "along_track_m": 147.0,
        "achieved_heading": 19.32735238391456,
        "target_bearing": 20.07275696369129,
        "fix_type": 6,
        "hacc_m": 0.014,
        "corrupt": false,
        "position_interpolated": true,
        "captured_at_utc": "2026-06-19T16:38:32.008918+00:00"
      },
      "geometry": {
        "type": "Point",
        "coordinates": [
          -114.00438589999999,
          46.676492499999995
        ]
      }
    },
    {
      "type": "Feature",
      "properties": {
        "file": "leg01_m148_b020_2026-06-19T10-38-32.jpg",
        "leg": "leg01",
        "mark_index": 148,
        "along_track_m": 148.0,
        "achieved_heading": 21.32615024673322,
        "target_bearing": 20.07275696369129,
        "fix_type": 6,
        "hacc_m": 0.014,
        "corrupt": false,
        "position_interpolated": true,
        "captured_at_utc": "2026-06-19T16:38:32.921680+00:00"
      },
      "geometry": {
        "type": "Point",
        "coordinates": [
          -114.00438164524179,
          46.676500409516386
        ]
      }
    },
    {
      "type": "Feature",
      "properties": {
        "file": "leg01_m149_b020_2026-06-19T10-38-34.jpg",
        "leg": "leg01",
        "mark_index": 149,
        "along_track_m": 149.0,
        "achieved_heading": 23.644895868508,
        "target_bearing": 20.07275696369129,
        "fix_type": 6,
        "hacc_m": 0.014,
        "corrupt": false,
        "position_interpolated": true,
        "captured_at_utc": "2026-06-19T16:38:34.102604+00:00"
      },
      "geometry": {
        "type": "Point",
        "coordinates": [
          -114.00437580292203,
          46.67650946179661
        ]
      }
    },
    {
      "type": "Feature",
      "properties": {
        "file": "leg01_m150_b020_2026-06-19T10-38-35.jpg",
        "leg": "leg01",
        "mark_index": 150,
        "along_track_m": 150.0,
        "achieved_heading": 26.96339297421565,
        "target_bearing": 20.07275696369129,
        "fix_type": 6,
        "hacc_m": 0.014,
        "corrupt": false,
        "position_interpolated": true,
        "captured_at_utc": "2026-06-19T16:38:35.162236+00:00"
      },
      "geometry": {
        "type": "Point",
        "coordinates": [
          -114.0043704,
          46.6765178
        ]
      }
    },
    {
      "type": "Feature",
      "properties": {
        "file": "leg02_m000_b290_2026-06-19T10-38-40.jpg",
        "leg": "leg02",
        "mark_index": 0,
        "along_track_m": 0.0,
        "achieved_heading": 293.4739841342782,
        "target_bearing": 290.1905503548921,
        "fix_type": 6,
        "hacc_m": 0.014,
        "corrupt": false,
        "position_interpolated": true,
        "captured_at_utc": "2026-06-19T16:38:40.335569+00:00"
      },
      "geometry": {
        "type": "Point",
        "coordinates": [
          -114.00436929630892,
          46.67652130738214
        ]
      }
    },
    {
      "type": "Feature",
      "properties": {
        "file": "leg02_m001_b290_2026-06-19T10-38-41.jpg",
        "leg": "leg02",
        "mark_index": 1,
        "along_track_m": 1.0,
        "achieved_heading": 290.93205687618035,
        "target_bearing": 290.1905503548921,
        "fix_type": 6,
        "hacc_m": 0.014,
        "corrupt": false,
        "position_interpolated": true,
        "captured_at_utc": "2026-06-19T16:38:41.740817+00:00"
      },
      "geometry": {
        "type": "Point",
        "coordinates": [
          -114.0043798,
          46.6765249
        ]
      }
    },
    {
      "type": "Feature",
      "properties": {
        "file": "leg02_m002_b290_2026-06-19T10-38-42.jpg",
        "leg": "leg02",
        "mark_index": 2,
        "along_track_m": 2.0,
        "achieved_heading": 283.58782656241397,
        "target_bearing": 290.1905503548921,
        "fix_type": 6,
        "hacc_m": 0.014,
        "corrupt": false,
        "position_interpolated": true,
        "captured_at_utc": "2026-06-19T16:38:42.790943+00:00"
      },
      "geometry": {
        "type": "Point",
        "coordinates": [
          -114.0043919,
          46.6765283
        ]
      }
    },
    {
      "type": "Feature",
      "properties": {
        "file": "leg02_m003_b290_2026-06-19T10-38-43.jpg",
        "leg": "leg02",
        "mark_index": 3,
        "along_track_m": 3.0,
        "achieved_heading": 276.7970161829644,
        "target_bearing": 290.1905503548921,
        "fix_type": 6,
        "hacc_m": 0.014,
        "corrupt": false,
        "position_interpolated": true,
        "captured_at_utc": "2026-06-19T16:38:43.832231+00:00"
      },
      "geometry": {
        "type": "Point",
        "coordinates": [
          -114.0044046,
          46.6765307
        ]
      }
    },
    {
      "type": "Feature",
      "properties": {
        "file": "leg02_m004_b290_2026-06-19T10-38-44.jpg",
        "leg": "leg02",
        "mark_index": 4,
        "along_track_m": 4.0,
        "achieved_heading": 275.70209383646943,
        "target_bearing": 290.1905503548921,
        "fix_type": 6,
        "hacc_m": 0.014,
        "corrupt": false,
        "position_interpolated": true,
        "captured_at_utc": "2026-06-19T16:38:44.746854+00:00"
      },
      "geometry": {
        "type": "Point",
        "coordinates": [
          -114.00441743665216,
          46.67653229296135
        ]
      }
    },
    {
      "type": "Feature",
      "properties": {
        "file": "leg02_m005_b290_2026-06-19T10-38-45.jpg",
        "leg": "leg02",
        "mark_index": 5,
        "along_track_m": 4.842,
        "achieved_heading": 277.8219803826739,
        "target_bearing": 290.1905503548921,
        "fix_type": 6,
        "hacc_m": 0.014,
        "corrupt": false,
        "position_interpolated": true,
        "captured_at_utc": "2026-06-19T16:38:45.511948+00:00"
      },
      "geometry": {
        "type": "Point",
        "coordinates": [
          -114.00442744420926,
          46.676533645262964
        ]
      }
    },
    {
      "type": "Feature",
      "properties": {
        "file": "leg03_m000_b200_2026-06-19T10-38-48.jpg",
        "leg": "leg03",
        "mark_index": 0,
        "along_track_m": 0.0,
        "achieved_heading": 197.8265297589806,
        "target_bearing": 200.07320416166903,
        "fix_type": 6,
        "hacc_m": 0.014,
        "corrupt": false,
        "position_interpolated": true,
        "captured_at_utc": "2026-06-19T16:38:48.961234+00:00"
      },
      "geometry": {
        "type": "Point",
        "coordinates": [
          -114.0044372,
          46.6765335
        ]
      }
    },
    {
      "type": "Feature",
      "properties": {
        "file": "leg03_m001_b200_2026-06-19T10-38-50.jpg",
        "leg": "leg03",
        "mark_index": 1,
        "along_track_m": 1.0,
        "achieved_heading": 198.05198865136458,
        "target_bearing": 200.07320416166903,
        "fix_type": 6,
        "hacc_m": 0.014,
        "corrupt": false,
        "position_interpolated": true,
        "captured_at_utc": "2026-06-19T16:38:50.210888+00:00"
      },
      "geometry": {
        "type": "Point",
        "coordinates": [
          -114.00444069999999,
          46.676527899999996
        ]
      }
    },
    {
      "type": "Feature",
      "properties": {
        "file": "leg03_m002_b200_2026-06-19T10-38-51.jpg",
        "leg": "leg03",
        "mark_index": 2,
        "along_track_m": 2.0,
        "achieved_heading": 189.32801867114364,
        "target_bearing": 200.07320416166903,
        "fix_type": 6,
        "hacc_m": 0.014,
        "corrupt": false,
        "position_interpolated": true,
        "captured_at_utc": "2026-06-19T16:38:51.324761+00:00"
      },
      "geometry": {
        "type": "Point",
        "coordinates": [
          -114.00444644711287,
          46.676518313329574
        ]
      }
    },
    {
      "type": "Feature",
      "properties": {
        "file": "leg03_m003_b200_2026-06-19T10-38-52.jpg",
        "leg": "leg03",
        "mark_index": 3,
        "along_track_m": 3.0,
        "achieved_heading": 183.05361515244553,
        "target_bearing": 200.07320416166903,
        "fix_type": 6,
        "hacc_m": 0.014,
        "corrupt": false,
        "position_interpolated": true,
        "captured_at_utc": "2026-06-19T16:38:52.383469+00:00"
      },
      "geometry": {
        "type": "Point",
        "coordinates": [
          -114.0044497,
          46.6765094
        ]
      }
    },
    {
      "type": "Feature",
      "properties": {
        "file": "leg03_m004_b200_2026-06-19T10-38-53.jpg",
        "leg": "leg03",
        "mark_index": 4,
        "along_track_m": 4.0,
        "achieved_heading": 185.33627900824672,
        "target_bearing": 200.07320416166903,
        "fix_type": 6,
        "hacc_m": 0.014,
        "corrupt": false,
        "position_interpolated": true,
        "captured_at_utc": "2026-06-19T16:38:53.290441+00:00"
      },
      "geometry": {
        "type": "Point",
        "coordinates": [
          -114.00445190951389,
          46.676501107187484
        ]
      }
    },
    {
      "type": "Feature",
      "properties": {
        "file": "leg03_m005_b200_2026-06-19T10-38-54.jpg",
        "leg": "leg03",
        "mark_index": 5,
        "along_track_m": 5.0,
        "achieved_heading": 188.8958221117668,
        "target_bearing": 200.07320416166903,
        "fix_type": 6,
        "hacc_m": 0.014,
        "corrupt": false,
        "position_interpolated": true,
        "captured_at_utc": "2026-06-19T16:38:54.344997+00:00"
      },
      "geometry": {
        "type": "Point",
        "coordinates": [
          -114.00445459999999,
          46.6764923
        ]
      }
    },
    {
      "type": "Feature",
      "properties": {
        "file": "leg03_m006_b200_2026-06-19T10-38-55.jpg",
        "leg": "leg03",
        "mark_index": 6,
        "along_track_m": 6.0,
        "achieved_heading": 192.31651749804323,
        "target_bearing": 200.07320416166903,
        "fix_type": 6,
        "hacc_m": 0.014,
        "corrupt": false,
        "position_interpolated": true,
        "captured_at_utc": "2026-06-19T16:38:55.322982+00:00"
      },
      "geometry": {
        "type": "Point",
        "coordinates": [
          -114.00445833609783,
          46.67648373579209
        ]
      }
    },
    {
      "type": "Feature",
      "properties": {
        "file": "leg03_m007_b200_2026-06-19T10-38-56.jpg",
        "leg": "leg03",
        "mark_index": 7,
        "along_track_m": 7.0,
        "achieved_heading": 192.95070755015195,
        "target_bearing": 200.07320416166903,
        "fix_type": 6,
        "hacc_m": 0.014,
        "corrupt": false,
        "position_interpolated": true,
        "captured_at_utc": "2026-06-19T16:38:56.370005+00:00"
      },
      "geometry": {
        "type": "Point",
        "coordinates": [
          -114.0044626,
          46.6764751
        ]
      }
    },
    {
      "type": "Feature",
      "properties": {
        "file": "leg03_m008_b200_2026-06-19T10-38-57.jpg",
        "leg": "leg03",
        "mark_index": 8,
        "along_track_m": 8.0,
        "achieved_heading": 190.79885034393914,
        "target_bearing": 200.07320416166903,
        "fix_type": 6,
        "hacc_m": 0.014,
        "corrupt": false,
        "position_interpolated": true,
        "captured_at_utc": "2026-06-19T16:38:57.357621+00:00"
      },
      "geometry": {
        "type": "Point",
        "coordinates": [
          -114.0044667,
          46.6764667
        ]
      }
    },
    {
      "type": "Feature",
      "properties": {
        "file": "leg03_m009_b200_2026-06-19T10-38-58.jpg",
        "leg": "leg03",
        "mark_index": 9,
        "along_track_m": 9.0,
        "achieved_heading": 191.61997424826785,
        "target_bearing": 200.07320416166903,
        "fix_type": 6,
        "hacc_m": 0.014,
        "corrupt": false,
        "position_interpolated": true,
        "captured_at_utc": "2026-06-19T16:38:58.398737+00:00"
      },
      "geometry": {
        "type": "Point",
        "coordinates": [
          -114.0044703,
          46.6764582
        ]
      }
    },
    {
      "type": "Feature",
      "properties": {
        "file": "leg03_m010_b200_2026-06-19T10-38-59.jpg",
        "leg": "leg03",
        "mark_index": 10,
        "along_track_m": 10.0,
        "achieved_heading": 193.12884362445718,
        "target_bearing": 200.07320416166903,
        "fix_type": 6,
        "hacc_m": 0.014,
        "corrupt": false,
        "position_interpolated": true,
        "captured_at_utc": "2026-06-19T16:38:59.395042+00:00"
      },
      "geometry": {
        "type": "Point",
        "coordinates": [
          -114.0044745,
          46.6764496
        ]
      }
    },
    {
      "type": "Feature",
      "properties": {
        "file": "leg03_m011_b200_2026-06-19T10-39-00.jpg",
        "leg": "leg03",
        "mark_index": 11,
        "along_track_m": 11.0,
        "achieved_heading": 194.8198731708681,
        "target_bearing": 200.07320416166903,
        "fix_type": 6,
        "hacc_m": 0.014,
        "corrupt": false,
        "position_interpolated": true,
        "captured_at_utc": "2026-06-19T16:39:00.447568+00:00"
      },
      "geometry": {
        "type": "Point",
        "coordinates": [
          -114.00447869999999,
          46.6764412
        ]
      }
    },
    {
      "type": "Feature",
      "properties": {
        "file": "leg03_m012_b200_2026-06-19T10-39-01.jpg",
        "leg": "leg03",
        "mark_index": 12,
        "along_track_m": 12.0,
        "achieved_heading": 194.25049373648184,
        "target_bearing": 200.07320416166903,
        "fix_type": 6,
        "hacc_m": 0.014,
        "corrupt": false,
        "position_interpolated": true,
        "captured_at_utc": "2026-06-19T16:39:01.340283+00:00"
      },
      "geometry": {
        "type": "Point",
        "coordinates": [
          -114.0044829,
          46.6764327
        ]
      }
    },
    {
      "type": "Feature",
      "properties": {
        "file": "leg03_m013_b200_2026-06-19T10-39-02.jpg",
        "leg": "leg03",
        "mark_index": 13,
        "along_track_m": 13.0,
        "achieved_heading": 195.47051790096808,
        "target_bearing": 200.07320416166903,
        "fix_type": 6,
        "hacc_m": 0.014,
        "corrupt": false,
        "position_interpolated": true,
        "captured_at_utc": "2026-06-19T16:39:02.388967+00:00"
      },
      "geometry": {
        "type": "Point",
        "coordinates": [
          -114.00448739999999,
          46.676424399999995
        ]
      }
    },
    {
      "type": "Feature",
      "properties": {
        "file": "leg03_m014_b200_2026-06-19T10-39-03.jpg",
        "leg": "leg03",
        "mark_index": 14,
        "along_track_m": 14.0,
        "achieved_heading": 195.13316502169945,
        "target_bearing": 200.07320416166903,
        "fix_type": 6,
        "hacc_m": 0.014,
        "corrupt": false,
        "position_interpolated": true,
        "captured_at_utc": "2026-06-19T16:39:03.301642+00:00"
      },
      "geometry": {
        "type": "Point",
        "coordinates": [
          -114.00449200515014,
          46.676415983417975
        ]
      }
    },
    {
      "type": "Feature",
      "properties": {
        "file": "leg03_m015_b200_2026-06-19T10-39-04.jpg",
        "leg": "leg03",
        "mark_index": 15,
        "along_track_m": 15.0,
        "achieved_heading": 195.00667856459572,
        "target_bearing": 200.07320416166903,
        "fix_type": 6,
        "hacc_m": 0.014,
        "corrupt": false,
        "position_interpolated": true,
        "captured_at_utc": "2026-06-19T16:39:04.346635+00:00"
      },
      "geometry": {
        "type": "Point",
        "coordinates": [
          -114.0044965,
          46.6764072
        ]
      }
    },
    {
      "type": "Feature",
      "properties": {
        "file": "leg03_m016_b200_2026-06-19T10-39-05.jpg",
        "leg": "leg03",
        "mark_index": 16,
        "along_track_m": 16.0,
        "achieved_heading": 194.8963547838128,
        "target_bearing": 200.07320416166903,
        "fix_type": 6,
        "hacc_m": 0.014,
        "corrupt": false,
        "position_interpolated": true,
        "captured_at_utc": "2026-06-19T16:39:05.332082+00:00"
      },
      "geometry": {
        "type": "Point",
        "coordinates": [
          -114.00450097911907,
          46.67639863967374
        ]
      }
    },
    {
      "type": "Feature",
      "properties": {
        "file": "leg03_m017_b200_2026-06-19T10-39-06.jpg",
        "leg": "leg03",
        "mark_index": 17,
        "along_track_m": 17.0,
        "achieved_heading": 196.94573200671735,
        "target_bearing": 200.07320416166903,
        "fix_type": 6,
        "hacc_m": 0.014,
        "corrupt": false,
        "position_interpolated": true,
        "captured_at_utc": "2026-06-19T16:39:06.382112+00:00"
      },
      "geometry": {
        "type": "Point",
        "coordinates": [
          -114.0045054,
          46.6763903
        ]
      }
    },
    {
      "type": "Feature",
      "properties": {
        "file": "leg03_m018_b200_2026-06-19T10-39-07.jpg",
        "leg": "leg03",
        "mark_index": 18,
        "along_track_m": 18.0,
        "achieved_heading": 196.13346125794624,
        "target_bearing": 200.07320416166903,
        "fix_type": 6,
        "hacc_m": 0.014,
        "corrupt": false,
        "position_interpolated": true,
        "captured_at_utc": "2026-06-19T16:39:07.297203+00:00"
      },
      "geometry": {
        "type": "Point",
        "coordinates": [
          -114.00451003312214,
          46.67638187547518
        ]
      }
    },
    {
      "type": "Feature",
      "properties": {
        "file": "leg03_m019_b200_2026-06-19T10-39-08.jpg",
        "leg": "leg03",
        "mark_index": 19,
        "along_track_m": 19.0,
        "achieved_heading": 195.18366600701927,
        "target_bearing": 200.07320416166903,
        "fix_type": 6,
        "hacc_m": 0.014,
        "corrupt": false,
        "position_interpolated": true,
        "captured_at_utc": "2026-06-19T16:39:08.341398+00:00"
      },
      "geometry": {
        "type": "Point",
        "coordinates": [
          -114.0045147,
          46.676373
        ]
      }
    },
    {
      "type": "Feature",
      "properties": {
        "file": "leg03_m020_b200_2026-06-19T10-39-09.jpg",
        "leg": "leg03",
        "mark_index": 20,
        "along_track_m": 20.0,
        "achieved_heading": 195.1384923520571,
        "target_bearing": 200.07320416166903,
        "fix_type": 6,
        "hacc_m": 0.014,
        "corrupt": false,
        "position_interpolated": true,
        "captured_at_utc": "2026-06-19T16:39:09.395364+00:00"
      },
      "geometry": {
        "type": "Point",
        "coordinates": [
          -114.00451919999999,
          46.6763644
        ]
      }
    },
    {
      "type": "Feature",
      "properties": {
        "file": "leg03_m021_b200_2026-06-19T10-39-10.jpg",
        "leg": "leg03",
        "mark_index": 21,
        "along_track_m": 21.0,
        "achieved_heading": 195.42443584875684,
        "target_bearing": 200.07320416166903,
        "fix_type": 6,
        "hacc_m": 0.014,
        "corrupt": false,
        "position_interpolated": true,
        "captured_at_utc": "2026-06-19T16:39:10.380811+00:00"
      },
      "geometry": {
        "type": "Point",
        "coordinates": [
          -114.0045238,
          46.676355799999996
        ]
      }
    },
    {
      "type": "Feature",
      "properties": {
        "file": "leg03_m022_b200_2026-06-19T10-39-11.jpg",
        "leg": "leg03",
        "mark_index": 22,
        "along_track_m": 22.0,
        "achieved_heading": 195.1631471814555,
        "target_bearing": 200.07320416166903,
        "fix_type": 6,
        "hacc_m": 0.014,
        "corrupt": false,
        "position_interpolated": true,
        "captured_at_utc": "2026-06-19T16:39:11.215151+00:00"
      },
      "geometry": {
        "type": "Point",
        "coordinates": [
          -114.00452776921117,
          46.676348107742704
        ]
      }
    },
    {
      "type": "Feature",
      "properties": {
        "file": "leg03_m023_b200_2026-06-19T10-39-12.jpg",
        "leg": "leg03",
        "mark_index": 23,
        "along_track_m": 23.0,
        "achieved_heading": 196.49387919682744,
        "target_bearing": 200.07320416166903,
        "fix_type": 6,
        "hacc_m": 0.014,
        "corrupt": false,
        "position_interpolated": true,
        "captured_at_utc": "2026-06-19T16:39:12.339872+00:00"
      },
      "geometry": {
        "type": "Point",
        "coordinates": [
          -114.00453239999999,
          46.676338799999996
        ]
      }
    },
    {
      "type": "Feature",
      "properties": {
        "file": "leg03_m024_b200_2026-06-19T10-39-13.jpg",
        "leg": "leg03",
        "mark_index": 24,
        "along_track_m": 24.0,
        "achieved_heading": 198.44727602302385,
        "target_bearing": 200.07320416166903,
        "fix_type": 6,
        "hacc_m": 0.014,
        "corrupt": false,
        "position_interpolated": true,
        "captured_at_utc": "2026-06-19T16:39:13.392288+00:00"
      },
      "geometry": {
        "type": "Point",
        "coordinates": [
          -114.0045373,
          46.6763305
        ]
      }
    },
    {
      "type": "Feature",
      "properties": {
        "file": "leg03_m025_b200_2026-06-19T10-39-14.jpg",
        "leg": "leg03",
        "mark_index": 25,
        "along_track_m": 25.0,
        "achieved_heading": 197.8692247237316,
        "target_bearing": 200.07320416166903,
        "fix_type": 6,
        "hacc_m": 0.014,
        "corrupt": false,
        "position_interpolated": true,
        "captured_at_utc": "2026-06-19T16:39:14.293515+00:00"
      },
      "geometry": {
        "type": "Point",
        "coordinates": [
          -114.00454204853227,
          46.67632262749513
        ]
      }
    },
    {
      "type": "Feature",
      "properties": {
        "file": "leg03_m026_b200_2026-06-19T10-39-15.jpg",
        "leg": "leg03",
        "mark_index": 26,
        "along_track_m": 26.0,
        "achieved_heading": 196.59030204552676,
        "target_bearing": 200.07320416166903,
        "fix_type": 6,
        "hacc_m": 0.014,
        "corrupt": false,
        "position_interpolated": true,
        "captured_at_utc": "2026-06-19T16:39:15.287686+00:00"
      },
      "geometry": {
        "type": "Point",
        "coordinates": [
          -114.00454637468583,
          46.67631437552361
        ]
      }
    },
    {
      "type": "Feature",
      "properties": {
        "file": "leg03_m027_b200_2026-06-19T10-39-16.jpg",
        "leg": "leg03",
        "mark_index": 27,
        "along_track_m": 27.0,
        "achieved_heading": 197.71881873598434,
        "target_bearing": 200.07320416166903,
        "fix_type": 6,
        "hacc_m": 0.014,
        "corrupt": false,
        "position_interpolated": true,
        "captured_at_utc": "2026-06-19T16:39:16.262532+00:00"
      },
      "geometry": {
        "type": "Point",
        "coordinates": [
          -114.00455044047428,
          46.676306339156845
        ]
      }
    },
    {
      "type": "Feature",
      "properties": {
        "file": "leg03_m028_b200_2026-06-19T10-39-17.jpg",
        "leg": "leg03",
        "mark_index": 28,
        "along_track_m": 28.0,
        "achieved_heading": 197.90235814885025,
        "target_bearing": 200.07320416166903,
        "fix_type": 6,
        "hacc_m": 0.014,
        "corrupt": false,
        "position_interpolated": true,
        "captured_at_utc": "2026-06-19T16:39:17.309632+00:00"
      },
      "geometry": {
        "type": "Point",
        "coordinates": [
          -114.00455533333864,
          46.676297657567545
        ]
      }
    },
    {
      "type": "Feature",
      "properties": {
        "file": "leg03_m029_b200_2026-06-19T10-39-18.jpg",
        "leg": "leg03",
        "mark_index": 29,
        "along_track_m": 29.0,
        "achieved_heading": 196.55366979107333,
        "target_bearing": 200.07320416166903,
        "fix_type": 6,
        "hacc_m": 0.014,
        "corrupt": false,
        "position_interpolated": true,
        "captured_at_utc": "2026-06-19T16:39:18.288444+00:00"
      },
      "geometry": {
        "type": "Point",
        "coordinates": [
          -114.00455961085673,
          46.67628955934791
        ]
      }
    },
    {
      "type": "Feature",
      "properties": {
        "file": "leg03_m030_b200_2026-06-19T10-39-19.jpg",
        "leg": "leg03",
        "mark_index": 30,
        "along_track_m": 30.0,
        "achieved_heading": 195.62999893008498,
        "target_bearing": 200.07320416166903,
        "fix_type": 6,
        "hacc_m": 0.014,
        "corrupt": false,
        "position_interpolated": true,
        "captured_at_utc": "2026-06-19T16:39:19.406235+00:00"
      },
      "geometry": {
        "type": "Point",
        "coordinates": [
          -114.0045639,
          46.6762807
        ]
      }
    },
    {
      "type": "Feature",
      "properties": {
        "file": "leg03_m031_b200_2026-06-19T10-39-20.jpg",
        "leg": "leg03",
        "mark_index": 31,
        "along_track_m": 31.0,
        "achieved_heading": 196.97876035775704,
        "target_bearing": 200.07320416166903,
        "fix_type": 6,
        "hacc_m": 0.014,
        "corrupt": false,
        "position_interpolated": true,
        "captured_at_utc": "2026-06-19T16:39:20.319301+00:00"
      },
      "geometry": {
        "type": "Point",
        "coordinates": [
          -114.00456804399592,
          46.67627231900867
        ]
      }
    },
    {
      "type": "Feature",
      "properties": {
        "file": "leg03_m032_b200_2026-06-19T10-39-21.jpg",
        "leg": "leg03",
        "mark_index": 32,
        "along_track_m": 32.0,
        "achieved_heading": 198.59789631307393,
        "target_bearing": 200.07320416166903,
        "fix_type": 6,
        "hacc_m": 0.014,
        "corrupt": false,
        "position_interpolated": true,
        "captured_at_utc": "2026-06-19T16:39:21.365537+00:00"
      },
      "geometry": {
        "type": "Point",
        "coordinates": [
          -114.0045727,
          46.6762642
        ]
      }
    },
    {
      "type": "Feature",
      "properties": {
        "file": "leg03_m033_b200_2026-06-19T10-39-22.jpg",
        "leg": "leg03",
        "mark_index": 33,
        "along_track_m": 33.0,
        "achieved_heading": 196.83442653087485,
        "target_bearing": 200.07320416166903,
        "fix_type": 6,
        "hacc_m": 0.014,
        "corrupt": false,
        "position_interpolated": true,
        "captured_at_utc": "2026-06-19T16:39:22.419322+00:00"
      },
      "geometry": {
        "type": "Point",
        "coordinates": [
          -114.00457759999999,
          46.676255499999996
        ]
      }
    },
    {
      "type": "Feature",
      "properties": {
        "file": "leg03_m034_b200_2026-06-19T10-39-23.jpg",
        "leg": "leg03",
        "mark_index": 34,
        "along_track_m": 34.0,
        "achieved_heading": 196.45842635631035,
        "target_bearing": 200.07320416166903,
        "fix_type": 6,
        "hacc_m": 0.014,
        "corrupt": false,
        "position_interpolated": true,
        "captured_at_utc": "2026-06-19T16:39:23.482590+00:00"
      },
      "geometry": {
        "type": "Point",
        "coordinates": [
          -114.00458280275616,
          46.676246213421166
        ]
      }
    },
    {
      "type": "Feature",
      "properties": {
        "file": "leg03_m035_b200_2026-06-19T10-39-24.jpg",
        "leg": "leg03",
        "mark_index": 35,
        "along_track_m": 35.0,
        "achieved_heading": 196.9422025386873,
        "target_bearing": 200.07320416166903,
        "fix_type": 6,
        "hacc_m": 0.014,
        "corrupt": false,
        "position_interpolated": true,
        "captured_at_utc": "2026-06-19T16:39:24.526473+00:00"
      },
      "geometry": {
        "type": "Point",
        "coordinates": [
          -114.00458698572899,
          46.67623751584524
        ]
      }
    },
    {
      "type": "Feature",
      "properties": {
        "file": "leg03_m036_b200_2026-06-19T10-39-25.jpg",
        "leg": "leg03",
        "mark_index": 36,
        "along_track_m": 36.0,
        "achieved_heading": 197.14170931119548,
        "target_bearing": 200.07320416166903,
        "fix_type": 6,
        "hacc_m": 0.014,
        "corrupt": false,
        "position_interpolated": true,
        "captured_at_utc": "2026-06-19T16:39:25.437055+00:00"
      },
      "geometry": {
        "type": "Point",
        "coordinates": [
          -114.00459124377699,
          46.67622991106311
        ]
      }
    },
    {
      "type": "Feature",
      "properties": {
        "file": "leg03_m037_b200_2026-06-19T10-39-26.jpg",
        "leg": "leg03",
        "mark_index": 37,
        "along_track_m": 37.0,
        "achieved_heading": 196.86129374208735,
        "target_bearing": 200.07320416166903,
        "fix_type": 6,
        "hacc_m": 0.014,
        "corrupt": false,
        "position_interpolated": true,
        "captured_at_utc": "2026-06-19T16:39:26.555781+00:00"
      },
      "geometry": {
        "type": "Point",
        "coordinates": [
          -114.0045959,
          46.6762209
        ]
      }
    },
    {
      "type": "Feature",
      "properties": {
        "file": "leg03_m038_b200_2026-06-19T10-39-27.jpg",
        "leg": "leg03",
        "mark_index": 38,
        "along_track_m": 38.0,
        "achieved_heading": 196.572017483989,
        "target_bearing": 200.07320416166903,
        "fix_type": 6,
        "hacc_m": 0.014,
        "corrupt": false,
        "position_interpolated": true,
        "captured_at_utc": "2026-06-19T16:39:27.525905+00:00"
      },
      "geometry": {
        "type": "Point",
        "coordinates": [
          -114.00460037897565,
          46.67621243363896
        ]
      }
    },
    {
      "type": "Feature",
      "properties": {
        "file": "leg03_m039_b200_2026-06-19T10-39-28.jpg",
        "leg": "leg03",
        "mark_index": 39,
        "along_track_m": 39.0,
        "achieved_heading": 196.7475814001929,
        "target_bearing": 200.07320416166903,
        "fix_type": 6,
        "hacc_m": 0.014,
        "corrupt": false,
        "position_interpolated": true,
        "captured_at_utc": "2026-06-19T16:39:28.517358+00:00"
      },
      "geometry": {
        "type": "Point",
        "coordinates": [
          -114.00460426016878,
          46.67620417966242
        ]
      }
    },
    {
      "type": "Feature",
      "properties": {
        "file": "leg03_m040_b200_2026-06-19T10-39-29.jpg",
        "leg": "leg03",
        "mark_index": 40,
        "along_track_m": 40.0,
        "achieved_heading": 197.94057681434597,
        "target_bearing": 200.07320416166903,
        "fix_type": 6,
        "hacc_m": 0.014,
        "corrupt": false,
        "position_interpolated": true,
        "captured_at_utc": "2026-06-19T16:39:29.557239+00:00"
      },
      "geometry": {
        "type": "Point",
        "coordinates": [
          -114.00460869999999,
          46.6761955
        ]
      }
    },
    {
      "type": "Feature",
      "properties": {
        "file": "leg03_m041_b200_2026-06-19T10-39-30.jpg",
        "leg": "leg03",
        "mark_index": 41,
        "along_track_m": 41.0,
        "achieved_heading": 199.79778721715803,
        "target_bearing": 200.07320416166903,
        "fix_type": 6,
        "hacc_m": 0.014,
        "corrupt": false,
        "position_interpolated": true,
        "captured_at_utc": "2026-06-19T16:39:30.542440+00:00"
      },
      "geometry": {
        "type": "Point",
        "coordinates": [
          -114.00461319399204,
          46.676187115449025
        ]
      }
    },
    {
      "type": "Feature",
      "properties": {
        "file": "leg03_m042_b200_2026-06-19T10-39-31.jpg",
        "leg": "leg03",
        "mark_index": 42,
        "along_track_m": 42.0,
        "achieved_heading": 200.36317252935248,
        "target_bearing": 200.07320416166903,
        "fix_type": 6,
        "hacc_m": 0.014,
        "corrupt": false,
        "position_interpolated": true,
        "captured_at_utc": "2026-06-19T16:39:31.529276+00:00"
      },
      "geometry": {
        "type": "Point",
        "coordinates": [
          -114.00461814376082,
          46.67617897029897
        ]
      }
    },
    {
      "type": "Feature",
      "properties": {
        "file": "leg03_m043_b200_2026-06-19T10-39-32.jpg",
        "leg": "leg03",
        "mark_index": 43,
        "along_track_m": 43.0,
        "achieved_heading": 199.21482795452698,
        "target_bearing": 200.07320416166903,
        "fix_type": 6,
        "hacc_m": 0.014,
        "corrupt": false,
        "position_interpolated": true,
        "captured_at_utc": "2026-06-19T16:39:32.506757+00:00"
      },
      "geometry": {
        "type": "Point",
        "coordinates": [
          -114.00462282555227,
          46.67617080131879
        ]
      }
    },
    {
      "type": "Feature",
      "properties": {
        "file": "leg03_m044_b200_2026-06-19T10-39-33.jpg",
        "leg": "leg03",
        "mark_index": 44,
        "along_track_m": 44.0,
        "achieved_heading": 198.32047127513943,
        "target_bearing": 200.07320416166903,
        "fix_type": 6,
        "hacc_m": 0.014,
        "corrupt": false,
        "position_interpolated": true,
        "captured_at_utc": "2026-06-19T16:39:33.554158+00:00"
      },
      "geometry": {
        "type": "Point",
        "coordinates": [
          -114.0046275,
          46.6761622
        ]
      }
    },
    {
      "type": "Feature",
      "properties": {
        "file": "leg03_m045_b200_2026-06-19T10-39-34.jpg",
        "leg": "leg03",
        "mark_index": 45,
        "along_track_m": 45.0,
        "achieved_heading": 197.9120930330112,
        "target_bearing": 200.07320416166903,
        "fix_type": 6,
        "hacc_m": 0.014,
        "corrupt": false,
        "position_interpolated": true,
        "captured_at_utc": "2026-06-19T16:39:34.510758+00:00"
      },
      "geometry": {
        "type": "Point",
        "coordinates": [
          -114.00463132578477,
          46.67615404843044
        ]
      }
    },
    {
      "type": "Feature",
      "properties": {
        "file": "leg03_m046_b200_2026-06-19T10-39-35.jpg",
        "leg": "leg03",
        "mark_index": 46,
        "along_track_m": 46.0,
        "achieved_heading": 201.28440501331545,
        "target_bearing": 200.07320416166903,
        "fix_type": 6,
        "hacc_m": 0.014,
        "corrupt": false,
        "position_interpolated": true,
        "captured_at_utc": "2026-06-19T16:39:35.573881+00:00"
      },
      "geometry": {
        "type": "Point",
        "coordinates": [
          -114.0046356,
          46.676145899999995
        ]
      }
    },
    {
      "type": "Feature",
      "properties": {
        "file": "leg03_m047_b200_2026-06-19T10-39-36.jpg",
        "leg": "leg03",
        "mark_index": 47,
        "along_track_m": 47.0,
        "achieved_heading": 198.8864745386785,
        "target_bearing": 200.07320416166903,
        "fix_type": 6,
        "hacc_m": 0.014,
        "corrupt": false,
        "position_interpolated": true,
        "captured_at_utc": "2026-06-19T16:39:36.636442+00:00"
      },
      "geometry": {
        "type": "Point",
        "coordinates": [
          -114.00464079999999,
          46.6761376
        ]
      }
    },
    {
      "type": "Feature",
      "properties": {
        "file": "leg03_m048_b200_2026-06-19T10-39-37.jpg",
        "leg": "leg03",
        "mark_index": 48,
        "along_track_m": 48.0,
        "achieved_heading": 200.0084949024449,
        "target_bearing": 200.07320416166903,
        "fix_type": 6,
        "hacc_m": 0.014,
        "corrupt": false,
        "position_interpolated": true,
        "captured_at_utc": "2026-06-19T16:39:37.681956+00:00"
      },
      "geometry": {
        "type": "Point",
        "coordinates": [
          -114.00464592054215,
          46.67612807507835
        ]
      }
    },
    {
      "type": "Feature",
      "properties": {
        "file": "leg03_m049_b200_2026-06-19T10-39-38.jpg",
        "leg": "leg03",
        "mark_index": 49,
        "along_track_m": 49.0,
        "achieved_heading": 199.61245864808672,
        "target_bearing": 200.07320416166903,
        "fix_type": 6,
        "hacc_m": 0.014,
        "corrupt": false,
        "position_interpolated": true,
        "captured_at_utc": "2026-06-19T16:39:38.743350+00:00"
      },
      "geometry": {
        "type": "Point",
        "coordinates": [
          -114.00464997720694,
          46.676119448842265
        ]
      }
    },
    {
      "type": "Feature",
      "properties": {
        "file": "leg03_m050_b200_2026-06-19T10-39-39.jpg",
        "leg": "leg03",
        "mark_index": 50,
        "along_track_m": 50.0,
        "achieved_heading": 201.31269300712265,
        "target_bearing": 200.07320416166903,
        "fix_type": 6,
        "hacc_m": 0.014,
        "corrupt": false,
        "position_interpolated": true,
        "captured_at_utc": "2026-06-19T16:39:39.731748+00:00"
      },
      "geometry": {
        "type": "Point",
        "coordinates": [
          -114.0046546,
          46.6761109
        ]
      }
    },
    {
      "type": "Feature",
      "properties": {
        "file": "leg03_m051_b200_2026-06-19T10-39-40.jpg",
        "leg": "leg03",
        "mark_index": 51,
        "along_track_m": 51.0,
        "achieved_heading": 199.4676268252354,
        "target_bearing": 200.07320416166903,
        "fix_type": 6,
        "hacc_m": 0.014,
        "corrupt": false,
        "position_interpolated": true,
        "captured_at_utc": "2026-06-19T16:39:40.774363+00:00"
      },
      "geometry": {
        "type": "Point",
        "coordinates": [
          -114.00465919999999,
          46.6761027
        ]
      }
    },
    {
      "type": "Feature",
      "properties": {
        "file": "leg03_m052_b200_2026-06-19T10-39-41.jpg",
        "leg": "leg03",
        "mark_index": 52,
        "along_track_m": 52.0,
        "achieved_heading": 200.12803409643624,
        "target_bearing": 200.07320416166903,
        "fix_type": 6,
        "hacc_m": 0.014,
        "corrupt": false,
        "position_interpolated": true,
        "captured_at_utc": "2026-06-19T16:39:41.685139+00:00"
      },
      "geometry": {
        "type": "Point",
        "coordinates": [
          -114.004663502414,
          46.67609471987022
        ]
      }
    },
    {
      "type": "Feature",
      "properties": {
        "file": "leg03_m053_b200_2026-06-19T10-39-42.jpg",
        "leg": "leg03",
        "mark_index": 53,
        "along_track_m": 53.0,
        "achieved_heading": 198.4929390207185,
        "target_bearing": 200.07320416166903,
        "fix_type": 6,
        "hacc_m": 0.014,
        "corrupt": false,
        "position_interpolated": true,
        "captured_at_utc": "2026-06-19T16:39:42.730886+00:00"
      },
      "geometry": {
        "type": "Point",
        "coordinates": [
          -114.00466828701202,
          46.67608603154222
        ]
      }
    },
    {
      "type": "Feature",
      "properties": {
        "file": "leg03_m054_b200_2026-06-19T10-39-43.jpg",
        "leg": "leg03",
        "mark_index": 54,
        "along_track_m": 54.0,
        "achieved_heading": 197.5094660175924,
        "target_bearing": 200.07320416166903,
        "fix_type": 6,
        "hacc_m": 0.014,
        "corrupt": false,
        "position_interpolated": true,
        "captured_at_utc": "2026-06-19T16:39:43.785774+00:00"
      },
      "geometry": {
        "type": "Point",
        "coordinates": [
          -114.0046721,
          46.6760777
        ]
      }
    },
    {
      "type": "Feature",
      "properties": {
        "file": "leg03_m055_b200_2026-06-19T10-39-44.jpg",
        "leg": "leg03",
        "mark_index": 55,
        "along_track_m": 55.0,
        "achieved_heading": 199.96105096146647,
        "target_bearing": 200.07320416166903,
        "fix_type": 6,
        "hacc_m": 0.014,
        "corrupt": false,
        "position_interpolated": true,
        "captured_at_utc": "2026-06-19T16:39:44.690021+00:00"
      },
      "geometry": {
        "type": "Point",
        "coordinates": [
          -114.0046760449156,
          46.67606972514067
        ]
      }
    },
    {
      "type": "Feature",
      "properties": {
        "file": "leg03_m056_b200_2026-06-19T10-39-45.jpg",
        "leg": "leg03",
        "mark_index": 56,
        "along_track_m": 56.0,
        "achieved_heading": 200.56359585680877,
        "target_bearing": 200.07320416166903,
        "fix_type": 6,
        "hacc_m": 0.014,
        "corrupt": false,
        "position_interpolated": true,
        "captured_at_utc": "2026-06-19T16:39:45.751020+00:00"
      },
      "geometry": {
        "type": "Point",
        "coordinates": [
          -114.0046811,
          46.676060899999996
        ]
      }
    },
    {
      "type": "Feature",
      "properties": {
        "file": "leg03_m057_b200_2026-06-19T10-39-46.jpg",
        "leg": "leg03",
        "mark_index": 57,
        "along_track_m": 57.0,
        "achieved_heading": 199.45562144081356,
        "target_bearing": 200.07320416166903,
        "fix_type": 6,
        "hacc_m": 0.014,
        "corrupt": false,
        "position_interpolated": true,
        "captured_at_utc": "2026-06-19T16:39:46.789989+00:00"
      },
      "geometry": {
        "type": "Point",
        "coordinates": [
          -114.0046862,
          46.6760527
        ]
      }
    },
    {
      "type": "Feature",
      "properties": {
        "file": "leg03_m058_b200_2026-06-19T10-39-47.jpg",
        "leg": "leg03",
        "mark_index": 58,
        "along_track_m": 58.0,
        "achieved_heading": 197.1641701191184,
        "target_bearing": 200.07320416166903,
        "fix_type": 6,
        "hacc_m": 0.014,
        "corrupt": false,
        "position_interpolated": true,
        "captured_at_utc": "2026-06-19T16:39:47.773543+00:00"
      },
      "geometry": {
        "type": "Point",
        "coordinates": [
          -114.0046905,
          46.6760443
        ]
      }
    },
    {
      "type": "Feature",
      "properties": {
        "file": "leg03_m059_b200_2026-06-19T10-39-48.jpg",
        "leg": "leg03",
        "mark_index": 59,
        "along_track_m": 59.0,
        "achieved_heading": 197.46656966764365,
        "target_bearing": 200.07320416166903,
        "fix_type": 6,
        "hacc_m": 0.014,
        "corrupt": false,
        "position_interpolated": true,
        "captured_at_utc": "2026-06-19T16:39:48.820246+00:00"
      },
      "geometry": {
        "type": "Point",
        "coordinates": [
          -114.0046945,
          46.6760357
        ]
      }
    },
    {
      "type": "Feature",
      "properties": {
        "file": "leg03_m060_b200_2026-06-19T10-39-49.jpg",
        "leg": "leg03",
        "mark_index": 60,
        "along_track_m": 60.0,
        "achieved_heading": 197.6841383514192,
        "target_bearing": 200.07320416166903,
        "fix_type": 6,
        "hacc_m": 0.014,
        "corrupt": false,
        "position_interpolated": true,
        "captured_at_utc": "2026-06-19T16:39:49.737039+00:00"
      },
      "geometry": {
        "type": "Point",
        "coordinates": [
          -114.00469869999999,
          46.6760273
        ]
      }
    },
    {
      "type": "Feature",
      "properties": {
        "file": "leg03_m061_b200_2026-06-19T10-39-50.jpg",
        "leg": "leg03",
        "mark_index": 61,
        "along_track_m": 61.0,
        "achieved_heading": 198.96769634685037,
        "target_bearing": 200.07320416166903,
        "fix_type": 6,
        "hacc_m": 0.014,
        "corrupt": false,
        "position_interpolated": true,
        "captured_at_utc": "2026-06-19T16:39:50.780584+00:00"
      },
      "geometry": {
        "type": "Point",
        "coordinates": [
          -114.0047026,
          46.676018899999995
        ]
      }
    },
    {
      "type": "Feature",
      "properties": {
        "file": "leg03_m062_b200_2026-06-19T10-39-51.jpg",
        "leg": "leg03",
        "mark_index": 62,
        "along_track_m": 62.0,
        "achieved_heading": 201.40197570526954,
        "target_bearing": 200.07320416166903,
        "fix_type": 6,
        "hacc_m": 0.014,
        "corrupt": false,
        "position_interpolated": true,
        "captured_at_utc": "2026-06-19T16:39:51.839767+00:00"
      },
      "geometry": {
        "type": "Point",
        "coordinates": [
          -114.0047068,
          46.6760106
        ]
      }
    },
    {
      "type": "Feature",
      "properties": {
        "file": "leg03_m063_b200_2026-06-19T10-39-52.jpg",
        "leg": "leg03",
        "mark_index": 63,
        "along_track_m": 63.0,
        "achieved_heading": 201.60934205846476,
        "target_bearing": 200.07320416166903,
        "fix_type": 6,
        "hacc_m": 0.014,
        "corrupt": false,
        "position_interpolated": true,
        "captured_at_utc": "2026-06-19T16:39:52.740866+00:00"
      },
      "geometry": {
        "type": "Point",
        "coordinates": [
          -114.004712,
          46.6760022
        ]
      }
    },
    {
      "type": "Feature",
      "properties": {
        "file": "leg03_m064_b200_2026-06-19T10-39-53.jpg",
        "leg": "leg03",
        "mark_index": 64,
        "along_track_m": 64.0,
        "achieved_heading": 198.8244412916628,
        "target_bearing": 200.07320416166903,
        "fix_type": 6,
        "hacc_m": 0.014,
        "corrupt": false,
        "position_interpolated": true,
        "captured_at_utc": "2026-06-19T16:39:53.792369+00:00"
      },
      "geometry": {
        "type": "Point",
        "coordinates": [
          -114.004717,
          46.675993899999995
        ]
      }
    },
    {
      "type": "Feature",
      "properties": {
        "file": "leg03_m065_b200_2026-06-19T10-39-54.jpg",
        "leg": "leg03",
        "mark_index": 65,
        "along_track_m": 65.0,
        "achieved_heading": 196.82424649952557,
        "target_bearing": 200.07320416166903,
        "fix_type": 6,
        "hacc_m": 0.014,
        "corrupt": false,
        "position_interpolated": true,
        "captured_at_utc": "2026-06-19T16:39:54.848865+00:00"
      },
      "geometry": {
        "type": "Point",
        "coordinates": [
          -114.00472119999999,
          46.675985399999995
        ]
      }
    },
    {
      "type": "Feature",
      "properties": {
        "file": "leg03_m066_b200_2026-06-19T10-39-55.jpg",
        "leg": "leg03",
        "mark_index": 66,
        "along_track_m": 66.0,
        "achieved_heading": 198.4543267657388,
        "target_bearing": 200.07320416166903,
        "fix_type": 6,
        "hacc_m": 0.014,
        "corrupt": false,
        "position_interpolated": true,
        "captured_at_utc": "2026-06-19T16:39:55.344585+00:00"
      },
      "geometry": {
        "type": "Point",
        "coordinates": [
          -114.00472384082724,
          46.675980127418235
        ]
      }
    },
    {
      "type": "Feature",
      "properties": {
        "file": "leg03_m067_b200_2026-06-19T10-39-56.jpg",
        "leg": "leg03",
        "mark_index": 67,
        "along_track_m": 67.0,
        "achieved_heading": 200.72023870654954,
        "target_bearing": 200.07320416166903,
        "fix_type": 6,
        "hacc_m": 0.014,
        "corrupt": false,
        "position_interpolated": true,
        "captured_at_utc": "2026-06-19T16:39:56.727415+00:00"
      },
      "geometry": {
        "type": "Point",
        "coordinates": [
          -114.00472985613818,
          46.675968500255586
        ]
      }
    },
    {
      "type": "Feature",
      "properties": {
        "file": "leg03_m068_b200_2026-06-19T10-39-58.jpg",
        "leg": "leg03",
        "mark_index": 68,
        "along_track_m": 68.0,
        "achieved_heading": 200.67345064627855,
        "target_bearing": 200.07320416166903,
        "fix_type": 6,
        "hacc_m": 0.014,
        "corrupt": false,
        "position_interpolated": true,
        "captured_at_utc": "2026-06-19T16:39:57.924340+00:00"
      },
      "geometry": {
        "type": "Point",
        "coordinates": [
          -114.00473495762996,
          46.675958775324496
        ]
      }
    },
    {
      "type": "Feature",
      "properties": {
        "file": "leg03_m069_b200_2026-06-19T10-39-58.jpg",
        "leg": "leg03",
        "mark_index": 69,
        "along_track_m": 69.0,
        "achieved_heading": 200.82931936667777,
        "target_bearing": 200.07320416166903,
        "fix_type": 6,
        "hacc_m": 0.014,
        "corrupt": false,
        "position_interpolated": true,
        "captured_at_utc": "2026-06-19T16:39:58.836774+00:00"
      },
      "geometry": {
        "type": "Point",
        "coordinates": [
          -114.00473946988637,
          46.67595101685603
        ]
      }
    },
    {
      "type": "Feature",
      "properties": {
        "file": "leg03_m070_b200_2026-06-19T10-40-00.jpg",
        "leg": "leg03",
        "mark_index": 70,
        "along_track_m": 70.0,
        "achieved_heading": 199.3510130473919,
        "target_bearing": 200.07320416166903,
        "fix_type": 6,
        "hacc_m": 0.014,
        "corrupt": false,
        "position_interpolated": true,
        "captured_at_utc": "2026-06-19T16:39:59.890313+00:00"
      },
      "geometry": {
        "type": "Point",
        "coordinates": [
          -114.00474451694612,
          46.675942125429096
        ]
      }
    },
    {
      "type": "Feature",
      "properties": {
        "file": "leg03_m071_b200_2026-06-19T10-40-00.jpg",
        "leg": "leg03",
        "mark_index": 71,
        "along_track_m": 71.0,
        "achieved_heading": 198.25522358380655,
        "target_bearing": 200.07320416166903,
        "fix_type": 6,
        "hacc_m": 0.014,
        "corrupt": false,
        "position_interpolated": true,
        "captured_at_utc": "2026-06-19T16:40:00.792056+00:00"
      },
      "geometry": {
        "type": "Point",
        "coordinates": [
          -114.00474872243348,
          46.67593452732885
        ]
      }
    },
    {
      "type": "Feature",
      "properties": {
        "file": "leg03_m072_b200_2026-06-19T10-40-02.jpg",
        "leg": "leg03",
        "mark_index": 72,
        "along_track_m": 72.0,
        "achieved_heading": 198.02949347409958,
        "target_bearing": 200.07320416166903,
        "fix_type": 6,
        "hacc_m": 0.014,
        "corrupt": false,
        "position_interpolated": true,
        "captured_at_utc": "2026-06-19T16:40:01.848989+00:00"
      },
      "geometry": {
        "type": "Point",
        "coordinates": [
          -114.0047531079557,
          46.67592555097108
        ]
      }
    },
    {
      "type": "Feature",
      "properties": {
        "file": "leg03_m073_b200_2026-06-19T10-40-03.jpg",
        "leg": "leg03",
        "mark_index": 73,
        "along_track_m": 73.0,
        "achieved_heading": 198.92123078019847,
        "target_bearing": 200.07320416166903,
        "fix_type": 6,
        "hacc_m": 0.014,
        "corrupt": false,
        "position_interpolated": true,
        "captured_at_utc": "2026-06-19T16:40:02.893625+00:00"
      },
      "geometry": {
        "type": "Point",
        "coordinates": [
          -114.00475751802817,
          46.67591678669014
        ]
      }
    },
    {
      "type": "Feature",
      "properties": {
        "file": "leg03_m074_b200_2026-06-19T10-40-03.jpg",
        "leg": "leg03",
        "mark_index": 74,
        "along_track_m": 74.0,
        "achieved_heading": 200.58180641402285,
        "target_bearing": 200.07320416166903,
        "fix_type": 6,
        "hacc_m": 0.014,
        "corrupt": false,
        "position_interpolated": true,
        "captured_at_utc": "2026-06-19T16:40:03.802113+00:00"
      },
      "geometry": {
        "type": "Point",
        "coordinates": [
          -114.00476127397202,
          46.67590891780942
        ]
      }
    },
    {
      "type": "Feature",
      "properties": {
        "file": "leg03_m075_b200_2026-06-19T10-40-05.jpg",
        "leg": "leg03",
        "mark_index": 75,
        "along_track_m": 75.0,
        "achieved_heading": 200.3994535537634,
        "target_bearing": 200.07320416166903,
        "fix_type": 6,
        "hacc_m": 0.014,
        "corrupt": false,
        "position_interpolated": true,
        "captured_at_utc": "2026-06-19T16:40:04.854776+00:00"
      },
      "geometry": {
        "type": "Point",
        "coordinates": [
          -114.00476612911257,
          46.67590000056514
        ]
      }
    },
    {
      "type": "Feature",
      "properties": {
        "file": "leg03_m076_b200_2026-06-19T10-40-06.jpg",
        "leg": "leg03",
        "mark_index": 76,
        "along_track_m": 76.0,
        "achieved_heading": 199.8473135938679,
        "target_bearing": 200.07320416166903,
        "fix_type": 6,
        "hacc_m": 0.014,
        "corrupt": false,
        "position_interpolated": true,
        "captured_at_utc": "2026-06-19T16:40:05.905187+00:00"
      },
      "geometry": {
        "type": "Point",
        "coordinates": [
          -114.00477097901262,
          46.67589130164564
        ]
      }
    },
    {
      "type": "Feature",
      "properties": {
        "file": "leg03_m077_b200_2026-06-19T10-40-06.jpg",
        "leg": "leg03",
        "mark_index": 77,
        "along_track_m": 77.0,
        "achieved_heading": 199.51502238191375,
        "target_bearing": 200.07320416166903,
        "fix_type": 6,
        "hacc_m": 0.014,
        "corrupt": false,
        "position_interpolated": true,
        "captured_at_utc": "2026-06-19T16:40:06.816496+00:00"
      },
      "geometry": {
        "type": "Point",
        "coordinates": [
          -114.00477481460874,
          46.67588359516513
        ]
      }
    },
    {
      "type": "Feature",
      "properties": {
        "file": "leg03_m078_b200_2026-06-19T10-40-08.jpg",
        "leg": "leg03",
        "mark_index": 78,
        "along_track_m": 78.0,
        "achieved_heading": 200.42567742889332,
        "target_bearing": 200.07320416166903,
        "fix_type": 6,
        "hacc_m": 0.014,
        "corrupt": false,
        "position_interpolated": true,
        "captured_at_utc": "2026-06-19T16:40:07.930192+00:00"
      },
      "geometry": {
        "type": "Point",
        "coordinates": [
          -114.00477988951798,
          46.67587411979936
        ]
      }
    },
    {
      "type": "Feature",
      "properties": {
        "file": "leg03_m079_b200_2026-06-19T10-40-09.jpg",
        "leg": "leg03",
        "mark_index": 79,
        "along_track_m": 79.0,
        "achieved_heading": 199.7991802194209,
        "target_bearing": 200.07320416166903,
        "fix_type": 6,
        "hacc_m": 0.014,
        "corrupt": false,
        "position_interpolated": true,
        "captured_at_utc": "2026-06-19T16:40:08.925626+00:00"
      },
      "geometry": {
        "type": "Point",
        "coordinates": [
          -114.0047845701616,
          46.67586564475757
        ]
      }
    },
    {
      "type": "Feature",
      "properties": {
        "file": "leg03_m080_b200_2026-06-19T10-40-10.jpg",
        "leg": "leg03",
        "mark_index": 80,
        "along_track_m": 80.0,
        "achieved_heading": 198.71288492834518,
        "target_bearing": 200.07320416166903,
        "fix_type": 6,
        "hacc_m": 0.014,
        "corrupt": false,
        "position_interpolated": true,
        "captured_at_utc": "2026-06-19T16:40:09.898276+00:00"
      },
      "geometry": {
        "type": "Point",
        "coordinates": [
          -114.00478883529009,
          46.67585729647783
        ]
      }
    },
    {
      "type": "Feature",
      "properties": {
        "file": "leg03_m081_b200_2026-06-19T10-40-10.jpg",
        "leg": "leg03",
        "mark_index": 81,
        "along_track_m": 81.0,
        "achieved_heading": 198.56717030254575,
        "target_bearing": 200.07320416166903,
        "fix_type": 6,
        "hacc_m": 0.014,
        "corrupt": false,
        "position_interpolated": true,
        "captured_at_utc": "2026-06-19T16:40:10.813177+00:00"
      },
      "geometry": {
        "type": "Point",
        "coordinates": [
          -114.00479257351478,
          46.675849511468805
        ]
      }
    },
    {
      "type": "Feature",
      "properties": {
        "file": "leg03_m082_b200_2026-06-19T10-40-12.jpg",
        "leg": "leg03",
        "mark_index": 82,
        "along_track_m": 82.0,
        "achieved_heading": 200.37046720818614,
        "target_bearing": 200.07320416166903,
        "fix_type": 6,
        "hacc_m": 0.014,
        "corrupt": false,
        "position_interpolated": true,
        "captured_at_utc": "2026-06-19T16:40:11.857805+00:00"
      },
      "geometry": {
        "type": "Point",
        "coordinates": [
          -114.00479709236208,
          46.67584075373057
        ]
      }
    },
    {
      "type": "Feature",
      "properties": {
        "file": "leg03_m083_b200_2026-06-19T10-40-13.jpg",
        "leg": "leg03",
        "mark_index": 83,
        "along_track_m": 83.0,
        "achieved_heading": 200.87586298439416,
        "target_bearing": 200.07320416166903,
        "fix_type": 6,
        "hacc_m": 0.014,
        "corrupt": false,
        "position_interpolated": true,
        "captured_at_utc": "2026-06-19T16:40:12.909013+00:00"
      },
      "geometry": {
        "type": "Point",
        "coordinates": [
          -114.00480177777274,
          46.67583198334086
        ]
      }
    },
    {
      "type": "Feature",
      "properties": {
        "file": "leg03_m084_b200_2026-06-19T10-40-13.jpg",
        "leg": "leg03",
        "mark_index": 84,
        "along_track_m": 84.0,
        "achieved_heading": 200.64803246463987,
        "target_bearing": 200.07320416166903,
        "fix_type": 6,
        "hacc_m": 0.014,
        "corrupt": false,
        "position_interpolated": true,
        "captured_at_utc": "2026-06-19T16:40:13.902210+00:00"
      },
      "geometry": {
        "type": "Point",
        "coordinates": [
          -114.00480665306719,
          46.67582382039921
        ]
      }
    },
    {
      "type": "Feature",
      "properties": {
        "file": "leg03_m085_b200_2026-06-19T10-40-15.jpg",
        "leg": "leg03",
        "mark_index": 85,
        "along_track_m": 85.0,
        "achieved_heading": 198.87094043199346,
        "target_bearing": 200.07320416166903,
        "fix_type": 6,
        "hacc_m": 0.014,
        "corrupt": false,
        "position_interpolated": true,
        "captured_at_utc": "2026-06-19T16:40:14.937369+00:00"
      },
      "geometry": {
        "type": "Point",
        "coordinates": [
          -114.0048114,
          46.6758153
        ]
      }
    },
    {
      "type": "Feature",
      "properties": {
        "file": "leg03_m086_b200_2026-06-19T10-40-15.jpg",
        "leg": "leg03",
        "mark_index": 86,
        "along_track_m": 86.0,
        "achieved_heading": 197.3453861369199,
        "target_bearing": 200.07320416166903,
        "fix_type": 6,
        "hacc_m": 0.014,
        "corrupt": false,
        "position_interpolated": true,
        "captured_at_utc": "2026-06-19T16:40:15.861027+00:00"
      },
      "geometry": {
        "type": "Point",
        "coordinates": [
          -114.00481567265426,
          46.675807445576226
        ]
      }
    },
    {
      "type": "Feature",
      "properties": {
        "file": "leg03_m087_b200_2026-06-19T10-40-16.jpg",
        "leg": "leg03",
        "mark_index": 87,
        "along_track_m": 87.0,
        "achieved_heading": 198.11491106114934,
        "target_bearing": 200.07320416166903,
        "fix_type": 6,
        "hacc_m": 0.014,
        "corrupt": false,
        "position_interpolated": true,
        "captured_at_utc": "2026-06-19T16:40:16.903524+00:00"
      },
      "geometry": {
        "type": "Point",
        "coordinates": [
          -114.00481968535809,
          46.67579865794429
        ]
      }
    },
    {
      "type": "Feature",
      "properties": {
        "file": "leg03_m088_b200_2026-06-19T10-40-18.jpg",
        "leg": "leg03",
        "mark_index": 88,
        "along_track_m": 88.0,
        "achieved_heading": 199.30579074140434,
        "target_bearing": 200.07320416166903,
        "fix_type": 6,
        "hacc_m": 0.014,
        "corrupt": false,
        "position_interpolated": true,
        "captured_at_utc": "2026-06-19T16:40:17.953298+00:00"
      },
      "geometry": {
        "type": "Point",
        "coordinates": [
          -114.00482459999999,
          46.67579
        ]
      }
    },
    {
      "type": "Feature",
      "properties": {
        "file": "leg03_m089_b200_2026-06-19T10-40-18.jpg",
        "leg": "leg03",
        "mark_index": 89,
        "along_track_m": 89.0,
        "achieved_heading": 199.30623947194653,
        "target_bearing": 200.07320416166903,
        "fix_type": 6,
        "hacc_m": 0.014,
        "corrupt": false,
        "position_interpolated": true,
        "captured_at_utc": "2026-06-19T16:40:18.856130+00:00"
      },
      "geometry": {
        "type": "Point",
        "coordinates": [
          -114.00482848846441,
          46.67578225658641
        ]
      }
    },
    {
      "type": "Feature",
      "properties": {
        "file": "leg03_m090_b200_2026-06-19T10-40-19.jpg",
        "leg": "leg03",
        "mark_index": 90,
        "along_track_m": 90.0,
        "achieved_heading": 200.10871295786117,
        "target_bearing": 200.07320416166903,
        "fix_type": 6,
        "hacc_m": 0.014,
        "corrupt": false,
        "position_interpolated": true,
        "captured_at_utc": "2026-06-19T16:40:19.912137+00:00"
      },
      "geometry": {
        "type": "Point",
        "coordinates": [
          -114.00483330903228,
          46.67577328193543
        ]
      }
    },
    {
      "type": "Feature",
      "properties": {
        "file": "leg03_m091_b200_2026-06-19T10-40-21.jpg",
        "leg": "leg03",
        "mark_index": 91,
        "along_track_m": 91.0,
        "achieved_heading": 201.23549619086882,
        "target_bearing": 200.07320416166903,
        "fix_type": 6,
        "hacc_m": 0.014,
        "corrupt": false,
        "position_interpolated": true,
        "captured_at_utc": "2026-06-19T16:40:20.957648+00:00"
      },
      "geometry": {
        "type": "Point",
        "coordinates": [
          -114.0048382,
          46.675764699999995
        ]
      }
    },
    {
      "type": "Feature",
      "properties": {
        "file": "leg03_m092_b200_2026-06-19T10-40-21.jpg",
        "leg": "leg03",
        "mark_index": 92,
        "along_track_m": 92.0,
        "achieved_heading": 201.26488224595195,
        "target_bearing": 200.07320416166903,
        "fix_type": 6,
        "hacc_m": 0.014,
        "corrupt": false,
        "position_interpolated": true,
        "captured_at_utc": "2026-06-19T16:40:21.871083+00:00"
      },
      "geometry": {
        "type": "Point",
        "coordinates": [
          -114.00484246106842,
          46.67575687786315
        ]
      }
    },
    {
      "type": "Feature",
      "properties": {
        "file": "leg03_m093_b200_2026-06-19T10-40-23.jpg",
        "leg": "leg03",
        "mark_index": 93,
        "along_track_m": 93.0,
        "achieved_heading": 200.80828840192913,
        "target_bearing": 200.07320416166903,
        "fix_type": 6,
        "hacc_m": 0.014,
        "corrupt": false,
        "position_interpolated": true,
        "captured_at_utc": "2026-06-19T16:40:22.924509+00:00"
      },
      "geometry": {
        "type": "Point",
        "coordinates": [
          -114.00484736818,
          46.67574806761748
        ]
      }
    },
    {
      "type": "Feature",
      "properties": {
        "file": "leg03_m094_b200_2026-06-19T10-40-24.jpg",
        "leg": "leg03",
        "mark_index": 94,
        "along_track_m": 94.0,
        "achieved_heading": 200.15000526208837,
        "target_bearing": 200.07320416166903,
        "fix_type": 6,
        "hacc_m": 0.014,
        "corrupt": false,
        "position_interpolated": true,
        "captured_at_utc": "2026-06-19T16:40:23.976567+00:00"
      },
      "geometry": {
        "type": "Point",
        "coordinates": [
          -114.0048521,
          46.6757395
        ]
      }
    },
    {
      "type": "Feature",
      "properties": {
        "file": "leg03_m095_b200_2026-06-19T10-40-24.jpg",
        "leg": "leg03",
        "mark_index": 95,
        "along_track_m": 95.0,
        "achieved_heading": 201.45611445475333,
        "target_bearing": 200.07320416166903,
        "fix_type": 6,
        "hacc_m": 0.014,
        "corrupt": false,
        "position_interpolated": true,
        "captured_at_utc": "2026-06-19T16:40:24.885854+00:00"
      },
      "geometry": {
        "type": "Point",
        "coordinates": [
          -114.00485622995667,
          46.675731292790275
        ]
      }
    },
    {
      "type": "Feature",
      "properties": {
        "file": "leg03_m096_b200_2026-06-19T10-40-26.jpg",
        "leg": "leg03",
        "mark_index": 96,
        "along_track_m": 96.0,
        "achieved_heading": 201.548573177914,
        "target_bearing": 200.07320416166903,
        "fix_type": 6,
        "hacc_m": 0.014,
        "corrupt": false,
        "position_interpolated": true,
        "captured_at_utc": "2026-06-19T16:40:25.930772+00:00"
      },
      "geometry": {
        "type": "Point",
        "coordinates": [
          -114.0048614,
          46.6757223
        ]
      }
    },
    {
      "type": "Feature",
      "properties": {
        "file": "leg03_m097_b200_2026-06-19T10-40-27.jpg",
        "leg": "leg03",
        "mark_index": 97,
        "along_track_m": 97.0,
        "achieved_heading": 200.06784029988842,
        "target_bearing": 200.07320416166903,
        "fix_type": 6,
        "hacc_m": 0.014,
        "corrupt": false,
        "position_interpolated": true,
        "captured_at_utc": "2026-06-19T16:40:26.975413+00:00"
      },
      "geometry": {
        "type": "Point",
        "coordinates": [
          -114.00486629999999,
          46.6757139
        ]
      }
    },
    {
      "type": "Feature",
      "properties": {
        "file": "leg03_m098_b200_2026-06-19T10-40-27.jpg",
        "leg": "leg03",
        "mark_index": 98,
        "along_track_m": 98.0,
        "achieved_heading": 196.9707782391745,
        "target_bearing": 200.07320416166903,
        "fix_type": 6,
        "hacc_m": 0.014,
        "corrupt": false,
        "position_interpolated": true,
        "captured_at_utc": "2026-06-19T16:40:27.823031+00:00"
      },
      "geometry": {
        "type": "Point",
        "coordinates": [
          -114.00487024083442,
          46.67570626241457
        ]
      }
    },
    {
      "type": "Feature",
      "properties": {
        "file": "leg03_m099_b200_2026-06-19T10-40-29.jpg",
        "leg": "leg03",
        "mark_index": 99,
        "along_track_m": 99.0,
        "achieved_heading": 196.98100023374755,
        "target_bearing": 200.07320416166903,
        "fix_type": 6,
        "hacc_m": 0.014,
        "corrupt": false,
        "position_interpolated": true,
        "captured_at_utc": "2026-06-19T16:40:28.869405+00:00"
      },
      "geometry": {
        "type": "Point",
        "coordinates": [
          -114.00487463331699,
          46.67569720373456
        ]
      }
    },
    {
      "type": "Feature",
      "properties": {
        "file": "leg03_m100_b200_2026-06-19T10-40-29.jpg",
        "leg": "leg03",
        "mark_index": 100,
        "along_track_m": 100.0,
        "achieved_heading": 196.878542735282,
        "target_bearing": 200.07320416166903,
        "fix_type": 6,
        "hacc_m": 0.014,
        "corrupt": false,
        "position_interpolated": true,
        "captured_at_utc": "2026-06-19T16:40:29.783086+00:00"
      },
      "geometry": {
        "type": "Point",
        "coordinates": [
          -114.00487819765323,
          46.675689379986885
        ]
      }
    },
    {
      "type": "Feature",
      "properties": {
        "file": "leg03_m101_b200_2026-06-19T10-40-30.jpg",
        "leg": "leg03",
        "mark_index": 101,
        "along_track_m": 101.0,
        "achieved_heading": 197.86501890477817,
        "target_bearing": 200.07320416166903,
        "fix_type": 6,
        "hacc_m": 0.014,
        "corrupt": false,
        "position_interpolated": true,
        "captured_at_utc": "2026-06-19T16:40:30.831628+00:00"
      },
      "geometry": {
        "type": "Point",
        "coordinates": [
          -114.00488242054328,
          46.67568040564047
        ]
      }
    },
    {
      "type": "Feature",
      "properties": {
        "file": "leg03_m102_b200_2026-06-19T10-40-32.jpg",
        "leg": "leg03",
        "mark_index": 102,
        "along_track_m": 102.0,
        "achieved_heading": 200.19632222156966,
        "target_bearing": 200.07320416166903,
        "fix_type": 6,
        "hacc_m": 0.014,
        "corrupt": false,
        "position_interpolated": true,
        "captured_at_utc": "2026-06-19T16:40:31.880228+00:00"
      },
      "geometry": {
        "type": "Point",
        "coordinates": [
          -114.00488706146382,
          46.67567152406429
        ]
      }
    },
    {
      "type": "Feature",
      "properties": {
        "file": "leg03_m103_b200_2026-06-19T10-40-32.jpg",
        "leg": "leg03",
        "mark_index": 103,
        "along_track_m": 103.0,
        "achieved_heading": 201.13515697126962,
        "target_bearing": 200.07320416166903,
        "fix_type": 6,
        "hacc_m": 0.014,
        "corrupt": false,
        "position_interpolated": true,
        "captured_at_utc": "2026-06-19T16:40:32.794028+00:00"
      },
      "geometry": {
        "type": "Point",
        "coordinates": [
          -114.00489089999999,
          46.6756642
        ]
      }
    },
    {
      "type": "Feature",
      "properties": {
        "file": "leg03_m104_b200_2026-06-19T10-40-33.jpg",
        "leg": "leg03",
        "mark_index": 104,
        "along_track_m": 104.0,
        "achieved_heading": 199.55521435027936,
        "target_bearing": 200.07320416166903,
        "fix_type": 6,
        "hacc_m": 0.014,
        "corrupt": false,
        "position_interpolated": true,
        "captured_at_utc": "2026-06-19T16:40:33.774034+00:00"
      },
      "geometry": {
        "type": "Point",
        "coordinates": [
          -114.0048958,
          46.6756557
        ]
      }
    },
    {
      "type": "Feature",
      "properties": {
        "file": "leg03_m105_b200_2026-06-19T10-40-34.jpg",
        "leg": "leg03",
        "mark_index": 105,
        "along_track_m": 105.0,
        "achieved_heading": 198.58081212891483,
        "target_bearing": 200.07320416166903,
        "fix_type": 6,
        "hacc_m": 0.014,
        "corrupt": false,
        "position_interpolated": true,
        "captured_at_utc": "2026-06-19T16:40:34.820921+00:00"
      },
      "geometry": {
        "type": "Point",
        "coordinates": [
          -114.00490081111701,
          46.67564681480497
        ]
      }
    },
    {
      "type": "Feature",
      "properties": {
        "file": "leg03_m106_b200_2026-06-19T10-40-36.jpg",
        "leg": "leg03",
        "mark_index": 106,
        "along_track_m": 106.0,
        "achieved_heading": 198.372580887334,
        "target_bearing": 200.07320416166903,
        "fix_type": 6,
        "hacc_m": 0.014,
        "corrupt": false,
        "position_interpolated": true,
        "captured_at_utc": "2026-06-19T16:40:35.872307+00:00"
      },
      "geometry": {
        "type": "Point",
        "coordinates": [
          -114.00490504868988,
          46.67563787469689
        ]
      }
    },
    {
      "type": "Feature",
      "properties": {
        "file": "leg03_m107_b200_2026-06-19T10-40-36.jpg",
        "leg": "leg03",
        "mark_index": 107,
        "along_track_m": 107.0,
        "achieved_heading": 199.35252360742334,
        "target_bearing": 200.07320416166903,
        "fix_type": 6,
        "hacc_m": 0.014,
        "corrupt": false,
        "position_interpolated": true,
        "captured_at_utc": "2026-06-19T16:40:36.782548+00:00"
      },
      "geometry": {
        "type": "Point",
        "coordinates": [
          -114.00490913969239,
          46.67563004724768
        ]
      }
    },
    {
      "type": "Feature",
      "properties": {
        "file": "leg03_m108_b200_2026-06-19T10-40-37.jpg",
        "leg": "leg03",
        "mark_index": 108,
        "along_track_m": 108.0,
        "achieved_heading": 199.59458679699205,
        "target_bearing": 200.07320416166903,
        "fix_type": 6,
        "hacc_m": 0.014,
        "corrupt": false,
        "position_interpolated": true,
        "captured_at_utc": "2026-06-19T16:40:37.840003+00:00"
      },
      "geometry": {
        "type": "Point",
        "coordinates": [
          -114.00491381220569,
          46.67562108941211
        ]
      }
    },
    {
      "type": "Feature",
      "properties": {
        "file": "leg03_m109_b200_2026-06-19T10-40-38.jpg",
        "leg": "leg03",
        "mark_index": 109,
        "along_track_m": 109.0,
        "achieved_heading": 200.6368211053674,
        "target_bearing": 200.07320416166903,
        "fix_type": 6,
        "hacc_m": 0.014,
        "corrupt": false,
        "position_interpolated": true,
        "captured_at_utc": "2026-06-19T16:40:38.740913+00:00"
      },
      "geometry": {
        "type": "Point",
        "coordinates": [
          -114.0049178,
          46.6756135
        ]
      }
    },
    {
      "type": "Feature",
      "properties": {
        "file": "leg03_m110_b200_2026-06-19T10-40-39.jpg",
        "leg": "leg03",
        "mark_index": 110,
        "along_track_m": 110.0,
        "achieved_heading": 201.36663166205216,
        "target_bearing": 200.07320416166903,
        "fix_type": 6,
        "hacc_m": 0.014,
        "corrupt": false,
        "position_interpolated": true,
        "captured_at_utc": "2026-06-19T16:40:39.791052+00:00"
      },
      "geometry": {
        "type": "Point",
        "coordinates": [
          -114.0049226,
          46.6756051
        ]
      }
    },
    {
      "type": "Feature",
      "properties": {
        "file": "leg03_m111_b200_2026-06-19T10-40-40.jpg",
        "leg": "leg03",
        "mark_index": 111,
        "along_track_m": 111.0,
        "achieved_heading": 200.80147322537667,
        "target_bearing": 200.07320416166903,
        "fix_type": 6,
        "hacc_m": 0.014,
        "corrupt": false,
        "position_interpolated": true,
        "captured_at_utc": "2026-06-19T16:40:40.848155+00:00"
      },
      "geometry": {
        "type": "Point",
        "coordinates": [
          -114.00492729999999,
          46.6755966
        ]
      }
    },
    {
      "type": "Feature",
      "properties": {
        "file": "leg03_m112_b200_2026-06-19T10-40-41.jpg",
        "leg": "leg03",
        "mark_index": 112,
        "along_track_m": 112.0,
        "achieved_heading": 200.29522812121513,
        "target_bearing": 200.07320416166903,
        "fix_type": 6,
        "hacc_m": 0.014,
        "corrupt": false,
        "position_interpolated": true,
        "captured_at_utc": "2026-06-19T16:40:41.756602+00:00"
      },
      "geometry": {
        "type": "Point",
        "coordinates": [
          -114.00493189999999,
          46.6755882
        ]
      }
    },
    {
      "type": "Feature",
      "properties": {
        "file": "leg03_m113_b200_2026-06-19T10-40-42.jpg",
        "leg": "leg03",
        "mark_index": 113,
        "along_track_m": 113.0,
        "achieved_heading": 199.31487485586388,
        "target_bearing": 200.07320416166903,
        "fix_type": 6,
        "hacc_m": 0.014,
        "corrupt": false,
        "position_interpolated": true,
        "captured_at_utc": "2026-06-19T16:40:42.798351+00:00"
      },
      "geometry": {
        "type": "Point",
        "coordinates": [
          -114.0049363,
          46.6755797
        ]
      }
    },
    {
      "type": "Feature",
      "properties": {
        "file": "leg03_m114_b200_2026-06-19T10-40-43.jpg",
        "leg": "leg03",
        "mark_index": 114,
        "along_track_m": 114.0,
        "achieved_heading": 200.51268747606835,
        "target_bearing": 200.07320416166903,
        "fix_type": 6,
        "hacc_m": 0.014,
        "corrupt": false,
        "position_interpolated": true,
        "captured_at_utc": "2026-06-19T16:40:43.716456+00:00"
      },
      "geometry": {
        "type": "Point",
        "coordinates": [
          -114.00494059482214,
          46.675571399837914
        ]
      }
    },
    {
      "type": "Feature",
      "properties": {
        "file": "leg03_m115_b200_2026-06-19T10-40-44.jpg",
        "leg": "leg03",
        "mark_index": 115,
        "along_track_m": 115.0,
        "achieved_heading": 200.1952611679209,
        "target_bearing": 200.07320416166903,
        "fix_type": 6,
        "hacc_m": 0.014,
        "corrupt": false,
        "position_interpolated": true,
        "captured_at_utc": "2026-06-19T16:40:44.773851+00:00"
      },
      "geometry": {
        "type": "Point",
        "coordinates": [
          -114.00494529999999,
          46.675562899999996
        ]
      }
    },
    {
      "type": "Feature",
      "properties": {
        "file": "leg03_m116_b200_2026-06-19T10-40-45.jpg",
        "leg": "leg03",
        "mark_index": 116,
        "along_track_m": 116.0,
        "achieved_heading": 199.23921698142186,
        "target_bearing": 200.07320416166903,
        "fix_type": 6,
        "hacc_m": 0.014,
        "corrupt": false,
        "position_interpolated": true,
        "captured_at_utc": "2026-06-19T16:40:45.810523+00:00"
      },
      "geometry": {
        "type": "Point",
        "coordinates": [
          -114.0049499,
          46.675554299999995
        ]
      }
    },
    {
      "type": "Feature",
      "properties": {
        "file": "leg03_m117_b200_2026-06-19T10-40-46.jpg",
        "leg": "leg03",
        "mark_index": 117,
        "along_track_m": 117.0,
        "achieved_heading": 198.49209349285084,
        "target_bearing": 200.07320416166903,
        "fix_type": 6,
        "hacc_m": 0.014,
        "corrupt": false,
        "position_interpolated": true,
        "captured_at_utc": "2026-06-19T16:40:46.457831+00:00"
      },
      "geometry": {
        "type": "Point",
        "coordinates": [
          -114.00495299059946,
          46.675548139801435
        ]
      }
    },
    {
      "type": "Feature",
      "properties": {
        "file": "leg03_m118_b200_2026-06-19T10-40-47.jpg",
        "leg": "leg03",
        "mark_index": 118,
        "along_track_m": 118.0,
        "achieved_heading": 200.73360832602916,
        "target_bearing": 200.07320416166903,
        "fix_type": 6,
        "hacc_m": 0.014,
        "corrupt": false,
        "position_interpolated": true,
        "captured_at_utc": "2026-06-19T16:40:47.785257+00:00"
      },
      "geometry": {
        "type": "Point",
        "coordinates": [
          -114.0049586,
          46.675537399999996
        ]
      }
    },
    {
      "type": "Feature",
      "properties": {
        "file": "leg03_m119_b200_2026-06-19T10-40-48.jpg",
        "leg": "leg03",
        "mark_index": 119,
        "along_track_m": 119.0,
        "achieved_heading": 200.60383392020265,
        "target_bearing": 200.07320416166903,
        "fix_type": 6,
        "hacc_m": 0.014,
        "corrupt": false,
        "position_interpolated": true,
        "captured_at_utc": "2026-06-19T16:40:48.824882+00:00"
      },
      "geometry": {
        "type": "Point",
        "coordinates": [
          -114.0049633,
          46.675528899999996
        ]
      }
    },
    {
      "type": "Feature",
      "properties": {
        "file": "leg03_m120_b200_2026-06-19T10-40-49.jpg",
        "leg": "leg03",
        "mark_index": 120,
        "along_track_m": 120.0,
        "achieved_heading": 200.8134864886744,
        "target_bearing": 200.07320416166903,
        "fix_type": 6,
        "hacc_m": 0.014,
        "corrupt": false,
        "position_interpolated": true,
        "captured_at_utc": "2026-06-19T16:40:49.742098+00:00"
      },
      "geometry": {
        "type": "Point",
        "coordinates": [
          -114.00496779999999,
          46.6755207
        ]
      }
    },
    {
      "type": "Feature",
      "properties": {
        "file": "leg03_m121_b200_2026-06-19T10-40-50.jpg",
        "leg": "leg03",
        "mark_index": 121,
        "along_track_m": 121.0,
        "achieved_heading": 199.67349126339514,
        "target_bearing": 200.07320416166903,
        "fix_type": 6,
        "hacc_m": 0.014,
        "corrupt": false,
        "position_interpolated": true,
        "captured_at_utc": "2026-06-19T16:40:50.792175+00:00"
      },
      "geometry": {
        "type": "Point",
        "coordinates": [
          -114.00497297422001,
          46.67551200640398
        ]
      }
    },
    {
      "type": "Feature",
      "properties": {
        "file": "leg03_m122_b200_2026-06-19T10-40-51.jpg",
        "leg": "leg03",
        "mark_index": 122,
        "along_track_m": 122.0,
        "achieved_heading": 199.85670526840613,
        "target_bearing": 200.07320416166903,
        "fix_type": 6,
        "hacc_m": 0.014,
        "corrupt": false,
        "position_interpolated": true,
        "captured_at_utc": "2026-06-19T16:40:51.832331+00:00"
      },
      "geometry": {
        "type": "Point",
        "coordinates": [
          -114.00497736500047,
          46.67550317333247
        ]
      }
    },
    {
      "type": "Feature",
      "properties": {
        "file": "leg03_m123_b200_2026-06-19T10-40-53.jpg",
        "leg": "leg03",
        "mark_index": 123,
        "along_track_m": 123.0,
        "achieved_heading": 200.4215499337169,
        "target_bearing": 200.07320416166903,
        "fix_type": 6,
        "hacc_m": 0.014,
        "corrupt": false,
        "position_interpolated": true,
        "captured_at_utc": "2026-06-19T16:40:52.838662+00:00"
      },
      "geometry": {
        "type": "Point",
        "coordinates": [
          -114.00498186099944,
          46.67549478044542
        ]
      }
    },
    {
      "type": "Feature",
      "properties": {
        "file": "leg03_m124_b200_2026-06-19T10-40-53.jpg",
        "leg": "leg03",
        "mark_index": 124,
        "along_track_m": 124.0,
        "achieved_heading": 200.58300224925875,
        "target_bearing": 200.07320416166903,
        "fix_type": 6,
        "hacc_m": 0.014,
        "corrupt": false,
        "position_interpolated": true,
        "captured_at_utc": "2026-06-19T16:40:53.668175+00:00"
      },
      "geometry": {
        "type": "Point",
        "coordinates": [
          -114.00498561594276,
          46.675487636552546
        ]
      }
    },
    {
      "type": "Feature",
      "properties": {
        "file": "leg03_m125_b200_2026-06-19T10-40-55.jpg",
        "leg": "leg03",
        "mark_index": 125,
        "along_track_m": 125.0,
        "achieved_heading": 200.074237516909,
        "target_bearing": 200.07320416166903,
        "fix_type": 6,
        "hacc_m": 0.014,
        "corrupt": false,
        "position_interpolated": true,
        "captured_at_utc": "2026-06-19T16:40:54.846564+00:00"
      },
      "geometry": {
        "type": "Point",
        "coordinates": [
          -114.00499116153193,
          46.6754778015489
        ]
      }
    },
    {
      "type": "Feature",
      "properties": {
        "file": "leg03_m126_b200_2026-06-19T10-40-56.jpg",
        "leg": "leg03",
        "mark_index": 126,
        "along_track_m": 126.0,
        "achieved_heading": 198.33606290188754,
        "target_bearing": 200.07320416166903,
        "fix_type": 6,
        "hacc_m": 0.014,
        "corrupt": false,
        "position_interpolated": true,
        "captured_at_utc": "2026-06-19T16:40:55.901375+00:00"
      },
      "geometry": {
        "type": "Point",
        "coordinates": [
          -114.00499607397884,
          46.67546903803994
        ]
      }
    },
    {
      "type": "Feature",
      "properties": {
        "file": "leg03_m127_b200_2026-06-19T10-40-56.jpg",
        "leg": "leg03",
        "mark_index": 127,
        "along_track_m": 127.0,
        "achieved_heading": 197.67724710685596,
        "target_bearing": 200.07320416166903,
        "fix_type": 6,
        "hacc_m": 0.014,
        "corrupt": false,
        "position_interpolated": true,
        "captured_at_utc": "2026-06-19T16:40:56.879041+00:00"
      },
      "geometry": {
        "type": "Point",
        "coordinates": [
          -114.00499982797979,
          46.67546095872054
        ]
      }
    },
    {
      "type": "Feature",
      "properties": {
        "file": "leg03_m128_b200_2026-06-19T10-40-58.jpg",
        "leg": "leg03",
        "mark_index": 128,
        "along_track_m": 128.0,
        "achieved_heading": 198.21634527356449,
        "target_bearing": 200.07320416166903,
        "fix_type": 6,
        "hacc_m": 0.014,
        "corrupt": false,
        "position_interpolated": true,
        "captured_at_utc": "2026-06-19T16:40:57.936366+00:00"
      },
      "geometry": {
        "type": "Point",
        "coordinates": [
          -114.0050043,
          46.675452
        ]
      }
    },
    {
      "type": "Feature",
      "properties": {
        "file": "leg03_m129_b200_2026-06-19T10-40-59.jpg",
        "leg": "leg03",
        "mark_index": 129,
        "along_track_m": 129.0,
        "achieved_heading": 198.99412077791627,
        "target_bearing": 200.07320416166903,
        "fix_type": 6,
        "hacc_m": 0.014,
        "corrupt": false,
        "position_interpolated": true,
        "captured_at_utc": "2026-06-19T16:40:58.978686+00:00"
      },
      "geometry": {
        "type": "Point",
        "coordinates": [
          -114.00500869999999,
          46.675443699999995
        ]
      }
    },
    {
      "type": "Feature",
      "properties": {
        "file": "leg03_m130_b200_2026-06-19T10-40-59.jpg",
        "leg": "leg03",
        "mark_index": 130,
        "along_track_m": 130.0,
        "achieved_heading": 199.47783631570712,
        "target_bearing": 200.07320416166903,
        "fix_type": 6,
        "hacc_m": 0.014,
        "corrupt": false,
        "position_interpolated": true,
        "captured_at_utc": "2026-06-19T16:40:59.896751+00:00"
      },
      "geometry": {
        "type": "Point",
        "coordinates": [
          -114.00501286738265,
          46.6754354652347
        ]
      }
    },
    {
      "type": "Feature",
      "properties": {
        "file": "leg03_m131_b200_2026-06-19T10-41-01.jpg",
        "leg": "leg03",
        "mark_index": 131,
        "along_track_m": 131.0,
        "achieved_heading": 200.28528388778207,
        "target_bearing": 200.07320416166903,
        "fix_type": 6,
        "hacc_m": 0.014,
        "corrupt": false,
        "position_interpolated": true,
        "captured_at_utc": "2026-06-19T16:41:00.935125+00:00"
      },
      "geometry": {
        "type": "Point",
        "coordinates": [
          -114.0050175,
          46.6754268
        ]
      }
    },
    {
      "type": "Feature",
      "properties": {
        "file": "leg03_m132_b200_2026-06-19T10-41-02.jpg",
        "leg": "leg03",
        "mark_index": 132,
        "along_track_m": 132.0,
        "achieved_heading": 200.06039031242136,
        "target_bearing": 200.07320416166903,
        "fix_type": 6,
        "hacc_m": 0.014,
        "corrupt": false,
        "position_interpolated": true,
        "captured_at_utc": "2026-06-19T16:41:01.989562+00:00"
      },
      "geometry": {
        "type": "Point",
        "coordinates": [
          -114.0050217,
          46.6754183
        ]
      }
    },
    {
      "type": "Feature",
      "properties": {
        "file": "leg03_m133_b200_2026-06-19T10-41-02.jpg",
        "leg": "leg03",
        "mark_index": 133,
        "along_track_m": 133.0,
        "achieved_heading": 201.93431271122657,
        "target_bearing": 200.07320416166903,
        "fix_type": 6,
        "hacc_m": 0.014,
        "corrupt": false,
        "position_interpolated": true,
        "captured_at_utc": "2026-06-19T16:41:02.896729+00:00"
      },
      "geometry": {
        "type": "Point",
        "coordinates": [
          -114.0050264217124,
          46.67541017553537
        ]
      }
    },
    {
      "type": "Feature",
      "properties": {
        "file": "leg03_m134_b200_2026-06-19T10-41-04.jpg",
        "leg": "leg03",
        "mark_index": 134,
        "along_track_m": 134.0,
        "achieved_heading": 201.23179985679326,
        "target_bearing": 200.07320416166903,
        "fix_type": 6,
        "hacc_m": 0.014,
        "corrupt": false,
        "position_interpolated": true,
        "captured_at_utc": "2026-06-19T16:41:03.948001+00:00"
      },
      "geometry": {
        "type": "Point",
        "coordinates": [
          -114.0050313,
          46.6754014
        ]
      }
    },
    {
      "type": "Feature",
      "properties": {
        "file": "leg03_m135_b200_2026-06-19T10-41-04.jpg",
        "leg": "leg03",
        "mark_index": 135,
        "along_track_m": 135.0,
        "achieved_heading": 201.33251797829226,
        "target_bearing": 200.07320416166903,
        "fix_type": 6,
        "hacc_m": 0.014,
        "corrupt": false,
        "position_interpolated": true,
        "captured_at_utc": "2026-06-19T16:41:04.856619+00:00"
      },
      "geometry": {
        "type": "Point",
        "coordinates": [
          -114.00503568431259,
          46.675393523531106
        ]
      }
    },
    {
      "type": "Feature",
      "properties": {
        "file": "leg03_m136_b200_2026-06-19T10-41-05.jpg",
        "leg": "leg03",
        "mark_index": 136,
        "along_track_m": 136.0,
        "achieved_heading": 200.66266222432222,
        "target_bearing": 200.07320416166903,
        "fix_type": 6,
        "hacc_m": 0.014,
        "corrupt": false,
        "position_interpolated": true,
        "captured_at_utc": "2026-06-19T16:41:05.908833+00:00"
      },
      "geometry": {
        "type": "Point",
        "coordinates": [
          -114.00504049469926,
          46.675384472310306
        ]
      }
    },
    {
      "type": "Feature",
      "properties": {
        "file": "leg03_m137_b200_2026-06-19T10-41-06.jpg",
        "leg": "leg03",
        "mark_index": 137,
        "along_track_m": 137.0,
        "achieved_heading": 200.62245108056663,
        "target_bearing": 200.07320416166903,
        "fix_type": 6,
        "hacc_m": 0.014,
        "corrupt": false,
        "position_interpolated": true,
        "captured_at_utc": "2026-06-19T16:41:06.886925+00:00"
      },
      "geometry": {
        "type": "Point",
        "coordinates": [
          -114.00504485341732,
          46.67537621919055
        ]
      }
    },
    {
      "type": "Feature",
      "properties": {
        "file": "leg03_m138_b200_2026-06-19T10-41-08.jpg",
        "leg": "leg03",
        "mark_index": 138,
        "along_track_m": 138.0,
        "achieved_heading": 200.1701302407989,
        "target_bearing": 200.07320416166903,
        "fix_type": 6,
        "hacc_m": 0.014,
        "corrupt": false,
        "position_interpolated": true,
        "captured_at_utc": "2026-06-19T16:41:07.865408+00:00"
      },
      "geometry": {
        "type": "Point",
        "coordinates": [
          -114.00504929997811,
          46.67536780004376
        ]
      }
    },
    {
      "type": "Feature",
      "properties": {
        "file": "leg03_m139_b200_2026-06-19T10-41-08.jpg",
        "leg": "leg03",
        "mark_index": 139,
        "along_track_m": 139.0,
        "achieved_heading": 199.09869729667872,
        "target_bearing": 200.07320416166903,
        "fix_type": 6,
        "hacc_m": 0.014,
        "corrupt": false,
        "position_interpolated": true,
        "captured_at_utc": "2026-06-19T16:41:08.848080+00:00"
      },
      "geometry": {
        "type": "Point",
        "coordinates": [
          -114.00505349624824,
          46.675359386377984
        ]
      }
    },
    {
      "type": "Feature",
      "properties": {
        "file": "leg03_m140_b200_2026-06-19T10-41-09.jpg",
        "leg": "leg03",
        "mark_index": 140,
        "along_track_m": 140.0,
        "achieved_heading": 199.189614648153,
        "target_bearing": 200.07320416166903,
        "fix_type": 6,
        "hacc_m": 0.014,
        "corrupt": false,
        "position_interpolated": true,
        "captured_at_utc": "2026-06-19T16:41:09.821295+00:00"
      },
      "geometry": {
        "type": "Point",
        "coordinates": [
          -114.00505800127449,
          46.67535108662311
        ]
      }
    },
    {
      "type": "Feature",
      "properties": {
        "file": "leg03_m141_b200_2026-06-19T10-41-11.jpg",
        "leg": "leg03",
        "mark_index": 141,
        "along_track_m": 141.0,
        "achieved_heading": 199.0909342458436,
        "target_bearing": 200.07320416166903,
        "fix_type": 6,
        "hacc_m": 0.014,
        "corrupt": false,
        "position_interpolated": true,
        "captured_at_utc": "2026-06-19T16:41:10.761661+00:00"
      },
      "geometry": {
        "type": "Point",
        "coordinates": [
          -114.00506198133047,
          46.67534334637578
        ]
      }
    },
    {
      "type": "Feature",
      "properties": {
        "file": "leg03_m142_b200_2026-06-19T10-41-12.jpg",
        "leg": "leg03",
        "mark_index": 142,
        "along_track_m": 142.0,
        "achieved_heading": 200.40251848011587,
        "target_bearing": 200.07320416166903,
        "fix_type": 6,
        "hacc_m": 0.014,
        "corrupt": false,
        "position_interpolated": true,
        "captured_at_utc": "2026-06-19T16:41:11.860649+00:00"
      },
      "geometry": {
        "type": "Point",
        "coordinates": [
          -114.00506684181258,
          46.67533391637484
        ]
      }
    },
    {
      "type": "Feature",
      "properties": {
        "file": "leg03_m143_b200_2026-06-19T10-41-12.jpg",
        "leg": "leg03",
        "mark_index": 143,
        "along_track_m": 143.0,
        "achieved_heading": 200.7646977735413,
        "target_bearing": 200.07320416166903,
        "fix_type": 6,
        "hacc_m": 0.014,
        "corrupt": false,
        "position_interpolated": true,
        "captured_at_utc": "2026-06-19T16:41:12.854713+00:00"
      },
      "geometry": {
        "type": "Point",
        "coordinates": [
          -114.00507150808176,
          46.67532564734671
        ]
      }
    },
    {
      "type": "Feature",
      "properties": {
        "file": "leg03_m144_b200_2026-06-19T10-41-13.jpg",
        "leg": "leg03",
        "mark_index": 144,
        "along_track_m": 144.0,
        "achieved_heading": 200.36156619304856,
        "target_bearing": 200.07320416166903,
        "fix_type": 6,
        "hacc_m": 0.014,
        "corrupt": false,
        "position_interpolated": true,
        "captured_at_utc": "2026-06-19T16:41:13.914132+00:00"
      },
      "geometry": {
        "type": "Point",
        "coordinates": [
          -114.0050766338883,
          46.67531692487765
        ]
      }
    },
    {
      "type": "Feature",
      "properties": {
        "file": "leg03_m145_b200_2026-06-19T10-41-14.jpg",
        "leg": "leg03",
        "mark_index": 145,
        "along_track_m": 145.0,
        "achieved_heading": 199.03865140864565,
        "target_bearing": 200.07320416166903,
        "fix_type": 6,
        "hacc_m": 0.014,
        "corrupt": false,
        "position_interpolated": true,
        "captured_at_utc": "2026-06-19T16:41:14.805468+00:00"
      },
      "geometry": {
        "type": "Point",
        "coordinates": [
          -114.00508076298112,
          46.67530946133153
        ]
      }
    },
    {
      "type": "Feature",
      "properties": {
        "file": "leg03_m146_b200_2026-06-19T10-41-16.jpg",
        "leg": "leg03",
        "mark_index": 146,
        "along_track_m": 146.0,
        "achieved_heading": 199.6139653361312,
        "target_bearing": 200.07320416166903,
        "fix_type": 6,
        "hacc_m": 0.014,
        "corrupt": false,
        "position_interpolated": true,
        "captured_at_utc": "2026-06-19T16:41:16.015061+00:00"
      },
      "geometry": {
        "type": "Point",
        "coordinates": [
          -114.0050857,
          46.6752999
        ]
      }
    },
    {
      "type": "Feature",
      "properties": {
        "file": "leg03_m147_b200_2026-06-19T10-41-17.jpg",
        "leg": "leg03",
        "mark_index": 147,
        "along_track_m": 147.0,
        "achieved_heading": 198.9869113108141,
        "target_bearing": 200.07320416166903,
        "fix_type": 6,
        "hacc_m": 0.014,
        "corrupt": false,
        "position_interpolated": true,
        "captured_at_utc": "2026-06-19T16:41:16.979936+00:00"
      },
      "geometry": {
        "type": "Point",
        "coordinates": [
          -114.0050902,
          46.6752913
        ]
      }
    },
    {
      "type": "Feature",
      "properties": {
        "file": "leg03_m148_b200_2026-06-19T10-41-17.jpg",
        "leg": "leg03",
        "mark_index": 148,
        "along_track_m": 148.0,
        "achieved_heading": 200.33502109044755,
        "target_bearing": 200.07320416166903,
        "fix_type": 6,
        "hacc_m": 0.014,
        "corrupt": false,
        "position_interpolated": true,
        "captured_at_utc": "2026-06-19T16:41:17.885886+00:00"
      },
      "geometry": {
        "type": "Point",
        "coordinates": [
          -114.00509430682493,
          46.6752833346439
        ]
      }
    },
    {
      "type": "Feature",
      "properties": {
        "file": "leg03_m149_b200_2026-06-19T10-41-19.jpg",
        "leg": "leg03",
        "mark_index": 149,
        "along_track_m": 149.0,
        "achieved_heading": 202.63053785868323,
        "target_bearing": 200.07320416166903,
        "fix_type": 6,
        "hacc_m": 0.014,
        "corrupt": false,
        "position_interpolated": true,
        "captured_at_utc": "2026-06-19T16:41:18.937275+00:00"
      },
      "geometry": {
        "type": "Point",
        "coordinates": [
          -114.0050993,
          46.6752745
        ]
      }
    },
    {
      "type": "Feature",
      "properties": {
        "file": "leg03_m150_b200_2026-06-19T10-41-19.jpg",
        "leg": "leg03",
        "mark_index": 150,
        "along_track_m": 150.0,
        "achieved_heading": 205.04890980160332,
        "target_bearing": 200.07320416166903,
        "fix_type": 6,
        "hacc_m": 0.014,
        "corrupt": false,
        "position_interpolated": true,
        "captured_at_utc": "2026-06-19T16:41:19.839276+00:00"
      },
      "geometry": {
        "type": "Point",
        "coordinates": [
          -114.00510371903242,
          46.67526691764486
        ]
      }
    },
    {
      "type": "Feature",
      "properties": {
        "file": "leg04_m000_b290_2026-06-19T10-41-24.jpg",
        "leg": "leg04",
        "mark_index": 0,
        "along_track_m": 0.0,
        "achieved_heading": 289.3116927876515,
        "target_bearing": 290.1900121996498,
        "fix_type": 6,
        "hacc_m": 0.014,
        "corrupt": false,
        "position_interpolated": true,
        "captured_at_utc": "2026-06-19T16:41:24.111327+00:00"
      },
      "geometry": {
        "type": "Point",
        "coordinates": [
          -114.0051069,
          46.675263099999995
        ]
      }
    },
    {
      "type": "Feature",
      "properties": {
        "file": "leg04_m001_b290_2026-06-19T10-41-25.jpg",
        "leg": "leg04",
        "mark_index": 1,
        "along_track_m": 1.0,
        "achieved_heading": 284.7740962333334,
        "target_bearing": 290.1900121996498,
        "fix_type": 6,
        "hacc_m": 0.014,
        "corrupt": false,
        "position_interpolated": true,
        "captured_at_utc": "2026-06-19T16:41:25.606495+00:00"
      },
      "geometry": {
        "type": "Point",
        "coordinates": [
          -114.0051201,
          46.6752652
        ]
      }
    },
    {
      "type": "Feature",
      "properties": {
        "file": "leg04_m002_b290_2026-06-19T10-41-26.jpg",
        "leg": "leg04",
        "mark_index": 2,
        "along_track_m": 2.0,
        "achieved_heading": 290.1027756153886,
        "target_bearing": 290.1900121996498,
        "fix_type": 6,
        "hacc_m": 0.014,
        "corrupt": false,
        "position_interpolated": true,
        "captured_at_utc": "2026-06-19T16:41:26.221542+00:00"
      },
      "geometry": {
        "type": "Point",
        "coordinates": [
          -114.00512835825535,
          46.67526653516785
        ]
      }
    },
    {
      "type": "Feature",
      "properties": {
        "file": "leg04_m003_b290_2026-06-19T10-41-27.jpg",
        "leg": "leg04",
        "mark_index": 3,
        "along_track_m": 3.0,
        "achieved_heading": 299.0441830788617,
        "target_bearing": 290.1900121996498,
        "fix_type": 6,
        "hacc_m": 0.014,
        "corrupt": false,
        "position_interpolated": true,
        "captured_at_utc": "2026-06-19T16:41:27.703469+00:00"
      },
      "geometry": {
        "type": "Point",
        "coordinates": [
          -114.00514621118602,
          46.67527093123476
        ]
      }
    },
    {
      "type": "Feature",
      "properties": {
        "file": "leg04_m004_b290_2026-06-19T10-41-28.jpg",
        "leg": "leg04",
        "mark_index": 4,
        "along_track_m": 4.0,
        "achieved_heading": 304.45714455258064,
        "target_bearing": 290.1900121996498,
        "fix_type": 6,
        "hacc_m": 0.014,
        "corrupt": false,
        "position_interpolated": true,
        "captured_at_utc": "2026-06-19T16:41:28.668524+00:00"
      },
      "geometry": {
        "type": "Point",
        "coordinates": [
          -114.00515640486582,
          46.67527493495527
        ]
      }
    },
    {
      "type": "Feature",
      "properties": {
        "file": "leg04_m005_b290_2026-06-19T10-41-29.jpg",
        "leg": "leg04",
        "mark_index": 5,
        "along_track_m": 4.845,
        "achieved_heading": 309.1357460202804,
        "target_bearing": 290.1900121996498,
        "fix_type": 6,
        "hacc_m": 0.014,
        "corrupt": false,
        "position_interpolated": true,
        "captured_at_utc": "2026-06-19T16:41:29.643935+00:00"
      },
      "geometry": {
        "type": "Point",
        "coordinates": [
          -114.0051656,
          46.6752792
        ]
      }
    },
    {
      "type": "Feature",
      "properties": {
        "file": "leg05_m000_b020_2026-06-19T10-41-33.jpg",
        "leg": "leg05",
        "mark_index": 0,
        "along_track_m": 0.0,
        "achieved_heading": 16.980652569972904,
        "target_bearing": 20.072667433684614,
        "fix_type": 6,
        "hacc_m": 0.014,
        "corrupt": false,
        "position_interpolated": true,
        "captured_at_utc": "2026-06-19T16:41:33.079395+00:00"
      },
      "geometry": {
        "type": "Point",
        "coordinates": [
          -114.00517119999999,
          46.675281299999995
        ]
      }
    },
    {
      "type": "Feature",
      "properties": {
        "file": "leg05_m001_b020_2026-06-19T10-41-34.jpg",
        "leg": "leg05",
        "mark_index": 1,
        "along_track_m": 1.0,
        "achieved_heading": 13.067350829229383,
        "target_bearing": 20.072667433684614,
        "fix_type": 6,
        "hacc_m": 0.014,
        "corrupt": false,
        "position_interpolated": true,
        "captured_at_utc": "2026-06-19T16:41:34.624671+00:00"
      },
      "geometry": {
        "type": "Point",
        "coordinates": [
          -114.00516861475054,
          46.675290939370896
        ]
      }
    },
    {
      "type": "Feature",
      "properties": {
        "file": "leg05_m002_b020_2026-06-19T10-41-35.jpg",
        "leg": "leg05",
        "mark_index": 2,
        "along_track_m": 2.0,
        "achieved_heading": 24.44480295026017,
        "target_bearing": 20.072667433684614,
        "fix_type": 6,
        "hacc_m": 0.014,
        "corrupt": false,
        "position_interpolated": true,
        "captured_at_utc": "2026-06-19T16:41:35.751797+00:00"
      },
      "geometry": {
        "type": "Point",
        "coordinates": [
          -114.0051656,
          46.6753004
        ]
      }
    },
    {
      "type": "Feature",
      "properties": {
        "file": "leg05_m003_b020_2026-06-19T10-41-36.jpg",
        "leg": "leg05",
        "mark_index": 3,
        "along_track_m": 3.0,
        "achieved_heading": 31.201407749340433,
        "target_bearing": 20.072667433684614,
        "fix_type": 6,
        "hacc_m": 0.014,
        "corrupt": false,
        "position_interpolated": true,
        "captured_at_utc": "2026-06-19T16:41:36.856159+00:00"
      },
      "geometry": {
        "type": "Point",
        "coordinates": [
          -114.00516049999999,
          46.675308199999996
        ]
      }
    },
    {
      "type": "Feature",
      "properties": {
        "file": "leg05_m004_b020_2026-06-19T10-41-37.jpg",
        "leg": "leg05",
        "mark_index": 4,
        "along_track_m": 4.0,
        "achieved_heading": 32.469707124642014,
        "target_bearing": 20.072667433684614,
        "fix_type": 6,
        "hacc_m": 0.014,
        "corrupt": false,
        "position_interpolated": true,
        "captured_at_utc": "2026-06-19T16:41:37.772877+00:00"
      },
      "geometry": {
        "type": "Point",
        "coordinates": [
          -114.0051546,
          46.6753158
        ]
      }
    },
    {
      "type": "Feature",
      "properties": {
        "file": "leg05_m005_b020_2026-06-19T10-41-38.jpg",
        "leg": "leg05",
        "mark_index": 5,
        "along_track_m": 5.0,
        "achieved_heading": 25.59414918441655,
        "target_bearing": 20.072667433684614,
        "fix_type": 6,
        "hacc_m": 0.014,
        "corrupt": false,
        "position_interpolated": true,
        "captured_at_utc": "2026-06-19T16:41:38.753177+00:00"
      },
      "geometry": {
        "type": "Point",
        "coordinates": [
          -114.00514907272067,
          46.67532335455866
        ]
      }
    },
    {
      "type": "Feature",
      "properties": {
        "file": "leg05_m006_b020_2026-06-19T10-41-40.jpg",
        "leg": "leg05",
        "mark_index": 6,
        "along_track_m": 6.0,
        "achieved_heading": 23.588645923048034,
        "target_bearing": 20.072667433684614,
        "fix_type": 6,
        "hacc_m": 0.014,
        "corrupt": false,
        "position_interpolated": true,
        "captured_at_utc": "2026-06-19T16:41:39.938217+00:00"
      },
      "geometry": {
        "type": "Point",
        "coordinates": [
          -114.0051441,
          46.6753328
        ]
      }
    },
    {
      "type": "Feature",
      "properties": {
        "file": "leg05_m007_b020_2026-06-19T10-41-41.jpg",
        "leg": "leg05",
        "mark_index": 7,
        "along_track_m": 7.0,
        "achieved_heading": 24.7789102193002,
        "target_bearing": 20.072667433684614,
        "fix_type": 6,
        "hacc_m": 0.014,
        "corrupt": false,
        "position_interpolated": true,
        "captured_at_utc": "2026-06-19T16:41:41.053536+00:00"
      },
      "geometry": {
        "type": "Point",
        "coordinates": [
          -114.00513927141961,
          46.67534143969845
        ]
      }
    },
    {
      "type": "Feature",
      "properties": {
        "file": "leg05_m008_b020_2026-06-19T10-41-42.jpg",
        "leg": "leg05",
        "mark_index": 8,
        "along_track_m": 8.0,
        "achieved_heading": 25.39664919970869,
        "target_bearing": 20.072667433684614,
        "fix_type": 6,
        "hacc_m": 0.014,
        "corrupt": false,
        "position_interpolated": true,
        "captured_at_utc": "2026-06-19T16:41:42.341943+00:00"
      },
      "geometry": {
        "type": "Point",
        "coordinates": [
          -114.0051336,
          46.6753517
        ]
      }
    },
    {
      "type": "Feature",
      "properties": {
        "file": "leg05_m009_b020_2026-06-19T10-41-43.jpg",
        "leg": "leg05",
        "mark_index": 9,
        "along_track_m": 9.0,
        "achieved_heading": 26.142417467984956,
        "target_bearing": 20.072667433684614,
        "fix_type": 6,
        "hacc_m": 0.014,
        "corrupt": false,
        "position_interpolated": true,
        "captured_at_utc": "2026-06-19T16:41:43.156962+00:00"
      },
      "geometry": {
        "type": "Point",
        "coordinates": [
          -114.0051297,
          46.6753583
        ]
      }
    },
    {
      "type": "Feature",
      "properties": {
        "file": "leg05_m010_b020_2026-06-19T10-41-44.jpg",
        "leg": "leg05",
        "mark_index": 10,
        "along_track_m": 10.0,
        "achieved_heading": 25.773909062120367,
        "target_bearing": 20.072667433684614,
        "fix_type": 6,
        "hacc_m": 0.014,
        "corrupt": false,
        "position_interpolated": true,
        "captured_at_utc": "2026-06-19T16:41:44.087986+00:00"
      },
      "geometry": {
        "type": "Point",
        "coordinates": [
          -114.00512513330018,
          46.67536601116637
        ]
      }
    },
    {
      "type": "Feature",
      "properties": {
        "file": "leg05_m011_b020_2026-06-19T10-41-45.jpg",
        "leg": "leg05",
        "mark_index": 11,
        "along_track_m": 11.0,
        "achieved_heading": 25.268667840683293,
        "target_bearing": 20.072667433684614,
        "fix_type": 6,
        "hacc_m": 0.014,
        "corrupt": false,
        "position_interpolated": true,
        "captured_at_utc": "2026-06-19T16:41:45.189210+00:00"
      },
      "geometry": {
        "type": "Point",
        "coordinates": [
          -114.00511979999999,
          46.675374399999995
        ]
      }
    },
    {
      "type": "Feature",
      "properties": {
        "file": "leg05_m012_b020_2026-06-19T10-41-46.jpg",
        "leg": "leg05",
        "mark_index": 12,
        "along_track_m": 12.0,
        "achieved_heading": 23.7653984294505,
        "target_bearing": 20.072667433684614,
        "fix_type": 6,
        "hacc_m": 0.014,
        "corrupt": false,
        "position_interpolated": true,
        "captured_at_utc": "2026-06-19T16:41:46.182869+00:00"
      },
      "geometry": {
        "type": "Point",
        "coordinates": [
          -114.00511569999999,
          46.675382899999995
        ]
      }
    },
    {
      "type": "Feature",
      "properties": {
        "file": "leg05_m013_b020_2026-06-19T10-41-47.jpg",
        "leg": "leg05",
        "mark_index": 13,
        "along_track_m": 13.0,
        "achieved_heading": 24.57300132970431,
        "target_bearing": 20.072667433684614,
        "fix_type": 6,
        "hacc_m": 0.014,
        "corrupt": false,
        "position_interpolated": true,
        "captured_at_utc": "2026-06-19T16:41:47.319755+00:00"
      },
      "geometry": {
        "type": "Point",
        "coordinates": [
          -114.00511054949385,
          46.675392301012295
        ]
      }
    },
    {
      "type": "Feature",
      "properties": {
        "file": "leg05_m014_b020_2026-06-19T10-41-48.jpg",
        "leg": "leg05",
        "mark_index": 14,
        "along_track_m": 14.0,
        "achieved_heading": 23.633629435311207,
        "target_bearing": 20.072667433684614,
        "fix_type": 6,
        "hacc_m": 0.014,
        "corrupt": false,
        "position_interpolated": true,
        "captured_at_utc": "2026-06-19T16:41:48.360229+00:00"
      },
      "geometry": {
        "type": "Point",
        "coordinates": [
          -114.00510609999999,
          46.675400499999995
        ]
      }
    },
    {
      "type": "Feature",
      "properties": {
        "file": "leg05_m015_b020_2026-06-19T10-41-49.jpg",
        "leg": "leg05",
        "mark_index": 15,
        "along_track_m": 15.0,
        "achieved_heading": 23.377108263744105,
        "target_bearing": 20.072667433684614,
        "fix_type": 6,
        "hacc_m": 0.014,
        "corrupt": false,
        "position_interpolated": true,
        "captured_at_utc": "2026-06-19T16:41:49.326484+00:00"
      },
      "geometry": {
        "type": "Point",
        "coordinates": [
          -114.00510133555696,
          46.675408743108854
        ]
      }
    },
    {
      "type": "Feature",
      "properties": {
        "file": "leg05_m016_b020_2026-06-19T10-41-50.jpg",
        "leg": "leg05",
        "mark_index": 16,
        "along_track_m": 16.0,
        "achieved_heading": 21.82116142657003,
        "target_bearing": 20.072667433684614,
        "fix_type": 6,
        "hacc_m": 0.014,
        "corrupt": false,
        "position_interpolated": true,
        "captured_at_utc": "2026-06-19T16:41:50.305604+00:00"
      },
      "geometry": {
        "type": "Point",
        "coordinates": [
          -114.00509733146934,
          46.67541702062762
        ]
      }
    },
    {
      "type": "Feature",
      "properties": {
        "file": "leg05_m017_b020_2026-06-19T10-41-51.jpg",
        "leg": "leg05",
        "mark_index": 17,
        "along_track_m": 17.0,
        "achieved_heading": 22.666584785855093,
        "target_bearing": 20.072667433684614,
        "fix_type": 6,
        "hacc_m": 0.014,
        "corrupt": false,
        "position_interpolated": true,
        "captured_at_utc": "2026-06-19T16:41:51.069427+00:00"
      },
      "geometry": {
        "type": "Point",
        "coordinates": [
          -114.00509385391486,
          46.67542336043091
        ]
      }
    },
    {
      "type": "Feature",
      "properties": {
        "file": "leg05_m018_b020_2026-06-19T10-41-52.jpg",
        "leg": "leg05",
        "mark_index": 18,
        "along_track_m": 18.0,
        "achieved_heading": 20.590916856974275,
        "target_bearing": 20.072667433684614,
        "fix_type": 6,
        "hacc_m": 0.014,
        "corrupt": false,
        "position_interpolated": true,
        "captured_at_utc": "2026-06-19T16:41:52.328510+00:00"
      },
      "geometry": {
        "type": "Point",
        "coordinates": [
          -114.00508830676456,
          46.675433585625306
        ]
      }
    },
    {
      "type": "Feature",
      "properties": {
        "file": "leg05_m019_b020_2026-06-19T10-41-53.jpg",
        "leg": "leg05",
        "mark_index": 19,
        "along_track_m": 19.0,
        "achieved_heading": 21.182646840811458,
        "target_bearing": 20.072667433684614,
        "fix_type": 6,
        "hacc_m": 0.014,
        "corrupt": false,
        "position_interpolated": true,
        "captured_at_utc": "2026-06-19T16:41:52.966281+00:00"
      },
      "geometry": {
        "type": "Point",
        "coordinates": [
          -114.00508583637018,
          46.6754390272596
        ]
      }
    },
    {
      "type": "Feature",
      "properties": {
        "file": "leg05_m020_b020_2026-06-19T10-41-54.jpg",
        "leg": "leg05",
        "mark_index": 20,
        "along_track_m": 20.0,
        "achieved_heading": 23.31882124312864,
        "target_bearing": 20.072667433684614,
        "fix_type": 6,
        "hacc_m": 0.014,
        "corrupt": false,
        "position_interpolated": true,
        "captured_at_utc": "2026-06-19T16:41:54.426625+00:00"
      },
      "geometry": {
        "type": "Point",
        "coordinates": [
          -114.00508029999999,
          46.6754502
        ]
      }
    },
    {
      "type": "Feature",
      "properties": {
        "file": "leg05_m021_b020_2026-06-19T10-41-55.jpg",
        "leg": "leg05",
        "mark_index": 21,
        "along_track_m": 21.0,
        "achieved_heading": 23.15702897395755,
        "target_bearing": 20.072667433684614,
        "fix_type": 6,
        "hacc_m": 0.014,
        "corrupt": false,
        "position_interpolated": true,
        "captured_at_utc": "2026-06-19T16:41:55.506441+00:00"
      },
      "geometry": {
        "type": "Point",
        "coordinates": [
          -114.0050750995321,
          46.67545940093578
        ]
      }
    },
    {
      "type": "Feature",
      "properties": {
        "file": "leg05_m022_b020_2026-06-19T10-41-56.jpg",
        "leg": "leg05",
        "mark_index": 22,
        "along_track_m": 22.0,
        "achieved_heading": 24.161442710734036,
        "target_bearing": 20.072667433684614,
        "fix_type": 6,
        "hacc_m": 0.014,
        "corrupt": false,
        "position_interpolated": true,
        "captured_at_utc": "2026-06-19T16:41:56.539383+00:00"
      },
      "geometry": {
        "type": "Point",
        "coordinates": [
          -114.00507033719981,
          46.67546744420029
        ]
      }
    },
    {
      "type": "Feature",
      "properties": {
        "file": "leg05_m023_b020_2026-06-19T10-41-57.jpg",
        "leg": "leg05",
        "mark_index": 23,
        "along_track_m": 23.0,
        "achieved_heading": 23.644658582306363,
        "target_bearing": 20.072667433684614,
        "fix_type": 6,
        "hacc_m": 0.014,
        "corrupt": false,
        "position_interpolated": true,
        "captured_at_utc": "2026-06-19T16:41:57.522214+00:00"
      },
      "geometry": {
        "type": "Point",
        "coordinates": [
          -114.00506576507723,
          46.67547540238412
        ]
      }
    },
    {
      "type": "Feature",
      "properties": {
        "file": "leg05_m024_b020_2026-06-19T10-41-58.jpg",
        "leg": "leg05",
        "mark_index": 24,
        "along_track_m": 24.0,
        "achieved_heading": 21.681394331177728,
        "target_bearing": 20.072667433684614,
        "fix_type": 6,
        "hacc_m": 0.014,
        "corrupt": false,
        "position_interpolated": true,
        "captured_at_utc": "2026-06-19T16:41:58.654453+00:00"
      },
      "geometry": {
        "type": "Point",
        "coordinates": [
          -114.00506081338614,
          46.675484734054464
        ]
      }
    },
    {
      "type": "Feature",
      "properties": {
        "file": "leg05_m026_b020_2026-06-19T10-42-05.jpg",
        "leg": "leg05",
        "mark_index": 26,
        "along_track_m": 26.0,
        "achieved_heading": 21.10590521725709,
        "target_bearing": 20.072667433684614,
        "fix_type": 6,
        "hacc_m": 0.014,
        "corrupt": false,
        "position_interpolated": true,
        "captured_at_utc": "2026-06-19T16:42:03.945941+00:00"
      },
      "geometry": {
        "type": "Point",
        "coordinates": [
          -114.0050515,
          46.67550370886255
        ]
      }
    },
    {
      "type": "Feature",
      "properties": {
        "file": "leg05_m027_b020_2026-06-19T10-42-06.jpg",
        "leg": "leg05",
        "mark_index": 27,
        "along_track_m": 27.0,
        "achieved_heading": 20.740762935730515,
        "target_bearing": 20.072667433684614,
        "fix_type": 6,
        "hacc_m": 0.014,
        "corrupt": false,
        "position_interpolated": true,
        "captured_at_utc": "2026-06-19T16:42:06.045225+00:00"
      },
      "geometry": {
        "type": "Point",
        "coordinates": [
          -114.00504825730476,
          46.675510030053545
        ]
      }
    },
    {
      "type": "Feature",
      "properties": {
        "file": "leg05_m028_b020_2026-06-19T10-42-07.jpg",
        "leg": "leg05",
        "mark_index": 28,
        "along_track_m": 28.0,
        "achieved_heading": 21.85895909989449,
        "target_bearing": 20.072667433684614,
        "fix_type": 6,
        "hacc_m": 0.014,
        "corrupt": false,
        "position_interpolated": true,
        "captured_at_utc": "2026-06-19T16:42:07.107299+00:00"
      },
      "geometry": {
        "type": "Point",
        "coordinates": [
          -114.0050430408505,
          46.67551870264893
        ]
      }
    },
    {
      "type": "Feature",
      "properties": {
        "file": "leg05_m029_b020_2026-06-19T10-42-08.jpg",
        "leg": "leg05",
        "mark_index": 29,
        "along_track_m": 29.0,
        "achieved_heading": 19.88039014019654,
        "target_bearing": 20.072667433684614,
        "fix_type": 6,
        "hacc_m": 0.014,
        "corrupt": false,
        "position_interpolated": true,
        "captured_at_utc": "2026-06-19T16:42:08.153242+00:00"
      },
      "geometry": {
        "type": "Point",
        "coordinates": [
          -114.0050383,
          46.6755271
        ]
      }
    },
    {
      "type": "Feature",
      "properties": {
        "file": "leg05_m030_b020_2026-06-19T10-42-09.jpg",
        "leg": "leg05",
        "mark_index": 30,
        "along_track_m": 30.0,
        "achieved_heading": 20.271422489816473,
        "target_bearing": 20.072667433684614,
        "fix_type": 6,
        "hacc_m": 0.014,
        "corrupt": false,
        "position_interpolated": true,
        "captured_at_utc": "2026-06-19T16:42:09.061847+00:00"
      },
      "geometry": {
        "type": "Point",
        "coordinates": [
          -114.00503437663342,
          46.675534846733136
        ]
      }
    },
    {
      "type": "Feature",
      "properties": {
        "file": "leg05_m031_b020_2026-06-19T10-42-10.jpg",
        "leg": "leg05",
        "mark_index": 31,
        "along_track_m": 31.0,
        "achieved_heading": 22.167736071369973,
        "target_bearing": 20.072667433684614,
        "fix_type": 6,
        "hacc_m": 0.014,
        "corrupt": false,
        "position_interpolated": true,
        "captured_at_utc": "2026-06-19T16:42:10.116618+00:00"
      },
      "geometry": {
        "type": "Point",
        "coordinates": [
          -114.00503013425205,
          46.67554349251954
        ]
      }
    },
    {
      "type": "Feature",
      "properties": {
        "file": "leg05_m032_b020_2026-06-19T10-42-11.jpg",
        "leg": "leg05",
        "mark_index": 32,
        "along_track_m": 32.0,
        "achieved_heading": 22.274485775442997,
        "target_bearing": 20.072667433684614,
        "fix_type": 6,
        "hacc_m": 0.014,
        "corrupt": false,
        "position_interpolated": true,
        "captured_at_utc": "2026-06-19T16:42:10.819473+00:00"
      },
      "geometry": {
        "type": "Point",
        "coordinates": [
          -114.00502682273618,
          46.675549154527644
        ]
      }
    },
    {
      "type": "Feature",
      "properties": {
        "file": "leg05_m033_b020_2026-06-19T10-42-12.jpg",
        "leg": "leg05",
        "mark_index": 33,
        "along_track_m": 33.0,
        "achieved_heading": 20.337691368611786,
        "target_bearing": 20.072667433684614,
        "fix_type": 6,
        "hacc_m": 0.014,
        "corrupt": false,
        "position_interpolated": true,
        "captured_at_utc": "2026-06-19T16:42:12.285495+00:00"
      },
      "geometry": {
        "type": "Point",
        "coordinates": [
          -114.00502028814262,
          46.67556091580984
        ]
      }
    },
    {
      "type": "Feature",
      "properties": {
        "file": "leg05_m034_b020_2026-06-19T10-42-13.jpg",
        "leg": "leg05",
        "mark_index": 34,
        "along_track_m": 34.0,
        "achieved_heading": 18.501577803834437,
        "target_bearing": 20.072667433684614,
        "fix_type": 6,
        "hacc_m": 0.014,
        "corrupt": false,
        "position_interpolated": true,
        "captured_at_utc": "2026-06-19T16:42:13.204330+00:00"
      },
      "geometry": {
        "type": "Point",
        "coordinates": [
          -114.00501669984932,
          46.67556820030135
        ]
      }
    },
    {
      "type": "Feature",
      "properties": {
        "file": "leg05_m035_b020_2026-06-19T10-42-14.jpg",
        "leg": "leg05",
        "mark_index": 35,
        "along_track_m": 35.0,
        "achieved_heading": 19.31200444644321,
        "target_bearing": 20.072667433684614,
        "fix_type": 6,
        "hacc_m": 0.014,
        "corrupt": false,
        "position_interpolated": true,
        "captured_at_utc": "2026-06-19T16:42:14.375990+00:00"
      },
      "geometry": {
        "type": "Point",
        "coordinates": [
          -114.00501249999999,
          46.6755772
        ]
      }
    },
    {
      "type": "Feature",
      "properties": {
        "file": "leg05_m036_b020_2026-06-19T10-42-15.jpg",
        "leg": "leg05",
        "mark_index": 36,
        "along_track_m": 36.0,
        "achieved_heading": 20.986407831376255,
        "target_bearing": 20.072667433684614,
        "fix_type": 6,
        "hacc_m": 0.014,
        "corrupt": false,
        "position_interpolated": true,
        "captured_at_utc": "2026-06-19T16:42:15.500289+00:00"
      },
      "geometry": {
        "type": "Point",
        "coordinates": [
          -114.0050073459125,
          46.67558654059999
        ]
      }
    },
    {
      "type": "Feature",
      "properties": {
        "file": "leg05_m037_b020_2026-06-19T10-42-16.jpg",
        "leg": "leg05",
        "mark_index": 37,
        "along_track_m": 37.0,
        "achieved_heading": 19.211261812849216,
        "target_bearing": 20.072667433684614,
        "fix_type": 6,
        "hacc_m": 0.014,
        "corrupt": false,
        "position_interpolated": true,
        "captured_at_utc": "2026-06-19T16:42:16.491713+00:00"
      },
      "geometry": {
        "type": "Point",
        "coordinates": [
          -114.00500341962966,
          46.675594480987584
        ]
      }
    },
    {
      "type": "Feature",
      "properties": {
        "file": "leg05_m038_b020_2026-06-19T10-42-17.jpg",
        "leg": "leg05",
        "mark_index": 38,
        "along_track_m": 38.0,
        "achieved_heading": 20.259218788521025,
        "target_bearing": 20.072667433684614,
        "fix_type": 6,
        "hacc_m": 0.014,
        "corrupt": false,
        "position_interpolated": true,
        "captured_at_utc": "2026-06-19T16:42:17.545797+00:00"
      },
      "geometry": {
        "type": "Point",
        "coordinates": [
          -114.004999,
          46.6756029
        ]
      }
    },
    {
      "type": "Feature",
      "properties": {
        "file": "leg05_m039_b020_2026-06-19T10-42-18.jpg",
        "leg": "leg05",
        "mark_index": 39,
        "along_track_m": 39.0,
        "achieved_heading": 21.34446968029937,
        "target_bearing": 20.072667433684614,
        "fix_type": 6,
        "hacc_m": 0.014,
        "corrupt": false,
        "position_interpolated": true,
        "captured_at_utc": "2026-06-19T16:42:18.525988+00:00"
      },
      "geometry": {
        "type": "Point",
        "coordinates": [
          -114.00499480699555,
          46.675610885134425
        ]
      }
    },
    {
      "type": "Feature",
      "properties": {
        "file": "leg05_m040_b020_2026-06-19T10-42-19.jpg",
        "leg": "leg05",
        "mark_index": 40,
        "along_track_m": 40.0,
        "achieved_heading": 21.32980712952093,
        "target_bearing": 20.072667433684614,
        "fix_type": 6,
        "hacc_m": 0.014,
        "corrupt": false,
        "position_interpolated": true,
        "captured_at_utc": "2026-06-19T16:42:19.643865+00:00"
      },
      "geometry": {
        "type": "Point",
        "coordinates": [
          -114.00498968303145,
          46.675619619055176
        ]
      }
    },
    {
      "type": "Feature",
      "properties": {
        "file": "leg05_m041_b020_2026-06-19T10-42-20.jpg",
        "leg": "leg05",
        "mark_index": 41,
        "along_track_m": 41.0,
        "achieved_heading": 20.84904993792071,
        "target_bearing": 20.072667433684614,
        "fix_type": 6,
        "hacc_m": 0.014,
        "corrupt": false,
        "position_interpolated": true,
        "captured_at_utc": "2026-06-19T16:42:20.688270+00:00"
      },
      "geometry": {
        "type": "Point",
        "coordinates": [
          -114.00498477598762,
          46.67562820402784
        ]
      }
    },
    {
      "type": "Feature",
      "properties": {
        "file": "leg05_m042_b020_2026-06-19T10-42-21.jpg",
        "leg": "leg05",
        "mark_index": 42,
        "along_track_m": 42.0,
        "achieved_heading": 20.059742019515852,
        "target_bearing": 20.072667433684614,
        "fix_type": 6,
        "hacc_m": 0.014,
        "corrupt": false,
        "position_interpolated": true,
        "captured_at_utc": "2026-06-19T16:42:21.742313+00:00"
      },
      "geometry": {
        "type": "Point",
        "coordinates": [
          -114.00498069999999,
          46.675636399999995
        ]
      }
    },
    {
      "type": "Feature",
      "properties": {
        "file": "leg05_m043_b020_2026-06-19T10-42-22.jpg",
        "leg": "leg05",
        "mark_index": 43,
        "along_track_m": 43.0,
        "achieved_heading": 21.366539668285668,
        "target_bearing": 20.072667433684614,
        "fix_type": 6,
        "hacc_m": 0.014,
        "corrupt": false,
        "position_interpolated": true,
        "captured_at_utc": "2026-06-19T16:42:22.806342+00:00"
      },
      "geometry": {
        "type": "Point",
        "coordinates": [
          -114.00497659999999,
          46.6756447
        ]
      }
    },
    {
      "type": "Feature",
      "properties": {
        "file": "leg05_m044_b020_2026-06-19T10-42-23.jpg",
        "leg": "leg05",
        "mark_index": 44,
        "along_track_m": 44.0,
        "achieved_heading": 21.110055368906615,
        "target_bearing": 20.072667433684614,
        "fix_type": 6,
        "hacc_m": 0.014,
        "corrupt": false,
        "position_interpolated": true,
        "captured_at_utc": "2026-06-19T16:42:23.913188+00:00"
      },
      "geometry": {
        "type": "Point",
        "coordinates": [
          -114.00497153830231,
          46.675654042546526
        ]
      }
    },
    {
      "type": "Feature",
      "properties": {
        "file": "leg05_m045_b020_2026-06-19T10-42-25.jpg",
        "leg": "leg05",
        "mark_index": 45,
        "along_track_m": 45.0,
        "achieved_heading": 22.175829404962542,
        "target_bearing": 20.072667433684614,
        "fix_type": 6,
        "hacc_m": 0.014,
        "corrupt": false,
        "position_interpolated": true,
        "captured_at_utc": "2026-06-19T16:42:24.955538+00:00"
      },
      "geometry": {
        "type": "Point",
        "coordinates": [
          -114.0049669,
          46.6756623
        ]
      }
    },
    {
      "type": "Feature",
      "properties": {
        "file": "leg05_m046_b020_2026-06-19T10-42-26.jpg",
        "leg": "leg05",
        "mark_index": 46,
        "along_track_m": 46.0,
        "achieved_heading": 20.2453879025972,
        "target_bearing": 20.072667433684614,
        "fix_type": 6,
        "hacc_m": 0.014,
        "corrupt": false,
        "position_interpolated": true,
        "captured_at_utc": "2026-06-19T16:42:25.957731+00:00"
      },
      "geometry": {
        "type": "Point",
        "coordinates": [
          -114.0049629814782,
          46.67567039753632
        ]
      }
    },
    {
      "type": "Feature",
      "properties": {
        "file": "leg05_m048_b020_2026-06-19T10-42-32.jpg",
        "leg": "leg05",
        "mark_index": 48,
        "along_track_m": 48.0,
        "achieved_heading": 20.052973338881657,
        "target_bearing": 20.072667433684614,
        "fix_type": 6,
        "hacc_m": 0.014,
        "corrupt": false,
        "position_interpolated": true,
        "captured_at_utc": "2026-06-19T16:42:31.261778+00:00"
      },
      "geometry": {
        "type": "Point",
        "coordinates": [
          -114.0049535,
          46.6756895
        ]
      }
    },
    {
      "type": "Feature",
      "properties": {
        "file": "leg05_m049_b020_2026-06-19T10-42-33.jpg",
        "leg": "leg05",
        "mark_index": 49,
        "along_track_m": 49.0,
        "achieved_heading": 20.094200056641455,
        "target_bearing": 20.072667433684614,
        "fix_type": 6,
        "hacc_m": 0.014,
        "corrupt": false,
        "position_interpolated": true,
        "captured_at_utc": "2026-06-19T16:42:33.029619+00:00"
      },
      "geometry": {
        "type": "Point",
        "coordinates": [
          -114.00495120479899,
          46.67569343980213
        ]
      }
    },
    {
      "type": "Feature",
      "properties": {
        "file": "leg05_m050_b020_2026-06-19T10-42-34.jpg",
        "leg": "leg05",
        "mark_index": 50,
        "along_track_m": 50.0,
        "achieved_heading": 20.426592197117316,
        "target_bearing": 20.072667433684614,
        "fix_type": 6,
        "hacc_m": 0.014,
        "corrupt": false,
        "position_interpolated": true,
        "captured_at_utc": "2026-06-19T16:42:34.405888+00:00"
      },
      "geometry": {
        "type": "Point",
        "coordinates": [
          -114.00494523581906,
          46.675704195932425
        ]
      }
    },
    {
      "type": "Feature",
      "properties": {
        "file": "leg05_m051_b020_2026-06-19T10-42-35.jpg",
        "leg": "leg05",
        "mark_index": 51,
        "along_track_m": 51.0,
        "achieved_heading": 19.933404235379157,
        "target_bearing": 20.072667433684614,
        "fix_type": 6,
        "hacc_m": 0.014,
        "corrupt": false,
        "position_interpolated": true,
        "captured_at_utc": "2026-06-19T16:42:35.458337+00:00"
      },
      "geometry": {
        "type": "Point",
        "coordinates": [
          -114.00494068639873,
          46.67571286300238
        ]
      }
    },
    {
      "type": "Feature",
      "properties": {
        "file": "leg05_m052_b020_2026-06-19T10-42-36.jpg",
        "leg": "leg05",
        "mark_index": 52,
        "along_track_m": 52.0,
        "achieved_heading": 21.29629674872325,
        "target_bearing": 20.072667433684614,
        "fix_type": 6,
        "hacc_m": 0.014,
        "corrupt": false,
        "position_interpolated": true,
        "captured_at_utc": "2026-06-19T16:42:36.503566+00:00"
      },
      "geometry": {
        "type": "Point",
        "coordinates": [
          -114.00493586290008,
          46.67572133935986
        ]
      }
    },
    {
      "type": "Feature",
      "properties": {
        "file": "leg05_m053_b020_2026-06-19T10-42-37.jpg",
        "leg": "leg05",
        "mark_index": 53,
        "along_track_m": 53.0,
        "achieved_heading": 20.0167471049474,
        "target_bearing": 20.072667433684614,
        "fix_type": 6,
        "hacc_m": 0.014,
        "corrupt": false,
        "position_interpolated": true,
        "captured_at_utc": "2026-06-19T16:42:37.494581+00:00"
      },
      "geometry": {
        "type": "Point",
        "coordinates": [
          -114.00493104305886,
          46.675729232134316
        ]
      }
    },
    {
      "type": "Feature",
      "properties": {
        "file": "leg05_m054_b020_2026-06-19T10-42-38.jpg",
        "leg": "leg05",
        "mark_index": 54,
        "along_track_m": 54.0,
        "achieved_heading": 19.56230968464331,
        "target_bearing": 20.072667433684614,
        "fix_type": 6,
        "hacc_m": 0.014,
        "corrupt": false,
        "position_interpolated": true,
        "captured_at_utc": "2026-06-19T16:42:38.607342+00:00"
      },
      "geometry": {
        "type": "Point",
        "coordinates": [
          -114.0049265,
          46.6757378
        ]
      }
    },
    {
      "type": "Feature",
      "properties": {
        "file": "leg05_m055_b020_2026-06-19T10-42-39.jpg",
        "leg": "leg05",
        "mark_index": 55,
        "along_track_m": 55.0,
        "achieved_heading": 20.742770348724605,
        "target_bearing": 20.072667433684614,
        "fix_type": 6,
        "hacc_m": 0.014,
        "corrupt": false,
        "position_interpolated": true,
        "captured_at_utc": "2026-06-19T16:42:39.528382+00:00"
      },
      "geometry": {
        "type": "Point",
        "coordinates": [
          -114.00492212838152,
          46.67574594323696
        ]
      }
    },
    {
      "type": "Feature",
      "properties": {
        "file": "leg05_m056_b020_2026-06-19T10-42-40.jpg",
        "leg": "leg05",
        "mark_index": 56,
        "along_track_m": 56.0,
        "achieved_heading": 21.15543919513948,
        "target_bearing": 20.072667433684614,
        "fix_type": 6,
        "hacc_m": 0.014,
        "corrupt": false,
        "position_interpolated": true,
        "captured_at_utc": "2026-06-19T16:42:40.574002+00:00"
      },
      "geometry": {
        "type": "Point",
        "coordinates": [
          -114.0049178,
          46.6757545
        ]
      }
    },
    {
      "type": "Feature",
      "properties": {
        "file": "leg05_m057_b020_2026-06-19T10-42-41.jpg",
        "leg": "leg05",
        "mark_index": 57,
        "along_track_m": 57.0,
        "achieved_heading": 21.240394916392233,
        "target_bearing": 20.072667433684614,
        "fix_type": 6,
        "hacc_m": 0.014,
        "corrupt": false,
        "position_interpolated": true,
        "captured_at_utc": "2026-06-19T16:42:41.614022+00:00"
      },
      "geometry": {
        "type": "Point",
        "coordinates": [
          -114.00491294653564,
          46.67576320692872
        ]
      }
    },
    {
      "type": "Feature",
      "properties": {
        "file": "leg05_m058_b020_2026-06-19T10-42-42.jpg",
        "leg": "leg05",
        "mark_index": 58,
        "along_track_m": 58.0,
        "achieved_heading": 20.993465461581422,
        "target_bearing": 20.072667433684614,
        "fix_type": 6,
        "hacc_m": 0.014,
        "corrupt": false,
        "position_interpolated": true,
        "captured_at_utc": "2026-06-19T16:42:42.672261+00:00"
      },
      "geometry": {
        "type": "Point",
        "coordinates": [
          -114.00490820253265,
          46.67577196216416
        ]
      }
    },
    {
      "type": "Feature",
      "properties": {
        "file": "leg05_m059_b020_2026-06-19T10-42-43.jpg",
        "leg": "leg05",
        "mark_index": 59,
        "along_track_m": 59.0,
        "achieved_heading": 20.921407579281833,
        "target_bearing": 20.072667433684614,
        "fix_type": 6,
        "hacc_m": 0.014,
        "corrupt": false,
        "position_interpolated": true,
        "captured_at_utc": "2026-06-19T16:42:43.584020+00:00"
      },
      "geometry": {
        "type": "Point",
        "coordinates": [
          -114.00490398747931,
          46.67577972504138
        ]
      }
    },
    {
      "type": "Feature",
      "properties": {
        "file": "leg05_m060_b020_2026-06-19T10-42-44.jpg",
        "leg": "leg05",
        "mark_index": 60,
        "along_track_m": 60.0,
        "achieved_heading": 20.292454446576073,
        "target_bearing": 20.072667433684614,
        "fix_type": 6,
        "hacc_m": 0.014,
        "corrupt": false,
        "position_interpolated": true,
        "captured_at_utc": "2026-06-19T16:42:44.704732+00:00"
      },
      "geometry": {
        "type": "Point",
        "coordinates": [
          -114.00489935536497,
          46.67578900653282
        ]
      }
    },
    {
      "type": "Feature",
      "properties": {
        "file": "leg05_m061_b020_2026-06-19T10-42-45.jpg",
        "leg": "leg05",
        "mark_index": 61,
        "along_track_m": 61.0,
        "achieved_heading": 20.08176228948895,
        "target_bearing": 20.072667433684614,
        "fix_type": 6,
        "hacc_m": 0.014,
        "corrupt": false,
        "position_interpolated": true,
        "captured_at_utc": "2026-06-19T16:42:45.683890+00:00"
      },
      "geometry": {
        "type": "Point",
        "coordinates": [
          -114.00489506216454,
          46.675797328600225
        ]
      }
    },
    {
      "type": "Feature",
      "properties": {
        "file": "leg05_m062_b020_2026-06-19T10-42-46.jpg",
        "leg": "leg05",
        "mark_index": 62,
        "along_track_m": 62.0,
        "achieved_heading": 19.435096526417283,
        "target_bearing": 20.072667433684614,
        "fix_type": 6,
        "hacc_m": 0.014,
        "corrupt": false,
        "position_interpolated": true,
        "captured_at_utc": "2026-06-19T16:42:46.821859+00:00"
      },
      "geometry": {
        "type": "Point",
        "coordinates": [
          -114.0048905,
          46.675806099999996
        ]
      }
    },
    {
      "type": "Feature",
      "properties": {
        "file": "leg05_m063_b020_2026-06-19T10-42-47.jpg",
        "leg": "leg05",
        "mark_index": 63,
        "along_track_m": 63.0,
        "achieved_heading": 18.76394132838675,
        "target_bearing": 20.072667433684614,
        "fix_type": 6,
        "hacc_m": 0.014,
        "corrupt": false,
        "position_interpolated": true,
        "captured_at_utc": "2026-06-19T16:42:47.645195+00:00"
      },
      "geometry": {
        "type": "Point",
        "coordinates": [
          -114.004886991753,
          46.675813774815005
        ]
      }
    },
    {
      "type": "Feature",
      "properties": {
        "file": "leg05_m064_b020_2026-06-19T10-42-48.jpg",
        "leg": "leg05",
        "mark_index": 64,
        "along_track_m": 64.0,
        "achieved_heading": 20.977468393078766,
        "target_bearing": 20.072667433684614,
        "fix_type": 6,
        "hacc_m": 0.014,
        "corrupt": false,
        "position_interpolated": true,
        "captured_at_utc": "2026-06-19T16:42:48.773910+00:00"
      },
      "geometry": {
        "type": "Point",
        "coordinates": [
          -114.0048825,
          46.6758223
        ]
      }
    },
    {
      "type": "Feature",
      "properties": {
        "file": "leg05_m065_b020_2026-06-19T10-42-49.jpg",
        "leg": "leg05",
        "mark_index": 65,
        "along_track_m": 65.0,
        "achieved_heading": 21.325565600863627,
        "target_bearing": 20.072667433684614,
        "fix_type": 6,
        "hacc_m": 0.014,
        "corrupt": false,
        "position_interpolated": true,
        "captured_at_utc": "2026-06-19T16:42:49.818617+00:00"
      },
      "geometry": {
        "type": "Point",
        "coordinates": [
          -114.0048776,
          46.675830399999995
        ]
      }
    },
    {
      "type": "Feature",
      "properties": {
        "file": "leg05_m066_b020_2026-06-19T10-42-51.jpg",
        "leg": "leg05",
        "mark_index": 66,
        "along_track_m": 66.0,
        "achieved_heading": 20.40529554283711,
        "target_bearing": 20.072667433684614,
        "fix_type": 6,
        "hacc_m": 0.014,
        "corrupt": false,
        "position_interpolated": true,
        "captured_at_utc": "2026-06-19T16:42:50.867357+00:00"
      },
      "geometry": {
        "type": "Point",
        "coordinates": [
          -114.00487263622212,
          46.675839586611296
        ]
      }
    },
    {
      "type": "Feature",
      "properties": {
        "file": "leg05_m067_b020_2026-06-19T10-42-51.jpg",
        "leg": "leg05",
        "mark_index": 67,
        "along_track_m": 67.0,
        "achieved_heading": 20.221331716273767,
        "target_bearing": 20.072667433684614,
        "fix_type": 6,
        "hacc_m": 0.014,
        "corrupt": false,
        "position_interpolated": true,
        "captured_at_utc": "2026-06-19T16:42:51.849379+00:00"
      },
      "geometry": {
        "type": "Point",
        "coordinates": [
          -114.00486847087429,
          46.67584775825142
        ]
      }
    },
    {
      "type": "Feature",
      "properties": {
        "file": "leg05_m068_b020_2026-06-19T10-42-52.jpg",
        "leg": "leg05",
        "mark_index": 68,
        "along_track_m": 68.0,
        "achieved_heading": 19.653275719039982,
        "target_bearing": 20.072667433684614,
        "fix_type": 6,
        "hacc_m": 0.014,
        "corrupt": false,
        "position_interpolated": true,
        "captured_at_utc": "2026-06-19T16:42:52.899127+00:00"
      },
      "geometry": {
        "type": "Point",
        "coordinates": [
          -114.00486391612635,
          46.67585633456831
        ]
      }
    },
    {
      "type": "Feature",
      "properties": {
        "file": "leg05_m069_b020_2026-06-19T10-42-53.jpg",
        "leg": "leg05",
        "mark_index": 69,
        "along_track_m": 69.0,
        "achieved_heading": 20.68153922356015,
        "target_bearing": 20.072667433684614,
        "fix_type": 6,
        "hacc_m": 0.014,
        "corrupt": false,
        "position_interpolated": true,
        "captured_at_utc": "2026-06-19T16:42:53.882843+00:00"
      },
      "geometry": {
        "type": "Point",
        "coordinates": [
          -114.0048594015587,
          46.6758644464929
        ]
      }
    },
    {
      "type": "Feature",
      "properties": {
        "file": "leg05_m070_b020_2026-06-19T10-42-55.jpg",
        "leg": "leg05",
        "mark_index": 70,
        "along_track_m": 70.0,
        "achieved_heading": 19.459603298265506,
        "target_bearing": 20.072667433684614,
        "fix_type": 6,
        "hacc_m": 0.014,
        "corrupt": false,
        "position_interpolated": true,
        "captured_at_utc": "2026-06-19T16:42:54.941086+00:00"
      },
      "geometry": {
        "type": "Point",
        "coordinates": [
          -114.0048549,
          46.6758731
        ]
      }
    },
    {
      "type": "Feature",
      "properties": {
        "file": "leg05_m071_b020_2026-06-19T10-42-56.jpg",
        "leg": "leg05",
        "mark_index": 71,
        "along_track_m": 71.0,
        "achieved_heading": 19.2937134655852,
        "target_bearing": 20.072667433684614,
        "fix_type": 6,
        "hacc_m": 0.014,
        "corrupt": false,
        "position_interpolated": true,
        "captured_at_utc": "2026-06-19T16:42:55.915248+00:00"
      },
      "geometry": {
        "type": "Point",
        "coordinates": [
          -114.00485075057658,
          46.67588136994592
        ]
      }
    },
    {
      "type": "Feature",
      "properties": {
        "file": "leg05_m072_b020_2026-06-19T10-42-56.jpg",
        "leg": "leg05",
        "mark_index": 72,
        "along_track_m": 72.0,
        "achieved_heading": 19.647996512454995,
        "target_bearing": 20.072667433684614,
        "fix_type": 6,
        "hacc_m": 0.014,
        "corrupt": false,
        "position_interpolated": true,
        "captured_at_utc": "2026-06-19T16:42:56.844053+00:00"
      },
      "geometry": {
        "type": "Point",
        "coordinates": [
          -114.00484691119948,
          46.6758890886869
        ]
      }
    },
    {
      "type": "Feature",
      "properties": {
        "file": "leg05_m073_b020_2026-06-19T10-42-58.jpg",
        "leg": "leg05",
        "mark_index": 73,
        "along_track_m": 73.0,
        "achieved_heading": 20.508597121056596,
        "target_bearing": 20.072667433684614,
        "fix_type": 6,
        "hacc_m": 0.014,
        "corrupt": false,
        "position_interpolated": true,
        "captured_at_utc": "2026-06-19T16:42:57.741576+00:00"
      },
      "geometry": {
        "type": "Point",
        "coordinates": [
          -114.00484305256072,
          46.67589648433649
        ]
      }
    },
    {
      "type": "Feature",
      "properties": {
        "file": "leg05_m077_b020_2026-06-19T10-43-14.jpg",
        "leg": "leg05",
        "mark_index": 77,
        "along_track_m": 77.0,
        "achieved_heading": 22.843742919214435,
        "target_bearing": 20.072667433684614,
        "fix_type": 6,
        "hacc_m": 0.014,
        "corrupt": false,
        "position_interpolated": true,
        "captured_at_utc": "2026-06-19T16:43:13.547195+00:00"
      },
      "geometry": {
        "type": "Point",
        "coordinates": [
          -114.0048238,
          46.67593440642025
        ]
      }
    },
    {
      "type": "Feature",
      "properties": {
        "file": "leg05_m078_b020_2026-06-19T10-43-15.jpg",
        "leg": "leg05",
        "mark_index": 78,
        "along_track_m": 78.0,
        "achieved_heading": 19.370180750862914,
        "target_bearing": 20.072667433684614,
        "fix_type": 6,
        "hacc_m": 0.014,
        "corrupt": false,
        "position_interpolated": true,
        "captured_at_utc": "2026-06-19T16:43:15.718777+00:00"
      },
      "geometry": {
        "type": "Point",
        "coordinates": [
          -114.00482016581125,
          46.675940723220194
        ]
      }
    },
    {
      "type": "Feature",
      "properties": {
        "file": "leg05_m079_b020_2026-06-19T10-43-16.jpg",
        "leg": "leg05",
        "mark_index": 79,
        "along_track_m": 79.0,
        "achieved_heading": 18.88816086343644,
        "target_bearing": 20.072667433684614,
        "fix_type": 6,
        "hacc_m": 0.014,
        "corrupt": false,
        "position_interpolated": true,
        "captured_at_utc": "2026-06-19T16:43:16.869738+00:00"
      },
      "geometry": {
        "type": "Point",
        "coordinates": [
          -114.00481579999999,
          46.6759492
        ]
      }
    },
    {
      "type": "Feature",
      "properties": {
        "file": "leg05_m080_b020_2026-06-19T10-43-17.jpg",
        "leg": "leg05",
        "mark_index": 80,
        "along_track_m": 80.0,
        "achieved_heading": 18.369864403274676,
        "target_bearing": 20.072667433684614,
        "fix_type": 6,
        "hacc_m": 0.014,
        "corrupt": false,
        "position_interpolated": true,
        "captured_at_utc": "2026-06-19T16:43:17.544686+00:00"
      },
      "geometry": {
        "type": "Point",
        "coordinates": [
          -114.00481214955468,
          46.67595578968056
        ]
      }
    },
    {
      "type": "Feature",
      "properties": {
        "file": "leg05_m081_b020_2026-06-19T10-43-18.jpg",
        "leg": "leg05",
        "mark_index": 81,
        "along_track_m": 81.0,
        "achieved_heading": 19.37209884849966,
        "target_bearing": 20.072667433684614,
        "fix_type": 6,
        "hacc_m": 0.014,
        "corrupt": false,
        "position_interpolated": true,
        "captured_at_utc": "2026-06-19T16:43:18.742834+00:00"
      },
      "geometry": {
        "type": "Point",
        "coordinates": [
          -114.00480684433319,
          46.67596558096989
        ]
      }
    },
    {
      "type": "Feature",
      "properties": {
        "file": "leg05_m083_b020_2026-06-19T10-43-25.jpg",
        "leg": "leg05",
        "mark_index": 83,
        "along_track_m": 83.0,
        "achieved_heading": 16.70756548238336,
        "target_bearing": 20.072667433684614,
        "fix_type": 6,
        "hacc_m": 0.014,
        "corrupt": false,
        "position_interpolated": true,
        "captured_at_utc": "2026-06-19T16:43:24.123266+00:00"
      },
      "geometry": {
        "type": "Point",
        "coordinates": [
          -114.00479779999999,
          46.6759845
        ]
      }
    },
    {
      "type": "Feature",
      "properties": {
        "file": "leg05_m084_b020_2026-06-19T10-43-26.jpg",
        "leg": "leg05",
        "mark_index": 84,
        "along_track_m": 84.0,
        "achieved_heading": 20.230353447288394,
        "target_bearing": 20.072667433684614,
        "fix_type": 6,
        "hacc_m": 0.014,
        "corrupt": false,
        "position_interpolated": true,
        "captured_at_utc": "2026-06-19T16:43:26.238874+00:00"
      },
      "geometry": {
        "type": "Point",
        "coordinates": [
          -114.0047937,
          46.6759914
        ]
      }
    },
    {
      "type": "Feature",
      "properties": {
        "file": "leg05_m085_b020_2026-06-19T10-43-27.jpg",
        "leg": "leg05",
        "mark_index": 85,
        "along_track_m": 85.0,
        "achieved_heading": 20.579864771594316,
        "target_bearing": 20.072667433684614,
        "fix_type": 6,
        "hacc_m": 0.014,
        "corrupt": false,
        "position_interpolated": true,
        "captured_at_utc": "2026-06-19T16:43:27.296258+00:00"
      },
      "geometry": {
        "type": "Point",
        "coordinates": [
          -114.00478800994297,
          46.676000485085524
        ]
      }
    },
    {
      "type": "Feature",
      "properties": {
        "file": "leg05_m086_b020_2026-06-19T10-43-28.jpg",
        "leg": "leg05",
        "mark_index": 86,
        "along_track_m": 86.0,
        "achieved_heading": 19.058695070060708,
        "target_bearing": 20.072667433684614,
        "fix_type": 6,
        "hacc_m": 0.014,
        "corrupt": false,
        "position_interpolated": true,
        "captured_at_utc": "2026-06-19T16:43:28.329896+00:00"
      },
      "geometry": {
        "type": "Point",
        "coordinates": [
          -114.00478354431884,
          46.67600902465794
        ]
      }
    },
    {
      "type": "Feature",
      "properties": {
        "file": "leg05_m087_b020_2026-06-19T10-43-29.jpg",
        "leg": "leg05",
        "mark_index": 87,
        "along_track_m": 87.0,
        "achieved_heading": 19.48241302514333,
        "target_bearing": 20.072667433684614,
        "fix_type": 6,
        "hacc_m": 0.014,
        "corrupt": false,
        "position_interpolated": true,
        "captured_at_utc": "2026-06-19T16:43:29.037133+00:00"
      },
      "geometry": {
        "type": "Point",
        "coordinates": [
          -114.00478031593171,
          46.676014764153635
        ]
      }
    },
    {
      "type": "Feature",
      "properties": {
        "file": "leg05_m088_b020_2026-06-19T10-43-30.jpg",
        "leg": "leg05",
        "mark_index": 88,
        "along_track_m": 88.0,
        "achieved_heading": 19.19562988787061,
        "target_bearing": 20.072667433684614,
        "fix_type": 6,
        "hacc_m": 0.014,
        "corrupt": false,
        "position_interpolated": true,
        "captured_at_utc": "2026-06-19T16:43:30.284104+00:00"
      },
      "geometry": {
        "type": "Point",
        "coordinates": [
          -114.0047745627121,
          46.67602477966062
        ]
      }
    },
    {
      "type": "Feature",
      "properties": {
        "file": "leg05_m089_b020_2026-06-19T10-43-31.jpg",
        "leg": "leg05",
        "mark_index": 89,
        "along_track_m": 89.0,
        "achieved_heading": 18.803154319587122,
        "target_bearing": 20.072667433684614,
        "fix_type": 6,
        "hacc_m": 0.014,
        "corrupt": false,
        "position_interpolated": true,
        "captured_at_utc": "2026-06-19T16:43:31.348139+00:00"
      },
      "geometry": {
        "type": "Point",
        "coordinates": [
          -114.0047699,
          46.6760333
        ]
      }
    },
    {
      "type": "Feature",
      "properties": {
        "file": "leg05_m090_b020_2026-06-19T10-43-32.jpg",
        "leg": "leg05",
        "mark_index": 90,
        "along_track_m": 90.0,
        "achieved_heading": 17.107360399786558,
        "target_bearing": 20.072667433684614,
        "fix_type": 6,
        "hacc_m": 0.014,
        "corrupt": false,
        "position_interpolated": true,
        "captured_at_utc": "2026-06-19T16:43:32.398006+00:00"
      },
      "geometry": {
        "type": "Point",
        "coordinates": [
          -114.00476549999999,
          46.6760417
        ]
      }
    },
    {
      "type": "Feature",
      "properties": {
        "file": "leg05_m091_b020_2026-06-19T10-43-33.jpg",
        "leg": "leg05",
        "mark_index": 91,
        "along_track_m": 91.0,
        "achieved_heading": 17.874509116468744,
        "target_bearing": 20.072667433684614,
        "fix_type": 6,
        "hacc_m": 0.014,
        "corrupt": false,
        "position_interpolated": true,
        "captured_at_utc": "2026-06-19T16:43:33.585955+00:00"
      },
      "geometry": {
        "type": "Point",
        "coordinates": [
          -114.00476019999999,
          46.6760513
        ]
      }
    },
    {
      "type": "Feature",
      "properties": {
        "file": "leg05_m092_b020_2026-06-19T10-43-34.jpg",
        "leg": "leg05",
        "mark_index": 92,
        "along_track_m": 92.0,
        "achieved_heading": 17.25387919272498,
        "target_bearing": 20.072667433684614,
        "fix_type": 6,
        "hacc_m": 0.014,
        "corrupt": false,
        "position_interpolated": true,
        "captured_at_utc": "2026-06-19T16:43:34.499137+00:00"
      },
      "geometry": {
        "type": "Point",
        "coordinates": [
          -114.00475654235224,
          46.67605904411936
        ]
      }
    },
    {
      "type": "Feature",
      "properties": {
        "file": "leg05_m093_b020_2026-06-19T10-43-35.jpg",
        "leg": "leg05",
        "mark_index": 93,
        "along_track_m": 93.0,
        "achieved_heading": 17.087835621022975,
        "target_bearing": 20.072667433684614,
        "fix_type": 6,
        "hacc_m": 0.014,
        "corrupt": false,
        "position_interpolated": true,
        "captured_at_utc": "2026-06-19T16:43:35.536801+00:00"
      },
      "geometry": {
        "type": "Point",
        "coordinates": [
          -114.00475259999999,
          46.676067599999996
        ]
      }
    },
    {
      "type": "Feature",
      "properties": {
        "file": "leg05_m094_b020_2026-06-19T10-43-36.jpg",
        "leg": "leg05",
        "mark_index": 94,
        "along_track_m": 94.0,
        "achieved_heading": 19.03733066533823,
        "target_bearing": 20.072667433684614,
        "fix_type": 6,
        "hacc_m": 0.014,
        "corrupt": false,
        "position_interpolated": true,
        "captured_at_utc": "2026-06-19T16:43:36.668600+00:00"
      },
      "geometry": {
        "type": "Point",
        "coordinates": [
          -114.0047484,
          46.6760757
        ]
      }
    },
    {
      "type": "Feature",
      "properties": {
        "file": "leg05_m095_b020_2026-06-19T10-43-37.jpg",
        "leg": "leg05",
        "mark_index": 95,
        "along_track_m": 95.0,
        "achieved_heading": 18.9907204931132,
        "target_bearing": 20.072667433684614,
        "fix_type": 6,
        "hacc_m": 0.014,
        "corrupt": false,
        "position_interpolated": true,
        "captured_at_utc": "2026-06-19T16:43:37.647839+00:00"
      },
      "geometry": {
        "type": "Point",
        "coordinates": [
          -114.00474369999999,
          46.676083999999996
        ]
      }
    },
    {
      "type": "Feature",
      "properties": {
        "file": "leg05_m096_b020_2026-06-19T10-43-38.jpg",
        "leg": "leg05",
        "mark_index": 96,
        "along_track_m": 96.0,
        "achieved_heading": 17.941561615897626,
        "target_bearing": 20.072667433684614,
        "fix_type": 6,
        "hacc_m": 0.014,
        "corrupt": false,
        "position_interpolated": true,
        "captured_at_utc": "2026-06-19T16:43:38.690605+00:00"
      },
      "geometry": {
        "type": "Point",
        "coordinates": [
          -114.00473840069515,
          46.67609354320861
        ]
      }
    },
    {
      "type": "Feature",
      "properties": {
        "file": "leg05_m097_b020_2026-06-19T10-43-39.jpg",
        "leg": "leg05",
        "mark_index": 97,
        "along_track_m": 97.0,
        "achieved_heading": 17.5885141328057,
        "target_bearing": 20.072667433684614,
        "fix_type": 6,
        "hacc_m": 0.014,
        "corrupt": false,
        "position_interpolated": true,
        "captured_at_utc": "2026-06-19T16:43:39.666001+00:00"
      },
      "geometry": {
        "type": "Point",
        "coordinates": [
          -114.00473430394106,
          46.67610125615715
        ]
      }
    },
    {
      "type": "Feature",
      "properties": {
        "file": "leg05_m098_b020_2026-06-19T10-43-40.jpg",
        "leg": "leg05",
        "mark_index": 98,
        "along_track_m": 98.0,
        "achieved_heading": 18.03854899763985,
        "target_bearing": 20.072667433684614,
        "fix_type": 6,
        "hacc_m": 0.014,
        "corrupt": false,
        "position_interpolated": true,
        "captured_at_utc": "2026-06-19T16:43:40.733858+00:00"
      },
      "geometry": {
        "type": "Point",
        "coordinates": [
          -114.00472994497292,
          46.67610989881092
        ]
      }
    },
    {
      "type": "Feature",
      "properties": {
        "file": "leg05_m099_b020_2026-06-19T10-43-41.jpg",
        "leg": "leg05",
        "mark_index": 99,
        "along_track_m": 99.0,
        "achieved_heading": 19.489763993577526,
        "target_bearing": 20.072667433684614,
        "fix_type": 6,
        "hacc_m": 0.014,
        "corrupt": false,
        "position_interpolated": true,
        "captured_at_utc": "2026-06-19T16:43:41.842107+00:00"
      },
      "geometry": {
        "type": "Point",
        "coordinates": [
          -114.00472549999999,
          46.6761183
        ]
      }
    },
    {
      "type": "Feature",
      "properties": {
        "file": "leg05_m100_b020_2026-06-19T10-43-42.jpg",
        "leg": "leg05",
        "mark_index": 100,
        "along_track_m": 100.0,
        "achieved_heading": 20.266665250374615,
        "target_bearing": 20.072667433684614,
        "fix_type": 6,
        "hacc_m": 0.014,
        "corrupt": false,
        "position_interpolated": true,
        "captured_at_utc": "2026-06-19T16:43:42.773326+00:00"
      },
      "geometry": {
        "type": "Point",
        "coordinates": [
          -114.0047209,
          46.676126499999995
        ]
      }
    },
    {
      "type": "Feature",
      "properties": {
        "file": "leg05_m101_b020_2026-06-19T10-43-43.jpg",
        "leg": "leg05",
        "mark_index": 101,
        "along_track_m": 101.0,
        "achieved_heading": 19.091756981916717,
        "target_bearing": 20.072667433684614,
        "fix_type": 6,
        "hacc_m": 0.014,
        "corrupt": false,
        "position_interpolated": true,
        "captured_at_utc": "2026-06-19T16:43:43.805545+00:00"
      },
      "geometry": {
        "type": "Point",
        "coordinates": [
          -114.00471619999999,
          46.6761346
        ]
      }
    },
    {
      "type": "Feature",
      "properties": {
        "file": "leg05_m102_b020_2026-06-19T10-43-44.jpg",
        "leg": "leg05",
        "mark_index": 102,
        "along_track_m": 102.0,
        "achieved_heading": 17.41177894560468,
        "target_bearing": 20.072667433684614,
        "fix_type": 6,
        "hacc_m": 0.014,
        "corrupt": false,
        "position_interpolated": true,
        "captured_at_utc": "2026-06-19T16:43:44.848336+00:00"
      },
      "geometry": {
        "type": "Point",
        "coordinates": [
          -114.0047116,
          46.676142999999996
        ]
      }
    },
    {
      "type": "Feature",
      "properties": {
        "file": "leg05_m103_b020_2026-06-19T10-43-45.jpg",
        "leg": "leg05",
        "mark_index": 103,
        "along_track_m": 103.0,
        "achieved_heading": 18.026389005160468,
        "target_bearing": 20.072667433684614,
        "fix_type": 6,
        "hacc_m": 0.014,
        "corrupt": false,
        "position_interpolated": true,
        "captured_at_utc": "2026-06-19T16:43:45.764838+00:00"
      },
      "geometry": {
        "type": "Point",
        "coordinates": [
          -114.0047075,
          46.676151499999996
        ]
      }
    },
    {
      "type": "Feature",
      "properties": {
        "file": "leg05_m104_b020_2026-06-19T10-43-46.jpg",
        "leg": "leg05",
        "mark_index": 104,
        "along_track_m": 104.0,
        "achieved_heading": 19.118849658590307,
        "target_bearing": 20.072667433684614,
        "fix_type": 6,
        "hacc_m": 0.014,
        "corrupt": false,
        "position_interpolated": true,
        "captured_at_utc": "2026-06-19T16:43:46.807518+00:00"
      },
      "geometry": {
        "type": "Point",
        "coordinates": [
          -114.00470288413989,
          46.676160571202736
        ]
      }
    },
    {
      "type": "Feature",
      "properties": {
        "file": "leg05_m105_b020_2026-06-19T10-43-48.jpg",
        "leg": "leg05",
        "mark_index": 105,
        "along_track_m": 105.0,
        "achieved_heading": 19.734532295140298,
        "target_bearing": 20.072667433684614,
        "fix_type": 6,
        "hacc_m": 0.014,
        "corrupt": false,
        "position_interpolated": true,
        "captured_at_utc": "2026-06-19T16:43:47.928550+00:00"
      },
      "geometry": {
        "type": "Point",
        "coordinates": [
          -114.00469812469512,
          46.676169747522856
        ]
      }
    },
    {
      "type": "Feature",
      "properties": {
        "file": "leg05_m106_b020_2026-06-19T10-43-49.jpg",
        "leg": "leg05",
        "mark_index": 106,
        "along_track_m": 106.0,
        "achieved_heading": 19.93677964035328,
        "target_bearing": 20.072667433684614,
        "fix_type": 6,
        "hacc_m": 0.014,
        "corrupt": false,
        "position_interpolated": true,
        "captured_at_utc": "2026-06-19T16:43:48.981950+00:00"
      },
      "geometry": {
        "type": "Point",
        "coordinates": [
          -114.0046936,
          46.676178
        ]
      }
    },
    {
      "type": "Feature",
      "properties": {
        "file": "leg05_m107_b020_2026-06-19T10-43-49.jpg",
        "leg": "leg05",
        "mark_index": 107,
        "along_track_m": 107.0,
        "achieved_heading": 22.02626544373186,
        "target_bearing": 20.072667433684614,
        "fix_type": 6,
        "hacc_m": 0.014,
        "corrupt": false,
        "position_interpolated": true,
        "captured_at_utc": "2026-06-19T16:43:49.901757+00:00"
      },
      "geometry": {
        "type": "Point",
        "coordinates": [
          -114.00468906949493,
          46.676185938053266
        ]
      }
    },
    {
      "type": "Feature",
      "properties": {
        "file": "leg05_m108_b020_2026-06-19T10-43-51.jpg",
        "leg": "leg05",
        "mark_index": 108,
        "along_track_m": 108.0,
        "achieved_heading": 21.232283326038328,
        "target_bearing": 20.072667433684614,
        "fix_type": 6,
        "hacc_m": 0.014,
        "corrupt": false,
        "position_interpolated": true,
        "captured_at_utc": "2026-06-19T16:43:50.941629+00:00"
      },
      "geometry": {
        "type": "Point",
        "coordinates": [
          -114.0046837,
          46.6761943
        ]
      }
    },
    {
      "type": "Feature",
      "properties": {
        "file": "leg05_m109_b020_2026-06-19T10-43-51.jpg",
        "leg": "leg05",
        "mark_index": 109,
        "along_track_m": 109.0,
        "achieved_heading": 19.393309685537076,
        "target_bearing": 20.072667433684614,
        "fix_type": 6,
        "hacc_m": 0.014,
        "corrupt": false,
        "position_interpolated": true,
        "captured_at_utc": "2026-06-19T16:43:51.855306+00:00"
      },
      "geometry": {
        "type": "Point",
        "coordinates": [
          -114.0046797073763,
          46.67620203650791
        ]
      }
    },
    {
      "type": "Feature",
      "properties": {
        "file": "leg05_m110_b020_2026-06-19T10-43-53.jpg",
        "leg": "leg05",
        "mark_index": 110,
        "along_track_m": 110.0,
        "achieved_heading": 18.128718505268125,
        "target_bearing": 20.072667433684614,
        "fix_type": 6,
        "hacc_m": 0.014,
        "corrupt": false,
        "position_interpolated": true,
        "captured_at_utc": "2026-06-19T16:43:52.843368+00:00"
      },
      "geometry": {
        "type": "Point",
        "coordinates": [
          -114.00467510991093,
          46.676210211955826
        ]
      }
    },
    {
      "type": "Feature",
      "properties": {
        "file": "leg05_m111_b020_2026-06-19T10-43-53.jpg",
        "leg": "leg05",
        "mark_index": 111,
        "along_track_m": 111.0,
        "achieved_heading": 17.61196094525917,
        "target_bearing": 20.072667433684614,
        "fix_type": 6,
        "hacc_m": 0.014,
        "corrupt": false,
        "position_interpolated": true,
        "captured_at_utc": "2026-06-19T16:43:53.972381+00:00"
      },
      "geometry": {
        "type": "Point",
        "coordinates": [
          -114.0046708,
          46.676219499999995
        ]
      }
    },
    {
      "type": "Feature",
      "properties": {
        "file": "leg05_m113_b020_2026-06-19T10-44-00.jpg",
        "leg": "leg05",
        "mark_index": 113,
        "along_track_m": 113.0,
        "achieved_heading": 18.6522805058151,
        "target_bearing": 20.072667433684614,
        "fix_type": 6,
        "hacc_m": 0.014,
        "corrupt": false,
        "position_interpolated": true,
        "captured_at_utc": "2026-06-19T16:43:59.347701+00:00"
      },
      "geometry": {
        "type": "Point",
        "coordinates": [
          -114.00466259999999,
          46.6762379
        ]
      }
    },
    {
      "type": "Feature",
      "properties": {
        "file": "leg05_m114_b020_2026-06-19T10-44-01.jpg",
        "leg": "leg05",
        "mark_index": 114,
        "along_track_m": 114.0,
        "achieved_heading": 20.721975315284908,
        "target_bearing": 20.072667433684614,
        "fix_type": 6,
        "hacc_m": 0.014,
        "corrupt": false,
        "position_interpolated": true,
        "captured_at_utc": "2026-06-19T16:44:01.584576+00:00"
      },
      "geometry": {
        "type": "Point",
        "coordinates": [
          -114.0046581,
          46.6762454
        ]
      }
    },
    {
      "type": "Feature",
      "properties": {
        "file": "leg05_m115_b020_2026-06-19T10-44-02.jpg",
        "leg": "leg05",
        "mark_index": 115,
        "along_track_m": 115.0,
        "achieved_heading": 20.429777862595415,
        "target_bearing": 20.072667433684614,
        "fix_type": 6,
        "hacc_m": 0.014,
        "corrupt": false,
        "position_interpolated": true,
        "captured_at_utc": "2026-06-19T16:44:02.581460+00:00"
      },
      "geometry": {
        "type": "Point",
        "coordinates": [
          -114.0046533,
          46.6762535
        ]
      }
    },
    {
      "type": "Feature",
      "properties": {
        "file": "leg05_m116_b020_2026-06-19T10-44-03.jpg",
        "leg": "leg05",
        "mark_index": 116,
        "along_track_m": 116.0,
        "achieved_heading": 19.50523161128831,
        "target_bearing": 20.072667433684614,
        "fix_type": 6,
        "hacc_m": 0.014,
        "corrupt": false,
        "position_interpolated": true,
        "captured_at_utc": "2026-06-19T16:44:03.620766+00:00"
      },
      "geometry": {
        "type": "Point",
        "coordinates": [
          -114.00464891925078,
          46.67626187688748
        ]
      }
    },
    {
      "type": "Feature",
      "properties": {
        "file": "leg05_m117_b020_2026-06-19T10-44-04.jpg",
        "leg": "leg05",
        "mark_index": 117,
        "along_track_m": 117.0,
        "achieved_heading": 19.522149622895313,
        "target_bearing": 20.072667433684614,
        "fix_type": 6,
        "hacc_m": 0.014,
        "corrupt": false,
        "position_interpolated": true,
        "captured_at_utc": "2026-06-19T16:44:04.744152+00:00"
      },
      "geometry": {
        "type": "Point",
        "coordinates": [
          -114.00464389999999,
          46.6762709
        ]
      }
    },
    {
      "type": "Feature",
      "properties": {
        "file": "leg05_m118_b020_2026-06-19T10-44-05.jpg",
        "leg": "leg05",
        "mark_index": 118,
        "along_track_m": 118.0,
        "achieved_heading": 19.10606705846652,
        "target_bearing": 20.072667433684614,
        "fix_type": 6,
        "hacc_m": 0.014,
        "corrupt": false,
        "position_interpolated": true,
        "captured_at_utc": "2026-06-19T16:44:05.721873+00:00"
      },
      "geometry": {
        "type": "Point",
        "coordinates": [
          -114.00463953784583,
          46.67627881890177
        ]
      }
    },
    {
      "type": "Feature",
      "properties": {
        "file": "leg05_m119_b020_2026-06-19T10-44-06.jpg",
        "leg": "leg05",
        "mark_index": 119,
        "along_track_m": 119.0,
        "achieved_heading": 17.42273447586257,
        "target_bearing": 20.072667433684614,
        "fix_type": 6,
        "hacc_m": 0.014,
        "corrupt": false,
        "position_interpolated": true,
        "captured_at_utc": "2026-06-19T16:44:06.835011+00:00"
      },
      "geometry": {
        "type": "Point",
        "coordinates": [
          -114.0046356,
          46.676286999999995
        ]
      }
    },
    {
      "type": "Feature",
      "properties": {
        "file": "leg05_m120_b020_2026-06-19T10-44-07.jpg",
        "leg": "leg05",
        "mark_index": 120,
        "along_track_m": 120.0,
        "achieved_heading": 19.667447931680556,
        "target_bearing": 20.072667433684614,
        "fix_type": 6,
        "hacc_m": 0.014,
        "corrupt": false,
        "position_interpolated": true,
        "captured_at_utc": "2026-06-19T16:44:07.745779+00:00"
      },
      "geometry": {
        "type": "Point",
        "coordinates": [
          -114.0046311,
          46.6762952
        ]
      }
    },
    {
      "type": "Feature",
      "properties": {
        "file": "leg05_m121_b020_2026-06-19T10-44-08.jpg",
        "leg": "leg05",
        "mark_index": 121,
        "along_track_m": 121.0,
        "achieved_heading": 19.80845166407039,
        "target_bearing": 20.072667433684614,
        "fix_type": 6,
        "hacc_m": 0.014,
        "corrupt": false,
        "position_interpolated": true,
        "captured_at_utc": "2026-06-19T16:44:08.800994+00:00"
      },
      "geometry": {
        "type": "Point",
        "coordinates": [
          -114.00462632955158,
          46.676303807090775
        ]
      }
    },
    {
      "type": "Feature",
      "properties": {
        "file": "leg05_m122_b020_2026-06-19T10-44-10.jpg",
        "leg": "leg05",
        "mark_index": 122,
        "along_track_m": 122.0,
        "achieved_heading": 17.5693028243673,
        "target_bearing": 20.072667433684614,
        "fix_type": 6,
        "hacc_m": 0.014,
        "corrupt": false,
        "position_interpolated": true,
        "captured_at_utc": "2026-06-19T16:44:09.919481+00:00"
      },
      "geometry": {
        "type": "Point",
        "coordinates": [
          -114.00462144871524,
          46.67631260256951
        ]
      }
    },
    {
      "type": "Feature",
      "properties": {
        "file": "leg05_m123_b020_2026-06-19T10-44-11.jpg",
        "leg": "leg05",
        "mark_index": 123,
        "along_track_m": 123.0,
        "achieved_heading": 18.044154240739203,
        "target_bearing": 20.072667433684614,
        "fix_type": 6,
        "hacc_m": 0.014,
        "corrupt": false,
        "position_interpolated": true,
        "captured_at_utc": "2026-06-19T16:44:10.978696+00:00"
      },
      "geometry": {
        "type": "Point",
        "coordinates": [
          -114.004617,
          46.676321099999996
        ]
      }
    },
    {
      "type": "Feature",
      "properties": {
        "file": "leg05_m124_b020_2026-06-19T10-44-11.jpg",
        "leg": "leg05",
        "mark_index": 124,
        "along_track_m": 124.0,
        "achieved_heading": 20.30465181641273,
        "target_bearing": 20.072667433684614,
        "fix_type": 6,
        "hacc_m": 0.014,
        "corrupt": false,
        "position_interpolated": true,
        "captured_at_utc": "2026-06-19T16:44:11.959070+00:00"
      },
      "geometry": {
        "type": "Point",
        "coordinates": [
          -114.0046126,
          46.676328999999996
        ]
      }
    },
    {
      "type": "Feature",
      "properties": {
        "file": "leg05_m125_b020_2026-06-19T10-44-13.jpg",
        "leg": "leg05",
        "mark_index": 125,
        "along_track_m": 125.0,
        "achieved_heading": 19.64984564051315,
        "target_bearing": 20.072667433684614,
        "fix_type": 6,
        "hacc_m": 0.014,
        "corrupt": false,
        "position_interpolated": true,
        "captured_at_utc": "2026-06-19T16:44:13.004901+00:00"
      },
      "geometry": {
        "type": "Point",
        "coordinates": [
          -114.00460789531247,
          46.676337609375025
        ]
      }
    },
    {
      "type": "Feature",
      "properties": {
        "file": "leg05_m126_b020_2026-06-19T10-44-14.jpg",
        "leg": "leg05",
        "mark_index": 126,
        "along_track_m": 126.0,
        "achieved_heading": 20.463415922895706,
        "target_bearing": 20.072667433684614,
        "fix_type": 6,
        "hacc_m": 0.014,
        "corrupt": false,
        "position_interpolated": true,
        "captured_at_utc": "2026-06-19T16:44:14.116584+00:00"
      },
      "geometry": {
        "type": "Point",
        "coordinates": [
          -114.00460294001168,
          46.67634678497373
        ]
      }
    },
    {
      "type": "Feature",
      "properties": {
        "file": "leg05_m127_b020_2026-06-19T10-44-15.jpg",
        "leg": "leg05",
        "mark_index": 127,
        "along_track_m": 127.0,
        "achieved_heading": 19.590291872761327,
        "target_bearing": 20.072667433684614,
        "fix_type": 6,
        "hacc_m": 0.014,
        "corrupt": false,
        "position_interpolated": true,
        "captured_at_utc": "2026-06-19T16:44:15.118650+00:00"
      },
      "geometry": {
        "type": "Point",
        "coordinates": [
          -114.00459850595249,
          46.676354988095
        ]
      }
    },
    {
      "type": "Feature",
      "properties": {
        "file": "leg05_m128_b020_2026-06-19T10-44-16.jpg",
        "leg": "leg05",
        "mark_index": 128,
        "along_track_m": 128.0,
        "achieved_heading": 20.1911628504252,
        "target_bearing": 20.072667433684614,
        "fix_type": 6,
        "hacc_m": 0.014,
        "corrupt": false,
        "position_interpolated": true,
        "captured_at_utc": "2026-06-19T16:44:16.081851+00:00"
      },
      "geometry": {
        "type": "Point",
        "coordinates": [
          -114.00459438529066,
          46.67636262451556
        ]
      }
    },
    {
      "type": "Feature",
      "properties": {
        "file": "leg05_m129_b020_2026-06-19T10-44-17.jpg",
        "leg": "leg05",
        "mark_index": 129,
        "along_track_m": 129.0,
        "achieved_heading": 19.5511144369313,
        "target_bearing": 20.072667433684614,
        "fix_type": 6,
        "hacc_m": 0.014,
        "corrupt": false,
        "position_interpolated": true,
        "captured_at_utc": "2026-06-19T16:44:17.199649+00:00"
      },
      "geometry": {
        "type": "Point",
        "coordinates": [
          -114.0045895,
          46.676371599999996
        ]
      }
    },
    {
      "type": "Feature",
      "properties": {
        "file": "leg05_m130_b020_2026-06-19T10-44-18.jpg",
        "leg": "leg05",
        "mark_index": 130,
        "along_track_m": 130.0,
        "achieved_heading": 20.370935517125986,
        "target_bearing": 20.072667433684614,
        "fix_type": 6,
        "hacc_m": 0.014,
        "corrupt": false,
        "position_interpolated": true,
        "captured_at_utc": "2026-06-19T16:44:18.245281+00:00"
      },
      "geometry": {
        "type": "Point",
        "coordinates": [
          -114.0045851,
          46.6763799
        ]
      }
    },
    {
      "type": "Feature",
      "properties": {
        "file": "leg05_m131_b020_2026-06-19T10-44-19.jpg",
        "leg": "leg05",
        "mark_index": 131,
        "along_track_m": 131.0,
        "achieved_heading": 18.943558281517426,
        "target_bearing": 20.072667433684614,
        "fix_type": 6,
        "hacc_m": 0.014,
        "corrupt": false,
        "position_interpolated": true,
        "captured_at_utc": "2026-06-19T16:44:19.165579+00:00"
      },
      "geometry": {
        "type": "Point",
        "coordinates": [
          -114.00458069999999,
          46.676387999999996
        ]
      }
    },
    {
      "type": "Feature",
      "properties": {
        "file": "leg05_m132_b020_2026-06-19T10-44-20.jpg",
        "leg": "leg05",
        "mark_index": 132,
        "along_track_m": 132.0,
        "achieved_heading": 18.30532283525463,
        "target_bearing": 20.072667433684614,
        "fix_type": 6,
        "hacc_m": 0.014,
        "corrupt": false,
        "position_interpolated": true,
        "captured_at_utc": "2026-06-19T16:44:20.145807+00:00"
      },
      "geometry": {
        "type": "Point",
        "coordinates": [
          -114.00457642259171,
          46.6763964519926
        ]
      }
    },
    {
      "type": "Feature",
      "properties": {
        "file": "leg05_m133_b020_2026-06-19T10-44-21.jpg",
        "leg": "leg05",
        "mark_index": 133,
        "along_track_m": 133.0,
        "achieved_heading": 19.697958160224232,
        "target_bearing": 20.072667433684614,
        "fix_type": 6,
        "hacc_m": 0.014,
        "corrupt": false,
        "position_interpolated": true,
        "captured_at_utc": "2026-06-19T16:44:21.195794+00:00"
      },
      "geometry": {
        "type": "Point",
        "coordinates": [
          -114.00457189999999,
          46.6764047
        ]
      }
    },
    {
      "type": "Feature",
      "properties": {
        "file": "leg05_m134_b020_2026-06-19T10-44-22.jpg",
        "leg": "leg05",
        "mark_index": 134,
        "along_track_m": 134.0,
        "achieved_heading": 20.879616865895002,
        "target_bearing": 20.072667433684614,
        "fix_type": 6,
        "hacc_m": 0.014,
        "corrupt": false,
        "position_interpolated": true,
        "captured_at_utc": "2026-06-19T16:44:22.308800+00:00"
      },
      "geometry": {
        "type": "Point",
        "coordinates": [
          -114.00456724388448,
          46.67641412821819
        ]
      }
    },
    {
      "type": "Feature",
      "properties": {
        "file": "leg05_m135_b020_2026-06-19T10-44-23.jpg",
        "leg": "leg05",
        "mark_index": 135,
        "along_track_m": 135.0,
        "achieved_heading": 21.339445284979945,
        "target_bearing": 20.072667433684614,
        "fix_type": 6,
        "hacc_m": 0.014,
        "corrupt": false,
        "position_interpolated": true,
        "captured_at_utc": "2026-06-19T16:44:23.363361+00:00"
      },
      "geometry": {
        "type": "Point",
        "coordinates": [
          -114.00456229999999,
          46.676422599999995
        ]
      }
    },
    {
      "type": "Feature",
      "properties": {
        "file": "leg05_m136_b020_2026-06-19T10-44-24.jpg",
        "leg": "leg05",
        "mark_index": 136,
        "along_track_m": 136.0,
        "achieved_heading": 19.72273234153613,
        "target_bearing": 20.072667433684614,
        "fix_type": 6,
        "hacc_m": 0.014,
        "corrupt": false,
        "position_interpolated": true,
        "captured_at_utc": "2026-06-19T16:44:24.271195+00:00"
      },
      "geometry": {
        "type": "Point",
        "coordinates": [
          -114.00455778177468,
          46.676430244691375
        ]
      }
    },
    {
      "type": "Feature",
      "properties": {
        "file": "leg05_m137_b020_2026-06-19T10-44-25.jpg",
        "leg": "leg05",
        "mark_index": 137,
        "along_track_m": 137.0,
        "achieved_heading": 17.032949897944718,
        "target_bearing": 20.072667433684614,
        "fix_type": 6,
        "hacc_m": 0.014,
        "corrupt": false,
        "position_interpolated": true,
        "captured_at_utc": "2026-06-19T16:44:25.324592+00:00"
      },
      "geometry": {
        "type": "Point",
        "coordinates": [
          -114.00455375042945,
          46.67643890544474
        ]
      }
    },
    {
      "type": "Feature",
      "properties": {
        "file": "leg05_m138_b020_2026-06-19T10-44-26.jpg",
        "leg": "leg05",
        "mark_index": 138,
        "along_track_m": 138.0,
        "achieved_heading": 19.289058915619478,
        "target_bearing": 20.072667433684614,
        "fix_type": 6,
        "hacc_m": 0.014,
        "corrupt": false,
        "position_interpolated": true,
        "captured_at_utc": "2026-06-19T16:44:26.443738+00:00"
      },
      "geometry": {
        "type": "Point",
        "coordinates": [
          -114.0045497,
          46.6764472
        ]
      }
    },
    {
      "type": "Feature",
      "properties": {
        "file": "leg05_m139_b020_2026-06-19T10-44-27.jpg",
        "leg": "leg05",
        "mark_index": 139,
        "along_track_m": 139.0,
        "achieved_heading": 19.851959937526544,
        "target_bearing": 20.072667433684614,
        "fix_type": 6,
        "hacc_m": 0.014,
        "corrupt": false,
        "position_interpolated": true,
        "captured_at_utc": "2026-06-19T16:44:27.354261+00:00"
      },
      "geometry": {
        "type": "Point",
        "coordinates": [
          -114.004545,
          46.676455399999995
        ]
      }
    },
    {
      "type": "Feature",
      "properties": {
        "file": "leg05_m140_b020_2026-06-19T10-44-28.jpg",
        "leg": "leg05",
        "mark_index": 140,
        "along_track_m": 140.0,
        "achieved_heading": 18.747780208901588,
        "target_bearing": 20.072667433684614,
        "fix_type": 6,
        "hacc_m": 0.014,
        "corrupt": false,
        "position_interpolated": true,
        "captured_at_utc": "2026-06-19T16:44:28.403048+00:00"
      },
      "geometry": {
        "type": "Point",
        "coordinates": [
          -114.00453999254482,
          46.67646416118274
        ]
      }
    },
    {
      "type": "Feature",
      "properties": {
        "file": "leg05_m141_b020_2026-06-19T10-44-29.jpg",
        "leg": "leg05",
        "mark_index": 141,
        "along_track_m": 141.0,
        "achieved_heading": 18.71495231069042,
        "target_bearing": 20.072667433684614,
        "fix_type": 6,
        "hacc_m": 0.014,
        "corrupt": false,
        "position_interpolated": true,
        "captured_at_utc": "2026-06-19T16:44:29.533052+00:00"
      },
      "geometry": {
        "type": "Point",
        "coordinates": [
          -114.00453521030357,
          46.67647358053769
        ]
      }
    },
    {
      "type": "Feature",
      "properties": {
        "file": "leg05_m142_b020_2026-06-19T10-44-30.jpg",
        "leg": "leg05",
        "mark_index": 142,
        "along_track_m": 142.0,
        "achieved_heading": 18.072906543499414,
        "target_bearing": 20.072667433684614,
        "fix_type": 6,
        "hacc_m": 0.014,
        "corrupt": false,
        "position_interpolated": true,
        "captured_at_utc": "2026-06-19T16:44:30.580920+00:00"
      },
      "geometry": {
        "type": "Point",
        "coordinates": [
          -114.004531,
          46.676481599999995
        ]
      }
    },
    {
      "type": "Feature",
      "properties": {
        "file": "leg05_m143_b020_2026-06-19T10-44-31.jpg",
        "leg": "leg05",
        "mark_index": 143,
        "along_track_m": 143.0,
        "achieved_heading": 19.094230893746442,
        "target_bearing": 20.072667433684614,
        "fix_type": 6,
        "hacc_m": 0.014,
        "corrupt": false,
        "position_interpolated": true,
        "captured_at_utc": "2026-06-19T16:44:31.488724+00:00"
      },
      "geometry": {
        "type": "Point",
        "coordinates": [
          -114.0045267709226,
          46.67648958490226
        ]
      }
    },
    {
      "type": "Feature",
      "properties": {
        "file": "leg05_m144_b020_2026-06-19T10-44-32.jpg",
        "leg": "leg05",
        "mark_index": 144,
        "along_track_m": 144.0,
        "achieved_heading": 19.224730515896397,
        "target_bearing": 20.072667433684614,
        "fix_type": 6,
        "hacc_m": 0.014,
        "corrupt": false,
        "position_interpolated": true,
        "captured_at_utc": "2026-06-19T16:44:32.539273+00:00"
      },
      "geometry": {
        "type": "Point",
        "coordinates": [
          -114.00452215059015,
          46.676498286172155
        ]
      }
    },
    {
      "type": "Feature",
      "properties": {
        "file": "leg05_m145_b020_2026-06-19T10-44-33.jpg",
        "leg": "leg05",
        "mark_index": 145,
        "along_track_m": 145.0,
        "achieved_heading": 20.157258402352227,
        "target_bearing": 20.072667433684614,
        "fix_type": 6,
        "hacc_m": 0.014,
        "corrupt": false,
        "position_interpolated": true,
        "captured_at_utc": "2026-06-19T16:44:33.523570+00:00"
      },
      "geometry": {
        "type": "Point",
        "coordinates": [
          -114.00451774767643,
          46.67650660994452
        ]
      }
    },
    {
      "type": "Feature",
      "properties": {
        "file": "leg05_m146_b020_2026-06-19T10-44-34.jpg",
        "leg": "leg05",
        "mark_index": 146,
        "along_track_m": 146.0,
        "achieved_heading": 20.322169025329515,
        "target_bearing": 20.072667433684614,
        "fix_type": 6,
        "hacc_m": 0.014,
        "corrupt": false,
        "position_interpolated": true,
        "captured_at_utc": "2026-06-19T16:44:34.558880+00:00"
      },
      "geometry": {
        "type": "Point",
        "coordinates": [
          -114.0045131,
          46.6765148
        ]
      }
    },
    {
      "type": "Feature",
      "properties": {
        "file": "leg05_m147_b020_2026-06-19T10-44-35.jpg",
        "leg": "leg05",
        "mark_index": 147,
        "along_track_m": 147.0,
        "achieved_heading": 19.22069274041803,
        "target_bearing": 20.072667433684614,
        "fix_type": 6,
        "hacc_m": 0.014,
        "corrupt": false,
        "position_interpolated": true,
        "captured_at_utc": "2026-06-19T16:44:35.627845+00:00"
      },
      "geometry": {
        "type": "Point",
        "coordinates": [
          -114.00450840120118,
          46.676523608975664
        ]
      }
    },
    {
      "type": "Feature",
      "properties": {
        "file": "leg05_m148_b020_2026-06-19T10-44-36.jpg",
        "leg": "leg05",
        "mark_index": 148,
        "along_track_m": 148.0,
        "achieved_heading": 19.416150876613756,
        "target_bearing": 20.072667433684614,
        "fix_type": 6,
        "hacc_m": 0.014,
        "corrupt": false,
        "position_interpolated": true,
        "captured_at_utc": "2026-06-19T16:44:36.399658+00:00"
      },
      "geometry": {
        "type": "Point",
        "coordinates": [
          -114.00450488251668,
          46.6765298617939
        ]
      }
    },
    {
      "type": "Feature",
      "properties": {
        "file": "leg05_m149_b020_2026-06-19T10-44-37.jpg",
        "leg": "leg05",
        "mark_index": 149,
        "along_track_m": 149.0,
        "achieved_heading": 20.829703344990435,
        "target_bearing": 20.072667433684614,
        "fix_type": 6,
        "hacc_m": 0.014,
        "corrupt": false,
        "position_interpolated": true,
        "captured_at_utc": "2026-06-19T16:44:37.311802+00:00"
      },
      "geometry": {
        "type": "Point",
        "coordinates": [
          -114.00450070038812,
          46.676537174126736
        ]
      }
    },
    {
      "type": "Feature",
      "properties": {
        "file": "leg05_m150_b020_2026-06-19T10-44-39.jpg",
        "leg": "leg05",
        "mark_index": 150,
        "along_track_m": 150.0,
        "achieved_heading": 30.862085392989,
        "target_bearing": 20.072667433684614,
        "fix_type": 6,
        "hacc_m": 0.014,
        "corrupt": false,
        "position_interpolated": true,
        "captured_at_utc": "2026-06-19T16:44:38.570741+00:00"
      },
      "geometry": {
        "type": "Point",
        "coordinates": [
          -114.00449500406059,
          46.67654662210471
        ]
      }
    },
    {
      "type": "Feature",
      "properties": {
        "file": "leg06_m000_b290_2026-06-19T10-44-44.jpg",
        "leg": "leg06",
        "mark_index": 0,
        "along_track_m": 0.0,
        "achieved_heading": 288.60785468203784,
        "target_bearing": 290.1904602472284,
        "fix_type": 6,
        "hacc_m": 0.014,
        "corrupt": false,
        "position_interpolated": true,
        "captured_at_utc": "2026-06-19T16:44:44.092025+00:00"
      },
      "geometry": {
        "type": "Point",
        "coordinates": [
          -114.00449259999999,
          46.6765531
        ]
      }
    },
    {
      "type": "Feature",
      "properties": {
        "file": "leg06_m001_b290_2026-06-19T10-44-45.jpg",
        "leg": "leg06",
        "mark_index": 1,
        "along_track_m": 1.0,
        "achieved_heading": 284.1693798262774,
        "target_bearing": 290.1904602472284,
        "fix_type": 6,
        "hacc_m": 0.014,
        "corrupt": false,
        "position_interpolated": true,
        "captured_at_utc": "2026-06-19T16:44:45.277386+00:00"
      },
      "geometry": {
        "type": "Point",
        "coordinates": [
          -114.00450227366231,
          46.67655550930668
        ]
      }
    },
    {
      "type": "Feature",
      "properties": {
        "file": "leg06_m002_b290_2026-06-19T10-44-46.jpg",
        "leg": "leg06",
        "mark_index": 2,
        "along_track_m": 2.0,
        "achieved_heading": 281.22197033656545,
        "target_bearing": 290.1904602472284,
        "fix_type": 6,
        "hacc_m": 0.014,
        "corrupt": false,
        "position_interpolated": true,
        "captured_at_utc": "2026-06-19T16:44:46.341611+00:00"
      },
      "geometry": {
        "type": "Point",
        "coordinates": [
          -114.0045153,
          46.6765584
        ]
      }
    },
    {
      "type": "Feature",
      "properties": {
        "file": "leg06_m003_b290_2026-06-19T10-44-47.jpg",
        "leg": "leg06",
        "mark_index": 3,
        "along_track_m": 3.0,
        "achieved_heading": 278.0429713060616,
        "target_bearing": 290.1904602472284,
        "fix_type": 6,
        "hacc_m": 0.014,
        "corrupt": false,
        "position_interpolated": true,
        "captured_at_utc": "2026-06-19T16:44:47.309908+00:00"
      },
      "geometry": {
        "type": "Point",
        "coordinates": [
          -114.00452753814648,
          46.676560639691075
        ]
      }
    },
    {
      "type": "Feature",
      "properties": {
        "file": "leg06_m004_b290_2026-06-19T10-44-48.jpg",
        "leg": "leg06",
        "mark_index": 4,
        "along_track_m": 4.0,
        "achieved_heading": 278.7009825085996,
        "target_bearing": 290.1904602472284,
        "fix_type": 6,
        "hacc_m": 0.014,
        "corrupt": false,
        "position_interpolated": true,
        "captured_at_utc": "2026-06-19T16:44:48.358738+00:00"
      },
      "geometry": {
        "type": "Point",
        "coordinates": [
          -114.00454049999999,
          46.6765626
        ]
      }
    },
    {
      "type": "Feature",
      "properties": {
        "file": "leg06_m005_b290_2026-06-19T10-44-49.jpg",
        "leg": "leg06",
        "mark_index": 5,
        "along_track_m": 4.818,
        "achieved_heading": 283.9997437223948,
        "target_bearing": 290.1904602472284,
        "fix_type": 6,
        "hacc_m": 0.014,
        "corrupt": false,
        "position_interpolated": true,
        "captured_at_utc": "2026-06-19T16:44:49.132374+00:00"
      },
      "geometry": {
        "type": "Point",
        "coordinates": [
          -114.00455033784112,
          46.67656417297352
        ]
      }
    },
    {
      "type": "Feature",
      "properties": {
        "file": "leg07_m000_b200_2026-06-19T10-44-53.jpg",
        "leg": "leg07",
        "mark_index": 0,
        "along_track_m": 0.0,
        "achieved_heading": 196.44434417506832,
        "target_bearing": 200.07311462936326,
        "fix_type": 6,
        "hacc_m": 0.014,
        "corrupt": false,
        "position_interpolated": true,
        "captured_at_utc": "2026-06-19T16:44:53.476369+00:00"
      },
      "geometry": {
        "type": "Point",
        "coordinates": [
          -114.0045562,
          46.6765651
        ]
      }
    },
    {
      "type": "Feature",
      "properties": {
        "file": "leg07_m001_b200_2026-06-19T10-44-54.jpg",
        "leg": "leg07",
        "mark_index": 1,
        "along_track_m": 1.0,
        "achieved_heading": 195.65389160090584,
        "target_bearing": 200.07311462936326,
        "fix_type": 6,
        "hacc_m": 0.014,
        "corrupt": false,
        "position_interpolated": true,
        "captured_at_utc": "2026-06-19T16:44:54.803835+00:00"
      },
      "geometry": {
        "type": "Point",
        "coordinates": [
          -114.0045602,
          46.676558
        ]
      }
    },
    {
      "type": "Feature",
      "properties": {
        "file": "leg07_m002_b200_2026-06-19T10-44-55.jpg",
        "leg": "leg07",
        "mark_index": 2,
        "along_track_m": 2.0,
        "achieved_heading": 191.2543778752143,
        "target_bearing": 200.07311462936326,
        "fix_type": 6,
        "hacc_m": 0.014,
        "corrupt": false,
        "position_interpolated": true,
        "captured_at_utc": "2026-06-19T16:44:55.787610+00:00"
      },
      "geometry": {
        "type": "Point",
        "coordinates": [
          -114.0045651,
          46.6765496
        ]
      }
    },
    {
      "type": "Feature",
      "properties": {
        "file": "leg07_m003_b200_2026-06-19T10-44-57.jpg",
        "leg": "leg07",
        "mark_index": 3,
        "along_track_m": 3.0,
        "achieved_heading": 188.44224372093268,
        "target_bearing": 200.07311462936326,
        "fix_type": 6,
        "hacc_m": 0.014,
        "corrupt": false,
        "position_interpolated": true,
        "captured_at_utc": "2026-06-19T16:44:56.908372+00:00"
      },
      "geometry": {
        "type": "Point",
        "coordinates": [
          -114.00456883966334,
          46.676539617211986
        ]
      }
    },
    {
      "type": "Feature",
      "properties": {
        "file": "leg07_m004_b200_2026-06-19T10-44-57.jpg",
        "leg": "leg07",
        "mark_index": 4,
        "along_track_m": 4.0,
        "achieved_heading": 190.780825862116,
        "target_bearing": 200.07311462936326,
        "fix_type": 6,
        "hacc_m": 0.014,
        "corrupt": false,
        "position_interpolated": true,
        "captured_at_utc": "2026-06-19T16:44:57.808647+00:00"
      },
      "geometry": {
        "type": "Point",
        "coordinates": [
          -114.00457207833577,
          46.67653204332843
        ]
      }
    },
    {
      "type": "Feature",
      "properties": {
        "file": "leg07_m005_b200_2026-06-19T10-44-59.jpg",
        "leg": "leg07",
        "mark_index": 5,
        "along_track_m": 5.0,
        "achieved_heading": 191.51287985466678,
        "target_bearing": 200.07311462936326,
        "fix_type": 6,
        "hacc_m": 0.014,
        "corrupt": false,
        "position_interpolated": true,
        "captured_at_utc": "2026-06-19T16:44:58.936183+00:00"
      },
      "geometry": {
        "type": "Point",
        "coordinates": [
          -114.00457639531727,
          46.67652240936542
        ]
      }
    },
    {
      "type": "Feature",
      "properties": {
        "file": "leg07_m006_b200_2026-06-19T10-45-00.jpg",
        "leg": "leg07",
        "mark_index": 6,
        "along_track_m": 6.0,
        "achieved_heading": 193.08221484932238,
        "target_bearing": 200.07311462936326,
        "fix_type": 6,
        "hacc_m": 0.014,
        "corrupt": false,
        "position_interpolated": true,
        "captured_at_utc": "2026-06-19T16:44:59.980190+00:00"
      },
      "geometry": {
        "type": "Point",
        "coordinates": [
          -114.00458019999999,
          46.676513899999996
        ]
      }
    },
    {
      "type": "Feature",
      "properties": {
        "file": "leg07_m007_b200_2026-06-19T10-45-00.jpg",
        "leg": "leg07",
        "mark_index": 7,
        "along_track_m": 7.0,
        "achieved_heading": 194.16356236780442,
        "target_bearing": 200.07311462936326,
        "fix_type": 6,
        "hacc_m": 0.014,
        "corrupt": false,
        "position_interpolated": true,
        "captured_at_utc": "2026-06-19T16:45:00.904457+00:00"
      },
      "geometry": {
        "type": "Point",
        "coordinates": [
          -114.00458415709714,
          46.676505485805706
        ]
      }
    },
    {
      "type": "Feature",
      "properties": {
        "file": "leg07_m008_b200_2026-06-19T10-45-01.jpg",
        "leg": "leg07",
        "mark_index": 8,
        "along_track_m": 8.0,
        "achieved_heading": 194.29020036879953,
        "target_bearing": 200.07311462936326,
        "fix_type": 6,
        "hacc_m": 0.014,
        "corrupt": false,
        "position_interpolated": true,
        "captured_at_utc": "2026-06-19T16:45:01.878708+00:00"
      },
      "geometry": {
        "type": "Point",
        "coordinates": [
          -114.00458847251177,
          46.676497211848506
        ]
      }
    },
    {
      "type": "Feature",
      "properties": {
        "file": "leg07_m009_b200_2026-06-19T10-45-03.jpg",
        "leg": "leg07",
        "mark_index": 9,
        "along_track_m": 9.0,
        "achieved_heading": 194.20843063517734,
        "target_bearing": 200.07311462936326,
        "fix_type": 6,
        "hacc_m": 0.014,
        "corrupt": false,
        "position_interpolated": true,
        "captured_at_utc": "2026-06-19T16:45:02.932084+00:00"
      },
      "geometry": {
        "type": "Point",
        "coordinates": [
          -114.00459317527098,
          46.67648824451221
        ]
      }
    },
    {
      "type": "Feature",
      "properties": {
        "file": "leg07_m010_b200_2026-06-19T10-45-04.jpg",
        "leg": "leg07",
        "mark_index": 10,
        "along_track_m": 10.0,
        "achieved_heading": 194.74219989629367,
        "target_bearing": 200.07311462936326,
        "fix_type": 6,
        "hacc_m": 0.014,
        "corrupt": false,
        "position_interpolated": true,
        "captured_at_utc": "2026-06-19T16:45:03.974850+00:00"
      },
      "geometry": {
        "type": "Point",
        "coordinates": [
          -114.00459749999999,
          46.67648
        ]
      }
    },
    {
      "type": "Feature",
      "properties": {
        "file": "leg07_m011_b200_2026-06-19T10-45-04.jpg",
        "leg": "leg07",
        "mark_index": 11,
        "along_track_m": 11.0,
        "achieved_heading": 193.62076917111685,
        "target_bearing": 200.07311462936326,
        "fix_type": 6,
        "hacc_m": 0.014,
        "corrupt": false,
        "position_interpolated": true,
        "captured_at_utc": "2026-06-19T16:45:04.468724+00:00"
      },
      "geometry": {
        "type": "Point",
        "coordinates": [
          -114.00459985793799,
          46.67647548412401
        ]
      }
    },
    {
      "type": "Feature",
      "properties": {
        "file": "leg07_m012_b200_2026-06-19T10-45-06.jpg",
        "leg": "leg07",
        "mark_index": 12,
        "along_track_m": 12.0,
        "achieved_heading": 193.68949648911607,
        "target_bearing": 200.07311462936326,
        "fix_type": 6,
        "hacc_m": 0.014,
        "corrupt": false,
        "position_interpolated": true,
        "captured_at_utc": "2026-06-19T16:45:05.751143+00:00"
      },
      "geometry": {
        "type": "Point",
        "coordinates": [
          -114.00460526832171,
          46.67646475481635
        ]
      }
    },
    {
      "type": "Feature",
      "properties": {
        "file": "leg07_m014_b200_2026-06-19T10-45-12.jpg",
        "leg": "leg07",
        "mark_index": 14,
        "along_track_m": 14.0,
        "achieved_heading": 197.44946402354415,
        "target_bearing": 200.07311462936326,
        "fix_type": 6,
        "hacc_m": 0.014,
        "corrupt": false,
        "position_interpolated": true,
        "captured_at_utc": "2026-06-19T16:45:11.046562+00:00"
      },
      "geometry": {
        "type": "Point",
        "coordinates": [
          -114.00461569999999,
          46.6764454
        ]
      }
    },
    {
      "type": "Feature",
      "properties": {
        "file": "leg07_m015_b200_2026-06-19T10-45-13.jpg",
        "leg": "leg07",
        "mark_index": 15,
        "along_track_m": 15.0,
        "achieved_heading": 197.43293263857944,
        "target_bearing": 200.07311462936326,
        "fix_type": 6,
        "hacc_m": 0.014,
        "corrupt": false,
        "position_interpolated": true,
        "captured_at_utc": "2026-06-19T16:45:13.005156+00:00"
      },
      "geometry": {
        "type": "Point",
        "coordinates": [
          -114.00461854074145,
          46.67643948095055
        ]
      }
    },
    {
      "type": "Feature",
      "properties": {
        "file": "leg07_m016_b200_2026-06-19T10-45-14.jpg",
        "leg": "leg07",
        "mark_index": 16,
        "along_track_m": 16.0,
        "achieved_heading": 197.75484466101665,
        "target_bearing": 200.07311462936326,
        "fix_type": 6,
        "hacc_m": 0.014,
        "corrupt": false,
        "position_interpolated": true,
        "captured_at_utc": "2026-06-19T16:45:13.786533+00:00"
      },
      "geometry": {
        "type": "Point",
        "coordinates": [
          -114.00462227129762,
          46.676433131395015
        ]
      }
    },
    {
      "type": "Feature",
      "properties": {
        "file": "leg07_m018_b200_2026-06-19T10-45-20.jpg",
        "leg": "leg07",
        "mark_index": 18,
        "along_track_m": 18.0,
        "achieved_heading": 196.93950889354463,
        "target_bearing": 200.07311462936326,
        "fix_type": 6,
        "hacc_m": 0.014,
        "corrupt": false,
        "position_interpolated": true,
        "captured_at_utc": "2026-06-19T16:45:19.375356+00:00"
      },
      "geometry": {
        "type": "Point",
        "coordinates": [
          -114.00463429999999,
          46.6764112
        ]
      }
    },
    {
      "type": "Feature",
      "properties": {
        "file": "leg07_m019_b200_2026-06-19T10-45-21.jpg",
        "leg": "leg07",
        "mark_index": 19,
        "along_track_m": 19.0,
        "achieved_heading": 197.0353825908016,
        "target_bearing": 200.07311462936326,
        "fix_type": 6,
        "hacc_m": 0.014,
        "corrupt": false,
        "position_interpolated": true,
        "captured_at_utc": "2026-06-19T16:45:21.477977+00:00"
      },
      "geometry": {
        "type": "Point",
        "coordinates": [
          -114.00463800613211,
          46.6764040701886
        ]
      }
    },
    {
      "type": "Feature",
      "properties": {
        "file": "leg07_m020_b200_2026-06-19T10-45-22.jpg",
        "leg": "leg07",
        "mark_index": 20,
        "along_track_m": 20.0,
        "achieved_heading": 196.22527892270486,
        "target_bearing": 200.07311462936326,
        "fix_type": 6,
        "hacc_m": 0.014,
        "corrupt": false,
        "position_interpolated": true,
        "captured_at_utc": "2026-06-19T16:45:22.457377+00:00"
      },
      "geometry": {
        "type": "Point",
        "coordinates": [
          -114.00464206886633,
          46.67639580365905
        ]
      }
    },
    {
      "type": "Feature",
      "properties": {
        "file": "leg07_m021_b200_2026-06-19T10-45-23.jpg",
        "leg": "leg07",
        "mark_index": 21,
        "along_track_m": 21.0,
        "achieved_heading": 199.39179029065815,
        "target_bearing": 200.07311462936326,
        "fix_type": 6,
        "hacc_m": 0.014,
        "corrupt": false,
        "position_interpolated": true,
        "captured_at_utc": "2026-06-19T16:45:23.516346+00:00"
      },
      "geometry": {
        "type": "Point",
        "coordinates": [
          -114.00464699108383,
          46.676386968324984
        ]
      }
    },
    {
      "type": "Feature",
      "properties": {
        "file": "leg07_m022_b200_2026-06-19T10-45-24.jpg",
        "leg": "leg07",
        "mark_index": 22,
        "along_track_m": 22.0,
        "achieved_heading": 197.231759505152,
        "target_bearing": 200.07311462936326,
        "fix_type": 6,
        "hacc_m": 0.014,
        "corrupt": false,
        "position_interpolated": true,
        "captured_at_utc": "2026-06-19T16:45:24.495724+00:00"
      },
      "geometry": {
        "type": "Point",
        "coordinates": [
          -114.00465171549277,
          46.67637871514125
        ]
      }
    },
    {
      "type": "Feature",
      "properties": {
        "file": "leg07_m023_b200_2026-06-19T10-45-25.jpg",
        "leg": "leg07",
        "mark_index": 23,
        "along_track_m": 23.0,
        "achieved_heading": 197.3066670172665,
        "target_bearing": 200.07311462936326,
        "fix_type": 6,
        "hacc_m": 0.014,
        "corrupt": false,
        "position_interpolated": true,
        "captured_at_utc": "2026-06-19T16:45:25.499399+00:00"
      },
      "geometry": {
        "type": "Point",
        "coordinates": [
          -114.00465624908387,
          46.67637050183226
        ]
      }
    },
    {
      "type": "Feature",
      "properties": {
        "file": "leg07_m024_b200_2026-06-19T10-45-26.jpg",
        "leg": "leg07",
        "mark_index": 24,
        "along_track_m": 24.0,
        "achieved_heading": 198.3183711608158,
        "target_bearing": 200.07311462936326,
        "fix_type": 6,
        "hacc_m": 0.014,
        "corrupt": false,
        "position_interpolated": true,
        "captured_at_utc": "2026-06-19T16:45:26.531678+00:00"
      },
      "geometry": {
        "type": "Point",
        "coordinates": [
          -114.0046603105507,
          46.676361978898555
        ]
      }
    },
    {
      "type": "Feature",
      "properties": {
        "file": "leg07_m025_b200_2026-06-19T10-45-27.jpg",
        "leg": "leg07",
        "mark_index": 25,
        "along_track_m": 25.0,
        "achieved_heading": 200.4073123525253,
        "target_bearing": 200.07311462936326,
        "fix_type": 6,
        "hacc_m": 0.014,
        "corrupt": false,
        "position_interpolated": true,
        "captured_at_utc": "2026-06-19T16:45:27.565293+00:00"
      },
      "geometry": {
        "type": "Point",
        "coordinates": [
          -114.0046649,
          46.6763537
        ]
      }
    },
    {
      "type": "Feature",
      "properties": {
        "file": "leg07_m026_b200_2026-06-19T10-45-28.jpg",
        "leg": "leg07",
        "mark_index": 26,
        "along_track_m": 26.0,
        "achieved_heading": 199.2795054773014,
        "target_bearing": 200.07311462936326,
        "fix_type": 6,
        "hacc_m": 0.014,
        "corrupt": false,
        "position_interpolated": true,
        "captured_at_utc": "2026-06-19T16:45:28.483360+00:00"
      },
      "geometry": {
        "type": "Point",
        "coordinates": [
          -114.00466957202937,
          46.676345790347135
        ]
      }
    },
    {
      "type": "Feature",
      "properties": {
        "file": "leg07_m027_b200_2026-06-19T10-45-29.jpg",
        "leg": "leg07",
        "mark_index": 27,
        "along_track_m": 27.0,
        "achieved_heading": 196.70827292163747,
        "target_bearing": 200.07311462936326,
        "fix_type": 6,
        "hacc_m": 0.014,
        "corrupt": false,
        "position_interpolated": true,
        "captured_at_utc": "2026-06-19T16:45:29.534656+00:00"
      },
      "geometry": {
        "type": "Point",
        "coordinates": [
          -114.00467427873834,
          46.67633684252331
        ]
      }
    },
    {
      "type": "Feature",
      "properties": {
        "file": "leg07_m028_b200_2026-06-19T10-45-30.jpg",
        "leg": "leg07",
        "mark_index": 28,
        "along_track_m": 28.0,
        "achieved_heading": 197.32453130156983,
        "target_bearing": 200.07311462936326,
        "fix_type": 6,
        "hacc_m": 0.014,
        "corrupt": false,
        "position_interpolated": true,
        "captured_at_utc": "2026-06-19T16:45:30.669024+00:00"
      },
      "geometry": {
        "type": "Point",
        "coordinates": [
          -114.0046789,
          46.6763286
        ]
      }
    },
    {
      "type": "Feature",
      "properties": {
        "file": "leg07_m029_b200_2026-06-19T10-45-31.jpg",
        "leg": "leg07",
        "mark_index": 29,
        "along_track_m": 29.0,
        "achieved_heading": 197.57659712094,
        "target_bearing": 200.07311462936326,
        "fix_type": 6,
        "hacc_m": 0.014,
        "corrupt": false,
        "position_interpolated": true,
        "captured_at_utc": "2026-06-19T16:45:31.490216+00:00"
      },
      "geometry": {
        "type": "Point",
        "coordinates": [
          -114.00468278556694,
          46.67632080504022
        ]
      }
    },
    {
      "type": "Feature",
      "properties": {
        "file": "leg07_m030_b200_2026-06-19T10-45-32.jpg",
        "leg": "leg07",
        "mark_index": 30,
        "along_track_m": 30.0,
        "achieved_heading": 197.13920408508952,
        "target_bearing": 200.07311462936326,
        "fix_type": 6,
        "hacc_m": 0.014,
        "corrupt": false,
        "position_interpolated": true,
        "captured_at_utc": "2026-06-19T16:45:32.608852+00:00"
      },
      "geometry": {
        "type": "Point",
        "coordinates": [
          -114.00468719999999,
          46.6763123
        ]
      }
    },
    {
      "type": "Feature",
      "properties": {
        "file": "leg07_m032_b200_2026-06-19T10-45-38.jpg",
        "leg": "leg07",
        "mark_index": 32,
        "along_track_m": 32.0,
        "achieved_heading": 192.0570814510993,
        "target_bearing": 200.07311462936326,
        "fix_type": 6,
        "hacc_m": 0.014,
        "corrupt": false,
        "position_interpolated": true,
        "captured_at_utc": "2026-06-19T16:45:37.863231+00:00"
      },
      "geometry": {
        "type": "Point",
        "coordinates": [
          -114.00469729999999,
          46.6762929
        ]
      }
    },
    {
      "type": "Feature",
      "properties": {
        "file": "leg07_m033_b200_2026-06-19T10-45-39.jpg",
        "leg": "leg07",
        "mark_index": 33,
        "along_track_m": 33.0,
        "achieved_heading": 191.6542448160241,
        "target_bearing": 200.07311462936326,
        "fix_type": 6,
        "hacc_m": 0.014,
        "corrupt": false,
        "position_interpolated": true,
        "captured_at_utc": "2026-06-19T16:45:39.966983+00:00"
      },
      "geometry": {
        "type": "Point",
        "coordinates": [
          -114.0046995,
          46.676286399999995
        ]
      }
    },
    {
      "type": "Feature",
      "properties": {
        "file": "leg07_m034_b200_2026-06-19T10-45-41.jpg",
        "leg": "leg07",
        "mark_index": 34,
        "along_track_m": 34.0,
        "achieved_heading": 198.51857728953394,
        "target_bearing": 200.07311462936326,
        "fix_type": 6,
        "hacc_m": 0.014,
        "corrupt": false,
        "position_interpolated": true,
        "captured_at_utc": "2026-06-19T16:45:41.014211+00:00"
      },
      "geometry": {
        "type": "Point",
        "coordinates": [
          -114.00470282450146,
          46.676277401329436
        ]
      }
    },
    {
      "type": "Feature",
      "properties": {
        "file": "leg07_m035_b200_2026-06-19T10-45-42.jpg",
        "leg": "leg07",
        "mark_index": 35,
        "along_track_m": 35.0,
        "achieved_heading": 202.45719214233526,
        "target_bearing": 200.07311462936326,
        "fix_type": 6,
        "hacc_m": 0.014,
        "corrupt": false,
        "position_interpolated": true,
        "captured_at_utc": "2026-06-19T16:45:41.947701+00:00"
      },
      "geometry": {
        "type": "Point",
        "coordinates": [
          -114.00470698147609,
          46.67626978457552
        ]
      }
    },
    {
      "type": "Feature",
      "properties": {
        "file": "leg07_m036_b200_2026-06-19T10-45-43.jpg",
        "leg": "leg07",
        "mark_index": 36,
        "along_track_m": 36.0,
        "achieved_heading": 202.53969806483406,
        "target_bearing": 200.07311462936326,
        "fix_type": 6,
        "hacc_m": 0.014,
        "corrupt": false,
        "position_interpolated": true,
        "captured_at_utc": "2026-06-19T16:45:43.188651+00:00"
      },
      "geometry": {
        "type": "Point",
        "coordinates": [
          -114.004713,
          46.67626
        ]
      }
    },
    {
      "type": "Feature",
      "properties": {
        "file": "leg07_m037_b200_2026-06-19T10-45-44.jpg",
        "leg": "leg07",
        "mark_index": 37,
        "along_track_m": 37.0,
        "achieved_heading": 199.93275326311755,
        "target_bearing": 200.07311462936326,
        "fix_type": 6,
        "hacc_m": 0.014,
        "corrupt": false,
        "position_interpolated": true,
        "captured_at_utc": "2026-06-19T16:45:43.769624+00:00"
      },
      "geometry": {
        "type": "Point",
        "coordinates": [
          -114.00471635034296,
          46.676254661728315
        ]
      }
    },
    {
      "type": "Feature",
      "properties": {
        "file": "leg07_m039_b200_2026-06-19T10-45-50.jpg",
        "leg": "leg07",
        "mark_index": 39,
        "along_track_m": 39.0,
        "achieved_heading": 198.00257081539547,
        "target_bearing": 200.07311462936326,
        "fix_type": 6,
        "hacc_m": 0.014,
        "corrupt": false,
        "position_interpolated": true,
        "captured_at_utc": "2026-06-19T16:45:49.206241+00:00"
      },
      "geometry": {
        "type": "Point",
        "coordinates": [
          -114.00472789999999,
          46.6762327
        ]
      }
    },
    {
      "type": "Feature",
      "properties": {
        "file": "leg07_m040_b200_2026-06-19T10-45-51.jpg",
        "leg": "leg07",
        "mark_index": 40,
        "along_track_m": 40.0,
        "achieved_heading": 197.47389421582076,
        "target_bearing": 200.07311462936326,
        "fix_type": 6,
        "hacc_m": 0.014,
        "corrupt": false,
        "position_interpolated": true,
        "captured_at_utc": "2026-06-19T16:45:51.307910+00:00"
      },
      "geometry": {
        "type": "Point",
        "coordinates": [
          -114.00473082862099,
          46.676226408482194
        ]
      }
    },
    {
      "type": "Feature",
      "properties": {
        "file": "leg07_m041_b200_2026-06-19T10-45-52.jpg",
        "leg": "leg07",
        "mark_index": 41,
        "along_track_m": 41.0,
        "achieved_heading": 200.03712075469758,
        "target_bearing": 200.07311462936326,
        "fix_type": 6,
        "hacc_m": 0.014,
        "corrupt": false,
        "position_interpolated": true,
        "captured_at_utc": "2026-06-19T16:45:52.376482+00:00"
      },
      "geometry": {
        "type": "Point",
        "coordinates": [
          -114.00473489999999,
          46.6762181
        ]
      }
    },
    {
      "type": "Feature",
      "properties": {
        "file": "leg07_m042_b200_2026-06-19T10-45-53.jpg",
        "leg": "leg07",
        "mark_index": 42,
        "along_track_m": 42.0,
        "achieved_heading": 204.57600225147846,
        "target_bearing": 200.07311462936326,
        "fix_type": 6,
        "hacc_m": 0.014,
        "corrupt": false,
        "position_interpolated": true,
        "captured_at_utc": "2026-06-19T16:45:53.640847+00:00"
      },
      "geometry": {
        "type": "Point",
        "coordinates": [
          -114.00474059999999,
          46.6762083
        ]
      }
    },
    {
      "type": "Feature",
      "properties": {
        "file": "leg07_m043_b200_2026-06-19T10-45-54.jpg",
        "leg": "leg07",
        "mark_index": 43,
        "along_track_m": 43.0,
        "achieved_heading": 204.39570964847837,
        "target_bearing": 200.07311462936326,
        "fix_type": 6,
        "hacc_m": 0.014,
        "corrupt": false,
        "position_interpolated": true,
        "captured_at_utc": "2026-06-19T16:45:54.178327+00:00"
      },
      "geometry": {
        "type": "Point",
        "coordinates": [
          -114.00474385273543,
          46.676203270896835
        ]
      }
    },
    {
      "type": "Feature",
      "properties": {
        "file": "leg07_m045_b200_2026-06-19T10-46-00.jpg",
        "leg": "leg07",
        "mark_index": 45,
        "along_track_m": 45.0,
        "achieved_heading": 194.31160668259656,
        "target_bearing": 200.07311462936326,
        "fix_type": 6,
        "hacc_m": 0.014,
        "corrupt": false,
        "position_interpolated": true,
        "captured_at_utc": "2026-06-19T16:45:59.499649+00:00"
      },
      "geometry": {
        "type": "Point",
        "coordinates": [
          -114.0047561,
          46.676182999999995
        ]
      }
    },
    {
      "type": "Feature",
      "properties": {
        "file": "leg07_m046_b200_2026-06-19T10-46-01.jpg",
        "leg": "leg07",
        "mark_index": 46,
        "along_track_m": 46.0,
        "achieved_heading": 194.9515636754586,
        "target_bearing": 200.07311462936326,
        "fix_type": 6,
        "hacc_m": 0.014,
        "corrupt": false,
        "position_interpolated": true,
        "captured_at_utc": "2026-06-19T16:46:01.609222+00:00"
      },
      "geometry": {
        "type": "Point",
        "coordinates": [
          -114.00475826329404,
          46.67617646057161
        ]
      }
    },
    {
      "type": "Feature",
      "properties": {
        "file": "leg07_m047_b200_2026-06-19T10-46-02.jpg",
        "leg": "leg07",
        "mark_index": 47,
        "along_track_m": 47.0,
        "achieved_heading": 201.46243697558168,
        "target_bearing": 200.07311462936326,
        "fix_type": 6,
        "hacc_m": 0.014,
        "corrupt": false,
        "position_interpolated": true,
        "captured_at_utc": "2026-06-19T16:46:02.659125+00:00"
      },
      "geometry": {
        "type": "Point",
        "coordinates": [
          -114.00476205233987,
          46.67616773877775
        ]
      }
    },
    {
      "type": "Feature",
      "properties": {
        "file": "leg07_m048_b200_2026-06-19T10-46-03.jpg",
        "leg": "leg07",
        "mark_index": 48,
        "along_track_m": 48.0,
        "achieved_heading": 203.50002308538748,
        "target_bearing": 200.07311462936326,
        "fix_type": 6,
        "hacc_m": 0.014,
        "corrupt": false,
        "position_interpolated": true,
        "captured_at_utc": "2026-06-19T16:46:03.860791+00:00"
      },
      "geometry": {
        "type": "Point",
        "coordinates": [
          -114.0047673,
          46.676158799999996
        ]
      }
    },
    {
      "type": "Feature",
      "properties": {
        "file": "leg07_m049_b200_2026-06-19T10-46-04.jpg",
        "leg": "leg07",
        "mark_index": 49,
        "along_track_m": 49.0,
        "achieved_heading": 202.24107134774354,
        "target_bearing": 200.07311462936326,
        "fix_type": 6,
        "hacc_m": 0.014,
        "corrupt": false,
        "position_interpolated": true,
        "captured_at_utc": "2026-06-19T16:46:04.684460+00:00"
      },
      "geometry": {
        "type": "Point",
        "coordinates": [
          -114.00477193997052,
          46.676151120058925
        ]
      }
    },
    {
      "type": "Feature",
      "properties": {
        "file": "leg07_m050_b200_2026-06-19T10-46-05.jpg",
        "leg": "leg07",
        "mark_index": 50,
        "along_track_m": 50.0,
        "achieved_heading": 200.81440607644095,
        "target_bearing": 200.07311462936326,
        "fix_type": 6,
        "hacc_m": 0.014,
        "corrupt": false,
        "position_interpolated": true,
        "captured_at_utc": "2026-06-19T16:46:05.726155+00:00"
      },
      "geometry": {
        "type": "Point",
        "coordinates": [
          -114.00477674158532,
          46.6761424973578
        ]
      }
    },
    {
      "type": "Feature",
      "properties": {
        "file": "leg07_m051_b200_2026-06-19T10-46-06.jpg",
        "leg": "leg07",
        "mark_index": 51,
        "along_track_m": 51.0,
        "achieved_heading": 201.42989019149385,
        "target_bearing": 200.07311462936326,
        "fix_type": 6,
        "hacc_m": 0.014,
        "corrupt": false,
        "position_interpolated": true,
        "captured_at_utc": "2026-06-19T16:46:06.852336+00:00"
      },
      "geometry": {
        "type": "Point",
        "coordinates": [
          -114.0047821,
          46.676134999999995
        ]
      }
    },
    {
      "type": "Feature",
      "properties": {
        "file": "leg07_m052_b200_2026-06-19T10-46-08.jpg",
        "leg": "leg07",
        "mark_index": 52,
        "along_track_m": 52.0,
        "achieved_heading": 194.33631492476496,
        "target_bearing": 200.07311462936326,
        "fix_type": 6,
        "hacc_m": 0.014,
        "corrupt": false,
        "position_interpolated": true,
        "captured_at_utc": "2026-06-19T16:46:07.980079+00:00"
      },
      "geometry": {
        "type": "Point",
        "coordinates": [
          -114.0047867,
          46.6761257
        ]
      }
    },
    {
      "type": "Feature",
      "properties": {
        "file": "leg07_m053_b200_2026-06-19T10-46-09.jpg",
        "leg": "leg07",
        "mark_index": 53,
        "along_track_m": 53.0,
        "achieved_heading": 195.77132282161514,
        "target_bearing": 200.07311462936326,
        "fix_type": 6,
        "hacc_m": 0.014,
        "corrupt": false,
        "position_interpolated": true,
        "captured_at_utc": "2026-06-19T16:46:08.748442+00:00"
      },
      "geometry": {
        "type": "Point",
        "coordinates": [
          -114.00478943580984,
          46.67611923733276
        ]
      }
    },
    {
      "type": "Feature",
      "properties": {
        "file": "leg07_m054_b200_2026-06-19T10-46-10.jpg",
        "leg": "leg07",
        "mark_index": 54,
        "along_track_m": 54.0,
        "achieved_heading": 199.31379210572624,
        "target_bearing": 200.07311462936326,
        "fix_type": 6,
        "hacc_m": 0.014,
        "corrupt": false,
        "position_interpolated": true,
        "captured_at_utc": "2026-06-19T16:46:10.087347+00:00"
      },
      "geometry": {
        "type": "Point",
        "coordinates": [
          -114.00479471692982,
          46.67610861869883
        ]
      }
    },
    {
      "type": "Feature",
      "properties": {
        "file": "leg07_m055_b200_2026-06-19T10-46-11.jpg",
        "leg": "leg07",
        "mark_index": 55,
        "along_track_m": 55.0,
        "achieved_heading": 199.409942972917,
        "target_bearing": 200.07311462936326,
        "fix_type": 6,
        "hacc_m": 0.014,
        "corrupt": false,
        "position_interpolated": true,
        "captured_at_utc": "2026-06-19T16:46:11.127857+00:00"
      },
      "geometry": {
        "type": "Point",
        "coordinates": [
          -114.00479911941852,
          46.676099871235635
        ]
      }
    },
    {
      "type": "Feature",
      "properties": {
        "file": "leg07_m056_b200_2026-06-19T10-46-12.jpg",
        "leg": "leg07",
        "mark_index": 56,
        "along_track_m": 56.0,
        "achieved_heading": 199.74731911005904,
        "target_bearing": 200.07311462936326,
        "fix_type": 6,
        "hacc_m": 0.014,
        "corrupt": false,
        "position_interpolated": true,
        "captured_at_utc": "2026-06-19T16:46:12.240992+00:00"
      },
      "geometry": {
        "type": "Point",
        "coordinates": [
          -114.00480329999999,
          46.6760917
        ]
      }
    },
    {
      "type": "Feature",
      "properties": {
        "file": "leg07_m057_b200_2026-06-19T10-46-13.jpg",
        "leg": "leg07",
        "mark_index": 57,
        "along_track_m": 57.0,
        "achieved_heading": 199.8517131329789,
        "target_bearing": 200.07311462936326,
        "fix_type": 6,
        "hacc_m": 0.014,
        "corrupt": false,
        "position_interpolated": true,
        "captured_at_utc": "2026-06-19T16:46:13.153857+00:00"
      },
      "geometry": {
        "type": "Point",
        "coordinates": [
          -114.0048077,
          46.6760831
        ]
      }
    },
    {
      "type": "Feature",
      "properties": {
        "file": "leg07_m058_b200_2026-06-19T10-46-14.jpg",
        "leg": "leg07",
        "mark_index": 58,
        "along_track_m": 58.0,
        "achieved_heading": 200.84717138283523,
        "target_bearing": 200.07311462936326,
        "fix_type": 6,
        "hacc_m": 0.014,
        "corrupt": false,
        "position_interpolated": true,
        "captured_at_utc": "2026-06-19T16:46:14.138822+00:00"
      },
      "geometry": {
        "type": "Point",
        "coordinates": [
          -114.00481232687152,
          46.676075013016735
        ]
      }
    },
    {
      "type": "Feature",
      "properties": {
        "file": "leg07_m059_b200_2026-06-19T10-46-15.jpg",
        "leg": "leg07",
        "mark_index": 59,
        "along_track_m": 59.0,
        "achieved_heading": 200.2166766697991,
        "target_bearing": 200.07311462936326,
        "fix_type": 6,
        "hacc_m": 0.014,
        "corrupt": false,
        "position_interpolated": true,
        "captured_at_utc": "2026-06-19T16:46:15.253172+00:00"
      },
      "geometry": {
        "type": "Point",
        "coordinates": [
          -114.00481669999999,
          46.6760667
        ]
      }
    },
    {
      "type": "Feature",
      "properties": {
        "file": "leg07_m060_b200_2026-06-19T10-46-16.jpg",
        "leg": "leg07",
        "mark_index": 60,
        "along_track_m": 60.0,
        "achieved_heading": 199.4278978867972,
        "target_bearing": 200.07311462936326,
        "fix_type": 6,
        "hacc_m": 0.014,
        "corrupt": false,
        "position_interpolated": true,
        "captured_at_utc": "2026-06-19T16:46:16.214674+00:00"
      },
      "geometry": {
        "type": "Point",
        "coordinates": [
          -114.0048211,
          46.676058399999995
        ]
      }
    },
    {
      "type": "Feature",
      "properties": {
        "file": "leg07_m061_b200_2026-06-19T10-46-17.jpg",
        "leg": "leg07",
        "mark_index": 61,
        "along_track_m": 61.0,
        "achieved_heading": 202.02985132148126,
        "target_bearing": 200.07311462936326,
        "fix_type": 6,
        "hacc_m": 0.014,
        "corrupt": false,
        "position_interpolated": true,
        "captured_at_utc": "2026-06-19T16:46:17.352889+00:00"
      },
      "geometry": {
        "type": "Point",
        "coordinates": [
          -114.00482609999999,
          46.676048699999996
        ]
      }
    },
    {
      "type": "Feature",
      "properties": {
        "file": "leg07_m062_b200_2026-06-19T10-46-18.jpg",
        "leg": "leg07",
        "mark_index": 62,
        "along_track_m": 62.0,
        "achieved_heading": 201.9092049517864,
        "target_bearing": 200.07311462936326,
        "fix_type": 6,
        "hacc_m": 0.014,
        "corrupt": false,
        "position_interpolated": true,
        "captured_at_utc": "2026-06-19T16:46:18.265950+00:00"
      },
      "geometry": {
        "type": "Point",
        "coordinates": [
          -114.00483033479257,
          46.676041218956925
        ]
      }
    },
    {
      "type": "Feature",
      "properties": {
        "file": "leg07_m063_b200_2026-06-19T10-46-19.jpg",
        "leg": "leg07",
        "mark_index": 63,
        "along_track_m": 63.0,
        "achieved_heading": 200.87525021465342,
        "target_bearing": 200.07311462936326,
        "fix_type": 6,
        "hacc_m": 0.014,
        "corrupt": false,
        "position_interpolated": true,
        "captured_at_utc": "2026-06-19T16:46:19.395550+00:00"
      },
      "geometry": {
        "type": "Point",
        "coordinates": [
          -114.0048357,
          46.6760325
        ]
      }
    },
    {
      "type": "Feature",
      "properties": {
        "file": "leg07_m064_b200_2026-06-19T10-46-20.jpg",
        "leg": "leg07",
        "mark_index": 64,
        "along_track_m": 64.0,
        "achieved_heading": 199.24533660431143,
        "target_bearing": 200.07311462936326,
        "fix_type": 6,
        "hacc_m": 0.014,
        "corrupt": false,
        "position_interpolated": true,
        "captured_at_utc": "2026-06-19T16:46:20.369412+00:00"
      },
      "geometry": {
        "type": "Point",
        "coordinates": [
          -114.0048399,
          46.6760245
        ]
      }
    },
    {
      "type": "Feature",
      "properties": {
        "file": "leg07_m065_b200_2026-06-19T10-46-21.jpg",
        "leg": "leg07",
        "mark_index": 65,
        "along_track_m": 65.0,
        "achieved_heading": 199.12858401619354,
        "target_bearing": 200.07311462936326,
        "fix_type": 6,
        "hacc_m": 0.014,
        "corrupt": false,
        "position_interpolated": true,
        "captured_at_utc": "2026-06-19T16:46:21.412829+00:00"
      },
      "geometry": {
        "type": "Point",
        "coordinates": [
          -114.00484429999999,
          46.676015899999996
        ]
      }
    },
    {
      "type": "Feature",
      "properties": {
        "file": "leg07_m066_b200_2026-06-19T10-46-22.jpg",
        "leg": "leg07",
        "mark_index": 66,
        "along_track_m": 66.0,
        "achieved_heading": 198.14557454837285,
        "target_bearing": 200.07311462936326,
        "fix_type": 6,
        "hacc_m": 0.014,
        "corrupt": false,
        "position_interpolated": true,
        "captured_at_utc": "2026-06-19T16:46:22.407410+00:00"
      },
      "geometry": {
        "type": "Point",
        "coordinates": [
          -114.00484858612685,
          46.67600779133002
        ]
      }
    },
    {
      "type": "Feature",
      "properties": {
        "file": "leg07_m067_b200_2026-06-19T10-46-23.jpg",
        "leg": "leg07",
        "mark_index": 67,
        "along_track_m": 67.0,
        "achieved_heading": 198.0963031690647,
        "target_bearing": 200.07311462936326,
        "fix_type": 6,
        "hacc_m": 0.014,
        "corrupt": false,
        "position_interpolated": true,
        "captured_at_utc": "2026-06-19T16:46:23.524100+00:00"
      },
      "geometry": {
        "type": "Point",
        "coordinates": [
          -114.0048534464087,
          46.675998730150276
        ]
      }
    },
    {
      "type": "Feature",
      "properties": {
        "file": "leg07_m068_b200_2026-06-19T10-46-24.jpg",
        "leg": "leg07",
        "mark_index": 68,
        "along_track_m": 68.0,
        "achieved_heading": 199.66442308476402,
        "target_bearing": 200.07311462936326,
        "fix_type": 6,
        "hacc_m": 0.014,
        "corrupt": false,
        "position_interpolated": true,
        "captured_at_utc": "2026-06-19T16:46:24.560190+00:00"
      },
      "geometry": {
        "type": "Point",
        "coordinates": [
          -114.0048575,
          46.675990399999996
        ]
      }
    },
    {
      "type": "Feature",
      "properties": {
        "file": "leg07_m069_b200_2026-06-19T10-46-25.jpg",
        "leg": "leg07",
        "mark_index": 69,
        "along_track_m": 69.0,
        "achieved_heading": 201.89893918873375,
        "target_bearing": 200.07311462936326,
        "fix_type": 6,
        "hacc_m": 0.014,
        "corrupt": false,
        "position_interpolated": true,
        "captured_at_utc": "2026-06-19T16:46:25.549012+00:00"
      },
      "geometry": {
        "type": "Point",
        "coordinates": [
          -114.0048619,
          46.6759822
        ]
      }
    },
    {
      "type": "Feature",
      "properties": {
        "file": "leg07_m070_b200_2026-06-19T10-46-26.jpg",
        "leg": "leg07",
        "mark_index": 70,
        "along_track_m": 70.0,
        "achieved_heading": 203.04396211609412,
        "target_bearing": 200.07311462936326,
        "fix_type": 6,
        "hacc_m": 0.014,
        "corrupt": false,
        "position_interpolated": true,
        "captured_at_utc": "2026-06-19T16:46:26.608174+00:00"
      },
      "geometry": {
        "type": "Point",
        "coordinates": [
          -114.0048667,
          46.6759742
        ]
      }
    },
    {
      "type": "Feature",
      "properties": {
        "file": "leg07_m071_b200_2026-06-19T10-46-27.jpg",
        "leg": "leg07",
        "mark_index": 71,
        "along_track_m": 71.0,
        "achieved_heading": 200.4668928889245,
        "target_bearing": 200.07311462936326,
        "fix_type": 6,
        "hacc_m": 0.014,
        "corrupt": false,
        "position_interpolated": true,
        "captured_at_utc": "2026-06-19T16:46:27.657120+00:00"
      },
      "geometry": {
        "type": "Point",
        "coordinates": [
          -114.00487211909427,
          46.67596507716572
        ]
      }
    },
    {
      "type": "Feature",
      "properties": {
        "file": "leg07_m072_b200_2026-06-19T10-46-29.jpg",
        "leg": "leg07",
        "mark_index": 72,
        "along_track_m": 72.0,
        "achieved_heading": 201.6304556428478,
        "target_bearing": 200.07311462936326,
        "fix_type": 6,
        "hacc_m": 0.014,
        "corrupt": false,
        "position_interpolated": true,
        "captured_at_utc": "2026-06-19T16:46:29.121789+00:00"
      },
      "geometry": {
        "type": "Point",
        "coordinates": [
          -114.00487721425569,
          46.67595711432574
        ]
      }
    },
    {
      "type": "Feature",
      "properties": {
        "file": "leg07_m073_b200_2026-06-19T10-46-30.jpg",
        "leg": "leg07",
        "mark_index": 73,
        "along_track_m": 73.0,
        "achieved_heading": 198.46675613115582,
        "target_bearing": 200.07311462936326,
        "fix_type": 6,
        "hacc_m": 0.014,
        "corrupt": false,
        "position_interpolated": true,
        "captured_at_utc": "2026-06-19T16:46:30.725810+00:00"
      },
      "geometry": {
        "type": "Point",
        "coordinates": [
          -114.00488163667195,
          46.67594845198732
        ]
      }
    },
    {
      "type": "Feature",
      "properties": {
        "file": "leg07_m074_b200_2026-06-19T10-46-32.jpg",
        "leg": "leg07",
        "mark_index": 74,
        "along_track_m": 74.0,
        "achieved_heading": 199.68203378548975,
        "target_bearing": 200.07311462936326,
        "fix_type": 6,
        "hacc_m": 0.014,
        "corrupt": false,
        "position_interpolated": true,
        "captured_at_utc": "2026-06-19T16:46:31.990675+00:00"
      },
      "geometry": {
        "type": "Point",
        "coordinates": [
          -114.0048863,
          46.6759396
        ]
      }
    },
    {
      "type": "Feature",
      "properties": {
        "file": "leg07_m075_b200_2026-06-19T10-46-32.jpg",
        "leg": "leg07",
        "mark_index": 75,
        "along_track_m": 75.0,
        "achieved_heading": 199.4156732676211,
        "target_bearing": 200.07311462936326,
        "fix_type": 6,
        "hacc_m": 0.014,
        "corrupt": false,
        "position_interpolated": true,
        "captured_at_utc": "2026-06-19T16:46:32.889652+00:00"
      },
      "geometry": {
        "type": "Point",
        "coordinates": [
          -114.00489017141449,
          46.67593175717102
        ]
      }
    },
    {
      "type": "Feature",
      "properties": {
        "file": "leg07_m076_b200_2026-06-19T10-46-34.jpg",
        "leg": "leg07",
        "mark_index": 76,
        "along_track_m": 76.0,
        "achieved_heading": 198.87016025992088,
        "target_bearing": 200.07311462936326,
        "fix_type": 6,
        "hacc_m": 0.014,
        "corrupt": false,
        "position_interpolated": true,
        "captured_at_utc": "2026-06-19T16:46:33.953554+00:00"
      },
      "geometry": {
        "type": "Point",
        "coordinates": [
          -114.00489499999999,
          46.6759231
        ]
      }
    },
    {
      "type": "Feature",
      "properties": {
        "file": "leg07_m077_b200_2026-06-19T10-46-35.jpg",
        "leg": "leg07",
        "mark_index": 77,
        "along_track_m": 77.0,
        "achieved_heading": 199.6356214081479,
        "target_bearing": 200.07311462936326,
        "fix_type": 6,
        "hacc_m": 0.014,
        "corrupt": false,
        "position_interpolated": true,
        "captured_at_utc": "2026-06-19T16:46:35.061646+00:00"
      },
      "geometry": {
        "type": "Point",
        "coordinates": [
          -114.00489859999999,
          46.6759148
        ]
      }
    },
    {
      "type": "Feature",
      "properties": {
        "file": "leg07_m078_b200_2026-06-19T10-46-36.jpg",
        "leg": "leg07",
        "mark_index": 78,
        "along_track_m": 78.0,
        "achieved_heading": 200.92367519676998,
        "target_bearing": 200.07311462936326,
        "fix_type": 6,
        "hacc_m": 0.014,
        "corrupt": false,
        "position_interpolated": true,
        "captured_at_utc": "2026-06-19T16:46:36.045326+00:00"
      },
      "geometry": {
        "type": "Point",
        "coordinates": [
          -114.0049028,
          46.6759067
        ]
      }
    },
    {
      "type": "Feature",
      "properties": {
        "file": "leg07_m079_b200_2026-06-19T10-46-37.jpg",
        "leg": "leg07",
        "mark_index": 79,
        "along_track_m": 79.0,
        "achieved_heading": 199.55750053097205,
        "target_bearing": 200.07311462936326,
        "fix_type": 6,
        "hacc_m": 0.014,
        "corrupt": false,
        "position_interpolated": true,
        "captured_at_utc": "2026-06-19T16:46:37.172256+00:00"
      },
      "geometry": {
        "type": "Point",
        "coordinates": [
          -114.0049083,
          46.6758972
        ]
      }
    },
    {
      "type": "Feature",
      "properties": {
        "file": "leg07_m080_b200_2026-06-19T10-46-38.jpg",
        "leg": "leg07",
        "mark_index": 80,
        "along_track_m": 80.0,
        "achieved_heading": 199.8331260926512,
        "target_bearing": 200.07311462936326,
        "fix_type": 6,
        "hacc_m": 0.014,
        "corrupt": false,
        "position_interpolated": true,
        "captured_at_utc": "2026-06-19T16:46:38.214846+00:00"
      },
      "geometry": {
        "type": "Point",
        "coordinates": [
          -114.00491249999999,
          46.6758891
        ]
      }
    },
    {
      "type": "Feature",
      "properties": {
        "file": "leg07_m081_b200_2026-06-19T10-46-39.jpg",
        "leg": "leg07",
        "mark_index": 81,
        "along_track_m": 81.0,
        "achieved_heading": 201.2974897883949,
        "target_bearing": 200.07311462936326,
        "fix_type": 6,
        "hacc_m": 0.014,
        "corrupt": false,
        "position_interpolated": true,
        "captured_at_utc": "2026-06-19T16:46:39.134146+00:00"
      },
      "geometry": {
        "type": "Point",
        "coordinates": [
          -114.00491694463788,
          46.675881103803945
        ]
      }
    },
    {
      "type": "Feature",
      "properties": {
        "file": "leg07_m082_b200_2026-06-19T10-46-40.jpg",
        "leg": "leg07",
        "mark_index": 82,
        "along_track_m": 82.0,
        "achieved_heading": 201.69681496582663,
        "target_bearing": 200.07311462936326,
        "fix_type": 6,
        "hacc_m": 0.014,
        "corrupt": false,
        "position_interpolated": true,
        "captured_at_utc": "2026-06-19T16:46:40.250743+00:00"
      },
      "geometry": {
        "type": "Point",
        "coordinates": [
          -114.0049217,
          46.6758728
        ]
      }
    },
    {
      "type": "Feature",
      "properties": {
        "file": "leg07_m083_b200_2026-06-19T10-46-41.jpg",
        "leg": "leg07",
        "mark_index": 83,
        "along_track_m": 83.0,
        "achieved_heading": 199.9965715956253,
        "target_bearing": 200.07311462936326,
        "fix_type": 6,
        "hacc_m": 0.014,
        "corrupt": false,
        "position_interpolated": true,
        "captured_at_utc": "2026-06-19T16:46:41.163172+00:00"
      },
      "geometry": {
        "type": "Point",
        "coordinates": [
          -114.004926,
          46.675864399999995
        ]
      }
    },
    {
      "type": "Feature",
      "properties": {
        "file": "leg07_m084_b200_2026-06-19T10-46-42.jpg",
        "leg": "leg07",
        "mark_index": 84,
        "along_track_m": 84.0,
        "achieved_heading": 200.61013299910803,
        "target_bearing": 200.07311462936326,
        "fix_type": 6,
        "hacc_m": 0.014,
        "corrupt": false,
        "position_interpolated": true,
        "captured_at_utc": "2026-06-19T16:46:42.208766+00:00"
      },
      "geometry": {
        "type": "Point",
        "coordinates": [
          -114.00493048570176,
          46.67585591430698
        ]
      }
    },
    {
      "type": "Feature",
      "properties": {
        "file": "leg07_m085_b200_2026-06-19T10-46-43.jpg",
        "leg": "leg07",
        "mark_index": 85,
        "along_track_m": 85.0,
        "achieved_heading": 199.20731778339032,
        "target_bearing": 200.07311462936326,
        "fix_type": 6,
        "hacc_m": 0.014,
        "corrupt": false,
        "position_interpolated": true,
        "captured_at_utc": "2026-06-19T16:46:43.265658+00:00"
      },
      "geometry": {
        "type": "Point",
        "coordinates": [
          -114.00493536100119,
          46.67584704033108
        ]
      }
    },
    {
      "type": "Feature",
      "properties": {
        "file": "leg07_m086_b200_2026-06-19T10-46-44.jpg",
        "leg": "leg07",
        "mark_index": 86,
        "along_track_m": 86.0,
        "achieved_heading": 198.94981872057267,
        "target_bearing": 200.07311462936326,
        "fix_type": 6,
        "hacc_m": 0.014,
        "corrupt": false,
        "position_interpolated": true,
        "captured_at_utc": "2026-06-19T16:46:44.303246+00:00"
      },
      "geometry": {
        "type": "Point",
        "coordinates": [
          -114.00493973191787,
          46.67583825717451
        ]
      }
    },
    {
      "type": "Feature",
      "properties": {
        "file": "leg07_m087_b200_2026-06-19T10-46-45.jpg",
        "leg": "leg07",
        "mark_index": 87,
        "along_track_m": 87.0,
        "achieved_heading": 199.63257392147432,
        "target_bearing": 200.07311462936326,
        "fix_type": 6,
        "hacc_m": 0.014,
        "corrupt": false,
        "position_interpolated": true,
        "captured_at_utc": "2026-06-19T16:46:45.350997+00:00"
      },
      "geometry": {
        "type": "Point",
        "coordinates": [
          -114.004944,
          46.6758297
        ]
      }
    },
    {
      "type": "Feature",
      "properties": {
        "file": "leg07_m088_b200_2026-06-19T10-46-46.jpg",
        "leg": "leg07",
        "mark_index": 88,
        "along_track_m": 88.0,
        "achieved_heading": 199.5668216809061,
        "target_bearing": 200.07311462936326,
        "fix_type": 6,
        "hacc_m": 0.014,
        "corrupt": false,
        "position_interpolated": true,
        "captured_at_utc": "2026-06-19T16:46:46.269028+00:00"
      },
      "geometry": {
        "type": "Point",
        "coordinates": [
          -114.00494812032235,
          46.67582210748423
        ]
      }
    },
    {
      "type": "Feature",
      "properties": {
        "file": "leg07_m089_b200_2026-06-19T10-46-47.jpg",
        "leg": "leg07",
        "mark_index": 89,
        "along_track_m": 89.0,
        "achieved_heading": 200.53534998202036,
        "target_bearing": 200.07311462936326,
        "fix_type": 6,
        "hacc_m": 0.014,
        "corrupt": false,
        "position_interpolated": true,
        "captured_at_utc": "2026-06-19T16:46:47.320756+00:00"
      },
      "geometry": {
        "type": "Point",
        "coordinates": [
          -114.00495269213022,
          46.67581331573955
        ]
      }
    },
    {
      "type": "Feature",
      "properties": {
        "file": "leg07_m090_b200_2026-06-19T10-46-48.jpg",
        "leg": "leg07",
        "mark_index": 90,
        "along_track_m": 90.0,
        "achieved_heading": 199.9450032309934,
        "target_bearing": 200.07311462936326,
        "fix_type": 6,
        "hacc_m": 0.014,
        "corrupt": false,
        "position_interpolated": true,
        "captured_at_utc": "2026-06-19T16:46:48.373107+00:00"
      },
      "geometry": {
        "type": "Point",
        "coordinates": [
          -114.00495719999999,
          46.6758047
        ]
      }
    },
    {
      "type": "Feature",
      "properties": {
        "file": "leg07_m091_b200_2026-06-19T10-46-49.jpg",
        "leg": "leg07",
        "mark_index": 91,
        "along_track_m": 91.0,
        "achieved_heading": 201.2468288525049,
        "target_bearing": 200.07311462936326,
        "fix_type": 6,
        "hacc_m": 0.014,
        "corrupt": false,
        "position_interpolated": true,
        "captured_at_utc": "2026-06-19T16:46:49.357506+00:00"
      },
      "geometry": {
        "type": "Point",
        "coordinates": [
          -114.0049616,
          46.6757965
        ]
      }
    },
    {
      "type": "Feature",
      "properties": {
        "file": "leg07_m092_b200_2026-06-19T10-46-50.jpg",
        "leg": "leg07",
        "mark_index": 92,
        "along_track_m": 92.0,
        "achieved_heading": 200.82897724607986,
        "target_bearing": 200.07311462936326,
        "fix_type": 6,
        "hacc_m": 0.014,
        "corrupt": false,
        "position_interpolated": true,
        "captured_at_utc": "2026-06-19T16:46:50.401320+00:00"
      },
      "geometry": {
        "type": "Point",
        "coordinates": [
          -114.00496659999999,
          46.6757882
        ]
      }
    },
    {
      "type": "Feature",
      "properties": {
        "file": "leg07_m093_b200_2026-06-19T10-46-51.jpg",
        "leg": "leg07",
        "mark_index": 93,
        "along_track_m": 93.0,
        "achieved_heading": 199.98402179403715,
        "target_bearing": 200.07311462936326,
        "fix_type": 6,
        "hacc_m": 0.014,
        "corrupt": false,
        "position_interpolated": true,
        "captured_at_utc": "2026-06-19T16:46:51.456697+00:00"
      },
      "geometry": {
        "type": "Point",
        "coordinates": [
          -114.00497100698409,
          46.67577931161005
        ]
      }
    },
    {
      "type": "Feature",
      "properties": {
        "file": "leg07_m094_b200_2026-06-19T10-46-52.jpg",
        "leg": "leg07",
        "mark_index": 94,
        "along_track_m": 94.0,
        "achieved_heading": 200.66818701745987,
        "target_bearing": 200.07311462936326,
        "fix_type": 6,
        "hacc_m": 0.014,
        "corrupt": false,
        "position_interpolated": true,
        "captured_at_utc": "2026-06-19T16:46:52.572443+00:00"
      },
      "geometry": {
        "type": "Point",
        "coordinates": [
          -114.00497539999999,
          46.6757706
        ]
      }
    },
    {
      "type": "Feature",
      "properties": {
        "file": "leg07_m095_b200_2026-06-19T10-46-53.jpg",
        "leg": "leg07",
        "mark_index": 95,
        "along_track_m": 95.0,
        "achieved_heading": 200.41811238202445,
        "target_bearing": 200.07311462936326,
        "fix_type": 6,
        "hacc_m": 0.014,
        "corrupt": false,
        "position_interpolated": true,
        "captured_at_utc": "2026-06-19T16:46:53.480052+00:00"
      },
      "geometry": {
        "type": "Point",
        "coordinates": [
          -114.00498000606854,
          46.67576285846978
        ]
      }
    },
    {
      "type": "Feature",
      "properties": {
        "file": "leg07_m096_b200_2026-06-19T10-46-54.jpg",
        "leg": "leg07",
        "mark_index": 96,
        "along_track_m": 96.0,
        "achieved_heading": 199.60496911453043,
        "target_bearing": 200.07311462936326,
        "fix_type": 6,
        "hacc_m": 0.014,
        "corrupt": false,
        "position_interpolated": true,
        "captured_at_utc": "2026-06-19T16:46:54.536241+00:00"
      },
      "geometry": {
        "type": "Point",
        "coordinates": [
          -114.00498450147184,
          46.6757541773507
        ]
      }
    },
    {
      "type": "Feature",
      "properties": {
        "file": "leg07_m097_b200_2026-06-19T10-46-55.jpg",
        "leg": "leg07",
        "mark_index": 97,
        "along_track_m": 97.0,
        "achieved_heading": 199.57597703320695,
        "target_bearing": 200.07311462936326,
        "fix_type": 6,
        "hacc_m": 0.014,
        "corrupt": false,
        "position_interpolated": true,
        "captured_at_utc": "2026-06-19T16:46:55.578788+00:00"
      },
      "geometry": {
        "type": "Point",
        "coordinates": [
          -114.0049892,
          46.6757456
        ]
      }
    },
    {
      "type": "Feature",
      "properties": {
        "file": "leg07_m098_b200_2026-06-19T10-46-56.jpg",
        "leg": "leg07",
        "mark_index": 98,
        "along_track_m": 98.0,
        "achieved_heading": 198.8988220942738,
        "target_bearing": 200.07311462936326,
        "fix_type": 6,
        "hacc_m": 0.014,
        "corrupt": false,
        "position_interpolated": true,
        "captured_at_utc": "2026-06-19T16:46:56.488701+00:00"
      },
      "geometry": {
        "type": "Point",
        "coordinates": [
          -114.00499312301086,
          46.67573759242511
        ]
      }
    },
    {
      "type": "Feature",
      "properties": {
        "file": "leg07_m099_b200_2026-06-19T10-46-57.jpg",
        "leg": "leg07",
        "mark_index": 99,
        "along_track_m": 99.0,
        "achieved_heading": 198.8131674066854,
        "target_bearing": 200.07311462936326,
        "fix_type": 6,
        "hacc_m": 0.014,
        "corrupt": false,
        "position_interpolated": true,
        "captured_at_utc": "2026-06-19T16:46:57.530728+00:00"
      },
      "geometry": {
        "type": "Point",
        "coordinates": [
          -114.0049976912372,
          46.67572891460465
        ]
      }
    },
    {
      "type": "Feature",
      "properties": {
        "file": "leg07_m100_b200_2026-06-19T10-46-58.jpg",
        "leg": "leg07",
        "mark_index": 100,
        "along_track_m": 100.0,
        "achieved_heading": 198.4435170481625,
        "target_bearing": 200.07311462936326,
        "fix_type": 6,
        "hacc_m": 0.014,
        "corrupt": false,
        "position_interpolated": true,
        "captured_at_utc": "2026-06-19T16:46:58.669522+00:00"
      },
      "geometry": {
        "type": "Point",
        "coordinates": [
          -114.0050019,
          46.6757205
        ]
      }
    },
    {
      "type": "Feature",
      "properties": {
        "file": "leg07_m101_b200_2026-06-19T10-46-59.jpg",
        "leg": "leg07",
        "mark_index": 101,
        "along_track_m": 101.0,
        "achieved_heading": 198.83912914519414,
        "target_bearing": 200.07311462936326,
        "fix_type": 6,
        "hacc_m": 0.014,
        "corrupt": false,
        "position_interpolated": true,
        "captured_at_utc": "2026-06-19T16:46:59.506039+00:00"
      },
      "geometry": {
        "type": "Point",
        "coordinates": [
          -114.00500606980319,
          46.67571199294284
        ]
      }
    },
    {
      "type": "Feature",
      "properties": {
        "file": "leg07_m102_b200_2026-06-19T10-47-00.jpg",
        "leg": "leg07",
        "mark_index": 102,
        "along_track_m": 102.0,
        "achieved_heading": 199.7491939951581,
        "target_bearing": 200.07311462936326,
        "fix_type": 6,
        "hacc_m": 0.014,
        "corrupt": false,
        "position_interpolated": true,
        "captured_at_utc": "2026-06-19T16:47:00.551734+00:00"
      },
      "geometry": {
        "type": "Point",
        "coordinates": [
          -114.00501059999999,
          46.6757032
        ]
      }
    },
    {
      "type": "Feature",
      "properties": {
        "file": "leg07_m103_b200_2026-06-19T10-47-01.jpg",
        "leg": "leg07",
        "mark_index": 103,
        "along_track_m": 103.0,
        "achieved_heading": 200.53591226469405,
        "target_bearing": 200.07311462936326,
        "fix_type": 6,
        "hacc_m": 0.014,
        "corrupt": false,
        "position_interpolated": true,
        "captured_at_utc": "2026-06-19T16:47:01.466698+00:00"
      },
      "geometry": {
        "type": "Point",
        "coordinates": [
          -114.00501470976393,
          46.675695416751644
        ]
      }
    },
    {
      "type": "Feature",
      "properties": {
        "file": "leg07_m104_b200_2026-06-19T10-47-02.jpg",
        "leg": "leg07",
        "mark_index": 104,
        "along_track_m": 104.0,
        "achieved_heading": 200.39427376316405,
        "target_bearing": 200.07311462936326,
        "fix_type": 6,
        "hacc_m": 0.014,
        "corrupt": false,
        "position_interpolated": true,
        "captured_at_utc": "2026-06-19T16:47:02.585770+00:00"
      },
      "geometry": {
        "type": "Point",
        "coordinates": [
          -114.00501969999999,
          46.6756867
        ]
      }
    },
    {
      "type": "Feature",
      "properties": {
        "file": "leg07_m105_b200_2026-06-19T10-47-03.jpg",
        "leg": "leg07",
        "mark_index": 105,
        "along_track_m": 105.0,
        "achieved_heading": 198.8596555337415,
        "target_bearing": 200.07311462936326,
        "fix_type": 6,
        "hacc_m": 0.014,
        "corrupt": false,
        "position_interpolated": true,
        "captured_at_utc": "2026-06-19T16:47:03.630119+00:00"
      },
      "geometry": {
        "type": "Point",
        "coordinates": [
          -114.00502399999999,
          46.6756781
        ]
      }
    },
    {
      "type": "Feature",
      "properties": {
        "file": "leg07_m106_b200_2026-06-19T10-47-04.jpg",
        "leg": "leg07",
        "mark_index": 106,
        "along_track_m": 106.0,
        "achieved_heading": 199.94109859217488,
        "target_bearing": 200.07311462936326,
        "fix_type": 6,
        "hacc_m": 0.014,
        "corrupt": false,
        "position_interpolated": true,
        "captured_at_utc": "2026-06-19T16:47:04.607915+00:00"
      },
      "geometry": {
        "type": "Point",
        "coordinates": [
          -114.00502829999999,
          46.6756695
        ]
      }
    },
    {
      "type": "Feature",
      "properties": {
        "file": "leg07_m107_b200_2026-06-19T10-47-05.jpg",
        "leg": "leg07",
        "mark_index": 107,
        "along_track_m": 107.0,
        "achieved_heading": 201.1812187817042,
        "target_bearing": 200.07311462936326,
        "fix_type": 6,
        "hacc_m": 0.014,
        "corrupt": false,
        "position_interpolated": true,
        "captured_at_utc": "2026-06-19T16:47:05.664603+00:00"
      },
      "geometry": {
        "type": "Point",
        "coordinates": [
          -114.00503289999999,
          46.675661299999994
        ]
      }
    },
    {
      "type": "Feature",
      "properties": {
        "file": "leg07_m108_b200_2026-06-19T10-47-06.jpg",
        "leg": "leg07",
        "mark_index": 108,
        "along_track_m": 108.0,
        "achieved_heading": 199.65990004785854,
        "target_bearing": 200.07311462936326,
        "fix_type": 6,
        "hacc_m": 0.014,
        "corrupt": false,
        "position_interpolated": true,
        "captured_at_utc": "2026-06-19T16:47:06.578261+00:00"
      },
      "geometry": {
        "type": "Point",
        "coordinates": [
          -114.0050375,
          46.675652899999996
        ]
      }
    },
    {
      "type": "Feature",
      "properties": {
        "file": "leg07_m109_b200_2026-06-19T10-47-07.jpg",
        "leg": "leg07",
        "mark_index": 109,
        "along_track_m": 109.0,
        "achieved_heading": 198.3821971017281,
        "target_bearing": 200.07311462936326,
        "fix_type": 6,
        "hacc_m": 0.014,
        "corrupt": false,
        "position_interpolated": true,
        "captured_at_utc": "2026-06-19T16:47:07.621814+00:00"
      },
      "geometry": {
        "type": "Point",
        "coordinates": [
          -114.0050421,
          46.6756446
        ]
      }
    },
    {
      "type": "Feature",
      "properties": {
        "file": "leg07_m110_b200_2026-06-19T10-47-08.jpg",
        "leg": "leg07",
        "mark_index": 110,
        "along_track_m": 110.0,
        "achieved_heading": 198.75706426527748,
        "target_bearing": 200.07311462936326,
        "fix_type": 6,
        "hacc_m": 0.014,
        "corrupt": false,
        "position_interpolated": true,
        "captured_at_utc": "2026-06-19T16:47:08.675557+00:00"
      },
      "geometry": {
        "type": "Point",
        "coordinates": [
          -114.005046,
          46.675635899999996
        ]
      }
    },
    {
      "type": "Feature",
      "properties": {
        "file": "leg07_m111_b200_2026-06-19T10-47-09.jpg",
        "leg": "leg07",
        "mark_index": 111,
        "along_track_m": 111.0,
        "achieved_heading": 200.61410109201276,
        "target_bearing": 200.07311462936326,
        "fix_type": 6,
        "hacc_m": 0.014,
        "corrupt": false,
        "position_interpolated": true,
        "captured_at_utc": "2026-06-19T16:47:09.581347+00:00"
      },
      "geometry": {
        "type": "Point",
        "coordinates": [
          -114.0050503,
          46.6756277
        ]
      }
    },
    {
      "type": "Feature",
      "properties": {
        "file": "leg07_m112_b200_2026-06-19T10-47-10.jpg",
        "leg": "leg07",
        "mark_index": 112,
        "along_track_m": 112.0,
        "achieved_heading": 200.83767741752314,
        "target_bearing": 200.07311462936326,
        "fix_type": 6,
        "hacc_m": 0.014,
        "corrupt": false,
        "position_interpolated": true,
        "captured_at_utc": "2026-06-19T16:47:10.635312+00:00"
      },
      "geometry": {
        "type": "Point",
        "coordinates": [
          -114.00505534016648,
          46.675618807700324
        ]
      }
    },
    {
      "type": "Feature",
      "properties": {
        "file": "leg07_m113_b200_2026-06-19T10-47-11.jpg",
        "leg": "leg07",
        "mark_index": 113,
        "along_track_m": 113.0,
        "achieved_heading": 200.43503876859427,
        "target_bearing": 200.07311462936326,
        "fix_type": 6,
        "hacc_m": 0.014,
        "corrupt": false,
        "position_interpolated": true,
        "captured_at_utc": "2026-06-19T16:47:11.759884+00:00"
      },
      "geometry": {
        "type": "Point",
        "coordinates": [
          -114.0050605,
          46.6756095
        ]
      }
    },
    {
      "type": "Feature",
      "properties": {
        "file": "leg07_m114_b200_2026-06-19T10-47-12.jpg",
        "leg": "leg07",
        "mark_index": 114,
        "along_track_m": 114.0,
        "achieved_heading": 200.26566755097417,
        "target_bearing": 200.07311462936326,
        "fix_type": 6,
        "hacc_m": 0.014,
        "corrupt": false,
        "position_interpolated": true,
        "captured_at_utc": "2026-06-19T16:47:12.738628+00:00"
      },
      "geometry": {
        "type": "Point",
        "coordinates": [
          -114.00506486890121,
          46.67560134664817
        ]
      }
    },
    {
      "type": "Feature",
      "properties": {
        "file": "leg07_m115_b200_2026-06-19T10-47-13.jpg",
        "leg": "leg07",
        "mark_index": 115,
        "along_track_m": 115.0,
        "achieved_heading": 199.91376905103533,
        "target_bearing": 200.07311462936326,
        "fix_type": 6,
        "hacc_m": 0.014,
        "corrupt": false,
        "position_interpolated": true,
        "captured_at_utc": "2026-06-19T16:47:13.716522+00:00"
      },
      "geometry": {
        "type": "Point",
        "coordinates": [
          -114.00506949250524,
          46.675592971991605
        ]
      }
    },
    {
      "type": "Feature",
      "properties": {
        "file": "leg07_m116_b200_2026-06-19T10-47-14.jpg",
        "leg": "leg07",
        "mark_index": 116,
        "along_track_m": 116.0,
        "achieved_heading": 199.219496013413,
        "target_bearing": 200.07311462936326,
        "fix_type": 6,
        "hacc_m": 0.014,
        "corrupt": false,
        "position_interpolated": true,
        "captured_at_utc": "2026-06-19T16:47:14.764370+00:00"
      },
      "geometry": {
        "type": "Point",
        "coordinates": [
          -114.0050741,
          46.6755844
        ]
      }
    },
    {
      "type": "Feature",
      "properties": {
        "file": "leg07_m117_b200_2026-06-19T10-47-15.jpg",
        "leg": "leg07",
        "mark_index": 117,
        "along_track_m": 117.0,
        "achieved_heading": 200.46418348506757,
        "target_bearing": 200.07311462936326,
        "fix_type": 6,
        "hacc_m": 0.014,
        "corrupt": false,
        "position_interpolated": true,
        "captured_at_utc": "2026-06-19T16:47:15.672963+00:00"
      },
      "geometry": {
        "type": "Point",
        "coordinates": [
          -114.00507810443065,
          46.675576623979715
        ]
      }
    },
    {
      "type": "Feature",
      "properties": {
        "file": "leg07_m118_b200_2026-06-19T10-47-16.jpg",
        "leg": "leg07",
        "mark_index": 118,
        "along_track_m": 118.0,
        "achieved_heading": 199.04138088241615,
        "target_bearing": 200.07311462936326,
        "fix_type": 6,
        "hacc_m": 0.014,
        "corrupt": false,
        "position_interpolated": true,
        "captured_at_utc": "2026-06-19T16:47:16.716909+00:00"
      },
      "geometry": {
        "type": "Point",
        "coordinates": [
          -114.00508260266963,
          46.67556780682702
        ]
      }
    },
    {
      "type": "Feature",
      "properties": {
        "file": "leg07_m119_b200_2026-06-19T10-47-17.jpg",
        "leg": "leg07",
        "mark_index": 119,
        "along_track_m": 119.0,
        "achieved_heading": 201.169213974156,
        "target_bearing": 200.07311462936326,
        "fix_type": 6,
        "hacc_m": 0.014,
        "corrupt": false,
        "position_interpolated": true,
        "captured_at_utc": "2026-06-19T16:47:17.713272+00:00"
      },
      "geometry": {
        "type": "Point",
        "coordinates": [
          -114.00508687788408,
          46.67555961709493
        ]
      }
    },
    {
      "type": "Feature",
      "properties": {
        "file": "leg07_m120_b200_2026-06-19T10-47-18.jpg",
        "leg": "leg07",
        "mark_index": 120,
        "along_track_m": 120.0,
        "achieved_heading": 202.3881184271268,
        "target_bearing": 200.07311462936326,
        "fix_type": 6,
        "hacc_m": 0.014,
        "corrupt": false,
        "position_interpolated": true,
        "captured_at_utc": "2026-06-19T16:47:18.756339+00:00"
      },
      "geometry": {
        "type": "Point",
        "coordinates": [
          -114.0050914,
          46.6755512
        ]
      }
    },
    {
      "type": "Feature",
      "properties": {
        "file": "leg07_m121_b200_2026-06-19T10-47-19.jpg",
        "leg": "leg07",
        "mark_index": 121,
        "along_track_m": 121.0,
        "achieved_heading": 201.65001632699767,
        "target_bearing": 200.07311462936326,
        "fix_type": 6,
        "hacc_m": 0.014,
        "corrupt": false,
        "position_interpolated": true,
        "captured_at_utc": "2026-06-19T16:47:19.800968+00:00"
      },
      "geometry": {
        "type": "Point",
        "coordinates": [
          -114.005096,
          46.675542799999995
        ]
      }
    },
    {
      "type": "Feature",
      "properties": {
        "file": "leg07_m122_b200_2026-06-19T10-47-20.jpg",
        "leg": "leg07",
        "mark_index": 122,
        "along_track_m": 122.0,
        "achieved_heading": 201.46663188360597,
        "target_bearing": 200.07311462936326,
        "fix_type": 6,
        "hacc_m": 0.014,
        "corrupt": false,
        "position_interpolated": true,
        "captured_at_utc": "2026-06-19T16:47:20.850419+00:00"
      },
      "geometry": {
        "type": "Point",
        "coordinates": [
          -114.00510039999999,
          46.675534899999995
        ]
      }
    },
    {
      "type": "Feature",
      "properties": {
        "file": "leg07_m123_b200_2026-06-19T10-47-22.jpg",
        "leg": "leg07",
        "mark_index": 123,
        "along_track_m": 123.0,
        "achieved_heading": 199.547255128669,
        "target_bearing": 200.07311462936326,
        "fix_type": 6,
        "hacc_m": 0.014,
        "corrupt": false,
        "position_interpolated": true,
        "captured_at_utc": "2026-06-19T16:47:21.909222+00:00"
      },
      "geometry": {
        "type": "Point",
        "coordinates": [
          -114.00510587326492,
          46.675525153470154
        ]
      }
    },
    {
      "type": "Feature",
      "properties": {
        "file": "leg07_m124_b200_2026-06-19T10-47-22.jpg",
        "leg": "leg07",
        "mark_index": 124,
        "along_track_m": 124.0,
        "achieved_heading": 198.52748762027997,
        "target_bearing": 200.07311462936326,
        "fix_type": 6,
        "hacc_m": 0.014,
        "corrupt": false,
        "position_interpolated": true,
        "captured_at_utc": "2026-06-19T16:47:22.822659+00:00"
      },
      "geometry": {
        "type": "Point",
        "coordinates": [
          -114.00510944483774,
          46.67551746721978
        ]
      }
    },
    {
      "type": "Feature",
      "properties": {
        "file": "leg07_m125_b200_2026-06-19T10-47-24.jpg",
        "leg": "leg07",
        "mark_index": 125,
        "along_track_m": 125.0,
        "achieved_heading": 198.6810510996165,
        "target_bearing": 200.07311462936326,
        "fix_type": 6,
        "hacc_m": 0.014,
        "corrupt": false,
        "position_interpolated": true,
        "captured_at_utc": "2026-06-19T16:47:23.866509+00:00"
      },
      "geometry": {
        "type": "Point",
        "coordinates": [
          -114.00511397928393,
          46.67550873452675
        ]
      }
    },
    {
      "type": "Feature",
      "properties": {
        "file": "leg07_m126_b200_2026-06-19T10-47-25.jpg",
        "leg": "leg07",
        "mark_index": 126,
        "along_track_m": 126.0,
        "achieved_heading": 198.3366130815247,
        "target_bearing": 200.07311462936326,
        "fix_type": 6,
        "hacc_m": 0.014,
        "corrupt": false,
        "position_interpolated": true,
        "captured_at_utc": "2026-06-19T16:47:24.986934+00:00"
      },
      "geometry": {
        "type": "Point",
        "coordinates": [
          -114.0051185,
          46.6754998
        ]
      }
    },
    {
      "type": "Feature",
      "properties": {
        "file": "leg07_m127_b200_2026-06-19T10-47-26.jpg",
        "leg": "leg07",
        "mark_index": 127,
        "along_track_m": 127.0,
        "achieved_heading": 199.4273715372506,
        "target_bearing": 200.07311462936326,
        "fix_type": 6,
        "hacc_m": 0.014,
        "corrupt": false,
        "position_interpolated": true,
        "captured_at_utc": "2026-06-19T16:47:25.911632+00:00"
      },
      "geometry": {
        "type": "Point",
        "coordinates": [
          -114.00512278481075,
          46.67549155917578
        ]
      }
    },
    {
      "type": "Feature",
      "properties": {
        "file": "leg07_m128_b200_2026-06-19T10-47-26.jpg",
        "leg": "leg07",
        "mark_index": 128,
        "along_track_m": 128.0,
        "achieved_heading": 200.42682127068872,
        "target_bearing": 200.07311462936326,
        "fix_type": 6,
        "hacc_m": 0.014,
        "corrupt": false,
        "position_interpolated": true,
        "captured_at_utc": "2026-06-19T16:47:26.888634+00:00"
      },
      "geometry": {
        "type": "Point",
        "coordinates": [
          -114.00512702119978,
          46.675483134229054
        ]
      }
    },
    {
      "type": "Feature",
      "properties": {
        "file": "leg07_m129_b200_2026-06-19T10-47-28.jpg",
        "leg": "leg07",
        "mark_index": 129,
        "along_track_m": 129.0,
        "achieved_heading": 200.4859795343146,
        "target_bearing": 200.07311462936326,
        "fix_type": 6,
        "hacc_m": 0.014,
        "corrupt": false,
        "position_interpolated": true,
        "captured_at_utc": "2026-06-19T16:47:27.935901+00:00"
      },
      "geometry": {
        "type": "Point",
        "coordinates": [
          -114.00513169633771,
          46.675474606866786
        ]
      }
    },
    {
      "type": "Feature",
      "properties": {
        "file": "leg07_m130_b200_2026-06-19T10-47-29.jpg",
        "leg": "leg07",
        "mark_index": 130,
        "along_track_m": 130.0,
        "achieved_heading": 200.29727994326015,
        "target_bearing": 200.07311462936326,
        "fix_type": 6,
        "hacc_m": 0.014,
        "corrupt": false,
        "position_interpolated": true,
        "captured_at_utc": "2026-06-19T16:47:28.986317+00:00"
      },
      "geometry": {
        "type": "Point",
        "coordinates": [
          -114.00513629999999,
          46.6754663
        ]
      }
    },
    {
      "type": "Feature",
      "properties": {
        "file": "leg07_m131_b200_2026-06-19T10-47-29.jpg",
        "leg": "leg07",
        "mark_index": 131,
        "along_track_m": 131.0,
        "achieved_heading": 200.5051395994304,
        "target_bearing": 200.07311462936326,
        "fix_type": 6,
        "hacc_m": 0.014,
        "corrupt": false,
        "position_interpolated": true,
        "captured_at_utc": "2026-06-19T16:47:29.880131+00:00"
      },
      "geometry": {
        "type": "Point",
        "coordinates": [
          -114.00514023195781,
          46.675458528867495
        ]
      }
    },
    {
      "type": "Feature",
      "properties": {
        "file": "leg07_m132_b200_2026-06-19T10-47-31.jpg",
        "leg": "leg07",
        "mark_index": 132,
        "along_track_m": 132.0,
        "achieved_heading": 202.2677445970172,
        "target_bearing": 200.07311462936326,
        "fix_type": 6,
        "hacc_m": 0.014,
        "corrupt": false,
        "position_interpolated": true,
        "captured_at_utc": "2026-06-19T16:47:30.930527+00:00"
      },
      "geometry": {
        "type": "Point",
        "coordinates": [
          -114.0051450591501,
          46.67544977352982
        ]
      }
    },
    {
      "type": "Feature",
      "properties": {
        "file": "leg07_m133_b200_2026-06-19T10-47-32.jpg",
        "leg": "leg07",
        "mark_index": 133,
        "along_track_m": 133.0,
        "achieved_heading": 201.6048394467731,
        "target_bearing": 200.07311462936326,
        "fix_type": 6,
        "hacc_m": 0.014,
        "corrupt": false,
        "position_interpolated": true,
        "captured_at_utc": "2026-06-19T16:47:31.996083+00:00"
      },
      "geometry": {
        "type": "Point",
        "coordinates": [
          -114.0051498,
          46.6754415
        ]
      }
    },
    {
      "type": "Feature",
      "properties": {
        "file": "leg07_m134_b200_2026-06-19T10-47-32.jpg",
        "leg": "leg07",
        "mark_index": 134,
        "along_track_m": 134.0,
        "achieved_heading": 199.6336344744882,
        "target_bearing": 200.07311462936326,
        "fix_type": 6,
        "hacc_m": 0.014,
        "corrupt": false,
        "position_interpolated": true,
        "captured_at_utc": "2026-06-19T16:47:32.979395+00:00"
      },
      "geometry": {
        "type": "Point",
        "coordinates": [
          -114.0051543,
          46.675433299999995
        ]
      }
    },
    {
      "type": "Feature",
      "properties": {
        "file": "leg07_m135_b200_2026-06-19T10-47-34.jpg",
        "leg": "leg07",
        "mark_index": 135,
        "along_track_m": 135.0,
        "achieved_heading": 200.14488103913675,
        "target_bearing": 200.07311462936326,
        "fix_type": 6,
        "hacc_m": 0.014,
        "corrupt": false,
        "position_interpolated": true,
        "captured_at_utc": "2026-06-19T16:47:34.013780+00:00"
      },
      "geometry": {
        "type": "Point",
        "coordinates": [
          -114.0051587,
          46.6754251
        ]
      }
    },
    {
      "type": "Feature",
      "properties": {
        "file": "leg07_m136_b200_2026-06-19T10-47-34.jpg",
        "leg": "leg07",
        "mark_index": 136,
        "along_track_m": 136.0,
        "achieved_heading": 199.42372811270158,
        "target_bearing": 200.07311462936326,
        "fix_type": 6,
        "hacc_m": 0.014,
        "corrupt": false,
        "position_interpolated": true,
        "captured_at_utc": "2026-06-19T16:47:34.933886+00:00"
      },
      "geometry": {
        "type": "Point",
        "coordinates": [
          -114.00516308466784,
          46.675416634497346
        ]
      }
    },
    {
      "type": "Feature",
      "properties": {
        "file": "leg07_m137_b200_2026-06-19T10-47-36.jpg",
        "leg": "leg07",
        "mark_index": 137,
        "along_track_m": 137.0,
        "achieved_heading": 200.08748014667952,
        "target_bearing": 200.07311462936326,
        "fix_type": 6,
        "hacc_m": 0.014,
        "corrupt": false,
        "position_interpolated": true,
        "captured_at_utc": "2026-06-19T16:47:36.112626+00:00"
      },
      "geometry": {
        "type": "Point",
        "coordinates": [
          -114.00516802392968,
          46.67540699345052
        ]
      }
    },
    {
      "type": "Feature",
      "properties": {
        "file": "leg07_m138_b200_2026-06-19T10-47-37.jpg",
        "leg": "leg07",
        "mark_index": 138,
        "along_track_m": 138.0,
        "achieved_heading": 199.90692200296175,
        "target_bearing": 200.07311462936326,
        "fix_type": 6,
        "hacc_m": 0.014,
        "corrupt": false,
        "position_interpolated": true,
        "captured_at_utc": "2026-06-19T16:47:37.103869+00:00"
      },
      "geometry": {
        "type": "Point",
        "coordinates": [
          -114.0051726021741,
          46.675398816521444
        ]
      }
    },
    {
      "type": "Feature",
      "properties": {
        "file": "leg07_m139_b200_2026-06-19T10-47-38.jpg",
        "leg": "leg07",
        "mark_index": 139,
        "along_track_m": 139.0,
        "achieved_heading": 199.59995087176898,
        "target_bearing": 200.07311462936326,
        "fix_type": 6,
        "hacc_m": 0.014,
        "corrupt": false,
        "position_interpolated": true,
        "captured_at_utc": "2026-06-19T16:47:38.154927+00:00"
      },
      "geometry": {
        "type": "Point",
        "coordinates": [
          -114.00517729562209,
          46.67539000985029
        ]
      }
    },
    {
      "type": "Feature",
      "properties": {
        "file": "leg07_m140_b200_2026-06-19T10-47-39.jpg",
        "leg": "leg07",
        "mark_index": 140,
        "along_track_m": 140.0,
        "achieved_heading": 200.22485149216763,
        "target_bearing": 200.07311462936326,
        "fix_type": 6,
        "hacc_m": 0.014,
        "corrupt": false,
        "position_interpolated": true,
        "captured_at_utc": "2026-06-19T16:47:39.056416+00:00"
      },
      "geometry": {
        "type": "Point",
        "coordinates": [
          -114.00518102180544,
          46.67538225638913
        ]
      }
    },
    {
      "type": "Feature",
      "properties": {
        "file": "leg07_m141_b200_2026-06-19T10-47-40.jpg",
        "leg": "leg07",
        "mark_index": 141,
        "along_track_m": 141.0,
        "achieved_heading": 202.1950449146802,
        "target_bearing": 200.07311462936326,
        "fix_type": 6,
        "hacc_m": 0.014,
        "corrupt": false,
        "position_interpolated": true,
        "captured_at_utc": "2026-06-19T16:47:40.104174+00:00"
      },
      "geometry": {
        "type": "Point",
        "coordinates": [
          -114.00518542258729,
          46.6753739326488
        ]
      }
    },
    {
      "type": "Feature",
      "properties": {
        "file": "leg07_m142_b200_2026-06-19T10-47-41.jpg",
        "leg": "leg07",
        "mark_index": 142,
        "along_track_m": 142.0,
        "achieved_heading": 202.36742783616697,
        "target_bearing": 200.07311462936326,
        "fix_type": 6,
        "hacc_m": 0.014,
        "corrupt": false,
        "position_interpolated": true,
        "captured_at_utc": "2026-06-19T16:47:41.233056+00:00"
      },
      "geometry": {
        "type": "Point",
        "coordinates": [
          -114.0051902,
          46.6753656
        ]
      }
    },
    {
      "type": "Feature",
      "properties": {
        "file": "leg07_m143_b200_2026-06-19T10-47-42.jpg",
        "leg": "leg07",
        "mark_index": 143,
        "along_track_m": 143.0,
        "achieved_heading": 201.3552895628579,
        "target_bearing": 200.07311462936326,
        "fix_type": 6,
        "hacc_m": 0.014,
        "corrupt": false,
        "position_interpolated": true,
        "captured_at_utc": "2026-06-19T16:47:42.153103+00:00"
      },
      "geometry": {
        "type": "Point",
        "coordinates": [
          -114.00519469058949,
          46.67535731411574
        ]
      }
    },
    {
      "type": "Feature",
      "properties": {
        "file": "leg07_m144_b200_2026-06-19T10-47-43.jpg",
        "leg": "leg07",
        "mark_index": 144,
        "along_track_m": 144.0,
        "achieved_heading": 201.6809973811602,
        "target_bearing": 200.07311462936326,
        "fix_type": 6,
        "hacc_m": 0.014,
        "corrupt": false,
        "position_interpolated": true,
        "captured_at_utc": "2026-06-19T16:47:43.274364+00:00"
      },
      "geometry": {
        "type": "Point",
        "coordinates": [
          -114.00519899999999,
          46.6753491
        ]
      }
    },
    {
      "type": "Feature",
      "properties": {
        "file": "leg07_m145_b200_2026-06-19T10-47-44.jpg",
        "leg": "leg07",
        "mark_index": 145,
        "along_track_m": 145.0,
        "achieved_heading": 200.9093899517508,
        "target_bearing": 200.07311462936326,
        "fix_type": 6,
        "hacc_m": 0.014,
        "corrupt": false,
        "position_interpolated": true,
        "captured_at_utc": "2026-06-19T16:47:44.382266+00:00"
      },
      "geometry": {
        "type": "Point",
        "coordinates": [
          -114.00520449999999,
          46.6753393
        ]
      }
    },
    {
      "type": "Feature",
      "properties": {
        "file": "leg07_m146_b200_2026-06-19T10-47-45.jpg",
        "leg": "leg07",
        "mark_index": 146,
        "along_track_m": 146.0,
        "achieved_heading": 199.92235806968077,
        "target_bearing": 200.07311462936326,
        "fix_type": 6,
        "hacc_m": 0.014,
        "corrupt": false,
        "position_interpolated": true,
        "captured_at_utc": "2026-06-19T16:47:45.292252+00:00"
      },
      "geometry": {
        "type": "Point",
        "coordinates": [
          -114.00520869393135,
          46.67533136365446
        ]
      }
    },
    {
      "type": "Feature",
      "properties": {
        "file": "leg07_m147_b200_2026-06-19T10-47-46.jpg",
        "leg": "leg07",
        "mark_index": 147,
        "along_track_m": 147.0,
        "achieved_heading": 198.61908255633665,
        "target_bearing": 200.07311462936326,
        "fix_type": 6,
        "hacc_m": 0.014,
        "corrupt": false,
        "position_interpolated": true,
        "captured_at_utc": "2026-06-19T16:47:46.341593+00:00"
      },
      "geometry": {
        "type": "Point",
        "coordinates": [
          -114.00521309999999,
          46.6753226
        ]
      }
    },
    {
      "type": "Feature",
      "properties": {
        "file": "leg07_m148_b200_2026-06-19T10-47-47.jpg",
        "leg": "leg07",
        "mark_index": 148,
        "along_track_m": 148.0,
        "achieved_heading": 198.3269866037807,
        "target_bearing": 200.07311462936326,
        "fix_type": 6,
        "hacc_m": 0.014,
        "corrupt": false,
        "position_interpolated": true,
        "captured_at_utc": "2026-06-19T16:47:47.391668+00:00"
      },
      "geometry": {
        "type": "Point",
        "coordinates": [
          -114.00521719999999,
          46.6753143
        ]
      }
    },
    {
      "type": "Feature",
      "properties": {
        "file": "leg07_m149_b200_2026-06-19T10-47-48.jpg",
        "leg": "leg07",
        "mark_index": 149,
        "along_track_m": 149.0,
        "achieved_heading": 201.08696633426976,
        "target_bearing": 200.07311462936326,
        "fix_type": 6,
        "hacc_m": 0.014,
        "corrupt": false,
        "position_interpolated": true,
        "captured_at_utc": "2026-06-19T16:47:48.303484+00:00"
      },
      "geometry": {
        "type": "Point",
        "coordinates": [
          -114.00522132520129,
          46.67530631075326
        ]
      }
    },
    {
      "type": "Feature",
      "properties": {
        "file": "leg07_m150_b200_2026-06-19T10-47-49.jpg",
        "leg": "leg07",
        "mark_index": 150,
        "along_track_m": 150.0,
        "achieved_heading": 205.00916949390253,
        "target_bearing": 200.07311462936326,
        "fix_type": 6,
        "hacc_m": 0.014,
        "corrupt": false,
        "position_interpolated": true,
        "captured_at_utc": "2026-06-19T16:47:49.361063+00:00"
      },
      "geometry": {
        "type": "Point",
        "coordinates": [
          -114.00522649999999,
          46.675297699999994
        ]
      }
    }
  ]
}