{
  "type": "FeatureCollection",
  "name": "captures",
  "crs": {
    "type": "name",
    "properties": {
      "name": "urn:ogc:def:crs:OGC:1.3:CRS84"
    }
  },
  "features": [
    {
      "type": "Feature",
      "properties": {
        "file": "leg01_m000_b023_2026-06-16T16-13-26.jpg",
        "leg": "leg01",
        "mark_index": 0,
        "along_track_m": 0.0,
        "achieved_heading": 22.89714354258423,
        "target_bearing": 23.473044154305967,
        "fix_type": 6,
        "hacc_m": 0.014,
        "corrupt": false,
        "position_interpolated": true,
        "captured_at_utc": "2026-06-16T22:13:26.542640+00:00"
      },
      "geometry": {
        "type": "Point",
        "coordinates": [
          -114.00606979999999,
          46.6753149
        ]
      }
    },
    {
      "type": "Feature",
      "properties": {
        "file": "leg01_m001_b023_2026-06-16T16-13-28.jpg",
        "leg": "leg01",
        "mark_index": 1,
        "along_track_m": 1.0,
        "achieved_heading": 18.258018866968982,
        "target_bearing": 23.473044154305967,
        "fix_type": 6,
        "hacc_m": 0.014,
        "corrupt": false,
        "position_interpolated": true,
        "captured_at_utc": "2026-06-16T22:13:28.354193+00:00"
      },
      "geometry": {
        "type": "Point",
        "coordinates": [
          -114.0060658,
          46.6753254
        ]
      }
    },
    {
      "type": "Feature",
      "properties": {
        "file": "leg01_m002_b023_2026-06-16T16-13-29.jpg",
        "leg": "leg01",
        "mark_index": 2,
        "along_track_m": 2.0,
        "achieved_heading": 27.715432120736885,
        "target_bearing": 23.473044154305967,
        "fix_type": 6,
        "hacc_m": 0.014,
        "corrupt": false,
        "position_interpolated": true,
        "captured_at_utc": "2026-06-16T22:13:29.275711+00:00"
      },
      "geometry": {
        "type": "Point",
        "coordinates": [
          -114.0060622678031,
          46.67533332032814
        ]
      }
    },
    {
      "type": "Feature",
      "properties": {
        "file": "leg01_m003_b023_2026-06-16T16-13-30.jpg",
        "leg": "leg01",
        "mark_index": 3,
        "along_track_m": 3.0,
        "achieved_heading": 34.85872613575091,
        "target_bearing": 23.473044154305967,
        "fix_type": 6,
        "hacc_m": 0.014,
        "corrupt": false,
        "position_interpolated": true,
        "captured_at_utc": "2026-06-16T22:13:30.466144+00:00"
      },
      "geometry": {
        "type": "Point",
        "coordinates": [
          -114.00605534793205,
          46.67534214187594
        ]
      }
    },
    {
      "type": "Feature",
      "properties": {
        "file": "leg01_m004_b023_2026-06-16T16-13-31.jpg",
        "leg": "leg01",
        "mark_index": 4,
        "along_track_m": 4.0,
        "achieved_heading": 33.81897962492701,
        "target_bearing": 23.473044154305967,
        "fix_type": 6,
        "hacc_m": 0.014,
        "corrupt": false,
        "position_interpolated": true,
        "captured_at_utc": "2026-06-16T22:13:31.519528+00:00"
      },
      "geometry": {
        "type": "Point",
        "coordinates": [
          -114.0060484,
          46.6753497
        ]
      }
    },
    {
      "type": "Feature",
      "properties": {
        "file": "leg01_m005_b023_2026-06-16T16-13-32.jpg",
        "leg": "leg01",
        "mark_index": 5,
        "along_track_m": 5.0,
        "achieved_heading": 30.58486671411726,
        "target_bearing": 23.473044154305967,
        "fix_type": 6,
        "hacc_m": 0.014,
        "corrupt": false,
        "position_interpolated": true,
        "captured_at_utc": "2026-06-16T22:13:32.499521+00:00"
      },
      "geometry": {
        "type": "Point",
        "coordinates": [
          -114.00604273560039,
          46.67535720789944
        ]
      }
    },
    {
      "type": "Feature",
      "properties": {
        "file": "leg01_m006_b023_2026-06-16T16-13-33.jpg",
        "leg": "leg01",
        "mark_index": 6,
        "along_track_m": 6.0,
        "achieved_heading": 28.447688417087328,
        "target_bearing": 23.473044154305967,
        "fix_type": 6,
        "hacc_m": 0.014,
        "corrupt": false,
        "position_interpolated": true,
        "captured_at_utc": "2026-06-16T22:13:33.616375+00:00"
      },
      "geometry": {
        "type": "Point",
        "coordinates": [
          -114.00603644235939,
          46.6753658135833
        ]
      }
    },
    {
      "type": "Feature",
      "properties": {
        "file": "leg01_m007_b023_2026-06-16T16-13-34.jpg",
        "leg": "leg01",
        "mark_index": 7,
        "along_track_m": 7.0,
        "achieved_heading": 27.261762235857645,
        "target_bearing": 23.473044154305967,
        "fix_type": 6,
        "hacc_m": 0.014,
        "corrupt": false,
        "position_interpolated": true,
        "captured_at_utc": "2026-06-16T22:13:34.672398+00:00"
      },
      "geometry": {
        "type": "Point",
        "coordinates": [
          -114.00603061774356,
          46.67537395161029
        ]
      }
    },
    {
      "type": "Feature",
      "properties": {
        "file": "leg01_m008_b023_2026-06-16T16-13-35.jpg",
        "leg": "leg01",
        "mark_index": 8,
        "along_track_m": 8.0,
        "achieved_heading": 26.811086382149135,
        "target_bearing": 23.473044154305967,
        "fix_type": 6,
        "hacc_m": 0.014,
        "corrupt": false,
        "position_interpolated": true,
        "captured_at_utc": "2026-06-16T22:13:35.653136+00:00"
      },
      "geometry": {
        "type": "Point",
        "coordinates": [
          -114.00602557255272,
          46.67538191546182
        ]
      }
    },
    {
      "type": "Feature",
      "properties": {
        "file": "leg01_m009_b023_2026-06-16T16-13-36.jpg",
        "leg": "leg01",
        "mark_index": 9,
        "along_track_m": 9.0,
        "achieved_heading": 25.928754552964023,
        "target_bearing": 23.473044154305967,
        "fix_type": 6,
        "hacc_m": 0.014,
        "corrupt": false,
        "position_interpolated": true,
        "captured_at_utc": "2026-06-16T22:13:36.764862+00:00"
      },
      "geometry": {
        "type": "Point",
        "coordinates": [
          -114.0060209,
          46.675390199999995
        ]
      }
    },
    {
      "type": "Feature",
      "properties": {
        "file": "leg01_m010_b023_2026-06-16T16-13-37.jpg",
        "leg": "leg01",
        "mark_index": 10,
        "along_track_m": 10.0,
        "achieved_heading": 26.561785149297037,
        "target_bearing": 23.473044154305967,
        "fix_type": 6,
        "hacc_m": 0.014,
        "corrupt": false,
        "position_interpolated": true,
        "captured_at_utc": "2026-06-16T22:13:37.820465+00:00"
      },
      "geometry": {
        "type": "Point",
        "coordinates": [
          -114.00601549999999,
          46.675398099999995
        ]
      }
    },
    {
      "type": "Feature",
      "properties": {
        "file": "leg01_m011_b023_2026-06-16T16-13-39.jpg",
        "leg": "leg01",
        "mark_index": 11,
        "along_track_m": 11.0,
        "achieved_heading": 27.793586168609828,
        "target_bearing": 23.473044154305967,
        "fix_type": 6,
        "hacc_m": 0.014,
        "corrupt": false,
        "position_interpolated": true,
        "captured_at_utc": "2026-06-16T22:13:38.941168+00:00"
      },
      "geometry": {
        "type": "Point",
        "coordinates": [
          -114.00600969999999,
          46.6754071
        ]
      }
    },
    {
      "type": "Feature",
      "properties": {
        "file": "leg01_m012_b023_2026-06-16T16-13-39.jpg",
        "leg": "leg01",
        "mark_index": 12,
        "along_track_m": 12.0,
        "achieved_heading": 27.59391924208009,
        "target_bearing": 23.473044154305967,
        "fix_type": 6,
        "hacc_m": 0.014,
        "corrupt": false,
        "position_interpolated": true,
        "captured_at_utc": "2026-06-16T22:13:39.927303+00:00"
      },
      "geometry": {
        "type": "Point",
        "coordinates": [
          -114.00600469999999,
          46.675415
        ]
      }
    },
    {
      "type": "Feature",
      "properties": {
        "file": "leg01_m013_b023_2026-06-16T16-13-41.jpg",
        "leg": "leg01",
        "mark_index": 13,
        "along_track_m": 13.0,
        "achieved_heading": 27.50375985340674,
        "target_bearing": 23.473044154305967,
        "fix_type": 6,
        "hacc_m": 0.014,
        "corrupt": false,
        "position_interpolated": true,
        "captured_at_utc": "2026-06-16T22:13:40.968751+00:00"
      },
      "geometry": {
        "type": "Point",
        "coordinates": [
          -114.00599913228407,
          46.67542289398135
        ]
      }
    },
    {
      "type": "Feature",
      "properties": {
        "file": "leg01_m014_b023_2026-06-16T16-13-42.jpg",
        "leg": "leg01",
        "mark_index": 14,
        "along_track_m": 14.0,
        "achieved_heading": 24.508064729812865,
        "target_bearing": 23.473044154305967,
        "fix_type": 6,
        "hacc_m": 0.014,
        "corrupt": false,
        "position_interpolated": true,
        "captured_at_utc": "2026-06-16T22:13:42.167237+00:00"
      },
      "geometry": {
        "type": "Point",
        "coordinates": [
          -114.0059933,
          46.6754319
        ]
      }
    },
    {
      "type": "Feature",
      "properties": {
        "file": "leg01_m015_b023_2026-06-16T16-13-43.jpg",
        "leg": "leg01",
        "mark_index": 15,
        "along_track_m": 15.0,
        "achieved_heading": 24.96482325323406,
        "target_bearing": 23.473044154305967,
        "fix_type": 6,
        "hacc_m": 0.014,
        "corrupt": false,
        "position_interpolated": true,
        "captured_at_utc": "2026-06-16T22:13:43.148464+00:00"
      },
      "geometry": {
        "type": "Point",
        "coordinates": [
          -114.005989,
          46.675440099999996
        ]
      }
    },
    {
      "type": "Feature",
      "properties": {
        "file": "leg01_m016_b023_2026-06-16T16-13-44.jpg",
        "leg": "leg01",
        "mark_index": 16,
        "along_track_m": 16.0,
        "achieved_heading": 25.721100727345664,
        "target_bearing": 23.473044154305967,
        "fix_type": 6,
        "hacc_m": 0.014,
        "corrupt": false,
        "position_interpolated": true,
        "captured_at_utc": "2026-06-16T22:13:44.126936+00:00"
      },
      "geometry": {
        "type": "Point",
        "coordinates": [
          -114.00598392115187,
          46.675447961926615
        ]
      }
    },
    {
      "type": "Feature",
      "properties": {
        "file": "leg01_m017_b023_2026-06-16T16-13-45.jpg",
        "leg": "leg01",
        "mark_index": 17,
        "along_track_m": 17.0,
        "achieved_heading": 26.857472704789593,
        "target_bearing": 23.473044154305967,
        "fix_type": 6,
        "hacc_m": 0.014,
        "corrupt": false,
        "position_interpolated": true,
        "captured_at_utc": "2026-06-16T22:13:45.172204+00:00"
      },
      "geometry": {
        "type": "Point",
        "coordinates": [
          -114.00597889999999,
          46.675455899999996
        ]
      }
    },
    {
      "type": "Feature",
      "properties": {
        "file": "leg01_m018_b023_2026-06-16T16-13-46.jpg",
        "leg": "leg01",
        "mark_index": 18,
        "along_track_m": 18.0,
        "achieved_heading": 26.76276345421855,
        "target_bearing": 23.473044154305967,
        "fix_type": 6,
        "hacc_m": 0.014,
        "corrupt": false,
        "position_interpolated": true,
        "captured_at_utc": "2026-06-16T22:13:46.301495+00:00"
      },
      "geometry": {
        "type": "Point",
        "coordinates": [
          -114.00597306321417,
          46.67546538621448
        ]
      }
    },
    {
      "type": "Feature",
      "properties": {
        "file": "leg01_m019_b023_2026-06-16T16-13-47.jpg",
        "leg": "leg01",
        "mark_index": 19,
        "along_track_m": 19.0,
        "achieved_heading": 26.44056975538866,
        "target_bearing": 23.473044154305967,
        "fix_type": 6,
        "hacc_m": 0.014,
        "corrupt": false,
        "position_interpolated": true,
        "captured_at_utc": "2026-06-16T22:13:47.344726+00:00"
      },
      "geometry": {
        "type": "Point",
        "coordinates": [
          -114.0059678,
          46.6754733
        ]
      }
    },
    {
      "type": "Feature",
      "properties": {
        "file": "leg01_m020_b023_2026-06-16T16-13-48.jpg",
        "leg": "leg01",
        "mark_index": 20,
        "along_track_m": 20.0,
        "achieved_heading": 25.822436716313085,
        "target_bearing": 23.473044154305967,
        "fix_type": 6,
        "hacc_m": 0.014,
        "corrupt": false,
        "position_interpolated": true,
        "captured_at_utc": "2026-06-16T22:13:48.395015+00:00"
      },
      "geometry": {
        "type": "Point",
        "coordinates": [
          -114.00596259999999,
          46.675480799999995
        ]
      }
    },
    {
      "type": "Feature",
      "properties": {
        "file": "leg01_m021_b023_2026-06-16T16-13-49.jpg",
        "leg": "leg01",
        "mark_index": 21,
        "along_track_m": 21.0,
        "achieved_heading": 25.24937537523128,
        "target_bearing": 23.473044154305967,
        "fix_type": 6,
        "hacc_m": 0.014,
        "corrupt": false,
        "position_interpolated": true,
        "captured_at_utc": "2026-06-16T22:13:49.519892+00:00"
      },
      "geometry": {
        "type": "Point",
        "coordinates": [
          -114.0059569,
          46.675489899999995
        ]
      }
    },
    {
      "type": "Feature",
      "properties": {
        "file": "leg01_m022_b023_2026-06-16T16-13-50.jpg",
        "leg": "leg01",
        "mark_index": 22,
        "along_track_m": 22.0,
        "achieved_heading": 24.070299625542958,
        "target_bearing": 23.473044154305967,
        "fix_type": 6,
        "hacc_m": 0.014,
        "corrupt": false,
        "position_interpolated": true,
        "captured_at_utc": "2026-06-16T22:13:50.573581+00:00"
      },
      "geometry": {
        "type": "Point",
        "coordinates": [
          -114.00595229999999,
          46.6754974
        ]
      }
    },
    {
      "type": "Feature",
      "properties": {
        "file": "leg01_m023_b023_2026-06-16T16-13-51.jpg",
        "leg": "leg01",
        "mark_index": 23,
        "along_track_m": 23.0,
        "achieved_heading": 24.367866943540946,
        "target_bearing": 23.473044154305967,
        "fix_type": 6,
        "hacc_m": 0.014,
        "corrupt": false,
        "position_interpolated": true,
        "captured_at_utc": "2026-06-16T22:13:51.613601+00:00"
      },
      "geometry": {
        "type": "Point",
        "coordinates": [
          -114.00594721289227,
          46.675505930661586
        ]
      }
    },
    {
      "type": "Feature",
      "properties": {
        "file": "leg01_m024_b023_2026-06-16T16-13-52.jpg",
        "leg": "leg01",
        "mark_index": 24,
        "along_track_m": 24.0,
        "achieved_heading": 25.948880572490445,
        "target_bearing": 23.473044154305967,
        "fix_type": 6,
        "hacc_m": 0.014,
        "corrupt": false,
        "position_interpolated": true,
        "captured_at_utc": "2026-06-16T22:13:52.730873+00:00"
      },
      "geometry": {
        "type": "Point",
        "coordinates": [
          -114.0059419,
          46.675514299999996
        ]
      }
    },
    {
      "type": "Feature",
      "properties": {
        "file": "leg01_m025_b023_2026-06-16T16-13-53.jpg",
        "leg": "leg01",
        "mark_index": 25,
        "along_track_m": 25.0,
        "achieved_heading": 25.387197143325622,
        "target_bearing": 23.473044154305967,
        "fix_type": 6,
        "hacc_m": 0.014,
        "corrupt": false,
        "position_interpolated": true,
        "captured_at_utc": "2026-06-16T22:13:53.712128+00:00"
      },
      "geometry": {
        "type": "Point",
        "coordinates": [
          -114.00593702914098,
          46.67552205628851
        ]
      }
    },
    {
      "type": "Feature",
      "properties": {
        "file": "leg01_m026_b023_2026-06-16T16-13-55.jpg",
        "leg": "leg01",
        "mark_index": 26,
        "along_track_m": 26.0,
        "achieved_heading": 25.286788071196128,
        "target_bearing": 23.473044154305967,
        "fix_type": 6,
        "hacc_m": 0.014,
        "corrupt": false,
        "position_interpolated": true,
        "captured_at_utc": "2026-06-16T22:13:54.971767+00:00"
      },
      "geometry": {
        "type": "Point",
        "coordinates": [
          -114.00593119999999,
          46.675531299999996
        ]
      }
    },
    {
      "type": "Feature",
      "properties": {
        "file": "leg01_m027_b023_2026-06-16T16-13-56.jpg",
        "leg": "leg01",
        "mark_index": 27,
        "along_track_m": 27.0,
        "achieved_heading": 25.505545703029846,
        "target_bearing": 23.473044154305967,
        "fix_type": 6,
        "hacc_m": 0.014,
        "corrupt": false,
        "position_interpolated": true,
        "captured_at_utc": "2026-06-16T22:13:55.958869+00:00"
      },
      "geometry": {
        "type": "Point",
        "coordinates": [
          -114.0059263,
          46.6755387
        ]
      }
    },
    {
      "type": "Feature",
      "properties": {
        "file": "leg01_m028_b023_2026-06-16T16-13-56.jpg",
        "leg": "leg01",
        "mark_index": 28,
        "along_track_m": 28.0,
        "achieved_heading": 25.235748258903307,
        "target_bearing": 23.473044154305967,
        "fix_type": 6,
        "hacc_m": 0.014,
        "corrupt": false,
        "position_interpolated": true,
        "captured_at_utc": "2026-06-16T22:13:56.940629+00:00"
      },
      "geometry": {
        "type": "Point",
        "coordinates": [
          -114.00592119999999,
          46.6755466
        ]
      }
    },
    {
      "type": "Feature",
      "properties": {
        "file": "leg01_m029_b023_2026-06-16T16-13-58.jpg",
        "leg": "leg01",
        "mark_index": 29,
        "along_track_m": 29.0,
        "achieved_heading": 24.481891617357924,
        "target_bearing": 23.473044154305967,
        "fix_type": 6,
        "hacc_m": 0.014,
        "corrupt": false,
        "position_interpolated": true,
        "captured_at_utc": "2026-06-16T22:13:58.128011+00:00"
      },
      "geometry": {
        "type": "Point",
        "coordinates": [
          -114.00591560525956,
          46.675555191584685
        ]
      }
    },
    {
      "type": "Feature",
      "properties": {
        "file": "leg01_m030_b023_2026-06-16T16-13-59.jpg",
        "leg": "leg01",
        "mark_index": 30,
        "along_track_m": 30.0,
        "achieved_heading": 24.62652921439163,
        "target_bearing": 23.473044154305967,
        "fix_type": 6,
        "hacc_m": 0.014,
        "corrupt": false,
        "position_interpolated": true,
        "captured_at_utc": "2026-06-16T22:13:59.254736+00:00"
      },
      "geometry": {
        "type": "Point",
        "coordinates": [
          -114.00591059999999,
          46.6755633
        ]
      }
    },
    {
      "type": "Feature",
      "properties": {
        "file": "leg01_m031_b023_2026-06-16T16-14-00.jpg",
        "leg": "leg01",
        "mark_index": 31,
        "along_track_m": 31.0,
        "achieved_heading": 22.685540090133678,
        "target_bearing": 23.473044154305967,
        "fix_type": 6,
        "hacc_m": 0.014,
        "corrupt": false,
        "position_interpolated": true,
        "captured_at_utc": "2026-06-16T22:14:00.299219+00:00"
      },
      "geometry": {
        "type": "Point",
        "coordinates": [
          -114.00590489306133,
          46.6755723324896
        ]
      }
    },
    {
      "type": "Feature",
      "properties": {
        "file": "leg01_m032_b023_2026-06-16T16-14-01.jpg",
        "leg": "leg01",
        "mark_index": 32,
        "along_track_m": 32.0,
        "achieved_heading": 23.13453501556414,
        "target_bearing": 23.473044154305967,
        "fix_type": 6,
        "hacc_m": 0.014,
        "corrupt": false,
        "position_interpolated": true,
        "captured_at_utc": "2026-06-16T22:14:01.276447+00:00"
      },
      "geometry": {
        "type": "Point",
        "coordinates": [
          -114.00590021167838,
          46.67557984014675
        ]
      }
    },
    {
      "type": "Feature",
      "properties": {
        "file": "leg01_m033_b023_2026-06-16T16-14-02.jpg",
        "leg": "leg01",
        "mark_index": 33,
        "along_track_m": 33.0,
        "achieved_heading": 23.05065526737502,
        "target_bearing": 23.473044154305967,
        "fix_type": 6,
        "hacc_m": 0.014,
        "corrupt": false,
        "position_interpolated": true,
        "captured_at_utc": "2026-06-16T22:14:02.257684+00:00"
      },
      "geometry": {
        "type": "Point",
        "coordinates": [
          -114.00589575141422,
          46.67558779717155
        ]
      }
    },
    {
      "type": "Feature",
      "properties": {
        "file": "leg01_m034_b023_2026-06-16T16-14-03.jpg",
        "leg": "leg01",
        "mark_index": 34,
        "along_track_m": 34.0,
        "achieved_heading": 25.840644023237573,
        "target_bearing": 23.473044154305967,
        "fix_type": 6,
        "hacc_m": 0.014,
        "corrupt": false,
        "position_interpolated": true,
        "captured_at_utc": "2026-06-16T22:14:03.307336+00:00"
      },
      "geometry": {
        "type": "Point",
        "coordinates": [
          -114.00589043857505,
          46.67559615090448
        ]
      }
    },
    {
      "type": "Feature",
      "properties": {
        "file": "leg01_m035_b023_2026-06-16T16-14-04.jpg",
        "leg": "leg01",
        "mark_index": 35,
        "along_track_m": 35.0,
        "achieved_heading": 25.688654097626895,
        "target_bearing": 23.473044154305967,
        "fix_type": 6,
        "hacc_m": 0.014,
        "corrupt": false,
        "position_interpolated": true,
        "captured_at_utc": "2026-06-16T22:14:04.290813+00:00"
      },
      "geometry": {
        "type": "Point",
        "coordinates": [
          -114.00588507982654,
          46.67560407867502
        ]
      }
    },
    {
      "type": "Feature",
      "properties": {
        "file": "leg01_m036_b023_2026-06-16T16-14-05.jpg",
        "leg": "leg01",
        "mark_index": 36,
        "along_track_m": 36.0,
        "achieved_heading": 25.63445892229781,
        "target_bearing": 23.473044154305967,
        "fix_type": 6,
        "hacc_m": 0.014,
        "corrupt": false,
        "position_interpolated": true,
        "captured_at_utc": "2026-06-16T22:14:05.477017+00:00"
      },
      "geometry": {
        "type": "Point",
        "coordinates": [
          -114.00587937557819,
          46.675613307369666
        ]
      }
    },
    {
      "type": "Feature",
      "properties": {
        "file": "leg01_m037_b023_2026-06-16T16-14-06.jpg",
        "leg": "leg01",
        "mark_index": 37,
        "along_track_m": 37.0,
        "achieved_heading": 24.781950836153868,
        "target_bearing": 23.473044154305967,
        "fix_type": 6,
        "hacc_m": 0.014,
        "corrupt": false,
        "position_interpolated": true,
        "captured_at_utc": "2026-06-16T22:14:06.471362+00:00"
      },
      "geometry": {
        "type": "Point",
        "coordinates": [
          -114.00587426259368,
          46.67562108560722
        ]
      }
    },
    {
      "type": "Feature",
      "properties": {
        "file": "leg01_m038_b023_2026-06-16T16-14-07.jpg",
        "leg": "leg01",
        "mark_index": 38,
        "along_track_m": 38.0,
        "achieved_heading": 24.879187659902513,
        "target_bearing": 23.473044154305967,
        "fix_type": 6,
        "hacc_m": 0.014,
        "corrupt": false,
        "position_interpolated": true,
        "captured_at_utc": "2026-06-16T22:14:07.582360+00:00"
      },
      "geometry": {
        "type": "Point",
        "coordinates": [
          -114.0058688,
          46.6756293
        ]
      }
    },
    {
      "type": "Feature",
      "properties": {
        "file": "leg01_m039_b023_2026-06-16T16-14-08.jpg",
        "leg": "leg01",
        "mark_index": 39,
        "along_track_m": 39.0,
        "achieved_heading": 24.588980928251907,
        "target_bearing": 23.473044154305967,
        "fix_type": 6,
        "hacc_m": 0.014,
        "corrupt": false,
        "position_interpolated": true,
        "captured_at_utc": "2026-06-16T22:14:08.632252+00:00"
      },
      "geometry": {
        "type": "Point",
        "coordinates": [
          -114.00586356238344,
          46.67563780783575
        ]
      }
    },
    {
      "type": "Feature",
      "properties": {
        "file": "leg01_m040_b023_2026-06-16T16-14-09.jpg",
        "leg": "leg01",
        "mark_index": 40,
        "along_track_m": 40.0,
        "achieved_heading": 24.09532585469382,
        "target_bearing": 23.473044154305967,
        "fix_type": 6,
        "hacc_m": 0.014,
        "corrupt": false,
        "position_interpolated": true,
        "captured_at_utc": "2026-06-16T22:14:09.680156+00:00"
      },
      "geometry": {
        "type": "Point",
        "coordinates": [
          -114.00585812448739,
          46.67564611939075
        ]
      }
    },
    {
      "type": "Feature",
      "properties": {
        "file": "leg01_m041_b023_2026-06-16T16-14-10.jpg",
        "leg": "leg01",
        "mark_index": 41,
        "along_track_m": 41.0,
        "achieved_heading": 22.39680536134864,
        "target_bearing": 23.473044154305967,
        "fix_type": 6,
        "hacc_m": 0.014,
        "corrupt": false,
        "position_interpolated": true,
        "captured_at_utc": "2026-06-16T22:14:10.662849+00:00"
      },
      "geometry": {
        "type": "Point",
        "coordinates": [
          -114.00585356662585,
          46.675653811206345
        ]
      }
    },
    {
      "type": "Feature",
      "properties": {
        "file": "leg01_m042_b023_2026-06-16T16-14-11.jpg",
        "leg": "leg01",
        "mark_index": 42,
        "along_track_m": 42.0,
        "achieved_heading": 24.201083202852345,
        "target_bearing": 23.473044154305967,
        "fix_type": 6,
        "hacc_m": 0.014,
        "corrupt": false,
        "position_interpolated": true,
        "captured_at_utc": "2026-06-16T22:14:11.718633+00:00"
      },
      "geometry": {
        "type": "Point",
        "coordinates": [
          -114.0058483,
          46.6756621
        ]
      }
    },
    {
      "type": "Feature",
      "properties": {
        "file": "leg01_m043_b023_2026-06-16T16-14-12.jpg",
        "leg": "leg01",
        "mark_index": 43,
        "along_track_m": 43.0,
        "achieved_heading": 24.981915976565872,
        "target_bearing": 23.473044154305967,
        "fix_type": 6,
        "hacc_m": 0.014,
        "corrupt": false,
        "position_interpolated": true,
        "captured_at_utc": "2026-06-16T22:14:12.839503+00:00"
      },
      "geometry": {
        "type": "Point",
        "coordinates": [
          -114.0058435,
          46.6756703
        ]
      }
    },
    {
      "type": "Feature",
      "properties": {
        "file": "leg01_m044_b023_2026-06-16T16-14-13.jpg",
        "leg": "leg01",
        "mark_index": 44,
        "along_track_m": 44.0,
        "achieved_heading": 25.252356354093926,
        "target_bearing": 23.473044154305967,
        "fix_type": 6,
        "hacc_m": 0.014,
        "corrupt": false,
        "position_interpolated": true,
        "captured_at_utc": "2026-06-16T22:14:13.802949+00:00"
      },
      "geometry": {
        "type": "Point",
        "coordinates": [
          -114.00583739057367,
          46.67567893678289
        ]
      }
    },
    {
      "type": "Feature",
      "properties": {
        "file": "leg01_m045_b023_2026-06-16T16-14-15.jpg",
        "leg": "leg01",
        "mark_index": 45,
        "along_track_m": 45.0,
        "achieved_heading": 23.1283697427858,
        "target_bearing": 23.473044154305967,
        "fix_type": 6,
        "hacc_m": 0.014,
        "corrupt": false,
        "position_interpolated": true,
        "captured_at_utc": "2026-06-16T22:14:14.997798+00:00"
      },
      "geometry": {
        "type": "Point",
        "coordinates": [
          -114.00583189999999,
          46.6756874
        ]
      }
    },
    {
      "type": "Feature",
      "properties": {
        "file": "leg01_m046_b023_2026-06-16T16-14-15.jpg",
        "leg": "leg01",
        "mark_index": 46,
        "along_track_m": 46.0,
        "achieved_heading": 22.937364443381796,
        "target_bearing": 23.473044154305967,
        "fix_type": 6,
        "hacc_m": 0.014,
        "corrupt": false,
        "position_interpolated": true,
        "captured_at_utc": "2026-06-16T22:14:15.983666+00:00"
      },
      "geometry": {
        "type": "Point",
        "coordinates": [
          -114.005827,
          46.675695399999995
        ]
      }
    },
    {
      "type": "Feature",
      "properties": {
        "file": "leg01_m047_b023_2026-06-16T16-14-17.jpg",
        "leg": "leg01",
        "mark_index": 47,
        "along_track_m": 47.0,
        "achieved_heading": 21.47915549387242,
        "target_bearing": 23.473044154305967,
        "fix_type": 6,
        "hacc_m": 0.014,
        "corrupt": false,
        "position_interpolated": true,
        "captured_at_utc": "2026-06-16T22:14:17.043796+00:00"
      },
      "geometry": {
        "type": "Point",
        "coordinates": [
          -114.00582207308433,
          46.675703853831315
        ]
      }
    },
    {
      "type": "Feature",
      "properties": {
        "file": "leg01_m048_b023_2026-06-16T16-14-18.jpg",
        "leg": "leg01",
        "mark_index": 48,
        "along_track_m": 48.0,
        "achieved_heading": 23.710294316069096,
        "target_bearing": 23.473044154305967,
        "fix_type": 6,
        "hacc_m": 0.014,
        "corrupt": false,
        "position_interpolated": true,
        "captured_at_utc": "2026-06-16T22:14:18.151122+00:00"
      },
      "geometry": {
        "type": "Point",
        "coordinates": [
          -114.005817,
          46.675712499999996
        ]
      }
    },
    {
      "type": "Feature",
      "properties": {
        "file": "leg01_m049_b023_2026-06-16T16-14-19.jpg",
        "leg": "leg01",
        "mark_index": 49,
        "along_track_m": 49.0,
        "achieved_heading": 24.076486832184003,
        "target_bearing": 23.473044154305967,
        "fix_type": 6,
        "hacc_m": 0.014,
        "corrupt": false,
        "position_interpolated": true,
        "captured_at_utc": "2026-06-16T22:14:19.138783+00:00"
      },
      "geometry": {
        "type": "Point",
        "coordinates": [
          -114.0058124,
          46.6757205
        ]
      }
    },
    {
      "type": "Feature",
      "properties": {
        "file": "leg01_m050_b023_2026-06-16T16-14-20.jpg",
        "leg": "leg01",
        "mark_index": 50,
        "along_track_m": 50.0,
        "achieved_heading": 25.289585775449375,
        "target_bearing": 23.473044154305967,
        "fix_type": 6,
        "hacc_m": 0.014,
        "corrupt": false,
        "position_interpolated": true,
        "captured_at_utc": "2026-06-16T22:14:20.180799+00:00"
      },
      "geometry": {
        "type": "Point",
        "coordinates": [
          -114.00580749999999,
          46.675728199999995
        ]
      }
    },
    {
      "type": "Feature",
      "properties": {
        "file": "leg01_m051_b023_2026-06-16T16-14-21.jpg",
        "leg": "leg01",
        "mark_index": 51,
        "along_track_m": 51.0,
        "achieved_heading": 26.034951395363528,
        "target_bearing": 23.473044154305967,
        "fix_type": 6,
        "hacc_m": 0.014,
        "corrupt": false,
        "position_interpolated": true,
        "captured_at_utc": "2026-06-16T22:14:21.308504+00:00"
      },
      "geometry": {
        "type": "Point",
        "coordinates": [
          -114.00580123213571,
          46.67573753929919
        ]
      }
    },
    {
      "type": "Feature",
      "properties": {
        "file": "leg01_m052_b023_2026-06-16T16-14-22.jpg",
        "leg": "leg01",
        "mark_index": 52,
        "along_track_m": 52.0,
        "achieved_heading": 25.74815403698974,
        "target_bearing": 23.473044154305967,
        "fix_type": 6,
        "hacc_m": 0.014,
        "corrupt": false,
        "position_interpolated": true,
        "captured_at_utc": "2026-06-16T22:14:22.355467+00:00"
      },
      "geometry": {
        "type": "Point",
        "coordinates": [
          -114.0057959,
          46.6757455
        ]
      }
    },
    {
      "type": "Feature",
      "properties": {
        "file": "leg01_m053_b023_2026-06-16T16-14-23.jpg",
        "leg": "leg01",
        "mark_index": 53,
        "along_track_m": 53.0,
        "achieved_heading": 25.365795166209274,
        "target_bearing": 23.473044154305967,
        "fix_type": 6,
        "hacc_m": 0.014,
        "corrupt": false,
        "position_interpolated": true,
        "captured_at_utc": "2026-06-16T22:14:23.261145+00:00"
      },
      "geometry": {
        "type": "Point",
        "coordinates": [
          -114.00579098792726,
          46.67575303931637
        ]
      }
    },
    {
      "type": "Feature",
      "properties": {
        "file": "leg01_m054_b023_2026-06-16T16-14-24.jpg",
        "leg": "leg01",
        "mark_index": 54,
        "along_track_m": 54.0,
        "achieved_heading": 24.03281610103636,
        "target_bearing": 23.473044154305967,
        "fix_type": 6,
        "hacc_m": 0.014,
        "corrupt": false,
        "position_interpolated": true,
        "captured_at_utc": "2026-06-16T22:14:24.304293+00:00"
      },
      "geometry": {
        "type": "Point",
        "coordinates": [
          -114.00578568903119,
          46.67576107859383
        ]
      }
    },
    {
      "type": "Feature",
      "properties": {
        "file": "leg01_m055_b023_2026-06-16T16-14-25.jpg",
        "leg": "leg01",
        "mark_index": 55,
        "along_track_m": 55.0,
        "achieved_heading": 23.90395365178933,
        "target_bearing": 23.473044154305967,
        "fix_type": 6,
        "hacc_m": 0.014,
        "corrupt": false,
        "position_interpolated": true,
        "captured_at_utc": "2026-06-16T22:14:25.432133+00:00"
      },
      "geometry": {
        "type": "Point",
        "coordinates": [
          -114.00578048352762,
          46.675769718173115
        ]
      }
    },
    {
      "type": "Feature",
      "properties": {
        "file": "leg01_m056_b023_2026-06-16T16-14-26.jpg",
        "leg": "leg01",
        "mark_index": 56,
        "along_track_m": 56.0,
        "achieved_heading": 23.228977197979518,
        "target_bearing": 23.473044154305967,
        "fix_type": 6,
        "hacc_m": 0.014,
        "corrupt": false,
        "position_interpolated": true,
        "captured_at_utc": "2026-06-16T22:14:26.626865+00:00"
      },
      "geometry": {
        "type": "Point",
        "coordinates": [
          -114.0057751,
          46.6757779
        ]
      }
    },
    {
      "type": "Feature",
      "properties": {
        "file": "leg01_m057_b023_2026-06-16T16-14-27.jpg",
        "leg": "leg01",
        "mark_index": 57,
        "along_track_m": 57.0,
        "achieved_heading": 22.880790494294395,
        "target_bearing": 23.473044154305967,
        "fix_type": 6,
        "hacc_m": 0.014,
        "corrupt": false,
        "position_interpolated": true,
        "captured_at_utc": "2026-06-16T22:14:27.604085+00:00"
      },
      "geometry": {
        "type": "Point",
        "coordinates": [
          -114.00577000623935,
          46.67578631251657
        ]
      }
    },
    {
      "type": "Feature",
      "properties": {
        "file": "leg01_m058_b023_2026-06-16T16-14-28.jpg",
        "leg": "leg01",
        "mark_index": 58,
        "along_track_m": 58.0,
        "achieved_heading": 22.420284047171663,
        "target_bearing": 23.473044154305967,
        "fix_type": 6,
        "hacc_m": 0.014,
        "corrupt": false,
        "position_interpolated": true,
        "captured_at_utc": "2026-06-16T22:14:28.728080+00:00"
      },
      "geometry": {
        "type": "Point",
        "coordinates": [
          -114.005765,
          46.675795
        ]
      }
    },
    {
      "type": "Feature",
      "properties": {
        "file": "leg01_m059_b023_2026-06-16T16-14-29.jpg",
        "leg": "leg01",
        "mark_index": 59,
        "along_track_m": 59.0,
        "achieved_heading": 23.157734638281518,
        "target_bearing": 23.473044154305967,
        "fix_type": 6,
        "hacc_m": 0.014,
        "corrupt": false,
        "position_interpolated": true,
        "captured_at_utc": "2026-06-16T22:14:29.703786+00:00"
      },
      "geometry": {
        "type": "Point",
        "coordinates": [
          -114.0057604665835,
          46.67580288162934
        ]
      }
    },
    {
      "type": "Feature",
      "properties": {
        "file": "leg01_m060_b023_2026-06-16T16-14-31.jpg",
        "leg": "leg01",
        "mark_index": 60,
        "along_track_m": 60.0,
        "achieved_heading": 25.36820778663936,
        "target_bearing": 23.473044154305967,
        "fix_type": 6,
        "hacc_m": 0.014,
        "corrupt": false,
        "position_interpolated": true,
        "captured_at_utc": "2026-06-16T22:14:30.902450+00:00"
      },
      "geometry": {
        "type": "Point",
        "coordinates": [
          -114.0057545083255,
          46.67581197619942
        ]
      }
    },
    {
      "type": "Feature",
      "properties": {
        "file": "leg01_m061_b023_2026-06-16T16-14-32.jpg",
        "leg": "leg01",
        "mark_index": 61,
        "along_track_m": 61.0,
        "achieved_heading": 23.944207555932756,
        "target_bearing": 23.473044154305967,
        "fix_type": 6,
        "hacc_m": 0.014,
        "corrupt": false,
        "position_interpolated": true,
        "captured_at_utc": "2026-06-16T22:14:31.950720+00:00"
      },
      "geometry": {
        "type": "Point",
        "coordinates": [
          -114.00574929999999,
          46.675819999999995
        ]
      }
    },
    {
      "type": "Feature",
      "properties": {
        "file": "leg01_m062_b023_2026-06-16T16-14-33.jpg",
        "leg": "leg01",
        "mark_index": 62,
        "along_track_m": 62.0,
        "achieved_heading": 22.25327706729867,
        "target_bearing": 23.473044154305967,
        "fix_type": 6,
        "hacc_m": 0.014,
        "corrupt": false,
        "position_interpolated": true,
        "captured_at_utc": "2026-06-16T22:14:32.995228+00:00"
      },
      "geometry": {
        "type": "Point",
        "coordinates": [
          -114.0057449,
          46.675827299999995
        ]
      }
    },
    {
      "type": "Feature",
      "properties": {
        "file": "leg01_m063_b023_2026-06-16T16-14-34.jpg",
        "leg": "leg01",
        "mark_index": 63,
        "along_track_m": 63.0,
        "achieved_heading": 22.341100355677952,
        "target_bearing": 23.473044154305967,
        "fix_type": 6,
        "hacc_m": 0.014,
        "corrupt": false,
        "position_interpolated": true,
        "captured_at_utc": "2026-06-16T22:14:34.119235+00:00"
      },
      "geometry": {
        "type": "Point",
        "coordinates": [
          -114.00573914576877,
          46.6758365237187
        ]
      }
    },
    {
      "type": "Feature",
      "properties": {
        "file": "leg01_m064_b023_2026-06-16T16-14-35.jpg",
        "leg": "leg01",
        "mark_index": 64,
        "along_track_m": 64.0,
        "achieved_heading": 22.83361777645348,
        "target_bearing": 23.473044154305967,
        "fix_type": 6,
        "hacc_m": 0.014,
        "corrupt": false,
        "position_interpolated": true,
        "captured_at_utc": "2026-06-16T22:14:35.165792+00:00"
      },
      "geometry": {
        "type": "Point",
        "coordinates": [
          -114.00573419999999,
          46.6758442
        ]
      }
    },
    {
      "type": "Feature",
      "properties": {
        "file": "leg01_m065_b023_2026-06-16T16-14-36.jpg",
        "leg": "leg01",
        "mark_index": 65,
        "along_track_m": 65.0,
        "achieved_heading": 23.937728787246613,
        "target_bearing": 23.473044154305967,
        "fix_type": 6,
        "hacc_m": 0.014,
        "corrupt": false,
        "position_interpolated": true,
        "captured_at_utc": "2026-06-16T22:14:36.148265+00:00"
      },
      "geometry": {
        "type": "Point",
        "coordinates": [
          -114.00572899999999,
          46.6758522
        ]
      }
    },
    {
      "type": "Feature",
      "properties": {
        "file": "leg01_m066_b023_2026-06-16T16-14-37.jpg",
        "leg": "leg01",
        "mark_index": 66,
        "along_track_m": 66.0,
        "achieved_heading": 23.50425958020398,
        "target_bearing": 23.473044154305967,
        "fix_type": 6,
        "hacc_m": 0.014,
        "corrupt": false,
        "position_interpolated": true,
        "captured_at_utc": "2026-06-16T22:14:37.267446+00:00"
      },
      "geometry": {
        "type": "Point",
        "coordinates": [
          -114.00572346209186,
          46.675860906862184
        ]
      }
    },
    {
      "type": "Feature",
      "properties": {
        "file": "leg01_m067_b023_2026-06-16T16-14-38.jpg",
        "leg": "leg01",
        "mark_index": 67,
        "along_track_m": 67.0,
        "achieved_heading": 22.895275275078944,
        "target_bearing": 23.473044154305967,
        "fix_type": 6,
        "hacc_m": 0.014,
        "corrupt": false,
        "position_interpolated": true,
        "captured_at_utc": "2026-06-16T22:14:38.314552+00:00"
      },
      "geometry": {
        "type": "Point",
        "coordinates": [
          -114.00571821846289,
          46.67586896861307
        ]
      }
    },
    {
      "type": "Feature",
      "properties": {
        "file": "leg01_m068_b023_2026-06-16T16-14-39.jpg",
        "leg": "leg01",
        "mark_index": 68,
        "along_track_m": 68.0,
        "achieved_heading": 23.445782711240795,
        "target_bearing": 23.473044154305967,
        "fix_type": 6,
        "hacc_m": 0.014,
        "corrupt": false,
        "position_interpolated": true,
        "captured_at_utc": "2026-06-16T22:14:39.295988+00:00"
      },
      "geometry": {
        "type": "Point",
        "coordinates": [
          -114.00571329040243,
          46.67587665937398
        ]
      }
    },
    {
      "type": "Feature",
      "properties": {
        "file": "leg01_m069_b023_2026-06-16T16-14-40.jpg",
        "leg": "leg01",
        "mark_index": 69,
        "along_track_m": 69.0,
        "achieved_heading": 23.35394601262555,
        "target_bearing": 23.473044154305967,
        "fix_type": 6,
        "hacc_m": 0.014,
        "corrupt": false,
        "position_interpolated": true,
        "captured_at_utc": "2026-06-16T22:14:40.496844+00:00"
      },
      "geometry": {
        "type": "Point",
        "coordinates": [
          -114.00570753990478,
          46.675885666825366
        ]
      }
    },
    {
      "type": "Feature",
      "properties": {
        "file": "leg01_m070_b023_2026-06-16T16-14-41.jpg",
        "leg": "leg01",
        "mark_index": 70,
        "along_track_m": 70.0,
        "achieved_heading": 23.09030428624343,
        "target_bearing": 23.473044154305967,
        "fix_type": 6,
        "hacc_m": 0.014,
        "corrupt": false,
        "position_interpolated": true,
        "captured_at_utc": "2026-06-16T22:14:41.534092+00:00"
      },
      "geometry": {
        "type": "Point",
        "coordinates": [
          -114.00570259999999,
          46.6758934
        ]
      }
    },
    {
      "type": "Feature",
      "properties": {
        "file": "leg01_m071_b023_2026-06-16T16-14-42.jpg",
        "leg": "leg01",
        "mark_index": 71,
        "along_track_m": 71.0,
        "achieved_heading": 22.950639822200294,
        "target_bearing": 23.473044154305967,
        "fix_type": 6,
        "hacc_m": 0.014,
        "corrupt": false,
        "position_interpolated": true,
        "captured_at_utc": "2026-06-16T22:14:42.662179+00:00"
      },
      "geometry": {
        "type": "Point",
        "coordinates": [
          -114.00569696546843,
          46.67590218704911
        ]
      }
    },
    {
      "type": "Feature",
      "properties": {
        "file": "leg01_m072_b023_2026-06-16T16-14-43.jpg",
        "leg": "leg01",
        "mark_index": 72,
        "along_track_m": 72.0,
        "achieved_heading": 22.40784125941307,
        "target_bearing": 23.473044154305967,
        "fix_type": 6,
        "hacc_m": 0.014,
        "corrupt": false,
        "position_interpolated": true,
        "captured_at_utc": "2026-06-16T22:14:43.721030+00:00"
      },
      "geometry": {
        "type": "Point",
        "coordinates": [
          -114.0056918,
          46.6759104
        ]
      }
    },
    {
      "type": "Feature",
      "properties": {
        "file": "leg01_m073_b023_2026-06-16T16-14-44.jpg",
        "leg": "leg01",
        "mark_index": 73,
        "along_track_m": 73.0,
        "achieved_heading": 21.79287595698839,
        "target_bearing": 23.473044154305967,
        "fix_type": 6,
        "hacc_m": 0.014,
        "corrupt": false,
        "position_interpolated": true,
        "captured_at_utc": "2026-06-16T22:14:44.762515+00:00"
      },
      "geometry": {
        "type": "Point",
        "coordinates": [
          -114.0056869,
          46.675917999999996
        ]
      }
    },
    {
      "type": "Feature",
      "properties": {
        "file": "leg01_m074_b023_2026-06-16T16-14-46.jpg",
        "leg": "leg01",
        "mark_index": 74,
        "along_track_m": 74.0,
        "achieved_heading": 22.200170273751944,
        "target_bearing": 23.473044154305967,
        "fix_type": 6,
        "hacc_m": 0.014,
        "corrupt": false,
        "position_interpolated": true,
        "captured_at_utc": "2026-06-16T22:14:45.882067+00:00"
      },
      "geometry": {
        "type": "Point",
        "coordinates": [
          -114.00568090955217,
          46.675927176146644
        ]
      }
    },
    {
      "type": "Feature",
      "properties": {
        "file": "leg01_m075_b023_2026-06-16T16-14-46.jpg",
        "leg": "leg01",
        "mark_index": 75,
        "along_track_m": 75.0,
        "achieved_heading": 22.77124177392026,
        "target_bearing": 23.473044154305967,
        "fix_type": 6,
        "hacc_m": 0.014,
        "corrupt": false,
        "position_interpolated": true,
        "captured_at_utc": "2026-06-16T22:14:46.865006+00:00"
      },
      "geometry": {
        "type": "Point",
        "coordinates": [
          -114.00567601099446,
          46.67593493075968
        ]
      }
    },
    {
      "type": "Feature",
      "properties": {
        "file": "leg01_m076_b023_2026-06-16T16-14-47.jpg",
        "leg": "leg01",
        "mark_index": 76,
        "along_track_m": 76.0,
        "achieved_heading": 22.759348795552825,
        "target_bearing": 23.473044154305967,
        "fix_type": 6,
        "hacc_m": 0.014,
        "corrupt": false,
        "position_interpolated": true,
        "captured_at_utc": "2026-06-16T22:14:47.906840+00:00"
      },
      "geometry": {
        "type": "Point",
        "coordinates": [
          -114.00567094541914,
          46.67594302430143
        ]
      }
    },
    {
      "type": "Feature",
      "properties": {
        "file": "leg01_m077_b023_2026-06-16T16-14-49.jpg",
        "leg": "leg01",
        "mark_index": 77,
        "along_track_m": 77.0,
        "achieved_heading": 23.2731636494617,
        "target_bearing": 23.473044154305967,
        "fix_type": 6,
        "hacc_m": 0.014,
        "corrupt": false,
        "position_interpolated": true,
        "captured_at_utc": "2026-06-16T22:14:49.032054+00:00"
      },
      "geometry": {
        "type": "Point",
        "coordinates": [
          -114.00566599999999,
          46.6759511
        ]
      }
    },
    {
      "type": "Feature",
      "properties": {
        "file": "leg01_m078_b023_2026-06-16T16-14-50.jpg",
        "leg": "leg01",
        "mark_index": 78,
        "along_track_m": 78.0,
        "achieved_heading": 24.200264546352606,
        "target_bearing": 23.473044154305967,
        "fix_type": 6,
        "hacc_m": 0.014,
        "corrupt": false,
        "position_interpolated": true,
        "captured_at_utc": "2026-06-16T22:14:50.009942+00:00"
      },
      "geometry": {
        "type": "Point",
        "coordinates": [
          -114.0056608,
          46.6759591
        ]
      }
    },
    {
      "type": "Feature",
      "properties": {
        "file": "leg01_m079_b023_2026-06-16T16-14-51.jpg",
        "leg": "leg01",
        "mark_index": 79,
        "along_track_m": 79.0,
        "achieved_heading": 21.879309102963674,
        "target_bearing": 23.473044154305967,
        "fix_type": 6,
        "hacc_m": 0.014,
        "corrupt": false,
        "position_interpolated": true,
        "captured_at_utc": "2026-06-16T22:14:51.128145+00:00"
      },
      "geometry": {
        "type": "Point",
        "coordinates": [
          -114.0056549,
          46.6759683
        ]
      }
    },
    {
      "type": "Feature",
      "properties": {
        "file": "leg01_m080_b023_2026-06-16T16-14-52.jpg",
        "leg": "leg01",
        "mark_index": 80,
        "along_track_m": 80.0,
        "achieved_heading": 21.90741469267455,
        "target_bearing": 23.473044154305967,
        "fix_type": 6,
        "hacc_m": 0.014,
        "corrupt": false,
        "position_interpolated": true,
        "captured_at_utc": "2026-06-16T22:14:52.181445+00:00"
      },
      "geometry": {
        "type": "Point",
        "coordinates": [
          -114.0056499,
          46.675976299999995
        ]
      }
    },
    {
      "type": "Feature",
      "properties": {
        "file": "leg01_m081_b023_2026-06-16T16-14-53.jpg",
        "leg": "leg01",
        "mark_index": 81,
        "along_track_m": 81.0,
        "achieved_heading": 23.46163740268264,
        "target_bearing": 23.473044154305967,
        "fix_type": 6,
        "hacc_m": 0.014,
        "corrupt": false,
        "position_interpolated": true,
        "captured_at_utc": "2026-06-16T22:14:53.091819+00:00"
      },
      "geometry": {
        "type": "Point",
        "coordinates": [
          -114.00564508058194,
          46.675983993010675
        ]
      }
    },
    {
      "type": "Feature",
      "properties": {
        "file": "leg01_m082_b023_2026-06-16T16-14-54.jpg",
        "leg": "leg01",
        "mark_index": 82,
        "along_track_m": 82.0,
        "achieved_heading": 23.58830998123679,
        "target_bearing": 23.473044154305967,
        "fix_type": 6,
        "hacc_m": 0.014,
        "corrupt": false,
        "position_interpolated": true,
        "captured_at_utc": "2026-06-16T22:14:54.219254+00:00"
      },
      "geometry": {
        "type": "Point",
        "coordinates": [
          -114.00563969999999,
          46.6759923
        ]
      }
    },
    {
      "type": "Feature",
      "properties": {
        "file": "leg01_m083_b023_2026-06-16T16-14-55.jpg",
        "leg": "leg01",
        "mark_index": 83,
        "along_track_m": 83.0,
        "achieved_heading": 22.676611072614286,
        "target_bearing": 23.473044154305967,
        "fix_type": 6,
        "hacc_m": 0.014,
        "corrupt": false,
        "position_interpolated": true,
        "captured_at_utc": "2026-06-16T22:14:55.259828+00:00"
      },
      "geometry": {
        "type": "Point",
        "coordinates": [
          -114.00563413272145,
          46.676001085794105
        ]
      }
    },
    {
      "type": "Feature",
      "properties": {
        "file": "leg01_m084_b023_2026-06-16T16-14-56.jpg",
        "leg": "leg01",
        "mark_index": 84,
        "along_track_m": 84.0,
        "achieved_heading": 23.816289392463027,
        "target_bearing": 23.473044154305967,
        "fix_type": 6,
        "hacc_m": 0.014,
        "corrupt": false,
        "position_interpolated": true,
        "captured_at_utc": "2026-06-16T22:14:56.244245+00:00"
      },
      "geometry": {
        "type": "Point",
        "coordinates": [
          -114.00562916145442,
          46.67600895741435
        ]
      }
    },
    {
      "type": "Feature",
      "properties": {
        "file": "leg01_m085_b023_2026-06-16T16-14-57.jpg",
        "leg": "leg01",
        "mark_index": 85,
        "along_track_m": 85.0,
        "achieved_heading": 22.465525369914282,
        "target_bearing": 23.473044154305967,
        "fix_type": 6,
        "hacc_m": 0.014,
        "corrupt": false,
        "position_interpolated": true,
        "captured_at_utc": "2026-06-16T22:14:57.296693+00:00"
      },
      "geometry": {
        "type": "Point",
        "coordinates": [
          -114.00562440878133,
          46.67601713188339
        ]
      }
    },
    {
      "type": "Feature",
      "properties": {
        "file": "leg01_m086_b023_2026-06-16T16-14-58.jpg",
        "leg": "leg01",
        "mark_index": 86,
        "along_track_m": 86.0,
        "achieved_heading": 23.706822859524223,
        "target_bearing": 23.473044154305967,
        "fix_type": 6,
        "hacc_m": 0.014,
        "corrupt": false,
        "position_interpolated": true,
        "captured_at_utc": "2026-06-16T22:14:58.485292+00:00"
      },
      "geometry": {
        "type": "Point",
        "coordinates": [
          -114.0056182338966,
          46.67602649599678
        ]
      }
    },
    {
      "type": "Feature",
      "properties": {
        "file": "leg01_m087_b023_2026-06-16T16-14-59.jpg",
        "leg": "leg01",
        "mark_index": 87,
        "along_track_m": 87.0,
        "achieved_heading": 23.54849010198464,
        "target_bearing": 23.473044154305967,
        "fix_type": 6,
        "hacc_m": 0.014,
        "corrupt": false,
        "position_interpolated": true,
        "captured_at_utc": "2026-06-16T22:14:59.466706+00:00"
      },
      "geometry": {
        "type": "Point",
        "coordinates": [
          -114.00561325619863,
          46.67603404132191
        ]
      }
    },
    {
      "type": "Feature",
      "properties": {
        "file": "leg01_m088_b023_2026-06-16T16-15-00.jpg",
        "leg": "leg01",
        "mark_index": 88,
        "along_track_m": 88.0,
        "achieved_heading": 23.660388469581,
        "target_bearing": 23.473044154305967,
        "fix_type": 6,
        "hacc_m": 0.014,
        "corrupt": false,
        "position_interpolated": true,
        "captured_at_utc": "2026-06-16T22:15:00.516535+00:00"
      },
      "geometry": {
        "type": "Point",
        "coordinates": [
          -114.00560792933265,
          46.67604226266753
        ]
      }
    },
    {
      "type": "Feature",
      "properties": {
        "file": "leg01_m089_b023_2026-06-16T16-15-01.jpg",
        "leg": "leg01",
        "mark_index": 89,
        "along_track_m": 89.0,
        "achieved_heading": 21.365204264989927,
        "target_bearing": 23.473044154305967,
        "fix_type": 6,
        "hacc_m": 0.014,
        "corrupt": false,
        "position_interpolated": true,
        "captured_at_utc": "2026-06-16T22:15:01.497139+00:00"
      },
      "geometry": {
        "type": "Point",
        "coordinates": [
          -114.00560312309383,
          46.67605012095441
        ]
      }
    },
    {
      "type": "Feature",
      "properties": {
        "file": "leg01_m090_b023_2026-06-16T16-15-02.jpg",
        "leg": "leg01",
        "mark_index": 90,
        "along_track_m": 90.0,
        "achieved_heading": 21.315395366410513,
        "target_bearing": 23.473044154305967,
        "fix_type": 6,
        "hacc_m": 0.014,
        "corrupt": false,
        "position_interpolated": true,
        "captured_at_utc": "2026-06-16T22:15:02.534875+00:00"
      },
      "geometry": {
        "type": "Point",
        "coordinates": [
          -114.0055987,
          46.6760582
        ]
      }
    },
    {
      "type": "Feature",
      "properties": {
        "file": "leg01_m091_b023_2026-06-16T16-15-03.jpg",
        "leg": "leg01",
        "mark_index": 91,
        "along_track_m": 91.0,
        "achieved_heading": 23.094726295017786,
        "target_bearing": 23.473044154305967,
        "fix_type": 6,
        "hacc_m": 0.014,
        "corrupt": false,
        "position_interpolated": true,
        "captured_at_utc": "2026-06-16T22:15:03.735261+00:00"
      },
      "geometry": {
        "type": "Point",
        "coordinates": [
          -114.00559299999999,
          46.6760672
        ]
      }
    },
    {
      "type": "Feature",
      "properties": {
        "file": "leg01_m092_b023_2026-06-16T16-15-04.jpg",
        "leg": "leg01",
        "mark_index": 92,
        "along_track_m": 92.0,
        "achieved_heading": 24.60912692258394,
        "target_bearing": 23.473044154305967,
        "fix_type": 6,
        "hacc_m": 0.014,
        "corrupt": false,
        "position_interpolated": true,
        "captured_at_utc": "2026-06-16T22:15:04.720506+00:00"
      },
      "geometry": {
        "type": "Point",
        "coordinates": [
          -114.0055879,
          46.6760751
        ]
      }
    },
    {
      "type": "Feature",
      "properties": {
        "file": "leg01_m093_b023_2026-06-16T16-15-05.jpg",
        "leg": "leg01",
        "mark_index": 93,
        "along_track_m": 93.0,
        "achieved_heading": 24.187328840224254,
        "target_bearing": 23.473044154305967,
        "fix_type": 6,
        "hacc_m": 0.014,
        "corrupt": false,
        "position_interpolated": true,
        "captured_at_utc": "2026-06-16T22:15:05.767242+00:00"
      },
      "geometry": {
        "type": "Point",
        "coordinates": [
          -114.00558269999999,
          46.6760829
        ]
      }
    },
    {
      "type": "Feature",
      "properties": {
        "file": "leg01_m094_b023_2026-06-16T16-15-06.jpg",
        "leg": "leg01",
        "mark_index": 94,
        "along_track_m": 94.0,
        "achieved_heading": 22.31292170832453,
        "target_bearing": 23.473044154305967,
        "fix_type": 6,
        "hacc_m": 0.014,
        "corrupt": false,
        "position_interpolated": true,
        "captured_at_utc": "2026-06-16T22:15:06.881963+00:00"
      },
      "geometry": {
        "type": "Point",
        "coordinates": [
          -114.00557678242932,
          46.67609149595113
        ]
      }
    },
    {
      "type": "Feature",
      "properties": {
        "file": "leg01_m095_b023_2026-06-16T16-15-07.jpg",
        "leg": "leg01",
        "mark_index": 95,
        "along_track_m": 95.0,
        "achieved_heading": 22.39275959306059,
        "target_bearing": 23.473044154305967,
        "fix_type": 6,
        "hacc_m": 0.014,
        "corrupt": false,
        "position_interpolated": true,
        "captured_at_utc": "2026-06-16T22:15:07.861062+00:00"
      },
      "geometry": {
        "type": "Point",
        "coordinates": [
          -114.0055715874997,
          46.67609948250054
        ]
      }
    },
    {
      "type": "Feature",
      "properties": {
        "file": "leg01_m096_b023_2026-06-16T16-15-08.jpg",
        "leg": "leg01",
        "mark_index": 96,
        "along_track_m": 96.0,
        "achieved_heading": 21.6545208967339,
        "target_bearing": 23.473044154305967,
        "fix_type": 6,
        "hacc_m": 0.014,
        "corrupt": false,
        "position_interpolated": true,
        "captured_at_utc": "2026-06-16T22:15:08.918707+00:00"
      },
      "geometry": {
        "type": "Point",
        "coordinates": [
          -114.0055666,
          46.676107699999996
        ]
      }
    },
    {
      "type": "Feature",
      "properties": {
        "file": "leg01_m097_b023_2026-06-16T16-15-10.jpg",
        "leg": "leg01",
        "mark_index": 97,
        "along_track_m": 97.0,
        "achieved_heading": 22.078155708852044,
        "target_bearing": 23.473044154305967,
        "fix_type": 6,
        "hacc_m": 0.014,
        "corrupt": false,
        "position_interpolated": true,
        "captured_at_utc": "2026-06-16T22:15:10.041448+00:00"
      },
      "geometry": {
        "type": "Point",
        "coordinates": [
          -114.00556121424813,
          46.67611669577817
        ]
      }
    },
    {
      "type": "Feature",
      "properties": {
        "file": "leg01_m098_b023_2026-06-16T16-15-11.jpg",
        "leg": "leg01",
        "mark_index": 98,
        "along_track_m": 98.0,
        "achieved_heading": 23.69303063425808,
        "target_bearing": 23.473044154305967,
        "fix_type": 6,
        "hacc_m": 0.014,
        "corrupt": false,
        "position_interpolated": true,
        "captured_at_utc": "2026-06-16T22:15:11.092979+00:00"
      },
      "geometry": {
        "type": "Point",
        "coordinates": [
          -114.00555597434114,
          46.676124838488285
        ]
      }
    },
    {
      "type": "Feature",
      "properties": {
        "file": "leg01_m099_b023_2026-06-16T16-15-12.jpg",
        "leg": "leg01",
        "mark_index": 99,
        "along_track_m": 99.0,
        "achieved_heading": 23.757233369744533,
        "target_bearing": 23.473044154305967,
        "fix_type": 6,
        "hacc_m": 0.014,
        "corrupt": false,
        "position_interpolated": true,
        "captured_at_utc": "2026-06-16T22:15:12.201790+00:00"
      },
      "geometry": {
        "type": "Point",
        "coordinates": [
          -114.0055505,
          46.676132599999995
        ]
      }
    },
    {
      "type": "Feature",
      "properties": {
        "file": "leg01_m100_b023_2026-06-16T16-15-13.jpg",
        "leg": "leg01",
        "mark_index": 100,
        "along_track_m": 100.0,
        "achieved_heading": 21.062175396742063,
        "target_bearing": 23.473044154305967,
        "fix_type": 6,
        "hacc_m": 0.014,
        "corrupt": false,
        "position_interpolated": true,
        "captured_at_utc": "2026-06-16T22:15:13.123143+00:00"
      },
      "geometry": {
        "type": "Point",
        "coordinates": [
          -114.00554542033771,
          46.676140572883035
        ]
      }
    },
    {
      "type": "Feature",
      "properties": {
        "file": "leg01_m101_b023_2026-06-16T16-15-14.jpg",
        "leg": "leg01",
        "mark_index": 101,
        "along_track_m": 101.0,
        "achieved_heading": 21.41997048830222,
        "target_bearing": 23.473044154305967,
        "fix_type": 6,
        "hacc_m": 0.014,
        "corrupt": false,
        "position_interpolated": true,
        "captured_at_utc": "2026-06-16T22:15:14.168300+00:00"
      },
      "geometry": {
        "type": "Point",
        "coordinates": [
          -114.00554059999999,
          46.6761488
        ]
      }
    },
    {
      "type": "Feature",
      "properties": {
        "file": "leg01_m102_b023_2026-06-16T16-15-15.jpg",
        "leg": "leg01",
        "mark_index": 102,
        "along_track_m": 102.0,
        "achieved_heading": 22.744766251523473,
        "target_bearing": 23.473044154305967,
        "fix_type": 6,
        "hacc_m": 0.014,
        "corrupt": false,
        "position_interpolated": true,
        "captured_at_utc": "2026-06-16T22:15:15.281751+00:00"
      },
      "geometry": {
        "type": "Point",
        "coordinates": [
          -114.00553520369425,
          46.67615792223511
        ]
      }
    },
    {
      "type": "Feature",
      "properties": {
        "file": "leg01_m103_b023_2026-06-16T16-15-16.jpg",
        "leg": "leg01",
        "mark_index": 103,
        "along_track_m": 103.0,
        "achieved_heading": 23.130169526914955,
        "target_bearing": 23.473044154305967,
        "fix_type": 6,
        "hacc_m": 0.014,
        "corrupt": false,
        "position_interpolated": true,
        "captured_at_utc": "2026-06-16T22:15:16.265714+00:00"
      },
      "geometry": {
        "type": "Point",
        "coordinates": [
          -114.00553013601754,
          46.67616595197661
        ]
      }
    },
    {
      "type": "Feature",
      "properties": {
        "file": "leg01_m104_b023_2026-06-16T16-15-17.jpg",
        "leg": "leg01",
        "mark_index": 104,
        "along_track_m": 104.0,
        "achieved_heading": 24.05426378391182,
        "target_bearing": 23.473044154305967,
        "fix_type": 6,
        "hacc_m": 0.014,
        "corrupt": false,
        "position_interpolated": true,
        "captured_at_utc": "2026-06-16T22:15:17.329878+00:00"
      },
      "geometry": {
        "type": "Point",
        "coordinates": [
          -114.0055247,
          46.676174499999995
        ]
      }
    },
    {
      "type": "Feature",
      "properties": {
        "file": "leg01_m105_b023_2026-06-16T16-15-18.jpg",
        "leg": "leg01",
        "mark_index": 105,
        "along_track_m": 105.0,
        "achieved_heading": 23.861786499060834,
        "target_bearing": 23.473044154305967,
        "fix_type": 6,
        "hacc_m": 0.014,
        "corrupt": false,
        "position_interpolated": true,
        "captured_at_utc": "2026-06-16T22:15:18.366877+00:00"
      },
      "geometry": {
        "type": "Point",
        "coordinates": [
          -114.00551999999999,
          46.676181899999996
        ]
      }
    },
    {
      "type": "Feature",
      "properties": {
        "file": "leg01_m106_b023_2026-06-16T16-15-19.jpg",
        "leg": "leg01",
        "mark_index": 106,
        "along_track_m": 106.0,
        "achieved_heading": 22.98985578892586,
        "target_bearing": 23.473044154305967,
        "fix_type": 6,
        "hacc_m": 0.014,
        "corrupt": false,
        "position_interpolated": true,
        "captured_at_utc": "2026-06-16T22:15:19.555694+00:00"
      },
      "geometry": {
        "type": "Point",
        "coordinates": [
          -114.00551349999999,
          46.6761911
        ]
      }
    },
    {
      "type": "Feature",
      "properties": {
        "file": "leg01_m107_b023_2026-06-16T16-15-20.jpg",
        "leg": "leg01",
        "mark_index": 107,
        "along_track_m": 107.0,
        "achieved_heading": 21.77575215100211,
        "target_bearing": 23.473044154305967,
        "fix_type": 6,
        "hacc_m": 0.014,
        "corrupt": false,
        "position_interpolated": true,
        "captured_at_utc": "2026-06-16T22:15:20.467347+00:00"
      },
      "geometry": {
        "type": "Point",
        "coordinates": [
          -114.00550877689813,
          46.6761986872377
        ]
      }
    },
    {
      "type": "Feature",
      "properties": {
        "file": "leg01_m108_b023_2026-06-16T16-15-21.jpg",
        "leg": "leg01",
        "mark_index": 108,
        "along_track_m": 108.0,
        "achieved_heading": 22.079183624370927,
        "target_bearing": 23.473044154305967,
        "fix_type": 6,
        "hacc_m": 0.014,
        "corrupt": false,
        "position_interpolated": true,
        "captured_at_utc": "2026-06-16T22:15:21.521072+00:00"
      },
      "geometry": {
        "type": "Point",
        "coordinates": [
          -114.0055038,
          46.6762072
        ]
      }
    },
    {
      "type": "Feature",
      "properties": {
        "file": "leg01_m109_b023_2026-06-16T16-15-22.jpg",
        "leg": "leg01",
        "mark_index": 109,
        "along_track_m": 109.0,
        "achieved_heading": 21.388301533726597,
        "target_bearing": 23.473044154305967,
        "fix_type": 6,
        "hacc_m": 0.014,
        "corrupt": false,
        "position_interpolated": true,
        "captured_at_utc": "2026-06-16T22:15:22.571994+00:00"
      },
      "geometry": {
        "type": "Point",
        "coordinates": [
          -114.0054991,
          46.676215299999996
        ]
      }
    },
    {
      "type": "Feature",
      "properties": {
        "file": "leg01_m110_b023_2026-06-16T16-15-23.jpg",
        "leg": "leg01",
        "mark_index": 110,
        "along_track_m": 110.0,
        "achieved_heading": 21.894172477437152,
        "target_bearing": 23.473044154305967,
        "fix_type": 6,
        "hacc_m": 0.014,
        "corrupt": false,
        "position_interpolated": true,
        "captured_at_utc": "2026-06-16T22:15:23.547331+00:00"
      },
      "geometry": {
        "type": "Point",
        "coordinates": [
          -114.0054945,
          46.6762234
        ]
      }
    },
    {
      "type": "Feature",
      "properties": {
        "file": "leg01_m111_b023_2026-06-16T16-15-24.jpg",
        "leg": "leg01",
        "mark_index": 111,
        "along_track_m": 111.0,
        "achieved_heading": 22.945959594405956,
        "target_bearing": 23.473044154305967,
        "fix_type": 6,
        "hacc_m": 0.014,
        "corrupt": false,
        "position_interpolated": true,
        "captured_at_utc": "2026-06-16T22:15:24.667524+00:00"
      },
      "geometry": {
        "type": "Point",
        "coordinates": [
          -114.00548900118669,
          46.67623256888564
        ]
      }
    },
    {
      "type": "Feature",
      "properties": {
        "file": "leg01_m112_b023_2026-06-16T16-15-25.jpg",
        "leg": "leg01",
        "mark_index": 112,
        "along_track_m": 112.0,
        "achieved_heading": 24.39472307215837,
        "target_bearing": 23.473044154305967,
        "fix_type": 6,
        "hacc_m": 0.014,
        "corrupt": false,
        "position_interpolated": true,
        "captured_at_utc": "2026-06-16T22:15:25.660311+00:00"
      },
      "geometry": {
        "type": "Point",
        "coordinates": [
          -114.00548377365948,
          46.67624068308764
        ]
      }
    },
    {
      "type": "Feature",
      "properties": {
        "file": "leg01_m113_b023_2026-06-16T16-15-26.jpg",
        "leg": "leg01",
        "mark_index": 113,
        "along_track_m": 113.0,
        "achieved_heading": 25.23387364834509,
        "target_bearing": 23.473044154305967,
        "fix_type": 6,
        "hacc_m": 0.014,
        "corrupt": false,
        "position_interpolated": true,
        "captured_at_utc": "2026-06-16T22:15:26.700575+00:00"
      },
      "geometry": {
        "type": "Point",
        "coordinates": [
          -114.00547812705403,
          46.67624881519412
        ]
      }
    },
    {
      "type": "Feature",
      "properties": {
        "file": "leg01_m114_b023_2026-06-16T16-15-27.jpg",
        "leg": "leg01",
        "mark_index": 114,
        "along_track_m": 114.0,
        "achieved_heading": 25.49495299235943,
        "target_bearing": 23.473044154305967,
        "fix_type": 6,
        "hacc_m": 0.014,
        "corrupt": false,
        "position_interpolated": true,
        "captured_at_utc": "2026-06-16T22:15:27.751907+00:00"
      },
      "geometry": {
        "type": "Point",
        "coordinates": [
          -114.00547239999999,
          46.6762569
        ]
      }
    },
    {
      "type": "Feature",
      "properties": {
        "file": "leg01_m115_b023_2026-06-16T16-15-28.jpg",
        "leg": "leg01",
        "mark_index": 115,
        "along_track_m": 115.0,
        "achieved_heading": 23.365055071369753,
        "target_bearing": 23.473044154305967,
        "fix_type": 6,
        "hacc_m": 0.014,
        "corrupt": false,
        "position_interpolated": true,
        "captured_at_utc": "2026-06-16T22:15:28.799019+00:00"
      },
      "geometry": {
        "type": "Point",
        "coordinates": [
          -114.00546729999999,
          46.6762643
        ]
      }
    },
    {
      "type": "Feature",
      "properties": {
        "file": "leg01_m116_b023_2026-06-16T16-15-30.jpg",
        "leg": "leg01",
        "mark_index": 116,
        "along_track_m": 116.0,
        "achieved_heading": 21.484403868235354,
        "target_bearing": 23.473044154305967,
        "fix_type": 6,
        "hacc_m": 0.014,
        "corrupt": false,
        "position_interpolated": true,
        "captured_at_utc": "2026-06-16T22:15:29.922469+00:00"
      },
      "geometry": {
        "type": "Point",
        "coordinates": [
          -114.0054614,
          46.676274
        ]
      }
    },
    {
      "type": "Feature",
      "properties": {
        "file": "leg01_m117_b023_2026-06-16T16-15-30.jpg",
        "leg": "leg01",
        "mark_index": 117,
        "along_track_m": 117.0,
        "achieved_heading": 22.733892547347203,
        "target_bearing": 23.473044154305967,
        "fix_type": 6,
        "hacc_m": 0.014,
        "corrupt": false,
        "position_interpolated": true,
        "captured_at_utc": "2026-06-16T22:15:30.906770+00:00"
      },
      "geometry": {
        "type": "Point",
        "coordinates": [
          -114.0054568676426,
          46.67628197974648
        ]
      }
    },
    {
      "type": "Feature",
      "properties": {
        "file": "leg01_m118_b023_2026-06-16T16-15-31.jpg",
        "leg": "leg01",
        "mark_index": 118,
        "along_track_m": 118.0,
        "achieved_heading": 25.723520600666575,
        "target_bearing": 23.473044154305967,
        "fix_type": 6,
        "hacc_m": 0.014,
        "corrupt": false,
        "position_interpolated": true,
        "captured_at_utc": "2026-06-16T22:15:31.880049+00:00"
      },
      "geometry": {
        "type": "Point",
        "coordinates": [
          -114.00545248361983,
          46.67628943477135
        ]
      }
    },
    {
      "type": "Feature",
      "properties": {
        "file": "leg01_m119_b023_2026-06-16T16-15-33.jpg",
        "leg": "leg01",
        "mark_index": 119,
        "along_track_m": 119.0,
        "achieved_heading": 26.20357903654174,
        "target_bearing": 23.473044154305967,
        "fix_type": 6,
        "hacc_m": 0.014,
        "corrupt": false,
        "position_interpolated": true,
        "captured_at_utc": "2026-06-16T22:15:32.996979+00:00"
      },
      "geometry": {
        "type": "Point",
        "coordinates": [
          -114.00544652880427,
          46.67629769391316
        ]
      }
    },
    {
      "type": "Feature",
      "properties": {
        "file": "leg01_m120_b023_2026-06-16T16-15-34.jpg",
        "leg": "leg01",
        "mark_index": 120,
        "along_track_m": 120.0,
        "achieved_heading": 25.468328566115808,
        "target_bearing": 23.473044154305967,
        "fix_type": 6,
        "hacc_m": 0.014,
        "corrupt": false,
        "position_interpolated": true,
        "captured_at_utc": "2026-06-16T22:15:34.117003+00:00"
      },
      "geometry": {
        "type": "Point",
        "coordinates": [
          -114.00544050072155,
          46.67630608249152
        ]
      }
    },
    {
      "type": "Feature",
      "properties": {
        "file": "leg01_m121_b023_2026-06-16T16-15-35.jpg",
        "leg": "leg01",
        "mark_index": 121,
        "along_track_m": 121.0,
        "achieved_heading": 22.607304337741205,
        "target_bearing": 23.473044154305967,
        "fix_type": 6,
        "hacc_m": 0.014,
        "corrupt": false,
        "position_interpolated": true,
        "captured_at_utc": "2026-06-16T22:15:35.165597+00:00"
      },
      "geometry": {
        "type": "Point",
        "coordinates": [
          -114.0054352,
          46.6763139
        ]
      }
    },
    {
      "type": "Feature",
      "properties": {
        "file": "leg01_m122_b023_2026-06-16T16-15-36.jpg",
        "leg": "leg01",
        "mark_index": 122,
        "along_track_m": 122.0,
        "achieved_heading": 20.508913892435395,
        "target_bearing": 23.473044154305967,
        "fix_type": 6,
        "hacc_m": 0.014,
        "corrupt": false,
        "position_interpolated": true,
        "captured_at_utc": "2026-06-16T22:15:36.149807+00:00"
      },
      "geometry": {
        "type": "Point",
        "coordinates": [
          -114.0054308,
          46.676322
        ]
      }
    },
    {
      "type": "Feature",
      "properties": {
        "file": "leg01_m123_b023_2026-06-16T16-15-37.jpg",
        "leg": "leg01",
        "mark_index": 123,
        "along_track_m": 123.0,
        "achieved_heading": 23.315719377913858,
        "target_bearing": 23.473044154305967,
        "fix_type": 6,
        "hacc_m": 0.014,
        "corrupt": false,
        "position_interpolated": true,
        "captured_at_utc": "2026-06-16T22:15:37.339043+00:00"
      },
      "geometry": {
        "type": "Point",
        "coordinates": [
          -114.0054253,
          46.676331399999995
        ]
      }
    },
    {
      "type": "Feature",
      "properties": {
        "file": "leg01_m124_b023_2026-06-16T16-15-38.jpg",
        "leg": "leg01",
        "mark_index": 124,
        "along_track_m": 124.0,
        "achieved_heading": 23.74065099085091,
        "target_bearing": 23.473044154305967,
        "fix_type": 6,
        "hacc_m": 0.014,
        "corrupt": false,
        "position_interpolated": true,
        "captured_at_utc": "2026-06-16T22:15:38.316678+00:00"
      },
      "geometry": {
        "type": "Point",
        "coordinates": [
          -114.00542061851128,
          46.67633916853082
        ]
      }
    },
    {
      "type": "Feature",
      "properties": {
        "file": "leg01_m125_b023_2026-06-16T16-15-39.jpg",
        "leg": "leg01",
        "mark_index": 125,
        "along_track_m": 125.0,
        "achieved_heading": 24.431332003317294,
        "target_bearing": 23.473044154305967,
        "fix_type": 6,
        "hacc_m": 0.014,
        "corrupt": false,
        "position_interpolated": true,
        "captured_at_utc": "2026-06-16T22:15:39.374472+00:00"
      },
      "geometry": {
        "type": "Point",
        "coordinates": [
          -114.0054153,
          46.6763469
        ]
      }
    },
    {
      "type": "Feature",
      "properties": {
        "file": "leg01_m126_b023_2026-06-16T16-15-40.jpg",
        "leg": "leg01",
        "mark_index": 126,
        "along_track_m": 126.0,
        "achieved_heading": 23.610238758106533,
        "target_bearing": 23.473044154305967,
        "fix_type": 6,
        "hacc_m": 0.014,
        "corrupt": false,
        "position_interpolated": true,
        "captured_at_utc": "2026-06-16T22:15:40.351286+00:00"
      },
      "geometry": {
        "type": "Point",
        "coordinates": [
          -114.00541,
          46.6763549
        ]
      }
    },
    {
      "type": "Feature",
      "properties": {
        "file": "leg01_m127_b023_2026-06-16T16-15-41.jpg",
        "leg": "leg01",
        "mark_index": 127,
        "along_track_m": 127.0,
        "achieved_heading": 23.900684880936048,
        "target_bearing": 23.473044154305967,
        "fix_type": 6,
        "hacc_m": 0.014,
        "corrupt": false,
        "position_interpolated": true,
        "captured_at_utc": "2026-06-16T22:15:41.471486+00:00"
      },
      "geometry": {
        "type": "Point",
        "coordinates": [
          -114.00540414614424,
          46.676364130783625
        ]
      }
    },
    {
      "type": "Feature",
      "properties": {
        "file": "leg01_m128_b023_2026-06-16T16-15-42.jpg",
        "leg": "leg01",
        "mark_index": 128,
        "along_track_m": 128.0,
        "achieved_heading": 22.13590427043384,
        "target_bearing": 23.473044154305967,
        "fix_type": 6,
        "hacc_m": 0.014,
        "corrupt": false,
        "position_interpolated": true,
        "captured_at_utc": "2026-06-16T22:15:42.515599+00:00"
      },
      "geometry": {
        "type": "Point",
        "coordinates": [
          -114.00539927292836,
          46.676372297900286
        ]
      }
    },
    {
      "type": "Feature",
      "properties": {
        "file": "leg01_m129_b023_2026-06-16T16-15-43.jpg",
        "leg": "leg01",
        "mark_index": 129,
        "along_track_m": 129.0,
        "achieved_heading": 22.769338356126433,
        "target_bearing": 23.473044154305967,
        "fix_type": 6,
        "hacc_m": 0.014,
        "corrupt": false,
        "position_interpolated": true,
        "captured_at_utc": "2026-06-16T22:15:43.574463+00:00"
      },
      "geometry": {
        "type": "Point",
        "coordinates": [
          -114.00539429999999,
          46.6763804
        ]
      }
    },
    {
      "type": "Feature",
      "properties": {
        "file": "leg01_m130_b023_2026-06-16T16-15-44.jpg",
        "leg": "leg01",
        "mark_index": 130,
        "along_track_m": 130.0,
        "achieved_heading": 24.141628780902614,
        "target_bearing": 23.473044154305967,
        "fix_type": 6,
        "hacc_m": 0.014,
        "corrupt": false,
        "position_interpolated": true,
        "captured_at_utc": "2026-06-16T22:15:44.628414+00:00"
      },
      "geometry": {
        "type": "Point",
        "coordinates": [
          -114.0053896,
          46.6763884
        ]
      }
    },
    {
      "type": "Feature",
      "properties": {
        "file": "leg01_m131_b023_2026-06-16T16-15-45.jpg",
        "leg": "leg01",
        "mark_index": 131,
        "along_track_m": 131.0,
        "achieved_heading": 27.43373847238901,
        "target_bearing": 23.473044154305967,
        "fix_type": 6,
        "hacc_m": 0.014,
        "corrupt": false,
        "position_interpolated": true,
        "captured_at_utc": "2026-06-16T22:15:45.606447+00:00"
      },
      "geometry": {
        "type": "Point",
        "coordinates": [
          -114.00538378736681,
          46.67639654079147
        ]
      }
    },
    {
      "type": "Feature",
      "properties": {
        "file": "leg01_m132_b023_2026-06-16T16-15-46.jpg",
        "leg": "leg01",
        "mark_index": 132,
        "along_track_m": 132.0,
        "achieved_heading": 30.66213662027964,
        "target_bearing": 23.473044154305967,
        "fix_type": 6,
        "hacc_m": 0.014,
        "corrupt": false,
        "position_interpolated": true,
        "captured_at_utc": "2026-06-16T22:15:46.655870+00:00"
      },
      "geometry": {
        "type": "Point",
        "coordinates": [
          -114.00537787580915,
          46.676404450989445
        ]
      }
    },
    {
      "type": "Feature",
      "properties": {
        "file": "leg02_m000_b293_2026-06-16T16-15-52.jpg",
        "leg": "leg02",
        "mark_index": 0,
        "along_track_m": 0.0,
        "achieved_heading": 294.3547110652568,
        "target_bearing": 293.60645774089437,
        "fix_type": 6,
        "hacc_m": 0.014,
        "corrupt": false,
        "position_interpolated": true,
        "captured_at_utc": "2026-06-16T22:15:52.255886+00:00"
      },
      "geometry": {
        "type": "Point",
        "coordinates": [
          -114.0053753,
          46.6764108
        ]
      }
    },
    {
      "type": "Feature",
      "properties": {
        "file": "leg02_m001_b293_2026-06-16T16-15-53.jpg",
        "leg": "leg02",
        "mark_index": 1,
        "along_track_m": 1.0,
        "achieved_heading": 292.69370641717256,
        "target_bearing": 293.60645774089437,
        "fix_type": 6,
        "hacc_m": 0.014,
        "corrupt": false,
        "position_interpolated": true,
        "captured_at_utc": "2026-06-16T22:15:53.444759+00:00"
      },
      "geometry": {
        "type": "Point",
        "coordinates": [
          -114.00538402615275,
          46.67641399605313
        ]
      }
    },
    {
      "type": "Feature",
      "properties": {
        "file": "leg02_m002_b293_2026-06-16T16-15-54.jpg",
        "leg": "leg02",
        "mark_index": 2,
        "along_track_m": 2.0,
        "achieved_heading": 287.6359214806552,
        "target_bearing": 293.60645774089437,
        "fix_type": 6,
        "hacc_m": 0.014,
        "corrupt": false,
        "position_interpolated": true,
        "captured_at_utc": "2026-06-16T22:15:54.493317+00:00"
      },
      "geometry": {
        "type": "Point",
        "coordinates": [
          -114.00539615130592,
          46.67641794393249
        ]
      }
    },
    {
      "type": "Feature",
      "properties": {
        "file": "leg02_m003_b293_2026-06-16T16-15-55.jpg",
        "leg": "leg02",
        "mark_index": 3,
        "along_track_m": 3.0,
        "achieved_heading": 281.78722560373933,
        "target_bearing": 293.60645774089437,
        "fix_type": 6,
        "hacc_m": 0.014,
        "corrupt": false,
        "position_interpolated": true,
        "captured_at_utc": "2026-06-16T22:15:55.476696+00:00"
      },
      "geometry": {
        "type": "Point",
        "coordinates": [
          -114.0054082864536,
          46.67642096603137
        ]
      }
    },
    {
      "type": "Feature",
      "properties": {
        "file": "leg02_m004_b293_2026-06-16T16-15-56.jpg",
        "leg": "leg02",
        "mark_index": 4,
        "along_track_m": 4.0,
        "achieved_heading": 280.18351673516815,
        "target_bearing": 293.60645774089437,
        "fix_type": 6,
        "hacc_m": 0.014,
        "corrupt": false,
        "position_interpolated": true,
        "captured_at_utc": "2026-06-16T22:15:56.522128+00:00"
      },
      "geometry": {
        "type": "Point",
        "coordinates": [
          -114.0054212,
          46.6764234
        ]
      }
    },
    {
      "type": "Feature",
      "properties": {
        "file": "leg02_m005_b293_2026-06-16T16-15-57.jpg",
        "leg": "leg02",
        "mark_index": 5,
        "along_track_m": 4.897,
        "achieved_heading": 283.7748161950481,
        "target_bearing": 293.60645774089437,
        "fix_type": 6,
        "hacc_m": 0.014,
        "corrupt": false,
        "position_interpolated": true,
        "captured_at_utc": "2026-06-16T22:15:57.361172+00:00"
      },
      "geometry": {
        "type": "Point",
        "coordinates": [
          -114.0054316,
          46.6764252
        ]
      }
    },
    {
      "type": "Feature",
      "properties": {
        "file": "leg03_m000_b203_2026-06-16T16-16-01.jpg",
        "leg": "leg03",
        "mark_index": 0,
        "along_track_m": 0.0,
        "achieved_heading": 206.66023706095825,
        "target_bearing": 203.47350413456041,
        "fix_type": 6,
        "hacc_m": 0.014,
        "corrupt": false,
        "position_interpolated": true,
        "captured_at_utc": "2026-06-16T22:16:01.357768+00:00"
      },
      "geometry": {
        "type": "Point",
        "coordinates": [
          -114.0054376,
          46.6764264
        ]
      }
    },
    {
      "type": "Feature",
      "properties": {
        "file": "leg03_m001_b203_2026-06-16T16-16-02.jpg",
        "leg": "leg03",
        "mark_index": 1,
        "along_track_m": 1.0,
        "achieved_heading": 206.63835007318426,
        "target_bearing": 203.47350413456041,
        "fix_type": 6,
        "hacc_m": 0.014,
        "corrupt": false,
        "position_interpolated": true,
        "captured_at_utc": "2026-06-16T22:16:02.764989+00:00"
      },
      "geometry": {
        "type": "Point",
        "coordinates": [
          -114.0054449,
          46.6764192
        ]
      }
    },
    {
      "type": "Feature",
      "properties": {
        "file": "leg03_m002_b203_2026-06-16T16-16-03.jpg",
        "leg": "leg03",
        "mark_index": 2,
        "along_track_m": 2.0,
        "achieved_heading": 196.9899126905197,
        "target_bearing": 203.47350413456041,
        "fix_type": 6,
        "hacc_m": 0.014,
        "corrupt": false,
        "position_interpolated": true,
        "captured_at_utc": "2026-06-16T22:16:03.738999+00:00"
      },
      "geometry": {
        "type": "Point",
        "coordinates": [
          -114.00545199999999,
          46.676412
        ]
      }
    },
    {
      "type": "Feature",
      "properties": {
        "file": "leg03_m003_b203_2026-06-16T16-16-04.jpg",
        "leg": "leg03",
        "mark_index": 3,
        "along_track_m": 3.0,
        "achieved_heading": 181.66535431883267,
        "target_bearing": 203.47350413456041,
        "fix_type": 6,
        "hacc_m": 0.014,
        "corrupt": false,
        "position_interpolated": true,
        "captured_at_utc": "2026-06-16T22:16:04.795925+00:00"
      },
      "geometry": {
        "type": "Point",
        "coordinates": [
          -114.0054558,
          46.6764035
        ]
      }
    },
    {
      "type": "Feature",
      "properties": {
        "file": "leg03_m004_b203_2026-06-16T16-16-05.jpg",
        "leg": "leg03",
        "mark_index": 4,
        "along_track_m": 4.0,
        "achieved_heading": 181.55832580270226,
        "target_bearing": 203.47350413456041,
        "fix_type": 6,
        "hacc_m": 0.014,
        "corrupt": false,
        "position_interpolated": true,
        "captured_at_utc": "2026-06-16T22:16:05.693780+00:00"
      },
      "geometry": {
        "type": "Point",
        "coordinates": [
          -114.00545746180943,
          46.676395029143414
        ]
      }
    },
    {
      "type": "Feature",
      "properties": {
        "file": "leg03_m005_b203_2026-06-16T16-16-07.jpg",
        "leg": "leg03",
        "mark_index": 5,
        "along_track_m": 5.0,
        "achieved_heading": 190.79096771344032,
        "target_bearing": 203.47350413456041,
        "fix_type": 6,
        "hacc_m": 0.014,
        "corrupt": false,
        "position_interpolated": true,
        "captured_at_utc": "2026-06-16T22:16:06.961521+00:00"
      },
      "geometry": {
        "type": "Point",
        "coordinates": [
          -114.00546089999999,
          46.6763845
        ]
      }
    },
    {
      "type": "Feature",
      "properties": {
        "file": "leg03_m006_b203_2026-06-16T16-16-07.jpg",
        "leg": "leg03",
        "mark_index": 6,
        "along_track_m": 6.0,
        "achieved_heading": 195.98905961082198,
        "target_bearing": 203.47350413456041,
        "fix_type": 6,
        "hacc_m": 0.014,
        "corrupt": false,
        "position_interpolated": true,
        "captured_at_utc": "2026-06-16T22:16:07.873967+00:00"
      },
      "geometry": {
        "type": "Point",
        "coordinates": [
          -114.00546508807425,
          46.676376500304194
        ]
      }
    },
    {
      "type": "Feature",
      "properties": {
        "file": "leg03_m007_b203_2026-06-16T16-16-08.jpg",
        "leg": "leg03",
        "mark_index": 7,
        "along_track_m": 7.0,
        "achieved_heading": 196.1057138179106,
        "target_bearing": 203.47350413456041,
        "fix_type": 6,
        "hacc_m": 0.014,
        "corrupt": false,
        "position_interpolated": true,
        "captured_at_utc": "2026-06-16T22:16:08.848649+00:00"
      },
      "geometry": {
        "type": "Point",
        "coordinates": [
          -114.00547001006105,
          46.67636893173493
        ]
      }
    },
    {
      "type": "Feature",
      "properties": {
        "file": "leg03_m008_b203_2026-06-16T16-16-09.jpg",
        "leg": "leg03",
        "mark_index": 8,
        "along_track_m": 8.0,
        "achieved_heading": 195.0200035626114,
        "target_bearing": 203.47350413456041,
        "fix_type": 6,
        "hacc_m": 0.014,
        "corrupt": false,
        "position_interpolated": true,
        "captured_at_utc": "2026-06-16T22:16:09.967104+00:00"
      },
      "geometry": {
        "type": "Point",
        "coordinates": [
          -114.0054751,
          46.6763604
        ]
      }
    },
    {
      "type": "Feature",
      "properties": {
        "file": "leg03_m009_b203_2026-06-16T16-16-11.jpg",
        "leg": "leg03",
        "mark_index": 9,
        "along_track_m": 9.0,
        "achieved_heading": 195.78715298193606,
        "target_bearing": 203.47350413456041,
        "fix_type": 6,
        "hacc_m": 0.014,
        "corrupt": false,
        "position_interpolated": true,
        "captured_at_utc": "2026-06-16T22:16:11.089975+00:00"
      },
      "geometry": {
        "type": "Point",
        "coordinates": [
          -114.00548025620044,
          46.67635116962417
        ]
      }
    },
    {
      "type": "Feature",
      "properties": {
        "file": "leg03_m010_b203_2026-06-16T16-16-12.jpg",
        "leg": "leg03",
        "mark_index": 10,
        "along_track_m": 10.0,
        "achieved_heading": 197.9390887338322,
        "target_bearing": 203.47350413456041,
        "fix_type": 6,
        "hacc_m": 0.014,
        "corrupt": false,
        "position_interpolated": true,
        "captured_at_utc": "2026-06-16T22:16:12.056535+00:00"
      },
      "geometry": {
        "type": "Point",
        "coordinates": [
          -114.00548514699803,
          46.67634339420274
        ]
      }
    },
    {
      "type": "Feature",
      "properties": {
        "file": "leg03_m011_b203_2026-06-16T16-16-13.jpg",
        "leg": "leg03",
        "mark_index": 11,
        "along_track_m": 11.0,
        "achieved_heading": 196.36740767893644,
        "target_bearing": 203.47350413456041,
        "fix_type": 6,
        "hacc_m": 0.014,
        "corrupt": false,
        "position_interpolated": true,
        "captured_at_utc": "2026-06-16T22:16:13.121536+00:00"
      },
      "geometry": {
        "type": "Point",
        "coordinates": [
          -114.00549095374612,
          46.67633496727836
        ]
      }
    },
    {
      "type": "Feature",
      "properties": {
        "file": "leg03_m012_b203_2026-06-16T16-16-14.jpg",
        "leg": "leg03",
        "mark_index": 12,
        "along_track_m": 12.0,
        "achieved_heading": 194.4979522146435,
        "target_bearing": 203.47350413456041,
        "fix_type": 6,
        "hacc_m": 0.014,
        "corrupt": false,
        "position_interpolated": true,
        "captured_at_utc": "2026-06-16T22:16:14.103608+00:00"
      },
      "geometry": {
        "type": "Point",
        "coordinates": [
          -114.0054955494661,
          46.67632685590762
        ]
      }
    },
    {
      "type": "Feature",
      "properties": {
        "file": "leg03_m013_b203_2026-06-16T16-16-15.jpg",
        "leg": "leg03",
        "mark_index": 13,
        "along_track_m": 13.0,
        "achieved_heading": 194.83094102676864,
        "target_bearing": 203.47350413456041,
        "fix_type": 6,
        "hacc_m": 0.014,
        "corrupt": false,
        "position_interpolated": true,
        "captured_at_utc": "2026-06-16T22:16:15.148917+00:00"
      },
      "geometry": {
        "type": "Point",
        "coordinates": [
          -114.0055003,
          46.6763184
        ]
      }
    },
    {
      "type": "Feature",
      "properties": {
        "file": "leg03_m014_b203_2026-06-16T16-16-16.jpg",
        "leg": "leg03",
        "mark_index": 14,
        "along_track_m": 14.0,
        "achieved_heading": 196.85906068000753,
        "target_bearing": 203.47350413456041,
        "fix_type": 6,
        "hacc_m": 0.014,
        "corrupt": false,
        "position_interpolated": true,
        "captured_at_utc": "2026-06-16T22:16:16.058203+00:00"
      },
      "geometry": {
        "type": "Point",
        "coordinates": [
          -114.00550474115904,
          46.676310674145526
        ]
      }
    },
    {
      "type": "Feature",
      "properties": {
        "file": "leg03_m015_b203_2026-06-16T16-16-17.jpg",
        "leg": "leg03",
        "mark_index": 15,
        "along_track_m": 15.0,
        "achieved_heading": 198.27953138954615,
        "target_bearing": 203.47350413456041,
        "fix_type": 6,
        "hacc_m": 0.014,
        "corrupt": false,
        "position_interpolated": true,
        "captured_at_utc": "2026-06-16T22:16:17.188476+00:00"
      },
      "geometry": {
        "type": "Point",
        "coordinates": [
          -114.00551019999999,
          46.6763021
        ]
      }
    },
    {
      "type": "Feature",
      "properties": {
        "file": "leg03_m016_b203_2026-06-16T16-16-18.jpg",
        "leg": "leg03",
        "mark_index": 16,
        "along_track_m": 16.0,
        "achieved_heading": 198.14493047920018,
        "target_bearing": 203.47350413456041,
        "fix_type": 6,
        "hacc_m": 0.014,
        "corrupt": false,
        "position_interpolated": true,
        "captured_at_utc": "2026-06-16T22:16:18.161249+00:00"
      },
      "geometry": {
        "type": "Point",
        "coordinates": [
          -114.00551519999999,
          46.6762941
        ]
      }
    },
    {
      "type": "Feature",
      "properties": {
        "file": "leg03_m017_b203_2026-06-16T16-16-19.jpg",
        "leg": "leg03",
        "mark_index": 17,
        "along_track_m": 17.0,
        "achieved_heading": 198.64636153138636,
        "target_bearing": 203.47350413456041,
        "fix_type": 6,
        "hacc_m": 0.014,
        "corrupt": false,
        "position_interpolated": true,
        "captured_at_utc": "2026-06-16T22:16:19.209685+00:00"
      },
      "geometry": {
        "type": "Point",
        "coordinates": [
          -114.00552049999999,
          46.6762861
        ]
      }
    },
    {
      "type": "Feature",
      "properties": {
        "file": "leg03_m018_b203_2026-06-16T16-16-20.jpg",
        "leg": "leg03",
        "mark_index": 18,
        "along_track_m": 18.0,
        "achieved_heading": 198.3494035988801,
        "target_bearing": 203.47350413456041,
        "fix_type": 6,
        "hacc_m": 0.014,
        "corrupt": false,
        "position_interpolated": true,
        "captured_at_utc": "2026-06-16T22:16:20.126678+00:00"
      },
      "geometry": {
        "type": "Point",
        "coordinates": [
          -114.0055255909336,
          46.67627782201838
        ]
      }
    },
    {
      "type": "Feature",
      "properties": {
        "file": "leg03_m019_b203_2026-06-16T16-16-21.jpg",
        "leg": "leg03",
        "mark_index": 19,
        "along_track_m": 19.0,
        "achieved_heading": 198.88872457944228,
        "target_bearing": 203.47350413456041,
        "fix_type": 6,
        "hacc_m": 0.014,
        "corrupt": false,
        "position_interpolated": true,
        "captured_at_utc": "2026-06-16T22:16:21.241392+00:00"
      },
      "geometry": {
        "type": "Point",
        "coordinates": [
          -114.00553117661508,
          46.67626893507739
        ]
      }
    },
    {
      "type": "Feature",
      "properties": {
        "file": "leg03_m020_b203_2026-06-16T16-16-22.jpg",
        "leg": "leg03",
        "mark_index": 20,
        "along_track_m": 20.0,
        "achieved_heading": 201.0034535210088,
        "target_bearing": 203.47350413456041,
        "fix_type": 6,
        "hacc_m": 0.014,
        "corrupt": false,
        "position_interpolated": true,
        "captured_at_utc": "2026-06-16T22:16:22.360154+00:00"
      },
      "geometry": {
        "type": "Point",
        "coordinates": [
          -114.00553699999999,
          46.6762607
        ]
      }
    },
    {
      "type": "Feature",
      "properties": {
        "file": "leg03_m021_b203_2026-06-16T16-16-23.jpg",
        "leg": "leg03",
        "mark_index": 21,
        "along_track_m": 21.0,
        "achieved_heading": 201.84837145379873,
        "target_bearing": 203.47350413456041,
        "fix_type": 6,
        "hacc_m": 0.014,
        "corrupt": false,
        "position_interpolated": true,
        "captured_at_utc": "2026-06-16T22:16:23.342160+00:00"
      },
      "geometry": {
        "type": "Point",
        "coordinates": [
          -114.0055424,
          46.6762528
        ]
      }
    },
    {
      "type": "Feature",
      "properties": {
        "file": "leg03_m022_b203_2026-06-16T16-16-24.jpg",
        "leg": "leg03",
        "mark_index": 22,
        "along_track_m": 22.0,
        "achieved_heading": 201.3088852268209,
        "target_bearing": 203.47350413456041,
        "fix_type": 6,
        "hacc_m": 0.014,
        "corrupt": false,
        "position_interpolated": true,
        "captured_at_utc": "2026-06-16T22:16:24.331557+00:00"
      },
      "geometry": {
        "type": "Point",
        "coordinates": [
          -114.0055481,
          46.676244999999994
        ]
      }
    },
    {
      "type": "Feature",
      "properties": {
        "file": "leg03_m023_b203_2026-06-16T16-16-25.jpg",
        "leg": "leg03",
        "mark_index": 23,
        "along_track_m": 23.0,
        "achieved_heading": 199.53989022682515,
        "target_bearing": 203.47350413456041,
        "fix_type": 6,
        "hacc_m": 0.014,
        "corrupt": false,
        "position_interpolated": true,
        "captured_at_utc": "2026-06-16T22:16:25.523863+00:00"
      },
      "geometry": {
        "type": "Point",
        "coordinates": [
          -114.0055539,
          46.676235899999995
        ]
      }
    },
    {
      "type": "Feature",
      "properties": {
        "file": "leg03_m024_b203_2026-06-16T16-16-26.jpg",
        "leg": "leg03",
        "mark_index": 24,
        "along_track_m": 24.0,
        "achieved_heading": 199.84973546589768,
        "target_bearing": 203.47350413456041,
        "fix_type": 6,
        "hacc_m": 0.014,
        "corrupt": false,
        "position_interpolated": true,
        "captured_at_utc": "2026-06-16T22:16:26.577517+00:00"
      },
      "geometry": {
        "type": "Point",
        "coordinates": [
          -114.0055589,
          46.6762283
        ]
      }
    },
    {
      "type": "Feature",
      "properties": {
        "file": "leg03_m025_b203_2026-06-16T16-16-27.jpg",
        "leg": "leg03",
        "mark_index": 25,
        "along_track_m": 25.0,
        "achieved_heading": 199.36109839172977,
        "target_bearing": 203.47350413456041,
        "fix_type": 6,
        "hacc_m": 0.014,
        "corrupt": false,
        "position_interpolated": true,
        "captured_at_utc": "2026-06-16T22:16:27.549299+00:00"
      },
      "geometry": {
        "type": "Point",
        "coordinates": [
          -114.0055639,
          46.6762205
        ]
      }
    },
    {
      "type": "Feature",
      "properties": {
        "file": "leg03_m026_b203_2026-06-16T16-16-28.jpg",
        "leg": "leg03",
        "mark_index": 26,
        "along_track_m": 26.0,
        "achieved_heading": 200.2790489679519,
        "target_bearing": 203.47350413456041,
        "fix_type": 6,
        "hacc_m": 0.014,
        "corrupt": false,
        "position_interpolated": true,
        "captured_at_utc": "2026-06-16T22:16:28.668756+00:00"
      },
      "geometry": {
        "type": "Point",
        "coordinates": [
          -114.00556937418575,
          46.67621172340171
        ]
      }
    },
    {
      "type": "Feature",
      "properties": {
        "file": "leg03_m027_b203_2026-06-16T16-16-29.jpg",
        "leg": "leg03",
        "mark_index": 27,
        "along_track_m": 27.0,
        "achieved_heading": 203.20744122138672,
        "target_bearing": 203.47350413456041,
        "fix_type": 6,
        "hacc_m": 0.014,
        "corrupt": false,
        "position_interpolated": true,
        "captured_at_utc": "2026-06-16T22:16:29.786136+00:00"
      },
      "geometry": {
        "type": "Point",
        "coordinates": [
          -114.0055749,
          46.6762042
        ]
      }
    },
    {
      "type": "Feature",
      "properties": {
        "file": "leg03_m028_b203_2026-06-16T16-16-30.jpg",
        "leg": "leg03",
        "mark_index": 28,
        "along_track_m": 28.0,
        "achieved_heading": 197.56631581273024,
        "target_bearing": 203.47350413456041,
        "fix_type": 6,
        "hacc_m": 0.014,
        "corrupt": false,
        "position_interpolated": true,
        "captured_at_utc": "2026-06-16T22:16:30.845004+00:00"
      },
      "geometry": {
        "type": "Point",
        "coordinates": [
          -114.00558086115471,
          46.67619524004109
        ]
      }
    },
    {
      "type": "Feature",
      "properties": {
        "file": "leg03_m029_b203_2026-06-16T16-16-32.jpg",
        "leg": "leg03",
        "mark_index": 29,
        "along_track_m": 29.0,
        "achieved_heading": 196.69162515644655,
        "target_bearing": 203.47350413456041,
        "fix_type": 6,
        "hacc_m": 0.014,
        "corrupt": false,
        "position_interpolated": true,
        "captured_at_utc": "2026-06-16T22:16:31.968916+00:00"
      },
      "geometry": {
        "type": "Point",
        "coordinates": [
          -114.00558559999999,
          46.6761866
        ]
      }
    },
    {
      "type": "Feature",
      "properties": {
        "file": "leg03_m030_b203_2026-06-16T16-16-32.jpg",
        "leg": "leg03",
        "mark_index": 30,
        "along_track_m": 30.0,
        "achieved_heading": 198.25988670164006,
        "target_bearing": 203.47350413456041,
        "fix_type": 6,
        "hacc_m": 0.014,
        "corrupt": false,
        "position_interpolated": true,
        "captured_at_utc": "2026-06-16T22:16:32.869810+00:00"
      },
      "geometry": {
        "type": "Point",
        "coordinates": [
          -114.00558977223021,
          46.67617897961631
        ]
      }
    },
    {
      "type": "Feature",
      "properties": {
        "file": "leg03_m031_b203_2026-06-16T16-16-33.jpg",
        "leg": "leg03",
        "mark_index": 31,
        "along_track_m": 31.0,
        "achieved_heading": 198.2310705883961,
        "target_bearing": 203.47350413456041,
        "fix_type": 6,
        "hacc_m": 0.014,
        "corrupt": false,
        "position_interpolated": true,
        "captured_at_utc": "2026-06-16T22:16:33.920785+00:00"
      },
      "geometry": {
        "type": "Point",
        "coordinates": [
          -114.00559489537369,
          46.67617040655392
        ]
      }
    },
    {
      "type": "Feature",
      "properties": {
        "file": "leg03_m032_b203_2026-06-16T16-16-34.jpg",
        "leg": "leg03",
        "mark_index": 32,
        "along_track_m": 32.0,
        "achieved_heading": 198.46479582023568,
        "target_bearing": 203.47350413456041,
        "fix_type": 6,
        "hacc_m": 0.014,
        "corrupt": false,
        "position_interpolated": true,
        "captured_at_utc": "2026-06-16T22:16:34.967500+00:00"
      },
      "geometry": {
        "type": "Point",
        "coordinates": [
          -114.0055996,
          46.6761623
        ]
      }
    },
    {
      "type": "Feature",
      "properties": {
        "file": "leg03_m033_b203_2026-06-16T16-16-36.jpg",
        "leg": "leg03",
        "mark_index": 33,
        "along_track_m": 33.0,
        "achieved_heading": 201.07837915727094,
        "target_bearing": 203.47350413456041,
        "fix_type": 6,
        "hacc_m": 0.014,
        "corrupt": false,
        "position_interpolated": true,
        "captured_at_utc": "2026-06-16T22:16:36.093175+00:00"
      },
      "geometry": {
        "type": "Point",
        "coordinates": [
          -114.00560487989974,
          46.67615316016407
        ]
      }
    },
    {
      "type": "Feature",
      "properties": {
        "file": "leg03_m034_b203_2026-06-16T16-16-37.jpg",
        "leg": "leg03",
        "mark_index": 34,
        "along_track_m": 34.0,
        "achieved_heading": 202.21834539717847,
        "target_bearing": 203.47350413456041,
        "fix_type": 6,
        "hacc_m": 0.014,
        "corrupt": false,
        "position_interpolated": true,
        "captured_at_utc": "2026-06-16T22:16:37.138843+00:00"
      },
      "geometry": {
        "type": "Point",
        "coordinates": [
          -114.0056104,
          46.6761449
        ]
      }
    },
    {
      "type": "Feature",
      "properties": {
        "file": "leg03_m035_b203_2026-06-16T16-16-38.jpg",
        "leg": "leg03",
        "mark_index": 35,
        "along_track_m": 35.0,
        "achieved_heading": 200.34854706803014,
        "target_bearing": 203.47350413456041,
        "fix_type": 6,
        "hacc_m": 0.014,
        "corrupt": false,
        "position_interpolated": true,
        "captured_at_utc": "2026-06-16T22:16:38.183003+00:00"
      },
      "geometry": {
        "type": "Point",
        "coordinates": [
          -114.0056156,
          46.676137399999995
        ]
      }
    },
    {
      "type": "Feature",
      "properties": {
        "file": "leg03_m036_b203_2026-06-16T16-16-39.jpg",
        "leg": "leg03",
        "mark_index": 36,
        "along_track_m": 36.0,
        "achieved_heading": 200.4741797917187,
        "target_bearing": 203.47350413456041,
        "fix_type": 6,
        "hacc_m": 0.014,
        "corrupt": false,
        "position_interpolated": true,
        "captured_at_utc": "2026-06-16T22:16:39.169082+00:00"
      },
      "geometry": {
        "type": "Point",
        "coordinates": [
          -114.0056207,
          46.6761293
        ]
      }
    },
    {
      "type": "Feature",
      "properties": {
        "file": "leg03_m037_b203_2026-06-16T16-16-40.jpg",
        "leg": "leg03",
        "mark_index": 37,
        "along_track_m": 37.0,
        "achieved_heading": 198.96647526990665,
        "target_bearing": 203.47350413456041,
        "fix_type": 6,
        "hacc_m": 0.014,
        "corrupt": false,
        "position_interpolated": true,
        "captured_at_utc": "2026-06-16T22:16:40.222868+00:00"
      },
      "geometry": {
        "type": "Point",
        "coordinates": [
          -114.00562579999999,
          46.676120999999995
        ]
      }
    },
    {
      "type": "Feature",
      "properties": {
        "file": "leg03_m038_b203_2026-06-16T16-16-41.jpg",
        "leg": "leg03",
        "mark_index": 38,
        "along_track_m": 38.0,
        "achieved_heading": 199.6781637606988,
        "target_bearing": 203.47350413456041,
        "fix_type": 6,
        "hacc_m": 0.014,
        "corrupt": false,
        "position_interpolated": true,
        "captured_at_utc": "2026-06-16T22:16:41.203871+00:00"
      },
      "geometry": {
        "type": "Point",
        "coordinates": [
          -114.00563080612118,
          46.67611262602278
        ]
      }
    },
    {
      "type": "Feature",
      "properties": {
        "file": "leg03_m039_b203_2026-06-16T16-16-42.jpg",
        "leg": "leg03",
        "mark_index": 39,
        "along_track_m": 39.0,
        "achieved_heading": 201.284810312628,
        "target_bearing": 203.47350413456041,
        "fix_type": 6,
        "hacc_m": 0.014,
        "corrupt": false,
        "position_interpolated": true,
        "captured_at_utc": "2026-06-16T22:16:42.247938+00:00"
      },
      "geometry": {
        "type": "Point",
        "coordinates": [
          -114.00563580208149,
          46.676104396877776
        ]
      }
    },
    {
      "type": "Feature",
      "properties": {
        "file": "leg03_m040_b203_2026-06-16T16-16-43.jpg",
        "leg": "leg03",
        "mark_index": 40,
        "along_track_m": 40.0,
        "achieved_heading": 201.81715898078602,
        "target_bearing": 203.47350413456041,
        "fix_type": 6,
        "hacc_m": 0.014,
        "corrupt": false,
        "position_interpolated": true,
        "captured_at_utc": "2026-06-16T22:16:43.299315+00:00"
      },
      "geometry": {
        "type": "Point",
        "coordinates": [
          -114.00564128073654,
          46.67609590274788
        ]
      }
    },
    {
      "type": "Feature",
      "properties": {
        "file": "leg03_m041_b203_2026-06-16T16-16-44.jpg",
        "leg": "leg03",
        "mark_index": 41,
        "along_track_m": 41.0,
        "achieved_heading": 199.8001603958629,
        "target_bearing": 203.47350413456041,
        "fix_type": 6,
        "hacc_m": 0.014,
        "corrupt": false,
        "position_interpolated": true,
        "captured_at_utc": "2026-06-16T22:16:44.354062+00:00"
      },
      "geometry": {
        "type": "Point",
        "coordinates": [
          -114.00564639999999,
          46.6760878
        ]
      }
    },
    {
      "type": "Feature",
      "properties": {
        "file": "leg03_m042_b203_2026-06-16T16-16-45.jpg",
        "leg": "leg03",
        "mark_index": 42,
        "along_track_m": 42.0,
        "achieved_heading": 200.1245063212988,
        "target_bearing": 203.47350413456041,
        "fix_type": 6,
        "hacc_m": 0.014,
        "corrupt": false,
        "position_interpolated": true,
        "captured_at_utc": "2026-06-16T22:16:45.320724+00:00"
      },
      "geometry": {
        "type": "Point",
        "coordinates": [
          -114.0056517,
          46.6760799
        ]
      }
    },
    {
      "type": "Feature",
      "properties": {
        "file": "leg03_m043_b203_2026-06-16T16-16-46.jpg",
        "leg": "leg03",
        "mark_index": 43,
        "along_track_m": 43.0,
        "achieved_heading": 201.4435751501158,
        "target_bearing": 203.47350413456041,
        "fix_type": 6,
        "hacc_m": 0.014,
        "corrupt": false,
        "position_interpolated": true,
        "captured_at_utc": "2026-06-16T22:16:46.447276+00:00"
      },
      "geometry": {
        "type": "Point",
        "coordinates": [
          -114.00565663069253,
          46.6760709565466
        ]
      }
    },
    {
      "type": "Feature",
      "properties": {
        "file": "leg03_m044_b203_2026-06-16T16-16-47.jpg",
        "leg": "leg03",
        "mark_index": 44,
        "along_track_m": 44.0,
        "achieved_heading": 202.8003075645783,
        "target_bearing": 203.47350413456041,
        "fix_type": 6,
        "hacc_m": 0.014,
        "corrupt": false,
        "position_interpolated": true,
        "captured_at_utc": "2026-06-16T22:16:47.504214+00:00"
      },
      "geometry": {
        "type": "Point",
        "coordinates": [
          -114.0056618997731,
          46.67606256036304
        ]
      }
    },
    {
      "type": "Feature",
      "properties": {
        "file": "leg03_m045_b203_2026-06-16T16-16-48.jpg",
        "leg": "leg03",
        "mark_index": 45,
        "along_track_m": 45.0,
        "achieved_heading": 201.82895033385182,
        "target_bearing": 203.47350413456041,
        "fix_type": 6,
        "hacc_m": 0.014,
        "corrupt": false,
        "position_interpolated": true,
        "captured_at_utc": "2026-06-16T22:16:48.627029+00:00"
      },
      "geometry": {
        "type": "Point",
        "coordinates": [
          -114.0056673,
          46.676054799999996
        ]
      }
    },
    {
      "type": "Feature",
      "properties": {
        "file": "leg03_m046_b203_2026-06-16T16-16-49.jpg",
        "leg": "leg03",
        "mark_index": 46,
        "along_track_m": 46.0,
        "achieved_heading": 200.32399437520343,
        "target_bearing": 203.47350413456041,
        "fix_type": 6,
        "hacc_m": 0.014,
        "corrupt": false,
        "position_interpolated": true,
        "captured_at_utc": "2026-06-16T22:16:49.530927+00:00"
      },
      "geometry": {
        "type": "Point",
        "coordinates": [
          -114.00567219999999,
          46.676046799999995
        ]
      }
    },
    {
      "type": "Feature",
      "properties": {
        "file": "leg03_m047_b203_2026-06-16T16-16-50.jpg",
        "leg": "leg03",
        "mark_index": 47,
        "along_track_m": 47.0,
        "achieved_heading": 201.0994046268071,
        "target_bearing": 203.47350413456041,
        "fix_type": 6,
        "hacc_m": 0.014,
        "corrupt": false,
        "position_interpolated": true,
        "captured_at_utc": "2026-06-16T22:16:50.650537+00:00"
      },
      "geometry": {
        "type": "Point",
        "coordinates": [
          -114.0056777519795,
          46.676038060025604
        ]
      }
    },
    {
      "type": "Feature",
      "properties": {
        "file": "leg03_m048_b203_2026-06-16T16-16-51.jpg",
        "leg": "leg03",
        "mark_index": 48,
        "along_track_m": 48.0,
        "achieved_heading": 200.28837893041288,
        "target_bearing": 203.47350413456041,
        "fix_type": 6,
        "hacc_m": 0.014,
        "corrupt": false,
        "position_interpolated": true,
        "captured_at_utc": "2026-06-16T22:16:51.701892+00:00"
      },
      "geometry": {
        "type": "Point",
        "coordinates": [
          -114.00568287254907,
          46.676029691176375
        ]
      }
    },
    {
      "type": "Feature",
      "properties": {
        "file": "leg03_m049_b203_2026-06-16T16-16-52.jpg",
        "leg": "leg03",
        "mark_index": 49,
        "along_track_m": 49.0,
        "achieved_heading": 201.94334585415442,
        "target_bearing": 203.47350413456041,
        "fix_type": 6,
        "hacc_m": 0.014,
        "corrupt": false,
        "position_interpolated": true,
        "captured_at_utc": "2026-06-16T22:16:52.754734+00:00"
      },
      "geometry": {
        "type": "Point",
        "coordinates": [
          -114.0056879,
          46.6760215
        ]
      }
    },
    {
      "type": "Feature",
      "properties": {
        "file": "leg03_m050_b203_2026-06-16T16-16-53.jpg",
        "leg": "leg03",
        "mark_index": 50,
        "along_track_m": 50.0,
        "achieved_heading": 200.77572048587007,
        "target_bearing": 203.47350413456041,
        "fix_type": 6,
        "hacc_m": 0.014,
        "corrupt": false,
        "position_interpolated": true,
        "captured_at_utc": "2026-06-16T22:16:53.719880+00:00"
      },
      "geometry": {
        "type": "Point",
        "coordinates": [
          -114.00569248582417,
          46.676013721263736
        ]
      }
    },
    {
      "type": "Feature",
      "properties": {
        "file": "leg03_m051_b203_2026-06-16T16-16-54.jpg",
        "leg": "leg03",
        "mark_index": 51,
        "along_track_m": 51.0,
        "achieved_heading": 205.74353951150283,
        "target_bearing": 203.47350413456041,
        "fix_type": 6,
        "hacc_m": 0.014,
        "corrupt": false,
        "position_interpolated": true,
        "captured_at_utc": "2026-06-16T22:16:54.850533+00:00"
      },
      "geometry": {
        "type": "Point",
        "coordinates": [
          -114.00569859980835,
          46.676005071647594
        ]
      }
    },
    {
      "type": "Feature",
      "properties": {
        "file": "leg03_m052_b203_2026-06-16T16-16-55.jpg",
        "leg": "leg03",
        "mark_index": 52,
        "along_track_m": 52.0,
        "achieved_heading": 202.6233860122681,
        "target_bearing": 203.47350413456041,
        "fix_type": 6,
        "hacc_m": 0.014,
        "corrupt": false,
        "position_interpolated": true,
        "captured_at_utc": "2026-06-16T22:16:55.838184+00:00"
      },
      "geometry": {
        "type": "Point",
        "coordinates": [
          -114.00570449576058,
          46.67599733029926
        ]
      }
    },
    {
      "type": "Feature",
      "properties": {
        "file": "leg03_m053_b203_2026-06-16T16-16-57.jpg",
        "leg": "leg03",
        "mark_index": 53,
        "along_track_m": 53.0,
        "achieved_heading": 198.7926300247198,
        "target_bearing": 203.47350413456041,
        "fix_type": 6,
        "hacc_m": 0.014,
        "corrupt": false,
        "position_interpolated": true,
        "captured_at_utc": "2026-06-16T22:16:57.036082+00:00"
      },
      "geometry": {
        "type": "Point",
        "coordinates": [
          -114.00570979999999,
          46.675989
        ]
      }
    },
    {
      "type": "Feature",
      "properties": {
        "file": "leg03_m054_b203_2026-06-16T16-16-58.jpg",
        "leg": "leg03",
        "mark_index": 54,
        "along_track_m": 54.0,
        "achieved_heading": 199.03518791895522,
        "target_bearing": 203.47350413456041,
        "fix_type": 6,
        "hacc_m": 0.014,
        "corrupt": false,
        "position_interpolated": true,
        "captured_at_utc": "2026-06-16T22:16:58.009243+00:00"
      },
      "geometry": {
        "type": "Point",
        "coordinates": [
          -114.0057143,
          46.675981
        ]
      }
    },
    {
      "type": "Feature",
      "properties": {
        "file": "leg03_m055_b203_2026-06-16T16-16-59.jpg",
        "leg": "leg03",
        "mark_index": 55,
        "along_track_m": 55.0,
        "achieved_heading": 200.7663919056975,
        "target_bearing": 203.47350413456041,
        "fix_type": 6,
        "hacc_m": 0.014,
        "corrupt": false,
        "position_interpolated": true,
        "captured_at_utc": "2026-06-16T22:16:59.191945+00:00"
      },
      "geometry": {
        "type": "Point",
        "coordinates": [
          -114.0057197,
          46.6759717
        ]
      }
    },
    {
      "type": "Feature",
      "properties": {
        "file": "leg03_m056_b203_2026-06-16T16-17-00.jpg",
        "leg": "leg03",
        "mark_index": 56,
        "along_track_m": 56.0,
        "achieved_heading": 202.33311014073806,
        "target_bearing": 203.47350413456041,
        "fix_type": 6,
        "hacc_m": 0.014,
        "corrupt": false,
        "position_interpolated": true,
        "captured_at_utc": "2026-06-16T22:17:00.171750+00:00"
      },
      "geometry": {
        "type": "Point",
        "coordinates": [
          -114.0057246,
          46.675963599999996
        ]
      }
    },
    {
      "type": "Feature",
      "properties": {
        "file": "leg03_m057_b203_2026-06-16T16-17-01.jpg",
        "leg": "leg03",
        "mark_index": 57,
        "along_track_m": 57.0,
        "achieved_heading": 202.99922546745046,
        "target_bearing": 203.47350413456041,
        "fix_type": 6,
        "hacc_m": 0.014,
        "corrupt": false,
        "position_interpolated": true,
        "captured_at_utc": "2026-06-16T22:17:01.159405+00:00"
      },
      "geometry": {
        "type": "Point",
        "coordinates": [
          -114.0057298,
          46.675955699999996
        ]
      }
    },
    {
      "type": "Feature",
      "properties": {
        "file": "leg03_m058_b203_2026-06-16T16-17-02.jpg",
        "leg": "leg03",
        "mark_index": 58,
        "along_track_m": 58.0,
        "achieved_heading": 203.45414466274562,
        "target_bearing": 203.47350413456041,
        "fix_type": 6,
        "hacc_m": 0.014,
        "corrupt": false,
        "position_interpolated": true,
        "captured_at_utc": "2026-06-16T22:17:02.209245+00:00"
      },
      "geometry": {
        "type": "Point",
        "coordinates": [
          -114.005735,
          46.6759479
        ]
      }
    },
    {
      "type": "Feature",
      "properties": {
        "file": "leg03_m059_b203_2026-06-16T16-17-03.jpg",
        "leg": "leg03",
        "mark_index": 59,
        "along_track_m": 59.0,
        "achieved_heading": 204.42660954074108,
        "target_bearing": 203.47350413456041,
        "fix_type": 6,
        "hacc_m": 0.014,
        "corrupt": false,
        "position_interpolated": true,
        "captured_at_utc": "2026-06-16T22:17:03.184335+00:00"
      },
      "geometry": {
        "type": "Point",
        "coordinates": [
          -114.0057407863257,
          46.67593974187888
        ]
      }
    },
    {
      "type": "Feature",
      "properties": {
        "file": "leg03_m060_b203_2026-06-16T16-17-04.jpg",
        "leg": "leg03",
        "mark_index": 60,
        "along_track_m": 60.0,
        "achieved_heading": 201.29839006108108,
        "target_bearing": 203.47350413456041,
        "fix_type": 6,
        "hacc_m": 0.014,
        "corrupt": false,
        "position_interpolated": true,
        "captured_at_utc": "2026-06-16T22:17:04.373019+00:00"
      },
      "geometry": {
        "type": "Point",
        "coordinates": [
          -114.0057466,
          46.675930699999995
        ]
      }
    },
    {
      "type": "Feature",
      "properties": {
        "file": "leg03_m061_b203_2026-06-16T16-17-05.jpg",
        "leg": "leg03",
        "mark_index": 61,
        "along_track_m": 61.0,
        "achieved_heading": 200.7302201351644,
        "target_bearing": 203.47350413456041,
        "fix_type": 6,
        "hacc_m": 0.014,
        "corrupt": false,
        "position_interpolated": true,
        "captured_at_utc": "2026-06-16T22:17:05.359176+00:00"
      },
      "geometry": {
        "type": "Point",
        "coordinates": [
          -114.00575149999999,
          46.675922899999996
        ]
      }
    },
    {
      "type": "Feature",
      "properties": {
        "file": "leg03_m062_b203_2026-06-16T16-17-06.jpg",
        "leg": "leg03",
        "mark_index": 62,
        "along_track_m": 62.0,
        "achieved_heading": 200.3997673567614,
        "target_bearing": 203.47350413456041,
        "fix_type": 6,
        "hacc_m": 0.014,
        "corrupt": false,
        "position_interpolated": true,
        "captured_at_utc": "2026-06-16T22:17:06.408065+00:00"
      },
      "geometry": {
        "type": "Point",
        "coordinates": [
          -114.0057563,
          46.6759148
        ]
      }
    },
    {
      "type": "Feature",
      "properties": {
        "file": "leg03_m063_b203_2026-06-16T16-17-07.jpg",
        "leg": "leg03",
        "mark_index": 63,
        "along_track_m": 63.0,
        "achieved_heading": 201.15456679453536,
        "target_bearing": 203.47350413456041,
        "fix_type": 6,
        "hacc_m": 0.014,
        "corrupt": false,
        "position_interpolated": true,
        "captured_at_utc": "2026-06-16T22:17:07.377990+00:00"
      },
      "geometry": {
        "type": "Point",
        "coordinates": [
          -114.00576132335848,
          46.67590648120283
        ]
      }
    },
    {
      "type": "Feature",
      "properties": {
        "file": "leg03_m064_b203_2026-06-16T16-17-08.jpg",
        "leg": "leg03",
        "mark_index": 64,
        "along_track_m": 64.0,
        "achieved_heading": 202.229090803632,
        "target_bearing": 203.47350413456041,
        "fix_type": 6,
        "hacc_m": 0.014,
        "corrupt": false,
        "position_interpolated": true,
        "captured_at_utc": "2026-06-16T22:17:08.499966+00:00"
      },
      "geometry": {
        "type": "Point",
        "coordinates": [
          -114.0057665209793,
          46.675897453612656
        ]
      }
    },
    {
      "type": "Feature",
      "properties": {
        "file": "leg03_m065_b203_2026-06-16T16-17-09.jpg",
        "leg": "leg03",
        "mark_index": 65,
        "along_track_m": 65.0,
        "achieved_heading": 203.10923230806458,
        "target_bearing": 203.47350413456041,
        "fix_type": 6,
        "hacc_m": 0.014,
        "corrupt": false,
        "position_interpolated": true,
        "captured_at_utc": "2026-06-16T22:17:09.484558+00:00"
      },
      "geometry": {
        "type": "Point",
        "coordinates": [
          -114.00577179150673,
          46.67588970326292
        ]
      }
    },
    {
      "type": "Feature",
      "properties": {
        "file": "leg03_m066_b203_2026-06-16T16-17-10.jpg",
        "leg": "leg03",
        "mark_index": 66,
        "along_track_m": 66.0,
        "achieved_heading": 201.74172288595014,
        "target_bearing": 203.47350413456041,
        "fix_type": 6,
        "hacc_m": 0.014,
        "corrupt": false,
        "position_interpolated": true,
        "captured_at_utc": "2026-06-16T22:17:10.601049+00:00"
      },
      "geometry": {
        "type": "Point",
        "coordinates": [
          -114.00577679999999,
          46.675881399999994
        ]
      }
    },
    {
      "type": "Feature",
      "properties": {
        "file": "leg03_m067_b203_2026-06-16T16-17-11.jpg",
        "leg": "leg03",
        "mark_index": 67,
        "along_track_m": 67.0,
        "achieved_heading": 202.06440136247545,
        "target_bearing": 203.47350413456041,
        "fix_type": 6,
        "hacc_m": 0.014,
        "corrupt": false,
        "position_interpolated": true,
        "captured_at_utc": "2026-06-16T22:17:11.583302+00:00"
      },
      "geometry": {
        "type": "Point",
        "coordinates": [
          -114.00578209999999,
          46.6758733
        ]
      }
    },
    {
      "type": "Feature",
      "properties": {
        "file": "leg03_m068_b203_2026-06-16T16-17-12.jpg",
        "leg": "leg03",
        "mark_index": 68,
        "along_track_m": 68.0,
        "achieved_heading": 201.64713976445876,
        "target_bearing": 203.47350413456041,
        "fix_type": 6,
        "hacc_m": 0.014,
        "corrupt": false,
        "position_interpolated": true,
        "captured_at_utc": "2026-06-16T22:17:12.555429+00:00"
      },
      "geometry": {
        "type": "Point",
        "coordinates": [
          -114.00578739999999,
          46.675865599999995
        ]
      }
    },
    {
      "type": "Feature",
      "properties": {
        "file": "leg03_m069_b203_2026-06-16T16-17-13.jpg",
        "leg": "leg03",
        "mark_index": 69,
        "along_track_m": 69.0,
        "achieved_heading": 201.30857008640436,
        "target_bearing": 203.47350413456041,
        "fix_type": 6,
        "hacc_m": 0.014,
        "corrupt": false,
        "position_interpolated": true,
        "captured_at_utc": "2026-06-16T22:17:13.687562+00:00"
      },
      "geometry": {
        "type": "Point",
        "coordinates": [
          -114.00579308313725,
          46.67585618915032
        ]
      }
    },
    {
      "type": "Feature",
      "properties": {
        "file": "leg03_m070_b203_2026-06-16T16-17-14.jpg",
        "leg": "leg03",
        "mark_index": 70,
        "along_track_m": 70.0,
        "achieved_heading": 200.76557030293262,
        "target_bearing": 203.47350413456041,
        "fix_type": 6,
        "hacc_m": 0.014,
        "corrupt": false,
        "position_interpolated": true,
        "captured_at_utc": "2026-06-16T22:17:14.661832+00:00"
      },
      "geometry": {
        "type": "Point",
        "coordinates": [
          -114.00579773678017,
          46.67584849353718
        ]
      }
    },
    {
      "type": "Feature",
      "properties": {
        "file": "leg03_m071_b203_2026-06-16T16-17-15.jpg",
        "leg": "leg03",
        "mark_index": 71,
        "along_track_m": 71.0,
        "achieved_heading": 201.905466334648,
        "target_bearing": 203.47350413456041,
        "fix_type": 6,
        "hacc_m": 0.014,
        "corrupt": false,
        "position_interpolated": true,
        "captured_at_utc": "2026-06-16T22:17:15.648710+00:00"
      },
      "geometry": {
        "type": "Point",
        "coordinates": [
          -114.00580238957625,
          46.67584043429125
        ]
      }
    },
    {
      "type": "Feature",
      "properties": {
        "file": "leg03_m072_b203_2026-06-16T16-17-16.jpg",
        "leg": "leg03",
        "mark_index": 72,
        "along_track_m": 72.0,
        "achieved_heading": 203.36987908680032,
        "target_bearing": 203.47350413456041,
        "fix_type": 6,
        "hacc_m": 0.014,
        "corrupt": false,
        "position_interpolated": true,
        "captured_at_utc": "2026-06-16T22:17:16.765450+00:00"
      },
      "geometry": {
        "type": "Point",
        "coordinates": [
          -114.0058078,
          46.6758319
        ]
      }
    },
    {
      "type": "Feature",
      "properties": {
        "file": "leg03_m073_b203_2026-06-16T16-17-17.jpg",
        "leg": "leg03",
        "mark_index": 73,
        "along_track_m": 73.0,
        "achieved_heading": 202.95266301134478,
        "target_bearing": 203.47350413456041,
        "fix_type": 6,
        "hacc_m": 0.014,
        "corrupt": false,
        "position_interpolated": true,
        "captured_at_utc": "2026-06-16T22:17:17.823019+00:00"
      },
      "geometry": {
        "type": "Point",
        "coordinates": [
          -114.0058133027915,
          46.67582334604536
        ]
      }
    },
    {
      "type": "Feature",
      "properties": {
        "file": "leg03_m074_b203_2026-06-16T16-17-18.jpg",
        "leg": "leg03",
        "mark_index": 74,
        "along_track_m": 74.0,
        "achieved_heading": 202.19963996419006,
        "target_bearing": 203.47350413456041,
        "fix_type": 6,
        "hacc_m": 0.014,
        "corrupt": false,
        "position_interpolated": true,
        "captured_at_utc": "2026-06-16T22:17:18.873138+00:00"
      },
      "geometry": {
        "type": "Point",
        "coordinates": [
          -114.00581868135033,
          46.675815113004916
        ]
      }
    },
    {
      "type": "Feature",
      "properties": {
        "file": "leg03_m075_b203_2026-06-16T16-17-19.jpg",
        "leg": "leg03",
        "mark_index": 75,
        "along_track_m": 75.0,
        "achieved_heading": 201.04534852604465,
        "target_bearing": 203.47350413456041,
        "fix_type": 6,
        "hacc_m": 0.014,
        "corrupt": false,
        "position_interpolated": true,
        "captured_at_utc": "2026-06-16T22:17:19.922555+00:00"
      },
      "geometry": {
        "type": "Point",
        "coordinates": [
          -114.0058237,
          46.6758069
        ]
      }
    },
    {
      "type": "Feature",
      "properties": {
        "file": "leg03_m076_b203_2026-06-16T16-17-20.jpg",
        "leg": "leg03",
        "mark_index": 76,
        "along_track_m": 76.0,
        "achieved_heading": 202.46606279787858,
        "target_bearing": 203.47350413456041,
        "fix_type": 6,
        "hacc_m": 0.014,
        "corrupt": false,
        "position_interpolated": true,
        "captured_at_utc": "2026-06-16T22:17:20.895878+00:00"
      },
      "geometry": {
        "type": "Point",
        "coordinates": [
          -114.00582806411677,
          46.67579939764833
        ]
      }
    },
    {
      "type": "Feature",
      "properties": {
        "file": "leg03_m077_b203_2026-06-16T16-17-22.jpg",
        "leg": "leg03",
        "mark_index": 77,
        "along_track_m": 77.0,
        "achieved_heading": 205.16374913062015,
        "target_bearing": 203.47350413456041,
        "fix_type": 6,
        "hacc_m": 0.014,
        "corrupt": false,
        "position_interpolated": true,
        "captured_at_utc": "2026-06-16T22:17:22.153105+00:00"
      },
      "geometry": {
        "type": "Point",
        "coordinates": [
          -114.0058346,
          46.6757898
        ]
      }
    },
    {
      "type": "Feature",
      "properties": {
        "file": "leg03_m078_b203_2026-06-16T16-17-23.jpg",
        "leg": "leg03",
        "mark_index": 78,
        "along_track_m": 78.0,
        "achieved_heading": 203.78189220136522,
        "target_bearing": 203.47350413456041,
        "fix_type": 6,
        "hacc_m": 0.014,
        "corrupt": false,
        "position_interpolated": true,
        "captured_at_utc": "2026-06-16T22:17:23.066453+00:00"
      },
      "geometry": {
        "type": "Point",
        "coordinates": [
          -114.0058400093283,
          46.67578223600753
        ]
      }
    },
    {
      "type": "Feature",
      "properties": {
        "file": "leg03_m079_b203_2026-06-16T16-17-24.jpg",
        "leg": "leg03",
        "mark_index": 79,
        "along_track_m": 79.0,
        "achieved_heading": 200.68459775946724,
        "target_bearing": 203.47350413456041,
        "fix_type": 6,
        "hacc_m": 0.014,
        "corrupt": false,
        "position_interpolated": true,
        "captured_at_utc": "2026-06-16T22:17:24.124105+00:00"
      },
      "geometry": {
        "type": "Point",
        "coordinates": [
          -114.00584575593554,
          46.67577375423317
        ]
      }
    },
    {
      "type": "Feature",
      "properties": {
        "file": "leg03_m080_b203_2026-06-16T16-17-25.jpg",
        "leg": "leg03",
        "mark_index": 80,
        "along_track_m": 80.0,
        "achieved_heading": 199.4661365616837,
        "target_bearing": 203.47350413456041,
        "fix_type": 6,
        "hacc_m": 0.014,
        "corrupt": false,
        "position_interpolated": true,
        "captured_at_utc": "2026-06-16T22:17:25.105981+00:00"
      },
      "geometry": {
        "type": "Point",
        "coordinates": [
          -114.00585018178933,
          46.67576608913706
        ]
      }
    },
    {
      "type": "Feature",
      "properties": {
        "file": "leg03_m081_b203_2026-06-16T16-17-26.jpg",
        "leg": "leg03",
        "mark_index": 81,
        "along_track_m": 81.0,
        "achieved_heading": 201.0824488667136,
        "target_bearing": 203.47350413456041,
        "fix_type": 6,
        "hacc_m": 0.014,
        "corrupt": false,
        "position_interpolated": true,
        "captured_at_utc": "2026-06-16T22:17:26.216241+00:00"
      },
      "geometry": {
        "type": "Point",
        "coordinates": [
          -114.0058548,
          46.6757579
        ]
      }
    },
    {
      "type": "Feature",
      "properties": {
        "file": "leg03_m082_b203_2026-06-16T16-17-27.jpg",
        "leg": "leg03",
        "mark_index": 82,
        "along_track_m": 82.0,
        "achieved_heading": 202.39270754108728,
        "target_bearing": 203.47350413456041,
        "fix_type": 6,
        "hacc_m": 0.014,
        "corrupt": false,
        "position_interpolated": true,
        "captured_at_utc": "2026-06-16T22:17:27.195623+00:00"
      },
      "geometry": {
        "type": "Point",
        "coordinates": [
          -114.00585988178098,
          46.675749444682204
        ]
      }
    },
    {
      "type": "Feature",
      "properties": {
        "file": "leg03_m083_b203_2026-06-16T16-17-28.jpg",
        "leg": "leg03",
        "mark_index": 83,
        "along_track_m": 83.0,
        "achieved_heading": 203.63762993356838,
        "target_bearing": 203.47350413456041,
        "fix_type": 6,
        "hacc_m": 0.014,
        "corrupt": false,
        "position_interpolated": true,
        "captured_at_utc": "2026-06-16T22:17:28.320879+00:00"
      },
      "geometry": {
        "type": "Point",
        "coordinates": [
          -114.00586559999999,
          46.675740499999996
        ]
      }
    },
    {
      "type": "Feature",
      "properties": {
        "file": "leg03_m084_b203_2026-06-16T16-17-29.jpg",
        "leg": "leg03",
        "mark_index": 84,
        "along_track_m": 84.0,
        "achieved_heading": 202.2290053924001,
        "target_bearing": 203.47350413456041,
        "fix_type": 6,
        "hacc_m": 0.014,
        "corrupt": false,
        "position_interpolated": true,
        "captured_at_utc": "2026-06-16T22:17:29.372275+00:00"
      },
      "geometry": {
        "type": "Point",
        "coordinates": [
          -114.0058712,
          46.675732499999995
        ]
      }
    },
    {
      "type": "Feature",
      "properties": {
        "file": "leg03_m085_b203_2026-06-16T16-17-30.jpg",
        "leg": "leg03",
        "mark_index": 85,
        "along_track_m": 85.0,
        "achieved_heading": 202.8712504464415,
        "target_bearing": 203.47350413456041,
        "fix_type": 6,
        "hacc_m": 0.014,
        "corrupt": false,
        "position_interpolated": true,
        "captured_at_utc": "2026-06-16T22:17:30.361054+00:00"
      },
      "geometry": {
        "type": "Point",
        "coordinates": [
          -114.005876,
          46.675724699999996
        ]
      }
    },
    {
      "type": "Feature",
      "properties": {
        "file": "leg03_m086_b203_2026-06-16T16-17-31.jpg",
        "leg": "leg03",
        "mark_index": 86,
        "along_track_m": 86.0,
        "achieved_heading": 203.60112488419992,
        "target_bearing": 203.47350413456041,
        "fix_type": 6,
        "hacc_m": 0.014,
        "corrupt": false,
        "position_interpolated": true,
        "captured_at_utc": "2026-06-16T22:17:31.404760+00:00"
      },
      "geometry": {
        "type": "Point",
        "coordinates": [
          -114.0058813,
          46.6757169
        ]
      }
    },
    {
      "type": "Feature",
      "properties": {
        "file": "leg03_m087_b203_2026-06-16T16-17-32.jpg",
        "leg": "leg03",
        "mark_index": 87,
        "along_track_m": 87.0,
        "achieved_heading": 201.48447506495518,
        "target_bearing": 203.47350413456041,
        "fix_type": 6,
        "hacc_m": 0.014,
        "corrupt": false,
        "position_interpolated": true,
        "captured_at_utc": "2026-06-16T22:17:32.521375+00:00"
      },
      "geometry": {
        "type": "Point",
        "coordinates": [
          -114.00588704954093,
          46.67570787849187
        ]
      }
    },
    {
      "type": "Feature",
      "properties": {
        "file": "leg03_m088_b203_2026-06-16T16-17-33.jpg",
        "leg": "leg03",
        "mark_index": 88,
        "along_track_m": 88.0,
        "achieved_heading": 202.39823819783157,
        "target_bearing": 203.47350413456041,
        "fix_type": 6,
        "hacc_m": 0.014,
        "corrupt": false,
        "position_interpolated": true,
        "captured_at_utc": "2026-06-16T22:17:33.578555+00:00"
      },
      "geometry": {
        "type": "Point",
        "coordinates": [
          -114.00589219999999,
          46.6757001
        ]
      }
    },
    {
      "type": "Feature",
      "properties": {
        "file": "leg03_m089_b203_2026-06-16T16-17-34.jpg",
        "leg": "leg03",
        "mark_index": 89,
        "along_track_m": 89.0,
        "achieved_heading": 201.39516853848033,
        "target_bearing": 203.47350413456041,
        "fix_type": 6,
        "hacc_m": 0.014,
        "corrupt": false,
        "position_interpolated": true,
        "captured_at_utc": "2026-06-16T22:17:34.561166+00:00"
      },
      "geometry": {
        "type": "Point",
        "coordinates": [
          -114.00589719999999,
          46.6756922
        ]
      }
    },
    {
      "type": "Feature",
      "properties": {
        "file": "leg03_m090_b203_2026-06-16T16-17-35.jpg",
        "leg": "leg03",
        "mark_index": 90,
        "along_track_m": 90.0,
        "achieved_heading": 202.17186768099145,
        "target_bearing": 203.47350413456041,
        "fix_type": 6,
        "hacc_m": 0.014,
        "corrupt": false,
        "position_interpolated": true,
        "captured_at_utc": "2026-06-16T22:17:35.685073+00:00"
      },
      "geometry": {
        "type": "Point",
        "coordinates": [
          -114.00590273625794,
          46.67568309109699
        ]
      }
    },
    {
      "type": "Feature",
      "properties": {
        "file": "leg03_m091_b203_2026-06-16T16-17-36.jpg",
        "leg": "leg03",
        "mark_index": 91,
        "along_track_m": 91.0,
        "achieved_heading": 202.4635849882705,
        "target_bearing": 203.47350413456041,
        "fix_type": 6,
        "hacc_m": 0.014,
        "corrupt": false,
        "position_interpolated": true,
        "captured_at_utc": "2026-06-16T22:17:36.723163+00:00"
      },
      "geometry": {
        "type": "Point",
        "coordinates": [
          -114.0059077,
          46.675675399999996
        ]
      }
    },
    {
      "type": "Feature",
      "properties": {
        "file": "leg03_m092_b203_2026-06-16T16-17-37.jpg",
        "leg": "leg03",
        "mark_index": 92,
        "along_track_m": 92.0,
        "achieved_heading": 202.2464533692048,
        "target_bearing": 203.47350413456041,
        "fix_type": 6,
        "hacc_m": 0.014,
        "corrupt": false,
        "position_interpolated": true,
        "captured_at_utc": "2026-06-16T22:17:37.844783+00:00"
      },
      "geometry": {
        "type": "Point",
        "coordinates": [
          -114.0059124,
          46.675667399999995
        ]
      }
    },
    {
      "type": "Feature",
      "properties": {
        "file": "leg03_m093_b203_2026-06-16T16-17-38.jpg",
        "leg": "leg03",
        "mark_index": 93,
        "along_track_m": 93.0,
        "achieved_heading": 202.50002513902552,
        "target_bearing": 203.47350413456041,
        "fix_type": 6,
        "hacc_m": 0.014,
        "corrupt": false,
        "position_interpolated": true,
        "captured_at_utc": "2026-06-16T22:17:38.834521+00:00"
      },
      "geometry": {
        "type": "Point",
        "coordinates": [
          -114.00591792700199,
          46.6756585879971
        ]
      }
    },
    {
      "type": "Feature",
      "properties": {
        "file": "leg03_m094_b203_2026-06-16T16-17-39.jpg",
        "leg": "leg03",
        "mark_index": 94,
        "along_track_m": 94.0,
        "achieved_heading": 202.29240072467357,
        "target_bearing": 203.47350413456041,
        "fix_type": 6,
        "hacc_m": 0.014,
        "corrupt": false,
        "position_interpolated": true,
        "captured_at_utc": "2026-06-16T22:17:39.879854+00:00"
      },
      "geometry": {
        "type": "Point",
        "coordinates": [
          -114.00592285372035,
          46.67565044889615
        ]
      }
    },
    {
      "type": "Feature",
      "properties": {
        "file": "leg03_m095_b203_2026-06-16T16-17-41.jpg",
        "leg": "leg03",
        "mark_index": 95,
        "along_track_m": 95.0,
        "achieved_heading": 203.73697486083154,
        "target_bearing": 203.47350413456041,
        "fix_type": 6,
        "hacc_m": 0.014,
        "corrupt": false,
        "position_interpolated": true,
        "captured_at_utc": "2026-06-16T22:17:40.993032+00:00"
      },
      "geometry": {
        "type": "Point",
        "coordinates": [
          -114.00592809999999,
          46.6756422
        ]
      }
    },
    {
      "type": "Feature",
      "properties": {
        "file": "leg03_m096_b203_2026-06-16T16-17-41.jpg",
        "leg": "leg03",
        "mark_index": 96,
        "along_track_m": 96.0,
        "achieved_heading": 203.51825115975737,
        "target_bearing": 203.47350413456041,
        "fix_type": 6,
        "hacc_m": 0.014,
        "corrupt": false,
        "position_interpolated": true,
        "captured_at_utc": "2026-06-16T22:17:41.974949+00:00"
      },
      "geometry": {
        "type": "Point",
        "coordinates": [
          -114.00593339999999,
          46.6756344
        ]
      }
    },
    {
      "type": "Feature",
      "properties": {
        "file": "leg03_m097_b203_2026-06-16T16-17-43.jpg",
        "leg": "leg03",
        "mark_index": 97,
        "along_track_m": 97.0,
        "achieved_heading": 202.65070942672907,
        "target_bearing": 203.47350413456041,
        "fix_type": 6,
        "hacc_m": 0.014,
        "corrupt": false,
        "position_interpolated": true,
        "captured_at_utc": "2026-06-16T22:17:43.100433+00:00"
      },
      "geometry": {
        "type": "Point",
        "coordinates": [
          -114.0059393240891,
          46.67562496386635
        ]
      }
    },
    {
      "type": "Feature",
      "properties": {
        "file": "leg03_m098_b203_2026-06-16T16-17-44.jpg",
        "leg": "leg03",
        "mark_index": 98,
        "along_track_m": 98.0,
        "achieved_heading": 202.86259442525642,
        "target_bearing": 203.47350413456041,
        "fix_type": 6,
        "hacc_m": 0.014,
        "corrupt": false,
        "position_interpolated": true,
        "captured_at_utc": "2026-06-16T22:17:44.011428+00:00"
      },
      "geometry": {
        "type": "Point",
        "coordinates": [
          -114.00594377358999,
          46.67561761114183
        ]
      }
    },
    {
      "type": "Feature",
      "properties": {
        "file": "leg03_m099_b203_2026-06-16T16-17-45.jpg",
        "leg": "leg03",
        "mark_index": 99,
        "along_track_m": 99.0,
        "achieved_heading": 203.18095427284211,
        "target_bearing": 203.47350413456041,
        "fix_type": 6,
        "hacc_m": 0.014,
        "corrupt": false,
        "position_interpolated": true,
        "captured_at_utc": "2026-06-16T22:17:45.134592+00:00"
      },
      "geometry": {
        "type": "Point",
        "coordinates": [
          -114.0059491,
          46.675609099999996
        ]
      }
    },
    {
      "type": "Feature",
      "properties": {
        "file": "leg03_m100_b203_2026-06-16T16-17-46.jpg",
        "leg": "leg03",
        "mark_index": 100,
        "along_track_m": 100.0,
        "achieved_heading": 204.3198816279098,
        "target_bearing": 203.47350413456041,
        "fix_type": 6,
        "hacc_m": 0.014,
        "corrupt": false,
        "position_interpolated": true,
        "captured_at_utc": "2026-06-16T22:17:46.174961+00:00"
      },
      "geometry": {
        "type": "Point",
        "coordinates": [
          -114.0059541,
          46.675601199999996
        ]
      }
    },
    {
      "type": "Feature",
      "properties": {
        "file": "leg03_m101_b203_2026-06-16T16-17-47.jpg",
        "leg": "leg03",
        "mark_index": 101,
        "along_track_m": 101.0,
        "achieved_heading": 202.98051295985778,
        "target_bearing": 203.47350413456041,
        "fix_type": 6,
        "hacc_m": 0.014,
        "corrupt": false,
        "position_interpolated": true,
        "captured_at_utc": "2026-06-16T22:17:47.225991+00:00"
      },
      "geometry": {
        "type": "Point",
        "coordinates": [
          -114.00595992751063,
          46.675592728622824
        ]
      }
    },
    {
      "type": "Feature",
      "properties": {
        "file": "leg03_m102_b203_2026-06-16T16-17-48.jpg",
        "leg": "leg03",
        "mark_index": 102,
        "along_track_m": 102.0,
        "achieved_heading": 202.74436868109441,
        "target_bearing": 203.47350413456041,
        "fix_type": 6,
        "hacc_m": 0.014,
        "corrupt": false,
        "position_interpolated": true,
        "captured_at_utc": "2026-06-16T22:17:48.287663+00:00"
      },
      "geometry": {
        "type": "Point",
        "coordinates": [
          -114.00596574160751,
          46.67558419918579
        ]
      }
    },
    {
      "type": "Feature",
      "properties": {
        "file": "leg03_m103_b203_2026-06-16T16-17-49.jpg",
        "leg": "leg03",
        "mark_index": 103,
        "along_track_m": 103.0,
        "achieved_heading": 202.2148039413504,
        "target_bearing": 203.47350413456041,
        "fix_type": 6,
        "hacc_m": 0.014,
        "corrupt": false,
        "position_interpolated": true,
        "captured_at_utc": "2026-06-16T22:17:49.323893+00:00"
      },
      "geometry": {
        "type": "Point",
        "coordinates": [
          -114.0059706,
          46.6755761
        ]
      }
    },
    {
      "type": "Feature",
      "properties": {
        "file": "leg03_m104_b203_2026-06-16T16-17-50.jpg",
        "leg": "leg03",
        "mark_index": 104,
        "along_track_m": 104.0,
        "achieved_heading": 201.25767631001912,
        "target_bearing": 203.47350413456041,
        "fix_type": 6,
        "hacc_m": 0.014,
        "corrupt": false,
        "position_interpolated": true,
        "captured_at_utc": "2026-06-16T22:17:50.305683+00:00"
      },
      "geometry": {
        "type": "Point",
        "coordinates": [
          -114.00597561313002,
          46.67556845443552
        ]
      }
    },
    {
      "type": "Feature",
      "properties": {
        "file": "leg03_m105_b203_2026-06-16T16-17-51.jpg",
        "leg": "leg03",
        "mark_index": 105,
        "along_track_m": 105.0,
        "achieved_heading": 202.07436169379682,
        "target_bearing": 203.47350413456041,
        "fix_type": 6,
        "hacc_m": 0.014,
        "corrupt": false,
        "position_interpolated": true,
        "captured_at_utc": "2026-06-16T22:17:51.424551+00:00"
      },
      "geometry": {
        "type": "Point",
        "coordinates": [
          -114.0059808034909,
          46.67555969441453
        ]
      }
    },
    {
      "type": "Feature",
      "properties": {
        "file": "leg03_m106_b203_2026-06-16T16-17-52.jpg",
        "leg": "leg03",
        "mark_index": 106,
        "along_track_m": 106.0,
        "achieved_heading": 202.96056616032092,
        "target_bearing": 203.47350413456041,
        "fix_type": 6,
        "hacc_m": 0.014,
        "corrupt": false,
        "position_interpolated": true,
        "captured_at_utc": "2026-06-16T22:17:52.482386+00:00"
      },
      "geometry": {
        "type": "Point",
        "coordinates": [
          -114.00598615569119,
          46.675551266463216
        ]
      }
    },
    {
      "type": "Feature",
      "properties": {
        "file": "leg03_m107_b203_2026-06-16T16-17-53.jpg",
        "leg": "leg03",
        "mark_index": 107,
        "along_track_m": 107.0,
        "achieved_heading": 202.67372289330416,
        "target_bearing": 203.47350413456041,
        "fix_type": 6,
        "hacc_m": 0.014,
        "corrupt": false,
        "position_interpolated": true,
        "captured_at_utc": "2026-06-16T22:17:53.528460+00:00"
      },
      "geometry": {
        "type": "Point",
        "coordinates": [
          -114.0059915,
          46.675542899999996
        ]
      }
    },
    {
      "type": "Feature",
      "properties": {
        "file": "leg03_m108_b203_2026-06-16T16-17-54.jpg",
        "leg": "leg03",
        "mark_index": 108,
        "along_track_m": 108.0,
        "achieved_heading": 203.44304757341013,
        "target_bearing": 203.47350413456041,
        "fix_type": 6,
        "hacc_m": 0.014,
        "corrupt": false,
        "position_interpolated": true,
        "captured_at_utc": "2026-06-16T22:17:54.505797+00:00"
      },
      "geometry": {
        "type": "Point",
        "coordinates": [
          -114.0059964996569,
          46.675535740480306
        ]
      }
    },
    {
      "type": "Feature",
      "properties": {
        "file": "leg03_m109_b203_2026-06-16T16-17-55.jpg",
        "leg": "leg03",
        "mark_index": 109,
        "along_track_m": 109.0,
        "achieved_heading": 202.48350383550894,
        "target_bearing": 203.47350413456041,
        "fix_type": 6,
        "hacc_m": 0.014,
        "corrupt": false,
        "position_interpolated": true,
        "captured_at_utc": "2026-06-16T22:17:55.761858+00:00"
      },
      "geometry": {
        "type": "Point",
        "coordinates": [
          -114.00600259999999,
          46.6755263
        ]
      }
    },
    {
      "type": "Feature",
      "properties": {
        "file": "leg03_m110_b203_2026-06-16T16-17-56.jpg",
        "leg": "leg03",
        "mark_index": 110,
        "along_track_m": 110.0,
        "achieved_heading": 201.67306907679836,
        "target_bearing": 203.47350413456041,
        "fix_type": 6,
        "hacc_m": 0.014,
        "corrupt": false,
        "position_interpolated": true,
        "captured_at_utc": "2026-06-16T22:17:56.746002+00:00"
      },
      "geometry": {
        "type": "Point",
        "coordinates": [
          -114.00600759999999,
          46.6755184
        ]
      }
    },
    {
      "type": "Feature",
      "properties": {
        "file": "leg03_m111_b203_2026-06-16T16-17-57.jpg",
        "leg": "leg03",
        "mark_index": 111,
        "along_track_m": 111.0,
        "achieved_heading": 201.51630512356155,
        "target_bearing": 203.47350413456041,
        "fix_type": 6,
        "hacc_m": 0.014,
        "corrupt": false,
        "position_interpolated": true,
        "captured_at_utc": "2026-06-16T22:17:57.743053+00:00"
      },
      "geometry": {
        "type": "Point",
        "coordinates": [
          -114.00601189999999,
          46.675510599999996
        ]
      }
    },
    {
      "type": "Feature",
      "properties": {
        "file": "leg03_m112_b203_2026-06-16T16-17-58.jpg",
        "leg": "leg03",
        "mark_index": 112,
        "along_track_m": 112.0,
        "achieved_heading": 201.63004529167694,
        "target_bearing": 203.47350413456041,
        "fix_type": 6,
        "hacc_m": 0.014,
        "corrupt": false,
        "position_interpolated": true,
        "captured_at_utc": "2026-06-16T22:17:58.790416+00:00"
      },
      "geometry": {
        "type": "Point",
        "coordinates": [
          -114.00601669999999,
          46.6755025
        ]
      }
    },
    {
      "type": "Feature",
      "properties": {
        "file": "leg03_m113_b203_2026-06-16T16-17-59.jpg",
        "leg": "leg03",
        "mark_index": 113,
        "along_track_m": 113.0,
        "achieved_heading": 202.3189917699039,
        "target_bearing": 203.47350413456041,
        "fix_type": 6,
        "hacc_m": 0.014,
        "corrupt": false,
        "position_interpolated": true,
        "captured_at_utc": "2026-06-16T22:17:59.895634+00:00"
      },
      "geometry": {
        "type": "Point",
        "coordinates": [
          -114.00602195173838,
          46.675493105111926
        ]
      }
    },
    {
      "type": "Feature",
      "properties": {
        "file": "leg03_m114_b203_2026-06-16T16-18-00.jpg",
        "leg": "leg03",
        "mark_index": 114,
        "along_track_m": 114.0,
        "achieved_heading": 203.39786406682998,
        "target_bearing": 203.47350413456041,
        "fix_type": 6,
        "hacc_m": 0.014,
        "corrupt": false,
        "position_interpolated": true,
        "captured_at_utc": "2026-06-16T22:18:00.879225+00:00"
      },
      "geometry": {
        "type": "Point",
        "coordinates": [
          -114.00602709573103,
          46.67548566314483
        ]
      }
    },
    {
      "type": "Feature",
      "properties": {
        "file": "leg03_m115_b203_2026-06-16T16-18-02.jpg",
        "leg": "leg03",
        "mark_index": 115,
        "along_track_m": 115.0,
        "achieved_heading": 203.23212155563525,
        "target_bearing": 203.47350413456041,
        "fix_type": 6,
        "hacc_m": 0.014,
        "corrupt": false,
        "position_interpolated": true,
        "captured_at_utc": "2026-06-16T22:18:02.003031+00:00"
      },
      "geometry": {
        "type": "Point",
        "coordinates": [
          -114.00603249244651,
          46.67547713284094
        ]
      }
    },
    {
      "type": "Feature",
      "properties": {
        "file": "leg03_m116_b203_2026-06-16T16-18-03.jpg",
        "leg": "leg03",
        "mark_index": 116,
        "along_track_m": 116.0,
        "achieved_heading": 204.47065451613133,
        "target_bearing": 203.47350413456041,
        "fix_type": 6,
        "hacc_m": 0.014,
        "corrupt": false,
        "position_interpolated": true,
        "captured_at_utc": "2026-06-16T22:18:03.061520+00:00"
      },
      "geometry": {
        "type": "Point",
        "coordinates": [
          -114.00603783864847,
          46.675468890034125
        ]
      }
    },
    {
      "type": "Feature",
      "properties": {
        "file": "leg03_m117_b203_2026-06-16T16-18-04.jpg",
        "leg": "leg03",
        "mark_index": 117,
        "along_track_m": 117.0,
        "achieved_heading": 203.91511670403276,
        "target_bearing": 203.47350413456041,
        "fix_type": 6,
        "hacc_m": 0.014,
        "corrupt": false,
        "position_interpolated": true,
        "captured_at_utc": "2026-06-16T22:18:04.106149+00:00"
      },
      "geometry": {
        "type": "Point",
        "coordinates": [
          -114.00604287361676,
          46.675460810638704
        ]
      }
    },
    {
      "type": "Feature",
      "properties": {
        "file": "leg03_m118_b203_2026-06-16T16-18-05.jpg",
        "leg": "leg03",
        "mark_index": 118,
        "along_track_m": 118.0,
        "achieved_heading": 202.53319873428438,
        "target_bearing": 203.47350413456041,
        "fix_type": 6,
        "hacc_m": 0.014,
        "corrupt": false,
        "position_interpolated": true,
        "captured_at_utc": "2026-06-16T22:18:05.148500+00:00"
      },
      "geometry": {
        "type": "Point",
        "coordinates": [
          -114.0060484,
          46.675452799999995
        ]
      }
    },
    {
      "type": "Feature",
      "properties": {
        "file": "leg03_m119_b203_2026-06-16T16-18-06.jpg",
        "leg": "leg03",
        "mark_index": 119,
        "along_track_m": 119.0,
        "achieved_heading": 202.9703361218651,
        "target_bearing": 203.47350413456041,
        "fix_type": 6,
        "hacc_m": 0.014,
        "corrupt": false,
        "position_interpolated": true,
        "captured_at_utc": "2026-06-16T22:18:06.347999+00:00"
      },
      "geometry": {
        "type": "Point",
        "coordinates": [
          -114.0060536,
          46.675444
        ]
      }
    },
    {
      "type": "Feature",
      "properties": {
        "file": "leg03_m120_b203_2026-06-16T16-18-07.jpg",
        "leg": "leg03",
        "mark_index": 120,
        "along_track_m": 120.0,
        "achieved_heading": 202.10863689479163,
        "target_bearing": 203.47350413456041,
        "fix_type": 6,
        "hacc_m": 0.014,
        "corrupt": false,
        "position_interpolated": true,
        "captured_at_utc": "2026-06-16T22:18:07.257309+00:00"
      },
      "geometry": {
        "type": "Point",
        "coordinates": [
          -114.006058198745,
          46.675436435564436
        ]
      }
    },
    {
      "type": "Feature",
      "properties": {
        "file": "leg03_m121_b203_2026-06-16T16-18-08.jpg",
        "leg": "leg03",
        "mark_index": 121,
        "along_track_m": 121.0,
        "achieved_heading": 204.991765880122,
        "target_bearing": 203.47350413456041,
        "fix_type": 6,
        "hacc_m": 0.014,
        "corrupt": false,
        "position_interpolated": true,
        "captured_at_utc": "2026-06-16T22:18:08.445226+00:00"
      },
      "geometry": {
        "type": "Point",
        "coordinates": [
          -114.00606404746924,
          46.67542725822655
        ]
      }
    },
    {
      "type": "Feature",
      "properties": {
        "file": "leg03_m122_b203_2026-06-16T16-18-09.jpg",
        "leg": "leg03",
        "mark_index": 122,
        "along_track_m": 122.0,
        "achieved_heading": 205.31326600014012,
        "target_bearing": 203.47350413456041,
        "fix_type": 6,
        "hacc_m": 0.014,
        "corrupt": false,
        "position_interpolated": true,
        "captured_at_utc": "2026-06-16T22:18:09.420096+00:00"
      },
      "geometry": {
        "type": "Point",
        "coordinates": [
          -114.00606923197368,
          46.675419473572866
        ]
      }
    },
    {
      "type": "Feature",
      "properties": {
        "file": "leg03_m123_b203_2026-06-16T16-18-10.jpg",
        "leg": "leg03",
        "mark_index": 123,
        "along_track_m": 123.0,
        "achieved_heading": 203.45233448779976,
        "target_bearing": 203.47350413456041,
        "fix_type": 6,
        "hacc_m": 0.014,
        "corrupt": false,
        "position_interpolated": true,
        "captured_at_utc": "2026-06-16T22:18:10.546177+00:00"
      },
      "geometry": {
        "type": "Point",
        "coordinates": [
          -114.00607529999999,
          46.6754107
        ]
      }
    },
    {
      "type": "Feature",
      "properties": {
        "file": "leg03_m124_b203_2026-06-16T16-18-11.jpg",
        "leg": "leg03",
        "mark_index": 124,
        "along_track_m": 124.0,
        "achieved_heading": 201.79182805125637,
        "target_bearing": 203.47350413456041,
        "fix_type": 6,
        "hacc_m": 0.014,
        "corrupt": false,
        "position_interpolated": true,
        "captured_at_utc": "2026-06-16T22:18:11.455893+00:00"
      },
      "geometry": {
        "type": "Point",
        "coordinates": [
          -114.0060802328193,
          46.67540303408101
        ]
      }
    },
    {
      "type": "Feature",
      "properties": {
        "file": "leg03_m125_b203_2026-06-16T16-18-12.jpg",
        "leg": "leg03",
        "mark_index": 125,
        "along_track_m": 125.0,
        "achieved_heading": 200.70399871678592,
        "target_bearing": 203.47350413456041,
        "fix_type": 6,
        "hacc_m": 0.014,
        "corrupt": false,
        "position_interpolated": true,
        "captured_at_utc": "2026-06-16T22:18:12.498646+00:00"
      },
      "geometry": {
        "type": "Point",
        "coordinates": [
          -114.00608496795215,
          46.67539459710764
        ]
      }
    },
    {
      "type": "Feature",
      "properties": {
        "file": "leg03_m126_b203_2026-06-16T16-18-13.jpg",
        "leg": "leg03",
        "mark_index": 126,
        "along_track_m": 126.0,
        "achieved_heading": 201.73997567219084,
        "target_bearing": 203.47350413456041,
        "fix_type": 6,
        "hacc_m": 0.014,
        "corrupt": false,
        "position_interpolated": true,
        "captured_at_utc": "2026-06-16T22:18:13.556192+00:00"
      },
      "geometry": {
        "type": "Point",
        "coordinates": [
          -114.00609,
          46.6753861
        ]
      }
    },
    {
      "type": "Feature",
      "properties": {
        "file": "leg03_m127_b203_2026-06-16T16-18-14.jpg",
        "leg": "leg03",
        "mark_index": 127,
        "along_track_m": 127.0,
        "achieved_heading": 203.92879338487086,
        "target_bearing": 203.47350413456041,
        "fix_type": 6,
        "hacc_m": 0.014,
        "corrupt": false,
        "position_interpolated": true,
        "captured_at_utc": "2026-06-16T22:18:14.603448+00:00"
      },
      "geometry": {
        "type": "Point",
        "coordinates": [
          -114.0060951,
          46.6753783
        ]
      }
    },
    {
      "type": "Feature",
      "properties": {
        "file": "leg03_m128_b203_2026-06-16T16-18-15.jpg",
        "leg": "leg03",
        "mark_index": 128,
        "along_track_m": 128.0,
        "achieved_heading": 202.75742733135158,
        "target_bearing": 203.47350413456041,
        "fix_type": 6,
        "hacc_m": 0.014,
        "corrupt": false,
        "position_interpolated": true,
        "captured_at_utc": "2026-06-16T22:18:15.583918+00:00"
      },
      "geometry": {
        "type": "Point",
        "coordinates": [
          -114.0061004,
          46.6753704
        ]
      }
    },
    {
      "type": "Feature",
      "properties": {
        "file": "leg03_m129_b203_2026-06-16T16-18-16.jpg",
        "leg": "leg03",
        "mark_index": 129,
        "along_track_m": 129.0,
        "achieved_heading": 202.91613518520575,
        "target_bearing": 203.47350413456041,
        "fix_type": 6,
        "hacc_m": 0.014,
        "corrupt": false,
        "position_interpolated": true,
        "captured_at_utc": "2026-06-16T22:18:16.695417+00:00"
      },
      "geometry": {
        "type": "Point",
        "coordinates": [
          -114.0061059471235,
          46.67536084460238
        ]
      }
    },
    {
      "type": "Feature",
      "properties": {
        "file": "leg03_m130_b203_2026-06-16T16-18-17.jpg",
        "leg": "leg03",
        "mark_index": 130,
        "along_track_m": 130.0,
        "achieved_heading": 204.26446556374142,
        "target_bearing": 203.47350413456041,
        "fix_type": 6,
        "hacc_m": 0.014,
        "corrupt": false,
        "position_interpolated": true,
        "captured_at_utc": "2026-06-16T22:18:17.680327+00:00"
      },
      "geometry": {
        "type": "Point",
        "coordinates": [
          -114.00611076848038,
          46.67535324727942
        ]
      }
    },
    {
      "type": "Feature",
      "properties": {
        "file": "leg03_m131_b203_2026-06-16T16-18-18.jpg",
        "leg": "leg03",
        "mark_index": 131,
        "along_track_m": 131.0,
        "achieved_heading": 204.39643358701503,
        "target_bearing": 203.47350413456041,
        "fix_type": 6,
        "hacc_m": 0.014,
        "corrupt": false,
        "position_interpolated": true,
        "captured_at_utc": "2026-06-16T22:18:18.797813+00:00"
      },
      "geometry": {
        "type": "Point",
        "coordinates": [
          -114.0061166,
          46.675345
        ]
      }
    },
    {
      "type": "Feature",
      "properties": {
        "file": "leg03_m132_b203_2026-06-16T16-18-19.jpg",
        "leg": "leg03",
        "mark_index": 132,
        "along_track_m": 132.0,
        "achieved_heading": 201.62707631592139,
        "target_bearing": 203.47350413456041,
        "fix_type": 6,
        "hacc_m": 0.014,
        "corrupt": false,
        "position_interpolated": true,
        "captured_at_utc": "2026-06-16T22:18:19.709868+00:00"
      },
      "geometry": {
        "type": "Point",
        "coordinates": [
          -114.00612220868095,
          46.675336826441765
        ]
      }
    },
    {
      "type": "Feature",
      "properties": {
        "file": "leg03_m133_b203_2026-06-16T16-18-20.jpg",
        "leg": "leg03",
        "mark_index": 133,
        "along_track_m": 132.526,
        "achieved_heading": 199.87801617692213,
        "target_bearing": 203.47350413456041,
        "fix_type": 6,
        "hacc_m": 0.014,
        "corrupt": false,
        "position_interpolated": true,
        "captured_at_utc": "2026-06-16T22:18:20.206859+00:00"
      },
      "geometry": {
        "type": "Point",
        "coordinates": [
          -114.00612419999999,
          46.6753333
        ]
      }
    },
    {
      "type": "Feature",
      "properties": {
        "file": "leg04_m000_b293_2026-06-16T16-18-24.jpg",
        "leg": "leg04",
        "mark_index": 0,
        "along_track_m": 0.0,
        "achieved_heading": 290.9544308627599,
        "target_bearing": 293.60590887742256,
        "fix_type": 6,
        "hacc_m": 0.014,
        "corrupt": false,
        "position_interpolated": true,
        "captured_at_utc": "2026-06-16T22:18:24.601095+00:00"
      },
      "geometry": {
        "type": "Point",
        "coordinates": [
          -114.0061266,
          46.6753293
        ]
      }
    },
    {
      "type": "Feature",
      "properties": {
        "file": "leg04_m001_b293_2026-06-16T16-18-26.jpg",
        "leg": "leg04",
        "mark_index": 1,
        "along_track_m": 1.0,
        "achieved_heading": 286.13459529856044,
        "target_bearing": 293.60590887742256,
        "fix_type": 6,
        "hacc_m": 0.014,
        "corrupt": false,
        "position_interpolated": true,
        "captured_at_utc": "2026-06-16T22:18:26.151779+00:00"
      },
      "geometry": {
        "type": "Point",
        "coordinates": [
          -114.0061406,
          46.6753323
        ]
      }
    },
    {
      "type": "Feature",
      "properties": {
        "file": "leg04_m002_b293_2026-06-16T16-18-27.jpg",
        "leg": "leg04",
        "mark_index": 2,
        "along_track_m": 2.0,
        "achieved_heading": 293.2189319564555,
        "target_bearing": 293.60590887742256,
        "fix_type": 6,
        "hacc_m": 0.014,
        "corrupt": false,
        "position_interpolated": true,
        "captured_at_utc": "2026-06-16T22:18:27.129661+00:00"
      },
      "geometry": {
        "type": "Point",
        "coordinates": [
          -114.0061529857552,
          46.67533499745628
        ]
      }
    },
    {
      "type": "Feature",
      "properties": {
        "file": "leg04_m003_b293_2026-06-16T16-18-28.jpg",
        "leg": "leg04",
        "mark_index": 3,
        "along_track_m": 3.0,
        "achieved_heading": 304.88355052440585,
        "target_bearing": 293.60590887742256,
        "fix_type": 6,
        "hacc_m": 0.014,
        "corrupt": false,
        "position_interpolated": true,
        "captured_at_utc": "2026-06-16T22:18:28.178946+00:00"
      },
      "geometry": {
        "type": "Point",
        "coordinates": [
          -114.0061645,
          46.675339
        ]
      }
    },
    {
      "type": "Feature",
      "properties": {
        "file": "leg04_m004_b293_2026-06-16T16-18-29.jpg",
        "leg": "leg04",
        "mark_index": 4,
        "along_track_m": 4.0,
        "achieved_heading": 312.19093965194537,
        "target_bearing": 293.60590887742256,
        "fix_type": 6,
        "hacc_m": 0.014,
        "corrupt": false,
        "position_interpolated": true,
        "captured_at_utc": "2026-06-16T22:18:29.166094+00:00"
      },
      "geometry": {
        "type": "Point",
        "coordinates": [
          -114.0061751,
          46.6753443
        ]
      }
    },
    {
      "type": "Feature",
      "properties": {
        "file": "leg04_m005_b293_2026-06-16T16-18-29.jpg",
        "leg": "leg04",
        "mark_index": 5,
        "along_track_m": 4.786,
        "achieved_heading": 313.4732764932276,
        "target_bearing": 293.60590887742256,
        "fix_type": 6,
        "hacc_m": 0.014,
        "corrupt": false,
        "position_interpolated": true,
        "captured_at_utc": "2026-06-16T22:18:29.932389+00:00"
      },
      "geometry": {
        "type": "Point",
        "coordinates": [
          -114.00618259999999,
          46.675348799999995
        ]
      }
    },
    {
      "type": "Feature",
      "properties": {
        "file": "leg05_m000_b023_2026-06-16T16-18-33.jpg",
        "leg": "leg05",
        "mark_index": 0,
        "along_track_m": 0.0,
        "achieved_heading": 18.93313162912908,
        "target_bearing": 23.472956732770626,
        "fix_type": 6,
        "hacc_m": 0.014,
        "corrupt": false,
        "position_interpolated": true,
        "captured_at_utc": "2026-06-16T22:18:33.361707+00:00"
      },
      "geometry": {
        "type": "Point",
        "coordinates": [
          -114.00618709999999,
          46.6753511
        ]
      }
    },
    {
      "type": "Feature",
      "properties": {
        "file": "leg05_m001_b023_2026-06-16T16-18-34.jpg",
        "leg": "leg05",
        "mark_index": 1,
        "along_track_m": 1.0,
        "achieved_heading": 11.481643616114184,
        "target_bearing": 23.472956732770626,
        "fix_type": 6,
        "hacc_m": 0.014,
        "corrupt": false,
        "position_interpolated": true,
        "captured_at_utc": "2026-06-16T22:18:34.904790+00:00"
      },
      "geometry": {
        "type": "Point",
        "coordinates": [
          -114.0061848,
          46.67536046733782
        ]
      }
    },
    {
      "type": "Feature",
      "properties": {
        "file": "leg05_m002_b023_2026-06-16T16-18-36.jpg",
        "leg": "leg05",
        "mark_index": 2,
        "along_track_m": 2.0,
        "achieved_heading": 24.848577089177745,
        "target_bearing": 23.472956732770626,
        "fix_type": 6,
        "hacc_m": 0.014,
        "corrupt": false,
        "position_interpolated": true,
        "captured_at_utc": "2026-06-16T22:18:36.108854+00:00"
      },
      "geometry": {
        "type": "Point",
        "coordinates": [
          -114.00618121381666,
          46.67537029765927
        ]
      }
    },
    {
      "type": "Feature",
      "properties": {
        "file": "leg05_m003_b023_2026-06-16T16-18-37.jpg",
        "leg": "leg05",
        "mark_index": 3,
        "along_track_m": 3.0,
        "achieved_heading": 36.14982582345616,
        "target_bearing": 23.472956732770626,
        "fix_type": 6,
        "hacc_m": 0.014,
        "corrupt": false,
        "position_interpolated": true,
        "captured_at_utc": "2026-06-16T22:18:37.153788+00:00"
      },
      "geometry": {
        "type": "Point",
        "coordinates": [
          -114.0061757,
          46.675378099999996
        ]
      }
    },
    {
      "type": "Feature",
      "properties": {
        "file": "leg05_m004_b023_2026-06-16T16-18-38.jpg",
        "leg": "leg05",
        "mark_index": 4,
        "along_track_m": 4.0,
        "achieved_heading": 37.787110018822,
        "target_bearing": 23.472956732770626,
        "fix_type": 6,
        "hacc_m": 0.014,
        "corrupt": false,
        "position_interpolated": true,
        "captured_at_utc": "2026-06-16T22:18:38.129121+00:00"
      },
      "geometry": {
        "type": "Point",
        "coordinates": [
          -114.0061692446417,
          46.67538535192431
        ]
      }
    },
    {
      "type": "Feature",
      "properties": {
        "file": "leg05_m005_b023_2026-06-16T16-18-39.jpg",
        "leg": "leg05",
        "mark_index": 5,
        "along_track_m": 5.0,
        "achieved_heading": 29.805063087515954,
        "target_bearing": 23.472956732770626,
        "fix_type": 6,
        "hacc_m": 0.014,
        "corrupt": false,
        "position_interpolated": true,
        "captured_at_utc": "2026-06-16T22:18:39.184184+00:00"
      },
      "geometry": {
        "type": "Point",
        "coordinates": [
          -114.00616233739287,
          46.675393318392835
        ]
      }
    },
    {
      "type": "Feature",
      "properties": {
        "file": "leg05_m006_b023_2026-06-16T16-18-40.jpg",
        "leg": "leg05",
        "mark_index": 6,
        "along_track_m": 6.0,
        "achieved_heading": 26.503333623827423,
        "target_bearing": 23.472956732770626,
        "fix_type": 6,
        "hacc_m": 0.014,
        "corrupt": false,
        "position_interpolated": true,
        "captured_at_utc": "2026-06-16T22:18:40.374375+00:00"
      },
      "geometry": {
        "type": "Point",
        "coordinates": [
          -114.0061563,
          46.6754022
        ]
      }
    },
    {
      "type": "Feature",
      "properties": {
        "file": "leg05_m007_b023_2026-06-16T16-18-41.jpg",
        "leg": "leg05",
        "mark_index": 7,
        "along_track_m": 7.0,
        "achieved_heading": 26.696706879684072,
        "target_bearing": 23.472956732770626,
        "fix_type": 6,
        "hacc_m": 0.014,
        "corrupt": false,
        "position_interpolated": true,
        "captured_at_utc": "2026-06-16T22:18:41.280229+00:00"
      },
      "geometry": {
        "type": "Point",
        "coordinates": [
          -114.00615132345455,
          46.675409897781805
        ]
      }
    },
    {
      "type": "Feature",
      "properties": {
        "file": "leg05_m008_b023_2026-06-16T16-18-42.jpg",
        "leg": "leg05",
        "mark_index": 8,
        "along_track_m": 8.0,
        "achieved_heading": 27.347567368461355,
        "target_bearing": 23.472956732770626,
        "fix_type": 6,
        "hacc_m": 0.014,
        "corrupt": false,
        "position_interpolated": true,
        "captured_at_utc": "2026-06-16T22:18:42.399013+00:00"
      },
      "geometry": {
        "type": "Point",
        "coordinates": [
          -114.00614619999999,
          46.675418099999995
        ]
      }
    },
    {
      "type": "Feature",
      "properties": {
        "file": "leg05_m009_b023_2026-06-16T16-18-43.jpg",
        "leg": "leg05",
        "mark_index": 9,
        "along_track_m": 9.0,
        "achieved_heading": 28.5138544833854,
        "target_bearing": 23.472956732770626,
        "fix_type": 6,
        "hacc_m": 0.014,
        "corrupt": false,
        "position_interpolated": true,
        "captured_at_utc": "2026-06-16T22:18:43.458676+00:00"
      },
      "geometry": {
        "type": "Point",
        "coordinates": [
          -114.0061411,
          46.6754259
        ]
      }
    },
    {
      "type": "Feature",
      "properties": {
        "file": "leg05_m010_b023_2026-06-16T16-18-44.jpg",
        "leg": "leg05",
        "mark_index": 10,
        "along_track_m": 10.0,
        "achieved_heading": 27.814469891654092,
        "target_bearing": 23.472956732770626,
        "fix_type": 6,
        "hacc_m": 0.014,
        "corrupt": false,
        "position_interpolated": true,
        "captured_at_utc": "2026-06-16T22:18:44.499712+00:00"
      },
      "geometry": {
        "type": "Point",
        "coordinates": [
          -114.00613473699809,
          46.675434980803054
        ]
      }
    },
    {
      "type": "Feature",
      "properties": {
        "file": "leg05_m011_b023_2026-06-16T16-18-45.jpg",
        "leg": "leg05",
        "mark_index": 11,
        "along_track_m": 11.0,
        "achieved_heading": 26.927630982216478,
        "target_bearing": 23.472956732770626,
        "fix_type": 6,
        "hacc_m": 0.014,
        "corrupt": false,
        "position_interpolated": true,
        "captured_at_utc": "2026-06-16T22:18:45.486084+00:00"
      },
      "geometry": {
        "type": "Point",
        "coordinates": [
          -114.00612994867569,
          46.675442802648604
        ]
      }
    },
    {
      "type": "Feature",
      "properties": {
        "file": "leg05_m012_b023_2026-06-16T16-18-46.jpg",
        "leg": "leg05",
        "mark_index": 12,
        "along_track_m": 12.0,
        "achieved_heading": 27.375994404711562,
        "target_bearing": 23.472956732770626,
        "fix_type": 6,
        "hacc_m": 0.014,
        "corrupt": false,
        "position_interpolated": true,
        "captured_at_utc": "2026-06-16T22:18:46.599130+00:00"
      },
      "geometry": {
        "type": "Point",
        "coordinates": [
          -114.00612489999999,
          46.6754509
        ]
      }
    },
    {
      "type": "Feature",
      "properties": {
        "file": "leg05_m013_b023_2026-06-16T16-18-47.jpg",
        "leg": "leg05",
        "mark_index": 13,
        "along_track_m": 13.0,
        "achieved_heading": 27.16010344536945,
        "target_bearing": 23.472956732770626,
        "fix_type": 6,
        "hacc_m": 0.014,
        "corrupt": false,
        "position_interpolated": true,
        "captured_at_utc": "2026-06-16T22:18:47.587770+00:00"
      },
      "geometry": {
        "type": "Point",
        "coordinates": [
          -114.0061198,
          46.6754588
        ]
      }
    },
    {
      "type": "Feature",
      "properties": {
        "file": "leg05_m014_b023_2026-06-16T16-18-48.jpg",
        "leg": "leg05",
        "mark_index": 14,
        "along_track_m": 14.0,
        "achieved_heading": 26.23190205110238,
        "target_bearing": 23.472956732770626,
        "fix_type": 6,
        "hacc_m": 0.014,
        "corrupt": false,
        "position_interpolated": true,
        "captured_at_utc": "2026-06-16T22:18:48.769601+00:00"
      },
      "geometry": {
        "type": "Point",
        "coordinates": [
          -114.0061138,
          46.6754683
        ]
      }
    },
    {
      "type": "Feature",
      "properties": {
        "file": "leg05_m015_b023_2026-06-16T16-18-49.jpg",
        "leg": "leg05",
        "mark_index": 15,
        "along_track_m": 15.0,
        "achieved_heading": 25.704582115225968,
        "target_bearing": 23.472956732770626,
        "fix_type": 6,
        "hacc_m": 0.014,
        "corrupt": false,
        "position_interpolated": true,
        "captured_at_utc": "2026-06-16T22:18:49.758287+00:00"
      },
      "geometry": {
        "type": "Point",
        "coordinates": [
          -114.00610879999999,
          46.6754762
        ]
      }
    },
    {
      "type": "Feature",
      "properties": {
        "file": "leg05_m016_b023_2026-06-16T16-18-50.jpg",
        "leg": "leg05",
        "mark_index": 16,
        "along_track_m": 16.0,
        "achieved_heading": 24.951469172075754,
        "target_bearing": 23.472956732770626,
        "fix_type": 6,
        "hacc_m": 0.014,
        "corrupt": false,
        "position_interpolated": true,
        "captured_at_utc": "2026-06-16T22:18:50.734941+00:00"
      },
      "geometry": {
        "type": "Point",
        "coordinates": [
          -114.00610429999999,
          46.6754842
        ]
      }
    },
    {
      "type": "Feature",
      "properties": {
        "file": "leg05_m017_b023_2026-06-16T16-18-51.jpg",
        "leg": "leg05",
        "mark_index": 17,
        "along_track_m": 17.0,
        "achieved_heading": 26.588442631042184,
        "target_bearing": 23.472956732770626,
        "fix_type": 6,
        "hacc_m": 0.014,
        "corrupt": false,
        "position_interpolated": true,
        "captured_at_utc": "2026-06-16T22:18:51.713584+00:00"
      },
      "geometry": {
        "type": "Point",
        "coordinates": [
          -114.00609885717057,
          46.67549170281002
        ]
      }
    },
    {
      "type": "Feature",
      "properties": {
        "file": "leg05_m018_b023_2026-06-16T16-18-52.jpg",
        "leg": "leg05",
        "mark_index": 18,
        "along_track_m": 18.0,
        "achieved_heading": 25.831053844206195,
        "target_bearing": 23.472956732770626,
        "fix_type": 6,
        "hacc_m": 0.014,
        "corrupt": false,
        "position_interpolated": true,
        "captured_at_utc": "2026-06-16T22:18:52.904638+00:00"
      },
      "geometry": {
        "type": "Point",
        "coordinates": [
          -114.00609298828125,
          46.675500743055544
        ]
      }
    },
    {
      "type": "Feature",
      "properties": {
        "file": "leg05_m019_b023_2026-06-16T16-18-53.jpg",
        "leg": "leg05",
        "mark_index": 19,
        "along_track_m": 19.0,
        "achieved_heading": 25.769145156681333,
        "target_bearing": 23.472956732770626,
        "fix_type": 6,
        "hacc_m": 0.014,
        "corrupt": false,
        "position_interpolated": true,
        "captured_at_utc": "2026-06-16T22:18:53.887619+00:00"
      },
      "geometry": {
        "type": "Point",
        "coordinates": [
          -114.00608799330358,
          46.67550870125808
        ]
      }
    },
    {
      "type": "Feature",
      "properties": {
        "file": "leg05_m020_b023_2026-06-16T16-18-55.jpg",
        "leg": "leg05",
        "mark_index": 20,
        "along_track_m": 20.0,
        "achieved_heading": 25.38403515444015,
        "target_bearing": 23.472956732770626,
        "fix_type": 6,
        "hacc_m": 0.014,
        "corrupt": false,
        "position_interpolated": true,
        "captured_at_utc": "2026-06-16T22:18:55.003137+00:00"
      },
      "geometry": {
        "type": "Point",
        "coordinates": [
          -114.0060826,
          46.675516599999995
        ]
      }
    },
    {
      "type": "Feature",
      "properties": {
        "file": "leg05_m021_b023_2026-06-16T16-18-56.jpg",
        "leg": "leg05",
        "mark_index": 21,
        "along_track_m": 21.0,
        "achieved_heading": 25.450886081330154,
        "target_bearing": 23.472956732770626,
        "fix_type": 6,
        "hacc_m": 0.014,
        "corrupt": false,
        "position_interpolated": true,
        "captured_at_utc": "2026-06-16T22:18:55.988205+00:00"
      },
      "geometry": {
        "type": "Point",
        "coordinates": [
          -114.00607759316644,
          46.675525090933675
        ]
      }
    },
    {
      "type": "Feature",
      "properties": {
        "file": "leg05_m022_b023_2026-06-16T16-18-57.jpg",
        "leg": "leg05",
        "mark_index": 22,
        "along_track_m": 22.0,
        "achieved_heading": 26.731316644774516,
        "target_bearing": 23.472956732770626,
        "fix_type": 6,
        "hacc_m": 0.014,
        "corrupt": false,
        "position_interpolated": true,
        "captured_at_utc": "2026-06-16T22:18:57.111011+00:00"
      },
      "geometry": {
        "type": "Point",
        "coordinates": [
          -114.0060724250658,
          46.675533455693305
        ]
      }
    },
    {
      "type": "Feature",
      "properties": {
        "file": "leg05_m023_b023_2026-06-16T16-18-58.jpg",
        "leg": "leg05",
        "mark_index": 23,
        "along_track_m": 23.0,
        "achieved_heading": 26.203378066139607,
        "target_bearing": 23.472956732770626,
        "fix_type": 6,
        "hacc_m": 0.014,
        "corrupt": false,
        "position_interpolated": true,
        "captured_at_utc": "2026-06-16T22:18:58.149671+00:00"
      },
      "geometry": {
        "type": "Point",
        "coordinates": [
          -114.006067,
          46.6755414
        ]
      }
    },
    {
      "type": "Feature",
      "properties": {
        "file": "leg05_m024_b023_2026-06-16T16-18-59.jpg",
        "leg": "leg05",
        "mark_index": 24,
        "along_track_m": 24.0,
        "achieved_heading": 24.24566341520734,
        "target_bearing": 23.472956732770626,
        "fix_type": 6,
        "hacc_m": 0.014,
        "corrupt": false,
        "position_interpolated": true,
        "captured_at_utc": "2026-06-16T22:18:59.343288+00:00"
      },
      "geometry": {
        "type": "Point",
        "coordinates": [
          -114.00606119999999,
          46.675550199999996
        ]
      }
    },
    {
      "type": "Feature",
      "properties": {
        "file": "leg05_m025_b023_2026-06-16T16-19-00.jpg",
        "leg": "leg05",
        "mark_index": 25,
        "along_track_m": 25.0,
        "achieved_heading": 20.360904541014158,
        "target_bearing": 23.472956732770626,
        "fix_type": 6,
        "hacc_m": 0.014,
        "corrupt": false,
        "position_interpolated": true,
        "captured_at_utc": "2026-06-16T22:19:00.325460+00:00"
      },
      "geometry": {
        "type": "Point",
        "coordinates": [
          -114.00605709999999,
          46.6755579
        ]
      }
    },
    {
      "type": "Feature",
      "properties": {
        "file": "leg05_m026_b023_2026-06-16T16-19-01.jpg",
        "leg": "leg05",
        "mark_index": 26,
        "along_track_m": 26.0,
        "achieved_heading": 23.847990949203982,
        "target_bearing": 23.472956732770626,
        "fix_type": 6,
        "hacc_m": 0.014,
        "corrupt": false,
        "position_interpolated": true,
        "captured_at_utc": "2026-06-16T22:19:01.433308+00:00"
      },
      "geometry": {
        "type": "Point",
        "coordinates": [
          -114.00605209857935,
          46.67556682011906
        ]
      }
    },
    {
      "type": "Feature",
      "properties": {
        "file": "leg05_m027_b023_2026-06-16T16-19-02.jpg",
        "leg": "leg05",
        "mark_index": 27,
        "along_track_m": 27.0,
        "achieved_heading": 26.7660304652429,
        "target_bearing": 23.472956732770626,
        "fix_type": 6,
        "hacc_m": 0.014,
        "corrupt": false,
        "position_interpolated": true,
        "captured_at_utc": "2026-06-16T22:19:02.561416+00:00"
      },
      "geometry": {
        "type": "Point",
        "coordinates": [
          -114.006047,
          46.675574999999995
        ]
      }
    },
    {
      "type": "Feature",
      "properties": {
        "file": "leg05_m028_b023_2026-06-16T16-19-03.jpg",
        "leg": "leg05",
        "mark_index": 28,
        "along_track_m": 28.0,
        "achieved_heading": 28.090747917019222,
        "target_bearing": 23.472956732770626,
        "fix_type": 6,
        "hacc_m": 0.014,
        "corrupt": false,
        "position_interpolated": true,
        "captured_at_utc": "2026-06-16T22:19:03.548306+00:00"
      },
      "geometry": {
        "type": "Point",
        "coordinates": [
          -114.00604159999999,
          46.675582899999995
        ]
      }
    },
    {
      "type": "Feature",
      "properties": {
        "file": "leg05_m029_b023_2026-06-16T16-19-04.jpg",
        "leg": "leg05",
        "mark_index": 29,
        "along_track_m": 29.0,
        "achieved_heading": 26.696508963397818,
        "target_bearing": 23.472956732770626,
        "fix_type": 6,
        "hacc_m": 0.014,
        "corrupt": false,
        "position_interpolated": true,
        "captured_at_utc": "2026-06-16T22:19:04.593502+00:00"
      },
      "geometry": {
        "type": "Point",
        "coordinates": [
          -114.0060362,
          46.6755907
        ]
      }
    },
    {
      "type": "Feature",
      "properties": {
        "file": "leg05_m030_b023_2026-06-16T16-19-05.jpg",
        "leg": "leg05",
        "mark_index": 30,
        "along_track_m": 30.0,
        "achieved_heading": 24.12226203094771,
        "target_bearing": 23.472956732770626,
        "fix_type": 6,
        "hacc_m": 0.014,
        "corrupt": false,
        "position_interpolated": true,
        "captured_at_utc": "2026-06-16T22:19:05.647751+00:00"
      },
      "geometry": {
        "type": "Point",
        "coordinates": [
          -114.0060305979583,
          46.675599278572975
        ]
      }
    },
    {
      "type": "Feature",
      "properties": {
        "file": "leg05_m031_b023_2026-06-16T16-19-06.jpg",
        "leg": "leg05",
        "mark_index": 31,
        "along_track_m": 31.0,
        "achieved_heading": 22.878399940143865,
        "target_bearing": 23.472956732770626,
        "fix_type": 6,
        "hacc_m": 0.014,
        "corrupt": false,
        "position_interpolated": true,
        "captured_at_utc": "2026-06-16T22:19:06.694257+00:00"
      },
      "geometry": {
        "type": "Point",
        "coordinates": [
          -114.00602567023275,
          46.67560749358104
        ]
      }
    },
    {
      "type": "Feature",
      "properties": {
        "file": "leg05_m032_b023_2026-06-16T16-19-07.jpg",
        "leg": "leg05",
        "mark_index": 32,
        "along_track_m": 32.0,
        "achieved_heading": 24.62551406268883,
        "target_bearing": 23.472956732770626,
        "fix_type": 6,
        "hacc_m": 0.014,
        "corrupt": false,
        "position_interpolated": true,
        "captured_at_utc": "2026-06-16T22:19:07.749591+00:00"
      },
      "geometry": {
        "type": "Point",
        "coordinates": [
          -114.0060207,
          46.675615699999994
        ]
      }
    },
    {
      "type": "Feature",
      "properties": {
        "file": "leg05_m033_b023_2026-06-16T16-19-08.jpg",
        "leg": "leg05",
        "mark_index": 33,
        "along_track_m": 33.0,
        "achieved_heading": 25.64738075743285,
        "target_bearing": 23.472956732770626,
        "fix_type": 6,
        "hacc_m": 0.014,
        "corrupt": false,
        "position_interpolated": true,
        "captured_at_utc": "2026-06-16T22:19:08.794582+00:00"
      },
      "geometry": {
        "type": "Point",
        "coordinates": [
          -114.00601550949713,
          46.67562410350442
        ]
      }
    },
    {
      "type": "Feature",
      "properties": {
        "file": "leg05_m034_b023_2026-06-16T16-19-09.jpg",
        "leg": "leg05",
        "mark_index": 34,
        "along_track_m": 34.0,
        "achieved_heading": 26.29564202297324,
        "target_bearing": 23.472956732770626,
        "fix_type": 6,
        "hacc_m": 0.014,
        "corrupt": false,
        "position_interpolated": true,
        "captured_at_utc": "2026-06-16T22:19:09.919967+00:00"
      },
      "geometry": {
        "type": "Point",
        "coordinates": [
          -114.00600941445735,
          46.675633177656806
        ]
      }
    },
    {
      "type": "Feature",
      "properties": {
        "file": "leg05_m035_b023_2026-06-16T16-19-11.jpg",
        "leg": "leg05",
        "mark_index": 35,
        "along_track_m": 35.0,
        "achieved_heading": 25.324916193538975,
        "target_bearing": 23.472956732770626,
        "fix_type": 6,
        "hacc_m": 0.014,
        "corrupt": false,
        "position_interpolated": true,
        "captured_at_utc": "2026-06-16T22:19:10.968240+00:00"
      },
      "geometry": {
        "type": "Point",
        "coordinates": [
          -114.0060043,
          46.675641
        ]
      }
    },
    {
      "type": "Feature",
      "properties": {
        "file": "leg05_m036_b023_2026-06-16T16-19-11.jpg",
        "leg": "leg05",
        "mark_index": 36,
        "along_track_m": 36.0,
        "achieved_heading": 25.33654148380466,
        "target_bearing": 23.472956732770626,
        "fix_type": 6,
        "hacc_m": 0.014,
        "corrupt": false,
        "position_interpolated": true,
        "captured_at_utc": "2026-06-16T22:19:11.880405+00:00"
      },
      "geometry": {
        "type": "Point",
        "coordinates": [
          -114.00599933186864,
          46.67564866273653
        ]
      }
    },
    {
      "type": "Feature",
      "properties": {
        "file": "leg05_m037_b023_2026-06-16T16-19-12.jpg",
        "leg": "leg05",
        "mark_index": 37,
        "along_track_m": 37.0,
        "achieved_heading": 25.32339234549808,
        "target_bearing": 23.472956732770626,
        "fix_type": 6,
        "hacc_m": 0.014,
        "corrupt": false,
        "position_interpolated": true,
        "captured_at_utc": "2026-06-16T22:19:12.930221+00:00"
      },
      "geometry": {
        "type": "Point",
        "coordinates": [
          -114.00599389999999,
          46.675657
        ]
      }
    },
    {
      "type": "Feature",
      "properties": {
        "file": "leg05_m038_b023_2026-06-16T16-19-14.jpg",
        "leg": "leg05",
        "mark_index": 38,
        "along_track_m": 38.0,
        "achieved_heading": 24.882401629578915,
        "target_bearing": 23.472956732770626,
        "fix_type": 6,
        "hacc_m": 0.014,
        "corrupt": false,
        "position_interpolated": true,
        "captured_at_utc": "2026-06-16T22:19:14.048906+00:00"
      },
      "geometry": {
        "type": "Point",
        "coordinates": [
          -114.00598806580636,
          46.675665590322716
        ]
      }
    },
    {
      "type": "Feature",
      "properties": {
        "file": "leg05_m039_b023_2026-06-16T16-19-15.jpg",
        "leg": "leg05",
        "mark_index": 39,
        "along_track_m": 39.0,
        "achieved_heading": 23.80539243870296,
        "target_bearing": 23.472956732770626,
        "fix_type": 6,
        "hacc_m": 0.014,
        "corrupt": false,
        "position_interpolated": true,
        "captured_at_utc": "2026-06-16T22:19:15.167744+00:00"
      },
      "geometry": {
        "type": "Point",
        "coordinates": [
          -114.00598269999999,
          46.675674199999996
        ]
      }
    },
    {
      "type": "Feature",
      "properties": {
        "file": "leg05_m040_b023_2026-06-16T16-19-16.jpg",
        "leg": "leg05",
        "mark_index": 40,
        "along_track_m": 40.0,
        "achieved_heading": 23.706358630126758,
        "target_bearing": 23.472956732770626,
        "fix_type": 6,
        "hacc_m": 0.014,
        "corrupt": false,
        "position_interpolated": true,
        "captured_at_utc": "2026-06-16T22:19:16.149104+00:00"
      },
      "geometry": {
        "type": "Point",
        "coordinates": [
          -114.0059778,
          46.6756824
        ]
      }
    },
    {
      "type": "Feature",
      "properties": {
        "file": "leg05_m041_b023_2026-06-16T16-19-17.jpg",
        "leg": "leg05",
        "mark_index": 41,
        "along_track_m": 41.0,
        "achieved_heading": 23.009828746379647,
        "target_bearing": 23.472956732770626,
        "fix_type": 6,
        "hacc_m": 0.014,
        "corrupt": false,
        "position_interpolated": true,
        "captured_at_utc": "2026-06-16T22:19:17.127152+00:00"
      },
      "geometry": {
        "type": "Point",
        "coordinates": [
          -114.0059731183364,
          46.675690263327176
        ]
      }
    },
    {
      "type": "Feature",
      "properties": {
        "file": "leg05_m042_b023_2026-06-16T16-19-18.jpg",
        "leg": "leg05",
        "mark_index": 42,
        "along_track_m": 42.0,
        "achieved_heading": 23.501036541182025,
        "target_bearing": 23.472956732770626,
        "fix_type": 6,
        "hacc_m": 0.014,
        "corrupt": false,
        "position_interpolated": true,
        "captured_at_utc": "2026-06-16T22:19:18.181598+00:00"
      },
      "geometry": {
        "type": "Point",
        "coordinates": [
          -114.0059682,
          46.675698399999995
        ]
      }
    },
    {
      "type": "Feature",
      "properties": {
        "file": "leg05_m043_b023_2026-06-16T16-19-19.jpg",
        "leg": "leg05",
        "mark_index": 43,
        "along_track_m": 43.0,
        "achieved_heading": 24.142918538100957,
        "target_bearing": 23.472956732770626,
        "fix_type": 6,
        "hacc_m": 0.014,
        "corrupt": false,
        "position_interpolated": true,
        "captured_at_utc": "2026-06-16T22:19:19.157748+00:00"
      },
      "geometry": {
        "type": "Point",
        "coordinates": [
          -114.005963,
          46.6757065
        ]
      }
    },
    {
      "type": "Feature",
      "properties": {
        "file": "leg05_m044_b023_2026-06-16T16-19-20.jpg",
        "leg": "leg05",
        "mark_index": 44,
        "along_track_m": 44.0,
        "achieved_heading": 23.79621617433513,
        "target_bearing": 23.472956732770626,
        "fix_type": 6,
        "hacc_m": 0.014,
        "corrupt": false,
        "position_interpolated": true,
        "captured_at_utc": "2026-06-16T22:19:20.206578+00:00"
      },
      "geometry": {
        "type": "Point",
        "coordinates": [
          -114.00595759999999,
          46.6757145
        ]
      }
    },
    {
      "type": "Feature",
      "properties": {
        "file": "leg05_m045_b023_2026-06-16T16-19-21.jpg",
        "leg": "leg05",
        "mark_index": 45,
        "along_track_m": 45.0,
        "achieved_heading": 25.004934469663638,
        "target_bearing": 23.472956732770626,
        "fix_type": 6,
        "hacc_m": 0.014,
        "corrupt": false,
        "position_interpolated": true,
        "captured_at_utc": "2026-06-16T22:19:21.129716+00:00"
      },
      "geometry": {
        "type": "Point",
        "coordinates": [
          -114.0059524058957,
          46.67572259142444
        ]
      }
    },
    {
      "type": "Feature",
      "properties": {
        "file": "leg05_m046_b023_2026-06-16T16-19-22.jpg",
        "leg": "leg05",
        "mark_index": 46,
        "along_track_m": 46.0,
        "achieved_heading": 23.722449155459707,
        "target_bearing": 23.472956732770626,
        "fix_type": 6,
        "hacc_m": 0.014,
        "corrupt": false,
        "position_interpolated": true,
        "captured_at_utc": "2026-06-16T22:19:22.313221+00:00"
      },
      "geometry": {
        "type": "Point",
        "coordinates": [
          -114.00594644806584,
          46.675732103868306
        ]
      }
    },
    {
      "type": "Feature",
      "properties": {
        "file": "leg05_m047_b023_2026-06-16T16-19-23.jpg",
        "leg": "leg05",
        "mark_index": 47,
        "along_track_m": 47.0,
        "achieved_heading": 23.05935941588369,
        "target_bearing": 23.472956732770626,
        "fix_type": 6,
        "hacc_m": 0.014,
        "corrupt": false,
        "position_interpolated": true,
        "captured_at_utc": "2026-06-16T22:19:23.362478+00:00"
      },
      "geometry": {
        "type": "Point",
        "coordinates": [
          -114.0059409,
          46.6757401
        ]
      }
    },
    {
      "type": "Feature",
      "properties": {
        "file": "leg05_m048_b023_2026-06-16T16-19-24.jpg",
        "leg": "leg05",
        "mark_index": 48,
        "along_track_m": 48.0,
        "achieved_heading": 23.394029542416604,
        "target_bearing": 23.472956732770626,
        "fix_type": 6,
        "hacc_m": 0.014,
        "corrupt": false,
        "position_interpolated": true,
        "captured_at_utc": "2026-06-16T22:19:24.282866+00:00"
      },
      "geometry": {
        "type": "Point",
        "coordinates": [
          -114.00593628062752,
          46.675747916166515
        ]
      }
    },
    {
      "type": "Feature",
      "properties": {
        "file": "leg05_m049_b023_2026-06-16T16-19-25.jpg",
        "leg": "leg05",
        "mark_index": 49,
        "along_track_m": 49.0,
        "achieved_heading": 23.86487976129945,
        "target_bearing": 23.472956732770626,
        "fix_type": 6,
        "hacc_m": 0.014,
        "corrupt": false,
        "position_interpolated": true,
        "captured_at_utc": "2026-06-16T22:19:25.328604+00:00"
      },
      "geometry": {
        "type": "Point",
        "coordinates": [
          -114.0059313,
          46.6757564
        ]
      }
    },
    {
      "type": "Feature",
      "properties": {
        "file": "leg05_m050_b023_2026-06-16T16-19-26.jpg",
        "leg": "leg05",
        "mark_index": 50,
        "along_track_m": 50.0,
        "achieved_heading": 23.629064731637314,
        "target_bearing": 23.472956732770626,
        "fix_type": 6,
        "hacc_m": 0.014,
        "corrupt": false,
        "position_interpolated": true,
        "captured_at_utc": "2026-06-16T22:19:26.449599+00:00"
      },
      "geometry": {
        "type": "Point",
        "coordinates": [
          -114.00592619999999,
          46.675764
        ]
      }
    },
    {
      "type": "Feature",
      "properties": {
        "file": "leg05_m051_b023_2026-06-16T16-19-27.jpg",
        "leg": "leg05",
        "mark_index": 51,
        "along_track_m": 51.0,
        "achieved_heading": 23.701450313445896,
        "target_bearing": 23.472956732770626,
        "fix_type": 6,
        "hacc_m": 0.014,
        "corrupt": false,
        "position_interpolated": true,
        "captured_at_utc": "2026-06-16T22:19:27.492050+00:00"
      },
      "geometry": {
        "type": "Point",
        "coordinates": [
          -114.0059204451765,
          46.67577350964699
        ]
      }
    },
    {
      "type": "Feature",
      "properties": {
        "file": "leg05_m052_b023_2026-06-16T16-19-28.jpg",
        "leg": "leg05",
        "mark_index": 52,
        "along_track_m": 52.0,
        "achieved_heading": 25.517055409744806,
        "target_bearing": 23.472956732770626,
        "fix_type": 6,
        "hacc_m": 0.014,
        "corrupt": false,
        "position_interpolated": true,
        "captured_at_utc": "2026-06-16T22:19:28.405574+00:00"
      },
      "geometry": {
        "type": "Point",
        "coordinates": [
          -114.0059155124269,
          46.675780820116955
        ]
      }
    },
    {
      "type": "Feature",
      "properties": {
        "file": "leg05_m053_b023_2026-06-16T16-19-29.jpg",
        "leg": "leg05",
        "mark_index": 53,
        "along_track_m": 53.0,
        "achieved_heading": 25.611182441518366,
        "target_bearing": 23.472956732770626,
        "fix_type": 6,
        "hacc_m": 0.014,
        "corrupt": false,
        "position_interpolated": true,
        "captured_at_utc": "2026-06-16T22:19:29.455455+00:00"
      },
      "geometry": {
        "type": "Point",
        "coordinates": [
          -114.00590992092793,
          46.675789329461445
        ]
      }
    },
    {
      "type": "Feature",
      "properties": {
        "file": "leg05_m054_b023_2026-06-16T16-19-30.jpg",
        "leg": "leg05",
        "mark_index": 54,
        "along_track_m": 54.0,
        "achieved_heading": 24.88318982234309,
        "target_bearing": 23.472956732770626,
        "fix_type": 6,
        "hacc_m": 0.014,
        "corrupt": false,
        "position_interpolated": true,
        "captured_at_utc": "2026-06-16T22:19:30.453619+00:00"
      },
      "geometry": {
        "type": "Point",
        "coordinates": [
          -114.00590452589466,
          46.675797420631696
        ]
      }
    },
    {
      "type": "Feature",
      "properties": {
        "file": "leg05_m055_b023_2026-06-16T16-19-31.jpg",
        "leg": "leg05",
        "mark_index": 55,
        "along_track_m": 55.0,
        "achieved_heading": 24.361455604827583,
        "target_bearing": 23.472956732770626,
        "fix_type": 6,
        "hacc_m": 0.014,
        "corrupt": false,
        "position_interpolated": true,
        "captured_at_utc": "2026-06-16T22:19:31.490631+00:00"
      },
      "geometry": {
        "type": "Point",
        "coordinates": [
          -114.005898753366,
          46.675805528536436
        ]
      }
    },
    {
      "type": "Feature",
      "properties": {
        "file": "leg05_m056_b023_2026-06-16T16-19-32.jpg",
        "leg": "leg05",
        "mark_index": 56,
        "along_track_m": 56.0,
        "achieved_heading": 22.48942694923864,
        "target_bearing": 23.472956732770626,
        "fix_type": 6,
        "hacc_m": 0.014,
        "corrupt": false,
        "position_interpolated": true,
        "captured_at_utc": "2026-06-16T22:19:32.536062+00:00"
      },
      "geometry": {
        "type": "Point",
        "coordinates": [
          -114.005894,
          46.6758141
        ]
      }
    },
    {
      "type": "Feature",
      "properties": {
        "file": "leg05_m057_b023_2026-06-16T16-19-33.jpg",
        "leg": "leg05",
        "mark_index": 57,
        "along_track_m": 57.0,
        "achieved_heading": 24.087565555194878,
        "target_bearing": 23.472956732770626,
        "fix_type": 6,
        "hacc_m": 0.014,
        "corrupt": false,
        "position_interpolated": true,
        "captured_at_utc": "2026-06-16T22:19:33.460977+00:00"
      },
      "geometry": {
        "type": "Point",
        "coordinates": [
          -114.00588941095126,
          46.6758217626022
        ]
      }
    },
    {
      "type": "Feature",
      "properties": {
        "file": "leg05_m058_b023_2026-06-16T16-19-34.jpg",
        "leg": "leg05",
        "mark_index": 58,
        "along_track_m": 58.0,
        "achieved_heading": 24.017751949334063,
        "target_bearing": 23.472956732770626,
        "fix_type": 6,
        "hacc_m": 0.014,
        "corrupt": false,
        "position_interpolated": true,
        "captured_at_utc": "2026-06-16T22:19:34.567536+00:00"
      },
      "geometry": {
        "type": "Point",
        "coordinates": [
          -114.0058839,
          46.6758301
        ]
      }
    },
    {
      "type": "Feature",
      "properties": {
        "file": "leg05_m059_b023_2026-06-16T16-19-35.jpg",
        "leg": "leg05",
        "mark_index": 59,
        "along_track_m": 59.0,
        "achieved_heading": 22.409854754845632,
        "target_bearing": 23.472956732770626,
        "fix_type": 6,
        "hacc_m": 0.014,
        "corrupt": false,
        "position_interpolated": true,
        "captured_at_utc": "2026-06-16T22:19:35.553941+00:00"
      },
      "geometry": {
        "type": "Point",
        "coordinates": [
          -114.00587859999999,
          46.6758382
        ]
      }
    },
    {
      "type": "Feature",
      "properties": {
        "file": "leg05_m060_b023_2026-06-16T16-19-36.jpg",
        "leg": "leg05",
        "mark_index": 60,
        "along_track_m": 60.0,
        "achieved_heading": 22.552166919773946,
        "target_bearing": 23.472956732770626,
        "fix_type": 6,
        "hacc_m": 0.014,
        "corrupt": false,
        "position_interpolated": true,
        "captured_at_utc": "2026-06-16T22:19:36.600963+00:00"
      },
      "geometry": {
        "type": "Point",
        "coordinates": [
          -114.00587379999999,
          46.675846299999996
        ]
      }
    },
    {
      "type": "Feature",
      "properties": {
        "file": "leg05_m061_b023_2026-06-16T16-19-37.jpg",
        "leg": "leg05",
        "mark_index": 61,
        "along_track_m": 61.0,
        "achieved_heading": 24.73533972775681,
        "target_bearing": 23.472956732770626,
        "fix_type": 6,
        "hacc_m": 0.014,
        "corrupt": false,
        "position_interpolated": true,
        "captured_at_utc": "2026-06-16T22:19:37.644376+00:00"
      },
      "geometry": {
        "type": "Point",
        "coordinates": [
          -114.00586829825774,
          46.67585516022076
        ]
      }
    },
    {
      "type": "Feature",
      "properties": {
        "file": "leg05_m062_b023_2026-06-16T16-19-38.jpg",
        "leg": "leg05",
        "mark_index": 62,
        "along_track_m": 62.0,
        "achieved_heading": 24.713868868372963,
        "target_bearing": 23.472956732770626,
        "fix_type": 6,
        "hacc_m": 0.014,
        "corrupt": false,
        "position_interpolated": true,
        "captured_at_utc": "2026-06-16T22:19:38.777361+00:00"
      },
      "geometry": {
        "type": "Point",
        "coordinates": [
          -114.00586249999999,
          46.675863899999996
        ]
      }
    },
    {
      "type": "Feature",
      "properties": {
        "file": "leg05_m063_b023_2026-06-16T16-19-39.jpg",
        "leg": "leg05",
        "mark_index": 63,
        "along_track_m": 63.0,
        "achieved_heading": 22.02026392299134,
        "target_bearing": 23.472956732770626,
        "fix_type": 6,
        "hacc_m": 0.014,
        "corrupt": false,
        "position_interpolated": true,
        "captured_at_utc": "2026-06-16T22:19:39.680404+00:00"
      },
      "geometry": {
        "type": "Point",
        "coordinates": [
          -114.00585805482254,
          46.6758713903549
        ]
      }
    },
    {
      "type": "Feature",
      "properties": {
        "file": "leg05_m064_b023_2026-06-16T16-19-40.jpg",
        "leg": "leg05",
        "mark_index": 64,
        "along_track_m": 64.0,
        "achieved_heading": 21.052195376843137,
        "target_bearing": 23.472956732770626,
        "fix_type": 6,
        "hacc_m": 0.014,
        "corrupt": false,
        "position_interpolated": true,
        "captured_at_utc": "2026-06-16T22:19:40.730489+00:00"
      },
      "geometry": {
        "type": "Point",
        "coordinates": [
          -114.0058531,
          46.675879699999996
        ]
      }
    },
    {
      "type": "Feature",
      "properties": {
        "file": "leg05_m065_b023_2026-06-16T16-19-41.jpg",
        "leg": "leg05",
        "mark_index": 65,
        "along_track_m": 65.0,
        "achieved_heading": 23.02713482891499,
        "target_bearing": 23.472956732770626,
        "fix_type": 6,
        "hacc_m": 0.014,
        "corrupt": false,
        "position_interpolated": true,
        "captured_at_utc": "2026-06-16T22:19:41.771363+00:00"
      },
      "geometry": {
        "type": "Point",
        "coordinates": [
          -114.00584839999999,
          46.675888
        ]
      }
    },
    {
      "type": "Feature",
      "properties": {
        "file": "leg05_m066_b023_2026-06-16T16-19-42.jpg",
        "leg": "leg05",
        "mark_index": 66,
        "along_track_m": 66.0,
        "achieved_heading": 23.944908757730346,
        "target_bearing": 23.472956732770626,
        "fix_type": 6,
        "hacc_m": 0.014,
        "corrupt": false,
        "position_interpolated": true,
        "captured_at_utc": "2026-06-16T22:19:42.813124+00:00"
      },
      "geometry": {
        "type": "Point",
        "coordinates": [
          -114.00584309999999,
          46.675895999999995
        ]
      }
    },
    {
      "type": "Feature",
      "properties": {
        "file": "leg05_m067_b023_2026-06-16T16-19-43.jpg",
        "leg": "leg05",
        "mark_index": 67,
        "along_track_m": 67.0,
        "achieved_heading": 25.379734915832692,
        "target_bearing": 23.472956732770626,
        "fix_type": 6,
        "hacc_m": 0.014,
        "corrupt": false,
        "position_interpolated": true,
        "captured_at_utc": "2026-06-16T22:19:43.738303+00:00"
      },
      "geometry": {
        "type": "Point",
        "coordinates": [
          -114.0058375,
          46.6759041
        ]
      }
    },
    {
      "type": "Feature",
      "properties": {
        "file": "leg05_m068_b023_2026-06-16T16-19-45.jpg",
        "leg": "leg05",
        "mark_index": 68,
        "along_track_m": 68.0,
        "achieved_heading": 23.030429846112533,
        "target_bearing": 23.472956732770626,
        "fix_type": 6,
        "hacc_m": 0.014,
        "corrupt": false,
        "position_interpolated": true,
        "captured_at_utc": "2026-06-16T22:19:44.920887+00:00"
      },
      "geometry": {
        "type": "Point",
        "coordinates": [
          -114.00583180952854,
          46.675913482133986
        ]
      }
    },
    {
      "type": "Feature",
      "properties": {
        "file": "leg05_m069_b023_2026-06-16T16-19-45.jpg",
        "leg": "leg05",
        "mark_index": 69,
        "along_track_m": 69.0,
        "achieved_heading": 23.001224287707437,
        "target_bearing": 23.472956732770626,
        "fix_type": 6,
        "hacc_m": 0.014,
        "corrupt": false,
        "position_interpolated": true,
        "captured_at_utc": "2026-06-16T22:19:45.903620+00:00"
      },
      "geometry": {
        "type": "Point",
        "coordinates": [
          -114.00582690003628,
          46.675921322157706
        ]
      }
    },
    {
      "type": "Feature",
      "properties": {
        "file": "leg05_m070_b023_2026-06-16T16-19-47.jpg",
        "leg": "leg05",
        "mark_index": 70,
        "along_track_m": 70.0,
        "achieved_heading": 22.453847995380343,
        "target_bearing": 23.472956732770626,
        "fix_type": 6,
        "hacc_m": 0.014,
        "corrupt": false,
        "position_interpolated": true,
        "captured_at_utc": "2026-06-16T22:19:47.023160+00:00"
      },
      "geometry": {
        "type": "Point",
        "coordinates": [
          -114.0058217,
          46.675929499999995
        ]
      }
    },
    {
      "type": "Feature",
      "properties": {
        "file": "leg05_m071_b023_2026-06-16T16-19-47.jpg",
        "leg": "leg05",
        "mark_index": 71,
        "along_track_m": 71.0,
        "achieved_heading": 23.139557801106946,
        "target_bearing": 23.472956732770626,
        "fix_type": 6,
        "hacc_m": 0.014,
        "corrupt": false,
        "position_interpolated": true,
        "captured_at_utc": "2026-06-16T22:19:47.934912+00:00"
      },
      "geometry": {
        "type": "Point",
        "coordinates": [
          -114.00581679999999,
          46.6759376
        ]
      }
    },
    {
      "type": "Feature",
      "properties": {
        "file": "leg05_m072_b023_2026-06-16T16-19-48.jpg",
        "leg": "leg05",
        "mark_index": 72,
        "along_track_m": 72.0,
        "achieved_heading": 22.802033352141734,
        "target_bearing": 23.472956732770626,
        "fix_type": 6,
        "hacc_m": 0.014,
        "corrupt": false,
        "position_interpolated": true,
        "captured_at_utc": "2026-06-16T22:19:48.913815+00:00"
      },
      "geometry": {
        "type": "Point",
        "coordinates": [
          -114.00581203288326,
          46.67594573788718
        ]
      }
    },
    {
      "type": "Feature",
      "properties": {
        "file": "leg05_m073_b023_2026-06-16T16-19-50.jpg",
        "leg": "leg05",
        "mark_index": 73,
        "along_track_m": 73.0,
        "achieved_heading": 22.96227228275113,
        "target_bearing": 23.472956732770626,
        "fix_type": 6,
        "hacc_m": 0.014,
        "corrupt": false,
        "position_interpolated": true,
        "captured_at_utc": "2026-06-16T22:19:50.110822+00:00"
      },
      "geometry": {
        "type": "Point",
        "coordinates": [
          -114.00580621501898,
          46.67595499552182
        ]
      }
    },
    {
      "type": "Feature",
      "properties": {
        "file": "leg05_m074_b023_2026-06-16T16-19-51.jpg",
        "leg": "leg05",
        "mark_index": 74,
        "along_track_m": 74.0,
        "achieved_heading": 22.438264189380135,
        "target_bearing": 23.472956732770626,
        "fix_type": 6,
        "hacc_m": 0.014,
        "corrupt": false,
        "position_interpolated": true,
        "captured_at_utc": "2026-06-16T22:19:51.082561+00:00"
      },
      "geometry": {
        "type": "Point",
        "coordinates": [
          -114.00580116744014,
          46.67596296237066
        ]
      }
    },
    {
      "type": "Feature",
      "properties": {
        "file": "leg05_m075_b023_2026-06-16T16-19-52.jpg",
        "leg": "leg05",
        "mark_index": 75,
        "along_track_m": 75.0,
        "achieved_heading": 23.470028020196317,
        "target_bearing": 23.472956732770626,
        "fix_type": 6,
        "hacc_m": 0.014,
        "corrupt": false,
        "position_interpolated": true,
        "captured_at_utc": "2026-06-16T22:19:52.064366+00:00"
      },
      "geometry": {
        "type": "Point",
        "coordinates": [
          -114.00579644834616,
          46.67597100781151
        ]
      }
    },
    {
      "type": "Feature",
      "properties": {
        "file": "leg05_m076_b023_2026-06-16T16-19-53.jpg",
        "leg": "leg05",
        "mark_index": 76,
        "along_track_m": 76.0,
        "achieved_heading": 23.872099846497157,
        "target_bearing": 23.472956732770626,
        "fix_type": 6,
        "hacc_m": 0.014,
        "corrupt": false,
        "position_interpolated": true,
        "captured_at_utc": "2026-06-16T22:19:53.180153+00:00"
      },
      "geometry": {
        "type": "Point",
        "coordinates": [
          -114.0057911,
          46.6759795
        ]
      }
    },
    {
      "type": "Feature",
      "properties": {
        "file": "leg05_m077_b023_2026-06-16T16-19-54.jpg",
        "leg": "leg05",
        "mark_index": 77,
        "along_track_m": 77.0,
        "achieved_heading": 25.67335530533029,
        "target_bearing": 23.472956732770626,
        "fix_type": 6,
        "hacc_m": 0.014,
        "corrupt": false,
        "position_interpolated": true,
        "captured_at_utc": "2026-06-16T22:19:54.097333+00:00"
      },
      "geometry": {
        "type": "Point",
        "coordinates": [
          -114.00578601118103,
          46.675987292827585
        ]
      }
    },
    {
      "type": "Feature",
      "properties": {
        "file": "leg05_m078_b023_2026-06-16T16-19-55.jpg",
        "leg": "leg05",
        "mark_index": 78,
        "along_track_m": 78.0,
        "achieved_heading": 25.181466586932956,
        "target_bearing": 23.472956732770626,
        "fix_type": 6,
        "hacc_m": 0.014,
        "corrupt": false,
        "position_interpolated": true,
        "captured_at_utc": "2026-06-16T22:19:55.138239+00:00"
      },
      "geometry": {
        "type": "Point",
        "coordinates": [
          -114.0057806,
          46.675995
        ]
      }
    },
    {
      "type": "Feature",
      "properties": {
        "file": "leg05_m079_b023_2026-06-16T16-19-56.jpg",
        "leg": "leg05",
        "mark_index": 79,
        "along_track_m": 79.0,
        "achieved_heading": 24.73751161415956,
        "target_bearing": 23.472956732770626,
        "fix_type": 6,
        "hacc_m": 0.014,
        "corrupt": false,
        "position_interpolated": true,
        "captured_at_utc": "2026-06-16T22:19:56.263271+00:00"
      },
      "geometry": {
        "type": "Point",
        "coordinates": [
          -114.00577452141623,
          46.67600402145078
        ]
      }
    },
    {
      "type": "Feature",
      "properties": {
        "file": "leg05_m080_b023_2026-06-16T16-19-57.jpg",
        "leg": "leg05",
        "mark_index": 80,
        "along_track_m": 80.0,
        "achieved_heading": 22.603723780284042,
        "target_bearing": 23.472956732770626,
        "fix_type": 6,
        "hacc_m": 0.014,
        "corrupt": false,
        "position_interpolated": true,
        "captured_at_utc": "2026-06-16T22:19:57.248842+00:00"
      },
      "geometry": {
        "type": "Point",
        "coordinates": [
          -114.00576955482288,
          46.676011829779
        ]
      }
    },
    {
      "type": "Feature",
      "properties": {
        "file": "leg05_m081_b023_2026-06-16T16-19-58.jpg",
        "leg": "leg05",
        "mark_index": 81,
        "along_track_m": 81.0,
        "achieved_heading": 24.329969843323532,
        "target_bearing": 23.472956732770626,
        "fix_type": 6,
        "hacc_m": 0.014,
        "corrupt": false,
        "position_interpolated": true,
        "captured_at_utc": "2026-06-16T22:19:58.292081+00:00"
      },
      "geometry": {
        "type": "Point",
        "coordinates": [
          -114.00576466970914,
          46.67602019829486
        ]
      }
    },
    {
      "type": "Feature",
      "properties": {
        "file": "leg05_m082_b023_2026-06-16T16-19-59.jpg",
        "leg": "leg05",
        "mark_index": 82,
        "along_track_m": 82.0,
        "achieved_heading": 26.27312484712717,
        "target_bearing": 23.472956732770626,
        "fix_type": 6,
        "hacc_m": 0.014,
        "corrupt": false,
        "position_interpolated": true,
        "captured_at_utc": "2026-06-16T22:19:59.340956+00:00"
      },
      "geometry": {
        "type": "Point",
        "coordinates": [
          -114.00575939999999,
          46.6760282
        ]
      }
    },
    {
      "type": "Feature",
      "properties": {
        "file": "leg05_m083_b023_2026-06-16T16-20-00.jpg",
        "leg": "leg05",
        "mark_index": 83,
        "along_track_m": 83.0,
        "achieved_heading": 24.97578706460228,
        "target_bearing": 23.472956732770626,
        "fix_type": 6,
        "hacc_m": 0.014,
        "corrupt": false,
        "position_interpolated": true,
        "captured_at_utc": "2026-06-16T22:20:00.396880+00:00"
      },
      "geometry": {
        "type": "Point",
        "coordinates": [
          -114.005754,
          46.6760361
        ]
      }
    },
    {
      "type": "Feature",
      "properties": {
        "file": "leg05_m084_b023_2026-06-16T16-20-01.jpg",
        "leg": "leg05",
        "mark_index": 84,
        "along_track_m": 84.0,
        "achieved_heading": 23.669372916185708,
        "target_bearing": 23.472956732770626,
        "fix_type": 6,
        "hacc_m": 0.014,
        "corrupt": false,
        "position_interpolated": true,
        "captured_at_utc": "2026-06-16T22:20:01.297277+00:00"
      },
      "geometry": {
        "type": "Point",
        "coordinates": [
          -114.00574850270635,
          46.67604398281462
        ]
      }
    },
    {
      "type": "Feature",
      "properties": {
        "file": "leg05_m085_b023_2026-06-16T16-20-02.jpg",
        "leg": "leg05",
        "mark_index": 85,
        "along_track_m": 85.0,
        "achieved_heading": 23.228855391395562,
        "target_bearing": 23.472956732770626,
        "fix_type": 6,
        "hacc_m": 0.014,
        "corrupt": false,
        "position_interpolated": true,
        "captured_at_utc": "2026-06-16T22:20:02.494982+00:00"
      },
      "geometry": {
        "type": "Point",
        "coordinates": [
          -114.00574250414851,
          46.67605367336236
        ]
      }
    },
    {
      "type": "Feature",
      "properties": {
        "file": "leg05_m086_b023_2026-06-16T16-20-03.jpg",
        "leg": "leg05",
        "mark_index": 86,
        "along_track_m": 86.0,
        "achieved_heading": 22.46273826367807,
        "target_bearing": 23.472956732770626,
        "fix_type": 6,
        "hacc_m": 0.014,
        "corrupt": false,
        "position_interpolated": true,
        "captured_at_utc": "2026-06-16T22:20:03.474622+00:00"
      },
      "geometry": {
        "type": "Point",
        "coordinates": [
          -114.0057375989413,
          46.67606170211741
        ]
      }
    },
    {
      "type": "Feature",
      "properties": {
        "file": "leg05_m087_b023_2026-06-16T16-20-04.jpg",
        "leg": "leg05",
        "mark_index": 87,
        "along_track_m": 87.0,
        "achieved_heading": 23.72428902822312,
        "target_bearing": 23.472956732770626,
        "fix_type": 6,
        "hacc_m": 0.014,
        "corrupt": false,
        "position_interpolated": true,
        "captured_at_utc": "2026-06-16T22:20:04.528859+00:00"
      },
      "geometry": {
        "type": "Point",
        "coordinates": [
          -114.00573233865366,
          46.676070043776484
        ]
      }
    },
    {
      "type": "Feature",
      "properties": {
        "file": "leg05_m088_b023_2026-06-16T16-20-05.jpg",
        "leg": "leg05",
        "mark_index": 88,
        "along_track_m": 88.0,
        "achieved_heading": 23.492987268552888,
        "target_bearing": 23.472956732770626,
        "fix_type": 6,
        "hacc_m": 0.014,
        "corrupt": false,
        "position_interpolated": true,
        "captured_at_utc": "2026-06-16T22:20:05.508914+00:00"
      },
      "geometry": {
        "type": "Point",
        "coordinates": [
          -114.00572718808259,
          46.67607798255655
        ]
      }
    },
    {
      "type": "Feature",
      "properties": {
        "file": "leg05_m089_b023_2026-06-16T16-20-06.jpg",
        "leg": "leg05",
        "mark_index": 89,
        "along_track_m": 89.0,
        "achieved_heading": 22.619359532539825,
        "target_bearing": 23.472956732770626,
        "fix_type": 6,
        "hacc_m": 0.014,
        "corrupt": false,
        "position_interpolated": true,
        "captured_at_utc": "2026-06-16T22:20:06.560094+00:00"
      },
      "geometry": {
        "type": "Point",
        "coordinates": [
          -114.0057219,
          46.676086299999994
        ]
      }
    },
    {
      "type": "Feature",
      "properties": {
        "file": "leg05_m090_b023_2026-06-16T16-20-07.jpg",
        "leg": "leg05",
        "mark_index": 90,
        "along_track_m": 90.0,
        "achieved_heading": 22.694387324356995,
        "target_bearing": 23.472956732770626,
        "fix_type": 6,
        "hacc_m": 0.014,
        "corrupt": false,
        "position_interpolated": true,
        "captured_at_utc": "2026-06-16T22:20:07.545072+00:00"
      },
      "geometry": {
        "type": "Point",
        "coordinates": [
          -114.00571699999999,
          46.6760944
        ]
      }
    },
    {
      "type": "Feature",
      "properties": {
        "file": "leg05_m091_b023_2026-06-16T16-20-08.jpg",
        "leg": "leg05",
        "mark_index": 91,
        "along_track_m": 91.0,
        "achieved_heading": 21.67753713402449,
        "target_bearing": 23.472956732770626,
        "fix_type": 6,
        "hacc_m": 0.014,
        "corrupt": false,
        "position_interpolated": true,
        "captured_at_utc": "2026-06-16T22:20:08.591318+00:00"
      },
      "geometry": {
        "type": "Point",
        "coordinates": [
          -114.0057125,
          46.6761023
        ]
      }
    },
    {
      "type": "Feature",
      "properties": {
        "file": "leg05_m092_b023_2026-06-16T16-20-09.jpg",
        "leg": "leg05",
        "mark_index": 92,
        "along_track_m": 92.0,
        "achieved_heading": 23.326895768399467,
        "target_bearing": 23.472956732770626,
        "fix_type": 6,
        "hacc_m": 0.014,
        "corrupt": false,
        "position_interpolated": true,
        "captured_at_utc": "2026-06-16T22:20:09.642553+00:00"
      },
      "geometry": {
        "type": "Point",
        "coordinates": [
          -114.00570642775139,
          46.67611125045982
        ]
      }
    },
    {
      "type": "Feature",
      "properties": {
        "file": "leg05_m093_b023_2026-06-16T16-20-10.jpg",
        "leg": "leg05",
        "mark_index": 93,
        "along_track_m": 93.0,
        "achieved_heading": 21.07823281745781,
        "target_bearing": 23.472956732770626,
        "fix_type": 6,
        "hacc_m": 0.014,
        "corrupt": false,
        "position_interpolated": true,
        "captured_at_utc": "2026-06-16T22:20:10.756984+00:00"
      },
      "geometry": {
        "type": "Point",
        "coordinates": [
          -114.00570139999999,
          46.676119199999995
        ]
      }
    },
    {
      "type": "Feature",
      "properties": {
        "file": "leg05_m094_b023_2026-06-16T16-20-11.jpg",
        "leg": "leg05",
        "mark_index": 94,
        "along_track_m": 94.0,
        "achieved_heading": 20.42674495983735,
        "target_bearing": 23.472956732770626,
        "fix_type": 6,
        "hacc_m": 0.014,
        "corrupt": false,
        "position_interpolated": true,
        "captured_at_utc": "2026-06-16T22:20:11.734282+00:00"
      },
      "geometry": {
        "type": "Point",
        "coordinates": [
          -114.0056968,
          46.676127099999995
        ]
      }
    },
    {
      "type": "Feature",
      "properties": {
        "file": "leg05_m095_b023_2026-06-16T16-20-12.jpg",
        "leg": "leg05",
        "mark_index": 95,
        "along_track_m": 95.0,
        "achieved_heading": 23.959371197997662,
        "target_bearing": 23.472956732770626,
        "fix_type": 6,
        "hacc_m": 0.014,
        "corrupt": false,
        "position_interpolated": true,
        "captured_at_utc": "2026-06-16T22:20:12.792922+00:00"
      },
      "geometry": {
        "type": "Point",
        "coordinates": [
          -114.00569189999999,
          46.6761352
        ]
      }
    },
    {
      "type": "Feature",
      "properties": {
        "file": "leg05_m096_b023_2026-06-16T16-20-13.jpg",
        "leg": "leg05",
        "mark_index": 96,
        "along_track_m": 96.0,
        "achieved_heading": 24.98607759771989,
        "target_bearing": 23.472956732770626,
        "fix_type": 6,
        "hacc_m": 0.014,
        "corrupt": false,
        "position_interpolated": true,
        "captured_at_utc": "2026-06-16T22:20:13.845532+00:00"
      },
      "geometry": {
        "type": "Point",
        "coordinates": [
          -114.00568573754491,
          46.67614402379423
        ]
      }
    },
    {
      "type": "Feature",
      "properties": {
        "file": "leg05_m097_b023_2026-06-16T16-20-14.jpg",
        "leg": "leg05",
        "mark_index": 97,
        "along_track_m": 97.0,
        "achieved_heading": 23.899844153941913,
        "target_bearing": 23.472956732770626,
        "fix_type": 6,
        "hacc_m": 0.014,
        "corrupt": false,
        "position_interpolated": true,
        "captured_at_utc": "2026-06-16T22:20:14.898267+00:00"
      },
      "geometry": {
        "type": "Point",
        "coordinates": [
          -114.00568023761639,
          46.676152174809545
        ]
      }
    },
    {
      "type": "Feature",
      "properties": {
        "file": "leg05_m098_b023_2026-06-16T16-20-16.jpg",
        "leg": "leg05",
        "mark_index": 98,
        "along_track_m": 98.0,
        "achieved_heading": 21.972859358292972,
        "target_bearing": 23.472956732770626,
        "fix_type": 6,
        "hacc_m": 0.014,
        "corrupt": false,
        "position_interpolated": true,
        "captured_at_utc": "2026-06-16T22:20:16.012558+00:00"
      },
      "geometry": {
        "type": "Point",
        "coordinates": [
          -114.0056755,
          46.6761602
        ]
      }
    },
    {
      "type": "Feature",
      "properties": {
        "file": "leg05_m099_b023_2026-06-16T16-20-17.jpg",
        "leg": "leg05",
        "mark_index": 99,
        "along_track_m": 99.0,
        "achieved_heading": 21.778434934129663,
        "target_bearing": 23.472956732770626,
        "fix_type": 6,
        "hacc_m": 0.014,
        "corrupt": false,
        "position_interpolated": true,
        "captured_at_utc": "2026-06-16T22:20:16.988550+00:00"
      },
      "geometry": {
        "type": "Point",
        "coordinates": [
          -114.00567059450537,
          46.67616831934087
        ]
      }
    },
    {
      "type": "Feature",
      "properties": {
        "file": "leg05_m100_b023_2026-06-16T16-20-18.jpg",
        "leg": "leg05",
        "mark_index": 100,
        "along_track_m": 100.0,
        "achieved_heading": 22.449957550625044,
        "target_bearing": 23.472956732770626,
        "fix_type": 6,
        "hacc_m": 0.014,
        "corrupt": false,
        "position_interpolated": true,
        "captured_at_utc": "2026-06-16T22:20:18.108199+00:00"
      },
      "geometry": {
        "type": "Point",
        "coordinates": [
          -114.0056652178171,
          46.676177264365805
        ]
      }
    },
    {
      "type": "Feature",
      "properties": {
        "file": "leg05_m101_b023_2026-06-16T16-20-19.jpg",
        "leg": "leg05",
        "mark_index": 101,
        "along_track_m": 101.0,
        "achieved_heading": 23.109068459200685,
        "target_bearing": 23.472956732770626,
        "fix_type": 6,
        "hacc_m": 0.014,
        "corrupt": false,
        "position_interpolated": true,
        "captured_at_utc": "2026-06-16T22:20:19.094871+00:00"
      },
      "geometry": {
        "type": "Point",
        "coordinates": [
          -114.00566059467273,
          46.6761850079909
        ]
      }
    },
    {
      "type": "Feature",
      "properties": {
        "file": "leg05_m102_b023_2026-06-16T16-20-20.jpg",
        "leg": "leg05",
        "mark_index": 102,
        "along_track_m": 102.0,
        "achieved_heading": 23.426659214560786,
        "target_bearing": 23.472956732770626,
        "fix_type": 6,
        "hacc_m": 0.014,
        "corrupt": false,
        "position_interpolated": true,
        "captured_at_utc": "2026-06-16T22:20:20.214417+00:00"
      },
      "geometry": {
        "type": "Point",
        "coordinates": [
          -114.0056556,
          46.6761933
        ]
      }
    },
    {
      "type": "Feature",
      "properties": {
        "file": "leg05_m103_b023_2026-06-16T16-20-21.jpg",
        "leg": "leg05",
        "mark_index": 103,
        "along_track_m": 103.0,
        "achieved_heading": 25.212374150352574,
        "target_bearing": 23.472956732770626,
        "fix_type": 6,
        "hacc_m": 0.014,
        "corrupt": false,
        "position_interpolated": true,
        "captured_at_utc": "2026-06-16T22:20:21.195421+00:00"
      },
      "geometry": {
        "type": "Point",
        "coordinates": [
          -114.00565037031319,
          46.676201727498885
        ]
      }
    },
    {
      "type": "Feature",
      "properties": {
        "file": "leg05_m104_b023_2026-06-16T16-20-22.jpg",
        "leg": "leg05",
        "mark_index": 104,
        "along_track_m": 104.0,
        "achieved_heading": 24.914665089190876,
        "target_bearing": 23.472956732770626,
        "fix_type": 6,
        "hacc_m": 0.014,
        "corrupt": false,
        "position_interpolated": true,
        "captured_at_utc": "2026-06-16T22:20:22.312073+00:00"
      },
      "geometry": {
        "type": "Point",
        "coordinates": [
          -114.005644579854,
          46.67621047223357
        ]
      }
    },
    {
      "type": "Feature",
      "properties": {
        "file": "leg05_m105_b023_2026-06-16T16-20-23.jpg",
        "leg": "leg05",
        "mark_index": 105,
        "along_track_m": 105.0,
        "achieved_heading": 22.241186467432613,
        "target_bearing": 23.472956732770626,
        "fix_type": 6,
        "hacc_m": 0.014,
        "corrupt": false,
        "position_interpolated": true,
        "captured_at_utc": "2026-06-16T22:20:23.359238+00:00"
      },
      "geometry": {
        "type": "Point",
        "coordinates": [
          -114.0056393,
          46.676218299999995
        ]
      }
    },
    {
      "type": "Feature",
      "properties": {
        "file": "leg05_m106_b023_2026-06-16T16-20-24.jpg",
        "leg": "leg05",
        "mark_index": 106,
        "along_track_m": 106.0,
        "achieved_heading": 22.788665423332553,
        "target_bearing": 23.472956732770626,
        "fix_type": 6,
        "hacc_m": 0.014,
        "corrupt": false,
        "position_interpolated": true,
        "captured_at_utc": "2026-06-16T22:20:24.409916+00:00"
      },
      "geometry": {
        "type": "Point",
        "coordinates": [
          -114.0056346,
          46.676226299999996
        ]
      }
    },
    {
      "type": "Feature",
      "properties": {
        "file": "leg05_m107_b023_2026-06-16T16-20-25.jpg",
        "leg": "leg05",
        "mark_index": 107,
        "along_track_m": 107.0,
        "achieved_heading": 24.782786284746315,
        "target_bearing": 23.472956732770626,
        "fix_type": 6,
        "hacc_m": 0.014,
        "corrupt": false,
        "position_interpolated": true,
        "captured_at_utc": "2026-06-16T22:20:25.397744+00:00"
      },
      "geometry": {
        "type": "Point",
        "coordinates": [
          -114.005629383089,
          46.676234763397325
        ]
      }
    },
    {
      "type": "Feature",
      "properties": {
        "file": "leg05_m108_b023_2026-06-16T16-20-26.jpg",
        "leg": "leg05",
        "mark_index": 108,
        "along_track_m": 108.0,
        "achieved_heading": 24.865470760848424,
        "target_bearing": 23.472956732770626,
        "fix_type": 6,
        "hacc_m": 0.014,
        "corrupt": false,
        "position_interpolated": true,
        "captured_at_utc": "2026-06-16T22:20:26.511793+00:00"
      },
      "geometry": {
        "type": "Point",
        "coordinates": [
          -114.00562325169847,
          46.67624333663241
        ]
      }
    },
    {
      "type": "Feature",
      "properties": {
        "file": "leg05_m109_b023_2026-06-16T16-20-27.jpg",
        "leg": "leg05",
        "mark_index": 109,
        "along_track_m": 109.0,
        "achieved_heading": 23.86171021611063,
        "target_bearing": 23.472956732770626,
        "fix_type": 6,
        "hacc_m": 0.014,
        "corrupt": false,
        "position_interpolated": true,
        "captured_at_utc": "2026-06-16T22:20:27.568405+00:00"
      },
      "geometry": {
        "type": "Point",
        "coordinates": [
          -114.0056178,
          46.676251799999996
        ]
      }
    },
    {
      "type": "Feature",
      "properties": {
        "file": "leg05_m110_b023_2026-06-16T16-20-28.jpg",
        "leg": "leg05",
        "mark_index": 110,
        "along_track_m": 110.0,
        "achieved_heading": 22.492885954451673,
        "target_bearing": 23.472956732770626,
        "fix_type": 6,
        "hacc_m": 0.014,
        "corrupt": false,
        "position_interpolated": true,
        "captured_at_utc": "2026-06-16T22:20:28.476675+00:00"
      },
      "geometry": {
        "type": "Point",
        "coordinates": [
          -114.00561319034593,
          46.67625947767864
        ]
      }
    },
    {
      "type": "Feature",
      "properties": {
        "file": "leg05_m111_b023_2026-06-16T16-20-29.jpg",
        "leg": "leg05",
        "mark_index": 111,
        "along_track_m": 111.0,
        "achieved_heading": 22.754297918606476,
        "target_bearing": 23.472956732770626,
        "fix_type": 6,
        "hacc_m": 0.014,
        "corrupt": false,
        "position_interpolated": true,
        "captured_at_utc": "2026-06-16T22:20:29.590998+00:00"
      },
      "geometry": {
        "type": "Point",
        "coordinates": [
          -114.0056079,
          46.676267599999996
        ]
      }
    },
    {
      "type": "Feature",
      "properties": {
        "file": "leg05_m112_b023_2026-06-16T16-20-30.jpg",
        "leg": "leg05",
        "mark_index": 112,
        "along_track_m": 112.0,
        "achieved_heading": 23.665918182131904,
        "target_bearing": 23.472956732770626,
        "fix_type": 6,
        "hacc_m": 0.014,
        "corrupt": false,
        "position_interpolated": true,
        "captured_at_utc": "2026-06-16T22:20:30.572923+00:00"
      },
      "geometry": {
        "type": "Point",
        "coordinates": [
          -114.0056031,
          46.6762756
        ]
      }
    },
    {
      "type": "Feature",
      "properties": {
        "file": "leg05_m113_b023_2026-06-16T16-20-31.jpg",
        "leg": "leg05",
        "mark_index": 113,
        "along_track_m": 113.0,
        "achieved_heading": 22.36089101588348,
        "target_bearing": 23.472956732770626,
        "fix_type": 6,
        "hacc_m": 0.014,
        "corrupt": false,
        "position_interpolated": true,
        "captured_at_utc": "2026-06-16T22:20:31.697638+00:00"
      },
      "geometry": {
        "type": "Point",
        "coordinates": [
          -114.00559658009836,
          46.67628458988525
        ]
      }
    },
    {
      "type": "Feature",
      "properties": {
        "file": "leg05_m114_b023_2026-06-16T16-20-32.jpg",
        "leg": "leg05",
        "mark_index": 114,
        "along_track_m": 114.0,
        "achieved_heading": 19.898952804254165,
        "target_bearing": 23.472956732770626,
        "fix_type": 6,
        "hacc_m": 0.014,
        "corrupt": false,
        "position_interpolated": true,
        "captured_at_utc": "2026-06-16T22:20:32.742523+00:00"
      },
      "geometry": {
        "type": "Point",
        "coordinates": [
          -114.0055921,
          46.6762922
        ]
      }
    },
    {
      "type": "Feature",
      "properties": {
        "file": "leg05_m115_b023_2026-06-16T16-20-33.jpg",
        "leg": "leg05",
        "mark_index": 115,
        "along_track_m": 115.0,
        "achieved_heading": 20.998257112440555,
        "target_bearing": 23.472956732770626,
        "fix_type": 6,
        "hacc_m": 0.014,
        "corrupt": false,
        "position_interpolated": true,
        "captured_at_utc": "2026-06-16T22:20:33.791903+00:00"
      },
      "geometry": {
        "type": "Point",
        "coordinates": [
          -114.00558729999999,
          46.676300399999995
        ]
      }
    },
    {
      "type": "Feature",
      "properties": {
        "file": "leg05_m116_b023_2026-06-16T16-20-34.jpg",
        "leg": "leg05",
        "mark_index": 116,
        "along_track_m": 116.0,
        "achieved_heading": 23.508253144136468,
        "target_bearing": 23.472956732770626,
        "fix_type": 6,
        "hacc_m": 0.014,
        "corrupt": false,
        "position_interpolated": true,
        "captured_at_utc": "2026-06-16T22:20:34.773236+00:00"
      },
      "geometry": {
        "type": "Point",
        "coordinates": [
          -114.0055821,
          46.6763085
        ]
      }
    },
    {
      "type": "Feature",
      "properties": {
        "file": "leg05_m117_b023_2026-06-16T16-20-35.jpg",
        "leg": "leg05",
        "mark_index": 117,
        "along_track_m": 117.0,
        "achieved_heading": 23.268171492408044,
        "target_bearing": 23.472956732770626,
        "fix_type": 6,
        "hacc_m": 0.014,
        "corrupt": false,
        "position_interpolated": true,
        "captured_at_utc": "2026-06-16T22:20:35.892912+00:00"
      },
      "geometry": {
        "type": "Point",
        "coordinates": [
          -114.0055768014253,
          46.67631739714936
        ]
      }
    },
    {
      "type": "Feature",
      "properties": {
        "file": "leg05_m118_b023_2026-06-16T16-20-36.jpg",
        "leg": "leg05",
        "mark_index": 118,
        "along_track_m": 118.0,
        "achieved_heading": 23.32912931895803,
        "target_bearing": 23.472956732770626,
        "fix_type": 6,
        "hacc_m": 0.014,
        "corrupt": false,
        "position_interpolated": true,
        "captured_at_utc": "2026-06-16T22:20:36.944988+00:00"
      },
      "geometry": {
        "type": "Point",
        "coordinates": [
          -114.0055711,
          46.6763252
        ]
      }
    },
    {
      "type": "Feature",
      "properties": {
        "file": "leg05_m119_b023_2026-06-16T16-20-37.jpg",
        "leg": "leg05",
        "mark_index": 119,
        "along_track_m": 119.0,
        "achieved_heading": 22.706801171101006,
        "target_bearing": 23.472956732770626,
        "fix_type": 6,
        "hacc_m": 0.014,
        "corrupt": false,
        "position_interpolated": true,
        "captured_at_utc": "2026-06-16T22:20:37.929946+00:00"
      },
      "geometry": {
        "type": "Point",
        "coordinates": [
          -114.0055658,
          46.676333199999995
        ]
      }
    },
    {
      "type": "Feature",
      "properties": {
        "file": "leg05_m120_b023_2026-06-16T16-20-39.jpg",
        "leg": "leg05",
        "mark_index": 120,
        "along_track_m": 120.0,
        "achieved_heading": 25.10772794498979,
        "target_bearing": 23.472956732770626,
        "fix_type": 6,
        "hacc_m": 0.014,
        "corrupt": false,
        "position_interpolated": true,
        "captured_at_utc": "2026-06-16T22:20:39.113623+00:00"
      },
      "geometry": {
        "type": "Point",
        "coordinates": [
          -114.00556027574288,
          46.676341473761845
        ]
      }
    },
    {
      "type": "Feature",
      "properties": {
        "file": "leg05_m121_b023_2026-06-16T16-20-40.jpg",
        "leg": "leg05",
        "mark_index": 121,
        "along_track_m": 121.0,
        "achieved_heading": 24.41331129372589,
        "target_bearing": 23.472956732770626,
        "fix_type": 6,
        "hacc_m": 0.014,
        "corrupt": false,
        "position_interpolated": true,
        "captured_at_utc": "2026-06-16T22:20:40.242166+00:00"
      },
      "geometry": {
        "type": "Point",
        "coordinates": [
          -114.005555,
          46.6763493
        ]
      }
    },
    {
      "type": "Feature",
      "properties": {
        "file": "leg05_m122_b023_2026-06-16T16-20-41.jpg",
        "leg": "leg05",
        "mark_index": 122,
        "along_track_m": 122.0,
        "achieved_heading": 22.35308945150942,
        "target_bearing": 23.472956732770626,
        "fix_type": 6,
        "hacc_m": 0.014,
        "corrupt": false,
        "position_interpolated": true,
        "captured_at_utc": "2026-06-16T22:20:41.364844+00:00"
      },
      "geometry": {
        "type": "Point",
        "coordinates": [
          -114.0055486,
          46.6763586
        ]
      }
    },
    {
      "type": "Feature",
      "properties": {
        "file": "leg05_m123_b023_2026-06-16T16-20-42.jpg",
        "leg": "leg05",
        "mark_index": 123,
        "along_track_m": 123.0,
        "achieved_heading": 19.385842887282543,
        "target_bearing": 23.472956732770626,
        "fix_type": 6,
        "hacc_m": 0.014,
        "corrupt": false,
        "position_interpolated": true,
        "captured_at_utc": "2026-06-16T22:20:42.334287+00:00"
      },
      "geometry": {
        "type": "Point",
        "coordinates": [
          -114.0055448,
          46.6763662
        ]
      }
    },
    {
      "type": "Feature",
      "properties": {
        "file": "leg05_m124_b023_2026-06-16T16-20-43.jpg",
        "leg": "leg05",
        "mark_index": 124,
        "along_track_m": 124.0,
        "achieved_heading": 22.369396165414386,
        "target_bearing": 23.472956732770626,
        "fix_type": 6,
        "hacc_m": 0.014,
        "corrupt": false,
        "position_interpolated": true,
        "captured_at_utc": "2026-06-16T22:20:43.321075+00:00"
      },
      "geometry": {
        "type": "Point",
        "coordinates": [
          -114.00554003460576,
          46.676374437709626
        ]
      }
    },
    {
      "type": "Feature",
      "properties": {
        "file": "leg05_m125_b023_2026-06-16T16-20-44.jpg",
        "leg": "leg05",
        "mark_index": 125,
        "along_track_m": 125.0,
        "achieved_heading": 21.231300739244297,
        "target_bearing": 23.472956732770626,
        "fix_type": 6,
        "hacc_m": 0.014,
        "corrupt": false,
        "position_interpolated": true,
        "captured_at_utc": "2026-06-16T22:20:44.500368+00:00"
      },
      "geometry": {
        "type": "Point",
        "coordinates": [
          -114.00553435264794,
          46.67638366254765
        ]
      }
    },
    {
      "type": "Feature",
      "properties": {
        "file": "leg05_m126_b023_2026-06-16T16-20-45.jpg",
        "leg": "leg05",
        "mark_index": 126,
        "along_track_m": 126.0,
        "achieved_heading": 20.40468316372128,
        "target_bearing": 23.472956732770626,
        "fix_type": 6,
        "hacc_m": 0.014,
        "corrupt": false,
        "position_interpolated": true,
        "captured_at_utc": "2026-06-16T22:20:45.484597+00:00"
      },
      "geometry": {
        "type": "Point",
        "coordinates": [
          -114.00552969968747,
          46.676391680500046
        ]
      }
    },
    {
      "type": "Feature",
      "properties": {
        "file": "leg05_m127_b023_2026-06-16T16-20-46.jpg",
        "leg": "leg05",
        "mark_index": 127,
        "along_track_m": 127.0,
        "achieved_heading": 22.178835838069325,
        "target_bearing": 23.472956732770626,
        "fix_type": 6,
        "hacc_m": 0.014,
        "corrupt": false,
        "position_interpolated": true,
        "captured_at_utc": "2026-06-16T22:20:46.535753+00:00"
      },
      "geometry": {
        "type": "Point",
        "coordinates": [
          -114.0055249,
          46.676400099999995
        ]
      }
    },
    {
      "type": "Feature",
      "properties": {
        "file": "leg05_m128_b023_2026-06-16T16-20-47.jpg",
        "leg": "leg05",
        "mark_index": 128,
        "along_track_m": 128.0,
        "achieved_heading": 25.109509615171206,
        "target_bearing": 23.472956732770626,
        "fix_type": 6,
        "hacc_m": 0.014,
        "corrupt": false,
        "position_interpolated": true,
        "captured_at_utc": "2026-06-16T22:20:47.515772+00:00"
      },
      "geometry": {
        "type": "Point",
        "coordinates": [
          -114.00551974481068,
          46.67640793278397
        ]
      }
    },
    {
      "type": "Feature",
      "properties": {
        "file": "leg05_m129_b023_2026-06-16T16-20-48.jpg",
        "leg": "leg05",
        "mark_index": 129,
        "along_track_m": 129.0,
        "achieved_heading": 24.940044174706784,
        "target_bearing": 23.472956732770626,
        "fix_type": 6,
        "hacc_m": 0.014,
        "corrupt": false,
        "position_interpolated": true,
        "captured_at_utc": "2026-06-16T22:20:48.641133+00:00"
      },
      "geometry": {
        "type": "Point",
        "coordinates": [
          -114.0055144,
          46.6764157
        ]
      }
    },
    {
      "type": "Feature",
      "properties": {
        "file": "leg05_m130_b023_2026-06-16T16-20-49.jpg",
        "leg": "leg05",
        "mark_index": 130,
        "along_track_m": 130.0,
        "achieved_heading": 23.055854333831633,
        "target_bearing": 23.472956732770626,
        "fix_type": 6,
        "hacc_m": 0.014,
        "corrupt": false,
        "position_interpolated": true,
        "captured_at_utc": "2026-06-16T22:20:49.618368+00:00"
      },
      "geometry": {
        "type": "Point",
        "coordinates": [
          -114.00550853626955,
          46.676424318393515
        ]
      }
    },
    {
      "type": "Feature",
      "properties": {
        "file": "leg05_m131_b023_2026-06-16T16-20-50.jpg",
        "leg": "leg05",
        "mark_index": 131,
        "along_track_m": 131.0,
        "achieved_heading": 25.409679572942053,
        "target_bearing": 23.472956732770626,
        "fix_type": 6,
        "hacc_m": 0.014,
        "corrupt": false,
        "position_interpolated": true,
        "captured_at_utc": "2026-06-16T22:20:50.741114+00:00"
      },
      "geometry": {
        "type": "Point",
        "coordinates": [
          -114.00550279999999,
          46.676433499999995
        ]
      }
    },
    {
      "type": "Feature",
      "properties": {
        "file": "leg05_m132_b023_2026-06-16T16-20-51.jpg",
        "leg": "leg05",
        "mark_index": 132,
        "along_track_m": 132.0,
        "achieved_heading": 29.976265176631415,
        "target_bearing": 23.472956732770626,
        "fix_type": 6,
        "hacc_m": 0.014,
        "corrupt": false,
        "position_interpolated": true,
        "captured_at_utc": "2026-06-16T22:20:51.721402+00:00"
      },
      "geometry": {
        "type": "Point",
        "coordinates": [
          -114.00549702932938,
          46.67644076578238
        ]
      }
    },
    {
      "type": "Feature",
      "properties": {
        "file": "leg06_m000_b293_2026-06-16T16-20-56.jpg",
        "leg": "leg06",
        "mark_index": 0,
        "along_track_m": 0.0,
        "achieved_heading": 295.1137113120171,
        "target_bearing": 293.6063697477179,
        "fix_type": 6,
        "hacc_m": 0.014,
        "corrupt": false,
        "position_interpolated": true,
        "captured_at_utc": "2026-06-16T22:20:56.964983+00:00"
      },
      "geometry": {
        "type": "Point",
        "coordinates": [
          -114.0054935,
          46.676448799999996
        ]
      }
    },
    {
      "type": "Feature",
      "properties": {
        "file": "leg06_m001_b293_2026-06-16T16-20-58.jpg",
        "leg": "leg06",
        "mark_index": 1,
        "along_track_m": 1.0,
        "achieved_heading": 292.5685754902665,
        "target_bearing": 293.6063697477179,
        "fix_type": 6,
        "hacc_m": 0.014,
        "corrupt": false,
        "position_interpolated": true,
        "captured_at_utc": "2026-06-16T22:20:58.290685+00:00"
      },
      "geometry": {
        "type": "Point",
        "coordinates": [
          -114.00550267316824,
          46.67645245772274
        ]
      }
    },
    {
      "type": "Feature",
      "properties": {
        "file": "leg06_m002_b293_2026-06-16T16-20-59.jpg",
        "leg": "leg06",
        "mark_index": 2,
        "along_track_m": 2.0,
        "achieved_heading": 284.3257181706169,
        "target_bearing": 293.6063697477179,
        "fix_type": 6,
        "hacc_m": 0.014,
        "corrupt": false,
        "position_interpolated": true,
        "captured_at_utc": "2026-06-16T22:20:59.341232+00:00"
      },
      "geometry": {
        "type": "Point",
        "coordinates": [
          -114.0055149,
          46.6764563
        ]
      }
    },
    {
      "type": "Feature",
      "properties": {
        "file": "leg06_m003_b293_2026-06-16T16-21-00.jpg",
        "leg": "leg06",
        "mark_index": 3,
        "along_track_m": 3.0,
        "achieved_heading": 274.2127839034398,
        "target_bearing": 293.6063697477179,
        "fix_type": 6,
        "hacc_m": 0.014,
        "corrupt": false,
        "position_interpolated": true,
        "captured_at_utc": "2026-06-16T22:21:00.401388+00:00"
      },
      "geometry": {
        "type": "Point",
        "coordinates": [
          -114.0055273,
          46.6764589
        ]
      }
    },
    {
      "type": "Feature",
      "properties": {
        "file": "leg06_m004_b293_2026-06-16T16-21-01.jpg",
        "leg": "leg06",
        "mark_index": 4,
        "along_track_m": 4.0,
        "achieved_heading": 272.2726915133473,
        "target_bearing": 293.6063697477179,
        "fix_type": 6,
        "hacc_m": 0.014,
        "corrupt": false,
        "position_interpolated": true,
        "captured_at_utc": "2026-06-16T22:21:01.320284+00:00"
      },
      "geometry": {
        "type": "Point",
        "coordinates": [
          -114.00554026189172,
          46.676460096824314
        ]
      }
    },
    {
      "type": "Feature",
      "properties": {
        "file": "leg06_m005_b293_2026-06-16T16-21-02.jpg",
        "leg": "leg06",
        "mark_index": 5,
        "along_track_m": 4.852,
        "achieved_heading": 277.14988015283944,
        "target_bearing": 293.6063697477179,
        "fix_type": 6,
        "hacc_m": 0.014,
        "corrupt": false,
        "position_interpolated": true,
        "captured_at_utc": "2026-06-16T22:21:02.220161+00:00"
      },
      "geometry": {
        "type": "Point",
        "coordinates": [
          -114.0055508,
          46.6764612
        ]
      }
    },
    {
      "type": "Feature",
      "properties": {
        "file": "leg07_m000_b203_2026-06-16T16-21-05.jpg",
        "leg": "leg07",
        "mark_index": 0,
        "along_track_m": 0.0,
        "achieved_heading": 204.81497224151036,
        "target_bearing": 203.47341671222767,
        "fix_type": 6,
        "hacc_m": 0.014,
        "corrupt": false,
        "position_interpolated": true,
        "captured_at_utc": "2026-06-16T22:21:05.807485+00:00"
      },
      "geometry": {
        "type": "Point",
        "coordinates": [
          -114.0055593,
          46.6764618
        ]
      }
    },
    {
      "type": "Feature",
      "properties": {
        "file": "leg07_m001_b203_2026-06-16T16-21-07.jpg",
        "leg": "leg07",
        "mark_index": 1,
        "along_track_m": 1.0,
        "achieved_heading": 204.96852493060544,
        "target_bearing": 203.47341671222767,
        "fix_type": 6,
        "hacc_m": 0.014,
        "corrupt": false,
        "position_interpolated": true,
        "captured_at_utc": "2026-06-16T22:21:07.125636+00:00"
      },
      "geometry": {
        "type": "Point",
        "coordinates": [
          -114.00556403407377,
          46.67645546121721
        ]
      }
    },
    {
      "type": "Feature",
      "properties": {
        "file": "leg07_m002_b203_2026-06-16T16-21-08.jpg",
        "leg": "leg07",
        "mark_index": 2,
        "along_track_m": 2.0,
        "achieved_heading": 196.2375648652839,
        "target_bearing": 203.47341671222767,
        "fix_type": 6,
        "hacc_m": 0.014,
        "corrupt": false,
        "position_interpolated": true,
        "captured_at_utc": "2026-06-16T22:21:08.245396+00:00"
      },
      "geometry": {
        "type": "Point",
        "coordinates": [
          -114.0055713,
          46.676448199999996
        ]
      }
    },
    {
      "type": "Feature",
      "properties": {
        "file": "leg07_m003_b203_2026-06-16T16-21-09.jpg",
        "leg": "leg07",
        "mark_index": 3,
        "along_track_m": 3.0,
        "achieved_heading": 182.586845396292,
        "target_bearing": 203.47341671222767,
        "fix_type": 6,
        "hacc_m": 0.014,
        "corrupt": false,
        "position_interpolated": true,
        "captured_at_utc": "2026-06-16T22:21:09.364718+00:00"
      },
      "geometry": {
        "type": "Point",
        "coordinates": [
          -114.00557649999999,
          46.6764388
        ]
      }
    },
    {
      "type": "Feature",
      "properties": {
        "file": "leg07_m004_b203_2026-06-16T16-21-10.jpg",
        "leg": "leg07",
        "mark_index": 4,
        "along_track_m": 4.0,
        "achieved_heading": 179.33158568325626,
        "target_bearing": 203.47341671222767,
        "fix_type": 6,
        "hacc_m": 0.014,
        "corrupt": false,
        "position_interpolated": true,
        "captured_at_utc": "2026-06-16T22:21:10.346667+00:00"
      },
      "geometry": {
        "type": "Point",
        "coordinates": [
          -114.00557859999999,
          46.676430499999995
        ]
      }
    },
    {
      "type": "Feature",
      "properties": {
        "file": "leg07_m005_b203_2026-06-16T16-21-11.jpg",
        "leg": "leg07",
        "mark_index": 5,
        "along_track_m": 5.0,
        "achieved_heading": 186.8870655360874,
        "target_bearing": 203.47341671222767,
        "fix_type": 6,
        "hacc_m": 0.014,
        "corrupt": false,
        "position_interpolated": true,
        "captured_at_utc": "2026-06-16T22:21:11.469834+00:00"
      },
      "geometry": {
        "type": "Point",
        "coordinates": [
          -114.00558103432506,
          46.67642129702479
        ]
      }
    },
    {
      "type": "Feature",
      "properties": {
        "file": "leg07_m006_b203_2026-06-16T16-21-12.jpg",
        "leg": "leg07",
        "mark_index": 6,
        "along_track_m": 6.0,
        "achieved_heading": 193.86552548606556,
        "target_bearing": 203.47341671222767,
        "fix_type": 6,
        "hacc_m": 0.014,
        "corrupt": false,
        "position_interpolated": true,
        "captured_at_utc": "2026-06-16T22:21:12.585783+00:00"
      },
      "geometry": {
        "type": "Point",
        "coordinates": [
          -114.0055847,
          46.6764126
        ]
      }
    },
    {
      "type": "Feature",
      "properties": {
        "file": "leg07_m007_b203_2026-06-16T16-21-13.jpg",
        "leg": "leg07",
        "mark_index": 7,
        "along_track_m": 7.0,
        "achieved_heading": 197.29387574901034,
        "target_bearing": 203.47341671222767,
        "fix_type": 6,
        "hacc_m": 0.014,
        "corrupt": false,
        "position_interpolated": true,
        "captured_at_utc": "2026-06-16T22:21:13.564474+00:00"
      },
      "geometry": {
        "type": "Point",
        "coordinates": [
          -114.0055895,
          46.6764049
        ]
      }
    },
    {
      "type": "Feature",
      "properties": {
        "file": "leg07_m008_b203_2026-06-16T16-21-14.jpg",
        "leg": "leg07",
        "mark_index": 8,
        "along_track_m": 8.0,
        "achieved_heading": 194.44673387344625,
        "target_bearing": 203.47341671222767,
        "fix_type": 6,
        "hacc_m": 0.014,
        "corrupt": false,
        "position_interpolated": true,
        "captured_at_utc": "2026-06-16T22:21:14.687920+00:00"
      },
      "geometry": {
        "type": "Point",
        "coordinates": [
          -114.00559589710493,
          46.67639564492161
        ]
      }
    },
    {
      "type": "Feature",
      "properties": {
        "file": "leg07_m009_b203_2026-06-16T16-21-15.jpg",
        "leg": "leg07",
        "mark_index": 9,
        "along_track_m": 9.0,
        "achieved_heading": 192.21176484592394,
        "target_bearing": 203.47341671222767,
        "fix_type": 6,
        "hacc_m": 0.014,
        "corrupt": false,
        "position_interpolated": true,
        "captured_at_utc": "2026-06-16T22:21:15.734722+00:00"
      },
      "geometry": {
        "type": "Point",
        "coordinates": [
          -114.0056005,
          46.676387
        ]
      }
    },
    {
      "type": "Feature",
      "properties": {
        "file": "leg07_m010_b203_2026-06-16T16-21-16.jpg",
        "leg": "leg07",
        "mark_index": 10,
        "along_track_m": 10.0,
        "achieved_heading": 194.62165845154158,
        "target_bearing": 203.47341671222767,
        "fix_type": 6,
        "hacc_m": 0.014,
        "corrupt": false,
        "position_interpolated": true,
        "captured_at_utc": "2026-06-16T22:21:16.710739+00:00"
      },
      "geometry": {
        "type": "Point",
        "coordinates": [
          -114.00560479506298,
          46.676379586554695
        ]
      }
    },
    {
      "type": "Feature",
      "properties": {
        "file": "leg07_m011_b203_2026-06-16T16-21-17.jpg",
        "leg": "leg07",
        "mark_index": 11,
        "along_track_m": 11.0,
        "achieved_heading": 195.55365685680553,
        "target_bearing": 203.47341671222767,
        "fix_type": 6,
        "hacc_m": 0.014,
        "corrupt": false,
        "position_interpolated": true,
        "captured_at_utc": "2026-06-16T22:21:17.828450+00:00"
      },
      "geometry": {
        "type": "Point",
        "coordinates": [
          -114.00560979999999,
          46.6763713
        ]
      }
    },
    {
      "type": "Feature",
      "properties": {
        "file": "leg07_m012_b203_2026-06-16T16-21-18.jpg",
        "leg": "leg07",
        "mark_index": 12,
        "along_track_m": 12.0,
        "achieved_heading": 196.28480846155128,
        "target_bearing": 203.47341671222767,
        "fix_type": 6,
        "hacc_m": 0.014,
        "corrupt": false,
        "position_interpolated": true,
        "captured_at_utc": "2026-06-16T22:21:18.740518+00:00"
      },
      "geometry": {
        "type": "Point",
        "coordinates": [
          -114.00561479999999,
          46.676363099999996
        ]
      }
    },
    {
      "type": "Feature",
      "properties": {
        "file": "leg07_m013_b203_2026-06-16T16-21-19.jpg",
        "leg": "leg07",
        "mark_index": 13,
        "along_track_m": 13.0,
        "achieved_heading": 197.68493207909563,
        "target_bearing": 203.47341671222767,
        "fix_type": 6,
        "hacc_m": 0.014,
        "corrupt": false,
        "position_interpolated": true,
        "captured_at_utc": "2026-06-16T22:21:19.859567+00:00"
      },
      "geometry": {
        "type": "Point",
        "coordinates": [
          -114.00562054597602,
          46.676354250575976
        ]
      }
    },
    {
      "type": "Feature",
      "properties": {
        "file": "leg07_m014_b203_2026-06-16T16-21-20.jpg",
        "leg": "leg07",
        "mark_index": 14,
        "along_track_m": 14.0,
        "achieved_heading": 197.93153100806506,
        "target_bearing": 203.47341671222767,
        "fix_type": 6,
        "hacc_m": 0.014,
        "corrupt": false,
        "position_interpolated": true,
        "captured_at_utc": "2026-06-16T22:21:20.840555+00:00"
      },
      "geometry": {
        "type": "Point",
        "coordinates": [
          -114.00562603265539,
          46.676346353057085
        ]
      }
    },
    {
      "type": "Feature",
      "properties": {
        "file": "leg07_m015_b203_2026-06-16T16-21-22.jpg",
        "leg": "leg07",
        "mark_index": 15,
        "along_track_m": 15.0,
        "achieved_heading": 196.71082190030802,
        "target_bearing": 203.47341671222767,
        "fix_type": 6,
        "hacc_m": 0.014,
        "corrupt": false,
        "position_interpolated": true,
        "captured_at_utc": "2026-06-16T22:21:21.890870+00:00"
      },
      "geometry": {
        "type": "Point",
        "coordinates": [
          -114.00563153117118,
          46.676337887009
        ]
      }
    },
    {
      "type": "Feature",
      "properties": {
        "file": "leg07_m016_b203_2026-06-16T16-21-22.jpg",
        "leg": "leg07",
        "mark_index": 16,
        "along_track_m": 16.0,
        "achieved_heading": 196.70736273793494,
        "target_bearing": 203.47341671222767,
        "fix_type": 6,
        "hacc_m": 0.014,
        "corrupt": false,
        "position_interpolated": true,
        "captured_at_utc": "2026-06-16T22:21:22.872042+00:00"
      },
      "geometry": {
        "type": "Point",
        "coordinates": [
          -114.00563656473025,
          46.6763298443984
        ]
      }
    },
    {
      "type": "Feature",
      "properties": {
        "file": "leg07_m017_b203_2026-06-16T16-21-23.jpg",
        "leg": "leg07",
        "mark_index": 17,
        "along_track_m": 17.0,
        "achieved_heading": 195.77737962901887,
        "target_bearing": 203.47341671222767,
        "fix_type": 6,
        "hacc_m": 0.014,
        "corrupt": false,
        "position_interpolated": true,
        "captured_at_utc": "2026-06-16T22:21:23.849688+00:00"
      },
      "geometry": {
        "type": "Point",
        "coordinates": [
          -114.00564146676938,
          46.676321829435615
        ]
      }
    },
    {
      "type": "Feature",
      "properties": {
        "file": "leg07_m018_b203_2026-06-16T16-21-24.jpg",
        "leg": "leg07",
        "mark_index": 18,
        "along_track_m": 18.0,
        "achieved_heading": 195.34480718063202,
        "target_bearing": 203.47341671222767,
        "fix_type": 6,
        "hacc_m": 0.014,
        "corrupt": false,
        "position_interpolated": true,
        "captured_at_utc": "2026-06-16T22:21:24.906494+00:00"
      },
      "geometry": {
        "type": "Point",
        "coordinates": [
          -114.00564632839537,
          46.67631295215982
        ]
      }
    },
    {
      "type": "Feature",
      "properties": {
        "file": "leg07_m019_b203_2026-06-16T16-21-26.jpg",
        "leg": "leg07",
        "mark_index": 19,
        "along_track_m": 19.0,
        "achieved_heading": 197.8518176930786,
        "target_bearing": 203.47341671222767,
        "fix_type": 6,
        "hacc_m": 0.014,
        "corrupt": false,
        "position_interpolated": true,
        "captured_at_utc": "2026-06-16T22:21:25.952763+00:00"
      },
      "geometry": {
        "type": "Point",
        "coordinates": [
          -114.005651,
          46.676304699999996
        ]
      }
    },
    {
      "type": "Feature",
      "properties": {
        "file": "leg07_m020_b203_2026-06-16T16-21-26.jpg",
        "leg": "leg07",
        "mark_index": 20,
        "along_track_m": 20.0,
        "achieved_heading": 200.89774776331353,
        "target_bearing": 203.47341671222767,
        "fix_type": 6,
        "hacc_m": 0.014,
        "corrupt": false,
        "position_interpolated": true,
        "captured_at_utc": "2026-06-16T22:21:26.931716+00:00"
      },
      "geometry": {
        "type": "Point",
        "coordinates": [
          -114.00565619999999,
          46.6762965
        ]
      }
    },
    {
      "type": "Feature",
      "properties": {
        "file": "leg07_m021_b203_2026-06-16T16-21-27.jpg",
        "leg": "leg07",
        "mark_index": 21,
        "along_track_m": 21.0,
        "achieved_heading": 199.9021342900337,
        "target_bearing": 203.47341671222767,
        "fix_type": 6,
        "hacc_m": 0.014,
        "corrupt": false,
        "position_interpolated": true,
        "captured_at_utc": "2026-06-16T22:21:27.984528+00:00"
      },
      "geometry": {
        "type": "Point",
        "coordinates": [
          -114.0056614,
          46.6762886
        ]
      }
    },
    {
      "type": "Feature",
      "properties": {
        "file": "leg07_m022_b203_2026-06-16T16-21-28.jpg",
        "leg": "leg07",
        "mark_index": 22,
        "along_track_m": 22.0,
        "achieved_heading": 199.9064293774295,
        "target_bearing": 203.47341671222767,
        "fix_type": 6,
        "hacc_m": 0.014,
        "corrupt": false,
        "position_interpolated": true,
        "captured_at_utc": "2026-06-16T22:21:28.895426+00:00"
      },
      "geometry": {
        "type": "Point",
        "coordinates": [
          -114.00566651703105,
          46.67628083926708
        ]
      }
    },
    {
      "type": "Feature",
      "properties": {
        "file": "leg07_m023_b203_2026-06-16T16-21-29.jpg",
        "leg": "leg07",
        "mark_index": 23,
        "along_track_m": 23.0,
        "achieved_heading": 199.46731797683773,
        "target_bearing": 203.47341671222767,
        "fix_type": 6,
        "hacc_m": 0.014,
        "corrupt": false,
        "position_interpolated": true,
        "captured_at_utc": "2026-06-16T22:21:29.944322+00:00"
      },
      "geometry": {
        "type": "Point",
        "coordinates": [
          -114.0056721,
          46.6762726
        ]
      }
    },
    {
      "type": "Feature",
      "properties": {
        "file": "leg07_m024_b203_2026-06-16T16-21-31.jpg",
        "leg": "leg07",
        "mark_index": 24,
        "along_track_m": 24.0,
        "achieved_heading": 200.07552115529725,
        "target_bearing": 203.47341671222767,
        "fix_type": 6,
        "hacc_m": 0.014,
        "corrupt": false,
        "position_interpolated": true,
        "captured_at_utc": "2026-06-16T22:21:31.066056+00:00"
      },
      "geometry": {
        "type": "Point",
        "coordinates": [
          -114.00567794095892,
          46.67626362224158
        ]
      }
    },
    {
      "type": "Feature",
      "properties": {
        "file": "leg07_m025_b203_2026-06-16T16-21-32.jpg",
        "leg": "leg07",
        "mark_index": 25,
        "along_track_m": 25.0,
        "achieved_heading": 199.08523328581765,
        "target_bearing": 203.47341671222767,
        "fix_type": 6,
        "hacc_m": 0.014,
        "corrupt": false,
        "position_interpolated": true,
        "captured_at_utc": "2026-06-16T22:21:32.115036+00:00"
      },
      "geometry": {
        "type": "Point",
        "coordinates": [
          -114.00568348453983,
          46.676255088934816
        ]
      }
    },
    {
      "type": "Feature",
      "properties": {
        "file": "leg07_m026_b203_2026-06-16T16-21-33.jpg",
        "leg": "leg07",
        "mark_index": 26,
        "along_track_m": 26.0,
        "achieved_heading": 198.49726961605876,
        "target_bearing": 203.47341671222767,
        "fix_type": 6,
        "hacc_m": 0.014,
        "corrupt": false,
        "position_interpolated": true,
        "captured_at_utc": "2026-06-16T22:21:33.160226+00:00"
      },
      "geometry": {
        "type": "Point",
        "coordinates": [
          -114.00568849999999,
          46.6762468
        ]
      }
    },
    {
      "type": "Feature",
      "properties": {
        "file": "leg07_m027_b203_2026-06-16T16-21-34.jpg",
        "leg": "leg07",
        "mark_index": 27,
        "along_track_m": 27.0,
        "achieved_heading": 199.12973839483743,
        "target_bearing": 203.47341671222767,
        "fix_type": 6,
        "hacc_m": 0.014,
        "corrupt": false,
        "position_interpolated": true,
        "captured_at_utc": "2026-06-16T22:21:34.073034+00:00"
      },
      "geometry": {
        "type": "Point",
        "coordinates": [
          -114.00569320029742,
          46.676239079524116
        ]
      }
    },
    {
      "type": "Feature",
      "properties": {
        "file": "leg07_m028_b203_2026-06-16T16-21-35.jpg",
        "leg": "leg07",
        "mark_index": 28,
        "along_track_m": 28.0,
        "achieved_heading": 200.82864736373932,
        "target_bearing": 203.47341671222767,
        "fix_type": 6,
        "hacc_m": 0.014,
        "corrupt": false,
        "position_interpolated": true,
        "captured_at_utc": "2026-06-16T22:21:35.123622+00:00"
      },
      "geometry": {
        "type": "Point",
        "coordinates": [
          -114.00569876755686,
          46.676230644240626
        ]
      }
    },
    {
      "type": "Feature",
      "properties": {
        "file": "leg07_m029_b203_2026-06-16T16-21-36.jpg",
        "leg": "leg07",
        "mark_index": 29,
        "along_track_m": 29.0,
        "achieved_heading": 201.09552191207075,
        "target_bearing": 203.47341671222767,
        "fix_type": 6,
        "hacc_m": 0.014,
        "corrupt": false,
        "position_interpolated": true,
        "captured_at_utc": "2026-06-16T22:21:36.101407+00:00"
      },
      "geometry": {
        "type": "Point",
        "coordinates": [
          -114.00570400968132,
          46.67622277682716
        ]
      }
    },
    {
      "type": "Feature",
      "properties": {
        "file": "leg07_m030_b203_2026-06-16T16-21-37.jpg",
        "leg": "leg07",
        "mark_index": 30,
        "along_track_m": 30.0,
        "achieved_heading": 199.75820241775904,
        "target_bearing": 203.47341671222767,
        "fix_type": 6,
        "hacc_m": 0.014,
        "corrupt": false,
        "position_interpolated": true,
        "captured_at_utc": "2026-06-16T22:21:37.158791+00:00"
      },
      "geometry": {
        "type": "Point",
        "coordinates": [
          -114.00570979999999,
          46.6762144
        ]
      }
    },
    {
      "type": "Feature",
      "properties": {
        "file": "leg07_m031_b203_2026-06-16T16-21-38.jpg",
        "leg": "leg07",
        "mark_index": 31,
        "along_track_m": 31.0,
        "achieved_heading": 197.50608761374593,
        "target_bearing": 203.47341671222767,
        "fix_type": 6,
        "hacc_m": 0.014,
        "corrupt": false,
        "position_interpolated": true,
        "captured_at_utc": "2026-06-16T22:21:38.073393+00:00"
      },
      "geometry": {
        "type": "Point",
        "coordinates": [
          -114.00571432479184,
          46.67620671983762
        ]
      }
    },
    {
      "type": "Feature",
      "properties": {
        "file": "leg07_m032_b203_2026-06-16T16-21-39.jpg",
        "leg": "leg07",
        "mark_index": 32,
        "along_track_m": 32.0,
        "achieved_heading": 198.82512936117436,
        "target_bearing": 203.47341671222767,
        "fix_type": 6,
        "hacc_m": 0.014,
        "corrupt": false,
        "position_interpolated": true,
        "captured_at_utc": "2026-06-16T22:21:39.195987+00:00"
      },
      "geometry": {
        "type": "Point",
        "coordinates": [
          -114.005719,
          46.6761979
        ]
      }
    },
    {
      "type": "Feature",
      "properties": {
        "file": "leg07_m033_b203_2026-06-16T16-21-40.jpg",
        "leg": "leg07",
        "mark_index": 33,
        "along_track_m": 33.0,
        "achieved_heading": 201.42990339090085,
        "target_bearing": 203.47341671222767,
        "fix_type": 6,
        "hacc_m": 0.014,
        "corrupt": false,
        "position_interpolated": true,
        "captured_at_utc": "2026-06-16T22:21:40.100613+00:00"
      },
      "geometry": {
        "type": "Point",
        "coordinates": [
          -114.0057238059349,
          46.67619026463422
        ]
      }
    },
    {
      "type": "Feature",
      "properties": {
        "file": "leg07_m034_b203_2026-06-16T16-21-41.jpg",
        "leg": "leg07",
        "mark_index": 34,
        "along_track_m": 34.0,
        "achieved_heading": 201.00762491840226,
        "target_bearing": 203.47341671222767,
        "fix_type": 6,
        "hacc_m": 0.014,
        "corrupt": false,
        "position_interpolated": true,
        "captured_at_utc": "2026-06-16T22:21:41.151413+00:00"
      },
      "geometry": {
        "type": "Point",
        "coordinates": [
          -114.00572939999999,
          46.676181899999996
        ]
      }
    },
    {
      "type": "Feature",
      "properties": {
        "file": "leg07_m035_b203_2026-06-16T16-21-42.jpg",
        "leg": "leg07",
        "mark_index": 35,
        "along_track_m": 35.0,
        "achieved_heading": 200.50373145702122,
        "target_bearing": 203.47341671222767,
        "fix_type": 6,
        "hacc_m": 0.014,
        "corrupt": false,
        "position_interpolated": true,
        "captured_at_utc": "2026-06-16T22:21:42.209305+00:00"
      },
      "geometry": {
        "type": "Point",
        "coordinates": [
          -114.00573503189023,
          46.676173332533274
        ]
      }
    },
    {
      "type": "Feature",
      "properties": {
        "file": "leg07_m036_b203_2026-06-16T16-21-43.jpg",
        "leg": "leg07",
        "mark_index": 36,
        "along_track_m": 36.0,
        "achieved_heading": 199.78620033634428,
        "target_bearing": 203.47341671222767,
        "fix_type": 6,
        "hacc_m": 0.014,
        "corrupt": false,
        "position_interpolated": true,
        "captured_at_utc": "2026-06-16T22:21:43.250966+00:00"
      },
      "geometry": {
        "type": "Point",
        "coordinates": [
          -114.00574047619153,
          46.67616497792062
        ]
      }
    },
    {
      "type": "Feature",
      "properties": {
        "file": "leg07_m037_b203_2026-06-16T16-21-44.jpg",
        "leg": "leg07",
        "mark_index": 37,
        "along_track_m": 37.0,
        "achieved_heading": 200.0883068088237,
        "target_bearing": 203.47341671222767,
        "fix_type": 6,
        "hacc_m": 0.014,
        "corrupt": false,
        "position_interpolated": true,
        "captured_at_utc": "2026-06-16T22:21:44.375335+00:00"
      },
      "geometry": {
        "type": "Point",
        "coordinates": [
          -114.0057459,
          46.6761562
        ]
      }
    },
    {
      "type": "Feature",
      "properties": {
        "file": "leg07_m038_b203_2026-06-16T16-21-45.jpg",
        "leg": "leg07",
        "mark_index": 38,
        "along_track_m": 38.0,
        "achieved_heading": 200.8134996426665,
        "target_bearing": 203.47341671222767,
        "fix_type": 6,
        "hacc_m": 0.014,
        "corrupt": false,
        "position_interpolated": true,
        "captured_at_utc": "2026-06-16T22:21:45.351585+00:00"
      },
      "geometry": {
        "type": "Point",
        "coordinates": [
          -114.00575099999999,
          46.676148399999995
        ]
      }
    },
    {
      "type": "Feature",
      "properties": {
        "file": "leg07_m039_b203_2026-06-16T16-21-46.jpg",
        "leg": "leg07",
        "mark_index": 39,
        "along_track_m": 39.0,
        "achieved_heading": 200.13108688882002,
        "target_bearing": 203.47341671222767,
        "fix_type": 6,
        "hacc_m": 0.014,
        "corrupt": false,
        "position_interpolated": true,
        "captured_at_utc": "2026-06-16T22:21:46.401652+00:00"
      },
      "geometry": {
        "type": "Point",
        "coordinates": [
          -114.0057566627612,
          46.676140247029835
        ]
      }
    },
    {
      "type": "Feature",
      "properties": {
        "file": "leg07_m040_b203_2026-06-16T16-21-47.jpg",
        "leg": "leg07",
        "mark_index": 40,
        "along_track_m": 40.0,
        "achieved_heading": 198.66660208270994,
        "target_bearing": 203.47341671222767,
        "fix_type": 6,
        "hacc_m": 0.014,
        "corrupt": false,
        "position_interpolated": true,
        "captured_at_utc": "2026-06-16T22:21:47.389399+00:00"
      },
      "geometry": {
        "type": "Point",
        "coordinates": [
          -114.005761395885,
          46.6761320411061
        ]
      }
    },
    {
      "type": "Feature",
      "properties": {
        "file": "leg07_m041_b203_2026-06-16T16-21-48.jpg",
        "leg": "leg07",
        "mark_index": 41,
        "along_track_m": 41.0,
        "achieved_heading": 199.5860697560878,
        "target_bearing": 203.47341671222767,
        "fix_type": 6,
        "hacc_m": 0.014,
        "corrupt": false,
        "position_interpolated": true,
        "captured_at_utc": "2026-06-16T22:21:48.499712+00:00"
      },
      "geometry": {
        "type": "Point",
        "coordinates": [
          -114.00576688062596,
          46.676123090998445
        ]
      }
    },
    {
      "type": "Feature",
      "properties": {
        "file": "leg07_m042_b203_2026-06-16T16-21-49.jpg",
        "leg": "leg07",
        "mark_index": 42,
        "along_track_m": 42.0,
        "achieved_heading": 200.4119723089159,
        "target_bearing": 203.47341671222767,
        "fix_type": 6,
        "hacc_m": 0.014,
        "corrupt": false,
        "position_interpolated": true,
        "captured_at_utc": "2026-06-16T22:21:49.481381+00:00"
      },
      "geometry": {
        "type": "Point",
        "coordinates": [
          -114.00577151790374,
          46.67611518326084
        ]
      }
    },
    {
      "type": "Feature",
      "properties": {
        "file": "leg07_m043_b203_2026-06-16T16-21-50.jpg",
        "leg": "leg07",
        "mark_index": 43,
        "along_track_m": 43.0,
        "achieved_heading": 200.71642592475558,
        "target_bearing": 203.47341671222767,
        "fix_type": 6,
        "hacc_m": 0.014,
        "corrupt": false,
        "position_interpolated": true,
        "captured_at_utc": "2026-06-16T22:21:50.465086+00:00"
      },
      "geometry": {
        "type": "Point",
        "coordinates": [
          -114.00577684026999,
          46.67610729054092
        ]
      }
    },
    {
      "type": "Feature",
      "properties": {
        "file": "leg07_m044_b203_2026-06-16T16-21-51.jpg",
        "leg": "leg07",
        "mark_index": 44,
        "along_track_m": 44.0,
        "achieved_heading": 200.56305512817073,
        "target_bearing": 203.47341671222767,
        "fix_type": 6,
        "hacc_m": 0.014,
        "corrupt": false,
        "position_interpolated": true,
        "captured_at_utc": "2026-06-16T22:21:51.582115+00:00"
      },
      "geometry": {
        "type": "Point",
        "coordinates": [
          -114.00578229999999,
          46.6760987
        ]
      }
    },
    {
      "type": "Feature",
      "properties": {
        "file": "leg07_m045_b203_2026-06-16T16-21-52.jpg",
        "leg": "leg07",
        "mark_index": 45,
        "along_track_m": 45.0,
        "achieved_heading": 199.69285659298578,
        "target_bearing": 203.47341671222767,
        "fix_type": 6,
        "hacc_m": 0.014,
        "corrupt": false,
        "position_interpolated": true,
        "captured_at_utc": "2026-06-16T22:21:52.486472+00:00"
      },
      "geometry": {
        "type": "Point",
        "coordinates": [
          -114.00578719117948,
          46.67609099443874
        ]
      }
    },
    {
      "type": "Feature",
      "properties": {
        "file": "leg07_m046_b203_2026-06-16T16-21-53.jpg",
        "leg": "leg07",
        "mark_index": 46,
        "along_track_m": 46.0,
        "achieved_heading": 199.4769995223237,
        "target_bearing": 203.47341671222767,
        "fix_type": 6,
        "hacc_m": 0.014,
        "corrupt": false,
        "position_interpolated": true,
        "captured_at_utc": "2026-06-16T22:21:53.618537+00:00"
      },
      "geometry": {
        "type": "Point",
        "coordinates": [
          -114.0057922,
          46.676082699999995
        ]
      }
    },
    {
      "type": "Feature",
      "properties": {
        "file": "leg07_m047_b203_2026-06-16T16-21-54.jpg",
        "leg": "leg07",
        "mark_index": 47,
        "along_track_m": 47.0,
        "achieved_heading": 199.2933200694081,
        "target_bearing": 203.47341671222767,
        "fix_type": 6,
        "hacc_m": 0.014,
        "corrupt": false,
        "position_interpolated": true,
        "captured_at_utc": "2026-06-16T22:21:54.515821+00:00"
      },
      "geometry": {
        "type": "Point",
        "coordinates": [
          -114.00579700264545,
          46.67607454603181
        ]
      }
    },
    {
      "type": "Feature",
      "properties": {
        "file": "leg07_m048_b203_2026-06-16T16-21-55.jpg",
        "leg": "leg07",
        "mark_index": 48,
        "along_track_m": 48.0,
        "achieved_heading": 202.65917127436978,
        "target_bearing": 203.47341671222767,
        "fix_type": 6,
        "hacc_m": 0.014,
        "corrupt": false,
        "position_interpolated": true,
        "captured_at_utc": "2026-06-16T22:21:55.639312+00:00"
      },
      "geometry": {
        "type": "Point",
        "coordinates": [
          -114.00580231010689,
          46.67606564982185
        ]
      }
    },
    {
      "type": "Feature",
      "properties": {
        "file": "leg07_m049_b203_2026-06-16T16-21-56.jpg",
        "leg": "leg07",
        "mark_index": 49,
        "along_track_m": 49.0,
        "achieved_heading": 202.3582106121052,
        "target_bearing": 203.47341671222767,
        "fix_type": 6,
        "hacc_m": 0.014,
        "corrupt": false,
        "position_interpolated": true,
        "captured_at_utc": "2026-06-16T22:21:56.687257+00:00"
      },
      "geometry": {
        "type": "Point",
        "coordinates": [
          -114.00580799052399,
          46.67605738564909
        ]
      }
    },
    {
      "type": "Feature",
      "properties": {
        "file": "leg07_m050_b203_2026-06-16T16-21-57.jpg",
        "leg": "leg07",
        "mark_index": 50,
        "along_track_m": 50.0,
        "achieved_heading": 200.2740876899996,
        "target_bearing": 203.47341671222767,
        "fix_type": 6,
        "hacc_m": 0.014,
        "corrupt": false,
        "position_interpolated": true,
        "captured_at_utc": "2026-06-16T22:21:57.742996+00:00"
      },
      "geometry": {
        "type": "Point",
        "coordinates": [
          -114.0058134,
          46.6760489
        ]
      }
    },
    {
      "type": "Feature",
      "properties": {
        "file": "leg07_m051_b203_2026-06-16T16-21-58.jpg",
        "leg": "leg07",
        "mark_index": 51,
        "along_track_m": 51.0,
        "achieved_heading": 200.78556297713692,
        "target_bearing": 203.47341671222767,
        "fix_type": 6,
        "hacc_m": 0.014,
        "corrupt": false,
        "position_interpolated": true,
        "captured_at_utc": "2026-06-16T22:21:58.725688+00:00"
      },
      "geometry": {
        "type": "Point",
        "coordinates": [
          -114.00581829518185,
          46.67604050722721
        ]
      }
    },
    {
      "type": "Feature",
      "properties": {
        "file": "leg07_m052_b203_2026-06-16T16-21-59.jpg",
        "leg": "leg07",
        "mark_index": 52,
        "along_track_m": 52.0,
        "achieved_heading": 202.55665062335646,
        "target_bearing": 203.47341671222767,
        "fix_type": 6,
        "hacc_m": 0.014,
        "corrupt": false,
        "position_interpolated": true,
        "captured_at_utc": "2026-06-16T22:21:59.768772+00:00"
      },
      "geometry": {
        "type": "Point",
        "coordinates": [
          -114.0058237,
          46.6760325
        ]
      }
    },
    {
      "type": "Feature",
      "properties": {
        "file": "leg07_m053_b203_2026-06-16T16-22-00.jpg",
        "leg": "leg07",
        "mark_index": 53,
        "along_track_m": 53.0,
        "achieved_heading": 201.6453702041701,
        "target_bearing": 203.47341671222767,
        "fix_type": 6,
        "hacc_m": 0.014,
        "corrupt": false,
        "position_interpolated": true,
        "captured_at_utc": "2026-06-16T22:22:00.685086+00:00"
      },
      "geometry": {
        "type": "Point",
        "coordinates": [
          -114.00582875407072,
          46.676024793486825
        ]
      }
    },
    {
      "type": "Feature",
      "properties": {
        "file": "leg07_m054_b203_2026-06-16T16-22-01.jpg",
        "leg": "leg07",
        "mark_index": 54,
        "along_track_m": 54.0,
        "achieved_heading": 201.30070348174908,
        "target_bearing": 203.47341671222767,
        "fix_type": 6,
        "hacc_m": 0.014,
        "corrupt": false,
        "position_interpolated": true,
        "captured_at_utc": "2026-06-16T22:22:01.669235+00:00"
      },
      "geometry": {
        "type": "Point",
        "coordinates": [
          -114.00583372335339,
          46.676016714969904
        ]
      }
    },
    {
      "type": "Feature",
      "properties": {
        "file": "leg07_m055_b203_2026-06-16T16-22-02.jpg",
        "leg": "leg07",
        "mark_index": 55,
        "along_track_m": 55.0,
        "achieved_heading": 202.08101838045695,
        "target_bearing": 203.47341671222767,
        "fix_type": 6,
        "hacc_m": 0.014,
        "corrupt": false,
        "position_interpolated": true,
        "captured_at_utc": "2026-06-16T22:22:02.713039+00:00"
      },
      "geometry": {
        "type": "Point",
        "coordinates": [
          -114.00583900652389,
          46.67600840905545
        ]
      }
    },
    {
      "type": "Feature",
      "properties": {
        "file": "leg07_m056_b203_2026-06-16T16-22-03.jpg",
        "leg": "leg07",
        "mark_index": 56,
        "along_track_m": 56.0,
        "achieved_heading": 201.89053221247943,
        "target_bearing": 203.47341671222767,
        "fix_type": 6,
        "hacc_m": 0.014,
        "corrupt": false,
        "position_interpolated": true,
        "captured_at_utc": "2026-06-16T22:22:03.830062+00:00"
      },
      "geometry": {
        "type": "Point",
        "coordinates": [
          -114.005844,
          46.6760002
        ]
      }
    },
    {
      "type": "Feature",
      "properties": {
        "file": "leg07_m057_b203_2026-06-16T16-22-04.jpg",
        "leg": "leg07",
        "mark_index": 57,
        "along_track_m": 57.0,
        "achieved_heading": 202.05375934835354,
        "target_bearing": 203.47341671222767,
        "fix_type": 6,
        "hacc_m": 0.014,
        "corrupt": false,
        "position_interpolated": true,
        "captured_at_utc": "2026-06-16T22:22:04.827008+00:00"
      },
      "geometry": {
        "type": "Point",
        "coordinates": [
          -114.00584939999999,
          46.675992
        ]
      }
    },
    {
      "type": "Feature",
      "properties": {
        "file": "leg07_m058_b203_2026-06-16T16-22-05.jpg",
        "leg": "leg07",
        "mark_index": 58,
        "along_track_m": 58.0,
        "achieved_heading": 199.8816529710908,
        "target_bearing": 203.47341671222767,
        "fix_type": 6,
        "hacc_m": 0.014,
        "corrupt": false,
        "position_interpolated": true,
        "captured_at_utc": "2026-06-16T22:22:05.804025+00:00"
      },
      "geometry": {
        "type": "Point",
        "coordinates": [
          -114.00585515011589,
          46.6759835164735
        ]
      }
    },
    {
      "type": "Feature",
      "properties": {
        "file": "leg07_m059_b203_2026-06-16T16-22-06.jpg",
        "leg": "leg07",
        "mark_index": 59,
        "along_track_m": 59.0,
        "achieved_heading": 202.06068104701484,
        "target_bearing": 203.47341671222767,
        "fix_type": 6,
        "hacc_m": 0.014,
        "corrupt": false,
        "position_interpolated": true,
        "captured_at_utc": "2026-06-16T22:22:06.853852+00:00"
      },
      "geometry": {
        "type": "Point",
        "coordinates": [
          -114.00586024293972,
          46.67597500700247
        ]
      }
    },
    {
      "type": "Feature",
      "properties": {
        "file": "leg07_m060_b203_2026-06-16T16-22-08.jpg",
        "leg": "leg07",
        "mark_index": 60,
        "along_track_m": 60.0,
        "achieved_heading": 203.08412331357857,
        "target_bearing": 203.47341671222767,
        "fix_type": 6,
        "hacc_m": 0.014,
        "corrupt": false,
        "position_interpolated": true,
        "captured_at_utc": "2026-06-16T22:22:07.972502+00:00"
      },
      "geometry": {
        "type": "Point",
        "coordinates": [
          -114.00586559999999,
          46.675966599999995
        ]
      }
    },
    {
      "type": "Feature",
      "properties": {
        "file": "leg07_m061_b203_2026-06-16T16-22-09.jpg",
        "leg": "leg07",
        "mark_index": 61,
        "along_track_m": 61.0,
        "achieved_heading": 204.502572733877,
        "target_bearing": 203.47341671222767,
        "fix_type": 6,
        "hacc_m": 0.014,
        "corrupt": false,
        "position_interpolated": true,
        "captured_at_utc": "2026-06-16T22:22:09.021886+00:00"
      },
      "geometry": {
        "type": "Point",
        "coordinates": [
          -114.00587069999999,
          46.6759589
        ]
      }
    },
    {
      "type": "Feature",
      "properties": {
        "file": "leg07_m062_b203_2026-06-16T16-22-09.jpg",
        "leg": "leg07",
        "mark_index": 62,
        "along_track_m": 62.0,
        "achieved_heading": 202.7502528614711,
        "target_bearing": 203.47341671222767,
        "fix_type": 6,
        "hacc_m": 0.014,
        "corrupt": false,
        "position_interpolated": true,
        "captured_at_utc": "2026-06-16T22:22:09.921393+00:00"
      },
      "geometry": {
        "type": "Point",
        "coordinates": [
          -114.00587607728257,
          46.67595103028991
        ]
      }
    },
    {
      "type": "Feature",
      "properties": {
        "file": "leg07_m063_b203_2026-06-16T16-22-11.jpg",
        "leg": "leg07",
        "mark_index": 63,
        "along_track_m": 63.0,
        "achieved_heading": 201.5404546287279,
        "target_bearing": 203.47341671222767,
        "fix_type": 6,
        "hacc_m": 0.014,
        "corrupt": false,
        "position_interpolated": true,
        "captured_at_utc": "2026-06-16T22:22:11.109642+00:00"
      },
      "geometry": {
        "type": "Point",
        "coordinates": [
          -114.00588230978707,
          46.67594186037852
        ]
      }
    },
    {
      "type": "Feature",
      "properties": {
        "file": "leg07_m064_b203_2026-06-16T16-22-12.jpg",
        "leg": "leg07",
        "mark_index": 64,
        "along_track_m": 64.0,
        "achieved_heading": 200.411516358083,
        "target_bearing": 203.47341671222767,
        "fix_type": 6,
        "hacc_m": 0.014,
        "corrupt": false,
        "position_interpolated": true,
        "captured_at_utc": "2026-06-16T22:22:12.170950+00:00"
      },
      "geometry": {
        "type": "Point",
        "coordinates": [
          -114.0058871,
          46.6759335
        ]
      }
    },
    {
      "type": "Feature",
      "properties": {
        "file": "leg07_m065_b203_2026-06-16T16-22-13.jpg",
        "leg": "leg07",
        "mark_index": 65,
        "along_track_m": 65.0,
        "achieved_heading": 201.63307894741342,
        "target_bearing": 203.47341671222767,
        "fix_type": 6,
        "hacc_m": 0.014,
        "corrupt": false,
        "position_interpolated": true,
        "captured_at_utc": "2026-06-16T22:22:13.084601+00:00"
      },
      "geometry": {
        "type": "Point",
        "coordinates": [
          -114.00589176838749,
          46.675925870580016
        ]
      }
    },
    {
      "type": "Feature",
      "properties": {
        "file": "leg07_m066_b203_2026-06-16T16-22-14.jpg",
        "leg": "leg07",
        "mark_index": 66,
        "along_track_m": 66.0,
        "achieved_heading": 201.3083796217573,
        "target_bearing": 203.47341671222767,
        "fix_type": 6,
        "hacc_m": 0.014,
        "corrupt": false,
        "position_interpolated": true,
        "captured_at_utc": "2026-06-16T22:22:14.204845+00:00"
      },
      "geometry": {
        "type": "Point",
        "coordinates": [
          -114.00589679999999,
          46.6759177
        ]
      }
    },
    {
      "type": "Feature",
      "properties": {
        "file": "leg07_m067_b203_2026-06-16T16-22-15.jpg",
        "leg": "leg07",
        "mark_index": 67,
        "along_track_m": 67.0,
        "achieved_heading": 200.79471629322583,
        "target_bearing": 203.47341671222767,
        "fix_type": 6,
        "hacc_m": 0.014,
        "corrupt": false,
        "position_interpolated": true,
        "captured_at_utc": "2026-06-16T22:22:15.250797+00:00"
      },
      "geometry": {
        "type": "Point",
        "coordinates": [
          -114.0059021,
          46.6759097
        ]
      }
    },
    {
      "type": "Feature",
      "properties": {
        "file": "leg07_m068_b203_2026-06-16T16-22-16.jpg",
        "leg": "leg07",
        "mark_index": 68,
        "along_track_m": 68.0,
        "achieved_heading": 200.37248387677303,
        "target_bearing": 203.47341671222767,
        "fix_type": 6,
        "hacc_m": 0.014,
        "corrupt": false,
        "position_interpolated": true,
        "captured_at_utc": "2026-06-16T22:22:16.309162+00:00"
      },
      "geometry": {
        "type": "Point",
        "coordinates": [
          -114.0059076105582,
          46.67589994310688
        ]
      }
    },
    {
      "type": "Feature",
      "properties": {
        "file": "leg07_m069_b203_2026-06-16T16-22-17.jpg",
        "leg": "leg07",
        "mark_index": 69,
        "along_track_m": 69.0,
        "achieved_heading": 202.2156346546002,
        "target_bearing": 203.47341671222767,
        "fix_type": 6,
        "hacc_m": 0.014,
        "corrupt": false,
        "position_interpolated": true,
        "captured_at_utc": "2026-06-16T22:22:17.280795+00:00"
      },
      "geometry": {
        "type": "Point",
        "coordinates": [
          -114.00591218454639,
          46.67589235908935
        ]
      }
    },
    {
      "type": "Feature",
      "properties": {
        "file": "leg07_m070_b203_2026-06-16T16-22-18.jpg",
        "leg": "leg07",
        "mark_index": 70,
        "along_track_m": 70.0,
        "achieved_heading": 202.9633148433789,
        "target_bearing": 203.47341671222767,
        "fix_type": 6,
        "hacc_m": 0.014,
        "corrupt": false,
        "position_interpolated": true,
        "captured_at_utc": "2026-06-16T22:22:18.345636+00:00"
      },
      "geometry": {
        "type": "Point",
        "coordinates": [
          -114.0059177,
          46.6758838
        ]
      }
    },
    {
      "type": "Feature",
      "properties": {
        "file": "leg07_m071_b203_2026-06-16T16-22-19.jpg",
        "leg": "leg07",
        "mark_index": 71,
        "along_track_m": 71.0,
        "achieved_heading": 203.77115580319912,
        "target_bearing": 203.47341671222767,
        "fix_type": 6,
        "hacc_m": 0.014,
        "corrupt": false,
        "position_interpolated": true,
        "captured_at_utc": "2026-06-16T22:22:19.244102+00:00"
      },
      "geometry": {
        "type": "Point",
        "coordinates": [
          -114.00592212613911,
          46.675876406181665
        ]
      }
    },
    {
      "type": "Feature",
      "properties": {
        "file": "leg07_m072_b203_2026-06-16T16-22-20.jpg",
        "leg": "leg07",
        "mark_index": 72,
        "along_track_m": 72.0,
        "achieved_heading": 204.7505844524852,
        "target_bearing": 203.47341671222767,
        "fix_type": 6,
        "hacc_m": 0.014,
        "corrupt": false,
        "position_interpolated": true,
        "captured_at_utc": "2026-06-16T22:22:20.307521+00:00"
      },
      "geometry": {
        "type": "Point",
        "coordinates": [
          -114.00592768752075,
          46.67586796871887
        ]
      }
    },
    {
      "type": "Feature",
      "properties": {
        "file": "leg07_m073_b203_2026-06-16T16-22-21.jpg",
        "leg": "leg07",
        "mark_index": 73,
        "along_track_m": 73.0,
        "achieved_heading": 205.2686005528672,
        "target_bearing": 203.47341671222767,
        "fix_type": 6,
        "hacc_m": 0.014,
        "corrupt": false,
        "position_interpolated": true,
        "captured_at_utc": "2026-06-16T22:22:21.420588+00:00"
      },
      "geometry": {
        "type": "Point",
        "coordinates": [
          -114.0059337,
          46.67586
        ]
      }
    },
    {
      "type": "Feature",
      "properties": {
        "file": "leg07_m074_b203_2026-06-16T16-22-22.jpg",
        "leg": "leg07",
        "mark_index": 74,
        "along_track_m": 74.0,
        "achieved_heading": 202.44367862763255,
        "target_bearing": 203.47341671222767,
        "fix_type": 6,
        "hacc_m": 0.014,
        "corrupt": false,
        "position_interpolated": true,
        "captured_at_utc": "2026-06-16T22:22:22.332793+00:00"
      },
      "geometry": {
        "type": "Point",
        "coordinates": [
          -114.0059392,
          46.6758521
        ]
      }
    },
    {
      "type": "Feature",
      "properties": {
        "file": "leg07_m075_b203_2026-06-16T16-22-23.jpg",
        "leg": "leg07",
        "mark_index": 75,
        "along_track_m": 75.0,
        "achieved_heading": 202.8186700743046,
        "target_bearing": 203.47341671222767,
        "fix_type": 6,
        "hacc_m": 0.014,
        "corrupt": false,
        "position_interpolated": true,
        "captured_at_utc": "2026-06-16T22:22:23.455639+00:00"
      },
      "geometry": {
        "type": "Point",
        "coordinates": [
          -114.00594464389293,
          46.6758431697713
        ]
      }
    },
    {
      "type": "Feature",
      "properties": {
        "file": "leg07_m076_b203_2026-06-16T16-22-24.jpg",
        "leg": "leg07",
        "mark_index": 76,
        "along_track_m": 76.0,
        "achieved_heading": 203.10648646752844,
        "target_bearing": 203.47341671222767,
        "fix_type": 6,
        "hacc_m": 0.014,
        "corrupt": false,
        "position_interpolated": true,
        "captured_at_utc": "2026-06-16T22:22:24.503001+00:00"
      },
      "geometry": {
        "type": "Point",
        "coordinates": [
          -114.00594983373357,
          46.67583458265293
        ]
      }
    },
    {
      "type": "Feature",
      "properties": {
        "file": "leg07_m077_b203_2026-06-16T16-22-25.jpg",
        "leg": "leg07",
        "mark_index": 77,
        "along_track_m": 77.0,
        "achieved_heading": 202.23035905130195,
        "target_bearing": 203.47341671222767,
        "fix_type": 6,
        "hacc_m": 0.014,
        "corrupt": false,
        "position_interpolated": true,
        "captured_at_utc": "2026-06-16T22:22:25.556246+00:00"
      },
      "geometry": {
        "type": "Point",
        "coordinates": [
          -114.0059548,
          46.6758264
        ]
      }
    },
    {
      "type": "Feature",
      "properties": {
        "file": "leg07_m078_b203_2026-06-16T16-22-26.jpg",
        "leg": "leg07",
        "mark_index": 78,
        "along_track_m": 78.0,
        "achieved_heading": 201.7165854388691,
        "target_bearing": 203.47341671222767,
        "fix_type": 6,
        "hacc_m": 0.014,
        "corrupt": false,
        "position_interpolated": true,
        "captured_at_utc": "2026-06-16T22:22:26.463544+00:00"
      },
      "geometry": {
        "type": "Point",
        "coordinates": [
          -114.00595949058827,
          46.675818895058775
        ]
      }
    },
    {
      "type": "Feature",
      "properties": {
        "file": "leg07_m079_b203_2026-06-16T16-22-27.jpg",
        "leg": "leg07",
        "mark_index": 79,
        "along_track_m": 79.0,
        "achieved_heading": 201.5829517171594,
        "target_bearing": 203.47341671222767,
        "fix_type": 6,
        "hacc_m": 0.014,
        "corrupt": false,
        "position_interpolated": true,
        "captured_at_utc": "2026-06-16T22:22:27.577385+00:00"
      },
      "geometry": {
        "type": "Point",
        "coordinates": [
          -114.00596429999999,
          46.6758106
        ]
      }
    },
    {
      "type": "Feature",
      "properties": {
        "file": "leg07_m080_b203_2026-06-16T16-22-28.jpg",
        "leg": "leg07",
        "mark_index": 80,
        "along_track_m": 80.0,
        "achieved_heading": 201.67481694372623,
        "target_bearing": 203.47341671222767,
        "fix_type": 6,
        "hacc_m": 0.014,
        "corrupt": false,
        "position_interpolated": true,
        "captured_at_utc": "2026-06-16T22:22:28.632104+00:00"
      },
      "geometry": {
        "type": "Point",
        "coordinates": [
          -114.0059701955175,
          46.67580170717197
        ]
      }
    },
    {
      "type": "Feature",
      "properties": {
        "file": "leg07_m081_b203_2026-06-16T16-22-29.jpg",
        "leg": "leg07",
        "mark_index": 81,
        "along_track_m": 81.0,
        "achieved_heading": 201.90375721749464,
        "target_bearing": 203.47341671222767,
        "fix_type": 6,
        "hacc_m": 0.014,
        "corrupt": false,
        "position_interpolated": true,
        "captured_at_utc": "2026-06-16T22:22:29.757928+00:00"
      },
      "geometry": {
        "type": "Point",
        "coordinates": [
          -114.00597549999999,
          46.6757931
        ]
      }
    },
    {
      "type": "Feature",
      "properties": {
        "file": "leg07_m082_b203_2026-06-16T16-22-30.jpg",
        "leg": "leg07",
        "mark_index": 82,
        "along_track_m": 82.0,
        "achieved_heading": 201.34907292603458,
        "target_bearing": 203.47341671222767,
        "fix_type": 6,
        "hacc_m": 0.014,
        "corrupt": false,
        "position_interpolated": true,
        "captured_at_utc": "2026-06-16T22:22:30.669886+00:00"
      },
      "geometry": {
        "type": "Point",
        "coordinates": [
          -114.00598012780517,
          46.67578575365803
        ]
      }
    },
    {
      "type": "Feature",
      "properties": {
        "file": "leg07_m083_b203_2026-06-16T16-22-31.jpg",
        "leg": "leg07",
        "mark_index": 83,
        "along_track_m": 83.0,
        "achieved_heading": 202.6647689644895,
        "target_bearing": 203.47341671222767,
        "fix_type": 6,
        "hacc_m": 0.014,
        "corrupt": false,
        "position_interpolated": true,
        "captured_at_utc": "2026-06-16T22:22:31.787820+00:00"
      },
      "geometry": {
        "type": "Point",
        "coordinates": [
          -114.00598529999999,
          46.6757774
        ]
      }
    },
    {
      "type": "Feature",
      "properties": {
        "file": "leg07_m084_b203_2026-06-16T16-22-32.jpg",
        "leg": "leg07",
        "mark_index": 84,
        "along_track_m": 84.0,
        "achieved_heading": 203.0931143014452,
        "target_bearing": 203.47341671222767,
        "fix_type": 6,
        "hacc_m": 0.014,
        "corrupt": false,
        "position_interpolated": true,
        "captured_at_utc": "2026-06-16T22:22:32.839545+00:00"
      },
      "geometry": {
        "type": "Point",
        "coordinates": [
          -114.00599106785361,
          46.67576864821957
        ]
      }
    },
    {
      "type": "Feature",
      "properties": {
        "file": "leg07_m085_b203_2026-06-16T16-22-34.jpg",
        "leg": "leg07",
        "mark_index": 85,
        "along_track_m": 85.0,
        "achieved_heading": 202.10248324595557,
        "target_bearing": 203.47341671222767,
        "fix_type": 6,
        "hacc_m": 0.014,
        "corrupt": false,
        "position_interpolated": true,
        "captured_at_utc": "2026-06-16T22:22:33.952300+00:00"
      },
      "geometry": {
        "type": "Point",
        "coordinates": [
          -114.00599679999999,
          46.6757601
        ]
      }
    },
    {
      "type": "Feature",
      "properties": {
        "file": "leg07_m086_b203_2026-06-16T16-22-34.jpg",
        "leg": "leg07",
        "mark_index": 86,
        "along_track_m": 86.0,
        "achieved_heading": 201.59798087088805,
        "target_bearing": 203.47341671222767,
        "fix_type": 6,
        "hacc_m": 0.014,
        "corrupt": false,
        "position_interpolated": true,
        "captured_at_utc": "2026-06-16T22:22:34.875795+00:00"
      },
      "geometry": {
        "type": "Point",
        "coordinates": [
          -114.0060015306163,
          46.67575230883585
        ]
      }
    },
    {
      "type": "Feature",
      "properties": {
        "file": "leg07_m087_b203_2026-06-16T16-22-35.jpg",
        "leg": "leg07",
        "mark_index": 87,
        "along_track_m": 87.0,
        "achieved_heading": 202.64252860127124,
        "target_bearing": 203.47341671222767,
        "fix_type": 6,
        "hacc_m": 0.014,
        "corrupt": false,
        "position_interpolated": true,
        "captured_at_utc": "2026-06-16T22:22:35.909955+00:00"
      },
      "geometry": {
        "type": "Point",
        "coordinates": [
          -114.00600644364064,
          46.67574410567379
        ]
      }
    },
    {
      "type": "Feature",
      "properties": {
        "file": "leg07_m088_b203_2026-06-16T16-22-37.jpg",
        "leg": "leg07",
        "mark_index": 88,
        "along_track_m": 88.0,
        "achieved_heading": 204.96768315548718,
        "target_bearing": 203.47341671222767,
        "fix_type": 6,
        "hacc_m": 0.014,
        "corrupt": false,
        "position_interpolated": true,
        "captured_at_utc": "2026-06-16T22:22:37.025888+00:00"
      },
      "geometry": {
        "type": "Point",
        "coordinates": [
          -114.00601169999999,
          46.675736
        ]
      }
    },
    {
      "type": "Feature",
      "properties": {
        "file": "leg07_m089_b203_2026-06-16T16-22-37.jpg",
        "leg": "leg07",
        "mark_index": 89,
        "along_track_m": 89.0,
        "achieved_heading": 203.9898748190509,
        "target_bearing": 203.47341671222767,
        "fix_type": 6,
        "hacc_m": 0.014,
        "corrupt": false,
        "position_interpolated": true,
        "captured_at_utc": "2026-06-16T22:22:37.948690+00:00"
      },
      "geometry": {
        "type": "Point",
        "coordinates": [
          -114.006017,
          46.675728199999995
        ]
      }
    },
    {
      "type": "Feature",
      "properties": {
        "file": "leg07_m090_b203_2026-06-16T16-22-39.jpg",
        "leg": "leg07",
        "mark_index": 90,
        "along_track_m": 90.0,
        "achieved_heading": 202.45196697831966,
        "target_bearing": 203.47341671222767,
        "fix_type": 6,
        "hacc_m": 0.014,
        "corrupt": false,
        "position_interpolated": true,
        "captured_at_utc": "2026-06-16T22:22:38.985189+00:00"
      },
      "geometry": {
        "type": "Point",
        "coordinates": [
          -114.00602266759897,
          46.675719854001706
        ]
      }
    },
    {
      "type": "Feature",
      "properties": {
        "file": "leg07_m091_b203_2026-06-16T16-22-40.jpg",
        "leg": "leg07",
        "mark_index": 91,
        "along_track_m": 91.0,
        "achieved_heading": 200.717755141934,
        "target_bearing": 203.47341671222767,
        "fix_type": 6,
        "hacc_m": 0.014,
        "corrupt": false,
        "position_interpolated": true,
        "captured_at_utc": "2026-06-16T22:22:40.116836+00:00"
      },
      "geometry": {
        "type": "Point",
        "coordinates": [
          -114.00602818688745,
          46.6757107748103
        ]
      }
    },
    {
      "type": "Feature",
      "properties": {
        "file": "leg07_m092_b203_2026-06-16T16-22-41.jpg",
        "leg": "leg07",
        "mark_index": 92,
        "along_track_m": 92.0,
        "achieved_heading": 200.42127768359447,
        "target_bearing": 203.47341671222767,
        "fix_type": 6,
        "hacc_m": 0.014,
        "corrupt": false,
        "position_interpolated": true,
        "captured_at_utc": "2026-06-16T22:22:41.164052+00:00"
      },
      "geometry": {
        "type": "Point",
        "coordinates": [
          -114.0060329,
          46.675702699999995
        ]
      }
    },
    {
      "type": "Feature",
      "properties": {
        "file": "leg07_m093_b203_2026-06-16T16-22-42.jpg",
        "leg": "leg07",
        "mark_index": 93,
        "along_track_m": 93.0,
        "achieved_heading": 200.7521713582385,
        "target_bearing": 203.47341671222767,
        "fix_type": 6,
        "hacc_m": 0.014,
        "corrupt": false,
        "position_interpolated": true,
        "captured_at_utc": "2026-06-16T22:22:42.139429+00:00"
      },
      "geometry": {
        "type": "Point",
        "coordinates": [
          -114.0060374,
          46.6756945
        ]
      }
    },
    {
      "type": "Feature",
      "properties": {
        "file": "leg07_m094_b203_2026-06-16T16-22-43.jpg",
        "leg": "leg07",
        "mark_index": 94,
        "along_track_m": 94.0,
        "achieved_heading": 205.09156492953713,
        "target_bearing": 203.47341671222767,
        "fix_type": 6,
        "hacc_m": 0.014,
        "corrupt": false,
        "position_interpolated": true,
        "captured_at_utc": "2026-06-16T22:22:43.202850+00:00"
      },
      "geometry": {
        "type": "Point",
        "coordinates": [
          -114.00604249999999,
          46.6756868
        ]
      }
    },
    {
      "type": "Feature",
      "properties": {
        "file": "leg07_m095_b203_2026-06-16T16-22-44.jpg",
        "leg": "leg07",
        "mark_index": 95,
        "along_track_m": 95.0,
        "achieved_heading": 203.228469943947,
        "target_bearing": 203.47341671222767,
        "fix_type": 6,
        "hacc_m": 0.014,
        "corrupt": false,
        "position_interpolated": true,
        "captured_at_utc": "2026-06-16T22:22:44.245265+00:00"
      },
      "geometry": {
        "type": "Point",
        "coordinates": [
          -114.00604837986705,
          46.67567799351059
        ]
      }
    },
    {
      "type": "Feature",
      "properties": {
        "file": "leg07_m096_b203_2026-06-16T16-22-45.jpg",
        "leg": "leg07",
        "mark_index": 96,
        "along_track_m": 96.0,
        "achieved_heading": 202.5367088430674,
        "target_bearing": 203.47341671222767,
        "fix_type": 6,
        "hacc_m": 0.014,
        "corrupt": false,
        "position_interpolated": true,
        "captured_at_utc": "2026-06-16T22:22:45.364951+00:00"
      },
      "geometry": {
        "type": "Point",
        "coordinates": [
          -114.00605399999999,
          46.6756695
        ]
      }
    },
    {
      "type": "Feature",
      "properties": {
        "file": "leg07_m097_b203_2026-06-16T16-22-46.jpg",
        "leg": "leg07",
        "mark_index": 97,
        "along_track_m": 97.0,
        "achieved_heading": 202.67260025530595,
        "target_bearing": 203.47341671222767,
        "fix_type": 6,
        "hacc_m": 0.014,
        "corrupt": false,
        "position_interpolated": true,
        "captured_at_utc": "2026-06-16T22:22:46.284837+00:00"
      },
      "geometry": {
        "type": "Point",
        "coordinates": [
          -114.0060590631111,
          46.67566170271112
        ]
      }
    },
    {
      "type": "Feature",
      "properties": {
        "file": "leg07_m098_b203_2026-06-16T16-22-47.jpg",
        "leg": "leg07",
        "mark_index": 98,
        "along_track_m": 98.0,
        "achieved_heading": 202.3734739397523,
        "target_bearing": 203.47341671222767,
        "fix_type": 6,
        "hacc_m": 0.014,
        "corrupt": false,
        "position_interpolated": true,
        "captured_at_utc": "2026-06-16T22:22:47.256811+00:00"
      },
      "geometry": {
        "type": "Point",
        "coordinates": [
          -114.00606394038354,
          46.67565381134796
        ]
      }
    },
    {
      "type": "Feature",
      "properties": {
        "file": "leg07_m099_b203_2026-06-16T16-22-48.jpg",
        "leg": "leg07",
        "mark_index": 99,
        "along_track_m": 99.0,
        "achieved_heading": 201.0239556448314,
        "target_bearing": 203.47341671222767,
        "fix_type": 6,
        "hacc_m": 0.014,
        "corrupt": false,
        "position_interpolated": true,
        "captured_at_utc": "2026-06-16T22:22:48.312256+00:00"
      },
      "geometry": {
        "type": "Point",
        "coordinates": [
          -114.00606899769674,
          46.67564525345486
        ]
      }
    },
    {
      "type": "Feature",
      "properties": {
        "file": "leg07_m100_b203_2026-06-16T16-22-49.jpg",
        "leg": "leg07",
        "mark_index": 100,
        "along_track_m": 100.0,
        "achieved_heading": 202.4549015313208,
        "target_bearing": 203.47341671222767,
        "fix_type": 6,
        "hacc_m": 0.014,
        "corrupt": false,
        "position_interpolated": true,
        "captured_at_utc": "2026-06-16T22:22:49.357133+00:00"
      },
      "geometry": {
        "type": "Point",
        "coordinates": [
          -114.00607389999999,
          46.6756368
        ]
      }
    },
    {
      "type": "Feature",
      "properties": {
        "file": "leg07_m101_b203_2026-06-16T16-22-50.jpg",
        "leg": "leg07",
        "mark_index": 101,
        "along_track_m": 101.0,
        "achieved_heading": 205.06571773866415,
        "target_bearing": 203.47341671222767,
        "fix_type": 6,
        "hacc_m": 0.014,
        "corrupt": false,
        "position_interpolated": true,
        "captured_at_utc": "2026-06-16T22:22:50.337373+00:00"
      },
      "geometry": {
        "type": "Point",
        "coordinates": [
          -114.00607889999999,
          46.6756287
        ]
      }
    },
    {
      "type": "Feature",
      "properties": {
        "file": "leg07_m102_b203_2026-06-16T16-22-51.jpg",
        "leg": "leg07",
        "mark_index": 102,
        "along_track_m": 102.0,
        "achieved_heading": 203.90187773497735,
        "target_bearing": 203.47341671222767,
        "fix_type": 6,
        "hacc_m": 0.014,
        "corrupt": false,
        "position_interpolated": true,
        "captured_at_utc": "2026-06-16T22:22:51.387492+00:00"
      },
      "geometry": {
        "type": "Point",
        "coordinates": [
          -114.0060846,
          46.675620599999995
        ]
      }
    },
    {
      "type": "Feature",
      "properties": {
        "file": "leg07_m103_b203_2026-06-16T16-22-52.jpg",
        "leg": "leg07",
        "mark_index": 103,
        "along_track_m": 103.0,
        "achieved_heading": 201.49365931094619,
        "target_bearing": 203.47341671222767,
        "fix_type": 6,
        "hacc_m": 0.014,
        "corrupt": false,
        "position_interpolated": true,
        "captured_at_utc": "2026-06-16T22:22:52.436062+00:00"
      },
      "geometry": {
        "type": "Point",
        "coordinates": [
          -114.0060901,
          46.6756125
        ]
      }
    },
    {
      "type": "Feature",
      "properties": {
        "file": "leg07_m104_b203_2026-06-16T16-22-53.jpg",
        "leg": "leg07",
        "mark_index": 104,
        "along_track_m": 104.0,
        "achieved_heading": 200.68505551331694,
        "target_bearing": 203.47341671222767,
        "fix_type": 6,
        "hacc_m": 0.014,
        "corrupt": false,
        "position_interpolated": true,
        "captured_at_utc": "2026-06-16T22:22:53.489495+00:00"
      },
      "geometry": {
        "type": "Point",
        "coordinates": [
          -114.00609516244623,
          46.675603194758075
        ]
      }
    },
    {
      "type": "Feature",
      "properties": {
        "file": "leg07_m105_b203_2026-06-16T16-22-54.jpg",
        "leg": "leg07",
        "mark_index": 105,
        "along_track_m": 105.0,
        "achieved_heading": 202.772785335997,
        "target_bearing": 203.47341671222767,
        "fix_type": 6,
        "hacc_m": 0.014,
        "corrupt": false,
        "position_interpolated": true,
        "captured_at_utc": "2026-06-16T22:22:54.541441+00:00"
      },
      "geometry": {
        "type": "Point",
        "coordinates": [
          -114.0061001,
          46.6755949
        ]
      }
    },
    {
      "type": "Feature",
      "properties": {
        "file": "leg07_m106_b203_2026-06-16T16-22-55.jpg",
        "leg": "leg07",
        "mark_index": 106,
        "along_track_m": 106.0,
        "achieved_heading": 203.67936809995115,
        "target_bearing": 203.47341671222767,
        "fix_type": 6,
        "hacc_m": 0.014,
        "corrupt": false,
        "position_interpolated": true,
        "captured_at_utc": "2026-06-16T22:22:55.451406+00:00"
      },
      "geometry": {
        "type": "Point",
        "coordinates": [
          -114.00610489953718,
          46.675587454451374
        ]
      }
    },
    {
      "type": "Feature",
      "properties": {
        "file": "leg07_m107_b203_2026-06-16T16-22-56.jpg",
        "leg": "leg07",
        "mark_index": 107,
        "along_track_m": 107.0,
        "achieved_heading": 204.75619454115565,
        "target_bearing": 203.47341671222767,
        "fix_type": 6,
        "hacc_m": 0.014,
        "corrupt": false,
        "position_interpolated": true,
        "captured_at_utc": "2026-06-16T22:22:56.504575+00:00"
      },
      "geometry": {
        "type": "Point",
        "coordinates": [
          -114.00611046613837,
          46.675579687829696
        ]
      }
    },
    {
      "type": "Feature",
      "properties": {
        "file": "leg07_m108_b203_2026-06-16T16-22-57.jpg",
        "leg": "leg07",
        "mark_index": 108,
        "along_track_m": 108.0,
        "achieved_heading": 203.7984744002835,
        "target_bearing": 203.47341671222767,
        "fix_type": 6,
        "hacc_m": 0.014,
        "corrupt": false,
        "position_interpolated": true,
        "captured_at_utc": "2026-06-16T22:22:57.763849+00:00"
      },
      "geometry": {
        "type": "Point",
        "coordinates": [
          -114.0061164,
          46.67557
        ]
      }
    },
    {
      "type": "Feature",
      "properties": {
        "file": "leg07_m109_b203_2026-06-16T16-22-58.jpg",
        "leg": "leg07",
        "mark_index": 109,
        "along_track_m": 109.0,
        "achieved_heading": 203.85521175960443,
        "target_bearing": 203.47341671222767,
        "fix_type": 6,
        "hacc_m": 0.014,
        "corrupt": false,
        "position_interpolated": true,
        "captured_at_utc": "2026-06-16T22:22:58.668800+00:00"
      },
      "geometry": {
        "type": "Point",
        "coordinates": [
          -114.00612105321551,
          46.675562304413795
        ]
      }
    },
    {
      "type": "Feature",
      "properties": {
        "file": "leg07_m110_b203_2026-06-16T16-22-59.jpg",
        "leg": "leg07",
        "mark_index": 110,
        "along_track_m": 110.0,
        "achieved_heading": 203.27296159560768,
        "target_bearing": 203.47341671222767,
        "fix_type": 6,
        "hacc_m": 0.014,
        "corrupt": false,
        "position_interpolated": true,
        "captured_at_utc": "2026-06-16T22:22:59.711823+00:00"
      },
      "geometry": {
        "type": "Point",
        "coordinates": [
          -114.00612602612811,
          46.67555441491179
        ]
      }
    },
    {
      "type": "Feature",
      "properties": {
        "file": "leg07_m111_b203_2026-06-16T16-23-00.jpg",
        "leg": "leg07",
        "mark_index": 111,
        "along_track_m": 111.0,
        "achieved_heading": 203.0934763980767,
        "target_bearing": 203.47341671222767,
        "fix_type": 6,
        "hacc_m": 0.014,
        "corrupt": false,
        "position_interpolated": true,
        "captured_at_utc": "2026-06-16T22:23:00.761854+00:00"
      },
      "geometry": {
        "type": "Point",
        "coordinates": [
          -114.00613129999999,
          46.675546399999995
        ]
      }
    },
    {
      "type": "Feature",
      "properties": {
        "file": "leg07_m112_b203_2026-06-16T16-23-01.jpg",
        "leg": "leg07",
        "mark_index": 112,
        "along_track_m": 112.0,
        "achieved_heading": 204.1271001344905,
        "target_bearing": 203.47341671222767,
        "fix_type": 6,
        "hacc_m": 0.014,
        "corrupt": false,
        "position_interpolated": true,
        "captured_at_utc": "2026-06-16T22:23:01.747399+00:00"
      },
      "geometry": {
        "type": "Point",
        "coordinates": [
          -114.00613659999999,
          46.6755383
        ]
      }
    },
    {
      "type": "Feature",
      "properties": {
        "file": "leg07_m113_b203_2026-06-16T16-23-03.jpg",
        "leg": "leg07",
        "mark_index": 113,
        "along_track_m": 113.0,
        "achieved_heading": 201.88038718535103,
        "target_bearing": 203.47341671222767,
        "fix_type": 6,
        "hacc_m": 0.014,
        "corrupt": false,
        "position_interpolated": true,
        "captured_at_utc": "2026-06-16T22:23:02.941970+00:00"
      },
      "geometry": {
        "type": "Point",
        "coordinates": [
          -114.0061427,
          46.6755292
        ]
      }
    },
    {
      "type": "Feature",
      "properties": {
        "file": "leg07_m114_b203_2026-06-16T16-23-03.jpg",
        "leg": "leg07",
        "mark_index": 114,
        "along_track_m": 114.0,
        "achieved_heading": 202.0789837214025,
        "target_bearing": 203.47341671222767,
        "fix_type": 6,
        "hacc_m": 0.014,
        "corrupt": false,
        "position_interpolated": true,
        "captured_at_utc": "2026-06-16T22:23:03.851457+00:00"
      },
      "geometry": {
        "type": "Point",
        "coordinates": [
          -114.0061473549973,
          46.67552145167176
        ]
      }
    },
    {
      "type": "Feature",
      "properties": {
        "file": "leg07_m115_b203_2026-06-16T16-23-04.jpg",
        "leg": "leg07",
        "mark_index": 115,
        "along_track_m": 115.0,
        "achieved_heading": 203.19294709573472,
        "target_bearing": 203.47341671222767,
        "fix_type": 6,
        "hacc_m": 0.014,
        "corrupt": false,
        "position_interpolated": true,
        "captured_at_utc": "2026-06-16T22:23:04.900839+00:00"
      },
      "geometry": {
        "type": "Point",
        "coordinates": [
          -114.0061525520087,
          46.67551312198694
        ]
      }
    },
    {
      "type": "Feature",
      "properties": {
        "file": "leg07_m116_b203_2026-06-16T16-23-06.jpg",
        "leg": "leg07",
        "mark_index": 116,
        "along_track_m": 116.0,
        "achieved_heading": 202.71604323529553,
        "target_bearing": 203.47341671222767,
        "fix_type": 6,
        "hacc_m": 0.014,
        "corrupt": false,
        "position_interpolated": true,
        "captured_at_utc": "2026-06-16T22:23:05.960866+00:00"
      },
      "geometry": {
        "type": "Point",
        "coordinates": [
          -114.00615769999999,
          46.6755048
        ]
      }
    },
    {
      "type": "Feature",
      "properties": {
        "file": "leg07_m117_b203_2026-06-16T16-23-06.jpg",
        "leg": "leg07",
        "mark_index": 117,
        "along_track_m": 117.0,
        "achieved_heading": 202.73168042686635,
        "target_bearing": 203.47341671222767,
        "fix_type": 6,
        "hacc_m": 0.014,
        "corrupt": false,
        "position_interpolated": true,
        "captured_at_utc": "2026-06-16T22:23:06.935530+00:00"
      },
      "geometry": {
        "type": "Point",
        "coordinates": [
          -114.0061628,
          46.675497
        ]
      }
    },
    {
      "type": "Feature",
      "properties": {
        "file": "leg07_m118_b203_2026-06-16T16-23-08.jpg",
        "leg": "leg07",
        "mark_index": 118,
        "along_track_m": 118.0,
        "achieved_heading": 203.37750017351607,
        "target_bearing": 203.47341671222767,
        "fix_type": 6,
        "hacc_m": 0.014,
        "corrupt": false,
        "position_interpolated": true,
        "captured_at_utc": "2026-06-16T22:23:08.194986+00:00"
      },
      "geometry": {
        "type": "Point",
        "coordinates": [
          -114.0061688,
          46.6754879
        ]
      }
    },
    {
      "type": "Feature",
      "properties": {
        "file": "leg07_m119_b203_2026-06-16T16-23-09.jpg",
        "leg": "leg07",
        "mark_index": 119,
        "along_track_m": 119.0,
        "achieved_heading": 202.2247911163194,
        "target_bearing": 203.47341671222767,
        "fix_type": 6,
        "hacc_m": 0.014,
        "corrupt": false,
        "position_interpolated": true,
        "captured_at_utc": "2026-06-16T22:23:09.101122+00:00"
      },
      "geometry": {
        "type": "Point",
        "coordinates": [
          -114.00617374312897,
          46.67548006668075
        ]
      }
    },
    {
      "type": "Feature",
      "properties": {
        "file": "leg07_m120_b203_2026-06-16T16-23-10.jpg",
        "leg": "leg07",
        "mark_index": 120,
        "along_track_m": 120.0,
        "achieved_heading": 203.46216004449252,
        "target_bearing": 203.47341671222767,
        "fix_type": 6,
        "hacc_m": 0.014,
        "corrupt": false,
        "position_interpolated": true,
        "captured_at_utc": "2026-06-16T22:23:10.223089+00:00"
      },
      "geometry": {
        "type": "Point",
        "coordinates": [
          -114.00617869999999,
          46.675472299999996
        ]
      }
    },
    {
      "type": "Feature",
      "properties": {
        "file": "leg07_m121_b203_2026-06-16T16-23-11.jpg",
        "leg": "leg07",
        "mark_index": 121,
        "along_track_m": 121.0,
        "achieved_heading": 203.31272872316526,
        "target_bearing": 203.47341671222767,
        "fix_type": 6,
        "hacc_m": 0.014,
        "corrupt": false,
        "position_interpolated": true,
        "captured_at_utc": "2026-06-16T22:23:11.277452+00:00"
      },
      "geometry": {
        "type": "Point",
        "coordinates": [
          -114.00618399999999,
          46.675464299999994
        ]
      }
    },
    {
      "type": "Feature",
      "properties": {
        "file": "leg07_m122_b203_2026-06-16T16-23-12.jpg",
        "leg": "leg07",
        "mark_index": 122,
        "along_track_m": 122.0,
        "achieved_heading": 201.80796120327338,
        "target_bearing": 203.47341671222767,
        "fix_type": 6,
        "hacc_m": 0.014,
        "corrupt": false,
        "position_interpolated": true,
        "captured_at_utc": "2026-06-16T22:23:12.247881+00:00"
      },
      "geometry": {
        "type": "Point",
        "coordinates": [
          -114.00618941887475,
          46.67545553520875
        ]
      }
    },
    {
      "type": "Feature",
      "properties": {
        "file": "leg07_m123_b203_2026-06-16T16-23-13.jpg",
        "leg": "leg07",
        "mark_index": 123,
        "along_track_m": 123.0,
        "achieved_heading": 201.93447508147142,
        "target_bearing": 203.47341671222767,
        "fix_type": 6,
        "hacc_m": 0.014,
        "corrupt": false,
        "position_interpolated": true,
        "captured_at_utc": "2026-06-16T22:23:13.297562+00:00"
      },
      "geometry": {
        "type": "Point",
        "coordinates": [
          -114.00619481293771,
          46.67544697209059
        ]
      }
    },
    {
      "type": "Feature",
      "properties": {
        "file": "leg07_m124_b203_2026-06-16T16-23-14.jpg",
        "leg": "leg07",
        "mark_index": 124,
        "along_track_m": 124.0,
        "achieved_heading": 200.5661573023013,
        "target_bearing": 203.47341671222767,
        "fix_type": 6,
        "hacc_m": 0.014,
        "corrupt": false,
        "position_interpolated": true,
        "captured_at_utc": "2026-06-16T22:23:14.352852+00:00"
      },
      "geometry": {
        "type": "Point",
        "coordinates": [
          -114.0061997,
          46.6754384
        ]
      }
    },
    {
      "type": "Feature",
      "properties": {
        "file": "leg07_m125_b203_2026-06-16T16-23-15.jpg",
        "leg": "leg07",
        "mark_index": 125,
        "along_track_m": 125.0,
        "achieved_heading": 202.6441422095533,
        "target_bearing": 203.47341671222767,
        "fix_type": 6,
        "hacc_m": 0.014,
        "corrupt": false,
        "position_interpolated": true,
        "captured_at_utc": "2026-06-16T22:23:15.268714+00:00"
      },
      "geometry": {
        "type": "Point",
        "coordinates": [
          -114.00620433688316,
          46.675430817298626
        ]
      }
    },
    {
      "type": "Feature",
      "properties": {
        "file": "leg07_m126_b203_2026-06-16T16-23-16.jpg",
        "leg": "leg07",
        "mark_index": 126,
        "along_track_m": 126.0,
        "achieved_heading": 202.0980543030773,
        "target_bearing": 203.47341671222767,
        "fix_type": 6,
        "hacc_m": 0.014,
        "corrupt": false,
        "position_interpolated": true,
        "captured_at_utc": "2026-06-16T22:23:16.311490+00:00"
      },
      "geometry": {
        "type": "Point",
        "coordinates": [
          -114.00620960376335,
          46.67542221653246
        ]
      }
    },
    {
      "type": "Feature",
      "properties": {
        "file": "leg07_m127_b203_2026-06-16T16-23-17.jpg",
        "leg": "leg07",
        "mark_index": 127,
        "along_track_m": 127.0,
        "achieved_heading": 203.022452564285,
        "target_bearing": 203.47341671222767,
        "fix_type": 6,
        "hacc_m": 0.014,
        "corrupt": false,
        "position_interpolated": true,
        "captured_at_utc": "2026-06-16T22:23:17.282640+00:00"
      },
      "geometry": {
        "type": "Point",
        "coordinates": [
          -114.00621440439929,
          46.67541459120141
        ]
      }
    },
    {
      "type": "Feature",
      "properties": {
        "file": "leg07_m128_b203_2026-06-16T16-23-18.jpg",
        "leg": "leg07",
        "mark_index": 128,
        "along_track_m": 128.0,
        "achieved_heading": 202.92072695125066,
        "target_bearing": 203.47341671222767,
        "fix_type": 6,
        "hacc_m": 0.014,
        "corrupt": false,
        "position_interpolated": true,
        "captured_at_utc": "2026-06-16T22:23:18.407650+00:00"
      },
      "geometry": {
        "type": "Point",
        "coordinates": [
          -114.00622,
          46.675405999999995
        ]
      }
    },
    {
      "type": "Feature",
      "properties": {
        "file": "leg07_m129_b203_2026-06-16T16-23-19.jpg",
        "leg": "leg07",
        "mark_index": 129,
        "along_track_m": 129.0,
        "achieved_heading": 202.48735096383507,
        "target_bearing": 203.47341671222767,
        "fix_type": 6,
        "hacc_m": 0.014,
        "corrupt": false,
        "position_interpolated": true,
        "captured_at_utc": "2026-06-16T22:23:19.468517+00:00"
      },
      "geometry": {
        "type": "Point",
        "coordinates": [
          -114.0062251,
          46.6753978
        ]
      }
    },
    {
      "type": "Feature",
      "properties": {
        "file": "leg07_m130_b203_2026-06-16T16-23-20.jpg",
        "leg": "leg07",
        "mark_index": 130,
        "along_track_m": 130.0,
        "achieved_heading": 202.7386832012724,
        "target_bearing": 203.47341671222767,
        "fix_type": 6,
        "hacc_m": 0.014,
        "corrupt": false,
        "position_interpolated": true,
        "captured_at_utc": "2026-06-16T22:23:20.303542+00:00"
      },
      "geometry": {
        "type": "Point",
        "coordinates": [
          -114.00622986624931,
          46.675389827376144
        ]
      }
    },
    {
      "type": "Feature",
      "properties": {
        "file": "leg07_m131_b203_2026-06-16T16-23-21.jpg",
        "leg": "leg07",
        "mark_index": 131,
        "along_track_m": 131.0,
        "achieved_heading": 203.78337315444068,
        "target_bearing": 203.47341671222767,
        "fix_type": 6,
        "hacc_m": 0.014,
        "corrupt": false,
        "position_interpolated": true,
        "captured_at_utc": "2026-06-16T22:23:21.356217+00:00"
      },
      "geometry": {
        "type": "Point",
        "coordinates": [
          -114.0062348,
          46.6753812
        ]
      }
    },
    {
      "type": "Feature",
      "properties": {
        "file": "leg07_m132_b203_2026-06-16T16-23-22.jpg",
        "leg": "leg07",
        "mark_index": 132,
        "along_track_m": 132.0,
        "achieved_heading": 207.27838400145092,
        "target_bearing": 203.47341671222767,
        "fix_type": 6,
        "hacc_m": 0.014,
        "corrupt": false,
        "position_interpolated": true,
        "captured_at_utc": "2026-06-16T22:23:22.481620+00:00"
      },
      "geometry": {
        "type": "Point",
        "coordinates": [
          -114.00624111176818,
          46.67537248823182
        ]
      }
    },
    {
      "type": "Feature",
      "properties": {
        "file": "leg07_m133_b203_2026-06-16T16-23-22.jpg",
        "leg": "leg07",
        "mark_index": 133,
        "along_track_m": 132.533,
        "achieved_heading": 207.88841664067837,
        "target_bearing": 203.47341671222767,
        "fix_type": 6,
        "hacc_m": 0.014,
        "corrupt": false,
        "position_interpolated": true,
        "captured_at_utc": "2026-06-16T22:23:22.954017+00:00"
      },
      "geometry": {
        "type": "Point",
        "coordinates": [
          -114.0062438,
          46.6753691
        ]
      }
    }
  ]
}