{
  "type": "FeatureCollection",
  "name": "captures",
  "crs": {
    "type": "name",
    "properties": {
      "name": "urn:ogc:def:crs:OGC:1.3:CRS84"
    }
  },
  "features": [
    {
      "type": "Feature",
      "properties": {
        "file": "leg01_m000_b346_2026-06-17T14-44-01.jpg",
        "leg": "leg01",
        "mark_index": 0,
        "along_track_m": 0.0,
        "achieved_heading": 343.8812952223906,
        "target_bearing": 346.9099224645077,
        "fix_type": 6,
        "hacc_m": 0.014,
        "corrupt": false,
        "position_interpolated": true,
        "captured_at_utc": "2026-06-17T20:44:01.946204+00:00"
      },
      "geometry": {
        "type": "Point",
        "coordinates": [
          -114.01579989999999,
          46.6971249
        ]
      }
    },
    {
      "type": "Feature",
      "properties": {
        "file": "leg01_m001_b346_2026-06-17T14-44-03.jpg",
        "leg": "leg01",
        "mark_index": 1,
        "along_track_m": 1.0,
        "achieved_heading": 342.1586976113297,
        "target_bearing": 346.9099224645077,
        "fix_type": 6,
        "hacc_m": 0.014,
        "corrupt": false,
        "position_interpolated": true,
        "captured_at_utc": "2026-06-17T20:44:03.557462+00:00"
      },
      "geometry": {
        "type": "Point",
        "coordinates": [
          -114.0158058,
          46.697133699999995
        ]
      }
    },
    {
      "type": "Feature",
      "properties": {
        "file": "leg01_m002_b346_2026-06-17T14-44-04.jpg",
        "leg": "leg01",
        "mark_index": 2,
        "along_track_m": 2.0,
        "achieved_heading": 351.9008135934981,
        "target_bearing": 346.9099224645077,
        "fix_type": 6,
        "hacc_m": 0.014,
        "corrupt": false,
        "position_interpolated": true,
        "captured_at_utc": "2026-06-17T20:44:04.469453+00:00"
      },
      "geometry": {
        "type": "Point",
        "coordinates": [
          -114.01581086792247,
          46.697141172742434
        ]
      }
    },
    {
      "type": "Feature",
      "properties": {
        "file": "leg01_m003_b346_2026-06-17T14-44-05.jpg",
        "leg": "leg01",
        "mark_index": 3,
        "along_track_m": 3.0,
        "achieved_heading": 4.779701616669286,
        "target_bearing": 346.9099224645077,
        "fix_type": 6,
        "hacc_m": 0.014,
        "corrupt": false,
        "position_interpolated": true,
        "captured_at_utc": "2026-06-17T20:44:05.585621+00:00"
      },
      "geometry": {
        "type": "Point",
        "coordinates": [
          -114.0158134,
          46.6971499
        ]
      }
    },
    {
      "type": "Feature",
      "properties": {
        "file": "leg01_m004_b346_2026-06-17T14-44-06.jpg",
        "leg": "leg01",
        "mark_index": 4,
        "along_track_m": 4.0,
        "achieved_heading": 7.497641509431375,
        "target_bearing": 346.9099224645077,
        "fix_type": 6,
        "hacc_m": 0.014,
        "corrupt": false,
        "position_interpolated": true,
        "captured_at_utc": "2026-06-17T20:44:06.717273+00:00"
      },
      "geometry": {
        "type": "Point",
        "coordinates": [
          -114.01581350795645,
          46.69716025678364
        ]
      }
    },
    {
      "type": "Feature",
      "properties": {
        "file": "leg01_m005_b346_2026-06-17T14-44-07.jpg",
        "leg": "leg01",
        "mark_index": 5,
        "along_track_m": 5.0,
        "achieved_heading": 2.8294105778234737,
        "target_bearing": 346.9099224645077,
        "fix_type": 6,
        "hacc_m": 0.014,
        "corrupt": false,
        "position_interpolated": true,
        "captured_at_utc": "2026-06-17T20:44:07.559987+00:00"
      },
      "geometry": {
        "type": "Point",
        "coordinates": [
          -114.01581445828458,
          46.6971676981676
        ]
      }
    },
    {
      "type": "Feature",
      "properties": {
        "file": "leg01_m006_b346_2026-06-17T14-44-08.jpg",
        "leg": "leg01",
        "mark_index": 6,
        "along_track_m": 6.0,
        "achieved_heading": 0.3552436197359228,
        "target_bearing": 346.9099224645077,
        "fix_type": 6,
        "hacc_m": 0.014,
        "corrupt": false,
        "position_interpolated": true,
        "captured_at_utc": "2026-06-17T20:44:08.733086+00:00"
      },
      "geometry": {
        "type": "Point",
        "coordinates": [
          -114.01581619535334,
          46.69717738141341
        ]
      }
    },
    {
      "type": "Feature",
      "properties": {
        "file": "leg01_m007_b346_2026-06-17T14-44-09.jpg",
        "leg": "leg01",
        "mark_index": 7,
        "along_track_m": 7.0,
        "achieved_heading": 355.5590742680026,
        "target_bearing": 346.9099224645077,
        "fix_type": 6,
        "hacc_m": 0.014,
        "corrupt": false,
        "position_interpolated": true,
        "captured_at_utc": "2026-06-17T20:44:09.843169+00:00"
      },
      "geometry": {
        "type": "Point",
        "coordinates": [
          -114.01581838247135,
          46.69718637422024
        ]
      }
    },
    {
      "type": "Feature",
      "properties": {
        "file": "leg01_m008_b346_2026-06-17T14-44-10.jpg",
        "leg": "leg01",
        "mark_index": 8,
        "along_track_m": 8.0,
        "achieved_heading": 355.37658721025343,
        "target_bearing": 346.9099224645077,
        "fix_type": 6,
        "hacc_m": 0.014,
        "corrupt": false,
        "position_interpolated": true,
        "captured_at_utc": "2026-06-17T20:44:10.898211+00:00"
      },
      "geometry": {
        "type": "Point",
        "coordinates": [
          -114.01582126789445,
          46.69719516030003
        ]
      }
    },
    {
      "type": "Feature",
      "properties": {
        "file": "leg01_m009_b346_2026-06-17T14-44-12.jpg",
        "leg": "leg01",
        "mark_index": 9,
        "along_track_m": 9.0,
        "achieved_heading": 355.9733183724652,
        "target_bearing": 346.9099224645077,
        "fix_type": 6,
        "hacc_m": 0.014,
        "corrupt": false,
        "position_interpolated": true,
        "captured_at_utc": "2026-06-17T20:44:12.007681+00:00"
      },
      "geometry": {
        "type": "Point",
        "coordinates": [
          -114.0158237,
          46.697203599999995
        ]
      }
    },
    {
      "type": "Feature",
      "properties": {
        "file": "leg01_m010_b346_2026-06-17T14-44-13.jpg",
        "leg": "leg01",
        "mark_index": 10,
        "along_track_m": 10.0,
        "achieved_heading": 353.74243435617893,
        "target_bearing": 346.9099224645077,
        "fix_type": 6,
        "hacc_m": 0.014,
        "corrupt": false,
        "position_interpolated": true,
        "captured_at_utc": "2026-06-17T20:44:13.071362+00:00"
      },
      "geometry": {
        "type": "Point",
        "coordinates": [
          -114.0158272525996,
          46.697213274679285
        ]
      }
    },
    {
      "type": "Feature",
      "properties": {
        "file": "leg01_m011_b346_2026-06-17T14-44-14.jpg",
        "leg": "leg01",
        "mark_index": 11,
        "along_track_m": 11.0,
        "achieved_heading": 356.2223402665027,
        "target_bearing": 346.9099224645077,
        "fix_type": 6,
        "hacc_m": 0.014,
        "corrupt": false,
        "position_interpolated": true,
        "captured_at_utc": "2026-06-17T20:44:14.127503+00:00"
      },
      "geometry": {
        "type": "Point",
        "coordinates": [
          -114.01583034425836,
          46.697222042065384
        ]
      }
    },
    {
      "type": "Feature",
      "properties": {
        "file": "leg01_m012_b346_2026-06-17T14-44-15.jpg",
        "leg": "leg01",
        "mark_index": 12,
        "along_track_m": 12.0,
        "achieved_heading": 356.2646622084229,
        "target_bearing": 346.9099224645077,
        "fix_type": 6,
        "hacc_m": 0.014,
        "corrupt": false,
        "position_interpolated": true,
        "captured_at_utc": "2026-06-17T20:44:15.100191+00:00"
      },
      "geometry": {
        "type": "Point",
        "coordinates": [
          -114.01583253812534,
          46.69722979062673
        ]
      }
    },
    {
      "type": "Feature",
      "properties": {
        "file": "leg01_m013_b346_2026-06-17T14-44-16.jpg",
        "leg": "leg01",
        "mark_index": 13,
        "along_track_m": 13.0,
        "achieved_heading": 355.1645739257841,
        "target_bearing": 346.9099224645077,
        "fix_type": 6,
        "hacc_m": 0.014,
        "corrupt": false,
        "position_interpolated": true,
        "captured_at_utc": "2026-06-17T20:44:16.143379+00:00"
      },
      "geometry": {
        "type": "Point",
        "coordinates": [
          -114.01583549422665,
          46.69723867257663
        ]
      }
    },
    {
      "type": "Feature",
      "properties": {
        "file": "leg01_m014_b346_2026-06-17T14-44-17.jpg",
        "leg": "leg01",
        "mark_index": 14,
        "along_track_m": 14.0,
        "achieved_heading": 355.1635919605294,
        "target_bearing": 346.9099224645077,
        "fix_type": 6,
        "hacc_m": 0.014,
        "corrupt": false,
        "position_interpolated": true,
        "captured_at_utc": "2026-06-17T20:44:17.269244+00:00"
      },
      "geometry": {
        "type": "Point",
        "coordinates": [
          -114.01583846567208,
          46.6972480962703
        ]
      }
    },
    {
      "type": "Feature",
      "properties": {
        "file": "leg01_m015_b346_2026-06-17T14-44-18.jpg",
        "leg": "leg01",
        "mark_index": 15,
        "along_track_m": 15.0,
        "achieved_heading": 353.9020313650374,
        "target_bearing": 346.9099224645077,
        "fix_type": 6,
        "hacc_m": 0.014,
        "corrupt": false,
        "position_interpolated": true,
        "captured_at_utc": "2026-06-17T20:44:18.324544+00:00"
      },
      "geometry": {
        "type": "Point",
        "coordinates": [
          -114.01584128667376,
          46.69725704003196
        ]
      }
    },
    {
      "type": "Feature",
      "properties": {
        "file": "leg01_m016_b346_2026-06-17T14-44-19.jpg",
        "leg": "leg01",
        "mark_index": 16,
        "along_track_m": 16.0,
        "achieved_heading": 353.1911281404696,
        "target_bearing": 346.9099224645077,
        "fix_type": 6,
        "hacc_m": 0.014,
        "corrupt": false,
        "position_interpolated": true,
        "captured_at_utc": "2026-06-17T20:44:19.361650+00:00"
      },
      "geometry": {
        "type": "Point",
        "coordinates": [
          -114.0158443,
          46.6972652
        ]
      }
    },
    {
      "type": "Feature",
      "properties": {
        "file": "leg01_m017_b346_2026-06-17T14-44-20.jpg",
        "leg": "leg01",
        "mark_index": 17,
        "along_track_m": 17.0,
        "achieved_heading": 354.04220817629266,
        "target_bearing": 346.9099224645077,
        "fix_type": 6,
        "hacc_m": 0.014,
        "corrupt": false,
        "position_interpolated": true,
        "captured_at_utc": "2026-06-17T20:44:20.351111+00:00"
      },
      "geometry": {
        "type": "Point",
        "coordinates": [
          -114.01584729999999,
          46.6972737
        ]
      }
    },
    {
      "type": "Feature",
      "properties": {
        "file": "leg01_m018_b346_2026-06-17T14-44-21.jpg",
        "leg": "leg01",
        "mark_index": 18,
        "along_track_m": 18.0,
        "achieved_heading": 354.20354985382784,
        "target_bearing": 346.9099224645077,
        "fix_type": 6,
        "hacc_m": 0.014,
        "corrupt": false,
        "position_interpolated": true,
        "captured_at_utc": "2026-06-17T20:44:21.531312+00:00"
      },
      "geometry": {
        "type": "Point",
        "coordinates": [
          -114.01585059319247,
          46.69728377821593
        ]
      }
    },
    {
      "type": "Feature",
      "properties": {
        "file": "leg01_m019_b346_2026-06-17T14-44-22.jpg",
        "leg": "leg01",
        "mark_index": 19,
        "along_track_m": 19.0,
        "achieved_heading": 352.7567772556547,
        "target_bearing": 346.9099224645077,
        "fix_type": 6,
        "hacc_m": 0.014,
        "corrupt": false,
        "position_interpolated": true,
        "captured_at_utc": "2026-06-17T20:44:22.512174+00:00"
      },
      "geometry": {
        "type": "Point",
        "coordinates": [
          -114.01585299933232,
          46.69729185552136
        ]
      }
    },
    {
      "type": "Feature",
      "properties": {
        "file": "leg01_m020_b346_2026-06-17T14-44-23.jpg",
        "leg": "leg01",
        "mark_index": 20,
        "along_track_m": 20.0,
        "achieved_heading": 351.74274251130515,
        "target_bearing": 346.9099224645077,
        "fix_type": 6,
        "hacc_m": 0.014,
        "corrupt": false,
        "position_interpolated": true,
        "captured_at_utc": "2026-06-17T20:44:23.561961+00:00"
      },
      "geometry": {
        "type": "Point",
        "coordinates": [
          -114.0158563,
          46.697300399999996
        ]
      }
    },
    {
      "type": "Feature",
      "properties": {
        "file": "leg01_m021_b346_2026-06-17T14-44-24.jpg",
        "leg": "leg01",
        "mark_index": 21,
        "along_track_m": 21.0,
        "achieved_heading": 353.2150591200397,
        "target_bearing": 346.9099224645077,
        "fix_type": 6,
        "hacc_m": 0.014,
        "corrupt": false,
        "position_interpolated": true,
        "captured_at_utc": "2026-06-17T20:44:24.607671+00:00"
      },
      "geometry": {
        "type": "Point",
        "coordinates": [
          -114.0158593705253,
          46.69730891157592
        ]
      }
    },
    {
      "type": "Feature",
      "properties": {
        "file": "leg01_m022_b346_2026-06-17T14-44-25.jpg",
        "leg": "leg01",
        "mark_index": 22,
        "along_track_m": 22.0,
        "achieved_heading": 354.12734658773655,
        "target_bearing": 346.9099224645077,
        "fix_type": 6,
        "hacc_m": 0.014,
        "corrupt": false,
        "position_interpolated": true,
        "captured_at_utc": "2026-06-17T20:44:25.660969+00:00"
      },
      "geometry": {
        "type": "Point",
        "coordinates": [
          -114.01586231963864,
          46.69731816918694
        ]
      }
    },
    {
      "type": "Feature",
      "properties": {
        "file": "leg01_m023_b346_2026-06-17T14-44-26.jpg",
        "leg": "leg01",
        "mark_index": 23,
        "along_track_m": 23.0,
        "achieved_heading": 352.3050573360746,
        "target_bearing": 346.9099224645077,
        "fix_type": 6,
        "hacc_m": 0.014,
        "corrupt": false,
        "position_interpolated": true,
        "captured_at_utc": "2026-06-17T20:44:26.783783+00:00"
      },
      "geometry": {
        "type": "Point",
        "coordinates": [
          -114.0158652,
          46.6973269
        ]
      }
    },
    {
      "type": "Feature",
      "properties": {
        "file": "leg01_m024_b346_2026-06-17T14-44-27.jpg",
        "leg": "leg01",
        "mark_index": 24,
        "along_track_m": 24.0,
        "achieved_heading": 351.4963590492675,
        "target_bearing": 346.9099224645077,
        "fix_type": 6,
        "hacc_m": 0.014,
        "corrupt": false,
        "position_interpolated": true,
        "captured_at_utc": "2026-06-17T20:44:27.765571+00:00"
      },
      "geometry": {
        "type": "Point",
        "coordinates": [
          -114.01586789999999,
          46.6973354
        ]
      }
    },
    {
      "type": "Feature",
      "properties": {
        "file": "leg01_m025_b346_2026-06-17T14-44-28.jpg",
        "leg": "leg01",
        "mark_index": 25,
        "along_track_m": 25.0,
        "achieved_heading": 351.0263400102479,
        "target_bearing": 346.9099224645077,
        "fix_type": 6,
        "hacc_m": 0.014,
        "corrupt": false,
        "position_interpolated": true,
        "captured_at_utc": "2026-06-17T20:44:28.747047+00:00"
      },
      "geometry": {
        "type": "Point",
        "coordinates": [
          -114.0158713,
          46.6973438
        ]
      }
    },
    {
      "type": "Feature",
      "properties": {
        "file": "leg01_m026_b346_2026-06-17T14-44-29.jpg",
        "leg": "leg01",
        "mark_index": 26,
        "along_track_m": 26.0,
        "achieved_heading": 351.71010455832027,
        "target_bearing": 346.9099224645077,
        "fix_type": 6,
        "hacc_m": 0.014,
        "corrupt": false,
        "position_interpolated": true,
        "captured_at_utc": "2026-06-17T20:44:29.861356+00:00"
      },
      "geometry": {
        "type": "Point",
        "coordinates": [
          -114.01587389850876,
          46.69735342488299
        ]
      }
    },
    {
      "type": "Feature",
      "properties": {
        "file": "leg01_m027_b346_2026-06-17T14-44-31.jpg",
        "leg": "leg01",
        "mark_index": 27,
        "along_track_m": 27.0,
        "achieved_heading": 350.8310711080199,
        "target_bearing": 346.9099224645077,
        "fix_type": 6,
        "hacc_m": 0.014,
        "corrupt": false,
        "position_interpolated": true,
        "captured_at_utc": "2026-06-17T20:44:30.979516+00:00"
      },
      "geometry": {
        "type": "Point",
        "coordinates": [
          -114.0158768,
          46.6973626
        ]
      }
    },
    {
      "type": "Feature",
      "properties": {
        "file": "leg01_m028_b346_2026-06-17T14-44-31.jpg",
        "leg": "leg01",
        "mark_index": 28,
        "along_track_m": 28.0,
        "achieved_heading": 349.48950482011037,
        "target_bearing": 346.9099224645077,
        "fix_type": 6,
        "hacc_m": 0.014,
        "corrupt": false,
        "position_interpolated": true,
        "captured_at_utc": "2026-06-17T20:44:31.898064+00:00"
      },
      "geometry": {
        "type": "Point",
        "coordinates": [
          -114.01587981090096,
          46.69737103270287
        ]
      }
    },
    {
      "type": "Feature",
      "properties": {
        "file": "leg01_m029_b346_2026-06-17T14-44-33.jpg",
        "leg": "leg01",
        "mark_index": 29,
        "along_track_m": 29.0,
        "achieved_heading": 348.6273792614578,
        "target_bearing": 346.9099224645077,
        "fix_type": 6,
        "hacc_m": 0.014,
        "corrupt": false,
        "position_interpolated": true,
        "captured_at_utc": "2026-06-17T20:44:32.952090+00:00"
      },
      "geometry": {
        "type": "Point",
        "coordinates": [
          -114.0158826,
          46.6973795
        ]
      }
    },
    {
      "type": "Feature",
      "properties": {
        "file": "leg01_m030_b346_2026-06-17T14-44-33.jpg",
        "leg": "leg01",
        "mark_index": 30,
        "along_track_m": 30.0,
        "achieved_heading": 349.226503850322,
        "target_bearing": 346.9099224645077,
        "fix_type": 6,
        "hacc_m": 0.014,
        "corrupt": false,
        "position_interpolated": true,
        "captured_at_utc": "2026-06-17T20:44:33.933249+00:00"
      },
      "geometry": {
        "type": "Point",
        "coordinates": [
          -114.01588559999999,
          46.6973877
        ]
      }
    },
    {
      "type": "Feature",
      "properties": {
        "file": "leg01_m031_b346_2026-06-17T14-44-35.jpg",
        "leg": "leg01",
        "mark_index": 31,
        "along_track_m": 31.0,
        "achieved_heading": 349.18269588085104,
        "target_bearing": 346.9099224645077,
        "fix_type": 6,
        "hacc_m": 0.014,
        "corrupt": false,
        "position_interpolated": true,
        "captured_at_utc": "2026-06-17T20:44:35.118201+00:00"
      },
      "geometry": {
        "type": "Point",
        "coordinates": [
          -114.01588924428337,
          46.69739783285011
        ]
      }
    },
    {
      "type": "Feature",
      "properties": {
        "file": "leg01_m032_b346_2026-06-17T14-44-36.jpg",
        "leg": "leg01",
        "mark_index": 32,
        "along_track_m": 32.0,
        "achieved_heading": 350.0351347176763,
        "target_bearing": 346.9099224645077,
        "fix_type": 6,
        "hacc_m": 0.014,
        "corrupt": false,
        "position_interpolated": true,
        "captured_at_utc": "2026-06-17T20:44:36.025887+00:00"
      },
      "geometry": {
        "type": "Point",
        "coordinates": [
          -114.01589221597409,
          46.69740552222649
        ]
      }
    },
    {
      "type": "Feature",
      "properties": {
        "file": "leg01_m033_b346_2026-06-17T14-44-37.jpg",
        "leg": "leg01",
        "mark_index": 33,
        "along_track_m": 33.0,
        "achieved_heading": 352.0386744730867,
        "target_bearing": 346.9099224645077,
        "fix_type": 6,
        "hacc_m": 0.014,
        "corrupt": false,
        "position_interpolated": true,
        "captured_at_utc": "2026-06-17T20:44:37.157848+00:00"
      },
      "geometry": {
        "type": "Point",
        "coordinates": [
          -114.0158955,
          46.6974149
        ]
      }
    },
    {
      "type": "Feature",
      "properties": {
        "file": "leg01_m034_b346_2026-06-17T14-44-38.jpg",
        "leg": "leg01",
        "mark_index": 34,
        "along_track_m": 34.0,
        "achieved_heading": 352.0391282965526,
        "target_bearing": 346.9099224645077,
        "fix_type": 6,
        "hacc_m": 0.014,
        "corrupt": false,
        "position_interpolated": true,
        "captured_at_utc": "2026-06-17T20:44:38.201204+00:00"
      },
      "geometry": {
        "type": "Point",
        "coordinates": [
          -114.0158977,
          46.6974229
        ]
      }
    },
    {
      "type": "Feature",
      "properties": {
        "file": "leg01_m035_b346_2026-06-17T14-44-39.jpg",
        "leg": "leg01",
        "mark_index": 35,
        "along_track_m": 35.0,
        "achieved_heading": 350.43265221299436,
        "target_bearing": 346.9099224645077,
        "fix_type": 6,
        "hacc_m": 0.014,
        "corrupt": false,
        "position_interpolated": true,
        "captured_at_utc": "2026-06-17T20:44:39.252912+00:00"
      },
      "geometry": {
        "type": "Point",
        "coordinates": [
          -114.01590077540943,
          46.69743230109183
        ]
      }
    },
    {
      "type": "Feature",
      "properties": {
        "file": "leg01_m036_b346_2026-06-17T14-44-40.jpg",
        "leg": "leg01",
        "mark_index": 36,
        "along_track_m": 36.0,
        "achieved_heading": 350.8044545641694,
        "target_bearing": 346.9099224645077,
        "fix_type": 6,
        "hacc_m": 0.014,
        "corrupt": false,
        "position_interpolated": true,
        "captured_at_utc": "2026-06-17T20:44:40.302336+00:00"
      },
      "geometry": {
        "type": "Point",
        "coordinates": [
          -114.01590358112229,
          46.697441047384864
        ]
      }
    },
    {
      "type": "Feature",
      "properties": {
        "file": "leg01_m037_b346_2026-06-17T14-44-41.jpg",
        "leg": "leg01",
        "mark_index": 37,
        "along_track_m": 37.0,
        "achieved_heading": 351.11157780488026,
        "target_bearing": 346.9099224645077,
        "fix_type": 6,
        "hacc_m": 0.014,
        "corrupt": false,
        "position_interpolated": true,
        "captured_at_utc": "2026-06-17T20:44:41.413977+00:00"
      },
      "geometry": {
        "type": "Point",
        "coordinates": [
          -114.0159065,
          46.6974492
        ]
      }
    },
    {
      "type": "Feature",
      "properties": {
        "file": "leg01_m038_b346_2026-06-17T14-44-42.jpg",
        "leg": "leg01",
        "mark_index": 38,
        "along_track_m": 38.0,
        "achieved_heading": 350.50252760148044,
        "target_bearing": 346.9099224645077,
        "fix_type": 6,
        "hacc_m": 0.014,
        "corrupt": false,
        "position_interpolated": true,
        "captured_at_utc": "2026-06-17T20:44:42.327667+00:00"
      },
      "geometry": {
        "type": "Point",
        "coordinates": [
          -114.0159094,
          46.6974577
        ]
      }
    },
    {
      "type": "Feature",
      "properties": {
        "file": "leg01_m039_b346_2026-06-17T14-44-43.jpg",
        "leg": "leg01",
        "mark_index": 39,
        "along_track_m": 39.0,
        "achieved_heading": 351.64810373332597,
        "target_bearing": 346.9099224645077,
        "fix_type": 6,
        "hacc_m": 0.014,
        "corrupt": false,
        "position_interpolated": true,
        "captured_at_utc": "2026-06-17T20:44:43.519209+00:00"
      },
      "geometry": {
        "type": "Point",
        "coordinates": [
          -114.01591248359153,
          46.69746731795768
        ]
      }
    },
    {
      "type": "Feature",
      "properties": {
        "file": "leg01_m040_b346_2026-06-17T14-44-44.jpg",
        "leg": "leg01",
        "mark_index": 40,
        "along_track_m": 40.0,
        "achieved_heading": 351.56096468967183,
        "target_bearing": 346.9099224645077,
        "fix_type": 6,
        "hacc_m": 0.014,
        "corrupt": false,
        "position_interpolated": true,
        "captured_at_utc": "2026-06-17T20:44:44.572497+00:00"
      },
      "geometry": {
        "type": "Point",
        "coordinates": [
          -114.01591549999999,
          46.697476099999996
        ]
      }
    },
    {
      "type": "Feature",
      "properties": {
        "file": "leg01_m041_b346_2026-06-17T14-44-45.jpg",
        "leg": "leg01",
        "mark_index": 41,
        "along_track_m": 41.0,
        "achieved_heading": 350.5369946219855,
        "target_bearing": 346.9099224645077,
        "fix_type": 6,
        "hacc_m": 0.014,
        "corrupt": false,
        "position_interpolated": true,
        "captured_at_utc": "2026-06-17T20:44:45.627344+00:00"
      },
      "geometry": {
        "type": "Point",
        "coordinates": [
          -114.01591859999999,
          46.6974841
        ]
      }
    },
    {
      "type": "Feature",
      "properties": {
        "file": "leg01_m042_b346_2026-06-17T14-44-46.jpg",
        "leg": "leg01",
        "mark_index": 42,
        "along_track_m": 42.0,
        "achieved_heading": 352.0574651152481,
        "target_bearing": 346.9099224645077,
        "fix_type": 6,
        "hacc_m": 0.014,
        "corrupt": false,
        "position_interpolated": true,
        "captured_at_utc": "2026-06-17T20:44:46.671355+00:00"
      },
      "geometry": {
        "type": "Point",
        "coordinates": [
          -114.01592138365487,
          46.697493605533225
        ]
      }
    },
    {
      "type": "Feature",
      "properties": {
        "file": "leg01_m043_b346_2026-06-17T14-44-47.jpg",
        "leg": "leg01",
        "mark_index": 43,
        "along_track_m": 43.0,
        "achieved_heading": 350.7789734192979,
        "target_bearing": 346.9099224645077,
        "fix_type": 6,
        "hacc_m": 0.014,
        "corrupt": false,
        "position_interpolated": true,
        "captured_at_utc": "2026-06-17T20:44:47.659733+00:00"
      },
      "geometry": {
        "type": "Point",
        "coordinates": [
          -114.01592370138121,
          46.69750180345304
        ]
      }
    },
    {
      "type": "Feature",
      "properties": {
        "file": "leg01_m044_b346_2026-06-17T14-44-48.jpg",
        "leg": "leg01",
        "mark_index": 44,
        "along_track_m": 44.0,
        "achieved_heading": 349.33405046351635,
        "target_bearing": 346.9099224645077,
        "fix_type": 6,
        "hacc_m": 0.014,
        "corrupt": false,
        "position_interpolated": true,
        "captured_at_utc": "2026-06-17T20:44:48.771049+00:00"
      },
      "geometry": {
        "type": "Point",
        "coordinates": [
          -114.01592699999999,
          46.697510799999996
        ]
      }
    },
    {
      "type": "Feature",
      "properties": {
        "file": "leg01_m045_b346_2026-06-17T14-44-49.jpg",
        "leg": "leg01",
        "mark_index": 45,
        "along_track_m": 45.0,
        "achieved_heading": 348.99390109591445,
        "target_bearing": 346.9099224645077,
        "fix_type": 6,
        "hacc_m": 0.014,
        "corrupt": false,
        "position_interpolated": true,
        "captured_at_utc": "2026-06-17T20:44:49.755243+00:00"
      },
      "geometry": {
        "type": "Point",
        "coordinates": [
          -114.01592989999999,
          46.697519199999995
        ]
      }
    },
    {
      "type": "Feature",
      "properties": {
        "file": "leg01_m046_b346_2026-06-17T14-44-50.jpg",
        "leg": "leg01",
        "mark_index": 46,
        "along_track_m": 46.0,
        "achieved_heading": 348.37977937401274,
        "target_bearing": 346.9099224645077,
        "fix_type": 6,
        "hacc_m": 0.014,
        "corrupt": false,
        "position_interpolated": true,
        "captured_at_utc": "2026-06-17T20:44:50.808562+00:00"
      },
      "geometry": {
        "type": "Point",
        "coordinates": [
          -114.01593339403682,
          46.697528130078894
        ]
      }
    },
    {
      "type": "Feature",
      "properties": {
        "file": "leg01_m047_b346_2026-06-17T14-44-51.jpg",
        "leg": "leg01",
        "mark_index": 47,
        "along_track_m": 47.0,
        "achieved_heading": 350.0575867010596,
        "target_bearing": 346.9099224645077,
        "fix_type": 6,
        "hacc_m": 0.014,
        "corrupt": false,
        "position_interpolated": true,
        "captured_at_utc": "2026-06-17T20:44:51.915091+00:00"
      },
      "geometry": {
        "type": "Point",
        "coordinates": [
          -114.01593676187652,
          46.69753761422217
        ]
      }
    },
    {
      "type": "Feature",
      "properties": {
        "file": "leg01_m048_b346_2026-06-17T14-44-53.jpg",
        "leg": "leg01",
        "mark_index": 48,
        "along_track_m": 48.0,
        "achieved_heading": 350.6029316309978,
        "target_bearing": 346.9099224645077,
        "fix_type": 6,
        "hacc_m": 0.014,
        "corrupt": false,
        "position_interpolated": true,
        "captured_at_utc": "2026-06-17T20:44:52.964430+00:00"
      },
      "geometry": {
        "type": "Point",
        "coordinates": [
          -114.01593969999999,
          46.6975463
        ]
      }
    },
    {
      "type": "Feature",
      "properties": {
        "file": "leg01_m049_b346_2026-06-17T14-44-53.jpg",
        "leg": "leg01",
        "mark_index": 49,
        "along_track_m": 49.0,
        "achieved_heading": 352.6762858344341,
        "target_bearing": 346.9099224645077,
        "fix_type": 6,
        "hacc_m": 0.014,
        "corrupt": false,
        "position_interpolated": true,
        "captured_at_utc": "2026-06-17T20:44:53.882760+00:00"
      },
      "geometry": {
        "type": "Point",
        "coordinates": [
          -114.01594235872729,
          46.697554069818246
        ]
      }
    },
    {
      "type": "Feature",
      "properties": {
        "file": "leg01_m050_b346_2026-06-17T14-44-54.jpg",
        "leg": "leg01",
        "mark_index": 50,
        "along_track_m": 50.0,
        "achieved_heading": 353.4483340307522,
        "target_bearing": 346.9099224645077,
        "fix_type": 6,
        "hacc_m": 0.014,
        "corrupt": false,
        "position_interpolated": true,
        "captured_at_utc": "2026-06-17T20:44:54.928473+00:00"
      },
      "geometry": {
        "type": "Point",
        "coordinates": [
          -114.01594449999999,
          46.697562999999995
        ]
      }
    },
    {
      "type": "Feature",
      "properties": {
        "file": "leg01_m051_b346_2026-06-17T14-44-55.jpg",
        "leg": "leg01",
        "mark_index": 51,
        "along_track_m": 50.599,
        "achieved_heading": 354.5039808888321,
        "target_bearing": 346.9099224645077,
        "fix_type": 6,
        "hacc_m": 0.014,
        "corrupt": false,
        "position_interpolated": true,
        "captured_at_utc": "2026-06-17T20:44:55.558433+00:00"
      },
      "geometry": {
        "type": "Point",
        "coordinates": [
          -114.01594569999999,
          46.6975681
        ]
      }
    },
    {
      "type": "Feature",
      "properties": {
        "file": "leg02_m000_b076_2026-06-17T14-44-59.jpg",
        "leg": "leg02",
        "mark_index": 0,
        "along_track_m": 0.0,
        "achieved_heading": 79.5140154312899,
        "target_bearing": 76.82957323268175,
        "fix_type": 6,
        "hacc_m": 0.014,
        "corrupt": false,
        "position_interpolated": true,
        "captured_at_utc": "2026-06-17T20:44:59.061609+00:00"
      },
      "geometry": {
        "type": "Point",
        "coordinates": [
          -114.01594576813173,
          46.6975714
        ]
      }
    },
    {
      "type": "Feature",
      "properties": {
        "file": "leg02_m001_b076_2026-06-17T14-45-00.jpg",
        "leg": "leg02",
        "mark_index": 1,
        "along_track_m": 1.0,
        "achieved_heading": 81.8784976602358,
        "target_bearing": 76.82957323268175,
        "fix_type": 6,
        "hacc_m": 0.014,
        "corrupt": false,
        "position_interpolated": true,
        "captured_at_utc": "2026-06-17T20:45:00.737993+00:00"
      },
      "geometry": {
        "type": "Point",
        "coordinates": [
          -114.0159328,
          46.697573
        ]
      }
    },
    {
      "type": "Feature",
      "properties": {
        "file": "leg02_m002_b076_2026-06-17T14-45-01.jpg",
        "leg": "leg02",
        "mark_index": 2,
        "along_track_m": 2.0,
        "achieved_heading": 82.8223883319343,
        "target_bearing": 76.82957323268175,
        "fix_type": 6,
        "hacc_m": 0.014,
        "corrupt": false,
        "position_interpolated": true,
        "captured_at_utc": "2026-06-17T20:45:01.863217+00:00"
      },
      "geometry": {
        "type": "Point",
        "coordinates": [
          -114.01591970093043,
          46.69757497809905
        ]
      }
    },
    {
      "type": "Feature",
      "properties": {
        "file": "leg02_m003_b076_2026-06-17T14-45-03.jpg",
        "leg": "leg02",
        "mark_index": 3,
        "along_track_m": 3.0,
        "achieved_heading": 84.53352678709251,
        "target_bearing": 76.82957323268175,
        "fix_type": 6,
        "hacc_m": 0.014,
        "corrupt": false,
        "position_interpolated": true,
        "captured_at_utc": "2026-06-17T20:45:02.982346+00:00"
      },
      "geometry": {
        "type": "Point",
        "coordinates": [
          -114.0159066,
          46.6975767
        ]
      }
    },
    {
      "type": "Feature",
      "properties": {
        "file": "leg02_m004_b076_2026-06-17T14-45-04.jpg",
        "leg": "leg02",
        "mark_index": 4,
        "along_track_m": 4.0,
        "achieved_heading": 86.2814327970703,
        "target_bearing": 76.82957323268175,
        "fix_type": 6,
        "hacc_m": 0.014,
        "corrupt": false,
        "position_interpolated": true,
        "captured_at_utc": "2026-06-17T20:45:04.097535+00:00"
      },
      "geometry": {
        "type": "Point",
        "coordinates": [
          -114.01589315262876,
          46.697578262280935
        ]
      }
    },
    {
      "type": "Feature",
      "properties": {
        "file": "leg02_m005_b076_2026-06-17T14-45-04.jpg",
        "leg": "leg02",
        "mark_index": 5,
        "along_track_m": 4.944,
        "achieved_heading": 86.20036018808179,
        "target_bearing": 76.82957323268175,
        "fix_type": 6,
        "hacc_m": 0.014,
        "corrupt": false,
        "position_interpolated": true,
        "captured_at_utc": "2026-06-17T20:45:04.877545+00:00"
      },
      "geometry": {
        "type": "Point",
        "coordinates": [
          -114.01588333440492,
          46.69757920937072
        ]
      }
    },
    {
      "type": "Feature",
      "properties": {
        "file": "leg03_m000_b166_2026-06-17T14-45-09.jpg",
        "leg": "leg03",
        "mark_index": 0,
        "along_track_m": 0.0,
        "achieved_heading": 163.00741527343112,
        "target_bearing": 166.90985932736248,
        "fix_type": 6,
        "hacc_m": 0.014,
        "corrupt": false,
        "position_interpolated": true,
        "captured_at_utc": "2026-06-17T20:45:08.992120+00:00"
      },
      "geometry": {
        "type": "Point",
        "coordinates": [
          -114.01587959999999,
          46.6975797
        ]
      }
    },
    {
      "type": "Feature",
      "properties": {
        "file": "leg03_m001_b166_2026-06-17T14-45-10.jpg",
        "leg": "leg03",
        "mark_index": 1,
        "along_track_m": 1.0,
        "achieved_heading": 164.1517838776459,
        "target_bearing": 166.90985932736248,
        "fix_type": 6,
        "hacc_m": 0.014,
        "corrupt": false,
        "position_interpolated": true,
        "captured_at_utc": "2026-06-17T20:45:10.608876+00:00"
      },
      "geometry": {
        "type": "Point",
        "coordinates": [
          -114.0158743,
          46.6975712
        ]
      }
    },
    {
      "type": "Feature",
      "properties": {
        "file": "leg03_m002_b166_2026-06-17T14-45-11.jpg",
        "leg": "leg03",
        "mark_index": 2,
        "along_track_m": 2.0,
        "achieved_heading": 175.07081246679255,
        "target_bearing": 166.90985932736248,
        "fix_type": 6,
        "hacc_m": 0.014,
        "corrupt": false,
        "position_interpolated": true,
        "captured_at_utc": "2026-06-17T20:45:11.737147+00:00"
      },
      "geometry": {
        "type": "Point",
        "coordinates": [
          -114.0158707,
          46.6975614
        ]
      }
    },
    {
      "type": "Feature",
      "properties": {
        "file": "leg03_m003_b166_2026-06-17T14-45-12.jpg",
        "leg": "leg03",
        "mark_index": 3,
        "along_track_m": 3.0,
        "achieved_heading": 179.23988256728245,
        "target_bearing": 166.90985932736248,
        "fix_type": 6,
        "hacc_m": 0.014,
        "corrupt": false,
        "position_interpolated": true,
        "captured_at_utc": "2026-06-17T20:45:12.782527+00:00"
      },
      "geometry": {
        "type": "Point",
        "coordinates": [
          -114.0158694,
          46.697553
        ]
      }
    },
    {
      "type": "Feature",
      "properties": {
        "file": "leg03_m004_b166_2026-06-17T14-45-14.jpg",
        "leg": "leg03",
        "mark_index": 4,
        "along_track_m": 4.0,
        "achieved_heading": 175.9846228542467,
        "target_bearing": 166.90985932736248,
        "fix_type": 6,
        "hacc_m": 0.014,
        "corrupt": false,
        "position_interpolated": true,
        "captured_at_utc": "2026-06-17T20:45:13.827527+00:00"
      },
      "geometry": {
        "type": "Point",
        "coordinates": [
          -114.01586864334692,
          46.69754391229927
        ]
      }
    },
    {
      "type": "Feature",
      "properties": {
        "file": "leg03_m005_b166_2026-06-17T14-45-15.jpg",
        "leg": "leg03",
        "mark_index": 5,
        "along_track_m": 5.0,
        "achieved_heading": 170.33714226119673,
        "target_bearing": 166.90985932736248,
        "fix_type": 6,
        "hacc_m": 0.014,
        "corrupt": false,
        "position_interpolated": true,
        "captured_at_utc": "2026-06-17T20:45:15.090482+00:00"
      },
      "geometry": {
        "type": "Point",
        "coordinates": [
          -114.01586681132864,
          46.69753483398593
        ]
      }
    },
    {
      "type": "Feature",
      "properties": {
        "file": "leg03_m006_b166_2026-06-17T14-45-16.jpg",
        "leg": "leg03",
        "mark_index": 6,
        "along_track_m": 6.0,
        "achieved_heading": 168.1235198197088,
        "target_bearing": 166.90985932736248,
        "fix_type": 6,
        "hacc_m": 0.014,
        "corrupt": false,
        "position_interpolated": true,
        "captured_at_utc": "2026-06-17T20:45:16.138503+00:00"
      },
      "geometry": {
        "type": "Point",
        "coordinates": [
          -114.015864,
          46.6975263
        ]
      }
    },
    {
      "type": "Feature",
      "properties": {
        "file": "leg03_m007_b166_2026-06-17T14-45-17.jpg",
        "leg": "leg03",
        "mark_index": 7,
        "along_track_m": 7.0,
        "achieved_heading": 167.7661087471062,
        "target_bearing": 166.90985932736248,
        "fix_type": 6,
        "hacc_m": 0.014,
        "corrupt": false,
        "position_interpolated": true,
        "captured_at_utc": "2026-06-17T20:45:17.270585+00:00"
      },
      "geometry": {
        "type": "Point",
        "coordinates": [
          -114.0158605184715,
          46.69751706425195
        ]
      }
    },
    {
      "type": "Feature",
      "properties": {
        "file": "leg03_m008_b166_2026-06-17T14-45-18.jpg",
        "leg": "leg03",
        "mark_index": 8,
        "along_track_m": 8.0,
        "achieved_heading": 169.75647500402042,
        "target_bearing": 166.90985932736248,
        "fix_type": 6,
        "hacc_m": 0.014,
        "corrupt": false,
        "position_interpolated": true,
        "captured_at_utc": "2026-06-17T20:45:18.248603+00:00"
      },
      "geometry": {
        "type": "Point",
        "coordinates": [
          -114.01585747895425,
          46.6975089774603
        ]
      }
    },
    {
      "type": "Feature",
      "properties": {
        "file": "leg03_m009_b166_2026-06-17T14-45-19.jpg",
        "leg": "leg03",
        "mark_index": 9,
        "along_track_m": 9.0,
        "achieved_heading": 170.66858096429243,
        "target_bearing": 166.90985932736248,
        "fix_type": 6,
        "hacc_m": 0.014,
        "corrupt": false,
        "position_interpolated": true,
        "captured_at_utc": "2026-06-17T20:45:19.426945+00:00"
      },
      "geometry": {
        "type": "Point",
        "coordinates": [
          -114.0158544,
          46.6975005
        ]
      }
    },
    {
      "type": "Feature",
      "properties": {
        "file": "leg03_m010_b166_2026-06-17T14-45-20.jpg",
        "leg": "leg03",
        "mark_index": 10,
        "along_track_m": 10.0,
        "achieved_heading": 171.6927900586489,
        "target_bearing": 166.90985932736248,
        "fix_type": 6,
        "hacc_m": 0.014,
        "corrupt": false,
        "position_interpolated": true,
        "captured_at_utc": "2026-06-17T20:45:20.483641+00:00"
      },
      "geometry": {
        "type": "Point",
        "coordinates": [
          -114.01585178847351,
          46.697491109657285
        ]
      }
    },
    {
      "type": "Feature",
      "properties": {
        "file": "leg03_m011_b166_2026-06-17T14-45-21.jpg",
        "leg": "leg03",
        "mark_index": 11,
        "along_track_m": 11.0,
        "achieved_heading": 170.62787082171081,
        "target_bearing": 166.90985932736248,
        "fix_type": 6,
        "hacc_m": 0.014,
        "corrupt": false,
        "position_interpolated": true,
        "captured_at_utc": "2026-06-17T20:45:21.537019+00:00"
      },
      "geometry": {
        "type": "Point",
        "coordinates": [
          -114.0158493,
          46.697482799999996
        ]
      }
    },
    {
      "type": "Feature",
      "properties": {
        "file": "leg03_m012_b166_2026-06-17T14-45-22.jpg",
        "leg": "leg03",
        "mark_index": 12,
        "along_track_m": 12.0,
        "achieved_heading": 169.60995713195976,
        "target_bearing": 166.90985932736248,
        "fix_type": 6,
        "hacc_m": 0.014,
        "corrupt": false,
        "position_interpolated": true,
        "captured_at_utc": "2026-06-17T20:45:22.728922+00:00"
      },
      "geometry": {
        "type": "Point",
        "coordinates": [
          -114.01584609999999,
          46.6974732
        ]
      }
    },
    {
      "type": "Feature",
      "properties": {
        "file": "leg03_m013_b166_2026-06-17T14-45-23.jpg",
        "leg": "leg03",
        "mark_index": 13,
        "along_track_m": 13.0,
        "achieved_heading": 169.63904433657882,
        "target_bearing": 166.90985932736248,
        "fix_type": 6,
        "hacc_m": 0.014,
        "corrupt": false,
        "position_interpolated": true,
        "captured_at_utc": "2026-06-17T20:45:23.776687+00:00"
      },
      "geometry": {
        "type": "Point",
        "coordinates": [
          -114.01584349999999,
          46.6974649
        ]
      }
    },
    {
      "type": "Feature",
      "properties": {
        "file": "leg03_m014_b166_2026-06-17T14-45-25.jpg",
        "leg": "leg03",
        "mark_index": 14,
        "along_track_m": 14.0,
        "achieved_heading": 168.91528579440424,
        "target_bearing": 166.90985932736248,
        "fix_type": 6,
        "hacc_m": 0.014,
        "corrupt": false,
        "position_interpolated": true,
        "captured_at_utc": "2026-06-17T20:45:24.969384+00:00"
      },
      "geometry": {
        "type": "Point",
        "coordinates": [
          -114.01584,
          46.6974556
        ]
      }
    },
    {
      "type": "Feature",
      "properties": {
        "file": "leg03_m015_b166_2026-06-17T14-45-26.jpg",
        "leg": "leg03",
        "mark_index": 15,
        "along_track_m": 15.0,
        "achieved_heading": 167.78892906618407,
        "target_bearing": 166.90985932736248,
        "fix_type": 6,
        "hacc_m": 0.014,
        "corrupt": false,
        "position_interpolated": true,
        "captured_at_utc": "2026-06-17T20:45:25.943449+00:00"
      },
      "geometry": {
        "type": "Point",
        "coordinates": [
          -114.01583649999999,
          46.697447499999996
        ]
      }
    },
    {
      "type": "Feature",
      "properties": {
        "file": "leg03_m016_b166_2026-06-17T14-45-27.jpg",
        "leg": "leg03",
        "mark_index": 16,
        "along_track_m": 16.0,
        "achieved_heading": 171.43569510575097,
        "target_bearing": 166.90985932736248,
        "fix_type": 6,
        "hacc_m": 0.014,
        "corrupt": false,
        "position_interpolated": true,
        "captured_at_utc": "2026-06-17T20:45:27.138171+00:00"
      },
      "geometry": {
        "type": "Point",
        "coordinates": [
          -114.0158337,
          46.6974382
        ]
      }
    },
    {
      "type": "Feature",
      "properties": {
        "file": "leg03_m017_b166_2026-06-17T14-45-28.jpg",
        "leg": "leg03",
        "mark_index": 17,
        "along_track_m": 17.0,
        "achieved_heading": 170.4404936365965,
        "target_bearing": 166.90985932736248,
        "fix_type": 6,
        "hacc_m": 0.014,
        "corrupt": false,
        "position_interpolated": true,
        "captured_at_utc": "2026-06-17T20:45:28.184570+00:00"
      },
      "geometry": {
        "type": "Point",
        "coordinates": [
          -114.0158316,
          46.69743
        ]
      }
    },
    {
      "type": "Feature",
      "properties": {
        "file": "leg03_m018_b166_2026-06-17T14-45-29.jpg",
        "leg": "leg03",
        "mark_index": 18,
        "along_track_m": 18.0,
        "achieved_heading": 170.19214725601512,
        "target_bearing": 166.90985932736248,
        "fix_type": 6,
        "hacc_m": 0.014,
        "corrupt": false,
        "position_interpolated": true,
        "captured_at_utc": "2026-06-17T20:45:29.308405+00:00"
      },
      "geometry": {
        "type": "Point",
        "coordinates": [
          -114.0158288286654,
          46.69742052182798
        ]
      }
    },
    {
      "type": "Feature",
      "properties": {
        "file": "leg03_m019_b166_2026-06-17T14-45-30.jpg",
        "leg": "leg03",
        "mark_index": 19,
        "along_track_m": 19.0,
        "achieved_heading": 168.02919571713764,
        "target_bearing": 166.90985932736248,
        "fix_type": 6,
        "hacc_m": 0.014,
        "corrupt": false,
        "position_interpolated": true,
        "captured_at_utc": "2026-06-17T20:45:30.422631+00:00"
      },
      "geometry": {
        "type": "Point",
        "coordinates": [
          -114.0158257,
          46.6974125
        ]
      }
    },
    {
      "type": "Feature",
      "properties": {
        "file": "leg03_m020_b166_2026-06-17T14-45-31.jpg",
        "leg": "leg03",
        "mark_index": 20,
        "along_track_m": 20.0,
        "achieved_heading": 169.15877229491667,
        "target_bearing": 166.90985932736248,
        "fix_type": 6,
        "hacc_m": 0.014,
        "corrupt": false,
        "position_interpolated": true,
        "captured_at_utc": "2026-06-17T20:45:31.470919+00:00"
      },
      "geometry": {
        "type": "Point",
        "coordinates": [
          -114.0158225988613,
          46.697403144875864
        ]
      }
    },
    {
      "type": "Feature",
      "properties": {
        "file": "leg03_m021_b166_2026-06-17T14-45-32.jpg",
        "leg": "leg03",
        "mark_index": 21,
        "along_track_m": 21.0,
        "achieved_heading": 167.1101402045458,
        "target_bearing": 166.90985932736248,
        "fix_type": 6,
        "hacc_m": 0.014,
        "corrupt": false,
        "position_interpolated": true,
        "captured_at_utc": "2026-06-17T20:45:32.582088+00:00"
      },
      "geometry": {
        "type": "Point",
        "coordinates": [
          -114.0158197,
          46.6973943
        ]
      }
    },
    {
      "type": "Feature",
      "properties": {
        "file": "leg03_m022_b166_2026-06-17T14-45-33.jpg",
        "leg": "leg03",
        "mark_index": 22,
        "along_track_m": 22.0,
        "achieved_heading": 166.57376479995494,
        "target_bearing": 166.90985932736248,
        "fix_type": 6,
        "hacc_m": 0.014,
        "corrupt": false,
        "position_interpolated": true,
        "captured_at_utc": "2026-06-17T20:45:33.493262+00:00"
      },
      "geometry": {
        "type": "Point",
        "coordinates": [
          -114.0158166648657,
          46.69738658162397
        ]
      }
    },
    {
      "type": "Feature",
      "properties": {
        "file": "leg03_m023_b166_2026-06-17T14-45-34.jpg",
        "leg": "leg03",
        "mark_index": 23,
        "along_track_m": 23.0,
        "achieved_heading": 169.00958160635025,
        "target_bearing": 166.90985932736248,
        "fix_type": 6,
        "hacc_m": 0.014,
        "corrupt": false,
        "position_interpolated": true,
        "captured_at_utc": "2026-06-17T20:45:34.778398+00:00"
      },
      "geometry": {
        "type": "Point",
        "coordinates": [
          -114.015813,
          46.6973765
        ]
      }
    },
    {
      "type": "Feature",
      "properties": {
        "file": "leg03_m024_b166_2026-06-17T14-45-35.jpg",
        "leg": "leg03",
        "mark_index": 24,
        "along_track_m": 24.0,
        "achieved_heading": 169.1645519472517,
        "target_bearing": 166.90985932736248,
        "fix_type": 6,
        "hacc_m": 0.014,
        "corrupt": false,
        "position_interpolated": true,
        "captured_at_utc": "2026-06-17T20:45:35.751848+00:00"
      },
      "geometry": {
        "type": "Point",
        "coordinates": [
          -114.0158103,
          46.697368499999996
        ]
      }
    },
    {
      "type": "Feature",
      "properties": {
        "file": "leg03_m025_b166_2026-06-17T14-45-36.jpg",
        "leg": "leg03",
        "mark_index": 25,
        "along_track_m": 25.0,
        "achieved_heading": 169.45812702065285,
        "target_bearing": 166.90985932736248,
        "fix_type": 6,
        "hacc_m": 0.014,
        "corrupt": false,
        "position_interpolated": true,
        "captured_at_utc": "2026-06-17T20:45:36.860454+00:00"
      },
      "geometry": {
        "type": "Point",
        "coordinates": [
          -114.01580754069016,
          46.69735910648457
        ]
      }
    },
    {
      "type": "Feature",
      "properties": {
        "file": "leg03_m026_b166_2026-06-17T14-45-37.jpg",
        "leg": "leg03",
        "mark_index": 26,
        "along_track_m": 26.0,
        "achieved_heading": 168.67730269041107,
        "target_bearing": 166.90985932736248,
        "fix_type": 6,
        "hacc_m": 0.014,
        "corrupt": false,
        "position_interpolated": true,
        "captured_at_utc": "2026-06-17T20:45:37.913329+00:00"
      },
      "geometry": {
        "type": "Point",
        "coordinates": [
          -114.01580471157493,
          46.69735064340603
        ]
      }
    },
    {
      "type": "Feature",
      "properties": {
        "file": "leg03_m027_b166_2026-06-17T14-45-38.jpg",
        "leg": "leg03",
        "mark_index": 27,
        "along_track_m": 27.0,
        "achieved_heading": 169.1519429337698,
        "target_bearing": 166.90985932736248,
        "fix_type": 6,
        "hacc_m": 0.014,
        "corrupt": false,
        "position_interpolated": true,
        "captured_at_utc": "2026-06-17T20:45:38.896190+00:00"
      },
      "geometry": {
        "type": "Point",
        "coordinates": [
          -114.01580168764956,
          46.69734248625534
        ]
      }
    },
    {
      "type": "Feature",
      "properties": {
        "file": "leg03_m028_b166_2026-06-17T14-45-40.jpg",
        "leg": "leg03",
        "mark_index": 28,
        "along_track_m": 28.0,
        "achieved_heading": 168.15483006999062,
        "target_bearing": 166.90985932736248,
        "fix_type": 6,
        "hacc_m": 0.014,
        "corrupt": false,
        "position_interpolated": true,
        "captured_at_utc": "2026-06-17T20:45:40.014261+00:00"
      },
      "geometry": {
        "type": "Point",
        "coordinates": [
          -114.01579858769398,
          46.69733348615768
        ]
      }
    },
    {
      "type": "Feature",
      "properties": {
        "file": "leg03_m029_b166_2026-06-17T14-45-41.jpg",
        "leg": "leg03",
        "mark_index": 29,
        "along_track_m": 29.0,
        "achieved_heading": 168.69638216008315,
        "target_bearing": 166.90985932736248,
        "fix_type": 6,
        "hacc_m": 0.014,
        "corrupt": false,
        "position_interpolated": true,
        "captured_at_utc": "2026-06-17T20:45:41.137566+00:00"
      },
      "geometry": {
        "type": "Point",
        "coordinates": [
          -114.0157955,
          46.6973244
        ]
      }
    },
    {
      "type": "Feature",
      "properties": {
        "file": "leg03_m030_b166_2026-06-17T14-45-42.jpg",
        "leg": "leg03",
        "mark_index": 30,
        "along_track_m": 30.0,
        "achieved_heading": 168.6542103199967,
        "target_bearing": 166.90985932736248,
        "fix_type": 6,
        "hacc_m": 0.014,
        "corrupt": false,
        "position_interpolated": true,
        "captured_at_utc": "2026-06-17T20:45:42.190177+00:00"
      },
      "geometry": {
        "type": "Point",
        "coordinates": [
          -114.0157926,
          46.6973164
        ]
      }
    },
    {
      "type": "Feature",
      "properties": {
        "file": "leg03_m031_b166_2026-06-17T14-45-43.jpg",
        "leg": "leg03",
        "mark_index": 31,
        "along_track_m": 31.0,
        "achieved_heading": 169.3261404009525,
        "target_bearing": 166.90985932736248,
        "fix_type": 6,
        "hacc_m": 0.014,
        "corrupt": false,
        "position_interpolated": true,
        "captured_at_utc": "2026-06-17T20:45:43.170360+00:00"
      },
      "geometry": {
        "type": "Point",
        "coordinates": [
          -114.01578955199899,
          46.697307719425986
        ]
      }
    },
    {
      "type": "Feature",
      "properties": {
        "file": "leg03_m032_b166_2026-06-17T14-45-44.jpg",
        "leg": "leg03",
        "mark_index": 32,
        "along_track_m": 32.0,
        "achieved_heading": 170.30521427020915,
        "target_bearing": 166.90985932736248,
        "fix_type": 6,
        "hacc_m": 0.014,
        "corrupt": false,
        "position_interpolated": true,
        "captured_at_utc": "2026-06-17T20:45:44.287516+00:00"
      },
      "geometry": {
        "type": "Point",
        "coordinates": [
          -114.01578648521834,
          46.6972984726987
        ]
      }
    },
    {
      "type": "Feature",
      "properties": {
        "file": "leg03_m033_b166_2026-06-17T14-45-45.jpg",
        "leg": "leg03",
        "mark_index": 33,
        "along_track_m": 33.0,
        "achieved_heading": 168.52502041321085,
        "target_bearing": 166.90985932736248,
        "fix_type": 6,
        "hacc_m": 0.014,
        "corrupt": false,
        "position_interpolated": true,
        "captured_at_utc": "2026-06-17T20:45:45.401919+00:00"
      },
      "geometry": {
        "type": "Point",
        "coordinates": [
          -114.0157838,
          46.6972899
        ]
      }
    },
    {
      "type": "Feature",
      "properties": {
        "file": "leg03_m034_b166_2026-06-17T14-45-46.jpg",
        "leg": "leg03",
        "mark_index": 34,
        "along_track_m": 34.0,
        "achieved_heading": 168.62860899241332,
        "target_bearing": 166.90985932736248,
        "fix_type": 6,
        "hacc_m": 0.014,
        "corrupt": false,
        "position_interpolated": true,
        "captured_at_utc": "2026-06-17T20:45:46.383722+00:00"
      },
      "geometry": {
        "type": "Point",
        "coordinates": [
          -114.0157809,
          46.6972814
        ]
      }
    },
    {
      "type": "Feature",
      "properties": {
        "file": "leg03_m035_b166_2026-06-17T14-45-47.jpg",
        "leg": "leg03",
        "mark_index": 35,
        "along_track_m": 35.0,
        "achieved_heading": 169.9409906269259,
        "target_bearing": 166.90985932736248,
        "fix_type": 6,
        "hacc_m": 0.014,
        "corrupt": false,
        "position_interpolated": true,
        "captured_at_utc": "2026-06-17T20:45:47.437299+00:00"
      },
      "geometry": {
        "type": "Point",
        "coordinates": [
          -114.01577753937384,
          46.69727203833026
        ]
      }
    },
    {
      "type": "Feature",
      "properties": {
        "file": "leg03_m036_b166_2026-06-17T14-45-48.jpg",
        "leg": "leg03",
        "mark_index": 36,
        "along_track_m": 36.0,
        "achieved_heading": 170.3082628141551,
        "target_bearing": 166.90985932736248,
        "fix_type": 6,
        "hacc_m": 0.014,
        "corrupt": false,
        "position_interpolated": true,
        "captured_at_utc": "2026-06-17T20:45:48.480579+00:00"
      },
      "geometry": {
        "type": "Point",
        "coordinates": [
          -114.01577537210521,
          46.697263484561084
        ]
      }
    },
    {
      "type": "Feature",
      "properties": {
        "file": "leg03_m037_b166_2026-06-17T14-45-49.jpg",
        "leg": "leg03",
        "mark_index": 37,
        "along_track_m": 37.0,
        "achieved_heading": 167.35211304329576,
        "target_bearing": 166.90985932736248,
        "fix_type": 6,
        "hacc_m": 0.014,
        "corrupt": false,
        "position_interpolated": true,
        "captured_at_utc": "2026-06-17T20:45:49.608474+00:00"
      },
      "geometry": {
        "type": "Point",
        "coordinates": [
          -114.01577239999999,
          46.697254799999996
        ]
      }
    },
    {
      "type": "Feature",
      "properties": {
        "file": "leg03_m038_b166_2026-06-17T14-45-50.jpg",
        "leg": "leg03",
        "mark_index": 38,
        "along_track_m": 38.0,
        "achieved_heading": 166.99142184882055,
        "target_bearing": 166.90985932736248,
        "fix_type": 6,
        "hacc_m": 0.014,
        "corrupt": false,
        "position_interpolated": true,
        "captured_at_utc": "2026-06-17T20:45:50.656217+00:00"
      },
      "geometry": {
        "type": "Point",
        "coordinates": [
          -114.01576906711404,
          46.697245601342125
        ]
      }
    },
    {
      "type": "Feature",
      "properties": {
        "file": "leg03_m039_b166_2026-06-17T14-45-51.jpg",
        "leg": "leg03",
        "mark_index": 39,
        "along_track_m": 39.0,
        "achieved_heading": 167.15243513257283,
        "target_bearing": 166.90985932736248,
        "fix_type": 6,
        "hacc_m": 0.014,
        "corrupt": false,
        "position_interpolated": true,
        "captured_at_utc": "2026-06-17T20:45:51.634673+00:00"
      },
      "geometry": {
        "type": "Point",
        "coordinates": [
          -114.01576570903975,
          46.69723735254313
        ]
      }
    },
    {
      "type": "Feature",
      "properties": {
        "file": "leg03_m040_b166_2026-06-17T14-45-52.jpg",
        "leg": "leg03",
        "mark_index": 40,
        "along_track_m": 40.0,
        "achieved_heading": 168.08856922419187,
        "target_bearing": 166.90985932736248,
        "fix_type": 6,
        "hacc_m": 0.014,
        "corrupt": false,
        "position_interpolated": true,
        "captured_at_utc": "2026-06-17T20:45:52.755719+00:00"
      },
      "geometry": {
        "type": "Point",
        "coordinates": [
          -114.01576209999999,
          46.6972283
        ]
      }
    },
    {
      "type": "Feature",
      "properties": {
        "file": "leg03_m041_b166_2026-06-17T14-45-53.jpg",
        "leg": "leg03",
        "mark_index": 41,
        "along_track_m": 41.0,
        "achieved_heading": 169.75403325950344,
        "target_bearing": 166.90985932736248,
        "fix_type": 6,
        "hacc_m": 0.014,
        "corrupt": false,
        "position_interpolated": true,
        "captured_at_utc": "2026-06-17T20:45:53.672754+00:00"
      },
      "geometry": {
        "type": "Point",
        "coordinates": [
          -114.01575949033115,
          46.69722020649017
        ]
      }
    },
    {
      "type": "Feature",
      "properties": {
        "file": "leg03_m042_b166_2026-06-17T14-45-55.jpg",
        "leg": "leg03",
        "mark_index": 42,
        "along_track_m": 42.0,
        "achieved_heading": 169.65629988380363,
        "target_bearing": 166.90985932736248,
        "fix_type": 6,
        "hacc_m": 0.014,
        "corrupt": false,
        "position_interpolated": true,
        "captured_at_utc": "2026-06-17T20:45:54.927817+00:00"
      },
      "geometry": {
        "type": "Point",
        "coordinates": [
          -114.01575629999999,
          46.6972101
        ]
      }
    },
    {
      "type": "Feature",
      "properties": {
        "file": "leg03_m043_b166_2026-06-17T14-45-55.jpg",
        "leg": "leg03",
        "mark_index": 43,
        "along_track_m": 43.0,
        "achieved_heading": 168.8338617881162,
        "target_bearing": 166.90985932736248,
        "fix_type": 6,
        "hacc_m": 0.014,
        "corrupt": false,
        "position_interpolated": true,
        "captured_at_utc": "2026-06-17T20:45:55.916303+00:00"
      },
      "geometry": {
        "type": "Point",
        "coordinates": [
          -114.01575350313199,
          46.697201509918
        ]
      }
    },
    {
      "type": "Feature",
      "properties": {
        "file": "leg03_m044_b166_2026-06-17T14-45-57.jpg",
        "leg": "leg03",
        "mark_index": 44,
        "along_track_m": 44.0,
        "achieved_heading": 168.3239721006727,
        "target_bearing": 166.90985932736248,
        "fix_type": 6,
        "hacc_m": 0.014,
        "corrupt": false,
        "position_interpolated": true,
        "captured_at_utc": "2026-06-17T20:45:56.954966+00:00"
      },
      "geometry": {
        "type": "Point",
        "coordinates": [
          -114.0157505,
          46.6971935
        ]
      }
    },
    {
      "type": "Feature",
      "properties": {
        "file": "leg03_m045_b166_2026-06-17T14-45-58.jpg",
        "leg": "leg03",
        "mark_index": 45,
        "along_track_m": 45.0,
        "achieved_heading": 170.23476572572034,
        "target_bearing": 166.90985932736248,
        "fix_type": 6,
        "hacc_m": 0.014,
        "corrupt": false,
        "position_interpolated": true,
        "captured_at_utc": "2026-06-17T20:45:58.082335+00:00"
      },
      "geometry": {
        "type": "Point",
        "coordinates": [
          -114.01574743642571,
          46.69718424106427
        ]
      }
    },
    {
      "type": "Feature",
      "properties": {
        "file": "leg03_m046_b166_2026-06-17T14-45-59.jpg",
        "leg": "leg03",
        "mark_index": 46,
        "along_track_m": 46.0,
        "achieved_heading": 169.54306804692607,
        "target_bearing": 166.90985932736248,
        "fix_type": 6,
        "hacc_m": 0.014,
        "corrupt": false,
        "position_interpolated": true,
        "captured_at_utc": "2026-06-17T20:45:59.064534+00:00"
      },
      "geometry": {
        "type": "Point",
        "coordinates": [
          -114.01574501409915,
          46.69717625639664
        ]
      }
    },
    {
      "type": "Feature",
      "properties": {
        "file": "leg03_m047_b166_2026-06-17T14-46-00.jpg",
        "leg": "leg03",
        "mark_index": 47,
        "along_track_m": 47.0,
        "achieved_heading": 170.72467694022805,
        "target_bearing": 166.90985932736248,
        "fix_type": 6,
        "hacc_m": 0.014,
        "corrupt": false,
        "position_interpolated": true,
        "captured_at_utc": "2026-06-17T20:46:00.185785+00:00"
      },
      "geometry": {
        "type": "Point",
        "coordinates": [
          -114.01574250362492,
          46.69716705387454
        ]
      }
    },
    {
      "type": "Feature",
      "properties": {
        "file": "leg03_m048_b166_2026-06-17T14-46-01.jpg",
        "leg": "leg03",
        "mark_index": 48,
        "along_track_m": 48.0,
        "achieved_heading": 168.5657404005306,
        "target_bearing": 166.90985932736248,
        "fix_type": 6,
        "hacc_m": 0.014,
        "corrupt": false,
        "position_interpolated": true,
        "captured_at_utc": "2026-06-17T20:46:01.291883+00:00"
      },
      "geometry": {
        "type": "Point",
        "coordinates": [
          -114.0157398679258,
          46.697158030947776
        ]
      }
    },
    {
      "type": "Feature",
      "properties": {
        "file": "leg03_m049_b166_2026-06-17T14-46-02.jpg",
        "leg": "leg03",
        "mark_index": 49,
        "along_track_m": 49.0,
        "achieved_heading": 165.97951170876757,
        "target_bearing": 166.90985932736248,
        "fix_type": 6,
        "hacc_m": 0.014,
        "corrupt": false,
        "position_interpolated": true,
        "captured_at_utc": "2026-06-17T20:46:02.418086+00:00"
      },
      "geometry": {
        "type": "Point",
        "coordinates": [
          -114.01573649999999,
          46.697149599999996
        ]
      }
    },
    {
      "type": "Feature",
      "properties": {
        "file": "leg03_m050_b166_2026-06-17T14-46-03.jpg",
        "leg": "leg03",
        "mark_index": 50,
        "along_track_m": 50.0,
        "achieved_heading": 167.29286786357545,
        "target_bearing": 166.90985932736248,
        "fix_type": 6,
        "hacc_m": 0.014,
        "corrupt": false,
        "position_interpolated": true,
        "captured_at_utc": "2026-06-17T20:46:03.395825+00:00"
      },
      "geometry": {
        "type": "Point",
        "coordinates": [
          -114.01573339999999,
          46.6971413
        ]
      }
    },
    {
      "type": "Feature",
      "properties": {
        "file": "leg03_m051_b166_2026-06-17T14-46-04.jpg",
        "leg": "leg03",
        "mark_index": 51,
        "along_track_m": 50.54,
        "achieved_heading": 170.0172743677811,
        "target_bearing": 166.90985932736248,
        "fix_type": 6,
        "hacc_m": 0.014,
        "corrupt": false,
        "position_interpolated": true,
        "captured_at_utc": "2026-06-17T20:46:04.032955+00:00"
      },
      "geometry": {
        "type": "Point",
        "coordinates": [
          -114.015732,
          46.6971366
        ]
      }
    },
    {
      "type": "Feature",
      "properties": {
        "file": "leg04_m000_b076_2026-06-17T14-46-09.jpg",
        "leg": "leg04",
        "mark_index": 0,
        "along_track_m": 0.0,
        "achieved_heading": 65.2310285685878,
        "target_bearing": 76.82972979344265,
        "fix_type": 6,
        "hacc_m": 0.014,
        "corrupt": false,
        "position_interpolated": true,
        "captured_at_utc": "2026-06-17T20:46:09.062323+00:00"
      },
      "geometry": {
        "type": "Point",
        "coordinates": [
          -114.0157313,
          46.697133699999995
        ]
      }
    },
    {
      "type": "Feature",
      "properties": {
        "file": "leg04_m001_b076_2026-06-17T14-46-10.jpg",
        "leg": "leg04",
        "mark_index": 1,
        "along_track_m": 1.0,
        "achieved_heading": 62.4845553776282,
        "target_bearing": 76.82972979344265,
        "fix_type": 6,
        "hacc_m": 0.014,
        "corrupt": false,
        "position_interpolated": true,
        "captured_at_utc": "2026-06-17T20:46:10.752008+00:00"
      },
      "geometry": {
        "type": "Point",
        "coordinates": [
          -114.01571899999999,
          46.6971384
        ]
      }
    },
    {
      "type": "Feature",
      "properties": {
        "file": "leg04_m002_b076_2026-06-17T14-46-11.jpg",
        "leg": "leg04",
        "mark_index": 2,
        "along_track_m": 2.0,
        "achieved_heading": 77.47983490445357,
        "target_bearing": 76.82972979344265,
        "fix_type": 6,
        "hacc_m": 0.014,
        "corrupt": false,
        "position_interpolated": true,
        "captured_at_utc": "2026-06-17T20:46:11.870550+00:00"
      },
      "geometry": {
        "type": "Point",
        "coordinates": [
          -114.01570622678396,
          46.69714258548175
        ]
      }
    },
    {
      "type": "Feature",
      "properties": {
        "file": "leg04_m003_b076_2026-06-17T14-46-12.jpg",
        "leg": "leg04",
        "mark_index": 3,
        "along_track_m": 3.0,
        "achieved_heading": 87.75210873445653,
        "target_bearing": 76.82972979344265,
        "fix_type": 6,
        "hacc_m": 0.014,
        "corrupt": false,
        "position_interpolated": true,
        "captured_at_utc": "2026-06-17T20:46:12.923657+00:00"
      },
      "geometry": {
        "type": "Point",
        "coordinates": [
          -114.0156938,
          46.697143999999994
        ]
      }
    },
    {
      "type": "Feature",
      "properties": {
        "file": "leg04_m004_b076_2026-06-17T14-46-14.jpg",
        "leg": "leg04",
        "mark_index": 4,
        "along_track_m": 4.0,
        "achieved_heading": 91.62404292239161,
        "target_bearing": 76.82972979344265,
        "fix_type": 6,
        "hacc_m": 0.014,
        "corrupt": false,
        "position_interpolated": true,
        "captured_at_utc": "2026-06-17T20:46:14.110785+00:00"
      },
      "geometry": {
        "type": "Point",
        "coordinates": [
          -114.01567996226535,
          46.6971443
        ]
      }
    },
    {
      "type": "Feature",
      "properties": {
        "file": "leg04_m005_b076_2026-06-17T14-46-15.jpg",
        "leg": "leg04",
        "mark_index": 5,
        "along_track_m": 4.792,
        "achieved_heading": 86.59186919931662,
        "target_bearing": 76.82972979344265,
        "fix_type": 6,
        "hacc_m": 0.014,
        "corrupt": false,
        "position_interpolated": true,
        "captured_at_utc": "2026-06-17T20:46:14.947768+00:00"
      },
      "geometry": {
        "type": "Point",
        "coordinates": [
          -114.0156701,
          46.6971443
        ]
      }
    },
    {
      "type": "Feature",
      "properties": {
        "file": "leg05_m000_b346_2026-06-17T14-46-19.jpg",
        "leg": "leg05",
        "mark_index": 0,
        "along_track_m": 0.0,
        "achieved_heading": 349.7419482993779,
        "target_bearing": 346.9100153653855,
        "fix_type": 6,
        "hacc_m": 0.014,
        "corrupt": false,
        "position_interpolated": true,
        "captured_at_utc": "2026-06-17T20:46:19.570202+00:00"
      },
      "geometry": {
        "type": "Point",
        "coordinates": [
          -114.0156664,
          46.6971443
        ]
      }
    },
    {
      "type": "Feature",
      "properties": {
        "file": "leg05_m001_b346_2026-06-17T14-46-21.jpg",
        "leg": "leg05",
        "mark_index": 1,
        "along_track_m": 1.0,
        "achieved_heading": 348.83289346162337,
        "target_bearing": 346.9100153653855,
        "fix_type": 6,
        "hacc_m": 0.014,
        "corrupt": false,
        "position_interpolated": true,
        "captured_at_utc": "2026-06-17T20:46:21.314853+00:00"
      },
      "geometry": {
        "type": "Point",
        "coordinates": [
          -114.01567009693952,
          46.69715548898227
        ]
      }
    },
    {
      "type": "Feature",
      "properties": {
        "file": "leg05_m002_b346_2026-06-17T14-46-22.jpg",
        "leg": "leg05",
        "mark_index": 2,
        "along_track_m": 2.0,
        "achieved_heading": 345.8865152959426,
        "target_bearing": 346.9100153653855,
        "fix_type": 6,
        "hacc_m": 0.014,
        "corrupt": false,
        "position_interpolated": true,
        "captured_at_utc": "2026-06-17T20:46:22.361658+00:00"
      },
      "geometry": {
        "type": "Point",
        "coordinates": [
          -114.0156737,
          46.697163599999996
        ]
      }
    },
    {
      "type": "Feature",
      "properties": {
        "file": "leg05_m003_b346_2026-06-17T14-46-23.jpg",
        "leg": "leg05",
        "mark_index": 3,
        "along_track_m": 3.0,
        "achieved_heading": 346.59068042615837,
        "target_bearing": 346.9100153653855,
        "fix_type": 6,
        "hacc_m": 0.014,
        "corrupt": false,
        "position_interpolated": true,
        "captured_at_utc": "2026-06-17T20:46:23.282194+00:00"
      },
      "geometry": {
        "type": "Point",
        "coordinates": [
          -114.01567777408329,
          46.69717171219036
        ]
      }
    },
    {
      "type": "Feature",
      "properties": {
        "file": "leg05_m004_b346_2026-06-17T14-46-24.jpg",
        "leg": "leg05",
        "mark_index": 4,
        "along_track_m": 4.0,
        "achieved_heading": 350.35714501212203,
        "target_bearing": 346.9100153653855,
        "fix_type": 6,
        "hacc_m": 0.014,
        "corrupt": false,
        "position_interpolated": true,
        "captured_at_utc": "2026-06-17T20:46:24.472749+00:00"
      },
      "geometry": {
        "type": "Point",
        "coordinates": [
          -114.01568146755413,
          46.69718149670574
        ]
      }
    },
    {
      "type": "Feature",
      "properties": {
        "file": "leg05_m005_b346_2026-06-17T14-46-25.jpg",
        "leg": "leg05",
        "mark_index": 5,
        "along_track_m": 5.0,
        "achieved_heading": 350.8169039523363,
        "target_bearing": 346.9100153653855,
        "fix_type": 6,
        "hacc_m": 0.014,
        "corrupt": false,
        "position_interpolated": true,
        "captured_at_utc": "2026-06-17T20:46:25.386230+00:00"
      },
      "geometry": {
        "type": "Point",
        "coordinates": [
          -114.01568387899236,
          46.697189444372505
        ]
      }
    },
    {
      "type": "Feature",
      "properties": {
        "file": "leg05_m006_b346_2026-06-17T14-46-26.jpg",
        "leg": "leg05",
        "mark_index": 6,
        "along_track_m": 6.0,
        "achieved_heading": 349.5853862336858,
        "target_bearing": 346.9100153653855,
        "fix_type": 6,
        "hacc_m": 0.014,
        "corrupt": false,
        "position_interpolated": true,
        "captured_at_utc": "2026-06-17T20:46:26.576983+00:00"
      },
      "geometry": {
        "type": "Point",
        "coordinates": [
          -114.01568719999999,
          46.6971991
        ]
      }
    },
    {
      "type": "Feature",
      "properties": {
        "file": "leg05_m007_b346_2026-06-17T14-46-27.jpg",
        "leg": "leg05",
        "mark_index": 7,
        "along_track_m": 7.0,
        "achieved_heading": 349.82793314191076,
        "target_bearing": 346.9100153653855,
        "fix_type": 6,
        "hacc_m": 0.014,
        "corrupt": false,
        "position_interpolated": true,
        "captured_at_utc": "2026-06-17T20:46:27.485141+00:00"
      },
      "geometry": {
        "type": "Point",
        "coordinates": [
          -114.01568997690853,
          46.69720738347909
        ]
      }
    },
    {
      "type": "Feature",
      "properties": {
        "file": "leg05_m008_b346_2026-06-17T14-46-28.jpg",
        "leg": "leg05",
        "mark_index": 8,
        "along_track_m": 8.0,
        "achieved_heading": 350.43007957892627,
        "target_bearing": 346.9100153653855,
        "fix_type": 6,
        "hacc_m": 0.014,
        "corrupt": false,
        "position_interpolated": true,
        "captured_at_utc": "2026-06-17T20:46:28.531026+00:00"
      },
      "geometry": {
        "type": "Point",
        "coordinates": [
          -114.0156928,
          46.6972161
        ]
      }
    },
    {
      "type": "Feature",
      "properties": {
        "file": "leg05_m009_b346_2026-06-17T14-46-29.jpg",
        "leg": "leg05",
        "mark_index": 9,
        "along_track_m": 9.0,
        "achieved_heading": 350.1254236344812,
        "target_bearing": 346.9100153653855,
        "fix_type": 6,
        "hacc_m": 0.014,
        "corrupt": false,
        "position_interpolated": true,
        "captured_at_utc": "2026-06-17T20:46:29.516572+00:00"
      },
      "geometry": {
        "type": "Point",
        "coordinates": [
          -114.01569559131322,
          46.69722457766256
        ]
      }
    },
    {
      "type": "Feature",
      "properties": {
        "file": "leg05_m010_b346_2026-06-17T14-46-30.jpg",
        "leg": "leg05",
        "mark_index": 10,
        "along_track_m": 10.0,
        "achieved_heading": 348.8117765303693,
        "target_bearing": 346.9100153653855,
        "fix_type": 6,
        "hacc_m": 0.014,
        "corrupt": false,
        "position_interpolated": true,
        "captured_at_utc": "2026-06-17T20:46:30.566028+00:00"
      },
      "geometry": {
        "type": "Point",
        "coordinates": [
          -114.0156986,
          46.697232899999996
        ]
      }
    },
    {
      "type": "Feature",
      "properties": {
        "file": "leg05_m011_b346_2026-06-17T14-46-31.jpg",
        "leg": "leg05",
        "mark_index": 11,
        "along_track_m": 11.0,
        "achieved_heading": 348.015226574694,
        "target_bearing": 346.9100153653855,
        "fix_type": 6,
        "hacc_m": 0.014,
        "corrupt": false,
        "position_interpolated": true,
        "captured_at_utc": "2026-06-17T20:46:31.678879+00:00"
      },
      "geometry": {
        "type": "Point",
        "coordinates": [
          -114.01570214278448,
          46.69724272661314
        ]
      }
    },
    {
      "type": "Feature",
      "properties": {
        "file": "leg05_m012_b346_2026-06-17T14-46-32.jpg",
        "leg": "leg05",
        "mark_index": 12,
        "along_track_m": 12.0,
        "achieved_heading": 349.5671334078207,
        "target_bearing": 346.9100153653855,
        "fix_type": 6,
        "hacc_m": 0.014,
        "corrupt": false,
        "position_interpolated": true,
        "captured_at_utc": "2026-06-17T20:46:32.738945+00:00"
      },
      "geometry": {
        "type": "Point",
        "coordinates": [
          -114.0157052,
          46.6972514
        ]
      }
    },
    {
      "type": "Feature",
      "properties": {
        "file": "leg05_m013_b346_2026-06-17T14-46-34.jpg",
        "leg": "leg05",
        "mark_index": 13,
        "along_track_m": 13.0,
        "achieved_heading": 349.24771262154616,
        "target_bearing": 346.9100153653855,
        "fix_type": 6,
        "hacc_m": 0.014,
        "corrupt": false,
        "position_interpolated": true,
        "captured_at_utc": "2026-06-17T20:46:33.716269+00:00"
      },
      "geometry": {
        "type": "Point",
        "coordinates": [
          -114.01570809512438,
          46.69725958293536
        ]
      }
    },
    {
      "type": "Feature",
      "properties": {
        "file": "leg05_m014_b346_2026-06-17T14-46-34.jpg",
        "leg": "leg05",
        "mark_index": 14,
        "along_track_m": 14.0,
        "achieved_heading": 346.6457761438291,
        "target_bearing": 346.9100153653855,
        "fix_type": 6,
        "hacc_m": 0.014,
        "corrupt": false,
        "position_interpolated": true,
        "captured_at_utc": "2026-06-17T20:46:34.972757+00:00"
      },
      "geometry": {
        "type": "Point",
        "coordinates": [
          -114.01571089999999,
          46.697268099999995
        ]
      }
    },
    {
      "type": "Feature",
      "properties": {
        "file": "leg05_m015_b346_2026-06-17T14-46-36.jpg",
        "leg": "leg05",
        "mark_index": 15,
        "along_track_m": 15.0,
        "achieved_heading": 346.6870181567755,
        "target_bearing": 346.9100153653855,
        "fix_type": 6,
        "hacc_m": 0.014,
        "corrupt": false,
        "position_interpolated": true,
        "captured_at_utc": "2026-06-17T20:46:36.097291+00:00"
      },
      "geometry": {
        "type": "Point",
        "coordinates": [
          -114.01571453315839,
          46.69727742621183
        ]
      }
    },
    {
      "type": "Feature",
      "properties": {
        "file": "leg05_m016_b346_2026-06-17T14-46-37.jpg",
        "leg": "leg05",
        "mark_index": 16,
        "along_track_m": 16.0,
        "achieved_heading": 347.56828839267007,
        "target_bearing": 346.9100153653855,
        "fix_type": 6,
        "hacc_m": 0.014,
        "corrupt": false,
        "position_interpolated": true,
        "captured_at_utc": "2026-06-17T20:46:37.150767+00:00"
      },
      "geometry": {
        "type": "Point",
        "coordinates": [
          -114.0157175,
          46.6972861
        ]
      }
    },
    {
      "type": "Feature",
      "properties": {
        "file": "leg05_m017_b346_2026-06-17T14-46-38.jpg",
        "leg": "leg05",
        "mark_index": 17,
        "along_track_m": 17.0,
        "achieved_heading": 347.7636737679318,
        "target_bearing": 346.9100153653855,
        "fix_type": 6,
        "hacc_m": 0.014,
        "corrupt": false,
        "position_interpolated": true,
        "captured_at_utc": "2026-06-17T20:46:38.263000+00:00"
      },
      "geometry": {
        "type": "Point",
        "coordinates": [
          -114.01572127347715,
          46.69729480358502
        ]
      }
    },
    {
      "type": "Feature",
      "properties": {
        "file": "leg05_m018_b346_2026-06-17T14-46-39.jpg",
        "leg": "leg05",
        "mark_index": 18,
        "along_track_m": 18.0,
        "achieved_heading": 350.2078542540077,
        "target_bearing": 346.9100153653855,
        "fix_type": 6,
        "hacc_m": 0.014,
        "corrupt": false,
        "position_interpolated": true,
        "captured_at_utc": "2026-06-17T20:46:39.246060+00:00"
      },
      "geometry": {
        "type": "Point",
        "coordinates": [
          -114.01572401051149,
          46.69730289339513
        ]
      }
    },
    {
      "type": "Feature",
      "properties": {
        "file": "leg05_m019_b346_2026-06-17T14-46-40.jpg",
        "leg": "leg05",
        "mark_index": 19,
        "along_track_m": 19.0,
        "achieved_heading": 350.31535437035984,
        "target_bearing": 346.9100153653855,
        "fix_type": 6,
        "hacc_m": 0.014,
        "corrupt": false,
        "position_interpolated": true,
        "captured_at_utc": "2026-06-17T20:46:40.363892+00:00"
      },
      "geometry": {
        "type": "Point",
        "coordinates": [
          -114.0157265,
          46.697311899999995
        ]
      }
    },
    {
      "type": "Feature",
      "properties": {
        "file": "leg05_m020_b346_2026-06-17T14-46-41.jpg",
        "leg": "leg05",
        "mark_index": 20,
        "along_track_m": 20.0,
        "achieved_heading": 349.4856845937768,
        "target_bearing": 346.9100153653855,
        "fix_type": 6,
        "hacc_m": 0.014,
        "corrupt": false,
        "position_interpolated": true,
        "captured_at_utc": "2026-06-17T20:46:41.413361+00:00"
      },
      "geometry": {
        "type": "Point",
        "coordinates": [
          -114.01572878745803,
          46.697321014464414
        ]
      }
    },
    {
      "type": "Feature",
      "properties": {
        "file": "leg05_m021_b346_2026-06-17T14-46-42.jpg",
        "leg": "leg05",
        "mark_index": 21,
        "along_track_m": 21.0,
        "achieved_heading": 348.1687649627055,
        "target_bearing": 346.9100153653855,
        "fix_type": 6,
        "hacc_m": 0.014,
        "corrupt": false,
        "position_interpolated": true,
        "captured_at_utc": "2026-06-17T20:46:42.536790+00:00"
      },
      "geometry": {
        "type": "Point",
        "coordinates": [
          -114.015732,
          46.6973304
        ]
      }
    },
    {
      "type": "Feature",
      "properties": {
        "file": "leg05_m022_b346_2026-06-17T14-46-43.jpg",
        "leg": "leg05",
        "mark_index": 22,
        "along_track_m": 22.0,
        "achieved_heading": 348.37772849633257,
        "target_bearing": 346.9100153653855,
        "fix_type": 6,
        "hacc_m": 0.014,
        "corrupt": false,
        "position_interpolated": true,
        "captured_at_utc": "2026-06-17T20:46:43.445342+00:00"
      },
      "geometry": {
        "type": "Point",
        "coordinates": [
          -114.01573466961582,
          46.69733847594101
        ]
      }
    },
    {
      "type": "Feature",
      "properties": {
        "file": "leg05_m023_b346_2026-06-17T14-46-44.jpg",
        "leg": "leg05",
        "mark_index": 23,
        "along_track_m": 23.0,
        "achieved_heading": 348.7494281421474,
        "target_bearing": 346.9100153653855,
        "fix_type": 6,
        "hacc_m": 0.014,
        "corrupt": false,
        "position_interpolated": true,
        "captured_at_utc": "2026-06-17T20:46:44.565789+00:00"
      },
      "geometry": {
        "type": "Point",
        "coordinates": [
          -114.0157378,
          46.6973474
        ]
      }
    },
    {
      "type": "Feature",
      "properties": {
        "file": "leg05_m024_b346_2026-06-17T14-46-45.jpg",
        "leg": "leg05",
        "mark_index": 24,
        "along_track_m": 24.0,
        "achieved_heading": 347.49178337551245,
        "target_bearing": 346.9100153653855,
        "fix_type": 6,
        "hacc_m": 0.014,
        "corrupt": false,
        "position_interpolated": true,
        "captured_at_utc": "2026-06-17T20:46:45.540180+00:00"
      },
      "geometry": {
        "type": "Point",
        "coordinates": [
          -114.01574,
          46.697355699999996
        ]
      }
    },
    {
      "type": "Feature",
      "properties": {
        "file": "leg05_m025_b346_2026-06-17T14-46-46.jpg",
        "leg": "leg05",
        "mark_index": 25,
        "along_track_m": 25.0,
        "achieved_heading": 346.5722040416252,
        "target_bearing": 346.9100153653855,
        "fix_type": 6,
        "hacc_m": 0.014,
        "corrupt": false,
        "position_interpolated": true,
        "captured_at_utc": "2026-06-17T20:46:46.677629+00:00"
      },
      "geometry": {
        "type": "Point",
        "coordinates": [
          -114.01574392402878,
          46.697365582068365
        ]
      }
    },
    {
      "type": "Feature",
      "properties": {
        "file": "leg05_m026_b346_2026-06-17T14-46-47.jpg",
        "leg": "leg05",
        "mark_index": 26,
        "along_track_m": 26.0,
        "achieved_heading": 349.1532001131993,
        "target_bearing": 346.9100153653855,
        "fix_type": 6,
        "hacc_m": 0.014,
        "corrupt": false,
        "position_interpolated": true,
        "captured_at_utc": "2026-06-17T20:46:47.594450+00:00"
      },
      "geometry": {
        "type": "Point",
        "coordinates": [
          -114.01574652759011,
          46.69737334483867
        ]
      }
    },
    {
      "type": "Feature",
      "properties": {
        "file": "leg05_m027_b346_2026-06-17T14-46-48.jpg",
        "leg": "leg05",
        "mark_index": 27,
        "along_track_m": 27.0,
        "achieved_heading": 349.9110055643197,
        "target_bearing": 346.9100153653855,
        "fix_type": 6,
        "hacc_m": 0.014,
        "corrupt": false,
        "position_interpolated": true,
        "captured_at_utc": "2026-06-17T20:46:48.703113+00:00"
      },
      "geometry": {
        "type": "Point",
        "coordinates": [
          -114.01574927581923,
          46.69738269723177
        ]
      }
    },
    {
      "type": "Feature",
      "properties": {
        "file": "leg05_m028_b346_2026-06-17T14-46-49.jpg",
        "leg": "leg05",
        "mark_index": 28,
        "along_track_m": 28.0,
        "achieved_heading": 348.0003295607974,
        "target_bearing": 346.9100153653855,
        "fix_type": 6,
        "hacc_m": 0.014,
        "corrupt": false,
        "position_interpolated": true,
        "captured_at_utc": "2026-06-17T20:46:49.744682+00:00"
      },
      "geometry": {
        "type": "Point",
        "coordinates": [
          -114.0157524,
          46.6973913
        ]
      }
    },
    {
      "type": "Feature",
      "properties": {
        "file": "leg05_m029_b346_2026-06-17T14-46-50.jpg",
        "leg": "leg05",
        "mark_index": 29,
        "along_track_m": 29.0,
        "achieved_heading": 347.78722420498264,
        "target_bearing": 346.9100153653855,
        "fix_type": 6,
        "hacc_m": 0.014,
        "corrupt": false,
        "position_interpolated": true,
        "captured_at_utc": "2026-06-17T20:46:50.722048+00:00"
      },
      "geometry": {
        "type": "Point",
        "coordinates": [
          -114.01575538674857,
          46.697399640368616
        ]
      }
    },
    {
      "type": "Feature",
      "properties": {
        "file": "leg05_m030_b346_2026-06-17T14-46-51.jpg",
        "leg": "leg05",
        "mark_index": 30,
        "along_track_m": 30.0,
        "achieved_heading": 348.8546995127113,
        "target_bearing": 346.9100153653855,
        "fix_type": 6,
        "hacc_m": 0.014,
        "corrupt": false,
        "position_interpolated": true,
        "captured_at_utc": "2026-06-17T20:46:51.778613+00:00"
      },
      "geometry": {
        "type": "Point",
        "coordinates": [
          -114.0157584,
          46.6974081
        ]
      }
    },
    {
      "type": "Feature",
      "properties": {
        "file": "leg05_m031_b346_2026-06-17T14-46-52.jpg",
        "leg": "leg05",
        "mark_index": 31,
        "along_track_m": 31.0,
        "achieved_heading": 348.15042496330767,
        "target_bearing": 346.9100153653855,
        "fix_type": 6,
        "hacc_m": 0.014,
        "corrupt": false,
        "position_interpolated": true,
        "captured_at_utc": "2026-06-17T20:46:52.898804+00:00"
      },
      "geometry": {
        "type": "Point",
        "coordinates": [
          -114.01576135952978,
          46.69741810776649
        ]
      }
    },
    {
      "type": "Feature",
      "properties": {
        "file": "leg05_m032_b346_2026-06-17T14-46-53.jpg",
        "leg": "leg05",
        "mark_index": 32,
        "along_track_m": 32.0,
        "achieved_heading": 347.2699306681662,
        "target_bearing": 346.9100153653855,
        "fix_type": 6,
        "hacc_m": 0.014,
        "corrupt": false,
        "position_interpolated": true,
        "captured_at_utc": "2026-06-17T20:46:53.891993+00:00"
      },
      "geometry": {
        "type": "Point",
        "coordinates": [
          -114.01576422917421,
          46.69742627335746
        ]
      }
    },
    {
      "type": "Feature",
      "properties": {
        "file": "leg05_m033_b346_2026-06-17T14-46-54.jpg",
        "leg": "leg05",
        "mark_index": 33,
        "along_track_m": 33.0,
        "achieved_heading": 346.9385428568035,
        "target_bearing": 346.9100153653855,
        "fix_type": 6,
        "hacc_m": 0.014,
        "corrupt": false,
        "position_interpolated": true,
        "captured_at_utc": "2026-06-17T20:46:54.939523+00:00"
      },
      "geometry": {
        "type": "Point",
        "coordinates": [
          -114.01576759999999,
          46.697434699999995
        ]
      }
    },
    {
      "type": "Feature",
      "properties": {
        "file": "leg05_m034_b346_2026-06-17T14-46-55.jpg",
        "leg": "leg05",
        "mark_index": 34,
        "along_track_m": 34.0,
        "achieved_heading": 348.16454040147437,
        "target_bearing": 346.9100153653855,
        "fix_type": 6,
        "hacc_m": 0.014,
        "corrupt": false,
        "position_interpolated": true,
        "captured_at_utc": "2026-06-17T20:46:55.984306+00:00"
      },
      "geometry": {
        "type": "Point",
        "coordinates": [
          -114.0157703,
          46.697443199999995
        ]
      }
    },
    {
      "type": "Feature",
      "properties": {
        "file": "leg05_m035_b346_2026-06-17T14-46-57.jpg",
        "leg": "leg05",
        "mark_index": 35,
        "along_track_m": 35.0,
        "achieved_heading": 347.0454254622656,
        "target_bearing": 346.9100153653855,
        "fix_type": 6,
        "hacc_m": 0.014,
        "corrupt": false,
        "position_interpolated": true,
        "captured_at_utc": "2026-06-17T20:46:57.098026+00:00"
      },
      "geometry": {
        "type": "Point",
        "coordinates": [
          -114.0157727215391,
          46.69745257769411
        ]
      }
    },
    {
      "type": "Feature",
      "properties": {
        "file": "leg05_m036_b346_2026-06-17T14-46-58.jpg",
        "leg": "leg05",
        "mark_index": 36,
        "along_track_m": 36.0,
        "achieved_heading": 354.4106601642723,
        "target_bearing": 346.9100153653855,
        "fix_type": 6,
        "hacc_m": 0.014,
        "corrupt": false,
        "position_interpolated": true,
        "captured_at_utc": "2026-06-17T20:46:58.862081+00:00"
      },
      "geometry": {
        "type": "Point",
        "coordinates": [
          -114.01577635861668,
          46.69746071723336
        ]
      }
    },
    {
      "type": "Feature",
      "properties": {
        "file": "leg05_m037_b346_2026-06-17T14-47-00.jpg",
        "leg": "leg05",
        "mark_index": 37,
        "along_track_m": 37.0,
        "achieved_heading": 352.81441358723157,
        "target_bearing": 346.9100153653855,
        "fix_type": 6,
        "hacc_m": 0.014,
        "corrupt": false,
        "position_interpolated": true,
        "captured_at_utc": "2026-06-17T20:47:00.126440+00:00"
      },
      "geometry": {
        "type": "Point",
        "coordinates": [
          -114.01577839249599,
          46.69747026810798
        ]
      }
    },
    {
      "type": "Feature",
      "properties": {
        "file": "leg05_m038_b346_2026-06-17T14-47-01.jpg",
        "leg": "leg05",
        "mark_index": 38,
        "along_track_m": 38.0,
        "achieved_heading": 348.60623289963524,
        "target_bearing": 346.9100153653855,
        "fix_type": 6,
        "hacc_m": 0.014,
        "corrupt": false,
        "position_interpolated": true,
        "captured_at_utc": "2026-06-17T20:47:01.166770+00:00"
      },
      "geometry": {
        "type": "Point",
        "coordinates": [
          -114.0157807,
          46.6974786
        ]
      }
    },
    {
      "type": "Feature",
      "properties": {
        "file": "leg05_m039_b346_2026-06-17T14-47-02.jpg",
        "leg": "leg05",
        "mark_index": 39,
        "along_track_m": 39.0,
        "achieved_heading": 346.69480760397494,
        "target_bearing": 346.9100153653855,
        "fix_type": 6,
        "hacc_m": 0.014,
        "corrupt": false,
        "position_interpolated": true,
        "captured_at_utc": "2026-06-17T20:47:02.142087+00:00"
      },
      "geometry": {
        "type": "Point",
        "coordinates": [
          -114.0157837,
          46.6974871
        ]
      }
    },
    {
      "type": "Feature",
      "properties": {
        "file": "leg05_m040_b346_2026-06-17T14-47-03.jpg",
        "leg": "leg05",
        "mark_index": 40,
        "along_track_m": 40.0,
        "achieved_heading": 345.89251347692283,
        "target_bearing": 346.9100153653855,
        "fix_type": 6,
        "hacc_m": 0.014,
        "corrupt": false,
        "position_interpolated": true,
        "captured_at_utc": "2026-06-17T20:47:03.270979+00:00"
      },
      "geometry": {
        "type": "Point",
        "coordinates": [
          -114.01578771137137,
          46.69749679916417
        ]
      }
    },
    {
      "type": "Feature",
      "properties": {
        "file": "leg05_m041_b346_2026-06-17T14-47-04.jpg",
        "leg": "leg05",
        "mark_index": 41,
        "along_track_m": 41.0,
        "achieved_heading": 346.7956055766282,
        "target_bearing": 346.9100153653855,
        "fix_type": 6,
        "hacc_m": 0.014,
        "corrupt": false,
        "position_interpolated": true,
        "captured_at_utc": "2026-06-17T20:47:04.305012+00:00"
      },
      "geometry": {
        "type": "Point",
        "coordinates": [
          -114.01579102127126,
          46.697505551290156
        ]
      }
    },
    {
      "type": "Feature",
      "properties": {
        "file": "leg05_m042_b346_2026-06-17T14-47-05.jpg",
        "leg": "leg05",
        "mark_index": 42,
        "along_track_m": 42.0,
        "achieved_heading": 348.1544009167838,
        "target_bearing": 346.9100153653855,
        "fix_type": 6,
        "hacc_m": 0.014,
        "corrupt": false,
        "position_interpolated": true,
        "captured_at_utc": "2026-06-17T20:47:05.293815+00:00"
      },
      "geometry": {
        "type": "Point",
        "coordinates": [
          -114.01579381079817,
          46.69751364726152
        ]
      }
    },
    {
      "type": "Feature",
      "properties": {
        "file": "leg05_m043_b346_2026-06-17T14-47-06.jpg",
        "leg": "leg05",
        "mark_index": 43,
        "along_track_m": 43.0,
        "achieved_heading": 347.522307433515,
        "target_bearing": 346.9100153653855,
        "fix_type": 6,
        "hacc_m": 0.014,
        "corrupt": false,
        "position_interpolated": true,
        "captured_at_utc": "2026-06-17T20:47:06.272731+00:00"
      },
      "geometry": {
        "type": "Point",
        "coordinates": [
          -114.0157965551662,
          46.69752173791554
        ]
      }
    },
    {
      "type": "Feature",
      "properties": {
        "file": "leg05_m044_b346_2026-06-17T14-47-07.jpg",
        "leg": "leg05",
        "mark_index": 44,
        "along_track_m": 44.0,
        "achieved_heading": 348.39017728128147,
        "target_bearing": 346.9100153653855,
        "fix_type": 6,
        "hacc_m": 0.014,
        "corrupt": false,
        "position_interpolated": true,
        "captured_at_utc": "2026-06-17T20:47:07.537090+00:00"
      },
      "geometry": {
        "type": "Point",
        "coordinates": [
          -114.01580039999999,
          46.6975318
        ]
      }
    },
    {
      "type": "Feature",
      "properties": {
        "file": "leg05_m045_b346_2026-06-17T14-47-08.jpg",
        "leg": "leg05",
        "mark_index": 45,
        "along_track_m": 45.0,
        "achieved_heading": 348.4824472573016,
        "target_bearing": 346.9100153653855,
        "fix_type": 6,
        "hacc_m": 0.014,
        "corrupt": false,
        "position_interpolated": true,
        "captured_at_utc": "2026-06-17T20:47:08.511000+00:00"
      },
      "geometry": {
        "type": "Point",
        "coordinates": [
          -114.01580287960233,
          46.697539491212446
        ]
      }
    },
    {
      "type": "Feature",
      "properties": {
        "file": "leg05_m046_b346_2026-06-17T14-47-09.jpg",
        "leg": "leg05",
        "mark_index": 46,
        "along_track_m": 46.0,
        "achieved_heading": 348.86455504727957,
        "target_bearing": 346.9100153653855,
        "fix_type": 6,
        "hacc_m": 0.014,
        "corrupt": false,
        "position_interpolated": true,
        "captured_at_utc": "2026-06-17T20:47:09.635343+00:00"
      },
      "geometry": {
        "type": "Point",
        "coordinates": [
          -114.01580599042407,
          46.69754882935704
        ]
      }
    },
    {
      "type": "Feature",
      "properties": {
        "file": "leg05_m047_b346_2026-06-17T14-47-10.jpg",
        "leg": "leg05",
        "mark_index": 47,
        "along_track_m": 47.0,
        "achieved_heading": 348.98866272893633,
        "target_bearing": 346.9100153653855,
        "fix_type": 6,
        "hacc_m": 0.014,
        "corrupt": false,
        "position_interpolated": true,
        "captured_at_utc": "2026-06-17T20:47:10.741771+00:00"
      },
      "geometry": {
        "type": "Point",
        "coordinates": [
          -114.01580919999999,
          46.6975578
        ]
      }
    },
    {
      "type": "Feature",
      "properties": {
        "file": "leg05_m048_b346_2026-06-17T14-47-11.jpg",
        "leg": "leg05",
        "mark_index": 48,
        "along_track_m": 48.0,
        "achieved_heading": 348.97901353068886,
        "target_bearing": 346.9100153653855,
        "fix_type": 6,
        "hacc_m": 0.014,
        "corrupt": false,
        "position_interpolated": true,
        "captured_at_utc": "2026-06-17T20:47:11.662432+00:00"
      },
      "geometry": {
        "type": "Point",
        "coordinates": [
          -114.01581141597902,
          46.6975657238811
        ]
      }
    },
    {
      "type": "Feature",
      "properties": {
        "file": "leg05_m049_b346_2026-06-17T14-47-12.jpg",
        "leg": "leg05",
        "mark_index": 49,
        "along_track_m": 49.0,
        "achieved_heading": 348.33644055548154,
        "target_bearing": 346.9100153653855,
        "fix_type": 6,
        "hacc_m": 0.014,
        "corrupt": false,
        "position_interpolated": true,
        "captured_at_utc": "2026-06-17T20:47:12.780559+00:00"
      },
      "geometry": {
        "type": "Point",
        "coordinates": [
          -114.01581449999999,
          46.6975748
        ]
      }
    },
    {
      "type": "Feature",
      "properties": {
        "file": "leg05_m050_b346_2026-06-17T14-47-13.jpg",
        "leg": "leg05",
        "mark_index": 50,
        "along_track_m": 50.0,
        "achieved_heading": 350.1914227686291,
        "target_bearing": 346.9100153653855,
        "fix_type": 6,
        "hacc_m": 0.014,
        "corrupt": false,
        "position_interpolated": true,
        "captured_at_utc": "2026-06-17T20:47:13.893835+00:00"
      },
      "geometry": {
        "type": "Point",
        "coordinates": [
          -114.01581766828555,
          46.69758443085626
        ]
      }
    },
    {
      "type": "Feature",
      "properties": {
        "file": "leg05_m051_b346_2026-06-17T14-47-14.jpg",
        "leg": "leg05",
        "mark_index": 51,
        "along_track_m": 50.546,
        "achieved_heading": 350.9713308508125,
        "target_bearing": 346.9100153653855,
        "fix_type": 6,
        "hacc_m": 0.014,
        "corrupt": false,
        "position_interpolated": true,
        "captured_at_utc": "2026-06-17T20:47:14.389135+00:00"
      },
      "geometry": {
        "type": "Point",
        "coordinates": [
          -114.0158187,
          46.697587999999996
        ]
      }
    },
    {
      "type": "Feature",
      "properties": {
        "file": "leg06_m000_b076_2026-06-17T14-47-18.jpg",
        "leg": "leg06",
        "mark_index": 0,
        "along_track_m": 0.0,
        "achieved_heading": 76.4162976555541,
        "target_bearing": 76.82966672376546,
        "fix_type": 6,
        "hacc_m": 0.014,
        "corrupt": false,
        "position_interpolated": true,
        "captured_at_utc": "2026-06-17T20:47:18.874956+00:00"
      },
      "geometry": {
        "type": "Point",
        "coordinates": [
          -114.01581902347849,
          46.697596
        ]
      }
    },
    {
      "type": "Feature",
      "properties": {
        "file": "leg06_m001_b076_2026-06-17T14-47-20.jpg",
        "leg": "leg06",
        "mark_index": 1,
        "along_track_m": 1.0,
        "achieved_heading": 72.72135013053494,
        "target_bearing": 76.82966672376546,
        "fix_type": 6,
        "hacc_m": 0.014,
        "corrupt": false,
        "position_interpolated": true,
        "captured_at_utc": "2026-06-17T20:47:20.413781+00:00"
      },
      "geometry": {
        "type": "Point",
        "coordinates": [
          -114.01580704428673,
          46.69759840791637
        ]
      }
    },
    {
      "type": "Feature",
      "properties": {
        "file": "leg06_m002_b076_2026-06-17T14-47-21.jpg",
        "leg": "leg06",
        "mark_index": 2,
        "along_track_m": 2.0,
        "achieved_heading": 72.87083481928458,
        "target_bearing": 76.82966672376546,
        "fix_type": 6,
        "hacc_m": 0.014,
        "corrupt": false,
        "position_interpolated": true,
        "captured_at_utc": "2026-06-17T20:47:21.460957+00:00"
      },
      "geometry": {
        "type": "Point",
        "coordinates": [
          -114.01579505503203,
          46.697601421354896
        ]
      }
    },
    {
      "type": "Feature",
      "properties": {
        "file": "leg06_m003_b076_2026-06-17T14-47-22.jpg",
        "leg": "leg06",
        "mark_index": 3,
        "along_track_m": 3.0,
        "achieved_heading": 93.16053085201631,
        "target_bearing": 76.82966672376546,
        "fix_type": 6,
        "hacc_m": 0.014,
        "corrupt": false,
        "position_interpolated": true,
        "captured_at_utc": "2026-06-17T20:47:22.873750+00:00"
      },
      "geometry": {
        "type": "Point",
        "coordinates": [
          -114.01578224008269,
          46.697603779043675
        ]
      }
    },
    {
      "type": "Feature",
      "properties": {
        "file": "leg06_m004_b076_2026-06-17T14-47-24.jpg",
        "leg": "leg06",
        "mark_index": 4,
        "along_track_m": 4.0,
        "achieved_heading": 110.80235973033047,
        "target_bearing": 76.82966672376546,
        "fix_type": 6,
        "hacc_m": 0.014,
        "corrupt": false,
        "position_interpolated": true,
        "captured_at_utc": "2026-06-17T20:47:24.126894+00:00"
      },
      "geometry": {
        "type": "Point",
        "coordinates": [
          -114.01576803117436,
          46.697601807422465
        ]
      }
    },
    {
      "type": "Feature",
      "properties": {
        "file": "leg06_m005_b076_2026-06-17T14-47-25.jpg",
        "leg": "leg06",
        "mark_index": 5,
        "along_track_m": 4.806,
        "achieved_heading": 103.78162138769494,
        "target_bearing": 76.82966672376546,
        "fix_type": 6,
        "hacc_m": 0.014,
        "corrupt": false,
        "position_interpolated": true,
        "captured_at_utc": "2026-06-17T20:47:25.173717+00:00"
      },
      "geometry": {
        "type": "Point",
        "coordinates": [
          -114.0157569,
          46.697599
        ]
      }
    },
    {
      "type": "Feature",
      "properties": {
        "file": "leg07_m000_b166_2026-06-17T14-47-28.jpg",
        "leg": "leg07",
        "mark_index": 0,
        "along_track_m": 0.0,
        "achieved_heading": 164.46799324502294,
        "target_bearing": 166.90995222752088,
        "fix_type": 6,
        "hacc_m": 0.014,
        "corrupt": false,
        "position_interpolated": true,
        "captured_at_utc": "2026-06-17T20:47:28.676011+00:00"
      },
      "geometry": {
        "type": "Point",
        "coordinates": [
          -114.01575272220217,
          46.697598
        ]
      }
    },
    {
      "type": "Feature",
      "properties": {
        "file": "leg07_m001_b166_2026-06-17T14-47-30.jpg",
        "leg": "leg07",
        "mark_index": 1,
        "along_track_m": 1.0,
        "achieved_heading": 162.8604455592244,
        "target_bearing": 166.90995222752088,
        "fix_type": 6,
        "hacc_m": 0.014,
        "corrupt": false,
        "position_interpolated": true,
        "captured_at_utc": "2026-06-17T20:47:30.155567+00:00"
      },
      "geometry": {
        "type": "Point",
        "coordinates": [
          -114.0157486,
          46.697590399999996
        ]
      }
    },
    {
      "type": "Feature",
      "properties": {
        "file": "leg07_m002_b166_2026-06-17T14-47-31.jpg",
        "leg": "leg07",
        "mark_index": 2,
        "along_track_m": 2.0,
        "achieved_heading": 166.38728726715215,
        "target_bearing": 166.90995222752088,
        "fix_type": 6,
        "hacc_m": 0.014,
        "corrupt": false,
        "position_interpolated": true,
        "captured_at_utc": "2026-06-17T20:47:31.206736+00:00"
      },
      "geometry": {
        "type": "Point",
        "coordinates": [
          -114.015745,
          46.697582399999995
        ]
      }
    },
    {
      "type": "Feature",
      "properties": {
        "file": "leg07_m003_b166_2026-06-17T14-47-32.jpg",
        "leg": "leg07",
        "mark_index": 3,
        "along_track_m": 3.0,
        "achieved_heading": 172.68649985837945,
        "target_bearing": 166.90995222752088,
        "fix_type": 6,
        "hacc_m": 0.014,
        "corrupt": false,
        "position_interpolated": true,
        "captured_at_utc": "2026-06-17T20:47:32.322363+00:00"
      },
      "geometry": {
        "type": "Point",
        "coordinates": [
          -114.01574199999999,
          46.6975725
        ]
      }
    },
    {
      "type": "Feature",
      "properties": {
        "file": "leg07_m004_b166_2026-06-17T14-47-33.jpg",
        "leg": "leg07",
        "mark_index": 4,
        "along_track_m": 4.0,
        "achieved_heading": 169.97479495177691,
        "target_bearing": 166.90995222752088,
        "fix_type": 6,
        "hacc_m": 0.014,
        "corrupt": false,
        "position_interpolated": true,
        "captured_at_utc": "2026-06-17T20:47:33.363400+00:00"
      },
      "geometry": {
        "type": "Point",
        "coordinates": [
          -114.01574,
          46.697564199999995
        ]
      }
    },
    {
      "type": "Feature",
      "properties": {
        "file": "leg07_m005_b166_2026-06-17T14-47-34.jpg",
        "leg": "leg07",
        "mark_index": 5,
        "along_track_m": 5.0,
        "achieved_heading": 168.93893978305502,
        "target_bearing": 166.90995222752088,
        "fix_type": 6,
        "hacc_m": 0.014,
        "corrupt": false,
        "position_interpolated": true,
        "captured_at_utc": "2026-06-17T20:47:34.358241+00:00"
      },
      "geometry": {
        "type": "Point",
        "coordinates": [
          -114.0157378,
          46.6975562
        ]
      }
    },
    {
      "type": "Feature",
      "properties": {
        "file": "leg07_m006_b166_2026-06-17T14-47-35.jpg",
        "leg": "leg07",
        "mark_index": 6,
        "along_track_m": 6.0,
        "achieved_heading": 165.48850778892822,
        "target_bearing": 166.90995222752088,
        "fix_type": 6,
        "hacc_m": 0.014,
        "corrupt": false,
        "position_interpolated": true,
        "captured_at_utc": "2026-06-17T20:47:35.474740+00:00"
      },
      "geometry": {
        "type": "Point",
        "coordinates": [
          -114.01573490132716,
          46.69754734318522
        ]
      }
    },
    {
      "type": "Feature",
      "properties": {
        "file": "leg07_m007_b166_2026-06-17T14-47-36.jpg",
        "leg": "leg07",
        "mark_index": 7,
        "along_track_m": 7.0,
        "achieved_heading": 169.89947721020505,
        "target_bearing": 166.90995222752088,
        "fix_type": 6,
        "hacc_m": 0.014,
        "corrupt": false,
        "position_interpolated": true,
        "captured_at_utc": "2026-06-17T20:47:36.726422+00:00"
      },
      "geometry": {
        "type": "Point",
        "coordinates": [
          -114.0157316,
          46.6975378
        ]
      }
    },
    {
      "type": "Feature",
      "properties": {
        "file": "leg07_m008_b166_2026-06-17T14-47-37.jpg",
        "leg": "leg07",
        "mark_index": 8,
        "along_track_m": 8.0,
        "achieved_heading": 170.58219489652777,
        "target_bearing": 166.90995222752088,
        "fix_type": 6,
        "hacc_m": 0.014,
        "corrupt": false,
        "position_interpolated": true,
        "captured_at_utc": "2026-06-17T20:47:37.707957+00:00"
      },
      "geometry": {
        "type": "Point",
        "coordinates": [
          -114.01572971671978,
          46.69752988359894
        ]
      }
    },
    {
      "type": "Feature",
      "properties": {
        "file": "leg07_m009_b166_2026-06-17T14-47-38.jpg",
        "leg": "leg07",
        "mark_index": 9,
        "along_track_m": 9.0,
        "achieved_heading": 170.47383222411688,
        "target_bearing": 166.90995222752088,
        "fix_type": 6,
        "hacc_m": 0.014,
        "corrupt": false,
        "position_interpolated": true,
        "captured_at_utc": "2026-06-17T20:47:38.906384+00:00"
      },
      "geometry": {
        "type": "Point",
        "coordinates": [
          -114.01572702111422,
          46.69751988445689
        ]
      }
    },
    {
      "type": "Feature",
      "properties": {
        "file": "leg07_m010_b166_2026-06-17T14-47-40.jpg",
        "leg": "leg07",
        "mark_index": 10,
        "along_track_m": 10.0,
        "achieved_heading": 168.76051023092114,
        "target_bearing": 166.90995222752088,
        "fix_type": 6,
        "hacc_m": 0.014,
        "corrupt": false,
        "position_interpolated": true,
        "captured_at_utc": "2026-06-17T20:47:40.025856+00:00"
      },
      "geometry": {
        "type": "Point",
        "coordinates": [
          -114.0157248,
          46.6975118
        ]
      }
    },
    {
      "type": "Feature",
      "properties": {
        "file": "leg07_m011_b166_2026-06-17T14-47-41.jpg",
        "leg": "leg07",
        "mark_index": 11,
        "along_track_m": 11.0,
        "achieved_heading": 168.3092298442461,
        "target_bearing": 166.90995222752088,
        "fix_type": 6,
        "hacc_m": 0.014,
        "corrupt": false,
        "position_interpolated": true,
        "captured_at_utc": "2026-06-17T20:47:41.081475+00:00"
      },
      "geometry": {
        "type": "Point",
        "coordinates": [
          -114.01572190149433,
          46.697502324781865
        ]
      }
    },
    {
      "type": "Feature",
      "properties": {
        "file": "leg07_m012_b166_2026-06-17T14-47-42.jpg",
        "leg": "leg07",
        "mark_index": 12,
        "along_track_m": 12.0,
        "achieved_heading": 165.7464857182658,
        "target_bearing": 166.90995222752088,
        "fix_type": 6,
        "hacc_m": 0.014,
        "corrupt": false,
        "position_interpolated": true,
        "captured_at_utc": "2026-06-17T20:47:42.057242+00:00"
      },
      "geometry": {
        "type": "Point",
        "coordinates": [
          -114.01571923860566,
          46.69749438907407
        ]
      }
    },
    {
      "type": "Feature",
      "properties": {
        "file": "leg07_m013_b166_2026-06-17T14-47-43.jpg",
        "leg": "leg07",
        "mark_index": 13,
        "along_track_m": 13.0,
        "achieved_heading": 166.87537419452235,
        "target_bearing": 166.90995222752088,
        "fix_type": 6,
        "hacc_m": 0.014,
        "corrupt": false,
        "position_interpolated": true,
        "captured_at_utc": "2026-06-17T20:47:43.253255+00:00"
      },
      "geometry": {
        "type": "Point",
        "coordinates": [
          -114.01571563340711,
          46.69748470018975
        ]
      }
    },
    {
      "type": "Feature",
      "properties": {
        "file": "leg07_m014_b166_2026-06-17T14-47-44.jpg",
        "leg": "leg07",
        "mark_index": 14,
        "along_track_m": 14.0,
        "achieved_heading": 167.6893935699814,
        "target_bearing": 166.90995222752088,
        "fix_type": 6,
        "hacc_m": 0.014,
        "corrupt": false,
        "position_interpolated": true,
        "captured_at_utc": "2026-06-17T20:47:44.298554+00:00"
      },
      "geometry": {
        "type": "Point",
        "coordinates": [
          -114.0157126452689,
          46.69747589239287
        ]
      }
    },
    {
      "type": "Feature",
      "properties": {
        "file": "leg07_m015_b166_2026-06-17T14-47-45.jpg",
        "leg": "leg07",
        "mark_index": 15,
        "along_track_m": 15.0,
        "achieved_heading": 167.6456389592139,
        "target_bearing": 166.90995222752088,
        "fix_type": 6,
        "hacc_m": 0.014,
        "corrupt": false,
        "position_interpolated": true,
        "captured_at_utc": "2026-06-17T20:47:45.268395+00:00"
      },
      "geometry": {
        "type": "Point",
        "coordinates": [
          -114.01570975614624,
          46.69746801638996
        ]
      }
    },
    {
      "type": "Feature",
      "properties": {
        "file": "leg07_m016_b166_2026-06-17T14-47-46.jpg",
        "leg": "leg07",
        "mark_index": 16,
        "along_track_m": 16.0,
        "achieved_heading": 168.4638536782712,
        "target_bearing": 166.90995222752088,
        "fix_type": 6,
        "hacc_m": 0.014,
        "corrupt": false,
        "position_interpolated": true,
        "captured_at_utc": "2026-06-17T20:47:46.325461+00:00"
      },
      "geometry": {
        "type": "Point",
        "coordinates": [
          -114.01570679999999,
          46.6974593
        ]
      }
    },
    {
      "type": "Feature",
      "properties": {
        "file": "leg07_m017_b166_2026-06-17T14-47-47.jpg",
        "leg": "leg07",
        "mark_index": 17,
        "along_track_m": 17.0,
        "achieved_heading": 170.40517838635444,
        "target_bearing": 166.90995222752088,
        "fix_type": 6,
        "hacc_m": 0.014,
        "corrupt": false,
        "position_interpolated": true,
        "captured_at_utc": "2026-06-17T20:47:47.442991+00:00"
      },
      "geometry": {
        "type": "Point",
        "coordinates": [
          -114.01570415083009,
          46.697450465612874
        ]
      }
    },
    {
      "type": "Feature",
      "properties": {
        "file": "leg07_m018_b166_2026-06-17T14-47-48.jpg",
        "leg": "leg07",
        "mark_index": 18,
        "along_track_m": 18.0,
        "achieved_heading": 168.17371084770846,
        "target_bearing": 166.90995222752088,
        "fix_type": 6,
        "hacc_m": 0.014,
        "corrupt": false,
        "position_interpolated": true,
        "captured_at_utc": "2026-06-17T20:47:48.491178+00:00"
      },
      "geometry": {
        "type": "Point",
        "coordinates": [
          -114.01570181898991,
          46.69744211730642
        ]
      }
    },
    {
      "type": "Feature",
      "properties": {
        "file": "leg07_m019_b166_2026-06-17T14-47-49.jpg",
        "leg": "leg07",
        "mark_index": 19,
        "along_track_m": 19.0,
        "achieved_heading": 167.61014231087356,
        "target_bearing": 166.90995222752088,
        "fix_type": 6,
        "hacc_m": 0.014,
        "corrupt": false,
        "position_interpolated": true,
        "captured_at_utc": "2026-06-17T20:47:49.750818+00:00"
      },
      "geometry": {
        "type": "Point",
        "coordinates": [
          -114.015698,
          46.6974324
        ]
      }
    },
    {
      "type": "Feature",
      "properties": {
        "file": "leg07_m020_b166_2026-06-17T14-47-51.jpg",
        "leg": "leg07",
        "mark_index": 20,
        "along_track_m": 20.0,
        "achieved_heading": 170.96674427766786,
        "target_bearing": 166.90995222752088,
        "fix_type": 6,
        "hacc_m": 0.014,
        "corrupt": false,
        "position_interpolated": true,
        "captured_at_utc": "2026-06-17T20:47:50.878682+00:00"
      },
      "geometry": {
        "type": "Point",
        "coordinates": [
          -114.01569518025316,
          46.697423000949414
        ]
      }
    },
    {
      "type": "Feature",
      "properties": {
        "file": "leg07_m021_b166_2026-06-17T14-47-51.jpg",
        "leg": "leg07",
        "mark_index": 21,
        "along_track_m": 21.0,
        "achieved_heading": 170.45081094668737,
        "target_bearing": 166.90995222752088,
        "fix_type": 6,
        "hacc_m": 0.014,
        "corrupt": false,
        "position_interpolated": true,
        "captured_at_utc": "2026-06-17T20:47:51.926662+00:00"
      },
      "geometry": {
        "type": "Point",
        "coordinates": [
          -114.01569219999999,
          46.697415799999995
        ]
      }
    },
    {
      "type": "Feature",
      "properties": {
        "file": "leg07_m022_b166_2026-06-17T14-47-53.jpg",
        "leg": "leg07",
        "mark_index": 22,
        "along_track_m": 22.0,
        "achieved_heading": 169.33518496845056,
        "target_bearing": 166.90995222752088,
        "fix_type": 6,
        "hacc_m": 0.014,
        "corrupt": false,
        "position_interpolated": true,
        "captured_at_utc": "2026-06-17T20:47:53.051516+00:00"
      },
      "geometry": {
        "type": "Point",
        "coordinates": [
          -114.01568944084548,
          46.69740666338191
        ]
      }
    },
    {
      "type": "Feature",
      "properties": {
        "file": "leg07_m023_b166_2026-06-17T14-47-54.jpg",
        "leg": "leg07",
        "mark_index": 23,
        "along_track_m": 23.0,
        "achieved_heading": 167.8914155261318,
        "target_bearing": 166.90995222752088,
        "fix_type": 6,
        "hacc_m": 0.014,
        "corrupt": false,
        "position_interpolated": true,
        "captured_at_utc": "2026-06-17T20:47:54.298818+00:00"
      },
      "geometry": {
        "type": "Point",
        "coordinates": [
          -114.01568635815961,
          46.69739685509231
        ]
      }
    },
    {
      "type": "Feature",
      "properties": {
        "file": "leg07_m024_b166_2026-06-17T14-47-55.jpg",
        "leg": "leg07",
        "mark_index": 24,
        "along_track_m": 24.0,
        "achieved_heading": 167.54894413343774,
        "target_bearing": 166.90995222752088,
        "fix_type": 6,
        "hacc_m": 0.014,
        "corrupt": false,
        "position_interpolated": true,
        "captured_at_utc": "2026-06-17T20:47:55.286885+00:00"
      },
      "geometry": {
        "type": "Point",
        "coordinates": [
          -114.01568329699383,
          46.69738863555643
        ]
      }
    },
    {
      "type": "Feature",
      "properties": {
        "file": "leg07_m025_b166_2026-06-17T14-47-56.jpg",
        "leg": "leg07",
        "mark_index": 25,
        "along_track_m": 25.0,
        "achieved_heading": 166.25218005799434,
        "target_bearing": 166.90995222752088,
        "fix_type": 6,
        "hacc_m": 0.014,
        "corrupt": false,
        "position_interpolated": true,
        "captured_at_utc": "2026-06-17T20:47:56.408439+00:00"
      },
      "geometry": {
        "type": "Point",
        "coordinates": [
          -114.01568012787934,
          46.69737991969833
        ]
      }
    },
    {
      "type": "Feature",
      "properties": {
        "file": "leg07_m026_b166_2026-06-17T14-47-57.jpg",
        "leg": "leg07",
        "mark_index": 26,
        "along_track_m": 26.0,
        "achieved_heading": 167.59499050819593,
        "target_bearing": 166.90995222752088,
        "fix_type": 6,
        "hacc_m": 0.014,
        "corrupt": false,
        "position_interpolated": true,
        "captured_at_utc": "2026-06-17T20:47:57.734148+00:00"
      },
      "geometry": {
        "type": "Point",
        "coordinates": [
          -114.0156765,
          46.6973712
        ]
      }
    },
    {
      "type": "Feature",
      "properties": {
        "file": "leg07_m027_b166_2026-06-17T14-47-58.jpg",
        "leg": "leg07",
        "mark_index": 27,
        "along_track_m": 27.0,
        "achieved_heading": 168.7689237346395,
        "target_bearing": 166.90995222752088,
        "fix_type": 6,
        "hacc_m": 0.014,
        "corrupt": false,
        "position_interpolated": true,
        "captured_at_utc": "2026-06-17T20:47:58.644300+00:00"
      },
      "geometry": {
        "type": "Point",
        "coordinates": [
          -114.01567386955152,
          46.69736339313247
        ]
      }
    },
    {
      "type": "Feature",
      "properties": {
        "file": "leg07_m028_b166_2026-06-17T14-47-59.jpg",
        "leg": "leg07",
        "mark_index": 28,
        "along_track_m": 28.0,
        "achieved_heading": 169.54894062812838,
        "target_bearing": 166.90995222752088,
        "fix_type": 6,
        "hacc_m": 0.014,
        "corrupt": false,
        "position_interpolated": true,
        "captured_at_utc": "2026-06-17T20:47:59.908148+00:00"
      },
      "geometry": {
        "type": "Point",
        "coordinates": [
          -114.01567061744518,
          46.69735317414205
        ]
      }
    },
    {
      "type": "Feature",
      "properties": {
        "file": "leg07_m029_b166_2026-06-17T14-48-01.jpg",
        "leg": "leg07",
        "mark_index": 29,
        "along_track_m": 29.0,
        "achieved_heading": 167.80298544153865,
        "target_bearing": 166.90995222752088,
        "fix_type": 6,
        "hacc_m": 0.014,
        "corrupt": false,
        "position_interpolated": true,
        "captured_at_utc": "2026-06-17T20:48:00.959224+00:00"
      },
      "geometry": {
        "type": "Point",
        "coordinates": [
          -114.0156684,
          46.697344799999996
        ]
      }
    },
    {
      "type": "Feature",
      "properties": {
        "file": "leg07_m030_b166_2026-06-17T14-48-01.jpg",
        "leg": "leg07",
        "mark_index": 30,
        "along_track_m": 30.0,
        "achieved_heading": 168.3560337463042,
        "target_bearing": 166.90995222752088,
        "fix_type": 6,
        "hacc_m": 0.014,
        "corrupt": false,
        "position_interpolated": true,
        "captured_at_utc": "2026-06-17T20:48:01.939027+00:00"
      },
      "geometry": {
        "type": "Point",
        "coordinates": [
          -114.0156658,
          46.6973365
        ]
      }
    },
    {
      "type": "Feature",
      "properties": {
        "file": "leg07_m031_b166_2026-06-17T14-48-03.jpg",
        "leg": "leg07",
        "mark_index": 31,
        "along_track_m": 31.0,
        "achieved_heading": 167.14266318740556,
        "target_bearing": 166.90995222752088,
        "fix_type": 6,
        "hacc_m": 0.014,
        "corrupt": false,
        "position_interpolated": true,
        "captured_at_utc": "2026-06-17T20:48:02.997804+00:00"
      },
      "geometry": {
        "type": "Point",
        "coordinates": [
          -114.01566242964518,
          46.697327643424025
        ]
      }
    },
    {
      "type": "Feature",
      "properties": {
        "file": "leg07_m032_b166_2026-06-17T14-48-04.jpg",
        "leg": "leg07",
        "mark_index": 32,
        "along_track_m": 32.0,
        "achieved_heading": 168.96274790501855,
        "target_bearing": 166.90995222752088,
        "fix_type": 6,
        "hacc_m": 0.014,
        "corrupt": false,
        "position_interpolated": true,
        "captured_at_utc": "2026-06-17T20:48:04.097184+00:00"
      },
      "geometry": {
        "type": "Point",
        "coordinates": [
          -114.01565909034352,
          46.697319325858814
        ]
      }
    },
    {
      "type": "Feature",
      "properties": {
        "file": "leg07_m033_b166_2026-06-17T14-48-05.jpg",
        "leg": "leg07",
        "mark_index": 33,
        "along_track_m": 33.0,
        "achieved_heading": 169.61269011462886,
        "target_bearing": 166.90995222752088,
        "fix_type": 6,
        "hacc_m": 0.014,
        "corrupt": false,
        "position_interpolated": true,
        "captured_at_utc": "2026-06-17T20:48:05.139879+00:00"
      },
      "geometry": {
        "type": "Point",
        "coordinates": [
          -114.01565649999999,
          46.697310699999996
        ]
      }
    },
    {
      "type": "Feature",
      "properties": {
        "file": "leg07_m034_b166_2026-06-17T14-48-06.jpg",
        "leg": "leg07",
        "mark_index": 34,
        "along_track_m": 34.0,
        "achieved_heading": 171.389376512288,
        "target_bearing": 166.90995222752088,
        "fix_type": 6,
        "hacc_m": 0.014,
        "corrupt": false,
        "position_interpolated": true,
        "captured_at_utc": "2026-06-17T20:48:06.348907+00:00"
      },
      "geometry": {
        "type": "Point",
        "coordinates": [
          -114.0156536,
          46.697301599999996
        ]
      }
    },
    {
      "type": "Feature",
      "properties": {
        "file": "leg07_m035_b166_2026-06-17T14-48-07.jpg",
        "leg": "leg07",
        "mark_index": 35,
        "along_track_m": 35.0,
        "achieved_heading": 171.58343735010223,
        "target_bearing": 166.90995222752088,
        "fix_type": 6,
        "hacc_m": 0.014,
        "corrupt": false,
        "position_interpolated": true,
        "captured_at_utc": "2026-06-17T20:48:07.540528+00:00"
      },
      "geometry": {
        "type": "Point",
        "coordinates": [
          -114.0156514,
          46.697292499999996
        ]
      }
    },
    {
      "type": "Feature",
      "properties": {
        "file": "leg07_m036_b166_2026-06-17T14-48-08.jpg",
        "leg": "leg07",
        "mark_index": 36,
        "along_track_m": 36.0,
        "achieved_heading": 168.32697625278772,
        "target_bearing": 166.90995222752088,
        "fix_type": 6,
        "hacc_m": 0.014,
        "corrupt": false,
        "position_interpolated": true,
        "captured_at_utc": "2026-06-17T20:48:08.727093+00:00"
      },
      "geometry": {
        "type": "Point",
        "coordinates": [
          -114.01564839999999,
          46.697283
        ]
      }
    },
    {
      "type": "Feature",
      "properties": {
        "file": "leg07_m037_b166_2026-06-17T14-48-09.jpg",
        "leg": "leg07",
        "mark_index": 37,
        "along_track_m": 37.0,
        "achieved_heading": 166.42837890292918,
        "target_bearing": 166.90995222752088,
        "fix_type": 6,
        "hacc_m": 0.014,
        "corrupt": false,
        "position_interpolated": true,
        "captured_at_utc": "2026-06-17T20:48:09.652934+00:00"
      },
      "geometry": {
        "type": "Point",
        "coordinates": [
          -114.01564591788356,
          46.69727492914579
        ]
      }
    },
    {
      "type": "Feature",
      "properties": {
        "file": "leg07_m038_b166_2026-06-17T14-48-10.jpg",
        "leg": "leg07",
        "mark_index": 38,
        "along_track_m": 38.0,
        "achieved_heading": 166.09543057758947,
        "target_bearing": 166.90995222752088,
        "fix_type": 6,
        "hacc_m": 0.014,
        "corrupt": false,
        "position_interpolated": true,
        "captured_at_utc": "2026-06-17T20:48:10.755459+00:00"
      },
      "geometry": {
        "type": "Point",
        "coordinates": [
          -114.01564219999999,
          46.6972666
        ]
      }
    },
    {
      "type": "Feature",
      "properties": {
        "file": "leg07_m039_b166_2026-06-17T14-48-11.jpg",
        "leg": "leg07",
        "mark_index": 39,
        "along_track_m": 39.0,
        "achieved_heading": 170.05897581303162,
        "target_bearing": 166.90995222752088,
        "fix_type": 6,
        "hacc_m": 0.014,
        "corrupt": false,
        "position_interpolated": true,
        "captured_at_utc": "2026-06-17T20:48:11.874172+00:00"
      },
      "geometry": {
        "type": "Point",
        "coordinates": [
          -114.01563852863495,
          46.69725698590487
        ]
      }
    },
    {
      "type": "Feature",
      "properties": {
        "file": "leg07_m040_b166_2026-06-17T14-48-13.jpg",
        "leg": "leg07",
        "mark_index": 40,
        "along_track_m": 40.0,
        "achieved_heading": 170.20964878984898,
        "target_bearing": 166.90995222752088,
        "fix_type": 6,
        "hacc_m": 0.014,
        "corrupt": false,
        "position_interpolated": true,
        "captured_at_utc": "2026-06-17T20:48:12.924777+00:00"
      },
      "geometry": {
        "type": "Point",
        "coordinates": [
          -114.01563569999999,
          46.6972482
        ]
      }
    },
    {
      "type": "Feature",
      "properties": {
        "file": "leg07_m041_b166_2026-06-17T14-48-13.jpg",
        "leg": "leg07",
        "mark_index": 41,
        "along_track_m": 41.0,
        "achieved_heading": 168.30536233486183,
        "target_bearing": 166.90995222752088,
        "fix_type": 6,
        "hacc_m": 0.014,
        "corrupt": false,
        "position_interpolated": true,
        "captured_at_utc": "2026-06-17T20:48:13.909467+00:00"
      },
      "geometry": {
        "type": "Point",
        "coordinates": [
          -114.01563292802007,
          46.69723986804874
        ]
      }
    },
    {
      "type": "Feature",
      "properties": {
        "file": "leg07_m042_b166_2026-06-17T14-48-14.jpg",
        "leg": "leg07",
        "mark_index": 42,
        "along_track_m": 42.0,
        "achieved_heading": 167.04915784167102,
        "target_bearing": 166.90995222752088,
        "fix_type": 6,
        "hacc_m": 0.014,
        "corrupt": false,
        "position_interpolated": true,
        "captured_at_utc": "2026-06-17T20:48:14.893147+00:00"
      },
      "geometry": {
        "type": "Point",
        "coordinates": [
          -114.01563035841139,
          46.69723178691642
        ]
      }
    },
    {
      "type": "Feature",
      "properties": {
        "file": "leg07_m043_b166_2026-06-17T14-48-16.jpg",
        "leg": "leg07",
        "mark_index": 43,
        "along_track_m": 43.0,
        "achieved_heading": 167.41709073489585,
        "target_bearing": 166.90995222752088,
        "fix_type": 6,
        "hacc_m": 0.014,
        "corrupt": false,
        "position_interpolated": true,
        "captured_at_utc": "2026-06-17T20:48:16.078049+00:00"
      },
      "geometry": {
        "type": "Point",
        "coordinates": [
          -114.01562694409004,
          46.697222184240154
        ]
      }
    },
    {
      "type": "Feature",
      "properties": {
        "file": "leg07_m044_b166_2026-06-17T14-48-17.jpg",
        "leg": "leg07",
        "mark_index": 44,
        "along_track_m": 44.0,
        "achieved_heading": 167.7702197686238,
        "target_bearing": 166.90995222752088,
        "fix_type": 6,
        "hacc_m": 0.014,
        "corrupt": false,
        "position_interpolated": true,
        "captured_at_utc": "2026-06-17T20:48:17.140792+00:00"
      },
      "geometry": {
        "type": "Point",
        "coordinates": [
          -114.0156236,
          46.6972137
        ]
      }
    },
    {
      "type": "Feature",
      "properties": {
        "file": "leg07_m045_b166_2026-06-17T14-48-18.jpg",
        "leg": "leg07",
        "mark_index": 45,
        "along_track_m": 45.0,
        "achieved_heading": 169.02304887878495,
        "target_bearing": 166.90995222752088,
        "fix_type": 6,
        "hacc_m": 0.014,
        "corrupt": false,
        "position_interpolated": true,
        "captured_at_utc": "2026-06-17T20:48:18.104497+00:00"
      },
      "geometry": {
        "type": "Point",
        "coordinates": [
          -114.01562094788088,
          46.69720560349373
        ]
      }
    },
    {
      "type": "Feature",
      "properties": {
        "file": "leg07_m046_b166_2026-06-17T14-48-19.jpg",
        "leg": "leg07",
        "mark_index": 46,
        "along_track_m": 46.0,
        "achieved_heading": 167.41642302336882,
        "target_bearing": 166.90995222752088,
        "fix_type": 6,
        "hacc_m": 0.014,
        "corrupt": false,
        "position_interpolated": true,
        "captured_at_utc": "2026-06-17T20:48:19.301419+00:00"
      },
      "geometry": {
        "type": "Point",
        "coordinates": [
          -114.01561785781944,
          46.69719556382173
        ]
      }
    },
    {
      "type": "Feature",
      "properties": {
        "file": "leg07_m047_b166_2026-06-17T14-48-20.jpg",
        "leg": "leg07",
        "mark_index": 47,
        "along_track_m": 47.0,
        "achieved_heading": 165.9440999936687,
        "target_bearing": 166.90995222752088,
        "fix_type": 6,
        "hacc_m": 0.014,
        "corrupt": false,
        "position_interpolated": true,
        "captured_at_utc": "2026-06-17T20:48:20.284797+00:00"
      },
      "geometry": {
        "type": "Point",
        "coordinates": [
          -114.01561519259992,
          46.69718747779981
        ]
      }
    },
    {
      "type": "Feature",
      "properties": {
        "file": "leg07_m048_b166_2026-06-17T14-48-21.jpg",
        "leg": "leg07",
        "mark_index": 48,
        "along_track_m": 48.0,
        "achieved_heading": 166.0048285759726,
        "target_bearing": 166.90995222752088,
        "fix_type": 6,
        "hacc_m": 0.014,
        "corrupt": false,
        "position_interpolated": true,
        "captured_at_utc": "2026-06-17T20:48:21.340287+00:00"
      },
      "geometry": {
        "type": "Point",
        "coordinates": [
          -114.0156119,
          46.6971789
        ]
      }
    },
    {
      "type": "Feature",
      "properties": {
        "file": "leg07_m049_b166_2026-06-17T14-48-22.jpg",
        "leg": "leg07",
        "mark_index": 49,
        "along_track_m": 49.0,
        "achieved_heading": 166.73883235227876,
        "target_bearing": 166.90995222752088,
        "fix_type": 6,
        "hacc_m": 0.014,
        "corrupt": false,
        "position_interpolated": true,
        "captured_at_utc": "2026-06-17T20:48:22.529164+00:00"
      },
      "geometry": {
        "type": "Point",
        "coordinates": [
          -114.01560820469466,
          46.69716921140133
        ]
      }
    },
    {
      "type": "Feature",
      "properties": {
        "file": "leg07_m050_b166_2026-06-17T14-48-23.jpg",
        "leg": "leg07",
        "mark_index": 50,
        "along_track_m": 50.0,
        "achieved_heading": 170.87281806157108,
        "target_bearing": 166.90995222752088,
        "fix_type": 6,
        "hacc_m": 0.014,
        "corrupt": false,
        "position_interpolated": true,
        "captured_at_utc": "2026-06-17T20:48:23.504763+00:00"
      },
      "geometry": {
        "type": "Point",
        "coordinates": [
          -114.01560524239473,
          46.69716092718418
        ]
      }
    },
    {
      "type": "Feature",
      "properties": {
        "file": "leg08_m000_b076_2026-06-17T14-48-27.jpg",
        "leg": "leg08",
        "mark_index": 0,
        "along_track_m": 0.0,
        "achieved_heading": 76.56420424439702,
        "target_bearing": 76.8298232898054,
        "fix_type": 6,
        "hacc_m": 0.014,
        "corrupt": false,
        "position_interpolated": true,
        "captured_at_utc": "2026-06-17T20:48:27.903702+00:00"
      },
      "geometry": {
        "type": "Point",
        "coordinates": [
          -114.01560549999999,
          46.6971561
        ]
      }
    },
    {
      "type": "Feature",
      "properties": {
        "file": "leg08_m001_b076_2026-06-17T14-48-29.jpg",
        "leg": "leg08",
        "mark_index": 1,
        "along_track_m": 1.0,
        "achieved_heading": 75.26525162705593,
        "target_bearing": 76.8298232898054,
        "fix_type": 6,
        "hacc_m": 0.014,
        "corrupt": false,
        "position_interpolated": true,
        "captured_at_utc": "2026-06-17T20:48:29.662988+00:00"
      },
      "geometry": {
        "type": "Point",
        "coordinates": [
          -114.01559058144635,
          46.69715944142372
        ]
      }
    },
    {
      "type": "Feature",
      "properties": {
        "file": "leg08_m002_b076_2026-06-17T14-48-30.jpg",
        "leg": "leg08",
        "mark_index": 2,
        "along_track_m": 2.0,
        "achieved_heading": 79.40235068257755,
        "target_bearing": 76.8298232898054,
        "fix_type": 6,
        "hacc_m": 0.014,
        "corrupt": false,
        "position_interpolated": true,
        "captured_at_utc": "2026-06-17T20:48:30.776048+00:00"
      },
      "geometry": {
        "type": "Point",
        "coordinates": [
          -114.0155784,
          46.6971616
        ]
      }
    },
    {
      "type": "Feature",
      "properties": {
        "file": "leg08_m003_b076_2026-06-17T14-48-31.jpg",
        "leg": "leg08",
        "mark_index": 3,
        "along_track_m": 3.0,
        "achieved_heading": 82.77506674361514,
        "target_bearing": 76.8298232898054,
        "fix_type": 6,
        "hacc_m": 0.014,
        "corrupt": false,
        "position_interpolated": true,
        "captured_at_utc": "2026-06-17T20:48:31.835106+00:00"
      },
      "geometry": {
        "type": "Point",
        "coordinates": [
          -114.01556503270342,
          46.697163318895356
        ]
      }
    },
    {
      "type": "Feature",
      "properties": {
        "file": "leg08_m004_b076_2026-06-17T14-48-33.jpg",
        "leg": "leg08",
        "mark_index": 4,
        "along_track_m": 4.0,
        "achieved_heading": 82.37033061991852,
        "target_bearing": 76.8298232898054,
        "fix_type": 6,
        "hacc_m": 0.014,
        "corrupt": false,
        "position_interpolated": true,
        "captured_at_utc": "2026-06-17T20:48:32.949595+00:00"
      },
      "geometry": {
        "type": "Point",
        "coordinates": [
          -114.0155521,
          46.6971649
        ]
      }
    },
    {
      "type": "Feature",
      "properties": {
        "file": "leg08_m005_b076_2026-06-17T14-48-33.jpg",
        "leg": "leg08",
        "mark_index": 5,
        "along_track_m": 4.845,
        "achieved_heading": 83.84480091456116,
        "target_bearing": 76.8298232898054,
        "fix_type": 6,
        "hacc_m": 0.014,
        "corrupt": false,
        "position_interpolated": true,
        "captured_at_utc": "2026-06-17T20:48:33.732559+00:00"
      },
      "geometry": {
        "type": "Point",
        "coordinates": [
          -114.0155424,
          46.697165999999996
        ]
      }
    },
    {
      "type": "Feature",
      "properties": {
        "file": "leg09_m000_b346_2026-06-17T14-48-38.jpg",
        "leg": "leg09",
        "mark_index": 0,
        "along_track_m": 0.0,
        "achieved_heading": 346.30165837829367,
        "target_bearing": 346.910108267361,
        "fix_type": 6,
        "hacc_m": 0.014,
        "corrupt": false,
        "position_interpolated": true,
        "captured_at_utc": "2026-06-17T20:48:37.989474+00:00"
      },
      "geometry": {
        "type": "Point",
        "coordinates": [
          -114.01554039999999,
          46.6971664
        ]
      }
    },
    {
      "type": "Feature",
      "properties": {
        "file": "leg09_m001_b346_2026-06-17T14-48-39.jpg",
        "leg": "leg09",
        "mark_index": 1,
        "along_track_m": 1.0,
        "achieved_heading": 341.83917659091725,
        "target_bearing": 346.910108267361,
        "fix_type": 6,
        "hacc_m": 0.014,
        "corrupt": false,
        "position_interpolated": true,
        "captured_at_utc": "2026-06-17T20:48:39.608914+00:00"
      },
      "geometry": {
        "type": "Point",
        "coordinates": [
          -114.01554469999999,
          46.6971748
        ]
      }
    },
    {
      "type": "Feature",
      "properties": {
        "file": "leg09_m002_b346_2026-06-17T14-48-40.jpg",
        "leg": "leg09",
        "mark_index": 2,
        "along_track_m": 2.0,
        "achieved_heading": 347.9043932186131,
        "target_bearing": 346.910108267361,
        "fix_type": 6,
        "hacc_m": 0.014,
        "corrupt": false,
        "position_interpolated": true,
        "captured_at_utc": "2026-06-17T20:48:40.654090+00:00"
      },
      "geometry": {
        "type": "Point",
        "coordinates": [
          -114.01554946701914,
          46.697183800755305
        ]
      }
    },
    {
      "type": "Feature",
      "properties": {
        "file": "leg09_m003_b346_2026-06-17T14-48-41.jpg",
        "leg": "leg09",
        "mark_index": 3,
        "along_track_m": 3.0,
        "achieved_heading": 352.865978541328,
        "target_bearing": 346.910108267361,
        "fix_type": 6,
        "hacc_m": 0.014,
        "corrupt": false,
        "position_interpolated": true,
        "captured_at_utc": "2026-06-17T20:48:41.709925+00:00"
      },
      "geometry": {
        "type": "Point",
        "coordinates": [
          -114.01555238370042,
          46.69719244784139
        ]
      }
    },
    {
      "type": "Feature",
      "properties": {
        "file": "leg09_m004_b346_2026-06-17T14-48-42.jpg",
        "leg": "leg09",
        "mark_index": 4,
        "along_track_m": 4.0,
        "achieved_heading": 354.43530850046176,
        "target_bearing": 346.910108267361,
        "fix_type": 6,
        "hacc_m": 0.014,
        "corrupt": false,
        "position_interpolated": true,
        "captured_at_utc": "2026-06-17T20:48:42.687690+00:00"
      },
      "geometry": {
        "type": "Point",
        "coordinates": [
          -114.01555429072934,
          46.6972007034082
        ]
      }
    },
    {
      "type": "Feature",
      "properties": {
        "file": "leg09_m005_b346_2026-06-17T14-48-44.jpg",
        "leg": "leg09",
        "mark_index": 5,
        "along_track_m": 5.0,
        "achieved_heading": 349.6334710968578,
        "target_bearing": 346.910108267361,
        "fix_type": 6,
        "hacc_m": 0.014,
        "corrupt": false,
        "position_interpolated": true,
        "captured_at_utc": "2026-06-17T20:48:43.940665+00:00"
      },
      "geometry": {
        "type": "Point",
        "coordinates": [
          -114.015557,
          46.697210899999995
        ]
      }
    },
    {
      "type": "Feature",
      "properties": {
        "file": "leg09_m006_b346_2026-06-17T14-48-44.jpg",
        "leg": "leg09",
        "mark_index": 6,
        "along_track_m": 6.0,
        "achieved_heading": 349.18351562173734,
        "target_bearing": 346.910108267361,
        "fix_type": 6,
        "hacc_m": 0.014,
        "corrupt": false,
        "position_interpolated": true,
        "captured_at_utc": "2026-06-17T20:48:44.852338+00:00"
      },
      "geometry": {
        "type": "Point",
        "coordinates": [
          -114.01555974556992,
          46.69721892753233
        ]
      }
    },
    {
      "type": "Feature",
      "properties": {
        "file": "leg09_m007_b346_2026-06-17T14-48-45.jpg",
        "leg": "leg09",
        "mark_index": 7,
        "along_track_m": 7.0,
        "achieved_heading": 347.89509671450605,
        "target_bearing": 346.910108267361,
        "fix_type": 6,
        "hacc_m": 0.014,
        "corrupt": false,
        "position_interpolated": true,
        "captured_at_utc": "2026-06-17T20:48:45.908193+00:00"
      },
      "geometry": {
        "type": "Point",
        "coordinates": [
          -114.01556307493765,
          46.69722784271463
        ]
      }
    },
    {
      "type": "Feature",
      "properties": {
        "file": "leg09_m008_b346_2026-06-17T14-48-46.jpg",
        "leg": "leg09",
        "mark_index": 8,
        "along_track_m": 8.0,
        "achieved_heading": 348.89514348105786,
        "target_bearing": 346.910108267361,
        "fix_type": 6,
        "hacc_m": 0.014,
        "corrupt": false,
        "position_interpolated": true,
        "captured_at_utc": "2026-06-17T20:48:46.953164+00:00"
      },
      "geometry": {
        "type": "Point",
        "coordinates": [
          -114.0155662,
          46.6972361
        ]
      }
    },
    {
      "type": "Feature",
      "properties": {
        "file": "leg09_m009_b346_2026-06-17T14-48-47.jpg",
        "leg": "leg09",
        "mark_index": 9,
        "along_track_m": 9.0,
        "achieved_heading": 351.04578170515674,
        "target_bearing": 346.910108267361,
        "fix_type": 6,
        "hacc_m": 0.014,
        "corrupt": false,
        "position_interpolated": true,
        "captured_at_utc": "2026-06-17T20:48:47.935245+00:00"
      },
      "geometry": {
        "type": "Point",
        "coordinates": [
          -114.0155691,
          46.6972445
        ]
      }
    },
    {
      "type": "Feature",
      "properties": {
        "file": "leg09_m010_b346_2026-06-17T14-48-49.jpg",
        "leg": "leg09",
        "mark_index": 10,
        "along_track_m": 10.0,
        "achieved_heading": 350.93000224371065,
        "target_bearing": 346.910108267361,
        "fix_type": 6,
        "hacc_m": 0.014,
        "corrupt": false,
        "position_interpolated": true,
        "captured_at_utc": "2026-06-17T20:48:49.055647+00:00"
      },
      "geometry": {
        "type": "Point",
        "coordinates": [
          -114.0155721032251,
          46.697254242471125
        ]
      }
    },
    {
      "type": "Feature",
      "properties": {
        "file": "leg09_m011_b346_2026-06-17T14-48-50.jpg",
        "leg": "leg09",
        "mark_index": 11,
        "along_track_m": 11.0,
        "achieved_heading": 349.93194638321836,
        "target_bearing": 346.910108267361,
        "fix_type": 6,
        "hacc_m": 0.014,
        "corrupt": false,
        "position_interpolated": true,
        "captured_at_utc": "2026-06-17T20:48:50.180878+00:00"
      },
      "geometry": {
        "type": "Point",
        "coordinates": [
          -114.0155752,
          46.6972631
        ]
      }
    },
    {
      "type": "Feature",
      "properties": {
        "file": "leg09_m012_b346_2026-06-17T14-48-51.jpg",
        "leg": "leg09",
        "mark_index": 12,
        "along_track_m": 12.0,
        "achieved_heading": 349.42302825229035,
        "target_bearing": 346.910108267361,
        "fix_type": 6,
        "hacc_m": 0.014,
        "corrupt": false,
        "position_interpolated": true,
        "captured_at_utc": "2026-06-17T20:48:51.152441+00:00"
      },
      "geometry": {
        "type": "Point",
        "coordinates": [
          -114.0155781,
          46.6972715
        ]
      }
    },
    {
      "type": "Feature",
      "properties": {
        "file": "leg09_m013_b346_2026-06-17T14-48-52.jpg",
        "leg": "leg09",
        "mark_index": 13,
        "along_track_m": 13.0,
        "achieved_heading": 349.4793866091821,
        "target_bearing": 346.910108267361,
        "fix_type": 6,
        "hacc_m": 0.014,
        "corrupt": false,
        "position_interpolated": true,
        "captured_at_utc": "2026-06-17T20:48:52.144952+00:00"
      },
      "geometry": {
        "type": "Point",
        "coordinates": [
          -114.0155808,
          46.69728
        ]
      }
    },
    {
      "type": "Feature",
      "properties": {
        "file": "leg09_m014_b346_2026-06-17T14-48-53.jpg",
        "leg": "leg09",
        "mark_index": 14,
        "along_track_m": 14.0,
        "achieved_heading": 350.2376418265141,
        "target_bearing": 346.910108267361,
        "fix_type": 6,
        "hacc_m": 0.014,
        "corrupt": false,
        "position_interpolated": true,
        "captured_at_utc": "2026-06-17T20:48:53.251732+00:00"
      },
      "geometry": {
        "type": "Point",
        "coordinates": [
          -114.0155836675477,
          46.69728930396466
        ]
      }
    },
    {
      "type": "Feature",
      "properties": {
        "file": "leg09_m015_b346_2026-06-17T14-48-54.jpg",
        "leg": "leg09",
        "mark_index": 15,
        "along_track_m": 15.0,
        "achieved_heading": 347.0814519111141,
        "target_bearing": 346.910108267361,
        "fix_type": 6,
        "hacc_m": 0.014,
        "corrupt": false,
        "position_interpolated": true,
        "captured_at_utc": "2026-06-17T20:48:54.238414+00:00"
      },
      "geometry": {
        "type": "Point",
        "coordinates": [
          -114.01558679397925,
          46.69729755832531
        ]
      }
    },
    {
      "type": "Feature",
      "properties": {
        "file": "leg09_m016_b346_2026-06-17T14-48-55.jpg",
        "leg": "leg09",
        "mark_index": 16,
        "along_track_m": 16.0,
        "achieved_heading": 347.7777546785496,
        "target_bearing": 346.910108267361,
        "fix_type": 6,
        "hacc_m": 0.014,
        "corrupt": false,
        "position_interpolated": true,
        "captured_at_utc": "2026-06-17T20:48:55.284096+00:00"
      },
      "geometry": {
        "type": "Point",
        "coordinates": [
          -114.01559036552055,
          46.697306111829754
        ]
      }
    },
    {
      "type": "Feature",
      "properties": {
        "file": "leg09_m017_b346_2026-06-17T14-48-56.jpg",
        "leg": "leg09",
        "mark_index": 17,
        "along_track_m": 17.0,
        "achieved_heading": 350.80363359765647,
        "target_bearing": 346.910108267361,
        "fix_type": 6,
        "hacc_m": 0.014,
        "corrupt": false,
        "position_interpolated": true,
        "captured_at_utc": "2026-06-17T20:48:56.336726+00:00"
      },
      "geometry": {
        "type": "Point",
        "coordinates": [
          -114.0155934,
          46.697314899999995
        ]
      }
    },
    {
      "type": "Feature",
      "properties": {
        "file": "leg09_m018_b346_2026-06-17T14-48-57.jpg",
        "leg": "leg09",
        "mark_index": 18,
        "along_track_m": 18.0,
        "achieved_heading": 352.036716392513,
        "target_bearing": 346.910108267361,
        "fix_type": 6,
        "hacc_m": 0.014,
        "corrupt": false,
        "position_interpolated": true,
        "captured_at_utc": "2026-06-17T20:48:57.318610+00:00"
      },
      "geometry": {
        "type": "Point",
        "coordinates": [
          -114.01559569999999,
          46.697323399999995
        ]
      }
    },
    {
      "type": "Feature",
      "properties": {
        "file": "leg09_m019_b346_2026-06-17T14-48-58.jpg",
        "leg": "leg09",
        "mark_index": 19,
        "along_track_m": 19.0,
        "achieved_heading": 349.3612400696464,
        "target_bearing": 346.910108267361,
        "fix_type": 6,
        "hacc_m": 0.014,
        "corrupt": false,
        "position_interpolated": true,
        "captured_at_utc": "2026-06-17T20:48:58.508218+00:00"
      },
      "geometry": {
        "type": "Point",
        "coordinates": [
          -114.01559864437861,
          46.69733304240608
        ]
      }
    },
    {
      "type": "Feature",
      "properties": {
        "file": "leg09_m020_b346_2026-06-17T14-48-59.jpg",
        "leg": "leg09",
        "mark_index": 20,
        "along_track_m": 20.0,
        "achieved_heading": 349.57451000314524,
        "target_bearing": 346.910108267361,
        "fix_type": 6,
        "hacc_m": 0.014,
        "corrupt": false,
        "position_interpolated": true,
        "captured_at_utc": "2026-06-17T20:48:59.553106+00:00"
      },
      "geometry": {
        "type": "Point",
        "coordinates": [
          -114.01560149999999,
          46.6973415
        ]
      }
    },
    {
      "type": "Feature",
      "properties": {
        "file": "leg09_m021_b346_2026-06-17T14-49-00.jpg",
        "leg": "leg09",
        "mark_index": 21,
        "along_track_m": 21.0,
        "achieved_heading": 349.89951274149644,
        "target_bearing": 346.910108267361,
        "fix_type": 6,
        "hacc_m": 0.014,
        "corrupt": false,
        "position_interpolated": true,
        "captured_at_utc": "2026-06-17T20:49:00.673862+00:00"
      },
      "geometry": {
        "type": "Point",
        "coordinates": [
          -114.01560467520414,
          46.69735085040829
        ]
      }
    },
    {
      "type": "Feature",
      "properties": {
        "file": "leg09_m022_b346_2026-06-17T14-49-01.jpg",
        "leg": "leg09",
        "mark_index": 22,
        "along_track_m": 22.0,
        "achieved_heading": 349.14527189696355,
        "target_bearing": 346.910108267361,
        "fix_type": 6,
        "hacc_m": 0.014,
        "corrupt": false,
        "position_interpolated": true,
        "captured_at_utc": "2026-06-17T20:49:01.723765+00:00"
      },
      "geometry": {
        "type": "Point",
        "coordinates": [
          -114.01560769999999,
          46.697359899999995
        ]
      }
    },
    {
      "type": "Feature",
      "properties": {
        "file": "leg09_m023_b346_2026-06-17T14-49-02.jpg",
        "leg": "leg09",
        "mark_index": 23,
        "along_track_m": 23.0,
        "achieved_heading": 348.3763018793132,
        "target_bearing": 346.910108267361,
        "fix_type": 6,
        "hacc_m": 0.014,
        "corrupt": false,
        "position_interpolated": true,
        "captured_at_utc": "2026-06-17T20:49:02.710220+00:00"
      },
      "geometry": {
        "type": "Point",
        "coordinates": [
          -114.01561048437826,
          46.69736805834204
        ]
      }
    },
    {
      "type": "Feature",
      "properties": {
        "file": "leg09_m024_b346_2026-06-17T14-49-03.jpg",
        "leg": "leg09",
        "mark_index": 24,
        "along_track_m": 24.0,
        "achieved_heading": 349.0195894659387,
        "target_bearing": 346.910108267361,
        "fix_type": 6,
        "hacc_m": 0.014,
        "corrupt": false,
        "position_interpolated": true,
        "captured_at_utc": "2026-06-17T20:49:03.750696+00:00"
      },
      "geometry": {
        "type": "Point",
        "coordinates": [
          -114.01561339999999,
          46.6973767
        ]
      }
    },
    {
      "type": "Feature",
      "properties": {
        "file": "leg09_m025_b346_2026-06-17T14-49-04.jpg",
        "leg": "leg09",
        "mark_index": 25,
        "along_track_m": 25.0,
        "achieved_heading": 347.5332739477341,
        "target_bearing": 346.910108267361,
        "fix_type": 6,
        "hacc_m": 0.014,
        "corrupt": false,
        "position_interpolated": true,
        "captured_at_utc": "2026-06-17T20:49:04.663934+00:00"
      },
      "geometry": {
        "type": "Point",
        "coordinates": [
          -114.01561626000166,
          46.697384696005976
        ]
      }
    },
    {
      "type": "Feature",
      "properties": {
        "file": "leg09_m026_b346_2026-06-17T14-49-05.jpg",
        "leg": "leg09",
        "mark_index": 26,
        "along_track_m": 26.0,
        "achieved_heading": 347.67408036642075,
        "target_bearing": 346.910108267361,
        "fix_type": 6,
        "hacc_m": 0.014,
        "corrupt": false,
        "position_interpolated": true,
        "captured_at_utc": "2026-06-17T20:49:05.714494+00:00"
      },
      "geometry": {
        "type": "Point",
        "coordinates": [
          -114.01561929831408,
          46.6973932936778
        ]
      }
    },
    {
      "type": "Feature",
      "properties": {
        "file": "leg09_m027_b346_2026-06-17T14-49-06.jpg",
        "leg": "leg09",
        "mark_index": 27,
        "along_track_m": 27.0,
        "achieved_heading": 348.75407966323553,
        "target_bearing": 346.910108267361,
        "fix_type": 6,
        "hacc_m": 0.014,
        "corrupt": false,
        "position_interpolated": true,
        "captured_at_utc": "2026-06-17T20:49:06.837005+00:00"
      },
      "geometry": {
        "type": "Point",
        "coordinates": [
          -114.01562244478463,
          46.69740264033467
        ]
      }
    },
    {
      "type": "Feature",
      "properties": {
        "file": "leg09_m028_b346_2026-06-17T14-49-07.jpg",
        "leg": "leg09",
        "mark_index": 28,
        "along_track_m": 28.0,
        "achieved_heading": 348.1940627630118,
        "target_bearing": 346.910108267361,
        "fix_type": 6,
        "hacc_m": 0.014,
        "corrupt": false,
        "position_interpolated": true,
        "captured_at_utc": "2026-06-17T20:49:07.960612+00:00"
      },
      "geometry": {
        "type": "Point",
        "coordinates": [
          -114.01562539999999,
          46.6974114
        ]
      }
    },
    {
      "type": "Feature",
      "properties": {
        "file": "leg09_m029_b346_2026-06-17T14-49-09.jpg",
        "leg": "leg09",
        "mark_index": 29,
        "along_track_m": 29.0,
        "achieved_heading": 348.41987244953145,
        "target_bearing": 346.910108267361,
        "fix_type": 6,
        "hacc_m": 0.014,
        "corrupt": false,
        "position_interpolated": true,
        "captured_at_utc": "2026-06-17T20:49:09.009609+00:00"
      },
      "geometry": {
        "type": "Point",
        "coordinates": [
          -114.0156282,
          46.6974197
        ]
      }
    },
    {
      "type": "Feature",
      "properties": {
        "file": "leg09_m030_b346_2026-06-17T14-49-10.jpg",
        "leg": "leg09",
        "mark_index": 30,
        "along_track_m": 30.0,
        "achieved_heading": 348.4780671307325,
        "target_bearing": 346.910108267361,
        "fix_type": 6,
        "hacc_m": 0.014,
        "corrupt": false,
        "position_interpolated": true,
        "captured_at_utc": "2026-06-17T20:49:10.130102+00:00"
      },
      "geometry": {
        "type": "Point",
        "coordinates": [
          -114.01563139999999,
          46.6974296
        ]
      }
    },
    {
      "type": "Feature",
      "properties": {
        "file": "leg09_m031_b346_2026-06-17T14-49-11.jpg",
        "leg": "leg09",
        "mark_index": 31,
        "along_track_m": 31.0,
        "achieved_heading": 348.7804626836017,
        "target_bearing": 346.910108267361,
        "fix_type": 6,
        "hacc_m": 0.014,
        "corrupt": false,
        "position_interpolated": true,
        "captured_at_utc": "2026-06-17T20:49:11.106289+00:00"
      },
      "geometry": {
        "type": "Point",
        "coordinates": [
          -114.01563445584253,
          46.69743777488718
        ]
      }
    },
    {
      "type": "Feature",
      "properties": {
        "file": "leg09_m032_b346_2026-06-17T14-49-12.jpg",
        "leg": "leg09",
        "mark_index": 32,
        "along_track_m": 32.0,
        "achieved_heading": 349.4709090640409,
        "target_bearing": 346.910108267361,
        "fix_type": 6,
        "hacc_m": 0.014,
        "corrupt": false,
        "position_interpolated": true,
        "captured_at_utc": "2026-06-17T20:49:12.158908+00:00"
      },
      "geometry": {
        "type": "Point",
        "coordinates": [
          -114.01563709999999,
          46.697446299999996
        ]
      }
    },
    {
      "type": "Feature",
      "properties": {
        "file": "leg09_m033_b346_2026-06-17T14-49-13.jpg",
        "leg": "leg09",
        "mark_index": 33,
        "along_track_m": 33.0,
        "achieved_heading": 349.5758850472786,
        "target_bearing": 346.910108267361,
        "fix_type": 6,
        "hacc_m": 0.014,
        "corrupt": false,
        "position_interpolated": true,
        "captured_at_utc": "2026-06-17T20:49:13.137999+00:00"
      },
      "geometry": {
        "type": "Point",
        "coordinates": [
          -114.0156397,
          46.6974549
        ]
      }
    },
    {
      "type": "Feature",
      "properties": {
        "file": "leg09_m034_b346_2026-06-17T14-49-14.jpg",
        "leg": "leg09",
        "mark_index": 34,
        "along_track_m": 34.0,
        "achieved_heading": 348.02887509052135,
        "target_bearing": 346.910108267361,
        "fix_type": 6,
        "hacc_m": 0.014,
        "corrupt": false,
        "position_interpolated": true,
        "captured_at_utc": "2026-06-17T20:49:14.193986+00:00"
      },
      "geometry": {
        "type": "Point",
        "coordinates": [
          -114.01564241228712,
          46.697464066099
        ]
      }
    },
    {
      "type": "Feature",
      "properties": {
        "file": "leg09_m035_b346_2026-06-17T14-49-15.jpg",
        "leg": "leg09",
        "mark_index": 35,
        "along_track_m": 35.0,
        "achieved_heading": 347.29314910011743,
        "target_bearing": 346.910108267361,
        "fix_type": 6,
        "hacc_m": 0.014,
        "corrupt": false,
        "position_interpolated": true,
        "captured_at_utc": "2026-06-17T20:49:15.320008+00:00"
      },
      "geometry": {
        "type": "Point",
        "coordinates": [
          -114.01564599999999,
          46.6974735
        ]
      }
    },
    {
      "type": "Feature",
      "properties": {
        "file": "leg09_m036_b346_2026-06-17T14-49-16.jpg",
        "leg": "leg09",
        "mark_index": 36,
        "along_track_m": 36.0,
        "achieved_heading": 348.7370085712837,
        "target_bearing": 346.910108267361,
        "fix_type": 6,
        "hacc_m": 0.014,
        "corrupt": false,
        "position_interpolated": true,
        "captured_at_utc": "2026-06-17T20:49:16.097703+00:00"
      },
      "geometry": {
        "type": "Point",
        "coordinates": [
          -114.01564863141598,
          46.697480139380765
        ]
      }
    },
    {
      "type": "Feature",
      "properties": {
        "file": "leg09_m037_b346_2026-06-17T14-49-17.jpg",
        "leg": "leg09",
        "mark_index": 37,
        "along_track_m": 37.0,
        "achieved_heading": 349.75192432416253,
        "target_bearing": 346.910108267361,
        "fix_type": 6,
        "hacc_m": 0.014,
        "corrupt": false,
        "position_interpolated": true,
        "captured_at_utc": "2026-06-17T20:49:17.346474+00:00"
      },
      "geometry": {
        "type": "Point",
        "coordinates": [
          -114.0156521,
          46.697489999999995
        ]
      }
    },
    {
      "type": "Feature",
      "properties": {
        "file": "leg09_m038_b346_2026-06-17T14-49-18.jpg",
        "leg": "leg09",
        "mark_index": 38,
        "along_track_m": 38.0,
        "achieved_heading": 355.6837965523771,
        "target_bearing": 346.910108267361,
        "fix_type": 6,
        "hacc_m": 0.014,
        "corrupt": false,
        "position_interpolated": true,
        "captured_at_utc": "2026-06-17T20:49:18.482438+00:00"
      },
      "geometry": {
        "type": "Point",
        "coordinates": [
          -114.01565457894205,
          46.69749894730462
        ]
      }
    },
    {
      "type": "Feature",
      "properties": {
        "file": "leg09_m039_b346_2026-06-17T14-49-19.jpg",
        "leg": "leg09",
        "mark_index": 39,
        "along_track_m": 39.0,
        "achieved_heading": 352.43798979039707,
        "target_bearing": 346.910108267361,
        "fix_type": 6,
        "hacc_m": 0.014,
        "corrupt": false,
        "position_interpolated": true,
        "captured_at_utc": "2026-06-17T20:49:19.679813+00:00"
      },
      "geometry": {
        "type": "Point",
        "coordinates": [
          -114.01565667744721,
          46.697508584864295
        ]
      }
    },
    {
      "type": "Feature",
      "properties": {
        "file": "leg09_m040_b346_2026-06-17T14-49-20.jpg",
        "leg": "leg09",
        "mark_index": 40,
        "along_track_m": 40.0,
        "achieved_heading": 350.0444453230715,
        "target_bearing": 346.910108267361,
        "fix_type": 6,
        "hacc_m": 0.014,
        "corrupt": false,
        "position_interpolated": true,
        "captured_at_utc": "2026-06-17T20:49:20.697728+00:00"
      },
      "geometry": {
        "type": "Point",
        "coordinates": [
          -114.01565905711382,
          46.69751656276426
        ]
      }
    },
    {
      "type": "Feature",
      "properties": {
        "file": "leg09_m041_b346_2026-06-17T14-49-21.jpg",
        "leg": "leg09",
        "mark_index": 41,
        "along_track_m": 41.0,
        "achieved_heading": 347.9046056431931,
        "target_bearing": 346.910108267361,
        "fix_type": 6,
        "hacc_m": 0.014,
        "corrupt": false,
        "position_interpolated": true,
        "captured_at_utc": "2026-06-17T20:49:21.824342+00:00"
      },
      "geometry": {
        "type": "Point",
        "coordinates": [
          -114.01566199999999,
          46.697525
        ]
      }
    },
    {
      "type": "Feature",
      "properties": {
        "file": "leg09_m042_b346_2026-06-17T14-49-22.jpg",
        "leg": "leg09",
        "mark_index": 42,
        "along_track_m": 42.0,
        "achieved_heading": 346.23040726122747,
        "target_bearing": 346.910108267361,
        "fix_type": 6,
        "hacc_m": 0.014,
        "corrupt": false,
        "position_interpolated": true,
        "captured_at_utc": "2026-06-17T20:49:22.875136+00:00"
      },
      "geometry": {
        "type": "Point",
        "coordinates": [
          -114.01566563955333,
          46.69753447910667
        ]
      }
    },
    {
      "type": "Feature",
      "properties": {
        "file": "leg09_m043_b346_2026-06-17T14-49-24.jpg",
        "leg": "leg09",
        "mark_index": 43,
        "along_track_m": 43.0,
        "achieved_heading": 347.1809175346277,
        "target_bearing": 346.910108267361,
        "fix_type": 6,
        "hacc_m": 0.014,
        "corrupt": false,
        "position_interpolated": true,
        "captured_at_utc": "2026-06-17T20:49:23.990962+00:00"
      },
      "geometry": {
        "type": "Point",
        "coordinates": [
          -114.0156688,
          46.6975431
        ]
      }
    },
    {
      "type": "Feature",
      "properties": {
        "file": "leg09_m044_b346_2026-06-17T14-49-24.jpg",
        "leg": "leg09",
        "mark_index": 44,
        "along_track_m": 44.0,
        "achieved_heading": 347.2436579485465,
        "target_bearing": 346.910108267361,
        "fix_type": 6,
        "hacc_m": 0.014,
        "corrupt": false,
        "position_interpolated": true,
        "captured_at_utc": "2026-06-17T20:49:24.969960+00:00"
      },
      "geometry": {
        "type": "Point",
        "coordinates": [
          -114.01567209999999,
          46.697551399999995
        ]
      }
    },
    {
      "type": "Feature",
      "properties": {
        "file": "leg09_m045_b346_2026-06-17T14-49-26.jpg",
        "leg": "leg09",
        "mark_index": 45,
        "along_track_m": 45.0,
        "achieved_heading": 347.740241811159,
        "target_bearing": 346.910108267361,
        "fix_type": 6,
        "hacc_m": 0.014,
        "corrupt": false,
        "position_interpolated": true,
        "captured_at_utc": "2026-06-17T20:49:26.092422+00:00"
      },
      "geometry": {
        "type": "Point",
        "coordinates": [
          -114.015675151257,
          46.69756094003739
        ]
      }
    },
    {
      "type": "Feature",
      "properties": {
        "file": "leg09_m046_b346_2026-06-17T14-49-27.jpg",
        "leg": "leg09",
        "mark_index": 46,
        "along_track_m": 46.0,
        "achieved_heading": 346.79498064984904,
        "target_bearing": 346.910108267361,
        "fix_type": 6,
        "hacc_m": 0.014,
        "corrupt": false,
        "position_interpolated": true,
        "captured_at_utc": "2026-06-17T20:49:27.141780+00:00"
      },
      "geometry": {
        "type": "Point",
        "coordinates": [
          -114.01567829999999,
          46.6975698
        ]
      }
    },
    {
      "type": "Feature",
      "properties": {
        "file": "leg09_m047_b346_2026-06-17T14-49-28.jpg",
        "leg": "leg09",
        "mark_index": 47,
        "along_track_m": 47.0,
        "achieved_heading": 348.39060481651626,
        "target_bearing": 346.910108267361,
        "fix_type": 6,
        "hacc_m": 0.014,
        "corrupt": false,
        "position_interpolated": true,
        "captured_at_utc": "2026-06-17T20:49:28.176579+00:00"
      },
      "geometry": {
        "type": "Point",
        "coordinates": [
          -114.01568139999999,
          46.6975777
        ]
      }
    },
    {
      "type": "Feature",
      "properties": {
        "file": "leg09_m048_b346_2026-06-17T14-49-29.jpg",
        "leg": "leg09",
        "mark_index": 48,
        "along_track_m": 48.0,
        "achieved_heading": 346.11787207335163,
        "target_bearing": 346.910108267361,
        "fix_type": 6,
        "hacc_m": 0.014,
        "corrupt": false,
        "position_interpolated": true,
        "captured_at_utc": "2026-06-17T20:49:29.311517+00:00"
      },
      "geometry": {
        "type": "Point",
        "coordinates": [
          -114.01568448909089,
          46.697587571948034
        ]
      }
    },
    {
      "type": "Feature",
      "properties": {
        "file": "leg09_m049_b346_2026-06-17T14-49-30.jpg",
        "leg": "leg09",
        "mark_index": 49,
        "along_track_m": 49.0,
        "achieved_heading": 346.90663690400817,
        "target_bearing": 346.910108267361,
        "fix_type": 6,
        "hacc_m": 0.014,
        "corrupt": false,
        "position_interpolated": true,
        "captured_at_utc": "2026-06-17T20:49:30.292275+00:00"
      },
      "geometry": {
        "type": "Point",
        "coordinates": [
          -114.01568753065567,
          46.6975954150818
        ]
      }
    },
    {
      "type": "Feature",
      "properties": {
        "file": "leg09_m050_b346_2026-06-17T14-49-31.jpg",
        "leg": "leg09",
        "mark_index": 50,
        "along_track_m": 50.0,
        "achieved_heading": 351.0157086324997,
        "target_bearing": 346.910108267361,
        "fix_type": 6,
        "hacc_m": 0.014,
        "corrupt": false,
        "position_interpolated": true,
        "captured_at_utc": "2026-06-17T20:49:31.486429+00:00"
      },
      "geometry": {
        "type": "Point",
        "coordinates": [
          -114.01569025678538,
          46.69760505511717
        ]
      }
    },
    {
      "type": "Feature",
      "properties": {
        "file": "leg09_m051_b346_2026-06-17T14-49-31.jpg",
        "leg": "leg09",
        "mark_index": 51,
        "along_track_m": 50.547,
        "achieved_heading": 351.75431607825703,
        "target_bearing": 346.910108267361,
        "fix_type": 6,
        "hacc_m": 0.014,
        "corrupt": false,
        "position_interpolated": true,
        "captured_at_utc": "2026-06-17T20:49:31.909742+00:00"
      },
      "geometry": {
        "type": "Point",
        "coordinates": [
          -114.01569099054208,
          46.69760845980392
        ]
      }
    },
    {
      "type": "Feature",
      "properties": {
        "file": "leg10_m000_b076_2026-06-17T14-49-35.jpg",
        "leg": "leg10",
        "mark_index": 0,
        "along_track_m": 0.0,
        "achieved_heading": 75.0299500790743,
        "target_bearing": 76.82976022561888,
        "fix_type": 6,
        "hacc_m": 0.014,
        "corrupt": false,
        "position_interpolated": true,
        "captured_at_utc": "2026-06-17T20:49:35.901694+00:00"
      },
      "geometry": {
        "type": "Point",
        "coordinates": [
          -114.01569199351708,
          46.6976112
        ]
      }
    },
    {
      "type": "Feature",
      "properties": {
        "file": "leg10_m001_b076_2026-06-17T14-49-37.jpg",
        "leg": "leg10",
        "mark_index": 1,
        "along_track_m": 1.0,
        "achieved_heading": 73.81121155305152,
        "target_bearing": 76.82976022561888,
        "fix_type": 6,
        "hacc_m": 0.014,
        "corrupt": false,
        "position_interpolated": true,
        "captured_at_utc": "2026-06-17T20:49:37.575880+00:00"
      },
      "geometry": {
        "type": "Point",
        "coordinates": [
          -114.0156786,
          46.6976142
        ]
      }
    },
    {
      "type": "Feature",
      "properties": {
        "file": "leg10_m002_b076_2026-06-17T14-49-38.jpg",
        "leg": "leg10",
        "mark_index": 2,
        "along_track_m": 2.0,
        "achieved_heading": 81.79807132983666,
        "target_bearing": 76.82976022561888,
        "fix_type": 6,
        "hacc_m": 0.014,
        "corrupt": false,
        "position_interpolated": true,
        "captured_at_utc": "2026-06-17T20:49:38.627639+00:00"
      },
      "geometry": {
        "type": "Point",
        "coordinates": [
          -114.01566518990934,
          46.69761696376133
        ]
      }
    },
    {
      "type": "Feature",
      "properties": {
        "file": "leg10_m003_b076_2026-06-17T14-49-39.jpg",
        "leg": "leg10",
        "mark_index": 3,
        "along_track_m": 3.0,
        "achieved_heading": 85.12220056984717,
        "target_bearing": 76.82976022561888,
        "fix_type": 6,
        "hacc_m": 0.014,
        "corrupt": false,
        "position_interpolated": true,
        "captured_at_utc": "2026-06-17T20:49:39.744687+00:00"
      },
      "geometry": {
        "type": "Point",
        "coordinates": [
          -114.0156528,
          46.6976182
        ]
      }
    },
    {
      "type": "Feature",
      "properties": {
        "file": "leg10_m004_b076_2026-06-17T14-49-40.jpg",
        "leg": "leg10",
        "mark_index": 4,
        "along_track_m": 4.0,
        "achieved_heading": 86.18383406844507,
        "target_bearing": 76.82976022561888,
        "fix_type": 6,
        "hacc_m": 0.014,
        "corrupt": false,
        "position_interpolated": true,
        "captured_at_utc": "2026-06-17T20:49:40.863561+00:00"
      },
      "geometry": {
        "type": "Point",
        "coordinates": [
          -114.01563927781132,
          46.69761937487777
        ]
      }
    },
    {
      "type": "Feature",
      "properties": {
        "file": "leg10_m005_b076_2026-06-17T14-49-41.jpg",
        "leg": "leg10",
        "mark_index": 5,
        "along_track_m": 4.807,
        "achieved_heading": 86.4949501512011,
        "target_bearing": 76.82976022561888,
        "fix_type": 6,
        "hacc_m": 0.014,
        "corrupt": false,
        "position_interpolated": true,
        "captured_at_utc": "2026-06-17T20:49:41.701512+00:00"
      },
      "geometry": {
        "type": "Point",
        "coordinates": [
          -114.01562983995468,
          46.69762008250566
        ]
      }
    },
    {
      "type": "Feature",
      "properties": {
        "file": "leg11_m000_b166_2026-06-17T14-49-45.jpg",
        "leg": "leg11",
        "mark_index": 0,
        "along_track_m": 0.0,
        "achieved_heading": 165.29566918048764,
        "target_bearing": 166.91004512987934,
        "fix_type": 6,
        "hacc_m": 0.014,
        "corrupt": false,
        "position_interpolated": true,
        "captured_at_utc": "2026-06-17T20:49:45.834089+00:00"
      },
      "geometry": {
        "type": "Point",
        "coordinates": [
          -114.0156263,
          46.69762
        ]
      }
    },
    {
      "type": "Feature",
      "properties": {
        "file": "leg11_m001_b166_2026-06-17T14-49-47.jpg",
        "leg": "leg11",
        "mark_index": 1,
        "along_track_m": 1.0,
        "achieved_heading": 159.85102314069798,
        "target_bearing": 166.91004512987934,
        "fix_type": 6,
        "hacc_m": 0.014,
        "corrupt": false,
        "position_interpolated": true,
        "captured_at_utc": "2026-06-17T20:49:47.442344+00:00"
      },
      "geometry": {
        "type": "Point",
        "coordinates": [
          -114.01562132406487,
          46.69761170410091
        ]
      }
    },
    {
      "type": "Feature",
      "properties": {
        "file": "leg11_m002_b166_2026-06-17T14-49-48.jpg",
        "leg": "leg11",
        "mark_index": 2,
        "along_track_m": 2.0,
        "achieved_heading": 167.5685927537716,
        "target_bearing": 166.91004512987934,
        "fix_type": 6,
        "hacc_m": 0.014,
        "corrupt": false,
        "position_interpolated": true,
        "captured_at_utc": "2026-06-17T20:49:48.492354+00:00"
      },
      "geometry": {
        "type": "Point",
        "coordinates": [
          -114.01561692225083,
          46.69760342005151
        ]
      }
    },
    {
      "type": "Feature",
      "properties": {
        "file": "leg11_m003_b166_2026-06-17T14-49-49.jpg",
        "leg": "leg11",
        "mark_index": 3,
        "along_track_m": 3.0,
        "achieved_heading": 175.95824186053372,
        "target_bearing": 166.91004512987934,
        "fix_type": 6,
        "hacc_m": 0.014,
        "corrupt": false,
        "position_interpolated": true,
        "captured_at_utc": "2026-06-17T20:49:49.615532+00:00"
      },
      "geometry": {
        "type": "Point",
        "coordinates": [
          -114.01561424757382,
          46.69759398706043
        ]
      }
    },
    {
      "type": "Feature",
      "properties": {
        "file": "leg11_m004_b166_2026-06-17T14-49-50.jpg",
        "leg": "leg11",
        "mark_index": 4,
        "along_track_m": 4.0,
        "achieved_heading": 175.28438619768036,
        "target_bearing": 166.91004512987934,
        "fix_type": 6,
        "hacc_m": 0.014,
        "corrupt": false,
        "position_interpolated": true,
        "captured_at_utc": "2026-06-17T20:49:50.735600+00:00"
      },
      "geometry": {
        "type": "Point",
        "coordinates": [
          -114.0156129,
          46.6975847
        ]
      }
    },
    {
      "type": "Feature",
      "properties": {
        "file": "leg11_m005_b166_2026-06-17T14-49-51.jpg",
        "leg": "leg11",
        "mark_index": 5,
        "along_track_m": 5.0,
        "achieved_heading": 170.71292446580043,
        "target_bearing": 166.91004512987934,
        "fix_type": 6,
        "hacc_m": 0.014,
        "corrupt": false,
        "position_interpolated": true,
        "captured_at_utc": "2026-06-17T20:49:51.858828+00:00"
      },
      "geometry": {
        "type": "Point",
        "coordinates": [
          -114.01561096246223,
          46.6975754603097
        ]
      }
    },
    {
      "type": "Feature",
      "properties": {
        "file": "leg11_m006_b166_2026-06-17T14-49-53.jpg",
        "leg": "leg11",
        "mark_index": 6,
        "along_track_m": 6.0,
        "achieved_heading": 170.1849047931371,
        "target_bearing": 166.91004512987934,
        "fix_type": 6,
        "hacc_m": 0.014,
        "corrupt": false,
        "position_interpolated": true,
        "captured_at_utc": "2026-06-17T20:49:52.977224+00:00"
      },
      "geometry": {
        "type": "Point",
        "coordinates": [
          -114.0156083,
          46.697567199999995
        ]
      }
    },
    {
      "type": "Feature",
      "properties": {
        "file": "leg11_m007_b166_2026-06-17T14-49-54.jpg",
        "leg": "leg11",
        "mark_index": 7,
        "along_track_m": 7.0,
        "achieved_heading": 170.58305083119922,
        "target_bearing": 166.91004512987934,
        "fix_type": 6,
        "hacc_m": 0.014,
        "corrupt": false,
        "position_interpolated": true,
        "captured_at_utc": "2026-06-17T20:49:54.100623+00:00"
      },
      "geometry": {
        "type": "Point",
        "coordinates": [
          -114.01560534709934,
          46.69755755071792
        ]
      }
    },
    {
      "type": "Feature",
      "properties": {
        "file": "leg11_m008_b166_2026-06-17T14-49-55.jpg",
        "leg": "leg11",
        "mark_index": 8,
        "along_track_m": 8.0,
        "achieved_heading": 171.1215564354065,
        "target_bearing": 166.91004512987934,
        "fix_type": 6,
        "hacc_m": 0.014,
        "corrupt": false,
        "position_interpolated": true,
        "captured_at_utc": "2026-06-17T20:49:55.080761+00:00"
      },
      "geometry": {
        "type": "Point",
        "coordinates": [
          -114.01560337589967,
          46.69754968462376
        ]
      }
    },
    {
      "type": "Feature",
      "properties": {
        "file": "leg11_m009_b166_2026-06-17T14-49-56.jpg",
        "leg": "leg11",
        "mark_index": 9,
        "along_track_m": 9.0,
        "achieved_heading": 169.79345611648426,
        "target_bearing": 166.91004512987934,
        "fix_type": 6,
        "hacc_m": 0.014,
        "corrupt": false,
        "position_interpolated": true,
        "captured_at_utc": "2026-06-17T20:49:56.208071+00:00"
      },
      "geometry": {
        "type": "Point",
        "coordinates": [
          -114.01560099999999,
          46.697541099999995
        ]
      }
    },
    {
      "type": "Feature",
      "properties": {
        "file": "leg11_m010_b166_2026-06-17T14-49-57.jpg",
        "leg": "leg11",
        "mark_index": 10,
        "along_track_m": 10.0,
        "achieved_heading": 168.0698980017093,
        "target_bearing": 166.91004512987934,
        "fix_type": 6,
        "hacc_m": 0.014,
        "corrupt": false,
        "position_interpolated": true,
        "captured_at_utc": "2026-06-17T20:49:57.385218+00:00"
      },
      "geometry": {
        "type": "Point",
        "coordinates": [
          -114.0155984,
          46.6975318
        ]
      }
    },
    {
      "type": "Feature",
      "properties": {
        "file": "leg11_m011_b166_2026-06-17T14-49-58.jpg",
        "leg": "leg11",
        "mark_index": 11,
        "along_track_m": 11.0,
        "achieved_heading": 166.78440065210862,
        "target_bearing": 166.91004512987934,
        "fix_type": 6,
        "hacc_m": 0.014,
        "corrupt": false,
        "position_interpolated": true,
        "captured_at_utc": "2026-06-17T20:49:58.294930+00:00"
      },
      "geometry": {
        "type": "Point",
        "coordinates": [
          -114.01559547559536,
          46.69752379438807
        ]
      }
    },
    {
      "type": "Feature",
      "properties": {
        "file": "leg11_m012_b166_2026-06-17T14-49-59.jpg",
        "leg": "leg11",
        "mark_index": 12,
        "along_track_m": 12.0,
        "achieved_heading": 167.0344302397981,
        "target_bearing": 166.91004512987934,
        "fix_type": 6,
        "hacc_m": 0.014,
        "corrupt": false,
        "position_interpolated": true,
        "captured_at_utc": "2026-06-17T20:49:59.479691+00:00"
      },
      "geometry": {
        "type": "Point",
        "coordinates": [
          -114.01559247703825,
          46.697514161930094
        ]
      }
    },
    {
      "type": "Feature",
      "properties": {
        "file": "leg11_m013_b166_2026-06-17T14-50-00.jpg",
        "leg": "leg11",
        "mark_index": 13,
        "along_track_m": 13.0,
        "achieved_heading": 167.08162354491233,
        "target_bearing": 166.91004512987934,
        "fix_type": 6,
        "hacc_m": 0.014,
        "corrupt": false,
        "position_interpolated": true,
        "captured_at_utc": "2026-06-17T20:50:00.532921+00:00"
      },
      "geometry": {
        "type": "Point",
        "coordinates": [
          -114.01558949999999,
          46.6975057
        ]
      }
    },
    {
      "type": "Feature",
      "properties": {
        "file": "leg11_m014_b166_2026-06-17T14-50-01.jpg",
        "leg": "leg11",
        "mark_index": 14,
        "along_track_m": 14.0,
        "achieved_heading": 169.07393857296518,
        "target_bearing": 166.91004512987934,
        "fix_type": 6,
        "hacc_m": 0.014,
        "corrupt": false,
        "position_interpolated": true,
        "captured_at_utc": "2026-06-17T20:50:01.663802+00:00"
      },
      "geometry": {
        "type": "Point",
        "coordinates": [
          -114.0155861215293,
          46.697496488893755
        ]
      }
    },
    {
      "type": "Feature",
      "properties": {
        "file": "leg11_m015_b166_2026-06-17T14-50-02.jpg",
        "leg": "leg11",
        "mark_index": 15,
        "along_track_m": 15.0,
        "achieved_heading": 168.5135250644912,
        "target_bearing": 166.91004512987934,
        "fix_type": 6,
        "hacc_m": 0.014,
        "corrupt": false,
        "position_interpolated": true,
        "captured_at_utc": "2026-06-17T20:50:02.639613+00:00"
      },
      "geometry": {
        "type": "Point",
        "coordinates": [
          -114.015583682907,
          46.69748832188387
        ]
      }
    },
    {
      "type": "Feature",
      "properties": {
        "file": "leg11_m016_b166_2026-06-17T14-50-03.jpg",
        "leg": "leg11",
        "mark_index": 16,
        "along_track_m": 16.0,
        "achieved_heading": 169.0443422420435,
        "target_bearing": 166.91004512987934,
        "fix_type": 6,
        "hacc_m": 0.014,
        "corrupt": false,
        "position_interpolated": true,
        "captured_at_utc": "2026-06-17T20:50:03.684134+00:00"
      },
      "geometry": {
        "type": "Point",
        "coordinates": [
          -114.01558097437461,
          46.697479952873714
        ]
      }
    },
    {
      "type": "Feature",
      "properties": {
        "file": "leg11_m017_b166_2026-06-17T14-50-05.jpg",
        "leg": "leg11",
        "mark_index": 17,
        "along_track_m": 17.0,
        "achieved_heading": 167.65346961657582,
        "target_bearing": 166.91004512987934,
        "fix_type": 6,
        "hacc_m": 0.014,
        "corrupt": false,
        "position_interpolated": true,
        "captured_at_utc": "2026-06-17T20:50:04.938488+00:00"
      },
      "geometry": {
        "type": "Point",
        "coordinates": [
          -114.01557749999999,
          46.697469899999994
        ]
      }
    },
    {
      "type": "Feature",
      "properties": {
        "file": "leg11_m018_b166_2026-06-17T14-50-05.jpg",
        "leg": "leg11",
        "mark_index": 18,
        "along_track_m": 18.0,
        "achieved_heading": 166.9747198750836,
        "target_bearing": 166.91004512987934,
        "fix_type": 6,
        "hacc_m": 0.014,
        "corrupt": false,
        "position_interpolated": true,
        "captured_at_utc": "2026-06-17T20:50:05.923344+00:00"
      },
      "geometry": {
        "type": "Point",
        "coordinates": [
          -114.01557489999999,
          46.6974617
        ]
      }
    },
    {
      "type": "Feature",
      "properties": {
        "file": "leg11_m019_b166_2026-06-17T14-50-07.jpg",
        "leg": "leg11",
        "mark_index": 19,
        "along_track_m": 19.0,
        "achieved_heading": 167.71337082816572,
        "target_bearing": 166.91004512987934,
        "fix_type": 6,
        "hacc_m": 0.014,
        "corrupt": false,
        "position_interpolated": true,
        "captured_at_utc": "2026-06-17T20:50:06.982394+00:00"
      },
      "geometry": {
        "type": "Point",
        "coordinates": [
          -114.01557199999999,
          46.6974534
        ]
      }
    },
    {
      "type": "Feature",
      "properties": {
        "file": "leg11_m020_b166_2026-06-17T14-50-08.jpg",
        "leg": "leg11",
        "mark_index": 20,
        "along_track_m": 20.0,
        "achieved_heading": 166.5610394105355,
        "target_bearing": 166.91004512987934,
        "fix_type": 6,
        "hacc_m": 0.014,
        "corrupt": false,
        "position_interpolated": true,
        "captured_at_utc": "2026-06-17T20:50:08.174773+00:00"
      },
      "geometry": {
        "type": "Point",
        "coordinates": [
          -114.0155686,
          46.697443799999995
        ]
      }
    },
    {
      "type": "Feature",
      "properties": {
        "file": "leg11_m021_b166_2026-06-17T14-50-09.jpg",
        "leg": "leg11",
        "mark_index": 21,
        "along_track_m": 21.0,
        "achieved_heading": 168.03166418555176,
        "target_bearing": 166.91004512987934,
        "fix_type": 6,
        "hacc_m": 0.014,
        "corrupt": false,
        "position_interpolated": true,
        "captured_at_utc": "2026-06-17T20:50:09.151455+00:00"
      },
      "geometry": {
        "type": "Point",
        "coordinates": [
          -114.0155655,
          46.6974355
        ]
      }
    },
    {
      "type": "Feature",
      "properties": {
        "file": "leg11_m022_b166_2026-06-17T14-50-10.jpg",
        "leg": "leg11",
        "mark_index": 22,
        "along_track_m": 22.0,
        "achieved_heading": 168.359026703114,
        "target_bearing": 166.91004512987934,
        "fix_type": 6,
        "hacc_m": 0.014,
        "corrupt": false,
        "position_interpolated": true,
        "captured_at_utc": "2026-06-17T20:50:10.280098+00:00"
      },
      "geometry": {
        "type": "Point",
        "coordinates": [
          -114.01556220618916,
          46.69742625788795
        ]
      }
    },
    {
      "type": "Feature",
      "properties": {
        "file": "leg11_m023_b166_2026-06-17T14-50-11.jpg",
        "leg": "leg11",
        "mark_index": 23,
        "along_track_m": 23.0,
        "achieved_heading": 169.78678448117978,
        "target_bearing": 166.91004512987934,
        "fix_type": 6,
        "hacc_m": 0.014,
        "corrupt": false,
        "position_interpolated": true,
        "captured_at_utc": "2026-06-17T20:50:11.321512+00:00"
      },
      "geometry": {
        "type": "Point",
        "coordinates": [
          -114.0155597,
          46.697418
        ]
      }
    },
    {
      "type": "Feature",
      "properties": {
        "file": "leg11_m024_b166_2026-06-17T14-50-12.jpg",
        "leg": "leg11",
        "mark_index": 24,
        "along_track_m": 24.0,
        "achieved_heading": 168.35012469563134,
        "target_bearing": 166.91004512987934,
        "fix_type": 6,
        "hacc_m": 0.014,
        "corrupt": false,
        "position_interpolated": true,
        "captured_at_utc": "2026-06-17T20:50:12.439373+00:00"
      },
      "geometry": {
        "type": "Point",
        "coordinates": [
          -114.01555641823158,
          46.69740897624213
        ]
      }
    },
    {
      "type": "Feature",
      "properties": {
        "file": "leg11_m025_b166_2026-06-17T14-50-13.jpg",
        "leg": "leg11",
        "mark_index": 25,
        "along_track_m": 25.0,
        "achieved_heading": 168.64671332447378,
        "target_bearing": 166.91004512987934,
        "fix_type": 6,
        "hacc_m": 0.014,
        "corrupt": false,
        "position_interpolated": true,
        "captured_at_utc": "2026-06-17T20:50:13.562371+00:00"
      },
      "geometry": {
        "type": "Point",
        "coordinates": [
          -114.0155533,
          46.697400599999995
        ]
      }
    },
    {
      "type": "Feature",
      "properties": {
        "file": "leg11_m026_b166_2026-06-17T14-50-14.jpg",
        "leg": "leg11",
        "mark_index": 26,
        "along_track_m": 26.0,
        "achieved_heading": 168.8360007317263,
        "target_bearing": 166.91004512987934,
        "fix_type": 6,
        "hacc_m": 0.014,
        "corrupt": false,
        "position_interpolated": true,
        "captured_at_utc": "2026-06-17T20:50:14.536055+00:00"
      },
      "geometry": {
        "type": "Point",
        "coordinates": [
          -114.01555069999999,
          46.697392199999996
        ]
      }
    },
    {
      "type": "Feature",
      "properties": {
        "file": "leg11_m027_b166_2026-06-17T14-50-15.jpg",
        "leg": "leg11",
        "mark_index": 27,
        "along_track_m": 27.0,
        "achieved_heading": 168.71090981120523,
        "target_bearing": 166.91004512987934,
        "fix_type": 6,
        "hacc_m": 0.014,
        "corrupt": false,
        "position_interpolated": true,
        "captured_at_utc": "2026-06-17T20:50:15.662801+00:00"
      },
      "geometry": {
        "type": "Point",
        "coordinates": [
          -114.01554759465913,
          46.69738295497171
        ]
      }
    },
    {
      "type": "Feature",
      "properties": {
        "file": "leg11_m028_b166_2026-06-17T14-50-16.jpg",
        "leg": "leg11",
        "mark_index": 28,
        "along_track_m": 28.0,
        "achieved_heading": 166.19922740859647,
        "target_bearing": 166.91004512987934,
        "fix_type": 6,
        "hacc_m": 0.014,
        "corrupt": false,
        "position_interpolated": true,
        "captured_at_utc": "2026-06-17T20:50:16.713736+00:00"
      },
      "geometry": {
        "type": "Point",
        "coordinates": [
          -114.0155446,
          46.697374499999995
        ]
      }
    },
    {
      "type": "Feature",
      "properties": {
        "file": "leg11_m029_b166_2026-06-17T14-50-17.jpg",
        "leg": "leg11",
        "mark_index": 29,
        "along_track_m": 29.0,
        "achieved_heading": 168.09996631334985,
        "target_bearing": 166.91004512987934,
        "fix_type": 6,
        "hacc_m": 0.014,
        "corrupt": false,
        "position_interpolated": true,
        "captured_at_utc": "2026-06-17T20:50:17.907308+00:00"
      },
      "geometry": {
        "type": "Point",
        "coordinates": [
          -114.01554080710076,
          46.69736503195344
        ]
      }
    },
    {
      "type": "Feature",
      "properties": {
        "file": "leg11_m030_b166_2026-06-17T14-50-19.jpg",
        "leg": "leg11",
        "mark_index": 30,
        "along_track_m": 30.0,
        "achieved_heading": 168.94391488997573,
        "target_bearing": 166.91004512987934,
        "fix_type": 6,
        "hacc_m": 0.014,
        "corrupt": false,
        "position_interpolated": true,
        "captured_at_utc": "2026-06-17T20:50:19.030820+00:00"
      },
      "geometry": {
        "type": "Point",
        "coordinates": [
          -114.0155382,
          46.697356899999996
        ]
      }
    },
    {
      "type": "Feature",
      "properties": {
        "file": "leg11_m031_b166_2026-06-17T14-50-19.jpg",
        "leg": "leg11",
        "mark_index": 31,
        "along_track_m": 31.0,
        "achieved_heading": 168.0150778639685,
        "target_bearing": 166.91004512987934,
        "fix_type": 6,
        "hacc_m": 0.014,
        "corrupt": false,
        "position_interpolated": true,
        "captured_at_utc": "2026-06-17T20:50:19.946944+00:00"
      },
      "geometry": {
        "type": "Point",
        "coordinates": [
          -114.0155353,
          46.6973486
        ]
      }
    },
    {
      "type": "Feature",
      "properties": {
        "file": "leg11_m032_b166_2026-06-17T14-50-21.jpg",
        "leg": "leg11",
        "mark_index": 32,
        "along_track_m": 32.0,
        "achieved_heading": 168.55628599262656,
        "target_bearing": 166.91004512987934,
        "fix_type": 6,
        "hacc_m": 0.014,
        "corrupt": false,
        "position_interpolated": true,
        "captured_at_utc": "2026-06-17T20:50:21.066640+00:00"
      },
      "geometry": {
        "type": "Point",
        "coordinates": [
          -114.01553176375019,
          46.69733919767906
        ]
      }
    },
    {
      "type": "Feature",
      "properties": {
        "file": "leg11_m033_b166_2026-06-17T14-50-22.jpg",
        "leg": "leg11",
        "mark_index": 33,
        "along_track_m": 33.0,
        "achieved_heading": 169.10433123793916,
        "target_bearing": 166.91004512987934,
        "fix_type": 6,
        "hacc_m": 0.014,
        "corrupt": false,
        "position_interpolated": true,
        "captured_at_utc": "2026-06-17T20:50:22.120773+00:00"
      },
      "geometry": {
        "type": "Point",
        "coordinates": [
          -114.01552900558686,
          46.69733041899531
        ]
      }
    },
    {
      "type": "Feature",
      "properties": {
        "file": "leg11_m034_b166_2026-06-17T14-50-23.jpg",
        "leg": "leg11",
        "mark_index": 34,
        "along_track_m": 34.0,
        "achieved_heading": 168.01770802205232,
        "target_bearing": 166.91004512987934,
        "fix_type": 6,
        "hacc_m": 0.014,
        "corrupt": false,
        "position_interpolated": true,
        "captured_at_utc": "2026-06-17T20:50:22.968689+00:00"
      },
      "geometry": {
        "type": "Point",
        "coordinates": [
          -114.01552679737344,
          46.697323036853575
        ]
      }
    },
    {
      "type": "Feature",
      "properties": {
        "file": "leg11_m035_b166_2026-06-17T14-50-24.jpg",
        "leg": "leg11",
        "mark_index": 35,
        "along_track_m": 35.0,
        "achieved_heading": 167.83175810526885,
        "target_bearing": 166.91004512987934,
        "fix_type": 6,
        "hacc_m": 0.014,
        "corrupt": false,
        "position_interpolated": true,
        "captured_at_utc": "2026-06-17T20:50:24.289014+00:00"
      },
      "geometry": {
        "type": "Point",
        "coordinates": [
          -114.015522748551,
          46.697312306341814
        ]
      }
    },
    {
      "type": "Feature",
      "properties": {
        "file": "leg11_m036_b166_2026-06-17T14-50-25.jpg",
        "leg": "leg11",
        "mark_index": 36,
        "along_track_m": 36.0,
        "achieved_heading": 169.01869554117047,
        "target_bearing": 166.91004512987934,
        "fix_type": 6,
        "hacc_m": 0.014,
        "corrupt": false,
        "position_interpolated": true,
        "captured_at_utc": "2026-06-17T20:50:25.335854+00:00"
      },
      "geometry": {
        "type": "Point",
        "coordinates": [
          -114.01552,
          46.6973038
        ]
      }
    },
    {
      "type": "Feature",
      "properties": {
        "file": "leg11_m037_b166_2026-06-17T14-50-26.jpg",
        "leg": "leg11",
        "mark_index": 37,
        "along_track_m": 37.0,
        "achieved_heading": 167.67282187183298,
        "target_bearing": 166.91004512987934,
        "fix_type": 6,
        "hacc_m": 0.014,
        "corrupt": false,
        "position_interpolated": true,
        "captured_at_utc": "2026-06-17T20:50:26.235981+00:00"
      },
      "geometry": {
        "type": "Point",
        "coordinates": [
          -114.01551784124102,
          46.697296043309414
        ]
      }
    },
    {
      "type": "Feature",
      "properties": {
        "file": "leg11_m038_b166_2026-06-17T14-50-27.jpg",
        "leg": "leg11",
        "mark_index": 38,
        "along_track_m": 38.0,
        "achieved_heading": 168.2786717398633,
        "target_bearing": 166.91004512987934,
        "fix_type": 6,
        "hacc_m": 0.014,
        "corrupt": false,
        "position_interpolated": true,
        "captured_at_utc": "2026-06-17T20:50:27.365970+00:00"
      },
      "geometry": {
        "type": "Point",
        "coordinates": [
          -114.0155147,
          46.6972868
        ]
      }
    },
    {
      "type": "Feature",
      "properties": {
        "file": "leg11_m039_b166_2026-06-17T14-50-28.jpg",
        "leg": "leg11",
        "mark_index": 39,
        "along_track_m": 39.0,
        "achieved_heading": 167.36912592295525,
        "target_bearing": 166.91004512987934,
        "fix_type": 6,
        "hacc_m": 0.014,
        "corrupt": false,
        "position_interpolated": true,
        "captured_at_utc": "2026-06-17T20:50:28.423259+00:00"
      },
      "geometry": {
        "type": "Point",
        "coordinates": [
          -114.01551187646658,
          46.69727778332199
        ]
      }
    },
    {
      "type": "Feature",
      "properties": {
        "file": "leg11_m040_b166_2026-06-17T14-50-29.jpg",
        "leg": "leg11",
        "mark_index": 40,
        "along_track_m": 40.0,
        "achieved_heading": 166.2323437720915,
        "target_bearing": 166.91004512987934,
        "fix_type": 6,
        "hacc_m": 0.014,
        "corrupt": false,
        "position_interpolated": true,
        "captured_at_utc": "2026-06-17T20:50:29.399022+00:00"
      },
      "geometry": {
        "type": "Point",
        "coordinates": [
          -114.01550880659246,
          46.69726931318493
        ]
      }
    },
    {
      "type": "Feature",
      "properties": {
        "file": "leg11_m042_b166_2026-06-17T14-50-35.jpg",
        "leg": "leg11",
        "mark_index": 42,
        "along_track_m": 42.0,
        "achieved_heading": 169.5976222437256,
        "target_bearing": 166.91004512987934,
        "fix_type": 6,
        "hacc_m": 0.014,
        "corrupt": false,
        "position_interpolated": true,
        "captured_at_utc": "2026-06-17T20:50:34.851973+00:00"
      },
      "geometry": {
        "type": "Point",
        "coordinates": [
          -114.0155022,
          46.6972506
        ]
      }
    },
    {
      "type": "Feature",
      "properties": {
        "file": "leg11_m043_b166_2026-06-17T14-50-37.jpg",
        "leg": "leg11",
        "mark_index": 43,
        "along_track_m": 43.0,
        "achieved_heading": 169.16190148878198,
        "target_bearing": 166.91004512987934,
        "fix_type": 6,
        "hacc_m": 0.014,
        "corrupt": false,
        "position_interpolated": true,
        "captured_at_utc": "2026-06-17T20:50:36.950163+00:00"
      },
      "geometry": {
        "type": "Point",
        "coordinates": [
          -114.01549949999999,
          46.6972428
        ]
      }
    },
    {
      "type": "Feature",
      "properties": {
        "file": "leg11_m044_b166_2026-06-17T14-50-37.jpg",
        "leg": "leg11",
        "mark_index": 44,
        "along_track_m": 44.0,
        "achieved_heading": 168.11800442352143,
        "target_bearing": 166.91004512987934,
        "fix_type": 6,
        "hacc_m": 0.014,
        "corrupt": false,
        "position_interpolated": true,
        "captured_at_utc": "2026-06-17T20:50:37.943292+00:00"
      },
      "geometry": {
        "type": "Point",
        "coordinates": [
          -114.01549689999999,
          46.6972344
        ]
      }
    },
    {
      "type": "Feature",
      "properties": {
        "file": "leg11_m045_b166_2026-06-17T14-50-38.jpg",
        "leg": "leg11",
        "mark_index": 45,
        "along_track_m": 45.0,
        "achieved_heading": 166.93098058891997,
        "target_bearing": 166.91004512987934,
        "fix_type": 6,
        "hacc_m": 0.014,
        "corrupt": false,
        "position_interpolated": true,
        "captured_at_utc": "2026-06-17T20:50:38.987138+00:00"
      },
      "geometry": {
        "type": "Point",
        "coordinates": [
          -114.0154941,
          46.6972259
        ]
      }
    },
    {
      "type": "Feature",
      "properties": {
        "file": "leg11_m046_b166_2026-06-17T14-50-40.jpg",
        "leg": "leg11",
        "mark_index": 46,
        "along_track_m": 46.0,
        "achieved_heading": 168.23982402966146,
        "target_bearing": 166.91004512987934,
        "fix_type": 6,
        "hacc_m": 0.014,
        "corrupt": false,
        "position_interpolated": true,
        "captured_at_utc": "2026-06-17T20:50:40.109876+00:00"
      },
      "geometry": {
        "type": "Point",
        "coordinates": [
          -114.01549023163717,
          46.697216079092975
        ]
      }
    },
    {
      "type": "Feature",
      "properties": {
        "file": "leg11_m047_b166_2026-06-17T14-50-41.jpg",
        "leg": "leg11",
        "mark_index": 47,
        "along_track_m": 47.0,
        "achieved_heading": 170.14849540030826,
        "target_bearing": 166.91004512987934,
        "fix_type": 6,
        "hacc_m": 0.014,
        "corrupt": false,
        "position_interpolated": true,
        "captured_at_utc": "2026-06-17T20:50:41.150341+00:00"
      },
      "geometry": {
        "type": "Point",
        "coordinates": [
          -114.0154877,
          46.6972078
        ]
      }
    },
    {
      "type": "Feature",
      "properties": {
        "file": "leg11_m048_b166_2026-06-17T14-50-42.jpg",
        "leg": "leg11",
        "mark_index": 48,
        "along_track_m": 48.0,
        "achieved_heading": 168.04017722601867,
        "target_bearing": 166.91004512987934,
        "fix_type": 6,
        "hacc_m": 0.014,
        "corrupt": false,
        "position_interpolated": true,
        "captured_at_utc": "2026-06-17T20:50:42.135940+00:00"
      },
      "geometry": {
        "type": "Point",
        "coordinates": [
          -114.01548509999999,
          46.6971993
        ]
      }
    },
    {
      "type": "Feature",
      "properties": {
        "file": "leg11_m049_b166_2026-06-17T14-50-43.jpg",
        "leg": "leg11",
        "mark_index": 49,
        "along_track_m": 49.0,
        "achieved_heading": 168.10799558369686,
        "target_bearing": 166.91004512987934,
        "fix_type": 6,
        "hacc_m": 0.014,
        "corrupt": false,
        "position_interpolated": true,
        "captured_at_utc": "2026-06-17T20:50:43.191862+00:00"
      },
      "geometry": {
        "type": "Point",
        "coordinates": [
          -114.01548174759581,
          46.69719042848434
        ]
      }
    },
    {
      "type": "Feature",
      "properties": {
        "file": "leg11_m050_b166_2026-06-17T14-50-44.jpg",
        "leg": "leg11",
        "mark_index": 50,
        "along_track_m": 50.0,
        "achieved_heading": 167.14733749888853,
        "target_bearing": 166.91004512987934,
        "fix_type": 6,
        "hacc_m": 0.014,
        "corrupt": false,
        "position_interpolated": true,
        "captured_at_utc": "2026-06-17T20:50:43.896477+00:00"
      },
      "geometry": {
        "type": "Point",
        "coordinates": [
          -114.01547973635633,
          46.697184616340245
        ]
      }
    }
  ]
}